INFO     Logging in...
INFO     Logging in to local server...
INFO     Searching for ranked gen9randombattle match
INFO     Initialized battle-gen9randombattle-76 against: VanillaMCTS
INFO     Opponent has switched - clearing the last used move
INFO     keldeoresolute switched in, adding intimidate to impossible abilities
INFO     keldeoresolute switched in, adding pressure to impossible abilities
INFO     keldeoresolute switched in, adding neutralizinggas to impossible abilities
INFO     keldeoresolute switched in, adding sandstream to impossible abilities
INFO     keldeoresolute switched in, adding drought to impossible abilities
INFO     keldeoresolute switched in, adding drizzle to impossible abilities
INFO     keldeoresolute switched in, adding snowwarning to impossible abilities
INFO     keldeoresolute switched in, adding boosterenergy to impossible items
INFO     keldeoresolute switched in, adding airballoon to impossible items
INFO     
INFO     Turn: 1
INFO     Sampling battle 0
INFO     	 keldeoresolute    justified    leftovers [calmmind, secretsword, substitute, surf] ttype=steel
INFO     Sampling 5 unrevealed pokemon
INFO     	      excadrill  moldbreaker  assaultvest [earthquake, ironhead, rapidspin, rockslide] ttype=water
INFO     	       swampert      torrent    leftovers [earthquake, flipturn, icebeam, stealthrock] ttype=steel
INFO     	 ninetalesalola  snowwarning    lightclay [auroraveil, blizzard, moonblast, nastyplot] ttype=steel
INFO     	         gengar   cursedbody      lifeorb [encore, focusblast, shadowball, sludgewave] ttype=ghost
INFO     	       illumise    prankster heavydutyboots [bugbuzz, encore, roost, thunderwave] ttype=water
INFO     Sampling battle 1
INFO     	 keldeoresolute    justified      lifeorb [airslash, calmmind, hydropump, secretsword] ttype=fighting
INFO     Sampling 5 unrevealed pokemon
INFO     	   lycanrocdusk   toughclaws      lifeorb [closecombat, psychicfangs, stoneedge, swordsdance] ttype=fighting
INFO     	    gougingfire protosynthesis heavydutyboots [dragondance, heatcrash, morningsun, outrage] ttype=fairy
INFO     	     masquerain   intimidate heavydutyboots [bugbuzz, hurricane, hydropump, stunspore] ttype=ground
INFO     	        grumpig     thickfat    leftovers [earthpower, nastyplot, psychic, shadowball] ttype=ground
INFO     	       basculin adaptability   choiceband [aquajet, doubleedge, flipturn, wavecrash] ttype=water
INFO     Sampling battle 2
INFO     	 keldeoresolute    justified  choicespecs [airslash, flipturn, hydropump, secretsword] ttype=water
INFO     Sampling 5 unrevealed pokemon
INFO     	  arceuspsychic    multitype    mindplate [bodypress, cosmicpower, recover, storedpower] ttype=steel
INFO     	      exeggutor      harvest  sitrusberry [calmmind, gigadrain, psyshock, substitute] ttype=steel
INFO     	    arceuswater    multitype  splashplate [calmmind, icebeam, judgment, recover] ttype=steel
INFO     	       rayquaza      airlock   loadeddice [dragonascent, earthquake, scaleshot, swordsdance] ttype=flying
INFO     	   crabominable     ironfist   choiceband [drainpunch, earthquake, icehammer, knockoff] ttype=ground
INFO     Sampling battle 3
INFO     	 keldeoresolute    justified    leftovers [calmmind, secretsword, substitute, surf] ttype=steel
INFO     Sampling 5 unrevealed pokemon
INFO     	      cryogonal     levitate heavydutyboots [flashcannon, freezedry, haze, recover] ttype=steel
INFO     	        kingdra       sniper     lumberry [dragondance, ironhead, outrage, wavecrash] ttype=steel
INFO     	      hydreigon     levitate  choicescarf [darkpulse, dracometeor, fireblast, flashcannon] ttype=dragon
INFO     	ursalunabloodmoon     mindseye    leftovers [bloodmoon, calmmind, earthpower, moonlight] ttype=poison
INFO     	     typhlosion        blaze  choicespecs [eruption, fireblast, focusblast, scorchingsands] ttype=fire
INFO     Searching for a move using PUCT MCTS with neural priors...
INFO     Sampling 4 battles at 250ms each
INFO     Computing neural priors for all battles...
INFO     Initialized StateTranslator with TeamPreviewObservationSpace
INFO     Initializing LocalPolicyProvider with model: Abra
Gym has been unmaintained since 2022 and does not support NumPy 2.0 amongst other critical functionality.
Please upgrade to Gymnasium, the maintained drop-in replacement of Gym, or contact the authors of your software and request that they upgrade.
Users of this version of Gym should be able to simply replace 'import gym' with 'import gymnasium as gym' in the vast majority of cases.
See the migration guide at https://gymnasium.farama.org/introduction/migration_guide/ for additional information.
INFO     Loading pretrained Abra model...
INFO     CUDA not available - overriding FlashAttention with VanillaAttention
[91mWarning: Using unofficial VanillaAttention implementation[0m


 		 AMAGO v3.1
            	 -------------------------
            	 Agent: MultiTaskAgent
            		 Max Sequence Length: 200
            		 TstepEncoder Type: MetamonTstepEncoder
            		 TrajEncoder Type: TformerTrajEncoder
            		 Total Parameters: 57,535,116
            		 Offline Loss Weight: 1.0
            		 Online Loss Weight: 0.0
            		 Mixed Precision: NO
            		 Checkpoint Path: /Users/yadureddy/Documents/GitHub/clean/pokeagent_ac_mcts/.metamon_cache/pretrained_models/models--jakegrigsby--metamon/snapshots/c5d1cb9abb6747066a325228845a5a8af3d12139/abra/abra/ckpts
            	 Environment:
            		 DummyAsyncVectorEnv(Gym Env x 1)
            		 Exploration Type: None
            	 Dataset: DoNothingDataset
            	 Accelerate Processes: 1 


INFO     Successfully loaded Abra model
ERROR    Error translating battle to observation: 
WARNING  Failed to get priors for battle: 
ERROR    Error translating battle to observation: 
WARNING  Failed to get priors for battle: 
ERROR    Error translating battle to observation: 
WARNING  Failed to get priors for battle: 
ERROR    Error translating battle to observation: 
WARNING  Failed to get priors for battle: 
INFO     Successfully computed neural priors for 0/4 battles
INFO     Using PUCT-guided move selection (priors integrated during search)...
INFO     Policy 0: swordsdance visited 67.48% avg_score=0.623 sample_chance_multiplier=0.25
INFO     Policy 1: swordsdance visited 56.12% avg_score=0.439 sample_chance_multiplier=0.25
INFO     Policy 2: bravebird visited 98.3% avg_score=0.483 sample_chance_multiplier=0.25
INFO     Policy 3: swordsdance visited 96.19% avg_score=0.556 sample_chance_multiplier=0.25
INFO     Considered Choices:
INFO     	54.996%: swordsdance
INFO     Choice: swordsdance
INFO     Updated keldeoresolute's min speed to 235
INFO     keldeoresolute used a water move, removing watergem from possible items
INFO     Setting keldeoresolute's last used move: hydropump
INFO     keldeoresolute used a damaging move - not guessing lifeorb anymore
INFO     Opponent keldeoresolute could not have gone first - setting it's item to choicescarf
INFO     keldeoresolute did 70.30999999999999% damage to hawlucha with hydropump
INFO     hawlucha already has the move swordsdance. Decrementing the PP by 1
INFO     hawlucha using swordsdance makes it unlikely to have a choice item. Setting can_have_choice_item to False
INFO     hawlucha used a status-move. Adding `assaultvest` to impossible items
INFO     Setting hawlucha's last used move: swordsdance
INFO     hawlucha's attack was boosted by 2 to 2
INFO     
INFO     Turn: 2
INFO     Sampling battle 0
INFO     	 keldeoresolute    justified  choicescarf [airslash, flipturn, hydropump, secretsword] ttype=fighting
INFO     Sampling 5 unrevealed pokemon
INFO     	      electrode    aftermath heavydutyboots [foulplay, thunderbolt, thunderwave, voltswitch] ttype=electric
INFO     	       porygon2     download     eviolite [discharge, icebeam, recover, triattack] ttype=ghost
INFO     	     victreebel  chlorophyll      lifeorb [knockoff, powerwhip, sludgewave, strengthsap] ttype=grass
INFO     	        wochien tabletsofruin    leftovers [gigadrain, knockoff, leechseed, protect] ttype=poison
INFO     	lycanrocmidnight      noguard      lifeorb [closecombat, stealthrock, stoneedge, suckerpunch] ttype=fighting
INFO     Sampling battle 1
INFO     	 keldeoresolute    justified  choicescarf [airslash, flipturn, hydropump, secretsword] ttype=water
INFO     Sampling 5 unrevealed pokemon
INFO     	      rotomheat     levitate heavydutyboots [overheat, painsplit, thunderbolt, voltswitch] ttype=fire
INFO     	      girafarig    sapsipper     eviolite [dazzlinggleam, nastyplot, psychic, thunderbolt] ttype=electric
INFO     	        dedenne   cheekpouch  sitrusberry [dazzlinggleam, nuzzle, thunderbolt, uturn] ttype=flying
INFO     	        weezing     levitate    leftovers [fireblast, gunkshot, painsplit, toxicspikes] ttype=steel
INFO     	       hawlucha     unburden    whiteherb [acrobatics, bravebird, closecombat, swordsdance] ttype=fighting
INFO     Searching for a move using PUCT MCTS with neural priors...
INFO     Sampling 2 battles at 500ms each
INFO     Computing neural priors for all battles...
INFO     Initialized StateTranslator with TeamPreviewObservationSpace
INFO     Initializing LocalPolicyProvider with model: Abra
INFO     Loading pretrained Abra model...
INFO     CUDA not available - overriding FlashAttention with VanillaAttention
[91mWarning: Using unofficial VanillaAttention implementation[0m


 		 AMAGO v3.1
            	 -------------------------
            	 Agent: MultiTaskAgent
            		 Max Sequence Length: 200
            		 TstepEncoder Type: MetamonTstepEncoder
            		 TrajEncoder Type: TformerTrajEncoder
            		 Total Parameters: 57,535,116
            		 Offline Loss Weight: 1.0
            		 Online Loss Weight: 0.0
            		 Mixed Precision: NO
            		 Checkpoint Path: /Users/yadureddy/Documents/GitHub/clean/pokeagent_ac_mcts/.metamon_cache/pretrained_models/models--jakegrigsby--metamon/snapshots/c5d1cb9abb6747066a325228845a5a8af3d12139/abra/abra/ckpts
            	 Environment:
            		 DummyAsyncVectorEnv(Gym Env x 1)
            		 Exploration Type: None
            	 Dataset: DoNothingDataset
            	 Accelerate Processes: 1 


INFO     Successfully loaded Abra model
ERROR    Error translating battle to observation: 
WARNING  Failed to get priors for battle: 
ERROR    Error translating battle to observation: 
WARNING  Failed to get priors for battle: 
INFO     Successfully computed neural priors for 0/2 battles
INFO     Using PUCT-guided move selection (priors integrated during search)...
INFO     Policy 0: switch eelektross visited 83.02% avg_score=0.291 sample_chance_multiplier=0.5
INFO     Policy 1: switch eelektross visited 94.09% avg_score=0.36 sample_chance_multiplier=0.5
INFO     Considered Choices:
INFO     	88.556%: switch eelektross
INFO     Choice: switch eelektross
INFO     eelektross switched in, adding intimidate to impossible abilities
INFO     eelektross switched in, adding pressure to impossible abilities
INFO     eelektross switched in, adding neutralizinggas to impossible abilities
INFO     eelektross switched in, adding sandstream to impossible abilities
INFO     eelektross switched in, adding drought to impossible abilities
INFO     eelektross switched in, adding drizzle to impossible abilities
INFO     eelektross switched in, adding snowwarning to impossible abilities
INFO     eelektross switched in, adding boosterenergy to impossible items
INFO     eelektross switched in, adding airballoon to impossible items
INFO     keldeoresolute already has the move hydropump. Decrementing the PP by 1
INFO     keldeoresolute used a water move, removing watergem from possible items
INFO     Setting keldeoresolute's last used move: hydropump
INFO     keldeoresolute used a damaging move - not guessing lifeorb anymore
INFO     keldeoresolute did 30.34% damage to eelektross with hydropump
INFO     
INFO     Turn: 3
INFO     Sampling battle 0
INFO     	 keldeoresolute    justified  choicescarf [airslash, flipturn, hydropump, secretsword] ttype=water
INFO     Sampling 5 unrevealed pokemon
INFO     	      girafarig    sapsipper     eviolite [nastyplot, psyshock, shadowball, thunderbolt] ttype=electric
INFO     	        groudon      drought    leftovers [heatcrash, precipiceblades, roar, stealthrock] ttype=fire
INFO     	           uxie     levitate    leftovers [encore, psychicnoise, stealthrock, yawn] ttype=electric
INFO     	      hitmonlee     unburden    whiteherb [closecombat, knockoff, poisonjab, swordsdance] ttype=poison
INFO     	         goodra    sapsipper  assaultvest [dracometeor, dragontail, fireblast, sludgebomb] ttype=fire
INFO     Sampling battle 1
INFO     	 keldeoresolute    justified  choicescarf [airslash, flipturn, hydropump, secretsword] ttype=fighting
INFO     Sampling 5 unrevealed pokemon
INFO     	        urshifu   unseenfist   choiceband [closecombat, suckerpunch, uturn, wickedblow] ttype=dark
INFO     	   moltresgalar      berserk  chestoberry [fierywrath, hurricane, nastyplot, rest] ttype=steel
INFO     	         komala     comatose  choicescarf [doubleedge, knockoff, superpower, woodhammer] ttype=grass
INFO     	      excadrill  moldbreaker    leftovers [earthquake, ironhead, rapidspin, swordsdance] ttype=ground
INFO     	        leafeon  chlorophyll    leftovers [knockoff, leafblade, substitute, swordsdance] ttype=dark
INFO     Searching for a move using PUCT MCTS with neural priors...
INFO     Sampling 2 battles at 500ms each
INFO     Computing neural priors for all battles...
INFO     Initialized StateTranslator with TeamPreviewObservationSpace
INFO     Initializing LocalPolicyProvider with model: Abra
INFO     Loading pretrained Abra model...
INFO     CUDA not available - overriding FlashAttention with VanillaAttention
[91mWarning: Using unofficial VanillaAttention implementation[0m


 		 AMAGO v3.1
            	 -------------------------
            	 Agent: MultiTaskAgent
            		 Max Sequence Length: 200
            		 TstepEncoder Type: MetamonTstepEncoder
            		 TrajEncoder Type: TformerTrajEncoder
            		 Total Parameters: 57,535,116
            		 Offline Loss Weight: 1.0
            		 Online Loss Weight: 0.0
            		 Mixed Precision: NO
            		 Checkpoint Path: /Users/yadureddy/Documents/GitHub/clean/pokeagent_ac_mcts/.metamon_cache/pretrained_models/models--jakegrigsby--metamon/snapshots/c5d1cb9abb6747066a325228845a5a8af3d12139/abra/abra/ckpts
            	 Environment:
            		 DummyAsyncVectorEnv(Gym Env x 1)
            		 Exploration Type: None
            	 Dataset: DoNothingDataset
            	 Accelerate Processes: 1 


INFO     Successfully loaded Abra model
ERROR    Error translating battle to observation: 
WARNING  Failed to get priors for battle: 
ERROR    Error translating battle to observation: 
WARNING  Failed to get priors for battle: 
INFO     Successfully computed neural priors for 0/2 battles
INFO     Using PUCT-guided move selection (priors integrated during search)...
INFO     Policy 0: flamethrower visited 60.29% avg_score=0.522 sample_chance_multiplier=0.5
INFO     Policy 1: discharge visited 40.18% avg_score=0.548 sample_chance_multiplier=0.5
INFO     Considered Choices:
INFO     	47.514%: flamethrower
INFO     	35.766%: discharge
INFO     Choice: flamethrower
INFO     Opponent has switched - clearing the last used move
INFO     magmortar switched in, adding intimidate to impossible abilities
INFO     magmortar switched in, adding pressure to impossible abilities
INFO     magmortar switched in, adding neutralizinggas to impossible abilities
INFO     magmortar switched in, adding sandstream to impossible abilities
INFO     magmortar switched in, adding drought to impossible abilities
INFO     magmortar switched in, adding drizzle to impossible abilities
INFO     magmortar switched in, adding snowwarning to impossible abilities
INFO     magmortar switched in, adding boosterenergy to impossible items
INFO     magmortar switched in, adding airballoon to impossible items
INFO     eelektross already has the move flamethrower. Decrementing the PP by 1
INFO     eelektross used a fire move, removing firegem from possible items
INFO     Setting eelektross's last used move: flamethrower
INFO     eelektross used a damaging move - not guessing lifeorb anymore
INFO     eelektross did 12.0% damage to magmortar with flamethrower
INFO     magmortar has less than maxhp during upkeep, no longer guessing leftovers or blacksludge
INFO     
INFO     Turn: 4
INFO     Sampling battle 0
INFO     	      magmortar    flamebody heavydutyboots [fireblast, knockoff, scorchingsands, thunderbolt] ttype=water
INFO     	 keldeoresolute    justified  choicescarf [airslash, flipturn, hydropump, secretsword] ttype=water
INFO     Sampling 4 unrevealed pokemon
INFO     	       orthworm   eartheater    leftovers [bodypress, heavyslam, shedtail, stealthrock] ttype=electric
INFO     	       samurott      torrent      lifeorb [aquajet, knockoff, liquidation, swordsdance] ttype=water
INFO     	     arceusfire    multitype   flameplate [extremespeed, flareblitz, recover, swordsdance] ttype=fire
INFO     	         arceus    multitype      lifeorb [earthquake, extremespeed, recover, swordsdance] ttype=normal
INFO     Sampling battle 1
INFO     	      magmortar    flamebody heavydutyboots [fireblast, knockoff, scorchingsands, thunderbolt] ttype=water
INFO     	 keldeoresolute    justified  choicescarf [airslash, flipturn, hydropump, secretsword] ttype=water
INFO     Sampling 4 unrevealed pokemon
INFO     	      metagross    clearbody    leftovers [earthquake, heavyslam, knockoff, stealthrock] ttype=water
INFO     	        leafeon  chlorophyll      lifeorb [doubleedge, knockoff, leafblade, swordsdance] ttype=normal
INFO     	         komala     comatose   choiceband [doubleedge, earthquake, knockoff, uturn] ttype=ground
INFO     	        glaceon      icebody heavydutyboots [freezedry, mudshot, protect, wish] ttype=ground
INFO     Sampling battle 2
INFO     	      magmortar    flamebody heavydutyboots [fireblast, focusblast, taunt, thunderbolt] ttype=fighting
INFO     	 keldeoresolute    justified  choicescarf [airslash, flipturn, hydropump, secretsword] ttype=fighting
INFO     Sampling 4 unrevealed pokemon
INFO     	         flygon     levitate     lumberry [dragondance, earthquake, outrage, stoneedge] ttype=ground
INFO     	    kyuremwhite   turboblaze  choicespecs [dracometeor, earthpower, freezedry, fusionflare] ttype=dragon
INFO     	      cramorant  gulpmissile heavydutyboots [bravebird, defog, roost, surf] ttype=ground
INFO     	   weezinggalar     levitate    leftovers [defog, fireblast, gunkshot, strangesteam] ttype=steel
INFO     Sampling battle 3
INFO     	      magmortar    flamebody heavydutyboots [fireblast, knockoff, scorchingsands, thunderbolt] ttype=electric
INFO     	 keldeoresolute    justified  choicescarf [airslash, flipturn, hydropump, secretsword] ttype=fighting
INFO     Sampling 4 unrevealed pokemon
INFO     	      ironhands   quarkdrive    leftovers [drainpunch, icepunch, swordsdance, thunderpunch] ttype=fighting
INFO     	  zaciancrowned intrepidsword  rustedsword [behemothblade, closecombat, playrough, swordsdance] ttype=fighting
INFO     	        noctowl   tintedlens heavydutyboots [defog, hurricane, hypervoice, roost] ttype=steel
INFO     	       tornadus      defiant  choicespecs [bleakwindstorm, grassknot, heatwave, uturn] ttype=fire
INFO     Searching for a move using PUCT MCTS with neural priors...
INFO     Sampling 4 battles at 250ms each
INFO     Computing neural priors for all battles...
INFO     Initialized StateTranslator with TeamPreviewObservationSpace
INFO     Initializing LocalPolicyProvider with model: Abra
INFO     Loading pretrained Abra model...
INFO     CUDA not available - overriding FlashAttention with VanillaAttention
[91mWarning: Using unofficial VanillaAttention implementation[0m


 		 AMAGO v3.1
            	 -------------------------
            	 Agent: MultiTaskAgent
            		 Max Sequence Length: 200
            		 TstepEncoder Type: MetamonTstepEncoder
            		 TrajEncoder Type: TformerTrajEncoder
            		 Total Parameters: 57,535,116
            		 Offline Loss Weight: 1.0
            		 Online Loss Weight: 0.0
            		 Mixed Precision: NO
            		 Checkpoint Path: /Users/yadureddy/Documents/GitHub/clean/pokeagent_ac_mcts/.metamon_cache/pretrained_models/models--jakegrigsby--metamon/snapshots/c5d1cb9abb6747066a325228845a5a8af3d12139/abra/abra/ckpts
            	 Environment:
            		 DummyAsyncVectorEnv(Gym Env x 1)
            		 Exploration Type: None
            	 Dataset: DoNothingDataset
            	 Accelerate Processes: 1 


INFO     Successfully loaded Abra model
ERROR    Error translating battle to observation: 
WARNING  Failed to get priors for battle: 
ERROR    Error translating battle to observation: 
WARNING  Failed to get priors for battle: 
ERROR    Error translating battle to observation: 
WARNING  Failed to get priors for battle: 
ERROR    Error translating battle to observation: 
WARNING  Failed to get priors for battle: 
INFO     Successfully computed neural priors for 0/4 battles
INFO     Using PUCT-guided move selection (priors integrated during search)...
INFO     Policy 0: switch flareon visited 47.59% avg_score=0.491 sample_chance_multiplier=0.25
INFO     Policy 1: discharge visited 47.68% avg_score=0.519 sample_chance_multiplier=0.25
INFO     Policy 2: uturn visited 50.95% avg_score=0.531 sample_chance_multiplier=0.25
INFO     Policy 3: uturn visited 73.03% avg_score=0.481 sample_chance_multiplier=0.25
INFO     Considered Choices:
INFO     	40.941%: uturn
INFO     Choice: uturn
INFO     Updated magmortar's min speed to 137
INFO     magmortar used a fire move, removing firegem from possible items
INFO     Setting magmortar's last used move: fireblast
INFO     magmortar used a damaging move - not guessing lifeorb anymore
INFO     magmortar did 38.62% damage to eelektross with fireblast
INFO     eelektross already has the move uturn. Decrementing the PP by 1
INFO     eelektross used a bug move, removing buggem from possible items
INFO     Setting eelektross's last used move: uturn
INFO     eelektross used a damaging move - not guessing lifeorb anymore
INFO     eelektross did 13.0% damage to magmortar with uturn
INFO     eelektross got status: brn
INFO     No longer guessing lumberry because eelektross got status brn
INFO     Setting eelektross's ability to: flamebody
INFO     Sampling battle 0
INFO     	      magmortar    flamebody heavydutyboots [fireblast, knockoff, taunt, thunderbolt] ttype=electric
INFO     	 keldeoresolute    justified  choicescarf [airslash, flipturn, hydropump, secretsword] ttype=fighting
INFO     Sampling 4 unrevealed pokemon
INFO     	         zarude    leafguard  choicescarf [closecombat, knockoff, powerwhip, uturn] ttype=dark
INFO     	      indeedeef psychicsurge      lifeorb [calmmind, dazzlinggleam, hypervoice, psychic] ttype=fairy
INFO     	      munkidori   toxicchain  choicespecs [focusblast, psyshock, sludgewave, uturn] ttype=fighting
INFO     	      greattusk protosynthesis boosterenergy [bulkup, closecombat, earthquake, rapidspin] ttype=steel
INFO     Sampling battle 1
INFO     	      magmortar    flamebody heavydutyboots [fireblast, focusblast, scorchingsands, taunt] ttype=fighting
INFO     	 keldeoresolute    justified  choicescarf [airslash, flipturn, hydropump, secretsword] ttype=water
INFO     Sampling 4 unrevealed pokemon
INFO     	      indeedeef psychicsurge  choicescarf [dazzlinggleam, healingwish, hypervoice, psyshock] ttype=psychic
INFO     	 oricoriopompom       dancer heavydutyboots [hurricane, quiverdance, revelationdance, roost] ttype=ground
INFO     	       skuntank    aftermath    focussash [gunkshot, knockoff, taunt, toxicspikes] ttype=poison
INFO     	     krookodile   intimidate      lifeorb [bulkup, earthquake, knockoff, stoneedge] ttype=ground
INFO     Searching for a move using PUCT MCTS with neural priors...
INFO     Sampling 2 battles at 500ms each
INFO     Computing neural priors for all battles...
INFO     Initialized StateTranslator with TeamPreviewObservationSpace
INFO     Initializing LocalPolicyProvider with model: Abra
INFO     Loading pretrained Abra model...
INFO     CUDA not available - overriding FlashAttention with VanillaAttention
[91mWarning: Using unofficial VanillaAttention implementation[0m


 		 AMAGO v3.1
            	 -------------------------
            	 Agent: MultiTaskAgent
            		 Max Sequence Length: 200
            		 TstepEncoder Type: MetamonTstepEncoder
            		 TrajEncoder Type: TformerTrajEncoder
            		 Total Parameters: 57,535,116
            		 Offline Loss Weight: 1.0
            		 Online Loss Weight: 0.0
            		 Mixed Precision: NO
            		 Checkpoint Path: /Users/yadureddy/Documents/GitHub/clean/pokeagent_ac_mcts/.metamon_cache/pretrained_models/models--jakegrigsby--metamon/snapshots/c5d1cb9abb6747066a325228845a5a8af3d12139/abra/abra/ckpts
            	 Environment:
            		 DummyAsyncVectorEnv(Gym Env x 1)
            		 Exploration Type: None
            	 Dataset: DoNothingDataset
            	 Accelerate Processes: 1 


INFO     Successfully loaded Abra model
ERROR    Error translating battle to observation: 
WARNING  Failed to get priors for battle: 
ERROR    Error translating battle to observation: 
WARNING  Failed to get priors for battle: 
INFO     Successfully computed neural priors for 0/2 battles
INFO     Using PUCT-guided move selection (priors integrated during search)...
INFO     Policy 0: switch flareon visited 98.74% avg_score=0.645 sample_chance_multiplier=0.5
INFO     Policy 1: switch flareon visited 97.23% avg_score=0.582 sample_chance_multiplier=0.5
INFO     Considered Choices:
INFO     	97.982%: switch flareon
INFO     Choice: switch flareon
INFO     flareon switched in, adding intimidate to impossible abilities
INFO     flareon switched in, adding pressure to impossible abilities
INFO     flareon switched in, adding neutralizinggas to impossible abilities
INFO     flareon switched in, adding sandstream to impossible abilities
INFO     flareon switched in, adding drought to impossible abilities
INFO     flareon switched in, adding drizzle to impossible abilities
INFO     flareon switched in, adding snowwarning to impossible abilities
INFO     flareon switched in, adding boosterenergy to impossible items
INFO     flareon switched in, adding airballoon to impossible items
INFO     flareon got status: tox
INFO     No longer guessing lumberry because flareon got status tox
INFO     magmortar has less than maxhp during upkeep, no longer guessing leftovers or blacksludge
INFO     
INFO     Turn: 5
INFO     Sampling battle 0
INFO     	      magmortar    flamebody heavydutyboots [fireblast, focusblast, knockoff, thunderbolt] ttype=electric
INFO     	 keldeoresolute    justified  choicescarf [airslash, flipturn, hydropump, secretsword] ttype=fighting
INFO     Sampling 4 unrevealed pokemon
INFO     	       leavanny        swarm heavydutyboots [knockoff, leafblade, lunge, swordsdance] ttype=ghost
INFO     	      exeggutor      harvest  sitrusberry [calmmind, gigadrain, psyshock, substitute] ttype=steel
INFO     	       alcremie    aromaveil    leftovers [acidarmor, calmmind, dazzlinggleam, recover] ttype=steel
INFO     	      excadrill  moldbreaker  assaultvest [earthquake, ironhead, rapidspin, rockslide] ttype=grass
INFO     Sampling battle 1
INFO     	      magmortar    flamebody heavydutyboots [fireblast, knockoff, thunderbolt, willowisp] ttype=electric
INFO     	 keldeoresolute    justified  choicescarf [airslash, flipturn, hydropump, secretsword] ttype=fighting
INFO     Sampling 4 unrevealed pokemon
INFO     	    slitherwing protosynthesis      lifeorb [closecombat, earthquake, firstimpression, wildcharge] ttype=bug
INFO     	 ninetalesalola  snowwarning heavydutyboots [blizzard, encore, moonblast, nastyplot] ttype=steel
INFO     	       gumshoos     stakeout   choiceband [doubleedge, earthquake, knockoff, uturn] ttype=normal
INFO     	        malamar     contrary    leftovers [knockoff, rest, sleeptalk, superpower] ttype=fighting
INFO     Searching for a move using PUCT MCTS with neural priors...
INFO     Sampling 2 battles at 500ms each
INFO     Computing neural priors for all battles...
INFO     Initialized StateTranslator with TeamPreviewObservationSpace
INFO     Initializing LocalPolicyProvider with model: Abra
INFO     Loading pretrained Abra model...
INFO     CUDA not available - overriding FlashAttention with VanillaAttention
[91mWarning: Using unofficial VanillaAttention implementation[0m


 		 AMAGO v3.1
            	 -------------------------
            	 Agent: MultiTaskAgent
            		 Max Sequence Length: 200
            		 TstepEncoder Type: MetamonTstepEncoder
            		 TrajEncoder Type: TformerTrajEncoder
            		 Total Parameters: 57,535,116
            		 Offline Loss Weight: 1.0
            		 Online Loss Weight: 0.0
            		 Mixed Precision: NO
            		 Checkpoint Path: /Users/yadureddy/Documents/GitHub/clean/pokeagent_ac_mcts/.metamon_cache/pretrained_models/models--jakegrigsby--metamon/snapshots/c5d1cb9abb6747066a325228845a5a8af3d12139/abra/abra/ckpts
            	 Environment:
            		 DummyAsyncVectorEnv(Gym Env x 1)
            		 Exploration Type: None
            	 Dataset: DoNothingDataset
            	 Accelerate Processes: 1 


INFO     Successfully loaded Abra model
ERROR    Error translating battle to observation: 
WARNING  Failed to get priors for battle: 
ERROR    Error translating battle to observation: 
WARNING  Failed to get priors for battle: 
INFO     Successfully computed neural priors for 0/2 battles
INFO     Using PUCT-guided move selection (priors integrated during search)...
INFO     Policy 0: facade visited 52.2% avg_score=0.634 sample_chance_multiplier=0.5
INFO     Policy 1: facade visited 98.08% avg_score=0.637 sample_chance_multiplier=0.5
INFO     Considered Choices:
INFO     	75.141%: facade
INFO     Choice: facade
INFO     Updated magmortar's min speed to 168
INFO     magmortar used two different moves - it cannot have a choice item
INFO     magmortar used a ground move, removing groundgem from possible items
INFO     Setting magmortar's last used move: earthquake
INFO     magmortar used a damaging move - not guessing lifeorb anymore
INFO     magmortar did 68.44% damage to flareon with earthquake
INFO     flareon already has the move facade. Decrementing the PP by 1
INFO     flareon used a normal move, removing normalgem from possible items
INFO     Setting flareon's last used move: facade
INFO     flareon used a damaging move - not guessing lifeorb anymore
INFO     flareon did 75.0% damage to magmortar with facade
INFO     magmortar has less than maxhp during upkeep, no longer guessing leftovers or blacksludge
INFO     Opponent has switched - clearing the last used move
INFO     arcanine switched in, adding intimidate to impossible abilities
INFO     arcanine switched in, adding pressure to impossible abilities
INFO     arcanine switched in, adding neutralizinggas to impossible abilities
INFO     arcanine switched in, adding sandstream to impossible abilities
INFO     arcanine switched in, adding drought to impossible abilities
INFO     arcanine switched in, adding drizzle to impossible abilities
INFO     arcanine switched in, adding snowwarning to impossible abilities
INFO     arcanine switched in, adding boosterenergy to impossible items
INFO     arcanine switched in, adding airballoon to impossible items
INFO     Setting arcanine's ability to intimidate
INFO     flareon's attack was unboosted by 1 to -1
INFO     
INFO     Turn: 6
INFO     Sampling battle 0
INFO     	       arcanine   intimidate heavydutyboots [closecombat, extremespeed, flareblitz, morningsun] ttype=normal
INFO     	 keldeoresolute    justified  choicescarf [airslash, flipturn, hydropump, secretsword] ttype=water
INFO     Sampling 3 unrevealed pokemon
INFO     	        bisharp      defiant     eviolite [ironhead, stealthrock, suckerpunch, throatchop] ttype=ghost
INFO     	      salamence        moxie heavydutyboots [dragondance, dualwingbeat, earthquake, outrage] ttype=steel
INFO     	      piloswine     thickfat     eviolite [earthquake, iciclecrash, roar, stealthrock] ttype=poison
INFO     Sampling battle 1
INFO     	       arcanine   intimidate heavydutyboots [closecombat, extremespeed, flareblitz, morningsun] ttype=fighting
INFO     	 keldeoresolute    justified  choicescarf [airslash, flipturn, hydropump, secretsword] ttype=fighting
INFO     Sampling 3 unrevealed pokemon
INFO     	      ironcrown   quarkdrive    leftovers [calmmind, focusblast, psyshock, tachyoncutter] ttype=fighting
INFO     	       quagsire      unaware    leftovers [earthquake, recover, spikes, toxic] ttype=steel
INFO     	  braviaryhisui   sheerforce      lifeorb [agility, heatwave, hurricane, psychic] ttype=fire
INFO     Sampling battle 2
INFO     	       arcanine   intimidate heavydutyboots [extremespeed, flareblitz, morningsun, willowisp] ttype=normal
INFO     	 keldeoresolute    justified  choicescarf [airslash, flipturn, hydropump, secretsword] ttype=fighting
INFO     Sampling 3 unrevealed pokemon
INFO     	          klawf   angershell  sitrusberry [crabhammer, highhorsepower, stoneedge, swordsdance] ttype=rock
INFO     	        manaphy    hydration    leftovers [energyball, icebeam, surf, tailglow] ttype=grass
INFO     	      dunsparce  serenegrace     eviolite [bodyslam, coil, earthquake, roost] ttype=ground
INFO     Sampling battle 3
INFO     	       arcanine   intimidate heavydutyboots [closecombat, flareblitz, morningsun, roar] ttype=fighting
INFO     	 keldeoresolute    justified  choicescarf [airslash, flipturn, hydropump, secretsword] ttype=water
INFO     Sampling 3 unrevealed pokemon
INFO     	     wigglytuff  competitive    leftovers [alluringvoice, fireblast, knockoff, thunderwave] ttype=poison
INFO     	      sandslash     sandrush    leftovers [earthquake, rapidspin, stoneedge, swordsdance] ttype=dragon
INFO     	        ogerpon      defiant      lifeorb [ivycudgel, knockoff, spikes, superpower] ttype=grass
INFO     Searching for a move using PUCT MCTS with neural priors...
INFO     Sampling 4 battles at 250ms each
INFO     Computing neural priors for all battles...
INFO     Initialized StateTranslator with TeamPreviewObservationSpace
INFO     Initializing LocalPolicyProvider with model: Abra
INFO     Loading pretrained Abra model...
INFO     CUDA not available - overriding FlashAttention with VanillaAttention
[91mWarning: Using unofficial VanillaAttention implementation[0m


 		 AMAGO v3.1
            	 -------------------------
            	 Agent: MultiTaskAgent
            		 Max Sequence Length: 200
            		 TstepEncoder Type: MetamonTstepEncoder
            		 TrajEncoder Type: TformerTrajEncoder
            		 Total Parameters: 57,535,116
            		 Offline Loss Weight: 1.0
            		 Online Loss Weight: 0.0
            		 Mixed Precision: NO
            		 Checkpoint Path: /Users/yadureddy/Documents/GitHub/clean/pokeagent_ac_mcts/.metamon_cache/pretrained_models/models--jakegrigsby--metamon/snapshots/c5d1cb9abb6747066a325228845a5a8af3d12139/abra/abra/ckpts
            	 Environment:
            		 DummyAsyncVectorEnv(Gym Env x 1)
            		 Exploration Type: None
            	 Dataset: DoNothingDataset
            	 Accelerate Processes: 1 


INFO     Successfully loaded Abra model
ERROR    Error translating battle to observation: 
WARNING  Failed to get priors for battle: 
ERROR    Error translating battle to observation: 
WARNING  Failed to get priors for battle: 
ERROR    Error translating battle to observation: 
WARNING  Failed to get priors for battle: 
ERROR    Error translating battle to observation: 
WARNING  Failed to get priors for battle: 
INFO     Successfully computed neural priors for 0/4 battles
INFO     Using PUCT-guided move selection (priors integrated during search)...
INFO     Policy 0: switch luvdisc visited 75.3% avg_score=0.454 sample_chance_multiplier=0.25
INFO     Policy 1: switch eelektross visited 60.24% avg_score=0.393 sample_chance_multiplier=0.25
INFO     Policy 2: switch eelektross visited 96.76% avg_score=0.686 sample_chance_multiplier=0.25
INFO     Policy 3: switch luvdisc visited 76.17% avg_score=0.519 sample_chance_multiplier=0.25
INFO     Considered Choices:
INFO     	45.396%: switch eelektross
INFO     	40.091%: switch luvdisc
INFO     Choice: switch luvdisc
INFO     Opponent has switched - clearing the last used move
INFO     whiscash switched in, adding intimidate to impossible abilities
INFO     whiscash switched in, adding pressure to impossible abilities
INFO     whiscash switched in, adding neutralizinggas to impossible abilities
INFO     whiscash switched in, adding sandstream to impossible abilities
INFO     whiscash switched in, adding drought to impossible abilities
INFO     whiscash switched in, adding drizzle to impossible abilities
INFO     whiscash switched in, adding snowwarning to impossible abilities
INFO     whiscash switched in, adding boosterenergy to impossible items
INFO     whiscash switched in, adding airballoon to impossible items
INFO     luvdisc switched in, adding intimidate to impossible abilities
INFO     luvdisc switched in, adding pressure to impossible abilities
INFO     luvdisc switched in, adding neutralizinggas to impossible abilities
INFO     luvdisc switched in, adding sandstream to impossible abilities
INFO     luvdisc switched in, adding drought to impossible abilities
INFO     luvdisc switched in, adding drizzle to impossible abilities
INFO     luvdisc switched in, adding snowwarning to impossible abilities
INFO     luvdisc switched in, adding boosterenergy to impossible items
INFO     luvdisc switched in, adding airballoon to impossible items
INFO     
INFO     Turn: 7
INFO     Sampling battle 0
INFO     	       whiscash    oblivious      lifeorb [dragondance, earthquake, liquidation, stoneedge] ttype=steel
INFO     	 keldeoresolute    justified  choicescarf [airslash, flipturn, hydropump, secretsword] ttype=water
INFO     	       arcanine   intimidate heavydutyboots [closecombat, flareblitz, morningsun, roar] ttype=fighting
INFO     Sampling 2 unrevealed pokemon
INFO     	      ironhands   quarkdrive  assaultvest [drainpunch, fakeout, thunderpunch, voltswitch] ttype=fighting
INFO     	       cyclizar  regenerator heavydutyboots [dracometeor, knockoff, shedtail, taunt] ttype=steel
INFO     Sampling battle 1
INFO     	       whiscash    oblivious    leftovers [earthquake, hydropump, icebeam, stealthrock] ttype=poison
INFO     	 keldeoresolute    justified  choicescarf [airslash, flipturn, hydropump, secretsword] ttype=water
INFO     	       arcanine   intimidate heavydutyboots [closecombat, flareblitz, morningsun, willowisp] ttype=fighting
INFO     Sampling 2 unrevealed pokemon
INFO     	    ironjugulis   quarkdrive  choicespecs [darkpulse, fireblast, hurricane, hydropump] ttype=flying
INFO     	  zaciancrowned intrepidsword  rustedsword [behemothblade, closecombat, playrough, swordsdance] ttype=fighting
INFO     Searching for a move using PUCT MCTS with neural priors...
INFO     Sampling 2 battles at 500ms each
INFO     Computing neural priors for all battles...
INFO     Initialized StateTranslator with TeamPreviewObservationSpace
INFO     Initializing LocalPolicyProvider with model: Abra
INFO     Loading pretrained Abra model...
INFO     CUDA not available - overriding FlashAttention with VanillaAttention
[91mWarning: Using unofficial VanillaAttention implementation[0m


 		 AMAGO v3.1
            	 -------------------------
            	 Agent: MultiTaskAgent
            		 Max Sequence Length: 200
            		 TstepEncoder Type: MetamonTstepEncoder
            		 TrajEncoder Type: TformerTrajEncoder
            		 Total Parameters: 57,535,116
            		 Offline Loss Weight: 1.0
            		 Online Loss Weight: 0.0
            		 Mixed Precision: NO
            		 Checkpoint Path: /Users/yadureddy/Documents/GitHub/clean/pokeagent_ac_mcts/.metamon_cache/pretrained_models/models--jakegrigsby--metamon/snapshots/c5d1cb9abb6747066a325228845a5a8af3d12139/abra/abra/ckpts
            	 Environment:
            		 DummyAsyncVectorEnv(Gym Env x 1)
            		 Exploration Type: None
            	 Dataset: DoNothingDataset
            	 Accelerate Processes: 1 


INFO     Successfully loaded Abra model
ERROR    Error translating battle to observation: 
WARNING  Failed to get priors for battle: 
ERROR    Error translating battle to observation: 
WARNING  Failed to get priors for battle: 
INFO     Successfully computed neural priors for 0/2 battles
INFO     Using PUCT-guided move selection (priors integrated during search)...
INFO     Policy 0: substitute visited 79.1% avg_score=0.336 sample_chance_multiplier=0.5
INFO     Policy 1: switch beartic visited 35.89% avg_score=0.355 sample_chance_multiplier=0.5
INFO     Considered Choices:
INFO     	40.241%: substitute
INFO     Choice: substitute
INFO     Updated whiscash's max speed to 251
INFO     luvdisc already has the move substitute. Decrementing the PP by 1
INFO     luvdisc using substitute makes it unlikely to have a choice item. Setting can_have_choice_item to False
INFO     luvdisc used a status-move. Adding `assaultvest` to impossible items
INFO     Setting luvdisc's last used move: substitute
INFO     Starting the volatile status substitute on luvdisc
INFO     luvdisc started a substitute - setting substitute_hit to False
INFO     whiscash used a status-move. Adding `assaultvest` to impossible items
INFO     Setting whiscash's last used move: stealthrock
INFO     Incremented side condition stealthrock to 1 for luvdisc
INFO     
INFO     Turn: 8
INFO     Sampling battle 0
INFO     	       whiscash    oblivious    leftovers [earthquake, hydropump, spikes, stealthrock] ttype=poison
INFO     	 keldeoresolute    justified  choicescarf [airslash, flipturn, hydropump, secretsword] ttype=water
INFO     	       arcanine   intimidate heavydutyboots [closecombat, flareblitz, morningsun, willowisp] ttype=fighting
INFO     Sampling 2 unrevealed pokemon
INFO     	        jolteon   voltabsorb      lifeorb [alluringvoice, calmmind, shadowball, thunderbolt] ttype=electric
INFO     	         zacian intrepidsword      lifeorb [closecombat, playrough, psychicfangs, swordsdance] ttype=fighting
INFO     Sampling battle 1
INFO     	       whiscash    oblivious    leftovers [earthquake, hydropump, spikes, stealthrock] ttype=poison
INFO     	 keldeoresolute    justified  choicescarf [airslash, flipturn, hydropump, secretsword] ttype=fighting
INFO     	       arcanine   intimidate heavydutyboots [extremespeed, flareblitz, morningsun, willowisp] ttype=normal
INFO     Sampling 2 unrevealed pokemon
INFO     	       braviary      defiant heavydutyboots [bravebird, bulkup, closecombat, roost] ttype=fighting
INFO     	      hitmonlee     reckless   choiceband [highjumpkick, knockoff, machpunch, poisonjab] ttype=fighting
INFO     Searching for a move using PUCT MCTS with neural priors...
INFO     Sampling 2 battles at 500ms each
INFO     Computing neural priors for all battles...
INFO     Initialized StateTranslator with TeamPreviewObservationSpace
INFO     Initializing LocalPolicyProvider with model: Abra
INFO     Loading pretrained Abra model...
INFO     CUDA not available - overriding FlashAttention with VanillaAttention
[91mWarning: Using unofficial VanillaAttention implementation[0m


 		 AMAGO v3.1
            	 -------------------------
            	 Agent: MultiTaskAgent
            		 Max Sequence Length: 200
            		 TstepEncoder Type: MetamonTstepEncoder
            		 TrajEncoder Type: TformerTrajEncoder
            		 Total Parameters: 57,535,116
            		 Offline Loss Weight: 1.0
            		 Online Loss Weight: 0.0
            		 Mixed Precision: NO
            		 Checkpoint Path: /Users/yadureddy/Documents/GitHub/clean/pokeagent_ac_mcts/.metamon_cache/pretrained_models/models--jakegrigsby--metamon/snapshots/c5d1cb9abb6747066a325228845a5a8af3d12139/abra/abra/ckpts
            	 Environment:
            		 DummyAsyncVectorEnv(Gym Env x 1)
            		 Exploration Type: None
            	 Dataset: DoNothingDataset
            	 Accelerate Processes: 1 


INFO     Successfully loaded Abra model
ERROR    Error translating battle to observation: 
WARNING  Failed to get priors for battle: 
ERROR    Error translating battle to observation: 
WARNING  Failed to get priors for battle: 
INFO     Successfully computed neural priors for 0/2 battles
INFO     Using PUCT-guided move selection (priors integrated during search)...
INFO     Policy 0: endeavor visited 96.88% avg_score=0.387 sample_chance_multiplier=0.5
INFO     Policy 1: endeavor visited 50.97% avg_score=0.356 sample_chance_multiplier=0.5
INFO     Considered Choices:
INFO     	73.924%: endeavor
INFO     Choice: endeavor
INFO     Opponent has switched - clearing the last used move
INFO     breloom switched in, adding intimidate to impossible abilities
INFO     breloom switched in, adding pressure to impossible abilities
INFO     breloom switched in, adding neutralizinggas to impossible abilities
INFO     breloom switched in, adding sandstream to impossible abilities
INFO     breloom switched in, adding drought to impossible abilities
INFO     breloom switched in, adding drizzle to impossible abilities
INFO     breloom switched in, adding snowwarning to impossible abilities
INFO     breloom switched in, adding boosterenergy to impossible items
INFO     breloom switched in, adding airballoon to impossible items
INFO     luvdisc already has the move endeavor. Decrementing the PP by 1
INFO     luvdisc used a normal move, removing normalgem from possible items
INFO     Setting luvdisc's last used move: endeavor
INFO     luvdisc used a damaging move - not guessing lifeorb anymore
INFO     luvdisc did 20.0% damage to breloom with endeavor
INFO     breloom has less than maxhp during upkeep, no longer guessing leftovers or blacksludge
INFO     
INFO     Turn: 9
INFO     Sampling battle 0
INFO     	        breloom   technician      lifeorb [bulletseed, machpunch, rocktomb, spore] ttype=rock
INFO     	 keldeoresolute    justified  choicescarf [airslash, flipturn, hydropump, secretsword] ttype=fighting
INFO     	       arcanine   intimidate heavydutyboots [extremespeed, flareblitz, morningsun, roar] ttype=normal
INFO     	       whiscash    oblivious    leftovers [earthquake, hydropump, spikes, stealthrock] ttype=steel
INFO     Sampling 1 unrevealed pokemon
INFO     	        gliscor   poisonheal     toxicorb [earthquake, knockoff, protect, toxicspikes] ttype=water
INFO     Sampling battle 1
INFO     	        breloom   technician      lifeorb [bulletseed, machpunch, spore, swordsdance] ttype=fighting
INFO     	 keldeoresolute    justified  choicescarf [airslash, flipturn, hydropump, secretsword] ttype=water
INFO     	       arcanine   intimidate heavydutyboots [extremespeed, flareblitz, morningsun, willowisp] ttype=normal
INFO     	       whiscash    oblivious    leftovers [earthquake, icebeam, spikes, stealthrock] ttype=ghost
INFO     Sampling 1 unrevealed pokemon
INFO     	squawkabillywhite       hustle heavydutyboots [bravebird, foulplay, partingshot, quickattack] ttype=flying
INFO     Searching for a move using PUCT MCTS with neural priors...
INFO     Sampling 2 battles at 500ms each
INFO     Computing neural priors for all battles...
INFO     Initialized StateTranslator with TeamPreviewObservationSpace
INFO     Initializing LocalPolicyProvider with model: Abra
INFO     Loading pretrained Abra model...
INFO     CUDA not available - overriding FlashAttention with VanillaAttention
[91mWarning: Using unofficial VanillaAttention implementation[0m


 		 AMAGO v3.1
            	 -------------------------
            	 Agent: MultiTaskAgent
            		 Max Sequence Length: 200
            		 TstepEncoder Type: MetamonTstepEncoder
            		 TrajEncoder Type: TformerTrajEncoder
            		 Total Parameters: 57,535,116
            		 Offline Loss Weight: 1.0
            		 Online Loss Weight: 0.0
            		 Mixed Precision: NO
            		 Checkpoint Path: /Users/yadureddy/Documents/GitHub/clean/pokeagent_ac_mcts/.metamon_cache/pretrained_models/models--jakegrigsby--metamon/snapshots/c5d1cb9abb6747066a325228845a5a8af3d12139/abra/abra/ckpts
            	 Environment:
            		 DummyAsyncVectorEnv(Gym Env x 1)
            		 Exploration Type: None
            	 Dataset: DoNothingDataset
            	 Accelerate Processes: 1 


INFO     Successfully loaded Abra model
ERROR    Error translating battle to observation: 
WARNING  Failed to get priors for battle: 
ERROR    Error translating battle to observation: 
WARNING  Failed to get priors for battle: 
INFO     Successfully computed neural priors for 0/2 battles
INFO     Using PUCT-guided move selection (priors integrated during search)...
INFO     Policy 0: switch heracross visited 59.16% avg_score=0.276 sample_chance_multiplier=0.5
INFO     Policy 1: switch heracross visited 49.73% avg_score=0.281 sample_chance_multiplier=0.5
INFO     Considered Choices:
INFO     	54.448%: switch heracross
INFO     Choice: switch heracross
INFO     heracross switched in, adding intimidate to impossible abilities
INFO     heracross switched in, adding pressure to impossible abilities
INFO     heracross switched in, adding neutralizinggas to impossible abilities
INFO     heracross switched in, adding sandstream to impossible abilities
INFO     heracross switched in, adding drought to impossible abilities
INFO     heracross switched in, adding drizzle to impossible abilities
INFO     heracross switched in, adding snowwarning to impossible abilities
INFO     heracross switched in, adding boosterenergy to impossible items
INFO     heracross switched in, adding airballoon to impossible items
INFO     breloom using swordsdance makes it unlikely to have a choice item. Setting can_have_choice_item to False
INFO     breloom used a status-move. Adding `assaultvest` to impossible items
INFO     Setting breloom's last used move: swordsdance
INFO     breloom's attack was boosted by 2 to 2
INFO     breloom has less than maxhp during upkeep, no longer guessing leftovers or blacksludge
INFO     
INFO     Turn: 10
INFO     Sampling battle 0
INFO     	        breloom   technician      lifeorb [bulletseed, machpunch, rocktomb, swordsdance] ttype=fighting
INFO     	 keldeoresolute    justified  choicescarf [airslash, flipturn, hydropump, secretsword] ttype=fighting
INFO     	       arcanine   intimidate heavydutyboots [closecombat, extremespeed, flareblitz, morningsun] ttype=normal
INFO     	       whiscash    oblivious    leftovers [earthquake, hydropump, spikes, stealthrock] ttype=poison
INFO     Sampling 1 unrevealed pokemon
INFO     	      meowsticf  competitive      lifeorb [alluringvoice, darkpulse, nastyplot, psychic] ttype=fairy
INFO     Sampling battle 1
INFO     	        breloom   technician      lifeorb [bulletseed, machpunch, rocktomb, swordsdance] ttype=rock
INFO     	 keldeoresolute    justified  choicescarf [airslash, flipturn, hydropump, secretsword] ttype=fighting
INFO     	       arcanine   intimidate heavydutyboots [closecombat, extremespeed, flareblitz, morningsun] ttype=fighting
INFO     	       whiscash    oblivious    leftovers [earthquake, hydropump, icebeam, stealthrock] ttype=poison
INFO     Sampling 1 unrevealed pokemon
INFO     	       tornadus      defiant  choicespecs [bleakwindstorm, focusblast, heatwave, uturn] ttype=flying
INFO     Searching for a move using PUCT MCTS with neural priors...
INFO     Sampling 2 battles at 500ms each
INFO     Computing neural priors for all battles...
INFO     Initialized StateTranslator with TeamPreviewObservationSpace
INFO     Initializing LocalPolicyProvider with model: Abra
INFO     Loading pretrained Abra model...
INFO     CUDA not available - overriding FlashAttention with VanillaAttention
[91mWarning: Using unofficial VanillaAttention implementation[0m


 		 AMAGO v3.1
            	 -------------------------
            	 Agent: MultiTaskAgent
            		 Max Sequence Length: 200
            		 TstepEncoder Type: MetamonTstepEncoder
            		 TrajEncoder Type: TformerTrajEncoder
            		 Total Parameters: 57,535,116
            		 Offline Loss Weight: 1.0
            		 Online Loss Weight: 0.0
            		 Mixed Precision: NO
            		 Checkpoint Path: /Users/yadureddy/Documents/GitHub/clean/pokeagent_ac_mcts/.metamon_cache/pretrained_models/models--jakegrigsby--metamon/snapshots/c5d1cb9abb6747066a325228845a5a8af3d12139/abra/abra/ckpts
            	 Environment:
            		 DummyAsyncVectorEnv(Gym Env x 1)
            		 Exploration Type: None
            	 Dataset: DoNothingDataset
            	 Accelerate Processes: 1 


INFO     Successfully loaded Abra model
ERROR    Error translating battle to observation: 
WARNING  Failed to get priors for battle: 
ERROR    Error translating battle to observation: 
WARNING  Failed to get priors for battle: 
INFO     Successfully computed neural priors for 0/2 battles
INFO     Using PUCT-guided move selection (priors integrated during search)...
INFO     Policy 0: closecombat visited 59.36% avg_score=0.525 sample_chance_multiplier=0.5
INFO     Policy 1: closecombat visited 59.68% avg_score=0.527 sample_chance_multiplier=0.5
INFO     Considered Choices:
INFO     	59.52%: closecombat
INFO     Choice: closecombat
INFO     Updated breloom's max speed to 273
INFO     heracross already has the move closecombat. Decrementing the PP by 1
INFO     heracross used a fighting move, removing fightinggem from possible items
INFO     Setting heracross's last used move: closecombat
INFO     heracross used a damaging move - not guessing lifeorb anymore
INFO     heracross did 69.0% damage to breloom with closecombat
INFO     heracross's defense was unboosted by 1 to -1
INFO     heracross's special-defense was unboosted by 1 to -1
INFO     breloom used two different moves - it cannot have a choice item
INFO     breloom used a rock move, removing rockgem from possible items
INFO     Setting breloom's last used move: rocktomb
INFO     breloom used a damaging move - not guessing lifeorb anymore
INFO     breloom did 87.64% damage to heracross with rocktomb
INFO     Setting breloom's item to: lifeorb
INFO     breloom has less than maxhp during upkeep, no longer guessing leftovers or blacksludge
INFO     Sampling battle 0
INFO     	        breloom   technician      lifeorb [bulletseed, machpunch, rocktomb, swordsdance] ttype=fighting
INFO     	 keldeoresolute    justified  choicescarf [airslash, flipturn, hydropump, secretsword] ttype=water
INFO     	       arcanine   intimidate heavydutyboots [extremespeed, flareblitz, morningsun, roar] ttype=normal
INFO     	       whiscash    oblivious    leftovers [earthquake, icebeam, spikes, stealthrock] ttype=poison
INFO     Sampling 1 unrevealed pokemon
INFO     	    fluttermane protosynthesis      lifeorb [calmmind, moonblast, psyshock, shadowball] ttype=fairy
INFO     Sampling battle 1
INFO     	        breloom   technician      lifeorb [bulletseed, machpunch, rocktomb, swordsdance] ttype=rock
INFO     	 keldeoresolute    justified  choicescarf [airslash, flipturn, hydropump, secretsword] ttype=water
INFO     	       arcanine   intimidate heavydutyboots [closecombat, extremespeed, flareblitz, morningsun] ttype=normal
INFO     	       whiscash    oblivious    leftovers [earthquake, hydropump, spikes, stealthrock] ttype=poison
INFO     Sampling 1 unrevealed pokemon
INFO     	      regidrago   dragonsmaw      lifeorb [dragonclaw, dragondance, earthquake, terablast] ttype=steel
INFO     Searching for a move using PUCT MCTS with neural priors...
INFO     Sampling 2 battles at 500ms each
INFO     Computing neural priors for all battles...
INFO     Initialized StateTranslator with TeamPreviewObservationSpace
INFO     Initializing LocalPolicyProvider with model: Abra
INFO     Loading pretrained Abra model...
INFO     CUDA not available - overriding FlashAttention with VanillaAttention
[91mWarning: Using unofficial VanillaAttention implementation[0m


 		 AMAGO v3.1
            	 -------------------------
            	 Agent: MultiTaskAgent
            		 Max Sequence Length: 200
            		 TstepEncoder Type: MetamonTstepEncoder
            		 TrajEncoder Type: TformerTrajEncoder
            		 Total Parameters: 57,535,116
            		 Offline Loss Weight: 1.0
            		 Online Loss Weight: 0.0
            		 Mixed Precision: NO
            		 Checkpoint Path: /Users/yadureddy/Documents/GitHub/clean/pokeagent_ac_mcts/.metamon_cache/pretrained_models/models--jakegrigsby--metamon/snapshots/c5d1cb9abb6747066a325228845a5a8af3d12139/abra/abra/ckpts
            	 Environment:
            		 DummyAsyncVectorEnv(Gym Env x 1)
            		 Exploration Type: None
            	 Dataset: DoNothingDataset
            	 Accelerate Processes: 1 


INFO     Successfully loaded Abra model
ERROR    Error translating battle to observation: 
WARNING  Failed to get priors for battle: 
ERROR    Error translating battle to observation: 
WARNING  Failed to get priors for battle: 
INFO     Successfully computed neural priors for 0/2 battles
INFO     Using PUCT-guided move selection (priors integrated during search)...
INFO     Policy 0: switch eelektross visited 38.16% avg_score=0.503 sample_chance_multiplier=0.5
INFO     Policy 1: switch eelektross visited 37.74% avg_score=0.518 sample_chance_multiplier=0.5
INFO     Considered Choices:
INFO     	37.949%: switch eelektross
INFO     Choice: switch eelektross
INFO     
INFO     Turn: 11
INFO     Sampling battle 0
INFO     	        breloom   technician      lifeorb [bulletseed, machpunch, rocktomb, swordsdance] ttype=fighting
INFO     	 keldeoresolute    justified  choicescarf [airslash, flipturn, hydropump, secretsword] ttype=water
INFO     	       arcanine   intimidate heavydutyboots [closecombat, flareblitz, morningsun, roar] ttype=fighting
INFO     	       whiscash    oblivious    leftovers [earthquake, icebeam, spikes, stealthrock] ttype=ghost
INFO     Sampling 1 unrevealed pokemon
INFO     	       porygonz adaptability  choicespecs [icebeam, shadowball, thunderbolt, triattack] ttype=electric
INFO     Sampling battle 1
INFO     	        breloom   technician      lifeorb [bulletseed, machpunch, rocktomb, swordsdance] ttype=rock
INFO     	 keldeoresolute    justified  choicescarf [airslash, flipturn, hydropump, secretsword] ttype=water
INFO     	       arcanine   intimidate heavydutyboots [closecombat, flareblitz, morningsun, willowisp] ttype=fighting
INFO     	       whiscash    oblivious    leftovers [earthquake, hydropump, spikes, stealthrock] ttype=steel
INFO     Sampling 1 unrevealed pokemon
INFO     	   arceusflying    multitype     skyplate [calmmind, earthpower, judgment, recover] ttype=steel
INFO     Searching for a move using PUCT MCTS with neural priors...
INFO     Sampling 2 battles at 500ms each
INFO     Computing neural priors for all battles...
INFO     Initialized StateTranslator with TeamPreviewObservationSpace
INFO     Initializing LocalPolicyProvider with model: Abra
INFO     Loading pretrained Abra model...
INFO     CUDA not available - overriding FlashAttention with VanillaAttention
[91mWarning: Using unofficial VanillaAttention implementation[0m


 		 AMAGO v3.1
            	 -------------------------
            	 Agent: MultiTaskAgent
            		 Max Sequence Length: 200
            		 TstepEncoder Type: MetamonTstepEncoder
            		 TrajEncoder Type: TformerTrajEncoder
            		 Total Parameters: 57,535,116
            		 Offline Loss Weight: 1.0
            		 Online Loss Weight: 0.0
            		 Mixed Precision: NO
            		 Checkpoint Path: /Users/yadureddy/Documents/GitHub/clean/pokeagent_ac_mcts/.metamon_cache/pretrained_models/models--jakegrigsby--metamon/snapshots/c5d1cb9abb6747066a325228845a5a8af3d12139/abra/abra/ckpts
            	 Environment:
            		 DummyAsyncVectorEnv(Gym Env x 1)
            		 Exploration Type: None
            	 Dataset: DoNothingDataset
            	 Accelerate Processes: 1 


INFO     Successfully loaded Abra model
ERROR    Error translating battle to observation: 
WARNING  Failed to get priors for battle: 
ERROR    Error translating battle to observation: 
WARNING  Failed to get priors for battle: 
INFO     Successfully computed neural priors for 0/2 battles
INFO     Using PUCT-guided move selection (priors integrated during search)...
INFO     Policy 0: discharge visited 22.69% avg_score=0.456 sample_chance_multiplier=0.5
INFO     Policy 1: flamethrower visited 37.05% avg_score=0.632 sample_chance_multiplier=0.5
INFO     Considered Choices:
INFO     	27.812%: flamethrower
INFO     	23.604%: uturn
INFO     Choice: uturn
INFO     Opponent has switched - clearing the last used move
INFO     eelektross already has the move uturn. Decrementing the PP by 1
INFO     eelektross used a bug move, removing buggem from possible items
INFO     Setting eelektross's last used move: uturn
INFO     eelektross used a damaging move - not guessing lifeorb anymore
INFO     eelektross did 9.0% damage to whiscash with uturn
INFO     Sampling battle 0
INFO     	       whiscash    oblivious    leftovers [earthquake, hydropump, icebeam, stealthrock] ttype=steel
INFO     	 keldeoresolute    justified  choicescarf [airslash, flipturn, hydropump, secretsword] ttype=fighting
INFO     	       arcanine   intimidate heavydutyboots [closecombat, flareblitz, morningsun, willowisp] ttype=fighting
INFO     	        breloom   technician      lifeorb [bulletseed, machpunch, rocktomb, swordsdance] ttype=rock
INFO     Sampling 1 unrevealed pokemon
INFO     	       drifblim    aftermath heavydutyboots [airslash, defog, shadowball, strengthsap] ttype=fairy
INFO     Sampling battle 1
INFO     	       whiscash    oblivious    leftovers [earthquake, hydropump, icebeam, stealthrock] ttype=poison
INFO     	 keldeoresolute    justified  choicescarf [airslash, flipturn, hydropump, secretsword] ttype=water
INFO     	       arcanine   intimidate heavydutyboots [closecombat, extremespeed, flareblitz, morningsun] ttype=fighting
INFO     	        breloom   technician      lifeorb [bulletseed, machpunch, rocktomb, swordsdance] ttype=rock
INFO     Sampling 1 unrevealed pokemon
INFO     	      sandslash     sandrush    leftovers [earthquake, knockoff, spikes, stoneedge] ttype=dragon
INFO     Searching for a move using PUCT MCTS with neural priors...
INFO     Sampling 2 battles at 500ms each
INFO     Computing neural priors for all battles...
INFO     Initialized StateTranslator with TeamPreviewObservationSpace
INFO     Initializing LocalPolicyProvider with model: Abra
INFO     Loading pretrained Abra model...
INFO     CUDA not available - overriding FlashAttention with VanillaAttention
[91mWarning: Using unofficial VanillaAttention implementation[0m


 		 AMAGO v3.1
            	 -------------------------
            	 Agent: MultiTaskAgent
            		 Max Sequence Length: 200
            		 TstepEncoder Type: MetamonTstepEncoder
            		 TrajEncoder Type: TformerTrajEncoder
            		 Total Parameters: 57,535,116
            		 Offline Loss Weight: 1.0
            		 Online Loss Weight: 0.0
            		 Mixed Precision: NO
            		 Checkpoint Path: /Users/yadureddy/Documents/GitHub/clean/pokeagent_ac_mcts/.metamon_cache/pretrained_models/models--jakegrigsby--metamon/snapshots/c5d1cb9abb6747066a325228845a5a8af3d12139/abra/abra/ckpts
            	 Environment:
            		 DummyAsyncVectorEnv(Gym Env x 1)
            		 Exploration Type: None
            	 Dataset: DoNothingDataset
            	 Accelerate Processes: 1 


INFO     Successfully loaded Abra model
ERROR    Error translating battle to observation: 
WARNING  Failed to get priors for battle: 
ERROR    Error translating battle to observation: 
WARNING  Failed to get priors for battle: 
INFO     Successfully computed neural priors for 0/2 battles
INFO     Using PUCT-guided move selection (priors integrated during search)...
INFO     Policy 0: switch luvdisc visited 62.96% avg_score=0.398 sample_chance_multiplier=0.5
INFO     Policy 1: switch hawlucha visited 69.1% avg_score=0.417 sample_chance_multiplier=0.5
INFO     Considered Choices:
INFO     	44.43%: switch hawlucha
INFO     	41.649%: switch luvdisc
INFO     Choice: switch hawlucha
INFO     hawlucha switched in, adding intimidate to impossible abilities
INFO     hawlucha switched in, adding pressure to impossible abilities
INFO     hawlucha switched in, adding neutralizinggas to impossible abilities
INFO     hawlucha switched in, adding sandstream to impossible abilities
INFO     hawlucha switched in, adding drought to impossible abilities
INFO     hawlucha switched in, adding drizzle to impossible abilities
INFO     hawlucha switched in, adding snowwarning to impossible abilities
INFO     hawlucha switched in, adding boosterenergy to impossible items
INFO     hawlucha switched in, adding airballoon to impossible items
INFO     Setting whiscash's item to: leftovers
INFO     whiscash has less than maxhp during upkeep, no longer guessing leftovers or blacksludge
INFO     
INFO     Turn: 12
INFO     Sampling battle 0
INFO     	       whiscash    oblivious    leftovers [earthquake, icebeam, spikes, stealthrock] ttype=steel
INFO     	 keldeoresolute    justified  choicescarf [airslash, flipturn, hydropump, secretsword] ttype=fighting
INFO     	       arcanine   intimidate heavydutyboots [closecombat, extremespeed, flareblitz, morningsun] ttype=fighting
INFO     	        breloom   technician      lifeorb [bulletseed, machpunch, rocktomb, swordsdance] ttype=rock
INFO     Sampling 1 unrevealed pokemon
INFO     	        mimikyu     disguise      lifeorb [playrough, shadowsneak, swordsdance, woodhammer] ttype=fairy
INFO     Sampling battle 1
INFO     	       whiscash    oblivious    leftovers [earthquake, icebeam, spikes, stealthrock] ttype=steel
INFO     	 keldeoresolute    justified  choicescarf [airslash, flipturn, hydropump, secretsword] ttype=fighting
INFO     	       arcanine   intimidate heavydutyboots [extremespeed, flareblitz, morningsun, willowisp] ttype=normal
INFO     	        breloom   technician      lifeorb [bulletseed, machpunch, rocktomb, swordsdance] ttype=rock
INFO     Sampling 1 unrevealed pokemon
INFO     	       gumshoos     stakeout   choiceband [doubleedge, earthquake, knockoff, uturn] ttype=normal
INFO     Searching for a move using PUCT MCTS with neural priors...
INFO     Sampling 2 battles at 500ms each
INFO     Computing neural priors for all battles...
INFO     Initialized StateTranslator with TeamPreviewObservationSpace
INFO     Initializing LocalPolicyProvider with model: Abra
INFO     Loading pretrained Abra model...
INFO     CUDA not available - overriding FlashAttention with VanillaAttention
[91mWarning: Using unofficial VanillaAttention implementation[0m


 		 AMAGO v3.1
            	 -------------------------
            	 Agent: MultiTaskAgent
            		 Max Sequence Length: 200
            		 TstepEncoder Type: MetamonTstepEncoder
            		 TrajEncoder Type: TformerTrajEncoder
            		 Total Parameters: 57,535,116
            		 Offline Loss Weight: 1.0
            		 Online Loss Weight: 0.0
            		 Mixed Precision: NO
            		 Checkpoint Path: /Users/yadureddy/Documents/GitHub/clean/pokeagent_ac_mcts/.metamon_cache/pretrained_models/models--jakegrigsby--metamon/snapshots/c5d1cb9abb6747066a325228845a5a8af3d12139/abra/abra/ckpts
            	 Environment:
            		 DummyAsyncVectorEnv(Gym Env x 1)
            		 Exploration Type: None
            	 Dataset: DoNothingDataset
            	 Accelerate Processes: 1 


INFO     Successfully loaded Abra model
ERROR    Error translating battle to observation: 
WARNING  Failed to get priors for battle: 
ERROR    Error translating battle to observation: 
WARNING  Failed to get priors for battle: 
INFO     Successfully computed neural priors for 0/2 battles
INFO     Using PUCT-guided move selection (priors integrated during search)...
INFO     Policy 0: closecombat visited 38.12% avg_score=0.413 sample_chance_multiplier=0.5
INFO     Policy 1: bravebird visited 32.16% avg_score=0.409 sample_chance_multiplier=0.5
INFO     Considered Choices:
INFO     	33.884%: closecombat
INFO     	33.624%: bravebird
INFO     Choice: bravebird
INFO     Updated whiscash's max speed to 235
INFO     hawlucha already has the move bravebird. Decrementing the PP by 1
INFO     hawlucha used a flying move, removing flyinggem from possible items
INFO     Setting hawlucha's last used move: bravebird
INFO     hawlucha used a damaging move - not guessing lifeorb anymore
INFO     hawlucha did 34.0% damage to whiscash with bravebird
INFO     whiscash used a ice move, removing icegem from possible items
INFO     Setting whiscash's last used move: icebeam
INFO     whiscash used a damaging move - not guessing lifeorb anymore
INFO     whiscash did 1.95% damage to hawlucha with icebeam
INFO     Setting whiscash's item to: leftovers
INFO     whiscash has less than maxhp during upkeep, no longer guessing leftovers or blacksludge
INFO     Sampling battle 0
INFO     	       whiscash    oblivious    leftovers [earthquake, hydropump, icebeam, stealthrock] ttype=poison
INFO     	 keldeoresolute    justified  choicescarf [airslash, flipturn, hydropump, secretsword] ttype=water
INFO     	       arcanine   intimidate heavydutyboots [extremespeed, flareblitz, morningsun, willowisp] ttype=normal
INFO     	        breloom   technician      lifeorb [bulletseed, machpunch, rocktomb, swordsdance] ttype=fighting
INFO     Sampling 1 unrevealed pokemon
INFO     	       rayquaza      airlock   loadeddice [dragonascent, earthquake, scaleshot, swordsdance] ttype=flying
INFO     Sampling battle 1
INFO     	       whiscash    oblivious    leftovers [earthquake, icebeam, spikes, stealthrock] ttype=steel
INFO     	 keldeoresolute    justified  choicescarf [airslash, flipturn, hydropump, secretsword] ttype=water
INFO     	       arcanine   intimidate heavydutyboots [closecombat, flareblitz, morningsun, roar] ttype=fighting
INFO     	        breloom   technician      lifeorb [bulletseed, machpunch, rocktomb, swordsdance] ttype=rock
INFO     Sampling 1 unrevealed pokemon
INFO     	       magearna    soulheart    leftovers [calmmind, flashcannon, fleurcannon, shiftgear] ttype=steel
INFO     Searching for a move using PUCT MCTS with neural priors...
INFO     Sampling 2 battles at 500ms each
INFO     Computing neural priors for all battles...
INFO     Initialized StateTranslator with TeamPreviewObservationSpace
INFO     Initializing LocalPolicyProvider with model: Abra
INFO     Loading pretrained Abra model...
INFO     CUDA not available - overriding FlashAttention with VanillaAttention
[91mWarning: Using unofficial VanillaAttention implementation[0m


 		 AMAGO v3.1
            	 -------------------------
            	 Agent: MultiTaskAgent
            		 Max Sequence Length: 200
            		 TstepEncoder Type: MetamonTstepEncoder
            		 TrajEncoder Type: TformerTrajEncoder
            		 Total Parameters: 57,535,116
            		 Offline Loss Weight: 1.0
            		 Online Loss Weight: 0.0
            		 Mixed Precision: NO
            		 Checkpoint Path: /Users/yadureddy/Documents/GitHub/clean/pokeagent_ac_mcts/.metamon_cache/pretrained_models/models--jakegrigsby--metamon/snapshots/c5d1cb9abb6747066a325228845a5a8af3d12139/abra/abra/ckpts
            	 Environment:
            		 DummyAsyncVectorEnv(Gym Env x 1)
            		 Exploration Type: None
            	 Dataset: DoNothingDataset
            	 Accelerate Processes: 1 


INFO     Successfully loaded Abra model
ERROR    Error translating battle to observation: 
WARNING  Failed to get priors for battle: 
ERROR    Error translating battle to observation: 
WARNING  Failed to get priors for battle: 
INFO     Successfully computed neural priors for 0/2 battles
INFO     Using PUCT-guided move selection (priors integrated during search)...
INFO     Policy 0: switch eelektross visited 38.19% avg_score=0.387 sample_chance_multiplier=0.5
INFO     Policy 1: switch eelektross visited 81.82% avg_score=0.379 sample_chance_multiplier=0.5
INFO     Considered Choices:
INFO     	60.002%: switch eelektross
INFO     Choice: switch eelektross
INFO     
INFO     Turn: 13
INFO     Sampling battle 0
INFO     	       whiscash    oblivious    leftovers [earthquake, hydropump, icebeam, stealthrock] ttype=poison
INFO     	 keldeoresolute    justified  choicescarf [airslash, flipturn, hydropump, secretsword] ttype=water
INFO     	       arcanine   intimidate heavydutyboots [closecombat, extremespeed, flareblitz, morningsun] ttype=fighting
INFO     	        breloom   technician      lifeorb [bulletseed, machpunch, rocktomb, swordsdance] ttype=rock
INFO     Sampling 1 unrevealed pokemon
INFO     	          arbok   intimidate      lifeorb [earthquake, glare, gunkshot, knockoff] ttype=dark
INFO     Sampling battle 1
INFO     	       whiscash    oblivious    leftovers [earthquake, icebeam, spikes, stealthrock] ttype=poison
INFO     	 keldeoresolute    justified  choicescarf [airslash, flipturn, hydropump, secretsword] ttype=fighting
INFO     	       arcanine   intimidate heavydutyboots [closecombat, extremespeed, flareblitz, morningsun] ttype=fighting
INFO     	        breloom   technician      lifeorb [bulletseed, machpunch, rocktomb, swordsdance] ttype=rock
INFO     Sampling 1 unrevealed pokemon
INFO     	      terapagos    terashift  chestoberry [calmmind, darkpulse, rest, terastarstorm] ttype=stellar
INFO     Searching for a move using PUCT MCTS with neural priors...
INFO     Sampling 2 battles at 500ms each
INFO     Computing neural priors for all battles...
INFO     Initialized StateTranslator with TeamPreviewObservationSpace
INFO     Initializing LocalPolicyProvider with model: Abra
INFO     Loading pretrained Abra model...
INFO     CUDA not available - overriding FlashAttention with VanillaAttention
[91mWarning: Using unofficial VanillaAttention implementation[0m


 		 AMAGO v3.1
            	 -------------------------
            	 Agent: MultiTaskAgent
            		 Max Sequence Length: 200
            		 TstepEncoder Type: MetamonTstepEncoder
            		 TrajEncoder Type: TformerTrajEncoder
            		 Total Parameters: 57,535,116
            		 Offline Loss Weight: 1.0
            		 Online Loss Weight: 0.0
            		 Mixed Precision: NO
            		 Checkpoint Path: /Users/yadureddy/Documents/GitHub/clean/pokeagent_ac_mcts/.metamon_cache/pretrained_models/models--jakegrigsby--metamon/snapshots/c5d1cb9abb6747066a325228845a5a8af3d12139/abra/abra/ckpts
            	 Environment:
            		 DummyAsyncVectorEnv(Gym Env x 1)
            		 Exploration Type: None
            	 Dataset: DoNothingDataset
            	 Accelerate Processes: 1 


INFO     Successfully loaded Abra model
ERROR    Error translating battle to observation: 
WARNING  Failed to get priors for battle: 
ERROR    Error translating battle to observation: 
WARNING  Failed to get priors for battle: 
INFO     Successfully computed neural priors for 0/2 battles
INFO     Using PUCT-guided move selection (priors integrated during search)...
INFO     Policy 0: uturn visited 31.85% avg_score=0.357 sample_chance_multiplier=0.5
INFO     Policy 1: uturn visited 37.62% avg_score=0.39 sample_chance_multiplier=0.5
INFO     Considered Choices:
INFO     	34.739%: uturn
INFO     	26.272%: flamethrower
INFO     Choice: uturn
INFO     Updated whiscash's min speed to 137
INFO     whiscash already has the move icebeam. Decrementing the PP by 1
INFO     whiscash used a ice move, removing icegem from possible items
INFO     Setting whiscash's last used move: icebeam
INFO     whiscash used a damaging move - not guessing lifeorb anymore
INFO     whiscash did 6.21% damage to eelektross with icebeam
INFO     Setting whiscash's item to: leftovers
INFO     whiscash has less than maxhp during upkeep, no longer guessing leftovers or blacksludge
INFO     Sampling battle 0
INFO     	       whiscash    oblivious    leftovers [earthquake, icebeam, spikes, stealthrock] ttype=steel
INFO     	 keldeoresolute    justified  choicescarf [airslash, flipturn, hydropump, secretsword] ttype=water
INFO     	       arcanine   intimidate heavydutyboots [closecombat, extremespeed, flareblitz, morningsun] ttype=fighting
INFO     	        breloom   technician      lifeorb [bulletseed, machpunch, rocktomb, swordsdance] ttype=fighting
INFO     Sampling 1 unrevealed pokemon
INFO     	       indeedee psychicsurge  choicescarf [dazzlinggleam, expandingforce, healingwish, hypervoice] ttype=psychic
INFO     Sampling battle 1
INFO     	       whiscash    oblivious    leftovers [earthquake, icebeam, spikes, stealthrock] ttype=ghost
INFO     	 keldeoresolute    justified  choicescarf [airslash, flipturn, hydropump, secretsword] ttype=fighting
INFO     	       arcanine   intimidate heavydutyboots [closecombat, flareblitz, morningsun, roar] ttype=fighting
INFO     	        breloom   technician      lifeorb [bulletseed, machpunch, rocktomb, swordsdance] ttype=rock
INFO     Sampling 1 unrevealed pokemon
INFO     	   brambleghast    windrider heavydutyboots [poltergeist, powerwhip, rapidspin, spikes] ttype=water
INFO     Searching for a move using PUCT MCTS with neural priors...
INFO     Sampling 2 battles at 500ms each
INFO     Computing neural priors for all battles...
INFO     Initialized StateTranslator with TeamPreviewObservationSpace
INFO     Initializing LocalPolicyProvider with model: Abra
INFO     Loading pretrained Abra model...
INFO     CUDA not available - overriding FlashAttention with VanillaAttention
[91mWarning: Using unofficial VanillaAttention implementation[0m


 		 AMAGO v3.1
            	 -------------------------
            	 Agent: MultiTaskAgent
            		 Max Sequence Length: 200
            		 TstepEncoder Type: MetamonTstepEncoder
            		 TrajEncoder Type: TformerTrajEncoder
            		 Total Parameters: 57,535,116
            		 Offline Loss Weight: 1.0
            		 Online Loss Weight: 0.0
            		 Mixed Precision: NO
            		 Checkpoint Path: /Users/yadureddy/Documents/GitHub/clean/pokeagent_ac_mcts/.metamon_cache/pretrained_models/models--jakegrigsby--metamon/snapshots/c5d1cb9abb6747066a325228845a5a8af3d12139/abra/abra/ckpts
            	 Environment:
            		 DummyAsyncVectorEnv(Gym Env x 1)
            		 Exploration Type: None
            	 Dataset: DoNothingDataset
            	 Accelerate Processes: 1 


INFO     Successfully loaded Abra model
ERROR    Error translating battle to observation: 
WARNING  Failed to get priors for battle: 
ERROR    Error translating battle to observation: 
WARNING  Failed to get priors for battle: 
INFO     Successfully computed neural priors for 0/2 battles
INFO     Using PUCT-guided move selection (priors integrated during search)...
INFO     Policy 0: switch luvdisc visited 60.85% avg_score=0.306 sample_chance_multiplier=0.5
INFO     Policy 1: switch beartic visited 50.82% avg_score=0.346 sample_chance_multiplier=0.5
INFO     Considered Choices:
INFO     	51.458%: switch luvdisc
INFO     	39.941%: switch beartic
INFO     Choice: switch luvdisc
INFO     
INFO     Turn: 14
INFO     Sampling battle 0
INFO     	       whiscash    oblivious    leftovers [earthquake, icebeam, spikes, stealthrock] ttype=ghost
INFO     	 keldeoresolute    justified  choicescarf [airslash, flipturn, hydropump, secretsword] ttype=fighting
INFO     	       arcanine   intimidate heavydutyboots [closecombat, extremespeed, flareblitz, morningsun] ttype=fighting
INFO     	        breloom   technician      lifeorb [bulletseed, machpunch, rocktomb, swordsdance] ttype=rock
INFO     Sampling 1 unrevealed pokemon
INFO     	      thundurus    prankster heavydutyboots [grassknot, knockoff, taunt, thunderbolt] ttype=grass
INFO     Sampling battle 1
INFO     	       whiscash    oblivious    leftovers [earthquake, hydropump, icebeam, stealthrock] ttype=steel
INFO     	 keldeoresolute    justified  choicescarf [airslash, flipturn, hydropump, secretsword] ttype=water
INFO     	       arcanine   intimidate heavydutyboots [closecombat, extremespeed, flareblitz, morningsun] ttype=fighting
INFO     	        breloom   technician      lifeorb [bulletseed, machpunch, rocktomb, swordsdance] ttype=rock
INFO     Sampling 1 unrevealed pokemon
INFO     	      mismagius     levitate  choicespecs [dazzlinggleam, shadowball, thunderbolt, trick] ttype=electric
INFO     Searching for a move using PUCT MCTS with neural priors...
INFO     Sampling 2 battles at 500ms each
INFO     Computing neural priors for all battles...
INFO     Initialized StateTranslator with TeamPreviewObservationSpace
INFO     Initializing LocalPolicyProvider with model: Abra
INFO     Loading pretrained Abra model...
INFO     CUDA not available - overriding FlashAttention with VanillaAttention
[91mWarning: Using unofficial VanillaAttention implementation[0m


 		 AMAGO v3.1
            	 -------------------------
            	 Agent: MultiTaskAgent
            		 Max Sequence Length: 200
            		 TstepEncoder Type: MetamonTstepEncoder
            		 TrajEncoder Type: TformerTrajEncoder
            		 Total Parameters: 57,535,116
            		 Offline Loss Weight: 1.0
            		 Online Loss Weight: 0.0
            		 Mixed Precision: NO
            		 Checkpoint Path: /Users/yadureddy/Documents/GitHub/clean/pokeagent_ac_mcts/.metamon_cache/pretrained_models/models--jakegrigsby--metamon/snapshots/c5d1cb9abb6747066a325228845a5a8af3d12139/abra/abra/ckpts
            	 Environment:
            		 DummyAsyncVectorEnv(Gym Env x 1)
            		 Exploration Type: None
            	 Dataset: DoNothingDataset
            	 Accelerate Processes: 1 


INFO     Successfully loaded Abra model
ERROR    Error translating battle to observation: 
WARNING  Failed to get priors for battle: 
ERROR    Error translating battle to observation: 
WARNING  Failed to get priors for battle: 
INFO     Successfully computed neural priors for 0/2 battles
INFO     Using PUCT-guided move selection (priors integrated during search)...
INFO     Policy 0: substitute visited 31.85% avg_score=0.287 sample_chance_multiplier=0.5
INFO     Policy 1: substitute visited 29.53% avg_score=0.287 sample_chance_multiplier=0.5
INFO     Considered Choices:
INFO     	30.686%: substitute
INFO     Choice: substitute
INFO     Updated whiscash's max speed to 235
INFO     luvdisc already has the move substitute. Decrementing the PP by 1
INFO     luvdisc using substitute makes it unlikely to have a choice item. Setting can_have_choice_item to False
INFO     luvdisc used a status-move. Adding `assaultvest` to impossible items
INFO     Setting luvdisc's last used move: substitute
INFO     Starting the volatile status substitute on luvdisc
INFO     luvdisc started a substitute - setting substitute_hit to False
INFO     whiscash used two different moves - it cannot have a choice item
INFO     whiscash used a ground move, removing groundgem from possible items
INFO     Setting whiscash's last used move: earthquake
INFO     whiscash used a damaging move - not guessing lifeorb anymore
INFO     Substitute ended for luvdisc
INFO     Removing the volatile status substitute from luvdisc
INFO     Setting whiscash's item to: leftovers
INFO     whiscash has less than maxhp during upkeep, no longer guessing leftovers or blacksludge
INFO     
INFO     Turn: 15
INFO     Sampling battle 0
INFO     	       whiscash    oblivious    leftovers [earthquake, icebeam, spikes, stealthrock] ttype=poison
INFO     	 keldeoresolute    justified  choicescarf [airslash, flipturn, hydropump, secretsword] ttype=fighting
INFO     	       arcanine   intimidate heavydutyboots [extremespeed, flareblitz, morningsun, willowisp] ttype=normal
INFO     	        breloom   technician      lifeorb [bulletseed, machpunch, rocktomb, swordsdance] ttype=rock
INFO     Sampling 1 unrevealed pokemon
INFO     	     toedscruel myceliummight  assaultvest [earthpower, gigadrain, knockoff, rapidspin] ttype=water
INFO     Sampling battle 1
INFO     	       whiscash    oblivious    leftovers [earthquake, hydropump, icebeam, stealthrock] ttype=steel
INFO     	 keldeoresolute    justified  choicescarf [airslash, flipturn, hydropump, secretsword] ttype=fighting
INFO     	       arcanine   intimidate heavydutyboots [extremespeed, flareblitz, morningsun, willowisp] ttype=normal
INFO     	        breloom   technician      lifeorb [bulletseed, machpunch, rocktomb, swordsdance] ttype=rock
INFO     Sampling 1 unrevealed pokemon
INFO     	      gardevoir        trace  choicescarf [healingwish, moonblast, mysticalfire, psychic] ttype=fire
INFO     Searching for a move using PUCT MCTS with neural priors...
INFO     Sampling 2 battles at 500ms each
INFO     Computing neural priors for all battles...
INFO     Initialized StateTranslator with TeamPreviewObservationSpace
INFO     Initializing LocalPolicyProvider with model: Abra
INFO     Loading pretrained Abra model...
INFO     CUDA not available - overriding FlashAttention with VanillaAttention
[91mWarning: Using unofficial VanillaAttention implementation[0m


 		 AMAGO v3.1
            	 -------------------------
            	 Agent: MultiTaskAgent
            		 Max Sequence Length: 200
            		 TstepEncoder Type: MetamonTstepEncoder
            		 TrajEncoder Type: TformerTrajEncoder
            		 Total Parameters: 57,535,116
            		 Offline Loss Weight: 1.0
            		 Online Loss Weight: 0.0
            		 Mixed Precision: NO
            		 Checkpoint Path: /Users/yadureddy/Documents/GitHub/clean/pokeagent_ac_mcts/.metamon_cache/pretrained_models/models--jakegrigsby--metamon/snapshots/c5d1cb9abb6747066a325228845a5a8af3d12139/abra/abra/ckpts
            	 Environment:
            		 DummyAsyncVectorEnv(Gym Env x 1)
            		 Exploration Type: None
            	 Dataset: DoNothingDataset
            	 Accelerate Processes: 1 


INFO     Successfully loaded Abra model
ERROR    Error translating battle to observation: 
WARNING  Failed to get priors for battle: 
ERROR    Error translating battle to observation: 
WARNING  Failed to get priors for battle: 
INFO     Successfully computed neural priors for 0/2 battles
INFO     Using PUCT-guided move selection (priors integrated during search)...
INFO     Policy 0: switch beartic visited 28.16% avg_score=0.29 sample_chance_multiplier=0.5
INFO     Policy 1: whirlpool visited 24.48% avg_score=0.279 sample_chance_multiplier=0.5
INFO     Considered Choices:
INFO     	20.93%: whirlpool
INFO     	19.531%: endeavor
INFO     	19.521%: switch beartic
INFO     	17.761%: surf
INFO     Choice: endeavor
INFO     Updated whiscash's max speed to 235
INFO     luvdisc already has the move endeavor. Decrementing the PP by 1
INFO     luvdisc used a normal move, removing normalgem from possible items
INFO     Setting luvdisc's last used move: endeavor
INFO     luvdisc used a damaging move - not guessing lifeorb anymore
INFO     luvdisc did 43.0% damage to whiscash with endeavor
INFO     whiscash already has the move earthquake. Decrementing the PP by 1
INFO     whiscash used a ground move, removing groundgem from possible items
INFO     Setting whiscash's last used move: earthquake
INFO     whiscash used a damaging move - not guessing lifeorb anymore
INFO     whiscash did 50.61% damage to luvdisc with earthquake
INFO     Setting whiscash's item to: leftovers
INFO     whiscash has less than maxhp during upkeep, no longer guessing leftovers or blacksludge
INFO     Sampling battle 0
INFO     	       whiscash    oblivious    leftovers [earthquake, icebeam, spikes, stealthrock] ttype=steel
INFO     	 keldeoresolute    justified  choicescarf [airslash, flipturn, hydropump, secretsword] ttype=water
INFO     	       arcanine   intimidate heavydutyboots [closecombat, extremespeed, flareblitz, morningsun] ttype=normal
INFO     	        breloom   technician      lifeorb [bulletseed, machpunch, rocktomb, swordsdance] ttype=rock
INFO     Sampling 1 unrevealed pokemon
INFO     	ursalunabloodmoon     mindseye    leftovers [bloodmoon, calmmind, earthpower, moonlight] ttype=ghost
INFO     Sampling battle 1
INFO     	       whiscash    oblivious    leftovers [earthquake, hydropump, icebeam, stealthrock] ttype=ghost
INFO     	 keldeoresolute    justified  choicescarf [airslash, flipturn, hydropump, secretsword] ttype=water
INFO     	       arcanine   intimidate heavydutyboots [closecombat, flareblitz, morningsun, roar] ttype=fighting
INFO     	        breloom   technician      lifeorb [bulletseed, machpunch, rocktomb, swordsdance] ttype=rock
INFO     Sampling 1 unrevealed pokemon
INFO     	      glastrier chillingneigh heavydutyboots [closecombat, heavyslam, iciclecrash, swordsdance] ttype=steel
INFO     Searching for a move using PUCT MCTS with neural priors...
INFO     Sampling 2 battles at 500ms each
INFO     Computing neural priors for all battles...
INFO     Initialized StateTranslator with TeamPreviewObservationSpace
INFO     Initializing LocalPolicyProvider with model: Abra
INFO     Loading pretrained Abra model...
INFO     CUDA not available - overriding FlashAttention with VanillaAttention
[91mWarning: Using unofficial VanillaAttention implementation[0m


 		 AMAGO v3.1
            	 -------------------------
            	 Agent: MultiTaskAgent
            		 Max Sequence Length: 200
            		 TstepEncoder Type: MetamonTstepEncoder
            		 TrajEncoder Type: TformerTrajEncoder
            		 Total Parameters: 57,535,116
            		 Offline Loss Weight: 1.0
            		 Online Loss Weight: 0.0
            		 Mixed Precision: NO
            		 Checkpoint Path: /Users/yadureddy/Documents/GitHub/clean/pokeagent_ac_mcts/.metamon_cache/pretrained_models/models--jakegrigsby--metamon/snapshots/c5d1cb9abb6747066a325228845a5a8af3d12139/abra/abra/ckpts
            	 Environment:
            		 DummyAsyncVectorEnv(Gym Env x 1)
            		 Exploration Type: None
            	 Dataset: DoNothingDataset
            	 Accelerate Processes: 1 


INFO     Successfully loaded Abra model
ERROR    Error translating battle to observation: 
WARNING  Failed to get priors for battle: 
ERROR    Error translating battle to observation: 
WARNING  Failed to get priors for battle: 
INFO     Successfully computed neural priors for 0/2 battles
INFO     Using PUCT-guided move selection (priors integrated during search)...
INFO     Policy 0: switch flareon visited 53.84% avg_score=0.03 sample_chance_multiplier=0.5
INFO     Policy 1: switch beartic visited 76.62% avg_score=0.029 sample_chance_multiplier=0.5
INFO     Considered Choices:
INFO     	61.393%: switch beartic
INFO     Choice: switch beartic
INFO     beartic switched in, adding intimidate to impossible abilities
INFO     beartic switched in, adding pressure to impossible abilities
INFO     beartic switched in, adding neutralizinggas to impossible abilities
INFO     beartic switched in, adding sandstream to impossible abilities
INFO     beartic switched in, adding drought to impossible abilities
INFO     beartic switched in, adding drizzle to impossible abilities
INFO     beartic switched in, adding snowwarning to impossible abilities
INFO     beartic switched in, adding boosterenergy to impossible items
INFO     beartic switched in, adding airballoon to impossible items
INFO     
INFO     Turn: 16
INFO     Sampling battle 0
INFO     	       whiscash    oblivious    leftovers [earthquake, hydropump, icebeam, stealthrock] ttype=steel
INFO     	 keldeoresolute    justified  choicescarf [airslash, flipturn, hydropump, secretsword] ttype=water
INFO     	       arcanine   intimidate heavydutyboots [extremespeed, flareblitz, morningsun, roar] ttype=normal
INFO     	        breloom   technician      lifeorb [bulletseed, machpunch, rocktomb, swordsdance] ttype=fighting
INFO     Sampling 1 unrevealed pokemon
INFO     	        glaceon      icebody heavydutyboots [freezedry, mudshot, protect, wish] ttype=ground
INFO     Sampling battle 1
INFO     	       whiscash    oblivious    leftovers [earthquake, hydropump, icebeam, stealthrock] ttype=poison
INFO     	 keldeoresolute    justified  choicescarf [airslash, flipturn, hydropump, secretsword] ttype=water
INFO     	       arcanine   intimidate heavydutyboots [closecombat, flareblitz, morningsun, roar] ttype=fighting
INFO     	        breloom   technician      lifeorb [bulletseed, machpunch, rocktomb, swordsdance] ttype=rock
INFO     Sampling 1 unrevealed pokemon
INFO     	         mewtwo     pressure  choicespecs [aurasphere, darkpulse, fireblast, psystrike] ttype=fighting
INFO     Searching for a move using PUCT MCTS with neural priors...
INFO     Sampling 2 battles at 500ms each
INFO     Computing neural priors for all battles...
INFO     Initialized StateTranslator with TeamPreviewObservationSpace
INFO     Initializing LocalPolicyProvider with model: Abra
INFO     Loading pretrained Abra model...
INFO     CUDA not available - overriding FlashAttention with VanillaAttention
[91mWarning: Using unofficial VanillaAttention implementation[0m


 		 AMAGO v3.1
            	 -------------------------
            	 Agent: MultiTaskAgent
            		 Max Sequence Length: 200
            		 TstepEncoder Type: MetamonTstepEncoder
            		 TrajEncoder Type: TformerTrajEncoder
            		 Total Parameters: 57,535,116
            		 Offline Loss Weight: 1.0
            		 Online Loss Weight: 0.0
            		 Mixed Precision: NO
            		 Checkpoint Path: /Users/yadureddy/Documents/GitHub/clean/pokeagent_ac_mcts/.metamon_cache/pretrained_models/models--jakegrigsby--metamon/snapshots/c5d1cb9abb6747066a325228845a5a8af3d12139/abra/abra/ckpts
            	 Environment:
            		 DummyAsyncVectorEnv(Gym Env x 1)
            		 Exploration Type: None
            	 Dataset: DoNothingDataset
            	 Accelerate Processes: 1 


INFO     Successfully loaded Abra model
ERROR    Error translating battle to observation: 
WARNING  Failed to get priors for battle: 
ERROR    Error translating battle to observation: 
WARNING  Failed to get priors for battle: 
INFO     Successfully computed neural priors for 0/2 battles
INFO     Using PUCT-guided move selection (priors integrated during search)...
INFO     Policy 0: iciclecrash visited 31.82% avg_score=0.018 sample_chance_multiplier=0.5
INFO     Policy 1: iciclecrash visited 29.2% avg_score=0.017 sample_chance_multiplier=0.5
INFO     Considered Choices:
INFO     	30.512%: iciclecrash
INFO     	25.462%: earthquake
INFO     Choice: earthquake
INFO     Opponent has switched - clearing the last used move
INFO     Setting arcanine's ability to intimidate
INFO     beartic's attack was unboosted by 1 to -1
INFO     beartic already has the move earthquake. Decrementing the PP by 1
INFO     beartic used a ground move, removing groundgem from possible items
INFO     Setting beartic's last used move: earthquake
INFO     beartic used a damaging move - not guessing lifeorb anymore
INFO     beartic did 50.0% damage to arcanine with earthquake
INFO     arcanine has less than maxhp during upkeep, no longer guessing leftovers or blacksludge
INFO     
INFO     Turn: 17
INFO     Sampling battle 0
INFO     	       arcanine   intimidate heavydutyboots [extremespeed, flareblitz, morningsun, roar] ttype=normal
INFO     	 keldeoresolute    justified  choicescarf [airslash, flipturn, hydropump, secretsword] ttype=fighting
INFO     	        breloom   technician      lifeorb [bulletseed, machpunch, rocktomb, swordsdance] ttype=rock
INFO     	       whiscash    oblivious    leftovers [earthquake, icebeam, spikes, stealthrock] ttype=poison
INFO     Sampling 1 unrevealed pokemon
INFO     	     shayminsky  serenegrace heavydutyboots [airslash, earthpower, seedflare, synthesis] ttype=water
INFO     Sampling battle 1
INFO     	       arcanine   intimidate heavydutyboots [closecombat, extremespeed, flareblitz, morningsun] ttype=fighting
INFO     	 keldeoresolute    justified  choicescarf [airslash, flipturn, hydropump, secretsword] ttype=fighting
INFO     	        breloom   technician      lifeorb [bulletseed, machpunch, rocktomb, swordsdance] ttype=fighting
INFO     	       whiscash    oblivious    leftovers [earthquake, hydropump, icebeam, stealthrock] ttype=ghost
INFO     Sampling 1 unrevealed pokemon
INFO     	   weezinggalar     levitate    leftovers [fireblast, gunkshot, painsplit, strangesteam] ttype=steel
INFO     Searching for a move using PUCT MCTS with neural priors...
INFO     Sampling 2 battles at 500ms each
INFO     Computing neural priors for all battles...
INFO     Initialized StateTranslator with TeamPreviewObservationSpace
INFO     Initializing LocalPolicyProvider with model: Abra
INFO     Loading pretrained Abra model...
INFO     CUDA not available - overriding FlashAttention with VanillaAttention
[91mWarning: Using unofficial VanillaAttention implementation[0m


 		 AMAGO v3.1
            	 -------------------------
            	 Agent: MultiTaskAgent
            		 Max Sequence Length: 200
            		 TstepEncoder Type: MetamonTstepEncoder
            		 TrajEncoder Type: TformerTrajEncoder
            		 Total Parameters: 57,535,116
            		 Offline Loss Weight: 1.0
            		 Online Loss Weight: 0.0
            		 Mixed Precision: NO
            		 Checkpoint Path: /Users/yadureddy/Documents/GitHub/clean/pokeagent_ac_mcts/.metamon_cache/pretrained_models/models--jakegrigsby--metamon/snapshots/c5d1cb9abb6747066a325228845a5a8af3d12139/abra/abra/ckpts
            	 Environment:
            		 DummyAsyncVectorEnv(Gym Env x 1)
            		 Exploration Type: None
            	 Dataset: DoNothingDataset
            	 Accelerate Processes: 1 


INFO     Successfully loaded Abra model
ERROR    Error translating battle to observation: 
WARNING  Failed to get priors for battle: 
ERROR    Error translating battle to observation: 
WARNING  Failed to get priors for battle: 
INFO     Successfully computed neural priors for 0/2 battles
INFO     Using PUCT-guided move selection (priors integrated during search)...
INFO     Policy 0: switch flareon visited 31.58% avg_score=0.007 sample_chance_multiplier=0.5
INFO     Policy 1: switch flareon visited 31.85% avg_score=0.007 sample_chance_multiplier=0.5
INFO     Considered Choices:
INFO     	31.715%: switch flareon
INFO     Choice: switch flareon
INFO     arcanine used a fire move, removing firegem from possible items
INFO     Setting arcanine's last used move: flareblitz
INFO     arcanine used a damaging move - not guessing lifeorb anymore
INFO     arcanine did 0.76% damage to flareon with flareblitz
INFO     arcanine has less than maxhp during upkeep, no longer guessing leftovers or blacksludge
INFO     Sampling battle 0
INFO     	       arcanine   intimidate heavydutyboots [closecombat, flareblitz, morningsun, roar] ttype=fighting
INFO     	 keldeoresolute    justified  choicescarf [airslash, flipturn, hydropump, secretsword] ttype=fighting
INFO     	        breloom   technician      lifeorb [bulletseed, machpunch, rocktomb, swordsdance] ttype=rock
INFO     	       whiscash    oblivious    leftovers [earthquake, icebeam, spikes, stealthrock] ttype=ghost
INFO     Sampling 1 unrevealed pokemon
INFO     	     arceusrock    multitype   stoneplate [calmmind, earthpower, judgment, recover] ttype=dragon
INFO     Sampling battle 1
INFO     	       arcanine   intimidate heavydutyboots [extremespeed, flareblitz, morningsun, roar] ttype=normal
INFO     	 keldeoresolute    justified  choicescarf [airslash, flipturn, hydropump, secretsword] ttype=fighting
INFO     	        breloom   technician      lifeorb [bulletseed, machpunch, rocktomb, swordsdance] ttype=fighting
INFO     	       whiscash    oblivious    leftovers [earthquake, icebeam, spikes, stealthrock] ttype=steel
INFO     Sampling 1 unrevealed pokemon
INFO     	         arceus    multitype      lifeorb [earthquake, extremespeed, shadowclaw, swordsdance] ttype=ghost
INFO     Searching for a move using PUCT MCTS with neural priors...
INFO     Sampling 2 battles at 500ms each
INFO     Computing neural priors for all battles...
INFO     Initialized StateTranslator with TeamPreviewObservationSpace
INFO     Initializing LocalPolicyProvider with model: Abra
INFO     Loading pretrained Abra model...
INFO     CUDA not available - overriding FlashAttention with VanillaAttention
[91mWarning: Using unofficial VanillaAttention implementation[0m


 		 AMAGO v3.1
            	 -------------------------
            	 Agent: MultiTaskAgent
            		 Max Sequence Length: 200
            		 TstepEncoder Type: MetamonTstepEncoder
            		 TrajEncoder Type: TformerTrajEncoder
            		 Total Parameters: 57,535,116
            		 Offline Loss Weight: 1.0
            		 Online Loss Weight: 0.0
            		 Mixed Precision: NO
            		 Checkpoint Path: /Users/yadureddy/Documents/GitHub/clean/pokeagent_ac_mcts/.metamon_cache/pretrained_models/models--jakegrigsby--metamon/snapshots/c5d1cb9abb6747066a325228845a5a8af3d12139/abra/abra/ckpts
            	 Environment:
            		 DummyAsyncVectorEnv(Gym Env x 1)
            		 Exploration Type: None
            	 Dataset: DoNothingDataset
            	 Accelerate Processes: 1 


INFO     Successfully loaded Abra model
ERROR    Error translating battle to observation: 
WARNING  Failed to get priors for battle: 
ERROR    Error translating battle to observation: 
WARNING  Failed to get priors for battle: 
INFO     Successfully computed neural priors for 0/2 battles
INFO     Using PUCT-guided move selection (priors integrated during search)...
INFO     Policy 0: switch beartic visited 100.0% avg_score=0.003 sample_chance_multiplier=0.5
INFO     Policy 1: switch beartic visited 100.0% avg_score=0.003 sample_chance_multiplier=0.5
INFO     Considered Choices:
INFO     	100.0%: switch beartic
INFO     Choice: switch beartic
INFO     
INFO     Turn: 18
INFO     Sampling battle 0
INFO     	       arcanine   intimidate heavydutyboots [closecombat, flareblitz, morningsun, roar] ttype=fighting
INFO     	 keldeoresolute    justified  choicescarf [airslash, flipturn, hydropump, secretsword] ttype=water
INFO     	        breloom   technician      lifeorb [bulletseed, machpunch, rocktomb, swordsdance] ttype=rock
INFO     	       whiscash    oblivious    leftovers [earthquake, icebeam, spikes, stealthrock] ttype=poison
INFO     Sampling 1 unrevealed pokemon
INFO     	     krookodile   intimidate      lifeorb [bulkup, earthquake, gunkshot, knockoff] ttype=poison
INFO     Sampling battle 1
INFO     	       arcanine   intimidate heavydutyboots [extremespeed, flareblitz, morningsun, willowisp] ttype=normal
INFO     	 keldeoresolute    justified  choicescarf [airslash, flipturn, hydropump, secretsword] ttype=water
INFO     	        breloom   technician      lifeorb [bulletseed, machpunch, rocktomb, swordsdance] ttype=rock
INFO     	       whiscash    oblivious    leftovers [earthquake, icebeam, spikes, stealthrock] ttype=poison
INFO     Sampling 1 unrevealed pokemon
INFO     	     grimmsnarl    prankster    lightclay [lightscreen, reflect, spiritbreak, thunderwave] ttype=poison
INFO     Searching for a move using PUCT MCTS with neural priors...
INFO     Sampling 2 battles at 500ms each
INFO     Computing neural priors for all battles...
INFO     Initialized StateTranslator with TeamPreviewObservationSpace
INFO     Initializing LocalPolicyProvider with model: Abra
INFO     Loading pretrained Abra model...
INFO     CUDA not available - overriding FlashAttention with VanillaAttention
[91mWarning: Using unofficial VanillaAttention implementation[0m


 		 AMAGO v3.1
            	 -------------------------
            	 Agent: MultiTaskAgent
            		 Max Sequence Length: 200
            		 TstepEncoder Type: MetamonTstepEncoder
            		 TrajEncoder Type: TformerTrajEncoder
            		 Total Parameters: 57,535,116
            		 Offline Loss Weight: 1.0
            		 Online Loss Weight: 0.0
            		 Mixed Precision: NO
            		 Checkpoint Path: /Users/yadureddy/Documents/GitHub/clean/pokeagent_ac_mcts/.metamon_cache/pretrained_models/models--jakegrigsby--metamon/snapshots/c5d1cb9abb6747066a325228845a5a8af3d12139/abra/abra/ckpts
            	 Environment:
            		 DummyAsyncVectorEnv(Gym Env x 1)
            		 Exploration Type: None
            	 Dataset: DoNothingDataset
            	 Accelerate Processes: 1 


INFO     Successfully loaded Abra model
ERROR    Error translating battle to observation: 
WARNING  Failed to get priors for battle: 
ERROR    Error translating battle to observation: 
WARNING  Failed to get priors for battle: 
INFO     Successfully computed neural priors for 0/2 battles
INFO     Using PUCT-guided move selection (priors integrated during search)...
INFO     Policy 0: iciclecrash visited 31.75% avg_score=0.003 sample_chance_multiplier=0.5
INFO     Policy 1: iciclecrash visited 30.92% avg_score=0.003 sample_chance_multiplier=0.5
INFO     Considered Choices:
INFO     	31.336%: iciclecrash
INFO     	29.203%: earthquake
INFO     	23.527%: closecombat
INFO     Choice: earthquake
INFO     Updated arcanine's min speed to 143
INFO     arcanine already has the move flareblitz. Decrementing the PP by 1
INFO     arcanine used a fire move, removing firegem from possible items
INFO     Setting arcanine's last used move: flareblitz
INFO     arcanine used a damaging move - not guessing lifeorb anymore
INFO     arcanine did 92.21000000000001% damage to beartic with flareblitz
INFO     beartic got status: brn
INFO     No longer guessing lumberry because beartic got status brn
INFO     beartic already has the move earthquake. Decrementing the PP by 1
INFO     beartic used a ground move, removing groundgem from possible items
INFO     Setting beartic's last used move: earthquake
INFO     beartic used a damaging move - not guessing lifeorb anymore
INFO     beartic did 16.0% damage to arcanine with earthquake
INFO     arcanine has less than maxhp during upkeep, no longer guessing leftovers or blacksludge
INFO     Opponent has switched - clearing the last used move
INFO     
INFO     Turn: 19
INFO     Sampling battle 0
INFO     	        breloom   technician      lifeorb [bulletseed, machpunch, rocktomb, swordsdance] ttype=fighting
INFO     	 keldeoresolute    justified  choicescarf [airslash, flipturn, hydropump, secretsword] ttype=water
INFO     	       whiscash    oblivious    leftovers [earthquake, hydropump, icebeam, stealthrock] ttype=ghost
INFO     Sampling 1 unrevealed pokemon
INFO     	      mismagius     levitate  choicespecs [mysticalfire, shadowball, thunderbolt, trick] ttype=fire
INFO     Sampling battle 1
INFO     	        breloom   technician      lifeorb [bulletseed, machpunch, rocktomb, swordsdance] ttype=rock
INFO     	 keldeoresolute    justified  choicescarf [airslash, flipturn, hydropump, secretsword] ttype=water
INFO     	       whiscash    oblivious    leftovers [earthquake, hydropump, icebeam, stealthrock] ttype=ghost
INFO     Sampling 1 unrevealed pokemon
INFO     	     whimsicott    prankster    leftovers [encore, gigadrain, moonblast, stunspore] ttype=poison
INFO     Searching for a move using PUCT MCTS with neural priors...
INFO     Sampling 2 battles at 500ms each
INFO     Computing neural priors for all battles...
INFO     Initialized StateTranslator with TeamPreviewObservationSpace
INFO     Initializing LocalPolicyProvider with model: Abra
INFO     Loading pretrained Abra model...
INFO     CUDA not available - overriding FlashAttention with VanillaAttention
[91mWarning: Using unofficial VanillaAttention implementation[0m


 		 AMAGO v3.1
            	 -------------------------
            	 Agent: MultiTaskAgent
            		 Max Sequence Length: 200
            		 TstepEncoder Type: MetamonTstepEncoder
            		 TrajEncoder Type: TformerTrajEncoder
            		 Total Parameters: 57,535,116
            		 Offline Loss Weight: 1.0
            		 Online Loss Weight: 0.0
            		 Mixed Precision: NO
            		 Checkpoint Path: /Users/yadureddy/Documents/GitHub/clean/pokeagent_ac_mcts/.metamon_cache/pretrained_models/models--jakegrigsby--metamon/snapshots/c5d1cb9abb6747066a325228845a5a8af3d12139/abra/abra/ckpts
            	 Environment:
            		 DummyAsyncVectorEnv(Gym Env x 1)
            		 Exploration Type: None
            	 Dataset: DoNothingDataset
            	 Accelerate Processes: 1 


INFO     Successfully loaded Abra model
ERROR    Error translating battle to observation: 
WARNING  Failed to get priors for battle: 
ERROR    Error translating battle to observation: 
WARNING  Failed to get priors for battle: 
INFO     Successfully computed neural priors for 0/2 battles
INFO     Using PUCT-guided move selection (priors integrated during search)...
INFO     Policy 0: closecombat visited 25.0% avg_score=0.0 sample_chance_multiplier=0.5
INFO     Policy 1: closecombat visited 25.0% avg_score=0.0 sample_chance_multiplier=0.5
INFO     Considered Choices:
INFO     	25.0%: closecombat
INFO     	25.0%: swordsdance
INFO     	25.0%: earthquake
INFO     	25.0%: iciclecrash
INFO     Choice: iciclecrash
INFO     Winner: VanillaMCTS
INFO     Lost with team: None
INFO     W: 0	L: 1
INFO     Searching for ranked gen9randombattle match
INFO     Initialized battle-gen9randombattle-77 against: VanillaMCTS
INFO     Opponent has switched - clearing the last used move
INFO     indeedee switched in, adding intimidate to impossible abilities
INFO     indeedee switched in, adding pressure to impossible abilities
INFO     indeedee switched in, adding neutralizinggas to impossible abilities
INFO     indeedee switched in, adding sandstream to impossible abilities
INFO     indeedee switched in, adding drought to impossible abilities
INFO     indeedee switched in, adding drizzle to impossible abilities
INFO     indeedee switched in, adding snowwarning to impossible abilities
INFO     indeedee switched in, adding boosterenergy to impossible items
INFO     indeedee switched in, adding airballoon to impossible items
INFO     Setting the field to psychicterrain
INFO     
INFO     Turn: 1
INFO     Sampling battle 0
INFO     	       indeedee psychicsurge  choicescarf [dazzlinggleam, expandingforce, healingwish, hypervoice] ttype=psychic
INFO     Sampling 5 unrevealed pokemon
INFO     	       qwilfish   intimidate    leftovers [gunkshot, spikes, taunt, waterfall] ttype=dark
INFO     	       ursaring         guts     eviolite [bodyslam, earthquake, rest, sleeptalk] ttype=ghost
INFO     	 sandslashalola    slushrush    leftovers [earthquake, rapidspin, swordsdance, tripleaxel] ttype=ground
INFO     	   hoopaunbound     magician  choicescarf [gunkshot, hyperspacefury, psychic, trick] ttype=poison
INFO     	lycanrocmidnight      noguard      lifeorb [closecombat, stealthrock, stoneedge, suckerpunch] ttype=fighting
INFO     Sampling battle 1
INFO     	       indeedee psychicsurge      lifeorb [calmmind, expandingforce, hypervoice, shadowball] ttype=psychic
INFO     Sampling 5 unrevealed pokemon
INFO     	        luvdisc    swiftswim heavydutyboots [endeavor, substitute, surf, whirlpool] ttype=ghost
INFO     	       regirock    clearbody    leftovers [bodypress, stealthrock, stoneedge, thunderwave] ttype=fighting
INFO     	       skuntank    aftermath      lifeorb [gunkshot, knockoff, suckerpunch, taunt] ttype=poison
INFO     	        dugtrio    arenatrap   choiceband [earthquake, stoneedge, suckerpunch, throatchop] ttype=ground
INFO     	        slaking       truant  choicescarf [doubleedge, earthquake, gigaimpact, knockoff] ttype=normal
INFO     Sampling battle 2
INFO     	       indeedee psychicsurge      lifeorb [calmmind, dazzlinggleam, expandingforce, hypervoice] ttype=psychic
INFO     Sampling 5 unrevealed pokemon
INFO     	     wigglytuff  competitive    leftovers [dazzlinggleam, fireblast, knockoff, thunderwave] ttype=poison
INFO     	         golurk      noguard      lifeorb [earthquake, poltergeist, stealthrock, stoneedge] ttype=ground
INFO     	         zapdos       static heavydutyboots [discharge, hurricane, roost, uturn] ttype=electric
INFO     	landorustherian   intimidate    leftovers [earthquake, stealthrock, stoneedge, uturn] ttype=ground
INFO     	        darkrai    baddreams      lifeorb [darkpulse, hypnosis, nastyplot, sludgebomb] ttype=poison
INFO     Sampling battle 3
INFO     	       indeedee psychicsurge  choicescarf [expandingforce, healingwish, hypervoice, shadowball] ttype=psychic
INFO     Sampling 5 unrevealed pokemon
INFO     	 exeggutoralola      harvest  sitrusberry [dracometeor, flamethrower, moonlight, woodhammer] ttype=fire
INFO     	       meloetta  serenegrace  choicespecs [focusblast, hypervoice, psyshock, uturn] ttype=fighting
INFO     	        drednaw   shellarmor    whiteherb [earthquake, liquidation, shellsmash, stoneedge] ttype=water
INFO     	       basculin adaptability   choiceband [aquajet, doubleedge, flipturn, wavecrash] ttype=water
INFO     	      spiritomb  infiltrator    leftovers [foulplay, painsplit, poltergeist, toxic] ttype=ghost
INFO     Searching for a move using PUCT MCTS with neural priors...
INFO     Sampling 4 battles at 250ms each
INFO     Computing neural priors for all battles...
INFO     Initialized StateTranslator with TeamPreviewObservationSpace
INFO     Initializing LocalPolicyProvider with model: Abra
INFO     Loading pretrained Abra model...
INFO     CUDA not available - overriding FlashAttention with VanillaAttention
[91mWarning: Using unofficial VanillaAttention implementation[0m


 		 AMAGO v3.1
            	 -------------------------
            	 Agent: MultiTaskAgent
            		 Max Sequence Length: 200
            		 TstepEncoder Type: MetamonTstepEncoder
            		 TrajEncoder Type: TformerTrajEncoder
            		 Total Parameters: 57,535,116
            		 Offline Loss Weight: 1.0
            		 Online Loss Weight: 0.0
            		 Mixed Precision: NO
            		 Checkpoint Path: /Users/yadureddy/Documents/GitHub/clean/pokeagent_ac_mcts/.metamon_cache/pretrained_models/models--jakegrigsby--metamon/snapshots/c5d1cb9abb6747066a325228845a5a8af3d12139/abra/abra/ckpts
            	 Environment:
            		 DummyAsyncVectorEnv(Gym Env x 1)
            		 Exploration Type: None
            	 Dataset: DoNothingDataset
            	 Accelerate Processes: 1 


INFO     Successfully loaded Abra model
ERROR    Error translating battle to observation: 
WARNING  Failed to get priors for battle: 
ERROR    Error translating battle to observation: 
WARNING  Failed to get priors for battle: 
ERROR    Error translating battle to observation: 
WARNING  Failed to get priors for battle: 
ERROR    Error translating battle to observation: 
WARNING  Failed to get priors for battle: 
INFO     Successfully computed neural priors for 0/4 battles
INFO     Using PUCT-guided move selection (priors integrated during search)...
INFO     Policy 0: switch wyrdeer visited 98.13% avg_score=0.502 sample_chance_multiplier=0.25
INFO     Policy 1: leafblade visited 94.08% avg_score=0.604 sample_chance_multiplier=0.25
INFO     Policy 2: leafblade visited 87.74% avg_score=0.538 sample_chance_multiplier=0.25
INFO     Policy 3: switch wyrdeer visited 97.8% avg_score=0.499 sample_chance_multiplier=0.25
INFO     Considered Choices:
INFO     	49.217%: switch wyrdeer
INFO     	45.595%: leafblade
INFO     Choice: switch wyrdeer
INFO     wyrdeer switched in, adding intimidate to impossible abilities
INFO     wyrdeer switched in, adding pressure to impossible abilities
INFO     wyrdeer switched in, adding neutralizinggas to impossible abilities
INFO     wyrdeer switched in, adding sandstream to impossible abilities
INFO     wyrdeer switched in, adding drought to impossible abilities
INFO     wyrdeer switched in, adding drizzle to impossible abilities
INFO     wyrdeer switched in, adding snowwarning to impossible abilities
INFO     wyrdeer switched in, adding boosterenergy to impossible items
INFO     wyrdeer switched in, adding airballoon to impossible items
INFO     Setting wyrdeer's ability to intimidate
INFO     indeedee's attack was unboosted by 1 to -1
INFO     indeedee used a psychic move, removing psychicgem from possible items
INFO     Setting indeedee's last used move: expandingforce
INFO     indeedee used a damaging move - not guessing lifeorb anymore
INFO     indeedee did 36.76% damage to wyrdeer with expandingforce
INFO     Setting indeedee's item to: lifeorb
INFO     Setting wyrdeer's item to: leftovers
INFO     psychicterrain turns remaining: 4
INFO     indeedee has less than maxhp during upkeep, no longer guessing leftovers or blacksludge
INFO     
INFO     Turn: 2
INFO     Sampling battle 0
INFO     	       indeedee psychicsurge      lifeorb [dazzlinggleam, expandingforce, hypervoice, shadowball] ttype=psychic
INFO     Sampling 5 unrevealed pokemon
INFO     	     victreebel  chlorophyll      lifeorb [knockoff, powerwhip, sludgewave, strengthsap] ttype=steel
INFO     	        calyrex      unnerve    leftovers [calmmind, gigadrain, leechseed, psyshock] ttype=steel
INFO     	    sandyshocks protosynthesis    leftovers [earthpower, spikes, thunderbolt, thunderwave] ttype=ground
INFO     	      cramorant  gulpmissile heavydutyboots [bravebird, defog, roost, surf] ttype=ground
INFO     	      duraludon   lightmetal     eviolite [bodypress, dracometeor, flashcannon, irondefense] ttype=fighting
INFO     Sampling battle 1
INFO     	       indeedee psychicsurge      lifeorb [dazzlinggleam, expandingforce, hypervoice, shadowball] ttype=psychic
INFO     Sampling 5 unrevealed pokemon
INFO     	    arceussteel    multitype    ironplate [earthquake, judgment, recover, willowisp] ttype=ghost
INFO     	    sandyshocks protosynthesis    leftovers [earthpower, spikes, thunderbolt, thunderwave] ttype=ground
INFO     	     mabosstiff     stakeout  choicescarf [crunch, playrough, psychicfangs, wildcharge] ttype=dark
INFO     	      rhyperior    solidrock weaknesspolicy [earthquake, megahorn, rockpolish, stoneedge] ttype=bug
INFO     	       vikavolt     levitate  choicespecs [bugbuzz, discharge, energyball, voltswitch] ttype=electric
INFO     Searching for a move using PUCT MCTS with neural priors...
INFO     Sampling 2 battles at 500ms each
INFO     Computing neural priors for all battles...
INFO     Initialized StateTranslator with TeamPreviewObservationSpace
INFO     Initializing LocalPolicyProvider with model: Abra
INFO     Loading pretrained Abra model...
INFO     CUDA not available - overriding FlashAttention with VanillaAttention
[91mWarning: Using unofficial VanillaAttention implementation[0m


 		 AMAGO v3.1
            	 -------------------------
            	 Agent: MultiTaskAgent
            		 Max Sequence Length: 200
            		 TstepEncoder Type: MetamonTstepEncoder
            		 TrajEncoder Type: TformerTrajEncoder
            		 Total Parameters: 57,535,116
            		 Offline Loss Weight: 1.0
            		 Online Loss Weight: 0.0
            		 Mixed Precision: NO
            		 Checkpoint Path: /Users/yadureddy/Documents/GitHub/clean/pokeagent_ac_mcts/.metamon_cache/pretrained_models/models--jakegrigsby--metamon/snapshots/c5d1cb9abb6747066a325228845a5a8af3d12139/abra/abra/ckpts
            	 Environment:
            		 DummyAsyncVectorEnv(Gym Env x 1)
            		 Exploration Type: None
            	 Dataset: DoNothingDataset
            	 Accelerate Processes: 1 


INFO     Successfully loaded Abra model
ERROR    Error translating battle to observation: 
WARNING  Failed to get priors for battle: 
ERROR    Error translating battle to observation: 
WARNING  Failed to get priors for battle: 
INFO     Successfully computed neural priors for 0/2 battles
INFO     Using PUCT-guided move selection (priors integrated during search)...
INFO     Policy 0: megahorn visited 67.25% avg_score=0.529 sample_chance_multiplier=0.5
INFO     Policy 1: megahorn visited 41.11% avg_score=0.5 sample_chance_multiplier=0.5
INFO     Considered Choices:
INFO     	54.181%: megahorn
INFO     Choice: megahorn
INFO     Updated indeedee's min speed to 163
INFO     indeedee already has the move expandingforce. Decrementing the PP by 1
INFO     indeedee used a psychic move, removing psychicgem from possible items
INFO     Setting indeedee's last used move: expandingforce
INFO     indeedee used a damaging move - not guessing lifeorb anymore
INFO     indeedee did 38.940000000000005% damage to wyrdeer with expandingforce
INFO     Setting indeedee's item to: lifeorb
INFO     wyrdeer already has the move megahorn. Decrementing the PP by 1
INFO     wyrdeer used a bug move, removing buggem from possible items
INFO     Setting wyrdeer's last used move: megahorn
INFO     wyrdeer used a damaging move - not guessing lifeorb anymore
INFO     Setting wyrdeer's item to: leftovers
INFO     psychicterrain turns remaining: 3
INFO     indeedee has less than maxhp during upkeep, no longer guessing leftovers or blacksludge
INFO     
INFO     Turn: 3
INFO     Sampling battle 0
INFO     	       indeedee psychicsurge      lifeorb [dazzlinggleam, expandingforce, healingwish, hypervoice] ttype=psychic
INFO     Sampling 5 unrevealed pokemon
INFO     	        noivern  infiltrator heavydutyboots [dracometeor, flamethrower, hurricane, roost] ttype=fire
INFO     	      hippowdon   sandstream    leftovers [earthquake, slackoff, stealthrock, whirlwind] ttype=rock
INFO     	       chimecho     levitate    leftovers [encore, psychicnoise, recover, thunderwave] ttype=steel
INFO     	     oinkologne     thickfat    leftovers [bodyslam, curse, highhorsepower, lashout] ttype=ground
INFO     	        wugtrio        gooey   choiceband [aquajet, liquidation, stompingtantrum, throatchop] ttype=dark
INFO     Sampling battle 1
INFO     	       indeedee psychicsurge      lifeorb [dazzlinggleam, expandingforce, healingwish, hypervoice] ttype=psychic
INFO     Sampling 5 unrevealed pokemon
INFO     	         veluza    sharpness   choiceband [aquacutter, aquajet, nightslash, psychocut] ttype=dark
INFO     	    ironvaliant   quarkdrive      lifeorb [calmmind, closecombat, moonblast, psychic] ttype=fairy
INFO     	     whimsicott    prankster heavydutyboots [gigadrain, moonblast, stunspore, uturn] ttype=steel
INFO     	        heatran    flashfire   airballoon [earthpower, heavyslam, lavaplume, stealthrock] ttype=grass
INFO     	     arceusdark    multitype   dreadplate [calmmind, dazzlinggleam, judgment, recover] ttype=fairy
INFO     Searching for a move using PUCT MCTS with neural priors...
INFO     Sampling 2 battles at 500ms each
INFO     Computing neural priors for all battles...
INFO     Initialized StateTranslator with TeamPreviewObservationSpace
INFO     Initializing LocalPolicyProvider with model: Abra
INFO     Loading pretrained Abra model...
INFO     CUDA not available - overriding FlashAttention with VanillaAttention
[91mWarning: Using unofficial VanillaAttention implementation[0m


 		 AMAGO v3.1
            	 -------------------------
            	 Agent: MultiTaskAgent
            		 Max Sequence Length: 200
            		 TstepEncoder Type: MetamonTstepEncoder
            		 TrajEncoder Type: TformerTrajEncoder
            		 Total Parameters: 57,535,116
            		 Offline Loss Weight: 1.0
            		 Online Loss Weight: 0.0
            		 Mixed Precision: NO
            		 Checkpoint Path: /Users/yadureddy/Documents/GitHub/clean/pokeagent_ac_mcts/.metamon_cache/pretrained_models/models--jakegrigsby--metamon/snapshots/c5d1cb9abb6747066a325228845a5a8af3d12139/abra/abra/ckpts
            	 Environment:
            		 DummyAsyncVectorEnv(Gym Env x 1)
            		 Exploration Type: None
            	 Dataset: DoNothingDataset
            	 Accelerate Processes: 1 


INFO     Successfully loaded Abra model
ERROR    Error translating battle to observation: 
WARNING  Failed to get priors for battle: 
ERROR    Error translating battle to observation: 
WARNING  Failed to get priors for battle: 
INFO     Successfully computed neural priors for 0/2 battles
INFO     Using PUCT-guided move selection (priors integrated during search)...
INFO     Policy 0: psychicnoise visited 94.53% avg_score=0.491 sample_chance_multiplier=0.5
INFO     Policy 1: psychicnoise visited 96.22% avg_score=0.419 sample_chance_multiplier=0.5
INFO     Considered Choices:
INFO     	95.374%: psychicnoise
INFO     Choice: psychicnoise
INFO     Updated indeedee's min speed to 163
INFO     indeedee used two different moves - it cannot have a choice item
INFO     indeedee used a normal move, removing normalgem from possible items
INFO     Setting indeedee's last used move: hypervoice
INFO     indeedee used a damaging move - not guessing lifeorb anymore
INFO     indeedee did 36.76% damage to wyrdeer with hypervoice
INFO     Setting indeedee's item to: lifeorb
INFO     psychicterrain turns remaining: 2
INFO     indeedee has less than maxhp during upkeep, no longer guessing leftovers or blacksludge
INFO     Sampling battle 0
INFO     	       indeedee psychicsurge      lifeorb [expandingforce, healingwish, hypervoice, shadowball] ttype=psychic
INFO     Sampling 5 unrevealed pokemon
INFO     	     ragingbolt protosynthesis  assaultvest [discharge, dracometeor, thunderclap, voltswitch] ttype=electric
INFO     	taurospaldeaaqua   intimidate   choiceband [aquajet, closecombat, stoneedge, wavecrash] ttype=water
INFO     	 electrodehisui    aftermath      lifeorb [gigadrain, thunderbolt, thunderwave, voltswitch] ttype=electric
INFO     	      spiritomb  infiltrator    leftovers [foulplay, poltergeist, suckerpunch, toxic] ttype=ghost
INFO     	      palossand watercompaction    leftovers [earthpower, shadowball, shoreup, stealthrock] ttype=water
INFO     Sampling battle 1
INFO     	       indeedee psychicsurge      lifeorb [dazzlinggleam, expandingforce, hypervoice, shadowball] ttype=psychic
INFO     Sampling 5 unrevealed pokemon
INFO     	      coalossal    flamebody heavydutyboots [flamethrower, rapidspin, stealthrock, stoneedge] ttype=water
INFO     	      abomasnow  snowwarning    lightclay [auroraveil, blizzard, iceshard, woodhammer] ttype=water
INFO     	       chienpao  swordofruin   choiceband [iceshard, iciclecrash, sacredsword, throatchop] ttype=ice
INFO     	        jolteon   voltabsorb      lifeorb [alluringvoice, calmmind, shadowball, thunderbolt] ttype=electric
INFO     	        okidogi   toxicchain  assaultvest [drainpunch, gunkshot, highhorsepower, knockoff] ttype=dark
INFO     Searching for a move using PUCT MCTS with neural priors...
INFO     Sampling 2 battles at 500ms each
INFO     Computing neural priors for all battles...
INFO     Initialized StateTranslator with TeamPreviewObservationSpace
INFO     Initializing LocalPolicyProvider with model: Abra
INFO     Loading pretrained Abra model...
INFO     CUDA not available - overriding FlashAttention with VanillaAttention
[91mWarning: Using unofficial VanillaAttention implementation[0m


 		 AMAGO v3.1
            	 -------------------------
            	 Agent: MultiTaskAgent
            		 Max Sequence Length: 200
            		 TstepEncoder Type: MetamonTstepEncoder
            		 TrajEncoder Type: TformerTrajEncoder
            		 Total Parameters: 57,535,116
            		 Offline Loss Weight: 1.0
            		 Online Loss Weight: 0.0
            		 Mixed Precision: NO
            		 Checkpoint Path: /Users/yadureddy/Documents/GitHub/clean/pokeagent_ac_mcts/.metamon_cache/pretrained_models/models--jakegrigsby--metamon/snapshots/c5d1cb9abb6747066a325228845a5a8af3d12139/abra/abra/ckpts
            	 Environment:
            		 DummyAsyncVectorEnv(Gym Env x 1)
            		 Exploration Type: None
            	 Dataset: DoNothingDataset
            	 Accelerate Processes: 1 


INFO     Successfully loaded Abra model
ERROR    Error translating battle to observation: 
WARNING  Failed to get priors for battle: 
ERROR    Error translating battle to observation: 
WARNING  Failed to get priors for battle: 
INFO     Successfully computed neural priors for 0/2 battles
INFO     Using PUCT-guided move selection (priors integrated during search)...
INFO     Policy 0: switch regidrago visited 98.87% avg_score=0.682 sample_chance_multiplier=0.5
INFO     Policy 1: switch regidrago visited 98.79% avg_score=0.587 sample_chance_multiplier=0.5
INFO     Considered Choices:
INFO     	98.83%: switch regidrago
INFO     Choice: switch regidrago
INFO     regidrago switched in, adding intimidate to impossible abilities
INFO     regidrago switched in, adding pressure to impossible abilities
INFO     regidrago switched in, adding neutralizinggas to impossible abilities
INFO     regidrago switched in, adding sandstream to impossible abilities
INFO     regidrago switched in, adding drought to impossible abilities
INFO     regidrago switched in, adding drizzle to impossible abilities
INFO     regidrago switched in, adding snowwarning to impossible abilities
INFO     regidrago switched in, adding boosterenergy to impossible items
INFO     regidrago switched in, adding airballoon to impossible items
INFO     
INFO     Turn: 4
INFO     Sampling battle 0
INFO     	       indeedee psychicsurge      lifeorb [dazzlinggleam, expandingforce, hypervoice, shadowball] ttype=psychic
INFO     Sampling 5 unrevealed pokemon
INFO     	         espeon  magicbounce      lifeorb [alluringvoice, morningsun, psyshock, shadowball] ttype=fairy
INFO     	       granbull   intimidate    leftovers [earthquake, playrough, roar, thunderwave] ttype=ground
INFO     	      excadrill     sandrush    leftovers [earthquake, ironhead, rapidspin, swordsdance] ttype=water
INFO     	      decidueye     overgrow heavydutyboots [defog, leafstorm, roost, spiritshackle] ttype=ghost
INFO     	       garchomp    roughskin   loadeddice [earthquake, ironhead, scaleshot, swordsdance] ttype=ground
INFO     Sampling battle 1
INFO     	       indeedee psychicsurge      lifeorb [expandingforce, healingwish, hypervoice, shadowball] ttype=psychic
INFO     Sampling 5 unrevealed pokemon
INFO     	   arceusdragon    multitype   dracoplate [dragondance, flareblitz, heavyslam, outrage] ttype=fire
INFO     	     chandelure    flashfire heavydutyboots [calmmind, fireblast, flamecharge, shadowball] ttype=fire
INFO     	 exeggutoralola      harvest  sitrusberry [calmmind, dragonpulse, flamethrower, gigadrain] ttype=steel
INFO     	       vivillon compoundeyes heavydutyboots [hurricane, quiverdance, sleeppowder, terablast] ttype=ground
INFO     	        kleavor    sharpness heavydutyboots [closecombat, stoneaxe, swordsdance, xscissor] ttype=rock
INFO     Searching for a move using PUCT MCTS with neural priors...
INFO     Sampling 2 battles at 500ms each
INFO     Computing neural priors for all battles...
INFO     Initialized StateTranslator with TeamPreviewObservationSpace
INFO     Initializing LocalPolicyProvider with model: Abra
INFO     Loading pretrained Abra model...
INFO     CUDA not available - overriding FlashAttention with VanillaAttention
[91mWarning: Using unofficial VanillaAttention implementation[0m


 		 AMAGO v3.1
            	 -------------------------
            	 Agent: MultiTaskAgent
            		 Max Sequence Length: 200
            		 TstepEncoder Type: MetamonTstepEncoder
            		 TrajEncoder Type: TformerTrajEncoder
            		 Total Parameters: 57,535,116
            		 Offline Loss Weight: 1.0
            		 Online Loss Weight: 0.0
            		 Mixed Precision: NO
            		 Checkpoint Path: /Users/yadureddy/Documents/GitHub/clean/pokeagent_ac_mcts/.metamon_cache/pretrained_models/models--jakegrigsby--metamon/snapshots/c5d1cb9abb6747066a325228845a5a8af3d12139/abra/abra/ckpts
            	 Environment:
            		 DummyAsyncVectorEnv(Gym Env x 1)
            		 Exploration Type: None
            	 Dataset: DoNothingDataset
            	 Accelerate Processes: 1 


INFO     Successfully loaded Abra model
ERROR    Error translating battle to observation: 
WARNING  Failed to get priors for battle: 
ERROR    Error translating battle to observation: 
WARNING  Failed to get priors for battle: 
INFO     Successfully computed neural priors for 0/2 battles
INFO     Using PUCT-guided move selection (priors integrated during search)...
INFO     Policy 0: switch florges visited 33.93% avg_score=0.379 sample_chance_multiplier=0.5
INFO     Policy 1: dragonenergy visited 98.21% avg_score=0.817 sample_chance_multiplier=0.5
INFO     Considered Choices:
INFO     	57.829%: dragonenergy
INFO     Choice: dragonenergy
INFO     regidrago already has the move dragonenergy. Decrementing the PP by 1
INFO     regidrago used a dragon move, removing dragongem from possible items
INFO     Setting regidrago's last used move: dragonenergy
INFO     regidrago used a damaging move - not guessing lifeorb anymore
INFO     regidrago did 72.0% damage to indeedee with dragonenergy
INFO     psychicterrain turns remaining: 1
INFO     indeedee has less than maxhp during upkeep, no longer guessing leftovers or blacksludge
INFO     Opponent has switched - clearing the last used move
INFO     typhlosion switched in, adding intimidate to impossible abilities
INFO     typhlosion switched in, adding pressure to impossible abilities
INFO     typhlosion switched in, adding neutralizinggas to impossible abilities
INFO     typhlosion switched in, adding sandstream to impossible abilities
INFO     typhlosion switched in, adding drought to impossible abilities
INFO     typhlosion switched in, adding drizzle to impossible abilities
INFO     typhlosion switched in, adding snowwarning to impossible abilities
INFO     typhlosion switched in, adding boosterenergy to impossible items
INFO     typhlosion switched in, adding airballoon to impossible items
INFO     
INFO     Turn: 5
INFO     Sampling battle 0
INFO     	     typhlosion    flashfire  choicescarf [eruption, fireblast, focusblast, scorchingsands] ttype=fire
INFO     Sampling 4 unrevealed pokemon
INFO     	      hydrapple  regenerator  choicespecs [dracometeor, earthpower, ficklebeam, leafstorm] ttype=dragon
INFO     	  calyrexshadow asone(spectrier)  choicespecs [astralbarrage, pollenpuff, psyshock, trick] ttype=dark
INFO     	       glimmora  toxicdebris   airballoon [earthpower, powergem, sludgewave, stealthrock] ttype=ground
INFO     	       ampharos       static  assaultvest [dazzlinggleam, dragontail, thunderbolt, voltswitch] ttype=fairy
INFO     Sampling battle 1
INFO     	     typhlosion        blaze  choicescarf [eruption, fireblast, focusblast, scorchingsands] ttype=fire
INFO     Sampling 4 unrevealed pokemon
INFO     	          minun   voltabsorb      lifeorb [alluringvoice, encore, nastyplot, thunderbolt] ttype=electric
INFO     	taurospaldeacombat   intimidate   choiceband [closecombat, earthquake, ironhead, throatchop] ttype=fighting
INFO     	       sunflora  chlorophyll  choicespecs [dazzlinggleam, earthpower, leafstorm, sludgebomb] ttype=ground
INFO     	        darkrai    baddreams    leftovers [darkpulse, nastyplot, sludgebomb, substitute] ttype=poison
INFO     Sampling battle 2
INFO     	     typhlosion        blaze  choicespecs [eruption, fireblast, focusblast, scorchingsands] ttype=fire
INFO     Sampling 4 unrevealed pokemon
INFO     	    slitherwing protosynthesis  choicescarf [closecombat, earthquake, uturn, wildcharge] ttype=electric
INFO     	      mightyena   intimidate  assaultvest [crunch, playrough, poisonfang, superfang] ttype=poison
INFO     	    arceusgrass    multitype  meadowplate [calmmind, fireblast, judgment, recover] ttype=fire
INFO     	      spiritomb  infiltrator    leftovers [foulplay, painsplit, poltergeist, willowisp] ttype=poison
INFO     Sampling battle 3
INFO     	     typhlosion    flashfire  choicescarf [eruption, fireblast, focusblast, scorchingsands] ttype=fire
INFO     Sampling 4 unrevealed pokemon
INFO     	       mukalola  poisontouch  assaultvest [drainpunch, knockoff, poisonjab, shadowsneak] ttype=dark
INFO     	         golurk      noguard   choiceband [dynamicpunch, earthquake, poltergeist, stoneedge] ttype=ghost
INFO     	        malamar     contrary    leftovers [knockoff, rest, sleeptalk, superpower] ttype=poison
INFO     	     forretress       sturdy    leftovers [bodypress, ironhead, rapidspin, stealthrock] ttype=water
INFO     Searching for a move using PUCT MCTS with neural priors...
INFO     Sampling 4 battles at 250ms each
INFO     Computing neural priors for all battles...
INFO     Initialized StateTranslator with TeamPreviewObservationSpace
INFO     Initializing LocalPolicyProvider with model: Abra
INFO     Loading pretrained Abra model...
INFO     CUDA not available - overriding FlashAttention with VanillaAttention
[91mWarning: Using unofficial VanillaAttention implementation[0m


 		 AMAGO v3.1
            	 -------------------------
            	 Agent: MultiTaskAgent
            		 Max Sequence Length: 200
            		 TstepEncoder Type: MetamonTstepEncoder
            		 TrajEncoder Type: TformerTrajEncoder
            		 Total Parameters: 57,535,116
            		 Offline Loss Weight: 1.0
            		 Online Loss Weight: 0.0
            		 Mixed Precision: NO
            		 Checkpoint Path: /Users/yadureddy/Documents/GitHub/clean/pokeagent_ac_mcts/.metamon_cache/pretrained_models/models--jakegrigsby--metamon/snapshots/c5d1cb9abb6747066a325228845a5a8af3d12139/abra/abra/ckpts
            	 Environment:
            		 DummyAsyncVectorEnv(Gym Env x 1)
            		 Exploration Type: None
            	 Dataset: DoNothingDataset
            	 Accelerate Processes: 1 


INFO     Successfully loaded Abra model
ERROR    Error translating battle to observation: 
WARNING  Failed to get priors for battle: 
ERROR    Error translating battle to observation: 
WARNING  Failed to get priors for battle: 
ERROR    Error translating battle to observation: 
WARNING  Failed to get priors for battle: 
ERROR    Error translating battle to observation: 
WARNING  Failed to get priors for battle: 
INFO     Successfully computed neural priors for 0/4 battles
INFO     Using PUCT-guided move selection (priors integrated during search)...
INFO     Policy 0: dragonenergy visited 98.74% avg_score=0.681 sample_chance_multiplier=0.25
INFO     Policy 1: dragonenergy visited 98.29% avg_score=0.603 sample_chance_multiplier=0.25
INFO     Policy 2: dragonenergy visited 98.92% avg_score=0.622 sample_chance_multiplier=0.25
INFO     Policy 3: dragonenergy visited 96.6% avg_score=0.647 sample_chance_multiplier=0.25
INFO     Considered Choices:
INFO     	98.138%: dragonenergy
INFO     Choice: dragonenergy
INFO     Updated typhlosion's min speed to 252
INFO     typhlosion used a fire move, removing firegem from possible items
INFO     Setting typhlosion's last used move: fireblast
INFO     typhlosion used a damaging move - not guessing lifeorb anymore
INFO     Opponent typhlosion could not have gone first - setting it's item to choicescarf
INFO     typhlosion did 22.3% damage to regidrago with fireblast
INFO     regidrago already has the move dragonenergy. Decrementing the PP by 1
INFO     regidrago used a dragon move, removing dragongem from possible items
INFO     Setting regidrago's last used move: dragonenergy
INFO     regidrago used a damaging move - not guessing lifeorb anymore
INFO     regidrago did 95.0% damage to typhlosion with dragonenergy
WARNING  Would remove all possibilities, not removing any
WARNING  actual_damage_dealt=254.6
INFO     Setting the field to None
INFO     typhlosion has less than maxhp during upkeep, no longer guessing leftovers or blacksludge
INFO     
INFO     Turn: 6
INFO     Sampling battle 0
INFO     	     typhlosion        blaze  choicescarf [eruption, fireblast, focusblast, scorchingsands] ttype=fire
INFO     Sampling 4 unrevealed pokemon
INFO     	        lucario    justified      lifeorb [closecombat, extremespeed, meteormash, swordsdance] ttype=normal
INFO     	        seviper  infiltrator      lifeorb [flamethrower, gigadrain, gunkshot, knockoff] ttype=grass
INFO     	        ariados        swarm heavydutyboots [knockoff, megahorn, poisonjab, toxicspikes] ttype=ghost
INFO     	       koraidon orichalcumpulse   loadeddice [collisioncourse, flareblitz, scaleshot, swordsdance] ttype=fire
INFO     Sampling battle 1
INFO     	     typhlosion    flashfire  choicescarf [eruption, fireblast, focusblast, scorchingsands] ttype=fire
INFO     Sampling 4 unrevealed pokemon
INFO     	      hatterene  magicbounce    leftovers [calmmind, drainingkiss, mysticalfire, psyshock] ttype=steel
INFO     	    roaringmoon protosynthesis     lumberry [dragondance, knockoff, outrage, roost] ttype=dragon
INFO     	         palkia     pressure  lustrousorb [dracometeor, fireblast, hydropump, thunderwave] ttype=fire
INFO     	       dachsbun wellbakedbody    leftovers [playrough, protect, stompingtantrum, wish] ttype=steel
INFO     Searching for a move using PUCT MCTS with neural priors...
INFO     Sampling 2 battles at 500ms each
INFO     Computing neural priors for all battles...
INFO     Initialized StateTranslator with TeamPreviewObservationSpace
INFO     Initializing LocalPolicyProvider with model: Abra
INFO     Loading pretrained Abra model...
INFO     CUDA not available - overriding FlashAttention with VanillaAttention
[91mWarning: Using unofficial VanillaAttention implementation[0m


 		 AMAGO v3.1
            	 -------------------------
            	 Agent: MultiTaskAgent
            		 Max Sequence Length: 200
            		 TstepEncoder Type: MetamonTstepEncoder
            		 TrajEncoder Type: TformerTrajEncoder
            		 Total Parameters: 57,535,116
            		 Offline Loss Weight: 1.0
            		 Online Loss Weight: 0.0
            		 Mixed Precision: NO
            		 Checkpoint Path: /Users/yadureddy/Documents/GitHub/clean/pokeagent_ac_mcts/.metamon_cache/pretrained_models/models--jakegrigsby--metamon/snapshots/c5d1cb9abb6747066a325228845a5a8af3d12139/abra/abra/ckpts
            	 Environment:
            		 DummyAsyncVectorEnv(Gym Env x 1)
            		 Exploration Type: None
            	 Dataset: DoNothingDataset
            	 Accelerate Processes: 1 


INFO     Successfully loaded Abra model
ERROR    Error translating battle to observation: 
WARNING  Failed to get priors for battle: 
ERROR    Error translating battle to observation: 
WARNING  Failed to get priors for battle: 
INFO     Successfully computed neural priors for 0/2 battles
INFO     Using PUCT-guided move selection (priors integrated during search)...
INFO     Policy 0: switch basculinbluestriped visited 50.79% avg_score=0.426 sample_chance_multiplier=0.5
INFO     Policy 1: switch basculinbluestriped visited 43.14% avg_score=0.559 sample_chance_multiplier=0.5
INFO     Considered Choices:
INFO     	46.965%: switch basculinbluestriped
INFO     Choice: switch basculinbluestriped
INFO     basculinbluestriped switched in, adding intimidate to impossible abilities
INFO     basculinbluestriped switched in, adding pressure to impossible abilities
INFO     basculinbluestriped switched in, adding neutralizinggas to impossible abilities
INFO     basculinbluestriped switched in, adding sandstream to impossible abilities
INFO     basculinbluestriped switched in, adding drought to impossible abilities
INFO     basculinbluestriped switched in, adding drizzle to impossible abilities
INFO     basculinbluestriped switched in, adding snowwarning to impossible abilities
INFO     basculinbluestriped switched in, adding boosterenergy to impossible items
INFO     basculinbluestriped switched in, adding airballoon to impossible items
INFO     typhlosion already has the move fireblast. Decrementing the PP by 1
INFO     typhlosion used a fire move, removing firegem from possible items
INFO     Setting typhlosion's last used move: fireblast
INFO     typhlosion used a damaging move - not guessing lifeorb anymore
INFO     typhlosion did 33.33% damage to basculinbluestriped with fireblast
INFO     typhlosion has less than maxhp during upkeep, no longer guessing leftovers or blacksludge
INFO     
INFO     Turn: 7
INFO     Sampling battle 0
INFO     	     typhlosion    flashfire  choicescarf [eruption, fireblast, focusblast, scorchingsands] ttype=fire
INFO     Sampling 4 unrevealed pokemon
INFO     	       camerupt    solidrock    leftovers [earthquake, overheat, roar, willowisp] ttype=water
INFO     	 arceusfighting    multitype    fistplate [bodypress, irondefense, recover, shadowball] ttype=steel
INFO     	       glimmora  toxicdebris   airballoon [earthpower, sludgewave, spikes, stealthrock] ttype=ground
INFO     	 keldeoresolute    justified  choicespecs [airslash, flipturn, hydropump, secretsword] ttype=water
INFO     Sampling battle 1
INFO     	     typhlosion    flashfire  choicescarf [eruption, fireblast, focusblast, scorchingsands] ttype=fire
INFO     Sampling 4 unrevealed pokemon
INFO     	          klawf  regenerator      lifeorb [crabhammer, knockoff, stealthrock, stoneedge] ttype=rock
INFO     	         luxray   intimidate  assaultvest [icefang, playrough, voltswitch, wildcharge] ttype=electric
INFO     	         lunala shadowshield    leftovers [calmmind, moongeistbeam, moonlight, psyshock] ttype=fairy
INFO     	       whiscash    oblivious      lifeorb [dragondance, earthquake, liquidation, stoneedge] ttype=steel
INFO     Searching for a move using PUCT MCTS with neural priors...
INFO     Sampling 2 battles at 500ms each
INFO     Computing neural priors for all battles...
INFO     Initialized StateTranslator with TeamPreviewObservationSpace
INFO     Initializing LocalPolicyProvider with model: Abra
INFO     Loading pretrained Abra model...
INFO     CUDA not available - overriding FlashAttention with VanillaAttention
[91mWarning: Using unofficial VanillaAttention implementation[0m


 		 AMAGO v3.1
            	 -------------------------
            	 Agent: MultiTaskAgent
            		 Max Sequence Length: 200
            		 TstepEncoder Type: MetamonTstepEncoder
            		 TrajEncoder Type: TformerTrajEncoder
            		 Total Parameters: 57,535,116
            		 Offline Loss Weight: 1.0
            		 Online Loss Weight: 0.0
            		 Mixed Precision: NO
            		 Checkpoint Path: /Users/yadureddy/Documents/GitHub/clean/pokeagent_ac_mcts/.metamon_cache/pretrained_models/models--jakegrigsby--metamon/snapshots/c5d1cb9abb6747066a325228845a5a8af3d12139/abra/abra/ckpts
            	 Environment:
            		 DummyAsyncVectorEnv(Gym Env x 1)
            		 Exploration Type: None
            	 Dataset: DoNothingDataset
            	 Accelerate Processes: 1 


INFO     Successfully loaded Abra model
ERROR    Error translating battle to observation: 
WARNING  Failed to get priors for battle: 
ERROR    Error translating battle to observation: 
WARNING  Failed to get priors for battle: 
INFO     Successfully computed neural priors for 0/2 battles
INFO     Using PUCT-guided move selection (priors integrated during search)...
INFO     Policy 0: flipturn visited 47.5% avg_score=0.609 sample_chance_multiplier=0.5
INFO     Policy 1: switch florges visited 50.21% avg_score=0.481 sample_chance_multiplier=0.5
INFO     Considered Choices:
INFO     	29.727%: flipturn
INFO     	25.242%: switch florges
INFO     	23.971%: wavecrash
INFO     Choice: wavecrash
INFO     typhlosion already has the move fireblast. Decrementing the PP by 1
INFO     typhlosion used a fire move, removing firegem from possible items
INFO     Setting typhlosion's last used move: fireblast
INFO     typhlosion used a damaging move - not guessing lifeorb anymore
INFO     basculinbluestriped already has the move wavecrash. Decrementing the PP by 1
INFO     basculinbluestriped used a water move, removing watergem from possible items
INFO     Setting basculinbluestriped's last used move: wavecrash
INFO     basculinbluestriped used a damaging move - not guessing lifeorb anymore
INFO     basculinbluestriped did 5.0% damage to typhlosion with wavecrash
INFO     typhlosion has less than maxhp during upkeep, no longer guessing leftovers or blacksludge
INFO     Opponent has switched - clearing the last used move
INFO     lokix switched in, adding intimidate to impossible abilities
INFO     lokix switched in, adding pressure to impossible abilities
INFO     lokix switched in, adding neutralizinggas to impossible abilities
INFO     lokix switched in, adding sandstream to impossible abilities
INFO     lokix switched in, adding drought to impossible abilities
INFO     lokix switched in, adding drizzle to impossible abilities
INFO     lokix switched in, adding snowwarning to impossible abilities
INFO     lokix switched in, adding boosterenergy to impossible items
INFO     lokix switched in, adding airballoon to impossible items
INFO     
INFO     Turn: 8
INFO     Sampling battle 0
INFO     	          lokix   tintedlens silverpowder [firstimpression, knockoff, suckerpunch, uturn] ttype=bug
INFO     Sampling 3 unrevealed pokemon
INFO     	        scyther   technician heavydutyboots [bugbite, closecombat, dualwingbeat, swordsdance] ttype=fighting
INFO     	ogerponwellspring  waterabsorb wellspringmask [ivycudgel, knockoff, powerwhip, swordsdance] ttype=water
INFO     	       qwilfish   intimidate    leftovers [gunkshot, taunt, thunderwave, waterfall] ttype=grass
INFO     Sampling battle 1
INFO     	          lokix   tintedlens      lifeorb [firstimpression, knockoff, leechlife, suckerpunch] ttype=bug
INFO     Sampling 3 unrevealed pokemon
INFO     	      infernape        blaze      lifeorb [closecombat, gunkshot, knockoff, overheat] ttype=fighting
INFO     	      hitmonlee     unburden    whiteherb [closecombat, knockoff, poisonjab, swordsdance] ttype=fighting
INFO     	     mabosstiff     stakeout   choiceband [crunch, playrough, psychicfangs, wildcharge] ttype=dark
INFO     Sampling battle 2
INFO     	          lokix   tintedlens      lifeorb [knockoff, leechlife, suckerpunch, swordsdance] ttype=dark
INFO     Sampling 3 unrevealed pokemon
INFO     	         lapras  waterabsorb heavydutyboots [freezedry, rest, sleeptalk, sparklingaria] ttype=steel
INFO     	      terrakion    justified   choiceband [closecombat, earthquake, quickattack, stoneedge] ttype=ground
INFO     	       mukalola  poisontouch  assaultvest [drainpunch, knockoff, poisonjab, shadowsneak] ttype=dark
INFO     Sampling battle 3
INFO     	          lokix   tintedlens      lifeorb [firstimpression, knockoff, leechlife, suckerpunch] ttype=bug
INFO     Sampling 3 unrevealed pokemon
INFO     	      serperior     contrary    leftovers [leafstorm, leechseed, substitute, terablast] ttype=fire
INFO     	      dunsparce  serenegrace     eviolite [bodyslam, coil, earthquake, roost] ttype=ground
INFO     	        avalugg       sturdy heavydutyboots [avalanche, bodypress, curse, recover] ttype=fighting
INFO     Searching for a move using PUCT MCTS with neural priors...
INFO     Sampling 4 battles at 250ms each
INFO     Computing neural priors for all battles...
INFO     Initialized StateTranslator with TeamPreviewObservationSpace
INFO     Initializing LocalPolicyProvider with model: Abra
INFO     Loading pretrained Abra model...
INFO     CUDA not available - overriding FlashAttention with VanillaAttention
[91mWarning: Using unofficial VanillaAttention implementation[0m


 		 AMAGO v3.1
            	 -------------------------
            	 Agent: MultiTaskAgent
            		 Max Sequence Length: 200
            		 TstepEncoder Type: MetamonTstepEncoder
            		 TrajEncoder Type: TformerTrajEncoder
            		 Total Parameters: 57,535,116
            		 Offline Loss Weight: 1.0
            		 Online Loss Weight: 0.0
            		 Mixed Precision: NO
            		 Checkpoint Path: /Users/yadureddy/Documents/GitHub/clean/pokeagent_ac_mcts/.metamon_cache/pretrained_models/models--jakegrigsby--metamon/snapshots/c5d1cb9abb6747066a325228845a5a8af3d12139/abra/abra/ckpts
            	 Environment:
            		 DummyAsyncVectorEnv(Gym Env x 1)
            		 Exploration Type: None
            	 Dataset: DoNothingDataset
            	 Accelerate Processes: 1 


INFO     Successfully loaded Abra model
ERROR    Error translating battle to observation: 
WARNING  Failed to get priors for battle: 
ERROR    Error translating battle to observation: 
WARNING  Failed to get priors for battle: 
ERROR    Error translating battle to observation: 
WARNING  Failed to get priors for battle: 
ERROR    Error translating battle to observation: 
WARNING  Failed to get priors for battle: 
INFO     Successfully computed neural priors for 0/4 battles
INFO     Using PUCT-guided move selection (priors integrated during search)...
INFO     Policy 0: wavecrash visited 80.67% avg_score=0.576 sample_chance_multiplier=0.25
INFO     Policy 1: wavecrash visited 93.59% avg_score=0.7 sample_chance_multiplier=0.25
INFO     Policy 2: wavecrash visited 88.46% avg_score=0.607 sample_chance_multiplier=0.25
INFO     Policy 3: switch blastoise visited 96.24% avg_score=0.731 sample_chance_multiplier=0.25
INFO     Considered Choices:
INFO     	66.158%: wavecrash
INFO     Choice: wavecrash
INFO     lokix used a dark move, removing darkgem from possible items
INFO     Setting lokix's last used move: suckerpunch
INFO     lokix used a damaging move - not guessing lifeorb anymore
INFO     lokix did 42.15% damage to basculinbluestriped with suckerpunch
INFO     Setting lokix's item to: lifeorb
INFO     basculinbluestriped already has the move wavecrash. Decrementing the PP by 1
INFO     basculinbluestriped used a water move, removing watergem from possible items
INFO     Setting basculinbluestriped's last used move: wavecrash
INFO     basculinbluestriped used a damaging move - not guessing lifeorb anymore
INFO     basculinbluestriped did 91.0% damage to lokix with wavecrash
INFO     lokix has less than maxhp during upkeep, no longer guessing leftovers or blacksludge
INFO     Sampling battle 0
INFO     	          lokix   tintedlens      lifeorb [firstimpression, knockoff, suckerpunch, uturn] ttype=bug
INFO     Sampling 3 unrevealed pokemon
INFO     	     ironbundle   quarkdrive heavydutyboots [encore, freezedry, hydropump, icebeam] ttype=ice
INFO     	        gallade    sharpness   choiceband [leafblade, nightslash, psychocut, sacredsword] ttype=grass
INFO     	       lycanroc     sandrush   choiceband [closecombat, crunch, psychicfangs, stoneedge] ttype=fighting
INFO     Sampling battle 1
INFO     	          lokix   tintedlens      lifeorb [firstimpression, knockoff, suckerpunch, uturn] ttype=bug
INFO     Sampling 3 unrevealed pokemon
INFO     	     ironleaves   quarkdrive      lifeorb [closecombat, leafblade, psyblade, swordsdance] ttype=fighting
INFO     	        falinks      defiant      lifeorb [closecombat, ironhead, knockoff, noretreat] ttype=dark
INFO     	       cinccino   technician   loadeddice [bulletseed, tailslap, tripleaxel, uturn] ttype=grass
INFO     Searching for a move using PUCT MCTS with neural priors...
INFO     Sampling 2 battles at 500ms each
INFO     Computing neural priors for all battles...
INFO     Initialized StateTranslator with TeamPreviewObservationSpace
INFO     Initializing LocalPolicyProvider with model: Abra
INFO     Loading pretrained Abra model...
INFO     CUDA not available - overriding FlashAttention with VanillaAttention
[91mWarning: Using unofficial VanillaAttention implementation[0m


 		 AMAGO v3.1
            	 -------------------------
            	 Agent: MultiTaskAgent
            		 Max Sequence Length: 200
            		 TstepEncoder Type: MetamonTstepEncoder
            		 TrajEncoder Type: TformerTrajEncoder
            		 Total Parameters: 57,535,116
            		 Offline Loss Weight: 1.0
            		 Online Loss Weight: 0.0
            		 Mixed Precision: NO
            		 Checkpoint Path: /Users/yadureddy/Documents/GitHub/clean/pokeagent_ac_mcts/.metamon_cache/pretrained_models/models--jakegrigsby--metamon/snapshots/c5d1cb9abb6747066a325228845a5a8af3d12139/abra/abra/ckpts
            	 Environment:
            		 DummyAsyncVectorEnv(Gym Env x 1)
            		 Exploration Type: None
            	 Dataset: DoNothingDataset
            	 Accelerate Processes: 1 


INFO     Successfully loaded Abra model
ERROR    Error translating battle to observation: 
WARNING  Failed to get priors for battle: 
ERROR    Error translating battle to observation: 
WARNING  Failed to get priors for battle: 
INFO     Successfully computed neural priors for 0/2 battles
INFO     Using PUCT-guided move selection (priors integrated during search)...
INFO     Policy 0: switch regidrago visited 87.24% avg_score=0.687 sample_chance_multiplier=0.5
INFO     Policy 1: switch regidrago visited 98.26% avg_score=0.451 sample_chance_multiplier=0.5
INFO     Considered Choices:
INFO     	92.751%: switch regidrago
INFO     Choice: switch regidrago
INFO     Opponent has switched - clearing the last used move
INFO     pawmot switched in, adding intimidate to impossible abilities
INFO     pawmot switched in, adding pressure to impossible abilities
INFO     pawmot switched in, adding neutralizinggas to impossible abilities
INFO     pawmot switched in, adding sandstream to impossible abilities
INFO     pawmot switched in, adding drought to impossible abilities
INFO     pawmot switched in, adding drizzle to impossible abilities
INFO     pawmot switched in, adding snowwarning to impossible abilities
INFO     pawmot switched in, adding boosterenergy to impossible items
INFO     pawmot switched in, adding airballoon to impossible items
INFO     
INFO     Turn: 9
INFO     Sampling battle 0
INFO     	         pawmot     ironfist      lifeorb [closecombat, doubleshock, icepunch, revivalblessing] ttype=electric
INFO     Sampling 2 unrevealed pokemon
INFO     	 keldeoresolute    justified  choicescarf [airslash, flipturn, hydropump, secretsword] ttype=fighting
INFO     	       camerupt    solidrock    leftovers [earthquake, overheat, roar, stealthrock] ttype=grass
INFO     Sampling battle 1
INFO     	         pawmot   voltabsorb   leppaberry [closecombat, doubleshock, nuzzle, revivalblessing] ttype=electric
INFO     Sampling 2 unrevealed pokemon
INFO     	       gumshoos adaptability   choiceband [doubleedge, earthquake, knockoff, uturn] ttype=ground
INFO     	     gothitelle    shadowtag    leftovers [calmmind, darkpulse, psychicnoise, thunderbolt] ttype=fairy
INFO     Searching for a move using PUCT MCTS with neural priors...
INFO     Sampling 2 battles at 500ms each
INFO     Computing neural priors for all battles...
INFO     Initialized StateTranslator with TeamPreviewObservationSpace
INFO     Initializing LocalPolicyProvider with model: Abra
INFO     Loading pretrained Abra model...
INFO     CUDA not available - overriding FlashAttention with VanillaAttention
[91mWarning: Using unofficial VanillaAttention implementation[0m


 		 AMAGO v3.1
            	 -------------------------
            	 Agent: MultiTaskAgent
            		 Max Sequence Length: 200
            		 TstepEncoder Type: MetamonTstepEncoder
            		 TrajEncoder Type: TformerTrajEncoder
            		 Total Parameters: 57,535,116
            		 Offline Loss Weight: 1.0
            		 Online Loss Weight: 0.0
            		 Mixed Precision: NO
            		 Checkpoint Path: /Users/yadureddy/Documents/GitHub/clean/pokeagent_ac_mcts/.metamon_cache/pretrained_models/models--jakegrigsby--metamon/snapshots/c5d1cb9abb6747066a325228845a5a8af3d12139/abra/abra/ckpts
            	 Environment:
            		 DummyAsyncVectorEnv(Gym Env x 1)
            		 Exploration Type: None
            	 Dataset: DoNothingDataset
            	 Accelerate Processes: 1 


INFO     Successfully loaded Abra model
ERROR    Error translating battle to observation: 
WARNING  Failed to get priors for battle: 
ERROR    Error translating battle to observation: 
WARNING  Failed to get priors for battle: 
INFO     Successfully computed neural priors for 0/2 battles
INFO     Using PUCT-guided move selection (priors integrated during search)...
INFO     Policy 0: outrage visited 95.79% avg_score=0.744 sample_chance_multiplier=0.5
INFO     Policy 1: outrage visited 85.49% avg_score=0.574 sample_chance_multiplier=0.5
INFO     Considered Choices:
INFO     	90.643%: outrage
INFO     Choice: outrage
INFO     Updated pawmot's max speed to 252
INFO     regidrago already has the move outrage. Decrementing the PP by 1
INFO     regidrago used a dragon move, removing dragongem from possible items
INFO     Adding lockedmove to regidrago
INFO     Setting regidrago's last used move: outrage
INFO     regidrago used a damaging move - not guessing lifeorb anymore
INFO     regidrago did 76.0% damage to pawmot with outrage
INFO     pawmot used a ice move, removing icegem from possible items
INFO     Setting pawmot's last used move: icepunch
INFO     pawmot used a damaging move - not guessing lifeorb anymore
INFO     pawmot did 59.08% damage to regidrago with icepunch
INFO     Setting pawmot's item to: lifeorb
INFO     Incremented lockedmove for user to 1
INFO     pawmot has less than maxhp during upkeep, no longer guessing leftovers or blacksludge
INFO     
INFO     Turn: 10
INFO     Sampling battle 0
INFO     	         pawmot     ironfist      lifeorb [closecombat, doubleshock, icepunch, revivalblessing] ttype=electric
INFO     Sampling 2 unrevealed pokemon
INFO     	         golurk      noguard   choiceband [dynamicpunch, earthquake, poltergeist, stoneedge] ttype=fighting
INFO     	       houndoom    flashfire heavydutyboots [darkpulse, fireblast, sludgebomb, suckerpunch] ttype=dark
INFO     Sampling battle 1
INFO     	         pawmot     ironfist      lifeorb [closecombat, doubleshock, icepunch, revivalblessing] ttype=electric
INFO     Sampling 2 unrevealed pokemon
INFO     	         golurk      noguard      lifeorb [dynamicpunch, earthquake, poltergeist, stealthrock] ttype=ghost
INFO     	          golem       sturdy weaknesspolicy [earthquake, explosion, rockpolish, stoneedge] ttype=grass
INFO     Searching for a move using PUCT MCTS with neural priors...
INFO     Sampling 2 battles at 500ms each
INFO     Computing neural priors for all battles...
INFO     Initialized StateTranslator with TeamPreviewObservationSpace
INFO     Initializing LocalPolicyProvider with model: Abra
INFO     Loading pretrained Abra model...
INFO     CUDA not available - overriding FlashAttention with VanillaAttention
[91mWarning: Using unofficial VanillaAttention implementation[0m


 		 AMAGO v3.1
            	 -------------------------
            	 Agent: MultiTaskAgent
            		 Max Sequence Length: 200
            		 TstepEncoder Type: MetamonTstepEncoder
            		 TrajEncoder Type: TformerTrajEncoder
            		 Total Parameters: 57,535,116
            		 Offline Loss Weight: 1.0
            		 Online Loss Weight: 0.0
            		 Mixed Precision: NO
            		 Checkpoint Path: /Users/yadureddy/Documents/GitHub/clean/pokeagent_ac_mcts/.metamon_cache/pretrained_models/models--jakegrigsby--metamon/snapshots/c5d1cb9abb6747066a325228845a5a8af3d12139/abra/abra/ckpts
            	 Environment:
            		 DummyAsyncVectorEnv(Gym Env x 1)
            		 Exploration Type: None
            	 Dataset: DoNothingDataset
            	 Accelerate Processes: 1 


INFO     Successfully loaded Abra model
ERROR    Error translating battle to observation: 
WARNING  Failed to get priors for battle: 
ERROR    Error translating battle to observation: 
WARNING  Failed to get priors for battle: 
INFO     Successfully computed neural priors for 0/2 battles
INFO     Using PUCT-guided move selection (priors integrated during search)...
INFO     Policy 0: outrage visited 100.0% avg_score=0.541 sample_chance_multiplier=0.5
INFO     Policy 1: outrage visited 100.0% avg_score=0.462 sample_chance_multiplier=0.5
INFO     Considered Choices:
INFO     	100.0%: outrage
INFO     Choice: outrage
INFO     regidrago already has the move outrage. Decrementing the PP by 1
INFO     regidrago used a dragon move, removing dragongem from possible items
INFO     Adding lockedmove to regidrago
INFO     Setting regidrago's last used move: outrage
INFO     regidrago used a damaging move - not guessing lifeorb anymore
INFO     regidrago did 14.000000000000002% damage to pawmot with outrage
INFO     Starting the volatile status confusion on regidrago
INFO     regidrago got confused, no longer guessing lumberry
INFO     regidrago got confused from fatigue, removing lockedmove from volatile statuses
INFO     pawmot has less than maxhp during upkeep, no longer guessing leftovers or blacksludge
INFO     Opponent has switched - clearing the last used move
INFO     flygon switched in, adding intimidate to impossible abilities
INFO     flygon switched in, adding pressure to impossible abilities
INFO     flygon switched in, adding neutralizinggas to impossible abilities
INFO     flygon switched in, adding sandstream to impossible abilities
INFO     flygon switched in, adding drought to impossible abilities
INFO     flygon switched in, adding drizzle to impossible abilities
INFO     flygon switched in, adding snowwarning to impossible abilities
INFO     flygon switched in, adding boosterenergy to impossible items
INFO     flygon switched in, adding airballoon to impossible items
INFO     
INFO     Turn: 11
INFO     Sampling battle 0
INFO     	         flygon     levitate   choiceband [earthquake, outrage, stoneedge, uturn] ttype=rock
INFO     Sampling 1 unrevealed pokemon
INFO     	       alcremie    aromaveil    leftovers [acidarmor, calmmind, dazzlinggleam, recover] ttype=poison
INFO     Sampling battle 1
INFO     	         flygon     levitate     lumberry [dragondance, earthquake, outrage, stoneedge] ttype=rock
INFO     Sampling 1 unrevealed pokemon
INFO     	       cloyster    skilllink    whiteherb [hydropump, iciclespear, rockblast, shellsmash] ttype=rock
INFO     Searching for a move using PUCT MCTS with neural priors...
INFO     Sampling 2 battles at 500ms each
INFO     Computing neural priors for all battles...
INFO     Initialized StateTranslator with TeamPreviewObservationSpace
INFO     Initializing LocalPolicyProvider with model: Abra
INFO     Loading pretrained Abra model...
INFO     CUDA not available - overriding FlashAttention with VanillaAttention
[91mWarning: Using unofficial VanillaAttention implementation[0m


 		 AMAGO v3.1
            	 -------------------------
            	 Agent: MultiTaskAgent
            		 Max Sequence Length: 200
            		 TstepEncoder Type: MetamonTstepEncoder
            		 TrajEncoder Type: TformerTrajEncoder
            		 Total Parameters: 57,535,116
            		 Offline Loss Weight: 1.0
            		 Online Loss Weight: 0.0
            		 Mixed Precision: NO
            		 Checkpoint Path: /Users/yadureddy/Documents/GitHub/clean/pokeagent_ac_mcts/.metamon_cache/pretrained_models/models--jakegrigsby--metamon/snapshots/c5d1cb9abb6747066a325228845a5a8af3d12139/abra/abra/ckpts
            	 Environment:
            		 DummyAsyncVectorEnv(Gym Env x 1)
            		 Exploration Type: None
            	 Dataset: DoNothingDataset
            	 Accelerate Processes: 1 


INFO     Successfully loaded Abra model
ERROR    Error translating battle to observation: 
WARNING  Failed to get priors for battle: 
ERROR    Error translating battle to observation: 
WARNING  Failed to get priors for battle: 
INFO     Successfully computed neural priors for 0/2 battles
INFO     Using PUCT-guided move selection (priors integrated during search)...
INFO     Policy 0: switch florges visited 90.7% avg_score=0.448 sample_chance_multiplier=0.5
INFO     Policy 1: switch blastoise visited 99.67% avg_score=0.88 sample_chance_multiplier=0.5
INFO     Considered Choices:
INFO     	50.507%: switch blastoise
INFO     	45.411%: switch florges
INFO     Choice: switch blastoise
INFO     blastoise switched in, adding intimidate to impossible abilities
INFO     blastoise switched in, adding pressure to impossible abilities
INFO     blastoise switched in, adding neutralizinggas to impossible abilities
INFO     blastoise switched in, adding sandstream to impossible abilities
INFO     blastoise switched in, adding drought to impossible abilities
INFO     blastoise switched in, adding drizzle to impossible abilities
INFO     blastoise switched in, adding snowwarning to impossible abilities
INFO     blastoise switched in, adding boosterenergy to impossible items
INFO     blastoise switched in, adding airballoon to impossible items
INFO     flygon using dragondance makes it unlikely to have a choice item. Setting can_have_choice_item to False
INFO     flygon used a status-move. Adding `assaultvest` to impossible items
INFO     Setting flygon's last used move: dragondance
INFO     flygon's attack was boosted by 1 to 1
INFO     flygon's speed was boosted by 1 to 1
INFO     
INFO     Turn: 12
INFO     Sampling battle 0
INFO     	         flygon     levitate     lumberry [dragondance, earthquake, outrage, stoneedge] ttype=ground
INFO     Sampling 1 unrevealed pokemon
INFO     	       clodsire  waterabsorb    leftovers [earthquake, recover, spikes, toxic] ttype=flying
INFO     Sampling battle 1
INFO     	         flygon     levitate     lumberry [dragondance, earthquake, outrage, stoneedge] ttype=ground
INFO     Sampling 1 unrevealed pokemon
INFO     	       slowking  regenerator heavydutyboots [chillyreception, psychicnoise, scald, slackoff] ttype=dragon
INFO     Searching for a move using PUCT MCTS with neural priors...
INFO     Sampling 2 battles at 500ms each
INFO     Computing neural priors for all battles...
INFO     Initialized StateTranslator with TeamPreviewObservationSpace
INFO     Initializing LocalPolicyProvider with model: Abra
INFO     Loading pretrained Abra model...
INFO     CUDA not available - overriding FlashAttention with VanillaAttention
[91mWarning: Using unofficial VanillaAttention implementation[0m


 		 AMAGO v3.1
            	 -------------------------
            	 Agent: MultiTaskAgent
            		 Max Sequence Length: 200
            		 TstepEncoder Type: MetamonTstepEncoder
            		 TrajEncoder Type: TformerTrajEncoder
            		 Total Parameters: 57,535,116
            		 Offline Loss Weight: 1.0
            		 Online Loss Weight: 0.0
            		 Mixed Precision: NO
            		 Checkpoint Path: /Users/yadureddy/Documents/GitHub/clean/pokeagent_ac_mcts/.metamon_cache/pretrained_models/models--jakegrigsby--metamon/snapshots/c5d1cb9abb6747066a325228845a5a8af3d12139/abra/abra/ckpts
            	 Environment:
            		 DummyAsyncVectorEnv(Gym Env x 1)
            		 Exploration Type: None
            	 Dataset: DoNothingDataset
            	 Accelerate Processes: 1 


INFO     Successfully loaded Abra model
ERROR    Error translating battle to observation: 
WARNING  Failed to get priors for battle: 
ERROR    Error translating battle to observation: 
WARNING  Failed to get priors for battle: 
INFO     Successfully computed neural priors for 0/2 battles
INFO     Using PUCT-guided move selection (priors integrated during search)...
INFO     Policy 0: shellsmash visited 99.57% avg_score=0.886 sample_chance_multiplier=0.5
INFO     Policy 1: shellsmash visited 98.91% avg_score=0.679 sample_chance_multiplier=0.5
INFO     Considered Choices:
INFO     	99.237%: shellsmash
INFO     Choice: shellsmash
INFO     Updated flygon's min speed to 114
INFO     flygon already has the move dragondance. Decrementing the PP by 1
INFO     flygon using dragondance makes it unlikely to have a choice item. Setting can_have_choice_item to False
INFO     flygon used a status-move. Adding `assaultvest` to impossible items
INFO     Setting flygon's last used move: dragondance
INFO     flygon's attack was boosted by 1 to 2
INFO     flygon's speed was boosted by 1 to 2
INFO     blastoise already has the move shellsmash. Decrementing the PP by 1
INFO     blastoise using shellsmash makes it unlikely to have a choice item. Setting can_have_choice_item to False
INFO     blastoise used a status-move. Adding `assaultvest` to impossible items
INFO     Setting blastoise's last used move: shellsmash
INFO     blastoise's defense was unboosted by 1 to -1
INFO     blastoise's special-defense was unboosted by 1 to -1
INFO     blastoise's attack was boosted by 2 to 2
INFO     blastoise's special-attack was boosted by 2 to 2
INFO     blastoise's speed was boosted by 2 to 2
INFO     Removing blastoise's item: whiteherb
INFO     Setting blastoise's removed item to whiteherb
INFO     Setting blastoise's defense boost to 0
INFO     Setting blastoise's special-defense boost to 0
INFO     
INFO     Turn: 13
INFO     Sampling battle 0
INFO     	         flygon     levitate     lumberry [dragondance, earthquake, outrage, stoneedge] ttype=steel
INFO     Sampling 1 unrevealed pokemon
INFO     	       blaziken   speedboost      lifeorb [closecombat, flareblitz, protect, swordsdance] ttype=fighting
INFO     Sampling battle 1
INFO     	         flygon     levitate     lumberry [dragondance, earthquake, outrage, stoneedge] ttype=ground
INFO     Sampling 1 unrevealed pokemon
INFO     	        ariados     insomnia heavydutyboots [knockoff, megahorn, poisonjab, toxicspikes] ttype=ghost
INFO     Searching for a move using PUCT MCTS with neural priors...
INFO     Sampling 2 battles at 500ms each
INFO     Computing neural priors for all battles...
INFO     Initialized StateTranslator with TeamPreviewObservationSpace
INFO     Initializing LocalPolicyProvider with model: Abra
INFO     Loading pretrained Abra model...
INFO     CUDA not available - overriding FlashAttention with VanillaAttention
[91mWarning: Using unofficial VanillaAttention implementation[0m


 		 AMAGO v3.1
            	 -------------------------
            	 Agent: MultiTaskAgent
            		 Max Sequence Length: 200
            		 TstepEncoder Type: MetamonTstepEncoder
            		 TrajEncoder Type: TformerTrajEncoder
            		 Total Parameters: 57,535,116
            		 Offline Loss Weight: 1.0
            		 Online Loss Weight: 0.0
            		 Mixed Precision: NO
            		 Checkpoint Path: /Users/yadureddy/Documents/GitHub/clean/pokeagent_ac_mcts/.metamon_cache/pretrained_models/models--jakegrigsby--metamon/snapshots/c5d1cb9abb6747066a325228845a5a8af3d12139/abra/abra/ckpts
            	 Environment:
            		 DummyAsyncVectorEnv(Gym Env x 1)
            		 Exploration Type: None
            	 Dataset: DoNothingDataset
            	 Accelerate Processes: 1 


INFO     Successfully loaded Abra model
ERROR    Error translating battle to observation: 
WARNING  Failed to get priors for battle: 
ERROR    Error translating battle to observation: 
WARNING  Failed to get priors for battle: 
INFO     Successfully computed neural priors for 0/2 battles
INFO     Using PUCT-guided move selection (priors integrated during search)...
INFO     Policy 0: icebeam visited 99.67% avg_score=0.81 sample_chance_multiplier=0.5
INFO     Policy 1: icebeam visited 99.77% avg_score=0.903 sample_chance_multiplier=0.5
INFO     Considered Choices:
INFO     	99.72%: icebeam
INFO     Choice: icebeam
INFO     Updated flygon's min speed to 171
INFO     flygon used two different moves - it cannot have a choice item
INFO     flygon used a rock move, removing rockgem from possible items
INFO     Setting flygon's last used move: stoneedge
INFO     flygon used a damaging move - not guessing lifeorb anymore
INFO     flygon did 77.52% damage to blastoise with stoneedge
INFO     blastoise already has the move icebeam. Decrementing the PP by 1
INFO     blastoise used a ice move, removing icegem from possible items
INFO     Setting blastoise's last used move: icebeam
INFO     blastoise used a damaging move - not guessing lifeorb anymore
INFO     blastoise did 100.0% damage to flygon with icebeam
INFO     flygon has less than maxhp during upkeep, no longer guessing leftovers or blacksludge
INFO     Opponent has switched - clearing the last used move
INFO     hippowdon switched in, adding intimidate to impossible abilities
INFO     hippowdon switched in, adding pressure to impossible abilities
INFO     hippowdon switched in, adding neutralizinggas to impossible abilities
INFO     hippowdon switched in, adding sandstream to impossible abilities
INFO     hippowdon switched in, adding drought to impossible abilities
INFO     hippowdon switched in, adding drizzle to impossible abilities
INFO     hippowdon switched in, adding snowwarning to impossible abilities
INFO     hippowdon switched in, adding boosterenergy to impossible items
INFO     hippowdon switched in, adding airballoon to impossible items
INFO     Weather sandstorm is active
INFO     Weather turns remaining: 5
INFO     Setting hippowdon ability to sandstream
INFO     
INFO     Turn: 14
INFO     Sampling battle 0
INFO     	      hippowdon   sandstream    leftovers [earthquake, slackoff, stoneedge, whirlwind] ttype=rock
INFO     Sampling battle 1
INFO     	      hippowdon   sandstream  rockyhelmet [earthquake, slackoff, stealthrock, stoneedge] ttype=rock
INFO     Searching for a move using PUCT MCTS with neural priors...
INFO     Sampling 2 battles at 500ms each
INFO     Computing neural priors for all battles...
INFO     Initialized StateTranslator with TeamPreviewObservationSpace
INFO     Initializing LocalPolicyProvider with model: Abra
INFO     Loading pretrained Abra model...
INFO     CUDA not available - overriding FlashAttention with VanillaAttention
[91mWarning: Using unofficial VanillaAttention implementation[0m


 		 AMAGO v3.1
            	 -------------------------
            	 Agent: MultiTaskAgent
            		 Max Sequence Length: 200
            		 TstepEncoder Type: MetamonTstepEncoder
            		 TrajEncoder Type: TformerTrajEncoder
            		 Total Parameters: 57,535,116
            		 Offline Loss Weight: 1.0
            		 Online Loss Weight: 0.0
            		 Mixed Precision: NO
            		 Checkpoint Path: /Users/yadureddy/Documents/GitHub/clean/pokeagent_ac_mcts/.metamon_cache/pretrained_models/models--jakegrigsby--metamon/snapshots/c5d1cb9abb6747066a325228845a5a8af3d12139/abra/abra/ckpts
            	 Environment:
            		 DummyAsyncVectorEnv(Gym Env x 1)
            		 Exploration Type: None
            	 Dataset: DoNothingDataset
            	 Accelerate Processes: 1 


INFO     Successfully loaded Abra model
ERROR    Error translating battle to observation: 'str' object has no attribute 'name'
WARNING  Failed to get priors for battle: 'str' object has no attribute 'name'
ERROR    Error translating battle to observation: 'str' object has no attribute 'name'
WARNING  Failed to get priors for battle: 'str' object has no attribute 'name'
INFO     Successfully computed neural priors for 0/2 battles
INFO     Using PUCT-guided move selection (priors integrated during search)...
INFO     Policy 0: icebeam visited 98.22% avg_score=0.997 sample_chance_multiplier=0.5
INFO     Policy 1: hydropump visited 99.23% avg_score=0.997 sample_chance_multiplier=0.5
INFO     Considered Choices:
INFO     	50.457%: hydropump
INFO     	49.35%: icebeam
INFO     Choice: icebeam
INFO     Updated hippowdon's max speed to 342
INFO     blastoise already has the move icebeam. Decrementing the PP by 1
INFO     blastoise used a ice move, removing icegem from possible items
INFO     Setting blastoise's last used move: icebeam
INFO     blastoise used a damaging move - not guessing lifeorb anymore
INFO     blastoise did 81.0% damage to hippowdon with icebeam
INFO     hippowdon used a status-move. Adding `assaultvest` to impossible items
INFO     Setting hippowdon's last used move: slackoff
INFO     Weather sandstorm is active
INFO     Weather turns remaining: 4
INFO     hippowdon has less than maxhp during upkeep, no longer guessing leftovers or blacksludge
INFO     
INFO     Turn: 15
INFO     Sampling battle 0
INFO     	      hippowdon   sandstream  rockyhelmet [earthquake, slackoff, stealthrock, stoneedge] ttype=steel
INFO     Sampling battle 1
INFO     	      hippowdon   sandstream  rockyhelmet [earthquake, slackoff, stealthrock, whirlwind] ttype=steel
INFO     Searching for a move using PUCT MCTS with neural priors...
INFO     Sampling 2 battles at 500ms each
INFO     Computing neural priors for all battles...
INFO     Initialized StateTranslator with TeamPreviewObservationSpace
INFO     Initializing LocalPolicyProvider with model: Abra
INFO     Loading pretrained Abra model...
INFO     CUDA not available - overriding FlashAttention with VanillaAttention
[91mWarning: Using unofficial VanillaAttention implementation[0m


 		 AMAGO v3.1
            	 -------------------------
            	 Agent: MultiTaskAgent
            		 Max Sequence Length: 200
            		 TstepEncoder Type: MetamonTstepEncoder
            		 TrajEncoder Type: TformerTrajEncoder
            		 Total Parameters: 57,535,116
            		 Offline Loss Weight: 1.0
            		 Online Loss Weight: 0.0
            		 Mixed Precision: NO
            		 Checkpoint Path: /Users/yadureddy/Documents/GitHub/clean/pokeagent_ac_mcts/.metamon_cache/pretrained_models/models--jakegrigsby--metamon/snapshots/c5d1cb9abb6747066a325228845a5a8af3d12139/abra/abra/ckpts
            	 Environment:
            		 DummyAsyncVectorEnv(Gym Env x 1)
            		 Exploration Type: None
            	 Dataset: DoNothingDataset
            	 Accelerate Processes: 1 


INFO     Successfully loaded Abra model
ERROR    Error translating battle to observation: 'str' object has no attribute 'name'
WARNING  Failed to get priors for battle: 'str' object has no attribute 'name'
ERROR    Error translating battle to observation: 'str' object has no attribute 'name'
WARNING  Failed to get priors for battle: 'str' object has no attribute 'name'
INFO     Successfully computed neural priors for 0/2 battles
INFO     Using PUCT-guided move selection (priors integrated during search)...
INFO     Policy 0: icebeam visited 99.38% avg_score=1.0 sample_chance_multiplier=0.5
INFO     Policy 1: icebeam visited 99.6% avg_score=1.0 sample_chance_multiplier=0.5
INFO     Considered Choices:
INFO     	99.486%: icebeam
INFO     Choice: icebeam
INFO     Winner: AbraMCTS
INFO     Won with team: None
INFO     W: 1	L: 1
INFO     Searching for ranked gen9randombattle match
INFO     Initialized battle-gen9randombattle-78 against: VanillaMCTS
INFO     Opponent has switched - clearing the last used move
INFO     mudsdale switched in, adding intimidate to impossible abilities
INFO     mudsdale switched in, adding pressure to impossible abilities
INFO     mudsdale switched in, adding neutralizinggas to impossible abilities
INFO     mudsdale switched in, adding sandstream to impossible abilities
INFO     mudsdale switched in, adding drought to impossible abilities
INFO     mudsdale switched in, adding drizzle to impossible abilities
INFO     mudsdale switched in, adding snowwarning to impossible abilities
INFO     mudsdale switched in, adding boosterenergy to impossible items
INFO     mudsdale switched in, adding airballoon to impossible items
INFO     
INFO     Turn: 1
INFO     Sampling battle 0
INFO     	       mudsdale      stamina    leftovers [earthquake, heavyslam, stealthrock, stoneedge] ttype=steel
INFO     Sampling 5 unrevealed pokemon
INFO     	      primarina      torrent    leftovers [calmmind, drainingkiss, psychic, sparklingaria] ttype=poison
INFO     	      gardevoir        trace  choicescarf [focusblast, moonblast, mysticalfire, psychic] ttype=fairy
INFO     	necrozmaduskmane   prismarmor weaknesspolicy [dragondance, earthquake, morningsun, sunsteelstrike] ttype=steel
INFO     	          golem       sturdy weaknesspolicy [earthquake, explosion, rockpolish, stoneedge] ttype=ground
INFO     	       giratina     pressure    leftovers [calmmind, dragonpulse, rest, sleeptalk] ttype=fairy
INFO     Sampling battle 1
INFO     	       mudsdale      stamina    leftovers [earthquake, heavyslam, roar, stoneedge] ttype=steel
INFO     Sampling 5 unrevealed pokemon
INFO     	       granbull   intimidate    leftovers [earthquake, encore, playrough, thunderwave] ttype=ground
INFO     	      spiritomb  infiltrator    leftovers [foulplay, painsplit, poltergeist, willowisp] ttype=poison
INFO     	    sandyshocks protosynthesis heavydutyboots [earthpower, spikes, thunderbolt, voltswitch] ttype=electric
INFO     	       porygonz     download  choicespecs [icebeam, shadowball, thunderbolt, triattack] ttype=electric
INFO     	        slaking       truant   choiceband [doubleedge, earthquake, gigaimpact, knockoff] ttype=ghost
INFO     Sampling battle 2
INFO     	       mudsdale      stamina    leftovers [earthquake, heavyslam, roar, stealthrock] ttype=steel
INFO     Sampling 5 unrevealed pokemon
INFO     	     arceusrock    multitype   stoneplate [dragondance, earthquake, recover, stoneedge] ttype=ground
INFO     	      gardevoir        trace  choicescarf [healingwish, moonblast, mysticalfire, psyshock] ttype=fairy
INFO     	  calyrexshadow asone(spectrier)  choicespecs [astralbarrage, pollenpuff, psyshock, trick] ttype=ghost
INFO     	       pelipper      drizzle heavydutyboots [hurricane, hydropump, knockoff, roost] ttype=ground
INFO     	        blissey  naturalcure    leftovers [seismictoss, softboiled, stealthrock, thunderwave] ttype=fairy
INFO     Sampling battle 3
INFO     	       mudsdale      stamina    leftovers [earthquake, heavyslam, roar, stoneedge] ttype=steel
INFO     Sampling 5 unrevealed pokemon
INFO     	       delibird       hustle heavydutyboots [bravebird, iceshard, icespinner, spikes] ttype=ice
INFO     	  samurotthisui    sharpness   choiceband [ceaselessedge, flipturn, razorshell, sacredsword] ttype=dark
INFO     	      mamoswine     thickfat   choiceband [earthquake, iceshard, iciclecrash, knockoff] ttype=ground
INFO     	 electrodehisui       static      lifeorb [gigadrain, taunt, thunderbolt, thunderwave] ttype=electric
INFO     	    ironjugulis   quarkdrive    powerherb [darkpulse, earthpower, hurricane, meteorbeam] ttype=ground
INFO     Searching for a move using PUCT MCTS with neural priors...
INFO     Sampling 4 battles at 250ms each
INFO     Computing neural priors for all battles...
INFO     Initialized StateTranslator with TeamPreviewObservationSpace
INFO     Initializing LocalPolicyProvider with model: Abra
INFO     Loading pretrained Abra model...
INFO     CUDA not available - overriding FlashAttention with VanillaAttention
[91mWarning: Using unofficial VanillaAttention implementation[0m


 		 AMAGO v3.1
            	 -------------------------
            	 Agent: MultiTaskAgent
            		 Max Sequence Length: 200
            		 TstepEncoder Type: MetamonTstepEncoder
            		 TrajEncoder Type: TformerTrajEncoder
            		 Total Parameters: 57,535,116
            		 Offline Loss Weight: 1.0
            		 Online Loss Weight: 0.0
            		 Mixed Precision: NO
            		 Checkpoint Path: /Users/yadureddy/Documents/GitHub/clean/pokeagent_ac_mcts/.metamon_cache/pretrained_models/models--jakegrigsby--metamon/snapshots/c5d1cb9abb6747066a325228845a5a8af3d12139/abra/abra/ckpts
            	 Environment:
            		 DummyAsyncVectorEnv(Gym Env x 1)
            		 Exploration Type: None
            	 Dataset: DoNothingDataset
            	 Accelerate Processes: 1 


INFO     Successfully loaded Abra model
ERROR    Error translating battle to observation: 
WARNING  Failed to get priors for battle: 
ERROR    Error translating battle to observation: 
WARNING  Failed to get priors for battle: 
ERROR    Error translating battle to observation: 
WARNING  Failed to get priors for battle: 
ERROR    Error translating battle to observation: 
WARNING  Failed to get priors for battle: 
INFO     Successfully computed neural priors for 0/4 battles
INFO     Using PUCT-guided move selection (priors integrated during search)...
INFO     Policy 0: toxic visited 94.41% avg_score=0.41 sample_chance_multiplier=0.25
INFO     Policy 1: toxic visited 26.69% avg_score=0.431 sample_chance_multiplier=0.25
INFO     Policy 2: toxic visited 45.34% avg_score=0.446 sample_chance_multiplier=0.25
INFO     Policy 3: toxic visited 95.66% avg_score=0.566 sample_chance_multiplier=0.25
INFO     Considered Choices:
INFO     	65.524%: toxic
INFO     Choice: toxic
INFO     Updated mudsdale's max speed to 188
INFO     gliscor already has the move toxic. Decrementing the PP by 1
INFO     gliscor used a status-move. Adding `assaultvest` to impossible items
INFO     Setting gliscor's last used move: toxic
INFO     mudsdale got status: tox
INFO     No longer guessing lumberry because mudsdale got status tox
INFO     mudsdale used a status-move. Adding `assaultvest` to impossible items
INFO     Setting mudsdale's last used move: stealthrock
INFO     Incremented side condition stealthrock to 1 for gliscor
INFO     gliscor got status: tox
INFO     No longer guessing lumberry because gliscor got status tox
INFO     mudsdale has less than maxhp during upkeep, no longer guessing leftovers or blacksludge
INFO     
INFO     Turn: 2
INFO     Sampling battle 0
INFO     	       mudsdale      stamina    leftovers [earthquake, heavyslam, stealthrock, stoneedge] ttype=steel
INFO     Sampling 5 unrevealed pokemon
INFO     	      rampardos   sheerforce      lifeorb [earthquake, firepunch, rockslide, zenheadbutt] ttype=fire
INFO     	        sylveon     pixilate    leftovers [calmmind, hypervoice, protect, wish] ttype=steel
INFO     	      eternatus     pressure    leftovers [dynamaxcannon, flamethrower, recover, toxic] ttype=water
INFO     	  qwilfishhisui   intimidate     eviolite [crunch, gunkshot, spikes, taunt] ttype=flying
INFO     	       froslass   cursedbody     widelens [destinybond, poltergeist, taunt, tripleaxel] ttype=ghost
INFO     Sampling battle 1
INFO     	       mudsdale      stamina    leftovers [earthquake, heavyslam, roar, stealthrock] ttype=steel
INFO     Sampling 5 unrevealed pokemon
INFO     	      kingambit supremeoverlord    leftovers [ironhead, kowtowcleave, suckerpunch, swordsdance] ttype=flying
INFO     	         eiscue      iceface  sitrusberry [bellydrum, icespinner, liquidation, terablast] ttype=electric
INFO     	        ogerpon      defiant heavydutyboots [encore, ivycudgel, knockoff, uturn] ttype=grass
INFO     	      spectrier    grimneigh      lifeorb [darkpulse, nastyplot, shadowball, willowisp] ttype=dark
INFO     	ogerponcornerstone       sturdy cornerstonemask [ivycudgel, powerwhip, spikes, synthesis] ttype=rock
INFO     Searching for a move using PUCT MCTS with neural priors...
INFO     Sampling 2 battles at 500ms each
INFO     Computing neural priors for all battles...
INFO     Initialized StateTranslator with TeamPreviewObservationSpace
INFO     Initializing LocalPolicyProvider with model: Abra
INFO     Loading pretrained Abra model...
INFO     CUDA not available - overriding FlashAttention with VanillaAttention
[91mWarning: Using unofficial VanillaAttention implementation[0m


 		 AMAGO v3.1
            	 -------------------------
            	 Agent: MultiTaskAgent
            		 Max Sequence Length: 200
            		 TstepEncoder Type: MetamonTstepEncoder
            		 TrajEncoder Type: TformerTrajEncoder
            		 Total Parameters: 57,535,116
            		 Offline Loss Weight: 1.0
            		 Online Loss Weight: 0.0
            		 Mixed Precision: NO
            		 Checkpoint Path: /Users/yadureddy/Documents/GitHub/clean/pokeagent_ac_mcts/.metamon_cache/pretrained_models/models--jakegrigsby--metamon/snapshots/c5d1cb9abb6747066a325228845a5a8af3d12139/abra/abra/ckpts
            	 Environment:
            		 DummyAsyncVectorEnv(Gym Env x 1)
            		 Exploration Type: None
            	 Dataset: DoNothingDataset
            	 Accelerate Processes: 1 


INFO     Successfully loaded Abra model
ERROR    Error translating battle to observation: 
WARNING  Failed to get priors for battle: 
ERROR    Error translating battle to observation: 
WARNING  Failed to get priors for battle: 
INFO     Successfully computed neural priors for 0/2 battles
INFO     Using PUCT-guided move selection (priors integrated during search)...
INFO     Policy 0: toxic visited 62.85% avg_score=0.478 sample_chance_multiplier=0.5
INFO     Policy 1: toxic visited 36.14% avg_score=0.514 sample_chance_multiplier=0.5
INFO     Considered Choices:
INFO     	49.495%: toxic
INFO     Choice: toxic
INFO     Updated mudsdale's max speed to 188
INFO     gliscor already has the move toxic. Decrementing the PP by 1
INFO     gliscor used a status-move. Adding `assaultvest` to impossible items
INFO     Setting gliscor's last used move: toxic
INFO     mudsdale used two different moves - it cannot have a choice item
INFO     mudsdale used a steel move, removing steelgem from possible items
INFO     Setting mudsdale's last used move: heavyslam
INFO     mudsdale used a damaging move - not guessing lifeorb anymore
INFO     mudsdale did 34.73% damage to gliscor with heavyslam
INFO     Setting mudsdale's item to: leftovers
INFO     mudsdale has less than maxhp during upkeep, no longer guessing leftovers or blacksludge
INFO     
INFO     Turn: 3
INFO     Sampling battle 0
INFO     	       mudsdale      stamina    leftovers [earthquake, heavyslam, stealthrock, stoneedge] ttype=steel
INFO     Sampling 5 unrevealed pokemon
INFO     	       virizion    justified      lifeorb [closecombat, leafblade, stoneedge, swordsdance] ttype=rock
INFO     	       drifblim    aftermath heavydutyboots [airslash, defog, shadowball, strengthsap] ttype=fairy
INFO     	        gurdurr         guts     eviolite [bulkup, drainpunch, knockoff, machpunch] ttype=steel
INFO     	        morpeko hungerswitch    leftovers [aurawheel, knockoff, protect, rapidspin] ttype=electric
INFO     	         furret        frisk      lifeorb [brickbreak, doubleedge, knockoff, tidyup] ttype=normal
INFO     Sampling battle 1
INFO     	       mudsdale      stamina    leftovers [earthquake, heavyslam, stealthrock, stoneedge] ttype=steel
INFO     Sampling 5 unrevealed pokemon
INFO     	            mew  synchronize      lifeorb [fireblast, hydropump, nastyplot, psyshock] ttype=water
INFO     	         mewtwo     pressure  choicespecs [aurasphere, darkpulse, fireblast, psystrike] ttype=dark
INFO     	       regirock    clearbody    leftovers [bodypress, irondefense, stoneedge, thunderwave] ttype=fighting
INFO     	       sunflora  chlorophyll  choicespecs [dazzlinggleam, earthpower, leafstorm, sludgebomb] ttype=grass
INFO     	 keldeoresolute    justified    leftovers [calmmind, secretsword, substitute, surf] ttype=steel
INFO     Searching for a move using PUCT MCTS with neural priors...
INFO     Sampling 2 battles at 500ms each
INFO     Computing neural priors for all battles...
INFO     Initialized StateTranslator with TeamPreviewObservationSpace
INFO     Initializing LocalPolicyProvider with model: Abra
INFO     Loading pretrained Abra model...
INFO     CUDA not available - overriding FlashAttention with VanillaAttention
[91mWarning: Using unofficial VanillaAttention implementation[0m


 		 AMAGO v3.1
            	 -------------------------
            	 Agent: MultiTaskAgent
            		 Max Sequence Length: 200
            		 TstepEncoder Type: MetamonTstepEncoder
            		 TrajEncoder Type: TformerTrajEncoder
            		 Total Parameters: 57,535,116
            		 Offline Loss Weight: 1.0
            		 Online Loss Weight: 0.0
            		 Mixed Precision: NO
            		 Checkpoint Path: /Users/yadureddy/Documents/GitHub/clean/pokeagent_ac_mcts/.metamon_cache/pretrained_models/models--jakegrigsby--metamon/snapshots/c5d1cb9abb6747066a325228845a5a8af3d12139/abra/abra/ckpts
            	 Environment:
            		 DummyAsyncVectorEnv(Gym Env x 1)
            		 Exploration Type: None
            	 Dataset: DoNothingDataset
            	 Accelerate Processes: 1 


INFO     Successfully loaded Abra model
ERROR    Error translating battle to observation: 
WARNING  Failed to get priors for battle: 
ERROR    Error translating battle to observation: 
WARNING  Failed to get priors for battle: 
INFO     Successfully computed neural priors for 0/2 battles
INFO     Using PUCT-guided move selection (priors integrated during search)...
INFO     Policy 0: substitute visited 84.65% avg_score=0.58 sample_chance_multiplier=0.5
INFO     Policy 1: toxic visited 47.8% avg_score=0.539 sample_chance_multiplier=0.5
INFO     Considered Choices:
INFO     	52.748%: substitute
INFO     Choice: substitute
INFO     Opponent has switched - clearing the last used move
INFO     hydreigon switched in, adding intimidate to impossible abilities
INFO     hydreigon switched in, adding pressure to impossible abilities
INFO     hydreigon switched in, adding neutralizinggas to impossible abilities
INFO     hydreigon switched in, adding sandstream to impossible abilities
INFO     hydreigon switched in, adding drought to impossible abilities
INFO     hydreigon switched in, adding drizzle to impossible abilities
INFO     hydreigon switched in, adding snowwarning to impossible abilities
INFO     hydreigon switched in, adding boosterenergy to impossible items
INFO     hydreigon switched in, adding airballoon to impossible items
INFO     gliscor already has the move substitute. Decrementing the PP by 1
INFO     gliscor using substitute makes it unlikely to have a choice item. Setting can_have_choice_item to False
INFO     gliscor used a status-move. Adding `assaultvest` to impossible items
INFO     Setting gliscor's last used move: substitute
INFO     Starting the volatile status substitute on gliscor
INFO     gliscor started a substitute - setting substitute_hit to False
INFO     
INFO     Turn: 4
INFO     Sampling battle 0
INFO     	      hydreigon     levitate  choicespecs [darkpulse, dracometeor, fireblast, uturn] ttype=dragon
INFO     	       mudsdale      stamina    leftovers [earthquake, heavyslam, roar, stealthrock] ttype=steel
INFO     Sampling 4 unrevealed pokemon
INFO     	       venomoth   tintedlens heavydutyboots [bugbuzz, quiverdance, sleeppowder, sludgewave] ttype=steel
INFO     	    zapdosgalar      defiant  choicescarf [bravebird, closecombat, knockoff, uturn] ttype=dark
INFO     	       meowstic    prankster    lightclay [alluringvoice, lightscreen, psychicnoise, reflect] ttype=fairy
INFO     	         raichu lightningrod      lifeorb [alluringvoice, grassknot, nastyplot, thunderbolt] ttype=grass
INFO     Sampling battle 1
INFO     	      hydreigon     levitate      lifeorb [darkpulse, dracometeor, flashcannon, nastyplot] ttype=dark
INFO     	       mudsdale      stamina    leftovers [earthquake, heavyslam, roar, stealthrock] ttype=steel
INFO     Sampling 4 unrevealed pokemon
INFO     	      pecharunt poisonpuppeteer  rockyhelmet [malignantchain, partingshot, recover, shadowball] ttype=dark
INFO     	         luxray         guts     flameorb [facade, playrough, supercellslam, trailblaze] ttype=normal
INFO     	    barraskewda    swiftswim   choiceband [closecombat, flipturn, throatchop, waterfall] ttype=fighting
INFO     	  deoxysdefense     pressure  rockyhelmet [knockoff, psychicnoise, recover, teleport] ttype=dark
INFO     Sampling battle 2
INFO     	      hydreigon     levitate  choicespecs [darkpulse, dracometeor, fireblast, uturn] ttype=dark
INFO     	       mudsdale      stamina    leftovers [earthquake, heavyslam, stealthrock, stoneedge] ttype=steel
INFO     Sampling 4 unrevealed pokemon
INFO     	       basculin adaptability   choiceband [aquajet, doubleedge, flipturn, wavecrash] ttype=water
INFO     	    brutebonnet protosynthesis    leftovers [closecombat, seedbomb, spore, suckerpunch] ttype=poison
INFO     	        sylveon     pixilate    leftovers [calmmind, hypervoice, protect, wish] ttype=steel
INFO     	      cryogonal     levitate heavydutyboots [flashcannon, freezedry, rapidspin, recover] ttype=steel
INFO     Sampling battle 3
INFO     	      hydreigon     levitate      lifeorb [darkpulse, dracometeor, flashcannon, nastyplot] ttype=steel
INFO     	       mudsdale      stamina    leftovers [earthquake, heavyslam, roar, stealthrock] ttype=steel
INFO     Sampling 4 unrevealed pokemon
INFO     	      cramorant  gulpmissile heavydutyboots [bravebird, defog, roost, surf] ttype=ground
INFO     	       greedent   cheekpouch  sitrusberry [bodyslam, earthquake, knockoff, swordsdance] ttype=ghost
INFO     	     talonflame    flamebody heavydutyboots [bravebird, overheat, roost, taunt] ttype=ground
INFO     	       grafaiai  poisontouch  assaultvest [gunkshot, knockoff, superfang, uturn] ttype=dark
INFO     Searching for a move using PUCT MCTS with neural priors...
INFO     Sampling 4 battles at 250ms each
INFO     Computing neural priors for all battles...
INFO     Initialized StateTranslator with TeamPreviewObservationSpace
INFO     Initializing LocalPolicyProvider with model: Abra
INFO     Loading pretrained Abra model...
INFO     CUDA not available - overriding FlashAttention with VanillaAttention
[91mWarning: Using unofficial VanillaAttention implementation[0m


 		 AMAGO v3.1
            	 -------------------------
            	 Agent: MultiTaskAgent
            		 Max Sequence Length: 200
            		 TstepEncoder Type: MetamonTstepEncoder
            		 TrajEncoder Type: TformerTrajEncoder
            		 Total Parameters: 57,535,116
            		 Offline Loss Weight: 1.0
            		 Online Loss Weight: 0.0
            		 Mixed Precision: NO
            		 Checkpoint Path: /Users/yadureddy/Documents/GitHub/clean/pokeagent_ac_mcts/.metamon_cache/pretrained_models/models--jakegrigsby--metamon/snapshots/c5d1cb9abb6747066a325228845a5a8af3d12139/abra/abra/ckpts
            	 Environment:
            		 DummyAsyncVectorEnv(Gym Env x 1)
            		 Exploration Type: None
            	 Dataset: DoNothingDataset
            	 Accelerate Processes: 1 


INFO     Successfully loaded Abra model
ERROR    Error translating battle to observation: 
WARNING  Failed to get priors for battle: 
ERROR    Error translating battle to observation: 
WARNING  Failed to get priors for battle: 
ERROR    Error translating battle to observation: 
WARNING  Failed to get priors for battle: 
ERROR    Error translating battle to observation: 
WARNING  Failed to get priors for battle: 
INFO     Successfully computed neural priors for 0/4 battles
INFO     Using PUCT-guided move selection (priors integrated during search)...
INFO     Policy 0: protect visited 40.87% avg_score=0.466 sample_chance_multiplier=0.25
INFO     Policy 1: toxic visited 54.77% avg_score=0.433 sample_chance_multiplier=0.25
INFO     Policy 2: toxic visited 90.2% avg_score=0.477 sample_chance_multiplier=0.25
INFO     Policy 3: toxic visited 61.47% avg_score=0.439 sample_chance_multiplier=0.25
INFO     Considered Choices:
INFO     	59.2%: toxic
INFO     Choice: toxic
INFO     Updated hydreigon's min speed to 188
INFO     hydreigon used a dark move, removing darkgem from possible items
INFO     Setting hydreigon's last used move: darkpulse
INFO     hydreigon used a damaging move - not guessing lifeorb anymore
INFO     Substitute ended for gliscor
INFO     Removing the volatile status substitute from gliscor
INFO     gliscor already has the move toxic. Decrementing the PP by 1
INFO     gliscor used a status-move. Adding `assaultvest` to impossible items
INFO     Setting gliscor's last used move: toxic
INFO     hydreigon got status: tox
INFO     No longer guessing lumberry because hydreigon got status tox
INFO     hydreigon has less than maxhp during upkeep, no longer guessing leftovers or blacksludge
INFO     
INFO     Turn: 5
INFO     Sampling battle 0
INFO     	      hydreigon     levitate  choicespecs [darkpulse, dracometeor, flashcannon, uturn] ttype=dark
INFO     	       mudsdale      stamina    leftovers [earthquake, heavyslam, stealthrock, stoneedge] ttype=steel
INFO     Sampling 4 unrevealed pokemon
INFO     	         pyroar      unnerve heavydutyboots [fireblast, hypervoice, taunt, workup] ttype=fire
INFO     	   dialgaorigin     pressure adamantcrystal [dracometeor, flashcannon, stealthrock, thunderwave] ttype=dragon
INFO     	   arceusflying    multitype     skyplate [calmmind, earthpower, judgment, recover] ttype=steel
INFO     	       whiscash    oblivious    leftovers [earthquake, hydropump, spikes, stealthrock] ttype=ghost
INFO     Sampling battle 1
INFO     	      hydreigon     levitate  choicescarf [darkpulse, dracometeor, fireblast, flashcannon] ttype=steel
INFO     	       mudsdale      stamina    leftovers [earthquake, heavyslam, roar, stealthrock] ttype=steel
INFO     Sampling 4 unrevealed pokemon
INFO     	        dedenne   cheekpouch  sitrusberry [dazzlinggleam, nuzzle, thunderbolt, uturn] ttype=flying
INFO     	       dusknoir        frisk    leftovers [earthquake, painsplit, poltergeist, shadowsneak] ttype=dark
INFO     	      coalossal    flamebody heavydutyboots [overheat, rapidspin, spikes, stoneedge] ttype=ghost
INFO     	         eiscue      iceface  sitrusberry [bellydrum, icespinner, liquidation, terablast] ttype=electric
INFO     Searching for a move using PUCT MCTS with neural priors...
INFO     Sampling 2 battles at 500ms each
INFO     Computing neural priors for all battles...
INFO     Initialized StateTranslator with TeamPreviewObservationSpace
INFO     Initializing LocalPolicyProvider with model: Abra
INFO     Loading pretrained Abra model...
INFO     CUDA not available - overriding FlashAttention with VanillaAttention
[91mWarning: Using unofficial VanillaAttention implementation[0m


 		 AMAGO v3.1
            	 -------------------------
            	 Agent: MultiTaskAgent
            		 Max Sequence Length: 200
            		 TstepEncoder Type: MetamonTstepEncoder
            		 TrajEncoder Type: TformerTrajEncoder
            		 Total Parameters: 57,535,116
            		 Offline Loss Weight: 1.0
            		 Online Loss Weight: 0.0
            		 Mixed Precision: NO
            		 Checkpoint Path: /Users/yadureddy/Documents/GitHub/clean/pokeagent_ac_mcts/.metamon_cache/pretrained_models/models--jakegrigsby--metamon/snapshots/c5d1cb9abb6747066a325228845a5a8af3d12139/abra/abra/ckpts
            	 Environment:
            		 DummyAsyncVectorEnv(Gym Env x 1)
            		 Exploration Type: None
            	 Dataset: DoNothingDataset
            	 Accelerate Processes: 1 


INFO     Successfully loaded Abra model
ERROR    Error translating battle to observation: 
WARNING  Failed to get priors for battle: 
ERROR    Error translating battle to observation: 
WARNING  Failed to get priors for battle: 
INFO     Successfully computed neural priors for 0/2 battles
INFO     Using PUCT-guided move selection (priors integrated during search)...
INFO     Policy 0: protect visited 87.44% avg_score=0.507 sample_chance_multiplier=0.5
INFO     Policy 1: protect visited 35.03% avg_score=0.507 sample_chance_multiplier=0.5
INFO     Considered Choices:
INFO     	61.232%: protect
INFO     Choice: protect
INFO     gliscor already has the move protect. Decrementing the PP by 1
INFO     gliscor used a status-move. Adding `assaultvest` to impossible items
INFO     Setting gliscor's last used move: protect
INFO     gliscor used a protect move, set protect side condition to 2
INFO     hydreigon already has the move darkpulse. Decrementing the PP by 1
INFO     hydreigon used a dark move, removing darkgem from possible items
INFO     Setting hydreigon's last used move: darkpulse
INFO     hydreigon used a damaging move - not guessing lifeorb anymore
INFO     Setting protect to 1 for the bot
INFO     hydreigon has less than maxhp during upkeep, no longer guessing leftovers or blacksludge
INFO     
INFO     Turn: 6
INFO     Sampling battle 0
INFO     	      hydreigon     levitate  choicespecs [darkpulse, dracometeor, fireblast, uturn] ttype=dragon
INFO     	       mudsdale      stamina    leftovers [earthquake, heavyslam, roar, stealthrock] ttype=steel
INFO     Sampling 4 unrevealed pokemon
INFO     	       venomoth   tintedlens heavydutyboots [bugbuzz, quiverdance, sleeppowder, sludgewave] ttype=steel
INFO     	      dunsparce  serenegrace     eviolite [bodyslam, coil, earthquake, roost] ttype=ground
INFO     	      bastiodon   soundproof  chestoberry [bodypress, foulplay, irondefense, rest] ttype=fighting
INFO     	       enamorus     contrary    leftovers [playrough, substitute, superpower, zenheadbutt] ttype=fighting
INFO     Sampling battle 1
INFO     	      hydreigon     levitate  choicespecs [darkpulse, dracometeor, fireblast, uturn] ttype=dark
INFO     	       mudsdale      stamina    leftovers [earthquake, heavyslam, roar, stealthrock] ttype=steel
INFO     Sampling 4 unrevealed pokemon
INFO     	         tauros   sheerforce      lifeorb [bodyslam, closecombat, earthquake, throatchop] ttype=normal
INFO     	     gothitelle    shadowtag    leftovers [calmmind, darkpulse, psychicnoise, thunderbolt] ttype=ghost
INFO     	  braviaryhisui   sheerforce      lifeorb [agility, heatwave, hurricane, psychic] ttype=steel
INFO     	    oinkolognef     thickfat    leftovers [bodyslam, curse, rest, sleeptalk] ttype=poison
INFO     Searching for a move using PUCT MCTS with neural priors...
INFO     Sampling 2 battles at 500ms each
INFO     Computing neural priors for all battles...
INFO     Initialized StateTranslator with TeamPreviewObservationSpace
INFO     Initializing LocalPolicyProvider with model: Abra
INFO     Loading pretrained Abra model...
INFO     CUDA not available - overriding FlashAttention with VanillaAttention
[91mWarning: Using unofficial VanillaAttention implementation[0m


 		 AMAGO v3.1
            	 -------------------------
            	 Agent: MultiTaskAgent
            		 Max Sequence Length: 200
            		 TstepEncoder Type: MetamonTstepEncoder
            		 TrajEncoder Type: TformerTrajEncoder
            		 Total Parameters: 57,535,116
            		 Offline Loss Weight: 1.0
            		 Online Loss Weight: 0.0
            		 Mixed Precision: NO
            		 Checkpoint Path: /Users/yadureddy/Documents/GitHub/clean/pokeagent_ac_mcts/.metamon_cache/pretrained_models/models--jakegrigsby--metamon/snapshots/c5d1cb9abb6747066a325228845a5a8af3d12139/abra/abra/ckpts
            	 Environment:
            		 DummyAsyncVectorEnv(Gym Env x 1)
            		 Exploration Type: None
            	 Dataset: DoNothingDataset
            	 Accelerate Processes: 1 


INFO     Successfully loaded Abra model
ERROR    Error translating battle to observation: 
WARNING  Failed to get priors for battle: 
ERROR    Error translating battle to observation: 
WARNING  Failed to get priors for battle: 
INFO     Successfully computed neural priors for 0/2 battles
INFO     Using PUCT-guided move selection (priors integrated during search)...
INFO     Policy 0: switch emboar visited 52.15% avg_score=0.605 sample_chance_multiplier=0.5
INFO     Policy 1: switch emboar visited 50.65% avg_score=0.433 sample_chance_multiplier=0.5
INFO     Considered Choices:
INFO     	51.403%: switch emboar
INFO     Choice: switch emboar
INFO     emboar switched in, adding intimidate to impossible abilities
INFO     emboar switched in, adding pressure to impossible abilities
INFO     emboar switched in, adding neutralizinggas to impossible abilities
INFO     emboar switched in, adding sandstream to impossible abilities
INFO     emboar switched in, adding drought to impossible abilities
INFO     emboar switched in, adding drizzle to impossible abilities
INFO     emboar switched in, adding snowwarning to impossible abilities
INFO     emboar switched in, adding boosterenergy to impossible items
INFO     emboar switched in, adding airballoon to impossible items
INFO     hydreigon already has the move darkpulse. Decrementing the PP by 1
INFO     hydreigon used a dark move, removing darkgem from possible items
INFO     Setting hydreigon's last used move: darkpulse
INFO     hydreigon used a damaging move - not guessing lifeorb anymore
INFO     hydreigon did 18.94% damage to emboar with darkpulse
INFO     Setting protect to 0 for the bot
INFO     hydreigon has less than maxhp during upkeep, no longer guessing leftovers or blacksludge
INFO     
INFO     Turn: 7
INFO     Sampling battle 0
INFO     	      hydreigon     levitate  choicespecs [darkpulse, dracometeor, fireblast, uturn] ttype=fire
INFO     	       mudsdale      stamina    leftovers [earthquake, heavyslam, roar, stealthrock] ttype=steel
INFO     Sampling 4 unrevealed pokemon
INFO     	       qwilfish   intimidate    leftovers [gunkshot, spikes, toxicspikes, waterfall] ttype=dark
INFO     	     arceusrock    multitype   stoneplate [earthquake, recover, stoneedge, swordsdance] ttype=ground
INFO     	      rillaboom  grassysurge      lifeorb [grassyglide, highhorsepower, swordsdance, woodhammer] ttype=grass
INFO     	        dewgong     thickfat  assaultvest [flipturn, knockoff, surf, tripleaxel] ttype=dragon
INFO     Sampling battle 1
INFO     	      hydreigon     levitate  choicespecs [darkpulse, dracometeor, fireblast, flashcannon] ttype=fire
INFO     	       mudsdale      stamina    leftovers [earthquake, heavyslam, stealthrock, stoneedge] ttype=steel
INFO     Sampling 4 unrevealed pokemon
INFO     	       vivillon compoundeyes heavydutyboots [bugbuzz, hurricane, quiverdance, sleeppowder] ttype=flying
INFO     	       porygonz adaptability  choicespecs [icebeam, shadowball, thunderbolt, triattack] ttype=electric
INFO     	      metagross    clearbody   choiceband [bulletpunch, earthquake, heavyslam, psychicfangs] ttype=water
INFO     	      poliwrath  waterabsorb  assaultvest [circlethrow, closecombat, knockoff, liquidation] ttype=fighting
INFO     Searching for a move using PUCT MCTS with neural priors...
INFO     Sampling 2 battles at 500ms each
INFO     Computing neural priors for all battles...
INFO     Initialized StateTranslator with TeamPreviewObservationSpace
INFO     Initializing LocalPolicyProvider with model: Abra
INFO     Loading pretrained Abra model...
INFO     CUDA not available - overriding FlashAttention with VanillaAttention
[91mWarning: Using unofficial VanillaAttention implementation[0m


 		 AMAGO v3.1
            	 -------------------------
            	 Agent: MultiTaskAgent
            		 Max Sequence Length: 200
            		 TstepEncoder Type: MetamonTstepEncoder
            		 TrajEncoder Type: TformerTrajEncoder
            		 Total Parameters: 57,535,116
            		 Offline Loss Weight: 1.0
            		 Online Loss Weight: 0.0
            		 Mixed Precision: NO
            		 Checkpoint Path: /Users/yadureddy/Documents/GitHub/clean/pokeagent_ac_mcts/.metamon_cache/pretrained_models/models--jakegrigsby--metamon/snapshots/c5d1cb9abb6747066a325228845a5a8af3d12139/abra/abra/ckpts
            	 Environment:
            		 DummyAsyncVectorEnv(Gym Env x 1)
            		 Exploration Type: None
            	 Dataset: DoNothingDataset
            	 Accelerate Processes: 1 


INFO     Successfully loaded Abra model
ERROR    Error translating battle to observation: 
WARNING  Failed to get priors for battle: 
ERROR    Error translating battle to observation: 
WARNING  Failed to get priors for battle: 
INFO     Successfully computed neural priors for 0/2 battles
INFO     Using PUCT-guided move selection (priors integrated during search)...
INFO     Policy 0: closecombat visited 62.05% avg_score=0.491 sample_chance_multiplier=0.5
INFO     Policy 1: wildcharge visited 82.59% avg_score=0.483 sample_chance_multiplier=0.5
INFO     Considered Choices:
INFO     	44.885%: wildcharge
INFO     Choice: wildcharge
INFO     Updated hydreigon's min speed to 188
INFO     hydreigon already has the move darkpulse. Decrementing the PP by 1
INFO     hydreigon used a dark move, removing darkgem from possible items
INFO     Setting hydreigon's last used move: darkpulse
INFO     hydreigon used a damaging move - not guessing lifeorb anymore
INFO     hydreigon did 16.77% damage to emboar with darkpulse
INFO     emboar already has the move wildcharge. Decrementing the PP by 1
INFO     emboar used a electric move, removing electricgem from possible items
INFO     Setting emboar's last used move: wildcharge
INFO     emboar used a damaging move - not guessing lifeorb anymore
INFO     emboar did 16.0% damage to hydreigon with wildcharge
INFO     hydreigon has less than maxhp during upkeep, no longer guessing leftovers or blacksludge
INFO     
INFO     Turn: 8
INFO     Sampling battle 0
INFO     	      hydreigon     levitate  choicespecs [darkpulse, dracometeor, fireblast, uturn] ttype=dragon
INFO     	       mudsdale      stamina    leftovers [earthquake, heavyslam, roar, stealthrock] ttype=steel
INFO     Sampling 4 unrevealed pokemon
INFO     	      farigiraf    sapsipper    leftovers [bodyslam, protect, psychicnoise, wish] ttype=ground
INFO     	   avalugghisui       sturdy heavydutyboots [avalanche, rapidspin, recover, stoneedge] ttype=ghost
INFO     	    corviknight     pressure    leftovers [bodypress, bravebird, defog, roost] ttype=dragon
INFO     	         tinglu vesselofruin    leftovers [earthquake, payback, ruination, stealthrock] ttype=ghost
INFO     Sampling battle 1
INFO     	      hydreigon     levitate  choicespecs [darkpulse, dracometeor, flashcannon, uturn] ttype=steel
INFO     	       mudsdale      stamina    leftovers [earthquake, heavyslam, stealthrock, stoneedge] ttype=steel
INFO     Sampling 4 unrevealed pokemon
INFO     	        lucario    justified   choiceband [closecombat, extremespeed, meteormash, stoneedge] ttype=normal
INFO     	     conkeldurr         guts     flameorb [closecombat, facade, knockoff, machpunch] ttype=normal
INFO     	        luvdisc    swiftswim heavydutyboots [endeavor, substitute, surf, whirlpool] ttype=ground
INFO     	        noctowl   tintedlens heavydutyboots [calmmind, hurricane, hypervoice, roost] ttype=ground
INFO     Searching for a move using PUCT MCTS with neural priors...
INFO     Sampling 2 battles at 500ms each
INFO     Computing neural priors for all battles...
INFO     Initialized StateTranslator with TeamPreviewObservationSpace
INFO     Initializing LocalPolicyProvider with model: Abra
INFO     Loading pretrained Abra model...
INFO     CUDA not available - overriding FlashAttention with VanillaAttention
[91mWarning: Using unofficial VanillaAttention implementation[0m


 		 AMAGO v3.1
            	 -------------------------
            	 Agent: MultiTaskAgent
            		 Max Sequence Length: 200
            		 TstepEncoder Type: MetamonTstepEncoder
            		 TrajEncoder Type: TformerTrajEncoder
            		 Total Parameters: 57,535,116
            		 Offline Loss Weight: 1.0
            		 Online Loss Weight: 0.0
            		 Mixed Precision: NO
            		 Checkpoint Path: /Users/yadureddy/Documents/GitHub/clean/pokeagent_ac_mcts/.metamon_cache/pretrained_models/models--jakegrigsby--metamon/snapshots/c5d1cb9abb6747066a325228845a5a8af3d12139/abra/abra/ckpts
            	 Environment:
            		 DummyAsyncVectorEnv(Gym Env x 1)
            		 Exploration Type: None
            	 Dataset: DoNothingDataset
            	 Accelerate Processes: 1 


INFO     Successfully loaded Abra model
ERROR    Error translating battle to observation: 
WARNING  Failed to get priors for battle: 
ERROR    Error translating battle to observation: 
WARNING  Failed to get priors for battle: 
INFO     Successfully computed neural priors for 0/2 battles
INFO     Using PUCT-guided move selection (priors integrated during search)...
INFO     Policy 0: switch samurotthisui visited 91.48% avg_score=0.442 sample_chance_multiplier=0.5
INFO     Policy 1: knockoff visited 89.09% avg_score=0.375 sample_chance_multiplier=0.5
INFO     Considered Choices:
INFO     	45.958%: switch samurotthisui
INFO     	45.687%: knockoff
INFO     Choice: switch samurotthisui
INFO     samurotthisui switched in, adding intimidate to impossible abilities
INFO     samurotthisui switched in, adding pressure to impossible abilities
INFO     samurotthisui switched in, adding neutralizinggas to impossible abilities
INFO     samurotthisui switched in, adding sandstream to impossible abilities
INFO     samurotthisui switched in, adding drought to impossible abilities
INFO     samurotthisui switched in, adding drizzle to impossible abilities
INFO     samurotthisui switched in, adding snowwarning to impossible abilities
INFO     samurotthisui switched in, adding boosterenergy to impossible items
INFO     samurotthisui switched in, adding airballoon to impossible items
INFO     hydreigon already has the move darkpulse. Decrementing the PP by 1
INFO     hydreigon used a dark move, removing darkgem from possible items
INFO     Setting hydreigon's last used move: darkpulse
INFO     hydreigon used a damaging move - not guessing lifeorb anymore
INFO     hydreigon did 35.089999999999996% damage to samurotthisui with darkpulse
INFO     hydreigon has less than maxhp during upkeep, no longer guessing leftovers or blacksludge
INFO     Opponent has switched - clearing the last used move
INFO     ogerponhearthflame switched in, adding intimidate to impossible abilities
INFO     ogerponhearthflame switched in, adding pressure to impossible abilities
INFO     ogerponhearthflame switched in, adding neutralizinggas to impossible abilities
INFO     ogerponhearthflame switched in, adding sandstream to impossible abilities
INFO     ogerponhearthflame switched in, adding drought to impossible abilities
INFO     ogerponhearthflame switched in, adding drizzle to impossible abilities
INFO     ogerponhearthflame switched in, adding snowwarning to impossible abilities
INFO     ogerponhearthflame switched in, adding boosterenergy to impossible items
INFO     ogerponhearthflame switched in, adding airballoon to impossible items
INFO     Setting ogerponhearthflame's ability to moldbreaker
INFO     
INFO     Turn: 9
INFO     Sampling battle 0
INFO     	ogerponhearthflame  moldbreaker hearthflamemask [hornleech, ivycudgel, knockoff, swordsdance] ttype=fire
INFO     	       mudsdale      stamina    leftovers [earthquake, heavyslam, roar, stealthrock] ttype=steel
INFO     Sampling 3 unrevealed pokemon
INFO     	          azelf     levitate    focussash [explosion, fireblast, psychic, stealthrock] ttype=fire
INFO     	     gothitelle    shadowtag    leftovers [calmmind, darkpulse, psychicnoise, thunderbolt] ttype=fairy
INFO     	     arceusfire    multitype   flameplate [earthquake, extremespeed, flareblitz, swordsdance] ttype=fire
INFO     Sampling battle 1
INFO     	ogerponhearthflame  moldbreaker hearthflamemask [hornleech, ivycudgel, stompingtantrum, swordsdance] ttype=fire
INFO     	       mudsdale      stamina    leftovers [earthquake, heavyslam, roar, stealthrock] ttype=steel
INFO     Sampling 3 unrevealed pokemon
INFO     	      volcanion  waterabsorb heavydutyboots [flamethrower, haze, sludgebomb, steameruption] ttype=water
INFO     	         lapras  waterabsorb  choicespecs [freezedry, hydropump, icebeam, sparklingaria] ttype=ice
INFO     	         zekrom     teravolt    leftovers [boltstrike, dragondance, outrage, substitute] ttype=electric
INFO     Sampling battle 2
INFO     	ogerponhearthflame  moldbreaker hearthflamemask [ivycudgel, powerwhip, stompingtantrum, swordsdance] ttype=fire
INFO     	       mudsdale      stamina    leftovers [earthquake, heavyslam, roar, stealthrock] ttype=steel
INFO     Sampling 3 unrevealed pokemon
INFO     	  slowkinggalar  regenerator    leftovers [fireblast, psychicnoise, slackoff, sludgebomb] ttype=poison
INFO     	       qwilfish   intimidate heavydutyboots [flipturn, gunkshot, painsplit, thunderwave] ttype=dark
INFO     	       vigoroth  vitalspirit     eviolite [bodyslam, bulkup, knockoff, slackoff] ttype=ghost
INFO     Sampling battle 3
INFO     	ogerponhearthflame  moldbreaker hearthflamemask [ivycudgel, knockoff, powerwhip, swordsdance] ttype=fire
INFO     	       mudsdale      stamina    leftovers [earthquake, heavyslam, roar, stealthrock] ttype=steel
INFO     Sampling 3 unrevealed pokemon
INFO     	       magearna    soulheart    leftovers [aurasphere, flashcannon, fleurcannon, thunderwave] ttype=water
INFO     	         minior  shieldsdown    whiteherb [acrobatics, earthquake, powergem, shellsmash] ttype=water
INFO     	       arcanine   intimidate heavydutyboots [extremespeed, flareblitz, morningsun, roar] ttype=normal
INFO     Searching for a move using PUCT MCTS with neural priors...
INFO     Sampling 4 battles at 250ms each
INFO     Computing neural priors for all battles...
INFO     Initialized StateTranslator with TeamPreviewObservationSpace
INFO     Initializing LocalPolicyProvider with model: Abra
INFO     Loading pretrained Abra model...
INFO     CUDA not available - overriding FlashAttention with VanillaAttention
[91mWarning: Using unofficial VanillaAttention implementation[0m


 		 AMAGO v3.1
            	 -------------------------
            	 Agent: MultiTaskAgent
            		 Max Sequence Length: 200
            		 TstepEncoder Type: MetamonTstepEncoder
            		 TrajEncoder Type: TformerTrajEncoder
            		 Total Parameters: 57,535,116
            		 Offline Loss Weight: 1.0
            		 Online Loss Weight: 0.0
            		 Mixed Precision: NO
            		 Checkpoint Path: /Users/yadureddy/Documents/GitHub/clean/pokeagent_ac_mcts/.metamon_cache/pretrained_models/models--jakegrigsby--metamon/snapshots/c5d1cb9abb6747066a325228845a5a8af3d12139/abra/abra/ckpts
            	 Environment:
            		 DummyAsyncVectorEnv(Gym Env x 1)
            		 Exploration Type: None
            	 Dataset: DoNothingDataset
            	 Accelerate Processes: 1 


INFO     Successfully loaded Abra model
ERROR    Error translating battle to observation: 
WARNING  Failed to get priors for battle: 
ERROR    Error translating battle to observation: 
WARNING  Failed to get priors for battle: 
ERROR    Error translating battle to observation: 
WARNING  Failed to get priors for battle: 
ERROR    Error translating battle to observation: 
WARNING  Failed to get priors for battle: 
INFO     Successfully computed neural priors for 0/4 battles
INFO     Using PUCT-guided move selection (priors integrated during search)...
INFO     Policy 0: suckerpunch visited 49.95% avg_score=0.304 sample_chance_multiplier=0.25
INFO     Policy 1: switch gliscor visited 46.82% avg_score=0.273 sample_chance_multiplier=0.25
INFO     Policy 2: suckerpunch visited 60.8% avg_score=0.376 sample_chance_multiplier=0.25
INFO     Policy 3: suckerpunch visited 55.29% avg_score=0.383 sample_chance_multiplier=0.25
INFO     Considered Choices:
INFO     	47.202%: suckerpunch
INFO     Choice: suckerpunch
INFO     samurotthisui already has the move suckerpunch. Decrementing the PP by 1
INFO     samurotthisui used a dark move, removing darkgem from possible items
INFO     Setting samurotthisui's last used move: suckerpunch
INFO     samurotthisui used a damaging move - not guessing lifeorb anymore
INFO     samurotthisui did 46.0% damage to ogerponhearthflame with suckerpunch
WARNING  Would remove all possibilities, not removing any
WARNING  actual_damage_dealt=110.4
INFO     ogerponhearthflame used a grass move, removing grassgem from possible items
INFO     Setting ogerponhearthflame's last used move: hornleech
INFO     ogerponhearthflame used a damaging move - not guessing lifeorb anymore
INFO     ogerponhearthflame did 52.449999999999996% damage to samurotthisui with hornleech
INFO     ogerponhearthflame has less than maxhp during upkeep, no longer guessing leftovers or blacksludge
INFO     Sampling battle 0
INFO     	ogerponhearthflame  moldbreaker hearthflamemask [hornleech, ivycudgel, stompingtantrum, swordsdance] ttype=fire
INFO     	       mudsdale      stamina    leftovers [earthquake, heavyslam, roar, stealthrock] ttype=steel
INFO     Sampling 3 unrevealed pokemon
INFO     	          hypno     insomnia    leftovers [encore, knockoff, psychicnoise, toxic] ttype=dark
INFO     	       sceptile     overgrow      lifeorb [focusblast, leafstorm, rockslide, shedtail] ttype=steel
INFO     	        delphox        blaze heavydutyboots [fireblast, grassknot, nastyplot, psyshock] ttype=fire
INFO     Sampling battle 1
INFO     	ogerponhearthflame  moldbreaker hearthflamemask [hornleech, ivycudgel, knockoff, swordsdance] ttype=fire
INFO     	       mudsdale      stamina    leftovers [earthquake, heavyslam, roar, stealthrock] ttype=steel
INFO     Sampling 3 unrevealed pokemon
INFO     	      registeel    clearbody  chestoberry [bodypress, irondefense, ironhead, rest] ttype=fighting
INFO     	       glimmora  toxicdebris heavydutyboots [earthpower, mortalspin, sludgewave, stealthrock] ttype=ground
INFO     	    stonjourner    powerspot      lifeorb [earthquake, heatcrash, stealthrock, stoneedge] ttype=fire
INFO     Searching for a move using PUCT MCTS with neural priors...
INFO     Sampling 2 battles at 500ms each
INFO     Computing neural priors for all battles...
INFO     Initialized StateTranslator with TeamPreviewObservationSpace
INFO     Initializing LocalPolicyProvider with model: Abra
INFO     Loading pretrained Abra model...
INFO     CUDA not available - overriding FlashAttention with VanillaAttention
[91mWarning: Using unofficial VanillaAttention implementation[0m


 		 AMAGO v3.1
            	 -------------------------
            	 Agent: MultiTaskAgent
            		 Max Sequence Length: 200
            		 TstepEncoder Type: MetamonTstepEncoder
            		 TrajEncoder Type: TformerTrajEncoder
            		 Total Parameters: 57,535,116
            		 Offline Loss Weight: 1.0
            		 Online Loss Weight: 0.0
            		 Mixed Precision: NO
            		 Checkpoint Path: /Users/yadureddy/Documents/GitHub/clean/pokeagent_ac_mcts/.metamon_cache/pretrained_models/models--jakegrigsby--metamon/snapshots/c5d1cb9abb6747066a325228845a5a8af3d12139/abra/abra/ckpts
            	 Environment:
            		 DummyAsyncVectorEnv(Gym Env x 1)
            		 Exploration Type: None
            	 Dataset: DoNothingDataset
            	 Accelerate Processes: 1 


INFO     Successfully loaded Abra model
ERROR    Error translating battle to observation: 
WARNING  Failed to get priors for battle: 
ERROR    Error translating battle to observation: 
WARNING  Failed to get priors for battle: 
INFO     Successfully computed neural priors for 0/2 battles
INFO     Using PUCT-guided move selection (priors integrated during search)...
INFO     Policy 0: switch uxie visited 86.78% avg_score=0.413 sample_chance_multiplier=0.5
INFO     Policy 1: switch emboar visited 98.91% avg_score=0.506 sample_chance_multiplier=0.5
INFO     Considered Choices:
INFO     	49.703%: switch emboar
INFO     	43.578%: switch uxie
INFO     Choice: switch uxie
INFO     uxie switched in, adding intimidate to impossible abilities
INFO     uxie switched in, adding pressure to impossible abilities
INFO     uxie switched in, adding neutralizinggas to impossible abilities
INFO     uxie switched in, adding sandstream to impossible abilities
INFO     uxie switched in, adding drought to impossible abilities
INFO     uxie switched in, adding drizzle to impossible abilities
INFO     uxie switched in, adding snowwarning to impossible abilities
INFO     uxie switched in, adding boosterenergy to impossible items
INFO     uxie switched in, adding airballoon to impossible items
INFO     
INFO     Turn: 10
INFO     Sampling battle 0
INFO     	ogerponhearthflame  moldbreaker hearthflamemask [hornleech, ivycudgel, stompingtantrum, swordsdance] ttype=fire
INFO     	       mudsdale      stamina    leftovers [earthquake, heavyslam, roar, stealthrock] ttype=steel
INFO     Sampling 3 unrevealed pokemon
INFO     	    stonjourner    powerspot      lifeorb [earthquake, heatcrash, rockpolish, stoneedge] ttype=ground
INFO     	       sunflora  chlorophyll  choicespecs [dazzlinggleam, earthpower, leafstorm, sludgebomb] ttype=fairy
INFO     	        kingdra       sniper     lumberry [dragondance, outrage, waterfall, wavecrash] ttype=water
INFO     Sampling battle 1
INFO     	ogerponhearthflame  moldbreaker hearthflamemask [hornleech, ivycudgel, knockoff, swordsdance] ttype=fire
INFO     	       mudsdale      stamina    leftovers [earthquake, heavyslam, roar, stealthrock] ttype=steel
INFO     Sampling 3 unrevealed pokemon
INFO     	    oricoriopau       dancer heavydutyboots [hurricane, quiverdance, revelationdance, roost] ttype=fighting
INFO     	    arceusghost    multitype  spookyplate [calmmind, focusblast, judgment, recover] ttype=normal
INFO     	    fezandipiti   toxicchain  assaultvest [gunkshot, heatwave, moonblast, uturn] ttype=water
INFO     Searching for a move using PUCT MCTS with neural priors...
INFO     Sampling 2 battles at 500ms each
INFO     Computing neural priors for all battles...
INFO     Initialized StateTranslator with TeamPreviewObservationSpace
INFO     Initializing LocalPolicyProvider with model: Abra
INFO     Loading pretrained Abra model...
INFO     CUDA not available - overriding FlashAttention with VanillaAttention
[91mWarning: Using unofficial VanillaAttention implementation[0m


 		 AMAGO v3.1
            	 -------------------------
            	 Agent: MultiTaskAgent
            		 Max Sequence Length: 200
            		 TstepEncoder Type: MetamonTstepEncoder
            		 TrajEncoder Type: TformerTrajEncoder
            		 Total Parameters: 57,535,116
            		 Offline Loss Weight: 1.0
            		 Online Loss Weight: 0.0
            		 Mixed Precision: NO
            		 Checkpoint Path: /Users/yadureddy/Documents/GitHub/clean/pokeagent_ac_mcts/.metamon_cache/pretrained_models/models--jakegrigsby--metamon/snapshots/c5d1cb9abb6747066a325228845a5a8af3d12139/abra/abra/ckpts
            	 Environment:
            		 DummyAsyncVectorEnv(Gym Env x 1)
            		 Exploration Type: None
            	 Dataset: DoNothingDataset
            	 Accelerate Processes: 1 


INFO     Successfully loaded Abra model
ERROR    Error translating battle to observation: 
WARNING  Failed to get priors for battle: 
ERROR    Error translating battle to observation: 
WARNING  Failed to get priors for battle: 
INFO     Successfully computed neural priors for 0/2 battles
INFO     Using PUCT-guided move selection (priors integrated during search)...
INFO     Policy 0: psychicnoise visited 98.0% avg_score=0.34 sample_chance_multiplier=0.5
INFO     Policy 1: psychicnoise visited 98.73% avg_score=0.388 sample_chance_multiplier=0.5
INFO     Considered Choices:
INFO     	98.362%: psychicnoise
INFO     Choice: psychicnoise
INFO     Opponent has switched - clearing the last used move
INFO     gholdengo switched in, adding intimidate to impossible abilities
INFO     gholdengo switched in, adding pressure to impossible abilities
INFO     gholdengo switched in, adding neutralizinggas to impossible abilities
INFO     gholdengo switched in, adding sandstream to impossible abilities
INFO     gholdengo switched in, adding drought to impossible abilities
INFO     gholdengo switched in, adding drizzle to impossible abilities
INFO     gholdengo switched in, adding snowwarning to impossible abilities
INFO     gholdengo switched in, adding boosterenergy to impossible items
INFO     gholdengo switched in, adding airballoon to impossible items
INFO     uxie already has the move psychicnoise. Decrementing the PP by 1
INFO     uxie used a psychic move, removing psychicgem from possible items
INFO     Setting uxie's last used move: psychicnoise
INFO     uxie used a damaging move - not guessing lifeorb anymore
INFO     uxie did 13.0% damage to gholdengo with psychicnoise
INFO     Starting the volatile status healblock on gholdengo
INFO     Setting uxie's item to: leftovers
INFO     gholdengo has less than maxhp during upkeep, no longer guessing leftovers or blacksludge
INFO     
INFO     Turn: 11
INFO     Sampling battle 0
INFO     	      gholdengo   goodasgold  choicescarf [focusblast, makeitrain, shadowball, trick] ttype=ghost
INFO     	       mudsdale      stamina    leftovers [earthquake, heavyslam, roar, stealthrock] ttype=steel
INFO     	ogerponhearthflame  moldbreaker hearthflamemask [hornleech, ivycudgel, knockoff, swordsdance] ttype=fire
INFO     Sampling 2 unrevealed pokemon
INFO     	      regigigas    slowstart    leftovers [bodyslam, knockoff, protect, substitute] ttype=poison
INFO     	        wyrdeer   intimidate  assaultvest [bodyslam, earthquake, megahorn, psychicnoise] ttype=ground
INFO     Sampling battle 1
INFO     	      gholdengo   goodasgold  choicescarf [focusblast, makeitrain, shadowball, trick] ttype=ghost
INFO     	       mudsdale      stamina    leftovers [earthquake, heavyslam, roar, stealthrock] ttype=steel
INFO     	ogerponhearthflame  moldbreaker hearthflamemask [hornleech, ivycudgel, knockoff, swordsdance] ttype=fire
INFO     Sampling 2 unrevealed pokemon
INFO     	         kyogre      drizzle    leftovers [calmmind, icebeam, originpulse, thunder] ttype=steel
INFO     	      probopass   magnetpull    leftovers [bodypress, flashcannon, irondefense, powergem] ttype=fighting
INFO     Searching for a move using PUCT MCTS with neural priors...
INFO     Sampling 2 battles at 500ms each
INFO     Computing neural priors for all battles...
INFO     Initialized StateTranslator with TeamPreviewObservationSpace
INFO     Initializing LocalPolicyProvider with model: Abra
INFO     Loading pretrained Abra model...
INFO     CUDA not available - overriding FlashAttention with VanillaAttention
[91mWarning: Using unofficial VanillaAttention implementation[0m


 		 AMAGO v3.1
            	 -------------------------
            	 Agent: MultiTaskAgent
            		 Max Sequence Length: 200
            		 TstepEncoder Type: MetamonTstepEncoder
            		 TrajEncoder Type: TformerTrajEncoder
            		 Total Parameters: 57,535,116
            		 Offline Loss Weight: 1.0
            		 Online Loss Weight: 0.0
            		 Mixed Precision: NO
            		 Checkpoint Path: /Users/yadureddy/Documents/GitHub/clean/pokeagent_ac_mcts/.metamon_cache/pretrained_models/models--jakegrigsby--metamon/snapshots/c5d1cb9abb6747066a325228845a5a8af3d12139/abra/abra/ckpts
            	 Environment:
            		 DummyAsyncVectorEnv(Gym Env x 1)
            		 Exploration Type: None
            	 Dataset: DoNothingDataset
            	 Accelerate Processes: 1 


INFO     Successfully loaded Abra model
ERROR    Error translating battle to observation: 
WARNING  Failed to get priors for battle: 
ERROR    Error translating battle to observation: 
WARNING  Failed to get priors for battle: 
INFO     Successfully computed neural priors for 0/2 battles
INFO     Using PUCT-guided move selection (priors integrated during search)...
INFO     Policy 0: uturn visited 93.39% avg_score=0.36 sample_chance_multiplier=0.5
INFO     Policy 1: stealthrock visited 93.06% avg_score=0.392 sample_chance_multiplier=0.5
INFO     Considered Choices:
INFO     	48.268%: stealthrock
INFO     	47.322%: uturn
INFO     Choice: uturn
INFO     uxie already has the move uturn. Decrementing the PP by 1
INFO     uxie used a bug move, removing buggem from possible items
INFO     Setting uxie's last used move: uturn
INFO     uxie used a damaging move - not guessing lifeorb anymore
INFO     uxie did 4.0% damage to gholdengo with uturn
INFO     Sampling battle 0
INFO     	      gholdengo   goodasgold  choicescarf [focusblast, makeitrain, shadowball, trick] ttype=ghost
INFO     	       mudsdale      stamina    leftovers [earthquake, heavyslam, roar, stealthrock] ttype=steel
INFO     	ogerponhearthflame  moldbreaker hearthflamemask [hornleech, ivycudgel, knockoff, swordsdance] ttype=fire
INFO     Sampling 2 unrevealed pokemon
INFO     	taurospaldeaaqua      cudchew  sitrusberry [bulkup, closecombat, liquidation, substitute] ttype=water
INFO     	        volbeat    prankster heavydutyboots [encore, roost, thunderwave, uturn] ttype=water
INFO     Sampling battle 1
INFO     	      gholdengo   goodasgold  choicescarf [focusblast, makeitrain, shadowball, trick] ttype=steel
INFO     	       mudsdale      stamina    leftovers [earthquake, heavyslam, roar, stealthrock] ttype=steel
INFO     	ogerponhearthflame  moldbreaker hearthflamemask [hornleech, ivycudgel, swordsdance, trailblaze] ttype=fire
INFO     Sampling 2 unrevealed pokemon
INFO     	     incineroar   intimidate heavydutyboots [earthquake, flareblitz, knockoff, partingshot] ttype=water
INFO     	    arceusfairy    multitype   pixieplate [calmmind, earthpower, judgment, recover] ttype=steel
INFO     Searching for a move using PUCT MCTS with neural priors...
INFO     Sampling 2 battles at 500ms each
INFO     Computing neural priors for all battles...
INFO     Initialized StateTranslator with TeamPreviewObservationSpace
INFO     Initializing LocalPolicyProvider with model: Abra
INFO     Loading pretrained Abra model...
INFO     CUDA not available - overriding FlashAttention with VanillaAttention
[91mWarning: Using unofficial VanillaAttention implementation[0m


 		 AMAGO v3.1
            	 -------------------------
            	 Agent: MultiTaskAgent
            		 Max Sequence Length: 200
            		 TstepEncoder Type: MetamonTstepEncoder
            		 TrajEncoder Type: TformerTrajEncoder
            		 Total Parameters: 57,535,116
            		 Offline Loss Weight: 1.0
            		 Online Loss Weight: 0.0
            		 Mixed Precision: NO
            		 Checkpoint Path: /Users/yadureddy/Documents/GitHub/clean/pokeagent_ac_mcts/.metamon_cache/pretrained_models/models--jakegrigsby--metamon/snapshots/c5d1cb9abb6747066a325228845a5a8af3d12139/abra/abra/ckpts
            	 Environment:
            		 DummyAsyncVectorEnv(Gym Env x 1)
            		 Exploration Type: None
            	 Dataset: DoNothingDataset
            	 Accelerate Processes: 1 


INFO     Successfully loaded Abra model
ERROR    Error translating battle to observation: 
WARNING  Failed to get priors for battle: 
ERROR    Error translating battle to observation: 
WARNING  Failed to get priors for battle: 
INFO     Successfully computed neural priors for 0/2 battles
INFO     Using PUCT-guided move selection (priors integrated during search)...
INFO     Policy 0: switch electivire visited 96.37% avg_score=0.359 sample_chance_multiplier=0.5
INFO     Policy 1: switch electivire visited 93.39% avg_score=0.317 sample_chance_multiplier=0.5
INFO     Considered Choices:
INFO     	94.875%: switch electivire
INFO     Choice: switch electivire
INFO     electivire switched in, adding intimidate to impossible abilities
INFO     electivire switched in, adding pressure to impossible abilities
INFO     electivire switched in, adding neutralizinggas to impossible abilities
INFO     electivire switched in, adding sandstream to impossible abilities
INFO     electivire switched in, adding drought to impossible abilities
INFO     electivire switched in, adding drizzle to impossible abilities
INFO     electivire switched in, adding snowwarning to impossible abilities
INFO     electivire switched in, adding boosterenergy to impossible items
INFO     electivire switched in, adding airballoon to impossible items
INFO     gholdengo used a ghost move, removing ghostgem from possible items
INFO     Setting gholdengo's last used move: shadowball
INFO     gholdengo used a damaging move - not guessing lifeorb anymore
INFO     gholdengo did 32.32% damage to electivire with shadowball
INFO     Removing the volatile status healblock from gholdengo
INFO     gholdengo has less than maxhp during upkeep, no longer guessing leftovers or blacksludge
INFO     
INFO     Turn: 12
INFO     Sampling battle 0
INFO     	      gholdengo   goodasgold  choicescarf [focusblast, makeitrain, shadowball, trick] ttype=ghost
INFO     	       mudsdale      stamina    leftovers [earthquake, heavyslam, stealthrock, stoneedge] ttype=steel
INFO     	ogerponhearthflame  moldbreaker hearthflamemask [hornleech, ivycudgel, stompingtantrum, swordsdance] ttype=fire
INFO     Sampling 2 unrevealed pokemon
INFO     	          arbok   intimidate    focussash [earthquake, glare, gunkshot, toxicspikes] ttype=ground
INFO     	       arboliva      harvest  sitrusberry [hypervoice, leechseed, protect, substitute] ttype=poison
INFO     Sampling battle 1
INFO     	      gholdengo   goodasgold  choicescarf [focusblast, makeitrain, shadowball, trick] ttype=fighting
INFO     	       mudsdale      stamina    leftovers [earthquake, heavyslam, stealthrock, stoneedge] ttype=steel
INFO     	ogerponhearthflame  moldbreaker hearthflamemask [hornleech, ivycudgel, swordsdance, trailblaze] ttype=fire
INFO     Sampling 2 unrevealed pokemon
INFO     	       magcargo    flamebody heavydutyboots [lavaplume, recover, stealthrock, yawn] ttype=grass
INFO     	          arbok   intimidate    focussash [earthquake, gunkshot, suckerpunch, toxicspikes] ttype=ground
INFO     Searching for a move using PUCT MCTS with neural priors...
INFO     Sampling 2 battles at 500ms each
INFO     Computing neural priors for all battles...
INFO     Initialized StateTranslator with TeamPreviewObservationSpace
INFO     Initializing LocalPolicyProvider with model: Abra
INFO     Loading pretrained Abra model...
INFO     CUDA not available - overriding FlashAttention with VanillaAttention
[91mWarning: Using unofficial VanillaAttention implementation[0m


 		 AMAGO v3.1
            	 -------------------------
            	 Agent: MultiTaskAgent
            		 Max Sequence Length: 200
            		 TstepEncoder Type: MetamonTstepEncoder
            		 TrajEncoder Type: TformerTrajEncoder
            		 Total Parameters: 57,535,116
            		 Offline Loss Weight: 1.0
            		 Online Loss Weight: 0.0
            		 Mixed Precision: NO
            		 Checkpoint Path: /Users/yadureddy/Documents/GitHub/clean/pokeagent_ac_mcts/.metamon_cache/pretrained_models/models--jakegrigsby--metamon/snapshots/c5d1cb9abb6747066a325228845a5a8af3d12139/abra/abra/ckpts
            	 Environment:
            		 DummyAsyncVectorEnv(Gym Env x 1)
            		 Exploration Type: None
            	 Dataset: DoNothingDataset
            	 Accelerate Processes: 1 


INFO     Successfully loaded Abra model
ERROR    Error translating battle to observation: 
WARNING  Failed to get priors for battle: 
ERROR    Error translating battle to observation: 
WARNING  Failed to get priors for battle: 
INFO     Successfully computed neural priors for 0/2 battles
INFO     Using PUCT-guided move selection (priors integrated during search)...
INFO     Policy 0: earthquake visited 48.68% avg_score=0.483 sample_chance_multiplier=0.5
INFO     Policy 1: earthquake visited 78.75% avg_score=0.554 sample_chance_multiplier=0.5
INFO     Considered Choices:
INFO     	63.713%: earthquake
INFO     Choice: earthquake
INFO     Opponent has switched - clearing the last used move
INFO     electivire already has the move earthquake. Decrementing the PP by 1
INFO     electivire used a ground move, removing groundgem from possible items
INFO     Setting electivire's last used move: earthquake
INFO     electivire used a damaging move - not guessing lifeorb anymore
INFO     electivire did 28.000000000000004% damage to mudsdale with earthquake
INFO     Setting mudsdale's ability to stamina
INFO     mudsdale's defense was boosted by 1 to 1
INFO     Setting mudsdale's item to: leftovers
INFO     mudsdale has less than maxhp during upkeep, no longer guessing leftovers or blacksludge
INFO     
INFO     Turn: 13
INFO     Sampling battle 0
INFO     	       mudsdale      stamina    leftovers [earthquake, heavyslam, roar, stealthrock] ttype=steel
INFO     	ogerponhearthflame  moldbreaker hearthflamemask [hornleech, ivycudgel, stompingtantrum, swordsdance] ttype=fire
INFO     	      gholdengo   goodasgold  choicescarf [focusblast, makeitrain, shadowball, trick] ttype=fighting
INFO     Sampling 2 unrevealed pokemon
INFO     	          golem       sturdy  custapberry [earthquake, explosion, stealthrock, stoneedge] ttype=ground
INFO     	       vaporeon  waterabsorb    leftovers [calmmind, protect, scald, wish] ttype=poison
INFO     Sampling battle 1
INFO     	       mudsdale      stamina    leftovers [earthquake, heavyslam, stealthrock, stoneedge] ttype=steel
INFO     	ogerponhearthflame  moldbreaker hearthflamemask [hornleech, ivycudgel, stompingtantrum, swordsdance] ttype=fire
INFO     	      gholdengo   goodasgold  choicescarf [focusblast, makeitrain, shadowball, trick] ttype=steel
INFO     Sampling 2 unrevealed pokemon
INFO     	     rotomfrost     levitate heavydutyboots [blizzard, nastyplot, thunderbolt, willowisp] ttype=electric
INFO     	        noivern  infiltrator  choicespecs [dracometeor, flamethrower, hurricane, uturn] ttype=fire
INFO     Searching for a move using PUCT MCTS with neural priors...
INFO     Sampling 2 battles at 500ms each
INFO     Computing neural priors for all battles...
INFO     Initialized StateTranslator with TeamPreviewObservationSpace
INFO     Initializing LocalPolicyProvider with model: Abra
INFO     Loading pretrained Abra model...
INFO     CUDA not available - overriding FlashAttention with VanillaAttention
[91mWarning: Using unofficial VanillaAttention implementation[0m


 		 AMAGO v3.1
            	 -------------------------
            	 Agent: MultiTaskAgent
            		 Max Sequence Length: 200
            		 TstepEncoder Type: MetamonTstepEncoder
            		 TrajEncoder Type: TformerTrajEncoder
            		 Total Parameters: 57,535,116
            		 Offline Loss Weight: 1.0
            		 Online Loss Weight: 0.0
            		 Mixed Precision: NO
            		 Checkpoint Path: /Users/yadureddy/Documents/GitHub/clean/pokeagent_ac_mcts/.metamon_cache/pretrained_models/models--jakegrigsby--metamon/snapshots/c5d1cb9abb6747066a325228845a5a8af3d12139/abra/abra/ckpts
            	 Environment:
            		 DummyAsyncVectorEnv(Gym Env x 1)
            		 Exploration Type: None
            	 Dataset: DoNothingDataset
            	 Accelerate Processes: 1 


INFO     Successfully loaded Abra model
ERROR    Error translating battle to observation: 
WARNING  Failed to get priors for battle: 
ERROR    Error translating battle to observation: 
WARNING  Failed to get priors for battle: 
INFO     Successfully computed neural priors for 0/2 battles
INFO     Using PUCT-guided move selection (priors integrated during search)...
INFO     Policy 0: switch zebstrika visited 62.88% avg_score=0.457 sample_chance_multiplier=0.5
INFO     Policy 1: switch uxie visited 87.78% avg_score=0.418 sample_chance_multiplier=0.5
INFO     Considered Choices:
INFO     	48.931%: switch uxie
INFO     Choice: switch uxie
INFO     Opponent has switched - clearing the last used move
INFO     jumpluff switched in, adding intimidate to impossible abilities
INFO     jumpluff switched in, adding pressure to impossible abilities
INFO     jumpluff switched in, adding neutralizinggas to impossible abilities
INFO     jumpluff switched in, adding sandstream to impossible abilities
INFO     jumpluff switched in, adding drought to impossible abilities
INFO     jumpluff switched in, adding drizzle to impossible abilities
INFO     jumpluff switched in, adding snowwarning to impossible abilities
INFO     jumpluff switched in, adding boosterenergy to impossible items
INFO     jumpluff switched in, adding airballoon to impossible items
INFO     Setting uxie's item to: leftovers
INFO     
INFO     Turn: 14
INFO     Sampling battle 0
INFO     	       jumpluff  infiltrator              [acrobatics, leechseed, strengthsap, substitute] ttype=steel
INFO     	ogerponhearthflame  moldbreaker hearthflamemask [hornleech, ivycudgel, stompingtantrum, swordsdance] ttype=fire
INFO     	      gholdengo   goodasgold  choicescarf [focusblast, makeitrain, shadowball, trick] ttype=ghost
INFO     	       mudsdale      stamina    leftovers [earthquake, heavyslam, roar, stealthrock] ttype=steel
INFO     Sampling 1 unrevealed pokemon
INFO     	        darkrai    baddreams    leftovers [darkpulse, nastyplot, sludgebomb, substitute] ttype=poison
INFO     Sampling battle 1
INFO     	       jumpluff  infiltrator              [acrobatics, leechseed, strengthsap, substitute] ttype=steel
INFO     	ogerponhearthflame  moldbreaker hearthflamemask [hornleech, ivycudgel, stompingtantrum, swordsdance] ttype=fire
INFO     	      gholdengo   goodasgold  choicescarf [focusblast, makeitrain, shadowball, trick] ttype=steel
INFO     	       mudsdale      stamina    leftovers [earthquake, heavyslam, roar, stealthrock] ttype=steel
INFO     Sampling 1 unrevealed pokemon
INFO     	       samurott      torrent  assaultvest [aquajet, grassknot, hydropump, sacredsword] ttype=water
INFO     Searching for a move using PUCT MCTS with neural priors...
INFO     Sampling 2 battles at 500ms each
INFO     Computing neural priors for all battles...
INFO     Initialized StateTranslator with TeamPreviewObservationSpace
INFO     Initializing LocalPolicyProvider with model: Abra
INFO     Loading pretrained Abra model...
INFO     CUDA not available - overriding FlashAttention with VanillaAttention
[91mWarning: Using unofficial VanillaAttention implementation[0m


 		 AMAGO v3.1
            	 -------------------------
            	 Agent: MultiTaskAgent
            		 Max Sequence Length: 200
            		 TstepEncoder Type: MetamonTstepEncoder
            		 TrajEncoder Type: TformerTrajEncoder
            		 Total Parameters: 57,535,116
            		 Offline Loss Weight: 1.0
            		 Online Loss Weight: 0.0
            		 Mixed Precision: NO
            		 Checkpoint Path: /Users/yadureddy/Documents/GitHub/clean/pokeagent_ac_mcts/.metamon_cache/pretrained_models/models--jakegrigsby--metamon/snapshots/c5d1cb9abb6747066a325228845a5a8af3d12139/abra/abra/ckpts
            	 Environment:
            		 DummyAsyncVectorEnv(Gym Env x 1)
            		 Exploration Type: None
            	 Dataset: DoNothingDataset
            	 Accelerate Processes: 1 


INFO     Successfully loaded Abra model
ERROR    Error translating battle to observation: 
WARNING  Failed to get priors for battle: 
ERROR    Error translating battle to observation: 
WARNING  Failed to get priors for battle: 
INFO     Successfully computed neural priors for 0/2 battles
INFO     Using PUCT-guided move selection (priors integrated during search)...
INFO     Policy 0: stealthrock visited 96.25% avg_score=0.559 sample_chance_multiplier=0.5
INFO     Policy 1: stealthrock visited 85.13% avg_score=0.525 sample_chance_multiplier=0.5
INFO     Considered Choices:
INFO     	90.692%: stealthrock
INFO     Choice: stealthrock
INFO     Opponent has switched - clearing the last used move
INFO     uxie already has the move stealthrock. Decrementing the PP by 1
INFO     uxie used a status-move. Adding `assaultvest` to impossible items
INFO     Setting uxie's last used move: stealthrock
INFO     Incremented side condition stealthrock to 1 for gholdengo
INFO     Setting uxie's item to: leftovers
INFO     Setting gholdengo's item to: leftovers
INFO     gholdengo has less than maxhp during upkeep, no longer guessing leftovers or blacksludge
INFO     
INFO     Turn: 15
INFO     Sampling battle 0
INFO     	      gholdengo   goodasgold    leftovers [focusblast, makeitrain, nastyplot, shadowball] ttype=steel
INFO     	ogerponhearthflame  moldbreaker hearthflamemask [hornleech, ivycudgel, stompingtantrum, swordsdance] ttype=fire
INFO     	       mudsdale      stamina    leftovers [earthquake, heavyslam, roar, stealthrock] ttype=steel
INFO     	       jumpluff  infiltrator              [acrobatics, sleeppowder, strengthsap, uturn] ttype=steel
INFO     Sampling 1 unrevealed pokemon
INFO     	        banette     insomnia      lifeorb [gunkshot, poltergeist, shadowsneak, swordsdance] ttype=poison
INFO     Sampling battle 1
INFO     	      gholdengo   goodasgold    leftovers [makeitrain, recover, shadowball, thunderwave] ttype=water
INFO     	ogerponhearthflame  moldbreaker hearthflamemask [hornleech, ivycudgel, stompingtantrum, swordsdance] ttype=fire
INFO     	       mudsdale      stamina    leftovers [earthquake, heavyslam, roar, stealthrock] ttype=steel
INFO     	       jumpluff  infiltrator              [acrobatics, encore, sleeppowder, strengthsap] ttype=steel
INFO     Sampling 1 unrevealed pokemon
INFO     	        gurdurr         guts     eviolite [bulkup, drainpunch, knockoff, machpunch] ttype=steel
INFO     Searching for a move using PUCT MCTS with neural priors...
INFO     Sampling 2 battles at 500ms each
INFO     Computing neural priors for all battles...
INFO     Initialized StateTranslator with TeamPreviewObservationSpace
INFO     Initializing LocalPolicyProvider with model: Abra
INFO     Loading pretrained Abra model...
INFO     CUDA not available - overriding FlashAttention with VanillaAttention
[91mWarning: Using unofficial VanillaAttention implementation[0m


 		 AMAGO v3.1
            	 -------------------------
            	 Agent: MultiTaskAgent
            		 Max Sequence Length: 200
            		 TstepEncoder Type: MetamonTstepEncoder
            		 TrajEncoder Type: TformerTrajEncoder
            		 Total Parameters: 57,535,116
            		 Offline Loss Weight: 1.0
            		 Online Loss Weight: 0.0
            		 Mixed Precision: NO
            		 Checkpoint Path: /Users/yadureddy/Documents/GitHub/clean/pokeagent_ac_mcts/.metamon_cache/pretrained_models/models--jakegrigsby--metamon/snapshots/c5d1cb9abb6747066a325228845a5a8af3d12139/abra/abra/ckpts
            	 Environment:
            		 DummyAsyncVectorEnv(Gym Env x 1)
            		 Exploration Type: None
            	 Dataset: DoNothingDataset
            	 Accelerate Processes: 1 


INFO     Successfully loaded Abra model
ERROR    Error translating battle to observation: 
WARNING  Failed to get priors for battle: 
ERROR    Error translating battle to observation: 
WARNING  Failed to get priors for battle: 
INFO     Successfully computed neural priors for 0/2 battles
INFO     Using PUCT-guided move selection (priors integrated during search)...
INFO     Policy 0: switch electivire visited 91.43% avg_score=0.403 sample_chance_multiplier=0.5
INFO     Policy 1: switch electivire visited 64.13% avg_score=0.369 sample_chance_multiplier=0.5
INFO     Considered Choices:
INFO     	77.78%: switch electivire
INFO     Choice: switch electivire
INFO     gholdengo already has the move shadowball. Decrementing the PP by 1
INFO     gholdengo used a ghost move, removing ghostgem from possible items
INFO     Setting gholdengo's last used move: shadowball
INFO     gholdengo used a damaging move - not guessing lifeorb anymore
INFO     gholdengo did 36.88% damage to electivire with shadowball
INFO     Setting gholdengo's item to: leftovers
INFO     gholdengo has less than maxhp during upkeep, no longer guessing leftovers or blacksludge
INFO     
INFO     Turn: 16
INFO     Sampling battle 0
INFO     	      gholdengo   goodasgold    leftovers [makeitrain, recover, shadowball, thunderwave] ttype=steel
INFO     	ogerponhearthflame  moldbreaker hearthflamemask [hornleech, ivycudgel, swordsdance, trailblaze] ttype=fire
INFO     	       mudsdale      stamina    leftovers [earthquake, heavyslam, roar, stealthrock] ttype=steel
INFO     	       jumpluff  infiltrator              [acrobatics, leechseed, strengthsap, substitute] ttype=steel
INFO     Sampling 1 unrevealed pokemon
INFO     	        mimikyu     disguise      lifeorb [playrough, shadowsneak, swordsdance, woodhammer] ttype=grass
INFO     Sampling battle 1
INFO     	      gholdengo   goodasgold    leftovers [focusblast, makeitrain, nastyplot, shadowball] ttype=ghost
INFO     	ogerponhearthflame  moldbreaker hearthflamemask [hornleech, ivycudgel, stompingtantrum, swordsdance] ttype=fire
INFO     	       mudsdale      stamina    leftovers [earthquake, heavyslam, stealthrock, stoneedge] ttype=steel
INFO     	       jumpluff  infiltrator              [acrobatics, encore, sleeppowder, strengthsap] ttype=steel
INFO     Sampling 1 unrevealed pokemon
INFO     	          lokix   tintedlens      lifeorb [firstimpression, knockoff, leechlife, suckerpunch] ttype=bug
INFO     Searching for a move using PUCT MCTS with neural priors...
INFO     Sampling 2 battles at 500ms each
INFO     Computing neural priors for all battles...
INFO     Initialized StateTranslator with TeamPreviewObservationSpace
INFO     Initializing LocalPolicyProvider with model: Abra
INFO     Loading pretrained Abra model...
INFO     CUDA not available - overriding FlashAttention with VanillaAttention
[91mWarning: Using unofficial VanillaAttention implementation[0m


 		 AMAGO v3.1
            	 -------------------------
            	 Agent: MultiTaskAgent
            		 Max Sequence Length: 200
            		 TstepEncoder Type: MetamonTstepEncoder
            		 TrajEncoder Type: TformerTrajEncoder
            		 Total Parameters: 57,535,116
            		 Offline Loss Weight: 1.0
            		 Online Loss Weight: 0.0
            		 Mixed Precision: NO
            		 Checkpoint Path: /Users/yadureddy/Documents/GitHub/clean/pokeagent_ac_mcts/.metamon_cache/pretrained_models/models--jakegrigsby--metamon/snapshots/c5d1cb9abb6747066a325228845a5a8af3d12139/abra/abra/ckpts
            	 Environment:
            		 DummyAsyncVectorEnv(Gym Env x 1)
            		 Exploration Type: None
            	 Dataset: DoNothingDataset
            	 Accelerate Processes: 1 


INFO     Successfully loaded Abra model
ERROR    Error translating battle to observation: 
WARNING  Failed to get priors for battle: 
ERROR    Error translating battle to observation: 
WARNING  Failed to get priors for battle: 
INFO     Successfully computed neural priors for 0/2 battles
INFO     Using PUCT-guided move selection (priors integrated during search)...
INFO     Policy 0: earthquake visited 60.78% avg_score=0.542 sample_chance_multiplier=0.5
INFO     Policy 1: earthquake visited 75.1% avg_score=0.593 sample_chance_multiplier=0.5
INFO     Considered Choices:
INFO     	67.939%: earthquake
INFO     Choice: earthquake
INFO     Updated gholdengo's max speed to 312
INFO     electivire already has the move earthquake. Decrementing the PP by 1
INFO     electivire used a ground move, removing groundgem from possible items
INFO     Setting electivire's last used move: earthquake
INFO     electivire used a damaging move - not guessing lifeorb anymore
INFO     electivire did 63.0% damage to gholdengo with earthquake
INFO     gholdengo used two different moves - it cannot have a choice item
INFO     gholdengo using recover makes it unlikely to have a choice item. Setting can_have_choice_item to False
INFO     gholdengo used a status-move. Adding `assaultvest` to impossible items
INFO     Setting gholdengo's last used move: recover
INFO     Setting gholdengo's item to: leftovers
INFO     gholdengo has less than maxhp during upkeep, no longer guessing leftovers or blacksludge
INFO     
INFO     Turn: 17
INFO     Sampling battle 0
INFO     	      gholdengo   goodasgold    leftovers [makeitrain, recover, shadowball, thunderwave] ttype=dark
INFO     	ogerponhearthflame  moldbreaker hearthflamemask [hornleech, ivycudgel, knockoff, swordsdance] ttype=fire
INFO     	       mudsdale      stamina    leftovers [earthquake, heavyslam, roar, stealthrock] ttype=steel
INFO     	       jumpluff  infiltrator              [acrobatics, encore, strengthsap, uturn] ttype=steel
INFO     Sampling 1 unrevealed pokemon
INFO     	       maushold   technician     widelens [bite, encore, populationbomb, tidyup] ttype=ghost
INFO     Sampling battle 1
INFO     	      gholdengo   goodasgold    leftovers [makeitrain, nastyplot, recover, shadowball] ttype=water
INFO     	ogerponhearthflame  moldbreaker hearthflamemask [hornleech, ivycudgel, stompingtantrum, swordsdance] ttype=fire
INFO     	       mudsdale      stamina    leftovers [earthquake, heavyslam, stealthrock, stoneedge] ttype=steel
INFO     	       jumpluff  infiltrator              [acrobatics, encore, sleeppowder, strengthsap] ttype=steel
INFO     Sampling 1 unrevealed pokemon
INFO     	      arceusice    multitype  icicleplate [calmmind, judgment, recover, thunderbolt] ttype=electric
INFO     Searching for a move using PUCT MCTS with neural priors...
INFO     Sampling 2 battles at 500ms each
INFO     Computing neural priors for all battles...
INFO     Initialized StateTranslator with TeamPreviewObservationSpace
INFO     Initializing LocalPolicyProvider with model: Abra
INFO     Loading pretrained Abra model...
INFO     CUDA not available - overriding FlashAttention with VanillaAttention
[91mWarning: Using unofficial VanillaAttention implementation[0m


 		 AMAGO v3.1
            	 -------------------------
            	 Agent: MultiTaskAgent
            		 Max Sequence Length: 200
            		 TstepEncoder Type: MetamonTstepEncoder
            		 TrajEncoder Type: TformerTrajEncoder
            		 Total Parameters: 57,535,116
            		 Offline Loss Weight: 1.0
            		 Online Loss Weight: 0.0
            		 Mixed Precision: NO
            		 Checkpoint Path: /Users/yadureddy/Documents/GitHub/clean/pokeagent_ac_mcts/.metamon_cache/pretrained_models/models--jakegrigsby--metamon/snapshots/c5d1cb9abb6747066a325228845a5a8af3d12139/abra/abra/ckpts
            	 Environment:
            		 DummyAsyncVectorEnv(Gym Env x 1)
            		 Exploration Type: None
            	 Dataset: DoNothingDataset
            	 Accelerate Processes: 1 


INFO     Successfully loaded Abra model
ERROR    Error translating battle to observation: 
WARNING  Failed to get priors for battle: 
ERROR    Error translating battle to observation: 
WARNING  Failed to get priors for battle: 
INFO     Successfully computed neural priors for 0/2 battles
INFO     Using PUCT-guided move selection (priors integrated during search)...
INFO     Policy 0: switch gliscor visited 56.24% avg_score=0.545 sample_chance_multiplier=0.5
INFO     Policy 1: earthquake visited 92.26% avg_score=0.573 sample_chance_multiplier=0.5
INFO     Considered Choices:
INFO     	63.583%: earthquake
INFO     Choice: earthquake
INFO     Opponent has switched - clearing the last used move
INFO     jumpluff was affected by stealthrock, it cannot have heavydutyboots
INFO     electivire already has the move earthquake. Decrementing the PP by 1
INFO     electivire used a ground move, removing groundgem from possible items
INFO     Setting electivire's last used move: earthquake
INFO     electivire used a damaging move - not guessing lifeorb anymore
INFO     jumpluff has less than maxhp during upkeep, no longer guessing leftovers or blacksludge
INFO     
INFO     Turn: 18
INFO     Sampling battle 0
INFO     	       jumpluff  infiltrator              [acrobatics, leechseed, strengthsap, substitute] ttype=steel
INFO     	ogerponhearthflame  moldbreaker hearthflamemask [hornleech, ivycudgel, stompingtantrum, swordsdance] ttype=fire
INFO     	       mudsdale      stamina    leftovers [earthquake, heavyslam, stealthrock, stoneedge] ttype=steel
INFO     	      gholdengo   goodasgold    leftovers [makeitrain, nastyplot, recover, shadowball] ttype=water
INFO     Sampling 1 unrevealed pokemon
INFO     	       skarmory       sturdy    leftovers [bravebird, roost, spikes, stealthrock] ttype=dragon
INFO     Sampling battle 1
INFO     	       jumpluff  infiltrator              [acrobatics, sleeppowder, strengthsap, uturn] ttype=steel
INFO     	ogerponhearthflame  moldbreaker hearthflamemask [hornleech, ivycudgel, stompingtantrum, swordsdance] ttype=fire
INFO     	       mudsdale      stamina    leftovers [earthquake, heavyslam, roar, stealthrock] ttype=steel
INFO     	      gholdengo   goodasgold    leftovers [makeitrain, recover, shadowball, thunderwave] ttype=dark
INFO     Sampling 1 unrevealed pokemon
INFO     	         rabsca  synchronize heavydutyboots [bugbuzz, psychic, recover, revivalblessing] ttype=steel
INFO     Searching for a move using PUCT MCTS with neural priors...
INFO     Sampling 2 battles at 500ms each
INFO     Computing neural priors for all battles...
INFO     Initialized StateTranslator with TeamPreviewObservationSpace
INFO     Initializing LocalPolicyProvider with model: Abra
INFO     Loading pretrained Abra model...
INFO     CUDA not available - overriding FlashAttention with VanillaAttention
[91mWarning: Using unofficial VanillaAttention implementation[0m


 		 AMAGO v3.1
            	 -------------------------
            	 Agent: MultiTaskAgent
            		 Max Sequence Length: 200
            		 TstepEncoder Type: MetamonTstepEncoder
            		 TrajEncoder Type: TformerTrajEncoder
            		 Total Parameters: 57,535,116
            		 Offline Loss Weight: 1.0
            		 Online Loss Weight: 0.0
            		 Mixed Precision: NO
            		 Checkpoint Path: /Users/yadureddy/Documents/GitHub/clean/pokeagent_ac_mcts/.metamon_cache/pretrained_models/models--jakegrigsby--metamon/snapshots/c5d1cb9abb6747066a325228845a5a8af3d12139/abra/abra/ckpts
            	 Environment:
            		 DummyAsyncVectorEnv(Gym Env x 1)
            		 Exploration Type: None
            	 Dataset: DoNothingDataset
            	 Accelerate Processes: 1 


INFO     Successfully loaded Abra model
ERROR    Error translating battle to observation: 
WARNING  Failed to get priors for battle: 
ERROR    Error translating battle to observation: 
WARNING  Failed to get priors for battle: 
INFO     Successfully computed neural priors for 0/2 battles
INFO     Using PUCT-guided move selection (priors integrated during search)...
INFO     Policy 0: switch zebstrika visited 97.52% avg_score=0.449 sample_chance_multiplier=0.5
INFO     Policy 1: switch gliscor visited 65.78% avg_score=0.437 sample_chance_multiplier=0.5
INFO     Considered Choices:
INFO     	64.774%: switch zebstrika
INFO     Choice: switch zebstrika
INFO     zebstrika switched in, adding intimidate to impossible abilities
INFO     zebstrika switched in, adding pressure to impossible abilities
INFO     zebstrika switched in, adding neutralizinggas to impossible abilities
INFO     zebstrika switched in, adding sandstream to impossible abilities
INFO     zebstrika switched in, adding drought to impossible abilities
INFO     zebstrika switched in, adding drizzle to impossible abilities
INFO     zebstrika switched in, adding snowwarning to impossible abilities
INFO     zebstrika switched in, adding boosterenergy to impossible items
INFO     zebstrika switched in, adding airballoon to impossible items
INFO     jumpluff using substitute makes it unlikely to have a choice item. Setting can_have_choice_item to False
INFO     jumpluff used a status-move. Adding `assaultvest` to impossible items
INFO     Setting jumpluff's last used move: substitute
INFO     Starting the volatile status substitute on jumpluff
INFO     jumpluff started a substitute - setting substitute_hit to False
INFO     jumpluff has less than maxhp during upkeep, no longer guessing leftovers or blacksludge
INFO     
INFO     Turn: 19
INFO     Sampling battle 0
INFO     	       jumpluff  infiltrator              [acrobatics, leechseed, strengthsap, substitute] ttype=steel
INFO     	ogerponhearthflame  moldbreaker hearthflamemask [hornleech, ivycudgel, knockoff, swordsdance] ttype=fire
INFO     	       mudsdale      stamina    leftovers [earthquake, heavyslam, roar, stealthrock] ttype=steel
INFO     	      gholdengo   goodasgold    leftovers [makeitrain, nastyplot, recover, shadowball] ttype=steel
INFO     Sampling 1 unrevealed pokemon
INFO     	zamazentacrowned dauntlessshield rustedshield [bodypress, heavyslam, irondefense, stoneedge] ttype=ghost
INFO     Sampling battle 1
INFO     	       jumpluff  infiltrator              [acrobatics, leechseed, strengthsap, substitute] ttype=steel
INFO     	ogerponhearthflame  moldbreaker hearthflamemask [hornleech, ivycudgel, stompingtantrum, swordsdance] ttype=fire
INFO     	       mudsdale      stamina    leftovers [earthquake, heavyslam, stealthrock, stoneedge] ttype=steel
INFO     	      gholdengo   goodasgold    leftovers [makeitrain, recover, shadowball, thunderwave] ttype=dark
INFO     Sampling 1 unrevealed pokemon
INFO     	       cobalion    justified    leftovers [bodypress, ironhead, stoneedge, thunderwave] ttype=water
INFO     Searching for a move using PUCT MCTS with neural priors...
INFO     Sampling 2 battles at 500ms each
INFO     Computing neural priors for all battles...
INFO     Initialized StateTranslator with TeamPreviewObservationSpace
INFO     Initializing LocalPolicyProvider with model: Abra
INFO     Loading pretrained Abra model...
INFO     CUDA not available - overriding FlashAttention with VanillaAttention
[91mWarning: Using unofficial VanillaAttention implementation[0m


 		 AMAGO v3.1
            	 -------------------------
            	 Agent: MultiTaskAgent
            		 Max Sequence Length: 200
            		 TstepEncoder Type: MetamonTstepEncoder
            		 TrajEncoder Type: TformerTrajEncoder
            		 Total Parameters: 57,535,116
            		 Offline Loss Weight: 1.0
            		 Online Loss Weight: 0.0
            		 Mixed Precision: NO
            		 Checkpoint Path: /Users/yadureddy/Documents/GitHub/clean/pokeagent_ac_mcts/.metamon_cache/pretrained_models/models--jakegrigsby--metamon/snapshots/c5d1cb9abb6747066a325228845a5a8af3d12139/abra/abra/ckpts
            	 Environment:
            		 DummyAsyncVectorEnv(Gym Env x 1)
            		 Exploration Type: None
            	 Dataset: DoNothingDataset
            	 Accelerate Processes: 1 


INFO     Successfully loaded Abra model
ERROR    Error translating battle to observation: 
WARNING  Failed to get priors for battle: 
ERROR    Error translating battle to observation: 
WARNING  Failed to get priors for battle: 
INFO     Successfully computed neural priors for 0/2 battles
INFO     Using PUCT-guided move selection (priors integrated during search)...
INFO     Policy 0: supercellslam visited 98.51% avg_score=0.589 sample_chance_multiplier=0.5
INFO     Policy 1: supercellslam visited 98.87% avg_score=0.629 sample_chance_multiplier=0.5
INFO     Considered Choices:
INFO     	98.695%: supercellslam
INFO     Choice: supercellslam
INFO     Updated jumpluff's max speed to 252
INFO     zebstrika already has the move supercellslam. Decrementing the PP by 1
INFO     zebstrika used a electric move, removing electricgem from possible items
INFO     Setting zebstrika's last used move: supercellslam
INFO     zebstrika used a damaging move - not guessing lifeorb anymore
INFO     Substitute ended for jumpluff
INFO     Removing the volatile status substitute from jumpluff
INFO     Setting zebstrika's item to: lifeorb
INFO     jumpluff used two different moves - it cannot have a choice item
INFO     jumpluff used a flying move, removing flyinggem from possible items
INFO     Setting jumpluff's last used move: acrobatics
INFO     jumpluff used a damaging move - not guessing lifeorb anymore
INFO     jumpluff did 20.22% damage to zebstrika with acrobatics
INFO     jumpluff has less than maxhp during upkeep, no longer guessing leftovers or blacksludge
INFO     
INFO     Turn: 20
INFO     Sampling battle 0
INFO     	       jumpluff  infiltrator              [acrobatics, leechseed, strengthsap, substitute] ttype=steel
INFO     	ogerponhearthflame  moldbreaker hearthflamemask [hornleech, ivycudgel, swordsdance, trailblaze] ttype=fire
INFO     	       mudsdale      stamina    leftovers [earthquake, heavyslam, roar, stealthrock] ttype=steel
INFO     	      gholdengo   goodasgold    leftovers [makeitrain, nastyplot, recover, shadowball] ttype=steel
INFO     Sampling 1 unrevealed pokemon
INFO     	         palkia     pressure  lustrousorb [dracometeor, fireblast, hydropump, thunderwave] ttype=dragon
INFO     Sampling battle 1
INFO     	       jumpluff  infiltrator              [acrobatics, leechseed, strengthsap, substitute] ttype=steel
INFO     	ogerponhearthflame  moldbreaker hearthflamemask [hornleech, ivycudgel, swordsdance, trailblaze] ttype=fire
INFO     	       mudsdale      stamina    leftovers [earthquake, heavyslam, stealthrock, stoneedge] ttype=steel
INFO     	      gholdengo   goodasgold    leftovers [makeitrain, nastyplot, recover, shadowball] ttype=water
INFO     Sampling 1 unrevealed pokemon
INFO     	       vikavolt     levitate heavydutyboots [bugbuzz, discharge, stickyweb, voltswitch] ttype=electric
INFO     Searching for a move using PUCT MCTS with neural priors...
INFO     Sampling 2 battles at 500ms each
INFO     Computing neural priors for all battles...
INFO     Initialized StateTranslator with TeamPreviewObservationSpace
INFO     Initializing LocalPolicyProvider with model: Abra
INFO     Loading pretrained Abra model...
INFO     CUDA not available - overriding FlashAttention with VanillaAttention
[91mWarning: Using unofficial VanillaAttention implementation[0m


 		 AMAGO v3.1
            	 -------------------------
            	 Agent: MultiTaskAgent
            		 Max Sequence Length: 200
            		 TstepEncoder Type: MetamonTstepEncoder
            		 TrajEncoder Type: TformerTrajEncoder
            		 Total Parameters: 57,535,116
            		 Offline Loss Weight: 1.0
            		 Online Loss Weight: 0.0
            		 Mixed Precision: NO
            		 Checkpoint Path: /Users/yadureddy/Documents/GitHub/clean/pokeagent_ac_mcts/.metamon_cache/pretrained_models/models--jakegrigsby--metamon/snapshots/c5d1cb9abb6747066a325228845a5a8af3d12139/abra/abra/ckpts
            	 Environment:
            		 DummyAsyncVectorEnv(Gym Env x 1)
            		 Exploration Type: None
            	 Dataset: DoNothingDataset
            	 Accelerate Processes: 1 


INFO     Successfully loaded Abra model
ERROR    Error translating battle to observation: 
WARNING  Failed to get priors for battle: 
ERROR    Error translating battle to observation: 
WARNING  Failed to get priors for battle: 
INFO     Successfully computed neural priors for 0/2 battles
INFO     Using PUCT-guided move selection (priors integrated during search)...
INFO     Policy 0: highhorsepower visited 33.7% avg_score=0.535 sample_chance_multiplier=0.5
INFO     Policy 1: overheat visited 89.5% avg_score=0.536 sample_chance_multiplier=0.5
INFO     Considered Choices:
INFO     	59.561%: overheat
INFO     Choice: overheat
INFO     Opponent has switched - clearing the last used move
INFO     zebstrika already has the move overheat. Decrementing the PP by 1
INFO     zebstrika used a fire move, removing firegem from possible items
INFO     Setting zebstrika's last used move: overheat
INFO     zebstrika used a damaging move - not guessing lifeorb anymore
INFO     zebstrika did 37.0% damage to mudsdale with overheat
INFO     zebstrika's special-attack was unboosted by 2 to -2
INFO     Setting mudsdale's ability to stamina
INFO     mudsdale's defense was boosted by 1 to 1
INFO     Setting zebstrika's item to: lifeorb
INFO     Setting mudsdale's item to: leftovers
INFO     mudsdale has less than maxhp during upkeep, no longer guessing leftovers or blacksludge
INFO     
INFO     Turn: 21
INFO     Sampling battle 0
INFO     	       mudsdale      stamina    leftovers [earthquake, heavyslam, roar, stealthrock] ttype=steel
INFO     	ogerponhearthflame  moldbreaker hearthflamemask [hornleech, ivycudgel, swordsdance, trailblaze] ttype=fire
INFO     	      gholdengo   goodasgold    leftovers [makeitrain, nastyplot, recover, shadowball] ttype=steel
INFO     	       jumpluff  infiltrator              [acrobatics, leechseed, strengthsap, substitute] ttype=steel
INFO     Sampling 1 unrevealed pokemon
INFO     	   lycanrocdusk   toughclaws   choiceband [accelerock, closecombat, psychicfangs, stoneedge] ttype=fighting
INFO     Sampling battle 1
INFO     	       mudsdale      stamina    leftovers [earthquake, heavyslam, roar, stealthrock] ttype=steel
INFO     	ogerponhearthflame  moldbreaker hearthflamemask [hornleech, ivycudgel, stompingtantrum, swordsdance] ttype=fire
INFO     	      gholdengo   goodasgold    leftovers [makeitrain, recover, shadowball, thunderwave] ttype=steel
INFO     	       jumpluff  infiltrator              [acrobatics, leechseed, strengthsap, substitute] ttype=steel
INFO     Sampling 1 unrevealed pokemon
INFO     	       politoed      drizzle  chestoberry [haze, hydropump, icebeam, rest] ttype=water
INFO     Searching for a move using PUCT MCTS with neural priors...
INFO     Sampling 2 battles at 500ms each
INFO     Computing neural priors for all battles...
INFO     Initialized StateTranslator with TeamPreviewObservationSpace
INFO     Initializing LocalPolicyProvider with model: Abra
INFO     Loading pretrained Abra model...
INFO     CUDA not available - overriding FlashAttention with VanillaAttention
[91mWarning: Using unofficial VanillaAttention implementation[0m


 		 AMAGO v3.1
            	 -------------------------
            	 Agent: MultiTaskAgent
            		 Max Sequence Length: 200
            		 TstepEncoder Type: MetamonTstepEncoder
            		 TrajEncoder Type: TformerTrajEncoder
            		 Total Parameters: 57,535,116
            		 Offline Loss Weight: 1.0
            		 Online Loss Weight: 0.0
            		 Mixed Precision: NO
            		 Checkpoint Path: /Users/yadureddy/Documents/GitHub/clean/pokeagent_ac_mcts/.metamon_cache/pretrained_models/models--jakegrigsby--metamon/snapshots/c5d1cb9abb6747066a325228845a5a8af3d12139/abra/abra/ckpts
            	 Environment:
            		 DummyAsyncVectorEnv(Gym Env x 1)
            		 Exploration Type: None
            	 Dataset: DoNothingDataset
            	 Accelerate Processes: 1 


INFO     Successfully loaded Abra model
ERROR    Error translating battle to observation: 
WARNING  Failed to get priors for battle: 
ERROR    Error translating battle to observation: 
WARNING  Failed to get priors for battle: 
INFO     Successfully computed neural priors for 0/2 battles
INFO     Using PUCT-guided move selection (priors integrated during search)...
INFO     Policy 0: highhorsepower visited 94.27% avg_score=0.713 sample_chance_multiplier=0.5
INFO     Policy 1: highhorsepower visited 71.75% avg_score=0.705 sample_chance_multiplier=0.5
INFO     Considered Choices:
INFO     	83.012%: highhorsepower
INFO     Choice: highhorsepower
INFO     zebstrika already has the move highhorsepower. Decrementing the PP by 1
INFO     zebstrika used a ground move, removing groundgem from possible items
INFO     Setting zebstrika's last used move: highhorsepower
INFO     zebstrika used a damaging move - not guessing lifeorb anymore
INFO     zebstrika did 18.0% damage to mudsdale with highhorsepower
INFO     Setting zebstrika's item to: lifeorb
INFO     mudsdale has less than maxhp during upkeep, no longer guessing leftovers or blacksludge
INFO     Opponent has switched - clearing the last used move
INFO     ogerponhearthflame was affected by stealthrock, it cannot have heavydutyboots
INFO     Setting ogerponhearthflame's ability to moldbreaker
INFO     
INFO     Turn: 22
INFO     Sampling battle 0
INFO     	ogerponhearthflame  moldbreaker hearthflamemask [hornleech, ivycudgel, stompingtantrum, swordsdance] ttype=fire
INFO     	      gholdengo   goodasgold    leftovers [makeitrain, nastyplot, recover, shadowball] ttype=water
INFO     	       jumpluff  infiltrator              [acrobatics, leechseed, strengthsap, substitute] ttype=steel
INFO     Sampling 1 unrevealed pokemon
INFO     	        wyrdeer   intimidate    leftovers [bodyslam, earthquake, psychicnoise, thunderwave] ttype=ground
INFO     Sampling battle 1
INFO     	ogerponhearthflame  moldbreaker hearthflamemask [hornleech, ivycudgel, swordsdance, trailblaze] ttype=fire
INFO     	      gholdengo   goodasgold    leftovers [makeitrain, recover, shadowball, thunderwave] ttype=dark
INFO     	       jumpluff  infiltrator              [acrobatics, leechseed, strengthsap, substitute] ttype=steel
INFO     Sampling 1 unrevealed pokemon
INFO     	       politoed      drizzle  chestoberry [hypnosis, icebeam, rest, surf] ttype=steel
INFO     Searching for a move using PUCT MCTS with neural priors...
INFO     Sampling 2 battles at 500ms each
INFO     Computing neural priors for all battles...
INFO     Initialized StateTranslator with TeamPreviewObservationSpace
INFO     Initializing LocalPolicyProvider with model: Abra
INFO     Loading pretrained Abra model...
INFO     CUDA not available - overriding FlashAttention with VanillaAttention
[91mWarning: Using unofficial VanillaAttention implementation[0m


 		 AMAGO v3.1
            	 -------------------------
            	 Agent: MultiTaskAgent
            		 Max Sequence Length: 200
            		 TstepEncoder Type: MetamonTstepEncoder
            		 TrajEncoder Type: TformerTrajEncoder
            		 Total Parameters: 57,535,116
            		 Offline Loss Weight: 1.0
            		 Online Loss Weight: 0.0
            		 Mixed Precision: NO
            		 Checkpoint Path: /Users/yadureddy/Documents/GitHub/clean/pokeagent_ac_mcts/.metamon_cache/pretrained_models/models--jakegrigsby--metamon/snapshots/c5d1cb9abb6747066a325228845a5a8af3d12139/abra/abra/ckpts
            	 Environment:
            		 DummyAsyncVectorEnv(Gym Env x 1)
            		 Exploration Type: None
            	 Dataset: DoNothingDataset
            	 Accelerate Processes: 1 


INFO     Successfully loaded Abra model
ERROR    Error translating battle to observation: 
WARNING  Failed to get priors for battle: 
ERROR    Error translating battle to observation: 
WARNING  Failed to get priors for battle: 
INFO     Successfully computed neural priors for 0/2 battles
INFO     Using PUCT-guided move selection (priors integrated during search)...
INFO     Policy 0: voltswitch visited 58.1% avg_score=0.63 sample_chance_multiplier=0.5
INFO     Policy 1: voltswitch visited 81.46% avg_score=0.661 sample_chance_multiplier=0.5
INFO     Considered Choices:
INFO     	69.776%: voltswitch
INFO     Choice: voltswitch
INFO     zebstrika already has the move voltswitch. Decrementing the PP by 1
INFO     zebstrika used a electric move, removing electricgem from possible items
INFO     Setting zebstrika's last used move: voltswitch
INFO     zebstrika used a damaging move - not guessing lifeorb anymore
INFO     zebstrika did 10.0% damage to ogerponhearthflame with voltswitch
INFO     Setting zebstrika's item to: lifeorb
INFO     Sampling battle 0
INFO     	ogerponhearthflame  moldbreaker hearthflamemask [hornleech, ivycudgel, stompingtantrum, swordsdance] ttype=fire
INFO     	      gholdengo   goodasgold    leftovers [makeitrain, nastyplot, recover, shadowball] ttype=steel
INFO     	       jumpluff  infiltrator              [acrobatics, leechseed, strengthsap, substitute] ttype=steel
INFO     Sampling 1 unrevealed pokemon
INFO     	        gurdurr         guts     eviolite [bulkup, drainpunch, knockoff, machpunch] ttype=steel
INFO     Sampling battle 1
INFO     	ogerponhearthflame  moldbreaker hearthflamemask [hornleech, ivycudgel, stompingtantrum, swordsdance] ttype=fire
INFO     	      gholdengo   goodasgold    leftovers [makeitrain, recover, shadowball, thunderwave] ttype=dark
INFO     	       jumpluff  infiltrator              [acrobatics, leechseed, strengthsap, substitute] ttype=steel
INFO     Sampling 1 unrevealed pokemon
INFO     	        milotic  competitive    leftovers [haze, icebeam, recover, scald] ttype=steel
INFO     Searching for a move using PUCT MCTS with neural priors...
INFO     Sampling 2 battles at 500ms each
INFO     Computing neural priors for all battles...
INFO     Initialized StateTranslator with TeamPreviewObservationSpace
INFO     Initializing LocalPolicyProvider with model: Abra
INFO     Loading pretrained Abra model...
INFO     CUDA not available - overriding FlashAttention with VanillaAttention
[91mWarning: Using unofficial VanillaAttention implementation[0m


 		 AMAGO v3.1
            	 -------------------------
            	 Agent: MultiTaskAgent
            		 Max Sequence Length: 200
            		 TstepEncoder Type: MetamonTstepEncoder
            		 TrajEncoder Type: TformerTrajEncoder
            		 Total Parameters: 57,535,116
            		 Offline Loss Weight: 1.0
            		 Online Loss Weight: 0.0
            		 Mixed Precision: NO
            		 Checkpoint Path: /Users/yadureddy/Documents/GitHub/clean/pokeagent_ac_mcts/.metamon_cache/pretrained_models/models--jakegrigsby--metamon/snapshots/c5d1cb9abb6747066a325228845a5a8af3d12139/abra/abra/ckpts
            	 Environment:
            		 DummyAsyncVectorEnv(Gym Env x 1)
            		 Exploration Type: None
            	 Dataset: DoNothingDataset
            	 Accelerate Processes: 1 


INFO     Successfully loaded Abra model
ERROR    Error translating battle to observation: 
WARNING  Failed to get priors for battle: 
ERROR    Error translating battle to observation: 
WARNING  Failed to get priors for battle: 
INFO     Successfully computed neural priors for 0/2 battles
INFO     Using PUCT-guided move selection (priors integrated during search)...
INFO     Policy 0: switch electivire visited 98.53% avg_score=0.559 sample_chance_multiplier=0.5
INFO     Policy 1: switch electivire visited 99.41% avg_score=0.617 sample_chance_multiplier=0.5
INFO     Considered Choices:
INFO     	98.969%: switch electivire
INFO     Choice: switch electivire
INFO     ogerponhearthflame already has the move hornleech. Decrementing the PP by 1
INFO     ogerponhearthflame used a grass move, removing grassgem from possible items
INFO     Setting ogerponhearthflame's last used move: hornleech
INFO     ogerponhearthflame used a damaging move - not guessing lifeorb anymore
INFO     ogerponhearthflame has less than maxhp during upkeep, no longer guessing leftovers or blacksludge
INFO     Sampling battle 0
INFO     	ogerponhearthflame  moldbreaker hearthflamemask [hornleech, ivycudgel, swordsdance, trailblaze] ttype=fire
INFO     	      gholdengo   goodasgold    leftovers [makeitrain, recover, shadowball, thunderwave] ttype=water
INFO     	       jumpluff  infiltrator              [acrobatics, leechseed, strengthsap, substitute] ttype=steel
INFO     Sampling 1 unrevealed pokemon
INFO     	       articuno     pressure heavydutyboots [bravebird, freezedry, haze, roost] ttype=ground
INFO     Sampling battle 1
INFO     	ogerponhearthflame  moldbreaker hearthflamemask [hornleech, ivycudgel, swordsdance, trailblaze] ttype=fire
INFO     	      gholdengo   goodasgold    leftovers [makeitrain, nastyplot, recover, shadowball] ttype=water
INFO     	       jumpluff  infiltrator              [acrobatics, leechseed, strengthsap, substitute] ttype=steel
INFO     Sampling 1 unrevealed pokemon
INFO     	        jolteon   voltabsorb    leftovers [calmmind, substitute, terablast, thunderbolt] ttype=ice
INFO     Searching for a move using PUCT MCTS with neural priors...
INFO     Sampling 2 battles at 500ms each
INFO     Computing neural priors for all battles...
INFO     Initialized StateTranslator with TeamPreviewObservationSpace
INFO     Initializing LocalPolicyProvider with model: Abra
INFO     Loading pretrained Abra model...
INFO     CUDA not available - overriding FlashAttention with VanillaAttention
[91mWarning: Using unofficial VanillaAttention implementation[0m


 		 AMAGO v3.1
            	 -------------------------
            	 Agent: MultiTaskAgent
            		 Max Sequence Length: 200
            		 TstepEncoder Type: MetamonTstepEncoder
            		 TrajEncoder Type: TformerTrajEncoder
            		 Total Parameters: 57,535,116
            		 Offline Loss Weight: 1.0
            		 Online Loss Weight: 0.0
            		 Mixed Precision: NO
            		 Checkpoint Path: /Users/yadureddy/Documents/GitHub/clean/pokeagent_ac_mcts/.metamon_cache/pretrained_models/models--jakegrigsby--metamon/snapshots/c5d1cb9abb6747066a325228845a5a8af3d12139/abra/abra/ckpts
            	 Environment:
            		 DummyAsyncVectorEnv(Gym Env x 1)
            		 Exploration Type: None
            	 Dataset: DoNothingDataset
            	 Accelerate Processes: 1 


INFO     Successfully loaded Abra model
ERROR    Error translating battle to observation: 
WARNING  Failed to get priors for battle: 
ERROR    Error translating battle to observation: 
WARNING  Failed to get priors for battle: 
INFO     Successfully computed neural priors for 0/2 battles
INFO     Using PUCT-guided move selection (priors integrated during search)...
INFO     Policy 0: switch zebstrika visited 97.62% avg_score=0.532 sample_chance_multiplier=0.5
INFO     Policy 1: switch zebstrika visited 98.54% avg_score=0.592 sample_chance_multiplier=0.5
INFO     Considered Choices:
INFO     	98.077%: switch zebstrika
INFO     Choice: switch zebstrika
INFO     
INFO     Turn: 23
INFO     Sampling battle 0
INFO     	ogerponhearthflame  moldbreaker hearthflamemask [hornleech, ivycudgel, swordsdance, trailblaze] ttype=fire
INFO     	      gholdengo   goodasgold    leftovers [makeitrain, nastyplot, recover, shadowball] ttype=steel
INFO     	       jumpluff  infiltrator              [acrobatics, leechseed, strengthsap, substitute] ttype=steel
INFO     Sampling 1 unrevealed pokemon
INFO     	     oinkologne     thickfat    leftovers [bodyslam, curse, highhorsepower, lashout] ttype=ground
INFO     Sampling battle 1
INFO     	ogerponhearthflame  moldbreaker hearthflamemask [hornleech, ivycudgel, stompingtantrum, swordsdance] ttype=fire
INFO     	      gholdengo   goodasgold    leftovers [makeitrain, recover, shadowball, thunderwave] ttype=steel
INFO     	       jumpluff  infiltrator              [acrobatics, leechseed, strengthsap, substitute] ttype=steel
INFO     Sampling 1 unrevealed pokemon
INFO     	     wigglytuff  competitive    leftovers [dazzlinggleam, protect, thunderwave, wish] ttype=poison
INFO     Searching for a move using PUCT MCTS with neural priors...
INFO     Sampling 2 battles at 500ms each
INFO     Computing neural priors for all battles...
INFO     Initialized StateTranslator with TeamPreviewObservationSpace
INFO     Initializing LocalPolicyProvider with model: Abra
INFO     Loading pretrained Abra model...
INFO     CUDA not available - overriding FlashAttention with VanillaAttention
[91mWarning: Using unofficial VanillaAttention implementation[0m


 		 AMAGO v3.1
            	 -------------------------
            	 Agent: MultiTaskAgent
            		 Max Sequence Length: 200
            		 TstepEncoder Type: MetamonTstepEncoder
            		 TrajEncoder Type: TformerTrajEncoder
            		 Total Parameters: 57,535,116
            		 Offline Loss Weight: 1.0
            		 Online Loss Weight: 0.0
            		 Mixed Precision: NO
            		 Checkpoint Path: /Users/yadureddy/Documents/GitHub/clean/pokeagent_ac_mcts/.metamon_cache/pretrained_models/models--jakegrigsby--metamon/snapshots/c5d1cb9abb6747066a325228845a5a8af3d12139/abra/abra/ckpts
            	 Environment:
            		 DummyAsyncVectorEnv(Gym Env x 1)
            		 Exploration Type: None
            	 Dataset: DoNothingDataset
            	 Accelerate Processes: 1 


INFO     Successfully loaded Abra model
ERROR    Error translating battle to observation: 
WARNING  Failed to get priors for battle: 
ERROR    Error translating battle to observation: 
WARNING  Failed to get priors for battle: 
INFO     Successfully computed neural priors for 0/2 battles
INFO     Using PUCT-guided move selection (priors integrated during search)...
INFO     Policy 0: overheat visited 68.11% avg_score=0.568 sample_chance_multiplier=0.5
INFO     Policy 1: supercellslam visited 47.9% avg_score=0.553 sample_chance_multiplier=0.5
INFO     Considered Choices:
INFO     	57.305%: overheat
INFO     Choice: overheat
INFO     zebstrika already has the move overheat. Decrementing the PP by 1
INFO     zebstrika used a fire move, removing firegem from possible items
INFO     Setting zebstrika's last used move: overheat
INFO     zebstrika used a damaging move - not guessing lifeorb anymore
INFO     zebstrika did 49.0% damage to ogerponhearthflame with overheat
INFO     zebstrika's special-attack was unboosted by 2 to -2
INFO     Setting zebstrika's item to: lifeorb
INFO     ogerponhearthflame has less than maxhp during upkeep, no longer guessing leftovers or blacksludge
INFO     Opponent has switched - clearing the last used move
INFO     
INFO     Turn: 24
INFO     Sampling battle 0
INFO     	      gholdengo   goodasgold    leftovers [makeitrain, recover, shadowball, thunderwave] ttype=water
INFO     	       jumpluff  infiltrator              [acrobatics, leechseed, strengthsap, substitute] ttype=steel
INFO     Sampling 1 unrevealed pokemon
INFO     	         lunala shadowshield    leftovers [calmmind, moongeistbeam, moonlight, psyshock] ttype=dark
INFO     Sampling battle 1
INFO     	      gholdengo   goodasgold    leftovers [makeitrain, nastyplot, recover, shadowball] ttype=steel
INFO     	       jumpluff  infiltrator              [acrobatics, leechseed, strengthsap, substitute] ttype=steel
INFO     Sampling 1 unrevealed pokemon
INFO     	         raichu lightningrod  choicespecs [grassknot, surf, thunderbolt, voltswitch] ttype=grass
INFO     Searching for a move using PUCT MCTS with neural priors...
INFO     Sampling 2 battles at 500ms each
INFO     Computing neural priors for all battles...
INFO     Initialized StateTranslator with TeamPreviewObservationSpace
INFO     Initializing LocalPolicyProvider with model: Abra
INFO     Loading pretrained Abra model...
INFO     CUDA not available - overriding FlashAttention with VanillaAttention
[91mWarning: Using unofficial VanillaAttention implementation[0m


 		 AMAGO v3.1
            	 -------------------------
            	 Agent: MultiTaskAgent
            		 Max Sequence Length: 200
            		 TstepEncoder Type: MetamonTstepEncoder
            		 TrajEncoder Type: TformerTrajEncoder
            		 Total Parameters: 57,535,116
            		 Offline Loss Weight: 1.0
            		 Online Loss Weight: 0.0
            		 Mixed Precision: NO
            		 Checkpoint Path: /Users/yadureddy/Documents/GitHub/clean/pokeagent_ac_mcts/.metamon_cache/pretrained_models/models--jakegrigsby--metamon/snapshots/c5d1cb9abb6747066a325228845a5a8af3d12139/abra/abra/ckpts
            	 Environment:
            		 DummyAsyncVectorEnv(Gym Env x 1)
            		 Exploration Type: None
            	 Dataset: DoNothingDataset
            	 Accelerate Processes: 1 


INFO     Successfully loaded Abra model
ERROR    Error translating battle to observation: 
WARNING  Failed to get priors for battle: 
ERROR    Error translating battle to observation: 
WARNING  Failed to get priors for battle: 
INFO     Successfully computed neural priors for 0/2 battles
INFO     Using PUCT-guided move selection (priors integrated during search)...
INFO     Policy 0: highhorsepower visited 51.76% avg_score=0.635 sample_chance_multiplier=0.5
INFO     Policy 1: highhorsepower visited 65.8% avg_score=0.631 sample_chance_multiplier=0.5
INFO     Considered Choices:
INFO     	58.781%: highhorsepower
INFO     Choice: highhorsepower
INFO     Updated gholdengo's max speed to 252
INFO     zebstrika already has the move highhorsepower. Decrementing the PP by 1
INFO     zebstrika used a ground move, removing groundgem from possible items
INFO     Setting zebstrika's last used move: highhorsepower
INFO     zebstrika used a damaging move - not guessing lifeorb anymore
INFO     zebstrika did 72.0% damage to gholdengo with highhorsepower
INFO     Setting zebstrika's item to: lifeorb
INFO     gholdengo already has the move recover. Decrementing the PP by 1
INFO     gholdengo using recover makes it unlikely to have a choice item. Setting can_have_choice_item to False
INFO     gholdengo used a status-move. Adding `assaultvest` to impossible items
INFO     Setting gholdengo's last used move: recover
INFO     Setting gholdengo's item to: leftovers
INFO     gholdengo has less than maxhp during upkeep, no longer guessing leftovers or blacksludge
INFO     Sampling battle 0
INFO     	      gholdengo   goodasgold    leftovers [makeitrain, nastyplot, recover, shadowball] ttype=steel
INFO     	       jumpluff  infiltrator              [acrobatics, leechseed, strengthsap, substitute] ttype=steel
INFO     Sampling 1 unrevealed pokemon
INFO     	     skeledirge      unaware heavydutyboots [hex, slackoff, torchsong, willowisp] ttype=fairy
INFO     Sampling battle 1
INFO     	      gholdengo   goodasgold    leftovers [makeitrain, nastyplot, recover, shadowball] ttype=dark
INFO     	       jumpluff  infiltrator              [acrobatics, leechseed, strengthsap, substitute] ttype=steel
INFO     Sampling 1 unrevealed pokemon
INFO     	   zoroarkhisui     illusion  choicespecs [bittermalice, flamethrower, hypervoice, trick] ttype=normal
INFO     Searching for a move using PUCT MCTS with neural priors...
INFO     Sampling 2 battles at 500ms each
INFO     Computing neural priors for all battles...
INFO     Initialized StateTranslator with TeamPreviewObservationSpace
INFO     Initializing LocalPolicyProvider with model: Abra
INFO     Loading pretrained Abra model...
INFO     CUDA not available - overriding FlashAttention with VanillaAttention
[91mWarning: Using unofficial VanillaAttention implementation[0m


 		 AMAGO v3.1
            	 -------------------------
            	 Agent: MultiTaskAgent
            		 Max Sequence Length: 200
            		 TstepEncoder Type: MetamonTstepEncoder
            		 TrajEncoder Type: TformerTrajEncoder
            		 Total Parameters: 57,535,116
            		 Offline Loss Weight: 1.0
            		 Online Loss Weight: 0.0
            		 Mixed Precision: NO
            		 Checkpoint Path: /Users/yadureddy/Documents/GitHub/clean/pokeagent_ac_mcts/.metamon_cache/pretrained_models/models--jakegrigsby--metamon/snapshots/c5d1cb9abb6747066a325228845a5a8af3d12139/abra/abra/ckpts
            	 Environment:
            		 DummyAsyncVectorEnv(Gym Env x 1)
            		 Exploration Type: None
            	 Dataset: DoNothingDataset
            	 Accelerate Processes: 1 


INFO     Successfully loaded Abra model
ERROR    Error translating battle to observation: 
WARNING  Failed to get priors for battle: 
ERROR    Error translating battle to observation: 
WARNING  Failed to get priors for battle: 
INFO     Successfully computed neural priors for 0/2 battles
INFO     Using PUCT-guided move selection (priors integrated during search)...
INFO     Policy 0: switch gliscor visited 98.77% avg_score=0.518 sample_chance_multiplier=0.5
INFO     Policy 1: switch gliscor visited 98.51% avg_score=0.463 sample_chance_multiplier=0.5
INFO     Considered Choices:
INFO     	98.639%: switch gliscor
INFO     Choice: switch gliscor
INFO     gliscor switched in, adding intimidate to impossible abilities
INFO     gliscor switched in, adding pressure to impossible abilities
INFO     gliscor switched in, adding neutralizinggas to impossible abilities
INFO     gliscor switched in, adding sandstream to impossible abilities
INFO     gliscor switched in, adding drought to impossible abilities
INFO     gliscor switched in, adding drizzle to impossible abilities
INFO     gliscor switched in, adding snowwarning to impossible abilities
INFO     gliscor switched in, adding boosterenergy to impossible items
INFO     gliscor switched in, adding airballoon to impossible items
INFO     
INFO     Turn: 25
INFO     Sampling battle 0
INFO     	      gholdengo   goodasgold    leftovers [makeitrain, nastyplot, recover, shadowball] ttype=dark
INFO     	       jumpluff  infiltrator              [acrobatics, leechseed, strengthsap, substitute] ttype=steel
INFO     Sampling 1 unrevealed pokemon
INFO     	  slowkinggalar  regenerator    leftovers [fireblast, psyshock, slackoff, sludgebomb] ttype=poison
INFO     Sampling battle 1
INFO     	      gholdengo   goodasgold    leftovers [makeitrain, recover, shadowball, thunderwave] ttype=water
INFO     	       jumpluff  infiltrator              [acrobatics, leechseed, strengthsap, substitute] ttype=steel
INFO     Sampling 1 unrevealed pokemon
INFO     	       oricorio       dancer heavydutyboots [hurricane, quiverdance, revelationdance, roost] ttype=ground
INFO     Searching for a move using PUCT MCTS with neural priors...
INFO     Sampling 2 battles at 500ms each
INFO     Computing neural priors for all battles...
INFO     Initialized StateTranslator with TeamPreviewObservationSpace
INFO     Initializing LocalPolicyProvider with model: Abra
INFO     Loading pretrained Abra model...
INFO     CUDA not available - overriding FlashAttention with VanillaAttention
[91mWarning: Using unofficial VanillaAttention implementation[0m


 		 AMAGO v3.1
            	 -------------------------
            	 Agent: MultiTaskAgent
            		 Max Sequence Length: 200
            		 TstepEncoder Type: MetamonTstepEncoder
            		 TrajEncoder Type: TformerTrajEncoder
            		 Total Parameters: 57,535,116
            		 Offline Loss Weight: 1.0
            		 Online Loss Weight: 0.0
            		 Mixed Precision: NO
            		 Checkpoint Path: /Users/yadureddy/Documents/GitHub/clean/pokeagent_ac_mcts/.metamon_cache/pretrained_models/models--jakegrigsby--metamon/snapshots/c5d1cb9abb6747066a325228845a5a8af3d12139/abra/abra/ckpts
            	 Environment:
            		 DummyAsyncVectorEnv(Gym Env x 1)
            		 Exploration Type: None
            	 Dataset: DoNothingDataset
            	 Accelerate Processes: 1 


INFO     Successfully loaded Abra model
ERROR    Error translating battle to observation: 
WARNING  Failed to get priors for battle: 
ERROR    Error translating battle to observation: 
WARNING  Failed to get priors for battle: 
INFO     Successfully computed neural priors for 0/2 battles
INFO     Using PUCT-guided move selection (priors integrated during search)...
INFO     Policy 0: earthquake visited 49.16% avg_score=0.558 sample_chance_multiplier=0.5
INFO     Policy 1: earthquake visited 52.14% avg_score=0.426 sample_chance_multiplier=0.5
INFO     Considered Choices:
INFO     	50.648%: earthquake
INFO     	43.36%: toxic
INFO     Choice: toxic
INFO     Opponent has switched - clearing the last used move
INFO     jumpluff was affected by stealthrock, it cannot have heavydutyboots
INFO     gliscor already has the move toxic. Decrementing the PP by 1
INFO     gliscor used a status-move. Adding `assaultvest` to impossible items
INFO     Setting gliscor's last used move: toxic
INFO     jumpluff got status: tox
INFO     No longer guessing lumberry because jumpluff got status tox
INFO     jumpluff has less than maxhp during upkeep, no longer guessing leftovers or blacksludge
INFO     
INFO     Turn: 26
INFO     Sampling battle 0
INFO     	       jumpluff  infiltrator              [acrobatics, leechseed, strengthsap, substitute] ttype=steel
INFO     	      gholdengo   goodasgold    leftovers [makeitrain, recover, shadowball, thunderwave] ttype=dark
INFO     Sampling 1 unrevealed pokemon
INFO     	  deoxysdefense     pressure    leftovers [knockoff, psychicnoise, recover, spikes] ttype=fairy
INFO     Sampling battle 1
INFO     	       jumpluff  infiltrator              [acrobatics, leechseed, strengthsap, substitute] ttype=steel
INFO     	      gholdengo   goodasgold    leftovers [makeitrain, recover, shadowball, thunderwave] ttype=steel
INFO     Sampling 1 unrevealed pokemon
INFO     	    basculegion adaptability  assaultvest [aquajet, flipturn, shadowball, wavecrash] ttype=water
INFO     Searching for a move using PUCT MCTS with neural priors...
INFO     Sampling 2 battles at 500ms each
INFO     Computing neural priors for all battles...
INFO     Initialized StateTranslator with TeamPreviewObservationSpace
INFO     Initializing LocalPolicyProvider with model: Abra
INFO     Loading pretrained Abra model...
INFO     CUDA not available - overriding FlashAttention with VanillaAttention
[91mWarning: Using unofficial VanillaAttention implementation[0m


 		 AMAGO v3.1
            	 -------------------------
            	 Agent: MultiTaskAgent
            		 Max Sequence Length: 200
            		 TstepEncoder Type: MetamonTstepEncoder
            		 TrajEncoder Type: TformerTrajEncoder
            		 Total Parameters: 57,535,116
            		 Offline Loss Weight: 1.0
            		 Online Loss Weight: 0.0
            		 Mixed Precision: NO
            		 Checkpoint Path: /Users/yadureddy/Documents/GitHub/clean/pokeagent_ac_mcts/.metamon_cache/pretrained_models/models--jakegrigsby--metamon/snapshots/c5d1cb9abb6747066a325228845a5a8af3d12139/abra/abra/ckpts
            	 Environment:
            		 DummyAsyncVectorEnv(Gym Env x 1)
            		 Exploration Type: None
            	 Dataset: DoNothingDataset
            	 Accelerate Processes: 1 


INFO     Successfully loaded Abra model
ERROR    Error translating battle to observation: 
WARNING  Failed to get priors for battle: 
ERROR    Error translating battle to observation: 
WARNING  Failed to get priors for battle: 
INFO     Successfully computed neural priors for 0/2 battles
INFO     Using PUCT-guided move selection (priors integrated during search)...
INFO     Policy 0: protect visited 96.38% avg_score=0.586 sample_chance_multiplier=0.5
INFO     Policy 1: protect visited 89.81% avg_score=0.514 sample_chance_multiplier=0.5
INFO     Considered Choices:
INFO     	93.097%: protect
INFO     Choice: protect
INFO     gliscor already has the move protect. Decrementing the PP by 1
INFO     gliscor used a status-move. Adding `assaultvest` to impossible items
INFO     Setting gliscor's last used move: protect
INFO     gliscor used a protect move, set protect side condition to 2
INFO     jumpluff used a status-move. Adding `assaultvest` to impossible items
INFO     Setting jumpluff's last used move: strengthsap
INFO     Setting protect to 1 for the bot
INFO     jumpluff has less than maxhp during upkeep, no longer guessing leftovers or blacksludge
INFO     
INFO     Turn: 27
INFO     Sampling battle 0
INFO     	       jumpluff  infiltrator              [acrobatics, leechseed, strengthsap, substitute] ttype=steel
INFO     	      gholdengo   goodasgold    leftovers [makeitrain, recover, shadowball, thunderwave] ttype=steel
INFO     Sampling 1 unrevealed pokemon
INFO     	        glaceon      icebody heavydutyboots [calmmind, freezedry, protect, wish] ttype=water
INFO     Sampling battle 1
INFO     	       jumpluff  infiltrator              [acrobatics, leechseed, strengthsap, substitute] ttype=steel
INFO     	      gholdengo   goodasgold    leftovers [makeitrain, recover, shadowball, thunderwave] ttype=dark
INFO     Sampling 1 unrevealed pokemon
INFO     	        weavile   pickpocket   choiceband [iceshard, knockoff, lowkick, tripleaxel] ttype=dark
INFO     Searching for a move using PUCT MCTS with neural priors...
INFO     Sampling 2 battles at 500ms each
INFO     Computing neural priors for all battles...
INFO     Initialized StateTranslator with TeamPreviewObservationSpace
INFO     Initializing LocalPolicyProvider with model: Abra
INFO     Loading pretrained Abra model...
INFO     CUDA not available - overriding FlashAttention with VanillaAttention
[91mWarning: Using unofficial VanillaAttention implementation[0m


 		 AMAGO v3.1
            	 -------------------------
            	 Agent: MultiTaskAgent
            		 Max Sequence Length: 200
            		 TstepEncoder Type: MetamonTstepEncoder
            		 TrajEncoder Type: TformerTrajEncoder
            		 Total Parameters: 57,535,116
            		 Offline Loss Weight: 1.0
            		 Online Loss Weight: 0.0
            		 Mixed Precision: NO
            		 Checkpoint Path: /Users/yadureddy/Documents/GitHub/clean/pokeagent_ac_mcts/.metamon_cache/pretrained_models/models--jakegrigsby--metamon/snapshots/c5d1cb9abb6747066a325228845a5a8af3d12139/abra/abra/ckpts
            	 Environment:
            		 DummyAsyncVectorEnv(Gym Env x 1)
            		 Exploration Type: None
            	 Dataset: DoNothingDataset
            	 Accelerate Processes: 1 


INFO     Successfully loaded Abra model
ERROR    Error translating battle to observation: 
WARNING  Failed to get priors for battle: 
ERROR    Error translating battle to observation: 
WARNING  Failed to get priors for battle: 
INFO     Successfully computed neural priors for 0/2 battles
INFO     Using PUCT-guided move selection (priors integrated during search)...
INFO     Policy 0: substitute visited 96.64% avg_score=0.467 sample_chance_multiplier=0.5
INFO     Policy 1: switch uxie visited 89.07% avg_score=0.29 sample_chance_multiplier=0.5
INFO     Considered Choices:
INFO     	49.881%: substitute
INFO     	44.758%: switch uxie
INFO     Choice: substitute
INFO     Updated jumpluff's min speed to 188
INFO     jumpluff already has the move strengthsap. Decrementing the PP by 1
INFO     jumpluff used a status-move. Adding `assaultvest` to impossible items
INFO     Setting jumpluff's last used move: strengthsap
INFO     gliscor's attack was unboosted by 1 to -1
INFO     gliscor already has the move substitute. Decrementing the PP by 1
INFO     gliscor using substitute makes it unlikely to have a choice item. Setting can_have_choice_item to False
INFO     gliscor used a status-move. Adding `assaultvest` to impossible items
INFO     Setting gliscor's last used move: substitute
INFO     Starting the volatile status substitute on gliscor
INFO     gliscor started a substitute - setting substitute_hit to False
INFO     Setting protect to 0 for the bot
INFO     jumpluff has less than maxhp during upkeep, no longer guessing leftovers or blacksludge
INFO     
INFO     Turn: 28
INFO     Sampling battle 0
INFO     	       jumpluff  infiltrator              [acrobatics, leechseed, strengthsap, substitute] ttype=steel
INFO     	      gholdengo   goodasgold    leftovers [makeitrain, recover, shadowball, thunderwave] ttype=dark
INFO     Sampling 1 unrevealed pokemon
INFO     	    corviknight  mirrorarmor    leftovers [bodypress, bravebird, defog, roost] ttype=dragon
INFO     Sampling battle 1
INFO     	       jumpluff  infiltrator              [acrobatics, leechseed, strengthsap, substitute] ttype=steel
INFO     	      gholdengo   goodasgold    leftovers [makeitrain, nastyplot, recover, shadowball] ttype=water
INFO     Sampling 1 unrevealed pokemon
INFO     	    raichualola  surgesurfer  choicespecs [focusblast, grassknot, psychic, thunderbolt] ttype=fighting
INFO     Searching for a move using PUCT MCTS with neural priors...
INFO     Sampling 2 battles at 500ms each
INFO     Computing neural priors for all battles...
INFO     Initialized StateTranslator with TeamPreviewObservationSpace
INFO     Initializing LocalPolicyProvider with model: Abra
INFO     Loading pretrained Abra model...
INFO     CUDA not available - overriding FlashAttention with VanillaAttention
[91mWarning: Using unofficial VanillaAttention implementation[0m


 		 AMAGO v3.1
            	 -------------------------
            	 Agent: MultiTaskAgent
            		 Max Sequence Length: 200
            		 TstepEncoder Type: MetamonTstepEncoder
            		 TrajEncoder Type: TformerTrajEncoder
            		 Total Parameters: 57,535,116
            		 Offline Loss Weight: 1.0
            		 Online Loss Weight: 0.0
            		 Mixed Precision: NO
            		 Checkpoint Path: /Users/yadureddy/Documents/GitHub/clean/pokeagent_ac_mcts/.metamon_cache/pretrained_models/models--jakegrigsby--metamon/snapshots/c5d1cb9abb6747066a325228845a5a8af3d12139/abra/abra/ckpts
            	 Environment:
            		 DummyAsyncVectorEnv(Gym Env x 1)
            		 Exploration Type: None
            	 Dataset: DoNothingDataset
            	 Accelerate Processes: 1 


INFO     Successfully loaded Abra model
ERROR    Error translating battle to observation: 
WARNING  Failed to get priors for battle: 
ERROR    Error translating battle to observation: 
WARNING  Failed to get priors for battle: 
INFO     Successfully computed neural priors for 0/2 battles
INFO     Using PUCT-guided move selection (priors integrated during search)...
INFO     Policy 0: protect visited 36.08% avg_score=0.51 sample_chance_multiplier=0.5
INFO     Policy 1: earthquake visited 57.8% avg_score=0.61 sample_chance_multiplier=0.5
INFO     Considered Choices:
INFO     	37.748%: protect
INFO     	34.441%: earthquake
INFO     Choice: earthquake
INFO     Updated jumpluff's min speed to 188
INFO     jumpluff already has the move acrobatics. Decrementing the PP by 1
INFO     jumpluff used two different moves - it cannot have a choice item
INFO     jumpluff used a flying move, removing flyinggem from possible items
INFO     Setting jumpluff's last used move: acrobatics
INFO     jumpluff used a damaging move - not guessing lifeorb anymore
INFO     jumpluff did 30.54% damage to gliscor with acrobatics
INFO     gliscor already has the move earthquake. Decrementing the PP by 1
INFO     gliscor used a ground move, removing groundgem from possible items
INFO     Setting gliscor's last used move: earthquake
INFO     gliscor used a damaging move - not guessing lifeorb anymore
INFO     jumpluff has less than maxhp during upkeep, no longer guessing leftovers or blacksludge
INFO     
INFO     Turn: 29
INFO     Sampling battle 0
INFO     	       jumpluff  infiltrator              [acrobatics, leechseed, strengthsap, substitute] ttype=steel
INFO     	      gholdengo   goodasgold    leftovers [makeitrain, recover, shadowball, thunderwave] ttype=water
INFO     Sampling 1 unrevealed pokemon
INFO     	    barraskewda    swiftswim   choiceband [closecombat, flipturn, poisonjab, waterfall] ttype=fighting
INFO     Sampling battle 1
INFO     	       jumpluff  infiltrator              [acrobatics, leechseed, strengthsap, substitute] ttype=steel
INFO     	      gholdengo   goodasgold    leftovers [makeitrain, nastyplot, recover, shadowball] ttype=water
INFO     Sampling 1 unrevealed pokemon
INFO     	   slowbrogalar  regenerator  assaultvest [earthquake, psychic, shellsidearm, surf] ttype=water
INFO     Searching for a move using PUCT MCTS with neural priors...
INFO     Sampling 2 battles at 500ms each
INFO     Computing neural priors for all battles...
INFO     Initialized StateTranslator with TeamPreviewObservationSpace
INFO     Initializing LocalPolicyProvider with model: Abra
INFO     Loading pretrained Abra model...
INFO     CUDA not available - overriding FlashAttention with VanillaAttention
[91mWarning: Using unofficial VanillaAttention implementation[0m


 		 AMAGO v3.1
            	 -------------------------
            	 Agent: MultiTaskAgent
            		 Max Sequence Length: 200
            		 TstepEncoder Type: MetamonTstepEncoder
            		 TrajEncoder Type: TformerTrajEncoder
            		 Total Parameters: 57,535,116
            		 Offline Loss Weight: 1.0
            		 Online Loss Weight: 0.0
            		 Mixed Precision: NO
            		 Checkpoint Path: /Users/yadureddy/Documents/GitHub/clean/pokeagent_ac_mcts/.metamon_cache/pretrained_models/models--jakegrigsby--metamon/snapshots/c5d1cb9abb6747066a325228845a5a8af3d12139/abra/abra/ckpts
            	 Environment:
            		 DummyAsyncVectorEnv(Gym Env x 1)
            		 Exploration Type: None
            	 Dataset: DoNothingDataset
            	 Accelerate Processes: 1 


INFO     Successfully loaded Abra model
ERROR    Error translating battle to observation: 
WARNING  Failed to get priors for battle: 
ERROR    Error translating battle to observation: 
WARNING  Failed to get priors for battle: 
INFO     Successfully computed neural priors for 0/2 battles
INFO     Using PUCT-guided move selection (priors integrated during search)...
INFO     Policy 0: protect visited 47.85% avg_score=0.568 sample_chance_multiplier=0.5
INFO     Policy 1: earthquake visited 74.24% avg_score=0.593 sample_chance_multiplier=0.5
INFO     Considered Choices:
INFO     	56.265%: earthquake
INFO     Choice: earthquake
INFO     Updated jumpluff's min speed to 188
INFO     jumpluff already has the move acrobatics. Decrementing the PP by 1
INFO     jumpluff used a flying move, removing flyinggem from possible items
INFO     Setting jumpluff's last used move: acrobatics
INFO     jumpluff used a damaging move - not guessing lifeorb anymore
INFO     jumpluff did 26.779999999999998% damage to gliscor with acrobatics
INFO     gliscor already has the move earthquake. Decrementing the PP by 1
INFO     gliscor used a ground move, removing groundgem from possible items
INFO     Setting gliscor's last used move: earthquake
INFO     gliscor used a damaging move - not guessing lifeorb anymore
INFO     jumpluff has less than maxhp during upkeep, no longer guessing leftovers or blacksludge
INFO     
INFO     Turn: 30
INFO     Sampling battle 0
INFO     	       jumpluff  infiltrator              [acrobatics, leechseed, strengthsap, substitute] ttype=steel
INFO     	      gholdengo   goodasgold    leftovers [makeitrain, nastyplot, recover, shadowball] ttype=steel
INFO     Sampling 1 unrevealed pokemon
INFO     	        persian   technician    silkscarf [doubleedge, fakeout, knockoff, uturn] ttype=normal
INFO     Sampling battle 1
INFO     	       jumpluff  infiltrator              [acrobatics, leechseed, strengthsap, substitute] ttype=steel
INFO     	      gholdengo   goodasgold    leftovers [makeitrain, recover, shadowball, thunderwave] ttype=steel
INFO     Sampling 1 unrevealed pokemon
INFO     	        wyrdeer   intimidate    leftovers [earthquake, megahorn, psychicnoise, thunderwave] ttype=ground
INFO     Searching for a move using PUCT MCTS with neural priors...
INFO     Sampling 2 battles at 500ms each
INFO     Computing neural priors for all battles...
INFO     Initialized StateTranslator with TeamPreviewObservationSpace
INFO     Initializing LocalPolicyProvider with model: Abra
INFO     Loading pretrained Abra model...
INFO     CUDA not available - overriding FlashAttention with VanillaAttention
[91mWarning: Using unofficial VanillaAttention implementation[0m


 		 AMAGO v3.1
            	 -------------------------
            	 Agent: MultiTaskAgent
            		 Max Sequence Length: 200
            		 TstepEncoder Type: MetamonTstepEncoder
            		 TrajEncoder Type: TformerTrajEncoder
            		 Total Parameters: 57,535,116
            		 Offline Loss Weight: 1.0
            		 Online Loss Weight: 0.0
            		 Mixed Precision: NO
            		 Checkpoint Path: /Users/yadureddy/Documents/GitHub/clean/pokeagent_ac_mcts/.metamon_cache/pretrained_models/models--jakegrigsby--metamon/snapshots/c5d1cb9abb6747066a325228845a5a8af3d12139/abra/abra/ckpts
            	 Environment:
            		 DummyAsyncVectorEnv(Gym Env x 1)
            		 Exploration Type: None
            	 Dataset: DoNothingDataset
            	 Accelerate Processes: 1 


INFO     Successfully loaded Abra model
ERROR    Error translating battle to observation: 
WARNING  Failed to get priors for battle: 
ERROR    Error translating battle to observation: 
WARNING  Failed to get priors for battle: 
INFO     Successfully computed neural priors for 0/2 battles
INFO     Using PUCT-guided move selection (priors integrated during search)...
INFO     Policy 0: earthquake visited 89.13% avg_score=0.593 sample_chance_multiplier=0.5
INFO     Policy 1: protect visited 94.03% avg_score=0.575 sample_chance_multiplier=0.5
INFO     Considered Choices:
INFO     	50.959%: protect
INFO     	45.901%: earthquake
INFO     Choice: earthquake
INFO     Updated jumpluff's min speed to 188
INFO     jumpluff already has the move acrobatics. Decrementing the PP by 1
INFO     jumpluff used a flying move, removing flyinggem from possible items
INFO     Setting jumpluff's last used move: acrobatics
INFO     jumpluff used a damaging move - not guessing lifeorb anymore
INFO     jumpluff did 29.29% damage to gliscor with acrobatics
INFO     gliscor already has the move earthquake. Decrementing the PP by 1
INFO     gliscor used a ground move, removing groundgem from possible items
INFO     Setting gliscor's last used move: earthquake
INFO     gliscor used a damaging move - not guessing lifeorb anymore
INFO     jumpluff has less than maxhp during upkeep, no longer guessing leftovers or blacksludge
INFO     Opponent has switched - clearing the last used move
INFO     
INFO     Turn: 31
INFO     Sampling battle 0
INFO     	      gholdengo   goodasgold    leftovers [makeitrain, nastyplot, recover, shadowball] ttype=steel
INFO     Sampling 1 unrevealed pokemon
INFO     	         rabsca  synchronize heavydutyboots [bugbuzz, psychic, revivalblessing, trickroom] ttype=steel
INFO     Sampling battle 1
INFO     	      gholdengo   goodasgold    leftovers [makeitrain, recover, shadowball, thunderwave] ttype=steel
INFO     Sampling 1 unrevealed pokemon
INFO     	      alomomola  regenerator    leftovers [flipturn, protect, scald, wish] ttype=steel
INFO     Searching for a move using PUCT MCTS with neural priors...
INFO     Sampling 2 battles at 500ms each
INFO     Computing neural priors for all battles...
INFO     Initialized StateTranslator with TeamPreviewObservationSpace
INFO     Initializing LocalPolicyProvider with model: Abra
INFO     Loading pretrained Abra model...
INFO     CUDA not available - overriding FlashAttention with VanillaAttention
[91mWarning: Using unofficial VanillaAttention implementation[0m


 		 AMAGO v3.1
            	 -------------------------
            	 Agent: MultiTaskAgent
            		 Max Sequence Length: 200
            		 TstepEncoder Type: MetamonTstepEncoder
            		 TrajEncoder Type: TformerTrajEncoder
            		 Total Parameters: 57,535,116
            		 Offline Loss Weight: 1.0
            		 Online Loss Weight: 0.0
            		 Mixed Precision: NO
            		 Checkpoint Path: /Users/yadureddy/Documents/GitHub/clean/pokeagent_ac_mcts/.metamon_cache/pretrained_models/models--jakegrigsby--metamon/snapshots/c5d1cb9abb6747066a325228845a5a8af3d12139/abra/abra/ckpts
            	 Environment:
            		 DummyAsyncVectorEnv(Gym Env x 1)
            		 Exploration Type: None
            	 Dataset: DoNothingDataset
            	 Accelerate Processes: 1 


INFO     Successfully loaded Abra model
ERROR    Error translating battle to observation: 
WARNING  Failed to get priors for battle: 
ERROR    Error translating battle to observation: 
WARNING  Failed to get priors for battle: 
INFO     Successfully computed neural priors for 0/2 battles
INFO     Using PUCT-guided move selection (priors integrated during search)...
INFO     Policy 0: earthquake visited 98.97% avg_score=0.59 sample_chance_multiplier=0.5
INFO     Policy 1: earthquake visited 76.24% avg_score=0.559 sample_chance_multiplier=0.5
INFO     Considered Choices:
INFO     	87.602%: earthquake
INFO     Choice: earthquake
INFO     Updated gholdengo's max speed to 188
INFO     gliscor already has the move earthquake. Decrementing the PP by 1
INFO     gliscor used a ground move, removing groundgem from possible items
INFO     Setting gliscor's last used move: earthquake
INFO     gliscor used a damaging move - not guessing lifeorb anymore
INFO     gliscor did 44.0% damage to gholdengo with earthquake
INFO     gholdengo already has the move recover. Decrementing the PP by 1
INFO     gholdengo using recover makes it unlikely to have a choice item. Setting can_have_choice_item to False
INFO     gholdengo used a status-move. Adding `assaultvest` to impossible items
INFO     Setting gholdengo's last used move: recover
INFO     Setting gholdengo's item to: leftovers
INFO     gholdengo has less than maxhp during upkeep, no longer guessing leftovers or blacksludge
INFO     
INFO     Turn: 32
INFO     Sampling battle 0
INFO     	      gholdengo   goodasgold    leftovers [makeitrain, nastyplot, recover, shadowball] ttype=dark
INFO     Sampling 1 unrevealed pokemon
INFO     	      gardevoir        trace  choicescarf [focusblast, healingwish, moonblast, psyshock] ttype=fairy
INFO     Sampling battle 1
INFO     	      gholdengo   goodasgold    leftovers [makeitrain, recover, shadowball, thunderwave] ttype=water
INFO     Sampling 1 unrevealed pokemon
INFO     	lycanrocmidnight      noguard      lifeorb [closecombat, knockoff, stealthrock, stoneedge] ttype=fighting
INFO     Searching for a move using PUCT MCTS with neural priors...
INFO     Sampling 2 battles at 500ms each
INFO     Computing neural priors for all battles...
INFO     Initialized StateTranslator with TeamPreviewObservationSpace
INFO     Initializing LocalPolicyProvider with model: Abra
INFO     Loading pretrained Abra model...
INFO     CUDA not available - overriding FlashAttention with VanillaAttention
[91mWarning: Using unofficial VanillaAttention implementation[0m


 		 AMAGO v3.1
            	 -------------------------
            	 Agent: MultiTaskAgent
            		 Max Sequence Length: 200
            		 TstepEncoder Type: MetamonTstepEncoder
            		 TrajEncoder Type: TformerTrajEncoder
            		 Total Parameters: 57,535,116
            		 Offline Loss Weight: 1.0
            		 Online Loss Weight: 0.0
            		 Mixed Precision: NO
            		 Checkpoint Path: /Users/yadureddy/Documents/GitHub/clean/pokeagent_ac_mcts/.metamon_cache/pretrained_models/models--jakegrigsby--metamon/snapshots/c5d1cb9abb6747066a325228845a5a8af3d12139/abra/abra/ckpts
            	 Environment:
            		 DummyAsyncVectorEnv(Gym Env x 1)
            		 Exploration Type: None
            	 Dataset: DoNothingDataset
            	 Accelerate Processes: 1 


INFO     Successfully loaded Abra model
ERROR    Error translating battle to observation: 
WARNING  Failed to get priors for battle: 
ERROR    Error translating battle to observation: 
WARNING  Failed to get priors for battle: 
INFO     Successfully computed neural priors for 0/2 battles
INFO     Using PUCT-guided move selection (priors integrated during search)...
INFO     Policy 0: earthquake visited 98.91% avg_score=0.605 sample_chance_multiplier=0.5
INFO     Policy 1: earthquake visited 99.42% avg_score=0.781 sample_chance_multiplier=0.5
INFO     Considered Choices:
INFO     	99.163%: earthquake
INFO     Choice: earthquake
INFO     Updated gholdengo's max speed to 188
INFO     gliscor already has the move earthquake. Decrementing the PP by 1
INFO     gliscor used a ground move, removing groundgem from possible items
INFO     Setting gliscor's last used move: earthquake
INFO     gliscor used a damaging move - not guessing lifeorb anymore
INFO     gliscor did 44.0% damage to gholdengo with earthquake
INFO     gholdengo already has the move recover. Decrementing the PP by 1
INFO     gholdengo using recover makes it unlikely to have a choice item. Setting can_have_choice_item to False
INFO     gholdengo used a status-move. Adding `assaultvest` to impossible items
INFO     Setting gholdengo's last used move: recover
INFO     Setting gholdengo's item to: leftovers
INFO     gholdengo has less than maxhp during upkeep, no longer guessing leftovers or blacksludge
INFO     
INFO     Turn: 33
INFO     Sampling battle 0
INFO     	      gholdengo   goodasgold    leftovers [makeitrain, recover, shadowball, thunderwave] ttype=water
INFO     Sampling 1 unrevealed pokemon
INFO     	   basculegionf adaptability  assaultvest [flipturn, hydropump, shadowball, wavecrash] ttype=water
INFO     Sampling battle 1
INFO     	      gholdengo   goodasgold    leftovers [makeitrain, recover, shadowball, thunderwave] ttype=water
INFO     Sampling 1 unrevealed pokemon
INFO     	         rabsca  synchronize heavydutyboots [bugbuzz, psychic, revivalblessing, trickroom] ttype=steel
INFO     Searching for a move using PUCT MCTS with neural priors...
INFO     Sampling 2 battles at 500ms each
INFO     Computing neural priors for all battles...
INFO     Initialized StateTranslator with TeamPreviewObservationSpace
INFO     Initializing LocalPolicyProvider with model: Abra
INFO     Loading pretrained Abra model...
INFO     CUDA not available - overriding FlashAttention with VanillaAttention
[91mWarning: Using unofficial VanillaAttention implementation[0m


 		 AMAGO v3.1
            	 -------------------------
            	 Agent: MultiTaskAgent
            		 Max Sequence Length: 200
            		 TstepEncoder Type: MetamonTstepEncoder
            		 TrajEncoder Type: TformerTrajEncoder
            		 Total Parameters: 57,535,116
            		 Offline Loss Weight: 1.0
            		 Online Loss Weight: 0.0
            		 Mixed Precision: NO
            		 Checkpoint Path: /Users/yadureddy/Documents/GitHub/clean/pokeagent_ac_mcts/.metamon_cache/pretrained_models/models--jakegrigsby--metamon/snapshots/c5d1cb9abb6747066a325228845a5a8af3d12139/abra/abra/ckpts
            	 Environment:
            		 DummyAsyncVectorEnv(Gym Env x 1)
            		 Exploration Type: None
            	 Dataset: DoNothingDataset
            	 Accelerate Processes: 1 


INFO     Successfully loaded Abra model
ERROR    Error translating battle to observation: 
WARNING  Failed to get priors for battle: 
ERROR    Error translating battle to observation: 
WARNING  Failed to get priors for battle: 
INFO     Successfully computed neural priors for 0/2 battles
INFO     Using PUCT-guided move selection (priors integrated during search)...
INFO     Policy 0: earthquake visited 96.5% avg_score=0.589 sample_chance_multiplier=0.5
INFO     Policy 1: earthquake visited 97.24% avg_score=0.592 sample_chance_multiplier=0.5
INFO     Considered Choices:
INFO     	96.867%: earthquake
INFO     Choice: earthquake
INFO     Updated gholdengo's max speed to 188
INFO     gliscor already has the move earthquake. Decrementing the PP by 1
INFO     gliscor used a ground move, removing groundgem from possible items
INFO     Setting gliscor's last used move: earthquake
INFO     gliscor used a damaging move - not guessing lifeorb anymore
INFO     gliscor did 48.0% damage to gholdengo with earthquake
INFO     gholdengo already has the move recover. Decrementing the PP by 1
INFO     gholdengo using recover makes it unlikely to have a choice item. Setting can_have_choice_item to False
INFO     gholdengo used a status-move. Adding `assaultvest` to impossible items
INFO     Setting gholdengo's last used move: recover
INFO     Setting gholdengo's item to: leftovers
INFO     gholdengo has less than maxhp during upkeep, no longer guessing leftovers or blacksludge
INFO     
INFO     Turn: 34
INFO     Sampling battle 0
INFO     	      gholdengo   goodasgold    leftovers [makeitrain, nastyplot, recover, shadowball] ttype=dark
INFO     Sampling 1 unrevealed pokemon
INFO     	        kleavor    sharpness heavydutyboots [closecombat, defog, stoneaxe, xscissor] ttype=fighting
INFO     Sampling battle 1
INFO     	      gholdengo   goodasgold    leftovers [makeitrain, recover, shadowball, thunderwave] ttype=steel
INFO     Sampling 1 unrevealed pokemon
WARNING  steel is not a known move
INFO     	          ditto     imposter  choicescarf [transform]
INFO     Searching for a move using PUCT MCTS with neural priors...
INFO     Sampling 2 battles at 500ms each
INFO     Computing neural priors for all battles...
INFO     Initialized StateTranslator with TeamPreviewObservationSpace
INFO     Initializing LocalPolicyProvider with model: Abra
INFO     Loading pretrained Abra model...
INFO     CUDA not available - overriding FlashAttention with VanillaAttention
[91mWarning: Using unofficial VanillaAttention implementation[0m


 		 AMAGO v3.1
            	 -------------------------
            	 Agent: MultiTaskAgent
            		 Max Sequence Length: 200
            		 TstepEncoder Type: MetamonTstepEncoder
            		 TrajEncoder Type: TformerTrajEncoder
            		 Total Parameters: 57,535,116
            		 Offline Loss Weight: 1.0
            		 Online Loss Weight: 0.0
            		 Mixed Precision: NO
            		 Checkpoint Path: /Users/yadureddy/Documents/GitHub/clean/pokeagent_ac_mcts/.metamon_cache/pretrained_models/models--jakegrigsby--metamon/snapshots/c5d1cb9abb6747066a325228845a5a8af3d12139/abra/abra/ckpts
            	 Environment:
            		 DummyAsyncVectorEnv(Gym Env x 1)
            		 Exploration Type: None
            	 Dataset: DoNothingDataset
            	 Accelerate Processes: 1 


INFO     Successfully loaded Abra model
ERROR    Error translating battle to observation: 
WARNING  Failed to get priors for battle: 
ERROR    Error translating battle to observation: 
WARNING  Failed to get priors for battle: 
INFO     Successfully computed neural priors for 0/2 battles
INFO     Using PUCT-guided move selection (priors integrated during search)...
INFO     Policy 0: earthquake visited 98.52% avg_score=0.689 sample_chance_multiplier=0.5
INFO     Policy 1: earthquake visited 99.56% avg_score=0.885 sample_chance_multiplier=0.5
INFO     Considered Choices:
INFO     	99.038%: earthquake
INFO     Choice: earthquake
INFO     Updated gholdengo's max speed to 188
INFO     gliscor already has the move earthquake. Decrementing the PP by 1
INFO     gliscor used a ground move, removing groundgem from possible items
INFO     Setting gliscor's last used move: earthquake
INFO     gliscor used a damaging move - not guessing lifeorb anymore
INFO     gliscor did 42.0% damage to gholdengo with earthquake
INFO     gholdengo already has the move shadowball. Decrementing the PP by 1
INFO     gholdengo used two different moves - it cannot have a choice item
INFO     gholdengo used a ghost move, removing ghostgem from possible items
INFO     Setting gholdengo's last used move: shadowball
INFO     gholdengo used a damaging move - not guessing lifeorb anymore
INFO     Substitute ended for gliscor
INFO     Removing the volatile status substitute from gliscor
INFO     Setting gholdengo's item to: leftovers
INFO     gholdengo has less than maxhp during upkeep, no longer guessing leftovers or blacksludge
INFO     
INFO     Turn: 35
INFO     Sampling battle 0
INFO     	      gholdengo   goodasgold    leftovers [makeitrain, nastyplot, recover, shadowball] ttype=steel
INFO     Sampling 1 unrevealed pokemon
INFO     	      rotomwash     levitate  choicescarf [hydropump, thunderbolt, trick, voltswitch] ttype=water
INFO     Sampling battle 1
INFO     	      gholdengo   goodasgold    leftovers [makeitrain, recover, shadowball, thunderwave] ttype=dark
INFO     Sampling 1 unrevealed pokemon
INFO     	         dialga     pressure    leftovers [dracometeor, heavyslam, stealthrock, thunderwave] ttype=steel
INFO     Searching for a move using PUCT MCTS with neural priors...
INFO     Sampling 2 battles at 500ms each
INFO     Computing neural priors for all battles...
INFO     Initialized StateTranslator with TeamPreviewObservationSpace
INFO     Initializing LocalPolicyProvider with model: Abra
INFO     Loading pretrained Abra model...
INFO     CUDA not available - overriding FlashAttention with VanillaAttention
[91mWarning: Using unofficial VanillaAttention implementation[0m


 		 AMAGO v3.1
            	 -------------------------
            	 Agent: MultiTaskAgent
            		 Max Sequence Length: 200
            		 TstepEncoder Type: MetamonTstepEncoder
            		 TrajEncoder Type: TformerTrajEncoder
            		 Total Parameters: 57,535,116
            		 Offline Loss Weight: 1.0
            		 Online Loss Weight: 0.0
            		 Mixed Precision: NO
            		 Checkpoint Path: /Users/yadureddy/Documents/GitHub/clean/pokeagent_ac_mcts/.metamon_cache/pretrained_models/models--jakegrigsby--metamon/snapshots/c5d1cb9abb6747066a325228845a5a8af3d12139/abra/abra/ckpts
            	 Environment:
            		 DummyAsyncVectorEnv(Gym Env x 1)
            		 Exploration Type: None
            	 Dataset: DoNothingDataset
            	 Accelerate Processes: 1 


INFO     Successfully loaded Abra model
ERROR    Error translating battle to observation: 
WARNING  Failed to get priors for battle: 
ERROR    Error translating battle to observation: 
WARNING  Failed to get priors for battle: 
INFO     Successfully computed neural priors for 0/2 battles
INFO     Using PUCT-guided move selection (priors integrated during search)...
INFO     Policy 0: earthquake visited 57.26% avg_score=0.417 sample_chance_multiplier=0.5
INFO     Policy 1: earthquake visited 98.25% avg_score=0.648 sample_chance_multiplier=0.5
INFO     Considered Choices:
INFO     	77.759%: earthquake
INFO     Choice: earthquake
INFO     Updated gholdengo's max speed to 188
INFO     gliscor already has the move earthquake. Decrementing the PP by 1
INFO     gliscor used a ground move, removing groundgem from possible items
INFO     Setting gliscor's last used move: earthquake
INFO     gliscor used a damaging move - not guessing lifeorb anymore
INFO     gliscor did 46.0% damage to gholdengo with earthquake
INFO     gholdengo already has the move recover. Decrementing the PP by 1
INFO     gholdengo used two different moves - it cannot have a choice item
INFO     gholdengo using recover makes it unlikely to have a choice item. Setting can_have_choice_item to False
INFO     gholdengo used a status-move. Adding `assaultvest` to impossible items
INFO     Setting gholdengo's last used move: recover
INFO     Setting gholdengo's item to: leftovers
INFO     gholdengo has less than maxhp during upkeep, no longer guessing leftovers or blacksludge
INFO     
INFO     Turn: 36
INFO     Sampling battle 0
INFO     	      gholdengo   goodasgold    leftovers [makeitrain, recover, shadowball, thunderwave] ttype=dark
INFO     Sampling 1 unrevealed pokemon
INFO     	    stonjourner    powerspot      lifeorb [earthquake, heatcrash, rockpolish, stoneedge] ttype=ground
INFO     Sampling battle 1
INFO     	      gholdengo   goodasgold    leftovers [makeitrain, recover, shadowball, thunderwave] ttype=steel
INFO     Sampling 1 unrevealed pokemon
INFO     	        kingdra       sniper     lumberry [dragondance, ironhead, outrage, wavecrash] ttype=steel
INFO     Searching for a move using PUCT MCTS with neural priors...
INFO     Sampling 2 battles at 500ms each
INFO     Computing neural priors for all battles...
INFO     Initialized StateTranslator with TeamPreviewObservationSpace
INFO     Initializing LocalPolicyProvider with model: Abra
INFO     Loading pretrained Abra model...
INFO     CUDA not available - overriding FlashAttention with VanillaAttention
[91mWarning: Using unofficial VanillaAttention implementation[0m


 		 AMAGO v3.1
            	 -------------------------
            	 Agent: MultiTaskAgent
            		 Max Sequence Length: 200
            		 TstepEncoder Type: MetamonTstepEncoder
            		 TrajEncoder Type: TformerTrajEncoder
            		 Total Parameters: 57,535,116
            		 Offline Loss Weight: 1.0
            		 Online Loss Weight: 0.0
            		 Mixed Precision: NO
            		 Checkpoint Path: /Users/yadureddy/Documents/GitHub/clean/pokeagent_ac_mcts/.metamon_cache/pretrained_models/models--jakegrigsby--metamon/snapshots/c5d1cb9abb6747066a325228845a5a8af3d12139/abra/abra/ckpts
            	 Environment:
            		 DummyAsyncVectorEnv(Gym Env x 1)
            		 Exploration Type: None
            	 Dataset: DoNothingDataset
            	 Accelerate Processes: 1 


INFO     Successfully loaded Abra model
ERROR    Error translating battle to observation: 
WARNING  Failed to get priors for battle: 
ERROR    Error translating battle to observation: 
WARNING  Failed to get priors for battle: 
INFO     Successfully computed neural priors for 0/2 battles
INFO     Using PUCT-guided move selection (priors integrated during search)...
INFO     Policy 0: earthquake visited 93.3% avg_score=0.546 sample_chance_multiplier=0.5
INFO     Policy 1: earthquake visited 36.02% avg_score=0.406 sample_chance_multiplier=0.5
INFO     Considered Choices:
INFO     	64.657%: earthquake
INFO     Choice: earthquake
INFO     Updated gholdengo's max speed to 188
INFO     gliscor already has the move earthquake. Decrementing the PP by 1
INFO     gliscor used a ground move, removing groundgem from possible items
INFO     Setting gliscor's last used move: earthquake
INFO     gliscor used a damaging move - not guessing lifeorb anymore
INFO     gliscor did 47.0% damage to gholdengo with earthquake
INFO     gholdengo already has the move recover. Decrementing the PP by 1
INFO     gholdengo using recover makes it unlikely to have a choice item. Setting can_have_choice_item to False
INFO     gholdengo used a status-move. Adding `assaultvest` to impossible items
INFO     Setting gholdengo's last used move: recover
INFO     Setting gholdengo's item to: leftovers
INFO     gholdengo has less than maxhp during upkeep, no longer guessing leftovers or blacksludge
INFO     
INFO     Turn: 37
INFO     Sampling battle 0
INFO     	      gholdengo   goodasgold    leftovers [makeitrain, recover, shadowball, thunderwave] ttype=steel
INFO     Sampling 1 unrevealed pokemon
INFO     	          minun   voltabsorb      lifeorb [alluringvoice, encore, nastyplot, thunderbolt] ttype=fairy
INFO     Sampling battle 1
INFO     	      gholdengo   goodasgold    leftovers [makeitrain, nastyplot, recover, shadowball] ttype=steel
INFO     Sampling 1 unrevealed pokemon
INFO     	      pachirisu   voltabsorb heavydutyboots [discharge, encore, superfang, uturn] ttype=flying
INFO     Searching for a move using PUCT MCTS with neural priors...
INFO     Sampling 2 battles at 500ms each
INFO     Computing neural priors for all battles...
INFO     Initialized StateTranslator with TeamPreviewObservationSpace
INFO     Initializing LocalPolicyProvider with model: Abra
INFO     Loading pretrained Abra model...
INFO     CUDA not available - overriding FlashAttention with VanillaAttention
[91mWarning: Using unofficial VanillaAttention implementation[0m


 		 AMAGO v3.1
            	 -------------------------
            	 Agent: MultiTaskAgent
            		 Max Sequence Length: 200
            		 TstepEncoder Type: MetamonTstepEncoder
            		 TrajEncoder Type: TformerTrajEncoder
            		 Total Parameters: 57,535,116
            		 Offline Loss Weight: 1.0
            		 Online Loss Weight: 0.0
            		 Mixed Precision: NO
            		 Checkpoint Path: /Users/yadureddy/Documents/GitHub/clean/pokeagent_ac_mcts/.metamon_cache/pretrained_models/models--jakegrigsby--metamon/snapshots/c5d1cb9abb6747066a325228845a5a8af3d12139/abra/abra/ckpts
            	 Environment:
            		 DummyAsyncVectorEnv(Gym Env x 1)
            		 Exploration Type: None
            	 Dataset: DoNothingDataset
            	 Accelerate Processes: 1 


INFO     Successfully loaded Abra model
ERROR    Error translating battle to observation: 
WARNING  Failed to get priors for battle: 
ERROR    Error translating battle to observation: 
WARNING  Failed to get priors for battle: 
INFO     Successfully computed neural priors for 0/2 battles
INFO     Using PUCT-guided move selection (priors integrated during search)...
INFO     Policy 0: switch emboar visited 87.61% avg_score=0.889 sample_chance_multiplier=0.5
INFO     Policy 1: earthquake visited 98.74% avg_score=0.84 sample_chance_multiplier=0.5
INFO     Considered Choices:
INFO     	55.255%: earthquake
INFO     	44.042%: switch emboar
INFO     Choice: switch emboar
INFO     gholdengo already has the move recover. Decrementing the PP by 1
INFO     gholdengo using recover makes it unlikely to have a choice item. Setting can_have_choice_item to False
INFO     gholdengo used a status-move. Adding `assaultvest` to impossible items
INFO     Setting gholdengo's last used move: recover
INFO     
INFO     Turn: 38
INFO     Sampling battle 0
INFO     	      gholdengo   goodasgold    leftovers [makeitrain, nastyplot, recover, shadowball] ttype=water
INFO     Sampling 1 unrevealed pokemon
INFO     	     arceusrock    multitype   stoneplate [calmmind, fireblast, judgment, recover] ttype=dragon
INFO     Sampling battle 1
INFO     	      gholdengo   goodasgold    leftovers [makeitrain, nastyplot, recover, shadowball] ttype=water
INFO     Sampling 1 unrevealed pokemon
INFO     	       cobalion    justified    leftovers [bodypress, ironhead, thunderwave, voltswitch] ttype=ghost
INFO     Searching for a move using PUCT MCTS with neural priors...
INFO     Sampling 2 battles at 500ms each
INFO     Computing neural priors for all battles...
INFO     Initialized StateTranslator with TeamPreviewObservationSpace
INFO     Initializing LocalPolicyProvider with model: Abra
INFO     Loading pretrained Abra model...
INFO     CUDA not available - overriding FlashAttention with VanillaAttention
[91mWarning: Using unofficial VanillaAttention implementation[0m


 		 AMAGO v3.1
            	 -------------------------
            	 Agent: MultiTaskAgent
            		 Max Sequence Length: 200
            		 TstepEncoder Type: MetamonTstepEncoder
            		 TrajEncoder Type: TformerTrajEncoder
            		 Total Parameters: 57,535,116
            		 Offline Loss Weight: 1.0
            		 Online Loss Weight: 0.0
            		 Mixed Precision: NO
            		 Checkpoint Path: /Users/yadureddy/Documents/GitHub/clean/pokeagent_ac_mcts/.metamon_cache/pretrained_models/models--jakegrigsby--metamon/snapshots/c5d1cb9abb6747066a325228845a5a8af3d12139/abra/abra/ckpts
            	 Environment:
            		 DummyAsyncVectorEnv(Gym Env x 1)
            		 Exploration Type: None
            	 Dataset: DoNothingDataset
            	 Accelerate Processes: 1 


INFO     Successfully loaded Abra model
ERROR    Error translating battle to observation: 
WARNING  Failed to get priors for battle: 
ERROR    Error translating battle to observation: 
WARNING  Failed to get priors for battle: 
INFO     Successfully computed neural priors for 0/2 battles
INFO     Using PUCT-guided move selection (priors integrated during search)...
INFO     Policy 0: flareblitz visited 54.36% avg_score=0.56 sample_chance_multiplier=0.5
INFO     Policy 1: flareblitz visited 99.77% avg_score=0.926 sample_chance_multiplier=0.5
INFO     Considered Choices:
INFO     	77.068%: flareblitz
INFO     Choice: flareblitz
INFO     Updated gholdengo's min speed to 157
INFO     gholdengo already has the move shadowball. Decrementing the PP by 1
INFO     gholdengo used two different moves - it cannot have a choice item
INFO     gholdengo used a ghost move, removing ghostgem from possible items
INFO     Setting gholdengo's last used move: shadowball
INFO     gholdengo used a damaging move - not guessing lifeorb anymore
INFO     gholdengo did 24.22% damage to emboar with shadowball
INFO     emboar already has the move flareblitz. Decrementing the PP by 1
INFO     emboar used a fire move, removing firegem from possible items
INFO     Setting emboar's last used move: flareblitz
INFO     emboar used a damaging move - not guessing lifeorb anymore
INFO     emboar did 100.0% damage to gholdengo with flareblitz
INFO     gholdengo has less than maxhp during upkeep, no longer guessing leftovers or blacksludge
INFO     Sampling battle 0
INFO     	      gholdengo   goodasgold    leftovers [makeitrain, recover, shadowball, thunderwave] ttype=steel
INFO     Sampling 1 unrevealed pokemon
INFO     	       ursaring         guts     eviolite [bodyslam, earthquake, rest, sleeptalk] ttype=ghost
INFO     Sampling battle 1
INFO     	      gholdengo   goodasgold    leftovers [makeitrain, recover, shadowball, thunderwave] ttype=dark
INFO     Sampling 1 unrevealed pokemon
INFO     	        lucario   innerfocus      lifeorb [aurasphere, flashcannon, nastyplot, vacuumwave] ttype=fighting
INFO     Searching for a move using PUCT MCTS with neural priors...
INFO     Sampling 2 battles at 500ms each
INFO     Computing neural priors for all battles...
INFO     Initialized StateTranslator with TeamPreviewObservationSpace
INFO     Initializing LocalPolicyProvider with model: Abra
INFO     Loading pretrained Abra model...
INFO     CUDA not available - overriding FlashAttention with VanillaAttention
[91mWarning: Using unofficial VanillaAttention implementation[0m


 		 AMAGO v3.1
            	 -------------------------
            	 Agent: MultiTaskAgent
            		 Max Sequence Length: 200
            		 TstepEncoder Type: MetamonTstepEncoder
            		 TrajEncoder Type: TformerTrajEncoder
            		 Total Parameters: 57,535,116
            		 Offline Loss Weight: 1.0
            		 Online Loss Weight: 0.0
            		 Mixed Precision: NO
            		 Checkpoint Path: /Users/yadureddy/Documents/GitHub/clean/pokeagent_ac_mcts/.metamon_cache/pretrained_models/models--jakegrigsby--metamon/snapshots/c5d1cb9abb6747066a325228845a5a8af3d12139/abra/abra/ckpts
            	 Environment:
            		 DummyAsyncVectorEnv(Gym Env x 1)
            		 Exploration Type: None
            	 Dataset: DoNothingDataset
            	 Accelerate Processes: 1 


INFO     Successfully loaded Abra model
ERROR    Error translating battle to observation: 
WARNING  Failed to get priors for battle: 
ERROR    Error translating battle to observation: 
WARNING  Failed to get priors for battle: 
INFO     Successfully computed neural priors for 0/2 battles
INFO     Using PUCT-guided move selection (priors integrated during search)...
INFO     Policy 0: switch uxie visited 75.43% avg_score=0.84 sample_chance_multiplier=0.5
INFO     Policy 1: switch gliscor visited 99.51% avg_score=0.998 sample_chance_multiplier=0.5
INFO     Considered Choices:
INFO     	62.04%: switch gliscor
INFO     Choice: switch gliscor
INFO     Opponent has switched - clearing the last used move
INFO     crawdaunt switched in, adding intimidate to impossible abilities
INFO     crawdaunt switched in, adding pressure to impossible abilities
INFO     crawdaunt switched in, adding neutralizinggas to impossible abilities
INFO     crawdaunt switched in, adding sandstream to impossible abilities
INFO     crawdaunt switched in, adding drought to impossible abilities
INFO     crawdaunt switched in, adding drizzle to impossible abilities
INFO     crawdaunt switched in, adding snowwarning to impossible abilities
INFO     crawdaunt switched in, adding boosterenergy to impossible items
INFO     crawdaunt switched in, adding airballoon to impossible items
INFO     crawdaunt was affected by stealthrock, it cannot have heavydutyboots
INFO     
INFO     Turn: 39
INFO     Sampling battle 0
INFO     	      crawdaunt adaptability      lifeorb [closecombat, crabhammer, dragondance, knockoff] ttype=fighting
INFO     Sampling battle 1
INFO     	      crawdaunt adaptability      lifeorb [closecombat, crabhammer, dragondance, knockoff] ttype=fighting
INFO     Searching for a move using PUCT MCTS with neural priors...
INFO     Sampling 2 battles at 500ms each
INFO     Computing neural priors for all battles...
INFO     Initialized StateTranslator with TeamPreviewObservationSpace
INFO     Initializing LocalPolicyProvider with model: Abra
INFO     Loading pretrained Abra model...
INFO     CUDA not available - overriding FlashAttention with VanillaAttention
[91mWarning: Using unofficial VanillaAttention implementation[0m


 		 AMAGO v3.1
            	 -------------------------
            	 Agent: MultiTaskAgent
            		 Max Sequence Length: 200
            		 TstepEncoder Type: MetamonTstepEncoder
            		 TrajEncoder Type: TformerTrajEncoder
            		 Total Parameters: 57,535,116
            		 Offline Loss Weight: 1.0
            		 Online Loss Weight: 0.0
            		 Mixed Precision: NO
            		 Checkpoint Path: /Users/yadureddy/Documents/GitHub/clean/pokeagent_ac_mcts/.metamon_cache/pretrained_models/models--jakegrigsby--metamon/snapshots/c5d1cb9abb6747066a325228845a5a8af3d12139/abra/abra/ckpts
            	 Environment:
            		 DummyAsyncVectorEnv(Gym Env x 1)
            		 Exploration Type: None
            	 Dataset: DoNothingDataset
            	 Accelerate Processes: 1 


INFO     Successfully loaded Abra model
ERROR    Error translating battle to observation: 
WARNING  Failed to get priors for battle: 
ERROR    Error translating battle to observation: 
WARNING  Failed to get priors for battle: 
INFO     Successfully computed neural priors for 0/2 battles
INFO     Using PUCT-guided move selection (priors integrated during search)...
INFO     Policy 0: substitute visited 98.94% avg_score=0.418 sample_chance_multiplier=0.5
INFO     Policy 1: substitute visited 98.65% avg_score=0.423 sample_chance_multiplier=0.5
INFO     Considered Choices:
INFO     	98.797%: substitute
INFO     Choice: substitute
INFO     Updated crawdaunt's max speed to 188
INFO     gliscor already has the move substitute. Decrementing the PP by 1
INFO     gliscor using substitute makes it unlikely to have a choice item. Setting can_have_choice_item to False
INFO     gliscor used a status-move. Adding `assaultvest` to impossible items
INFO     Setting gliscor's last used move: substitute
INFO     Starting the volatile status substitute on gliscor
INFO     gliscor started a substitute - setting substitute_hit to False
INFO     crawdaunt using dragondance makes it unlikely to have a choice item. Setting can_have_choice_item to False
INFO     crawdaunt used a status-move. Adding `assaultvest` to impossible items
INFO     Setting crawdaunt's last used move: dragondance
INFO     crawdaunt's attack was boosted by 1 to 1
INFO     crawdaunt's speed was boosted by 1 to 1
INFO     crawdaunt has less than maxhp during upkeep, no longer guessing leftovers or blacksludge
INFO     
INFO     Turn: 40
INFO     Sampling battle 0
INFO     	      crawdaunt adaptability      lifeorb [aquajet, crabhammer, dragondance, knockoff] ttype=water
INFO     Sampling battle 1
INFO     	      crawdaunt adaptability      lifeorb [aquajet, crabhammer, dragondance, knockoff] ttype=water
INFO     Searching for a move using PUCT MCTS with neural priors...
INFO     Sampling 2 battles at 500ms each
INFO     Computing neural priors for all battles...
INFO     Initialized StateTranslator with TeamPreviewObservationSpace
INFO     Initializing LocalPolicyProvider with model: Abra
INFO     Loading pretrained Abra model...
INFO     CUDA not available - overriding FlashAttention with VanillaAttention
[91mWarning: Using unofficial VanillaAttention implementation[0m


 		 AMAGO v3.1
            	 -------------------------
            	 Agent: MultiTaskAgent
            		 Max Sequence Length: 200
            		 TstepEncoder Type: MetamonTstepEncoder
            		 TrajEncoder Type: TformerTrajEncoder
            		 Total Parameters: 57,535,116
            		 Offline Loss Weight: 1.0
            		 Online Loss Weight: 0.0
            		 Mixed Precision: NO
            		 Checkpoint Path: /Users/yadureddy/Documents/GitHub/clean/pokeagent_ac_mcts/.metamon_cache/pretrained_models/models--jakegrigsby--metamon/snapshots/c5d1cb9abb6747066a325228845a5a8af3d12139/abra/abra/ckpts
            	 Environment:
            		 DummyAsyncVectorEnv(Gym Env x 1)
            		 Exploration Type: None
            	 Dataset: DoNothingDataset
            	 Accelerate Processes: 1 


INFO     Successfully loaded Abra model
ERROR    Error translating battle to observation: 
WARNING  Failed to get priors for battle: 
ERROR    Error translating battle to observation: 
WARNING  Failed to get priors for battle: 
INFO     Successfully computed neural priors for 0/2 battles
INFO     Using PUCT-guided move selection (priors integrated during search)...
INFO     Policy 0: protect visited 58.57% avg_score=0.332 sample_chance_multiplier=0.5
INFO     Policy 1: protect visited 48.51% avg_score=0.331 sample_chance_multiplier=0.5
INFO     Considered Choices:
INFO     	53.542%: protect
INFO     Choice: protect
INFO     gliscor already has the move protect. Decrementing the PP by 1
INFO     gliscor used a status-move. Adding `assaultvest` to impossible items
INFO     Setting gliscor's last used move: protect
INFO     gliscor used a protect move, set protect side condition to 2
INFO     crawdaunt used two different moves - it cannot have a choice item
INFO     crawdaunt used a fighting move, removing fightinggem from possible items
INFO     Setting crawdaunt's last used move: closecombat
INFO     crawdaunt used a damaging move - not guessing lifeorb anymore
INFO     Setting protect to 1 for the bot
INFO     crawdaunt has less than maxhp during upkeep, no longer guessing leftovers or blacksludge
INFO     
INFO     Turn: 41
INFO     Sampling battle 0
INFO     	      crawdaunt adaptability      lifeorb [closecombat, crabhammer, dragondance, knockoff] ttype=fighting
INFO     Sampling battle 1
INFO     	      crawdaunt adaptability      lifeorb [closecombat, crabhammer, dragondance, knockoff] ttype=fighting
INFO     Searching for a move using PUCT MCTS with neural priors...
INFO     Sampling 2 battles at 500ms each
INFO     Computing neural priors for all battles...
INFO     Initialized StateTranslator with TeamPreviewObservationSpace
INFO     Initializing LocalPolicyProvider with model: Abra
INFO     Loading pretrained Abra model...
INFO     CUDA not available - overriding FlashAttention with VanillaAttention
[91mWarning: Using unofficial VanillaAttention implementation[0m


 		 AMAGO v3.1
            	 -------------------------
            	 Agent: MultiTaskAgent
            		 Max Sequence Length: 200
            		 TstepEncoder Type: MetamonTstepEncoder
            		 TrajEncoder Type: TformerTrajEncoder
            		 Total Parameters: 57,535,116
            		 Offline Loss Weight: 1.0
            		 Online Loss Weight: 0.0
            		 Mixed Precision: NO
            		 Checkpoint Path: /Users/yadureddy/Documents/GitHub/clean/pokeagent_ac_mcts/.metamon_cache/pretrained_models/models--jakegrigsby--metamon/snapshots/c5d1cb9abb6747066a325228845a5a8af3d12139/abra/abra/ckpts
            	 Environment:
            		 DummyAsyncVectorEnv(Gym Env x 1)
            		 Exploration Type: None
            	 Dataset: DoNothingDataset
            	 Accelerate Processes: 1 


INFO     Successfully loaded Abra model
ERROR    Error translating battle to observation: 
WARNING  Failed to get priors for battle: 
ERROR    Error translating battle to observation: 
WARNING  Failed to get priors for battle: 
INFO     Successfully computed neural priors for 0/2 battles
INFO     Using PUCT-guided move selection (priors integrated during search)...
INFO     Policy 0: toxic visited 45.62% avg_score=0.459 sample_chance_multiplier=0.5
INFO     Policy 1: toxic visited 46.9% avg_score=0.45 sample_chance_multiplier=0.5
INFO     Considered Choices:
INFO     	46.261%: toxic
INFO     	42.974%: substitute
INFO     Choice: substitute
INFO     Updated crawdaunt's min speed to 125
INFO     crawdaunt already has the move closecombat. Decrementing the PP by 1
INFO     crawdaunt used a fighting move, removing fightinggem from possible items
INFO     Setting crawdaunt's last used move: closecombat
INFO     crawdaunt used a damaging move - not guessing lifeorb anymore
INFO     Substitute ended for gliscor
INFO     Removing the volatile status substitute from gliscor
INFO     crawdaunt's defense was unboosted by 1 to -1
INFO     crawdaunt's special-defense was unboosted by 1 to -1
INFO     Setting crawdaunt's item to: lifeorb
INFO     gliscor already has the move substitute. Decrementing the PP by 1
INFO     gliscor using substitute makes it unlikely to have a choice item. Setting can_have_choice_item to False
INFO     gliscor used a status-move. Adding `assaultvest` to impossible items
INFO     Setting gliscor's last used move: substitute
INFO     Starting the volatile status substitute on gliscor
INFO     gliscor started a substitute - setting substitute_hit to False
INFO     Setting protect to 0 for the bot
INFO     crawdaunt has less than maxhp during upkeep, no longer guessing leftovers or blacksludge
INFO     
INFO     Turn: 42
INFO     Sampling battle 0
INFO     	      crawdaunt adaptability      lifeorb [closecombat, crabhammer, dragondance, knockoff] ttype=fighting
INFO     Sampling battle 1
INFO     	      crawdaunt adaptability      lifeorb [closecombat, crabhammer, dragondance, knockoff] ttype=fighting
INFO     Searching for a move using PUCT MCTS with neural priors...
INFO     Sampling 2 battles at 500ms each
INFO     Computing neural priors for all battles...
INFO     Initialized StateTranslator with TeamPreviewObservationSpace
INFO     Initializing LocalPolicyProvider with model: Abra
INFO     Loading pretrained Abra model...
INFO     CUDA not available - overriding FlashAttention with VanillaAttention
[91mWarning: Using unofficial VanillaAttention implementation[0m


 		 AMAGO v3.1
            	 -------------------------
            	 Agent: MultiTaskAgent
            		 Max Sequence Length: 200
            		 TstepEncoder Type: MetamonTstepEncoder
            		 TrajEncoder Type: TformerTrajEncoder
            		 Total Parameters: 57,535,116
            		 Offline Loss Weight: 1.0
            		 Online Loss Weight: 0.0
            		 Mixed Precision: NO
            		 Checkpoint Path: /Users/yadureddy/Documents/GitHub/clean/pokeagent_ac_mcts/.metamon_cache/pretrained_models/models--jakegrigsby--metamon/snapshots/c5d1cb9abb6747066a325228845a5a8af3d12139/abra/abra/ckpts
            	 Environment:
            		 DummyAsyncVectorEnv(Gym Env x 1)
            		 Exploration Type: None
            	 Dataset: DoNothingDataset
            	 Accelerate Processes: 1 


INFO     Successfully loaded Abra model
ERROR    Error translating battle to observation: 
WARNING  Failed to get priors for battle: 
ERROR    Error translating battle to observation: 
WARNING  Failed to get priors for battle: 
INFO     Successfully computed neural priors for 0/2 battles
INFO     Using PUCT-guided move selection (priors integrated during search)...
INFO     Policy 0: toxic visited 69.6% avg_score=0.547 sample_chance_multiplier=0.5
INFO     Policy 1: toxic visited 77.78% avg_score=0.556 sample_chance_multiplier=0.5
INFO     Considered Choices:
INFO     	73.689%: toxic
INFO     Choice: toxic
INFO     Updated crawdaunt's min speed to 125
INFO     crawdaunt used two different moves - it cannot have a choice item
INFO     crawdaunt used a water move, removing watergem from possible items
INFO     Setting crawdaunt's last used move: crabhammer
INFO     crawdaunt used a damaging move - not guessing lifeorb anymore
INFO     Substitute ended for gliscor
INFO     Removing the volatile status substitute from gliscor
INFO     Setting crawdaunt's item to: lifeorb
INFO     gliscor already has the move toxic. Decrementing the PP by 1
INFO     gliscor used a status-move. Adding `assaultvest` to impossible items
INFO     Setting gliscor's last used move: toxic
INFO     crawdaunt got status: tox
INFO     No longer guessing lumberry because crawdaunt got status tox
INFO     crawdaunt has less than maxhp during upkeep, no longer guessing leftovers or blacksludge
INFO     
INFO     Turn: 43
INFO     Sampling battle 0
INFO     	      crawdaunt adaptability      lifeorb [closecombat, crabhammer, dragondance, knockoff] ttype=fighting
INFO     Sampling battle 1
INFO     	      crawdaunt adaptability      lifeorb [closecombat, crabhammer, dragondance, knockoff] ttype=fighting
INFO     Searching for a move using PUCT MCTS with neural priors...
INFO     Sampling 2 battles at 500ms each
INFO     Computing neural priors for all battles...
INFO     Initialized StateTranslator with TeamPreviewObservationSpace
INFO     Initializing LocalPolicyProvider with model: Abra
INFO     Loading pretrained Abra model...
INFO     CUDA not available - overriding FlashAttention with VanillaAttention
[91mWarning: Using unofficial VanillaAttention implementation[0m


 		 AMAGO v3.1
            	 -------------------------
            	 Agent: MultiTaskAgent
            		 Max Sequence Length: 200
            		 TstepEncoder Type: MetamonTstepEncoder
            		 TrajEncoder Type: TformerTrajEncoder
            		 Total Parameters: 57,535,116
            		 Offline Loss Weight: 1.0
            		 Online Loss Weight: 0.0
            		 Mixed Precision: NO
            		 Checkpoint Path: /Users/yadureddy/Documents/GitHub/clean/pokeagent_ac_mcts/.metamon_cache/pretrained_models/models--jakegrigsby--metamon/snapshots/c5d1cb9abb6747066a325228845a5a8af3d12139/abra/abra/ckpts
            	 Environment:
            		 DummyAsyncVectorEnv(Gym Env x 1)
            		 Exploration Type: None
            	 Dataset: DoNothingDataset
            	 Accelerate Processes: 1 


INFO     Successfully loaded Abra model
ERROR    Error translating battle to observation: 
WARNING  Failed to get priors for battle: 
ERROR    Error translating battle to observation: 
WARNING  Failed to get priors for battle: 
INFO     Successfully computed neural priors for 0/2 battles
INFO     Using PUCT-guided move selection (priors integrated during search)...
INFO     Policy 0: switch uxie visited 99.37% avg_score=0.757 sample_chance_multiplier=0.5
INFO     Policy 1: switch uxie visited 99.4% avg_score=0.757 sample_chance_multiplier=0.5
INFO     Considered Choices:
INFO     	99.384%: switch uxie
INFO     Choice: switch uxie
INFO     crawdaunt already has the move closecombat. Decrementing the PP by 1
INFO     crawdaunt used two different moves - it cannot have a choice item
INFO     crawdaunt used a fighting move, removing fightinggem from possible items
INFO     Setting crawdaunt's last used move: closecombat
INFO     crawdaunt used a damaging move - not guessing lifeorb anymore
INFO     crawdaunt did 26.150000000000002% damage to uxie with closecombat
INFO     crawdaunt's defense was unboosted by 1 to -2
INFO     crawdaunt's special-defense was unboosted by 1 to -2
INFO     Setting crawdaunt's item to: lifeorb
INFO     Setting uxie's item to: leftovers
INFO     crawdaunt has less than maxhp during upkeep, no longer guessing leftovers or blacksludge
INFO     
INFO     Turn: 44
INFO     Sampling battle 0
INFO     	      crawdaunt adaptability      lifeorb [closecombat, crabhammer, dragondance, knockoff] ttype=fighting
INFO     Sampling battle 1
INFO     	      crawdaunt adaptability      lifeorb [closecombat, crabhammer, dragondance, knockoff] ttype=fighting
INFO     Searching for a move using PUCT MCTS with neural priors...
INFO     Sampling 2 battles at 500ms each
INFO     Computing neural priors for all battles...
INFO     Initialized StateTranslator with TeamPreviewObservationSpace
INFO     Initializing LocalPolicyProvider with model: Abra
INFO     Loading pretrained Abra model...
INFO     CUDA not available - overriding FlashAttention with VanillaAttention
[91mWarning: Using unofficial VanillaAttention implementation[0m


 		 AMAGO v3.1
            	 -------------------------
            	 Agent: MultiTaskAgent
            		 Max Sequence Length: 200
            		 TstepEncoder Type: MetamonTstepEncoder
            		 TrajEncoder Type: TformerTrajEncoder
            		 Total Parameters: 57,535,116
            		 Offline Loss Weight: 1.0
            		 Online Loss Weight: 0.0
            		 Mixed Precision: NO
            		 Checkpoint Path: /Users/yadureddy/Documents/GitHub/clean/pokeagent_ac_mcts/.metamon_cache/pretrained_models/models--jakegrigsby--metamon/snapshots/c5d1cb9abb6747066a325228845a5a8af3d12139/abra/abra/ckpts
            	 Environment:
            		 DummyAsyncVectorEnv(Gym Env x 1)
            		 Exploration Type: None
            	 Dataset: DoNothingDataset
            	 Accelerate Processes: 1 


INFO     Successfully loaded Abra model
ERROR    Error translating battle to observation: 
WARNING  Failed to get priors for battle: 
ERROR    Error translating battle to observation: 
WARNING  Failed to get priors for battle: 
INFO     Successfully computed neural priors for 0/2 battles
INFO     Using PUCT-guided move selection (priors integrated during search)...
INFO     Policy 0: stealthrock visited 25.25% avg_score=0.999 sample_chance_multiplier=0.5
INFO     Policy 1: uturn visited 26.9% avg_score=0.999 sample_chance_multiplier=0.5
INFO     Considered Choices:
INFO     	25.677%: uturn
INFO     	25.066%: knockoff
INFO     	24.961%: psychicnoise
INFO     	24.123%: stealthrock
INFO     Choice: uturn
INFO     Updated crawdaunt's min speed to 136
INFO     crawdaunt used two different moves - it cannot have a choice item
INFO     crawdaunt used a dark move, removing darkgem from possible items
INFO     Setting crawdaunt's last used move: knockoff
INFO     crawdaunt used a damaging move - not guessing lifeorb anymore
INFO     crawdaunt did 61.53999999999999% damage to uxie with knockoff
WARNING  Would remove all possibilities, not removing any
WARNING  actual_damage_dealt=160.004
INFO     Removing uxie's item: leftovers
INFO     Setting uxie's removed item to leftovers
INFO     Knockoff removed uxie's item
INFO     Setting crawdaunt's item to: lifeorb
INFO     crawdaunt has less than maxhp during upkeep, no longer guessing leftovers or blacksludge
INFO     Sampling battle 0
INFO     	      crawdaunt adaptability      lifeorb [closecombat, crabhammer, dragondance, knockoff] ttype=fighting
INFO     Sampling battle 1
INFO     	      crawdaunt adaptability      lifeorb [closecombat, crabhammer, dragondance, knockoff] ttype=fighting
INFO     Searching for a move using PUCT MCTS with neural priors...
INFO     Sampling 2 battles at 500ms each
INFO     Computing neural priors for all battles...
INFO     Initialized StateTranslator with TeamPreviewObservationSpace
INFO     Initializing LocalPolicyProvider with model: Abra
INFO     Loading pretrained Abra model...
INFO     CUDA not available - overriding FlashAttention with VanillaAttention
[91mWarning: Using unofficial VanillaAttention implementation[0m


 		 AMAGO v3.1
            	 -------------------------
            	 Agent: MultiTaskAgent
            		 Max Sequence Length: 200
            		 TstepEncoder Type: MetamonTstepEncoder
            		 TrajEncoder Type: TformerTrajEncoder
            		 Total Parameters: 57,535,116
            		 Offline Loss Weight: 1.0
            		 Online Loss Weight: 0.0
            		 Mixed Precision: NO
            		 Checkpoint Path: /Users/yadureddy/Documents/GitHub/clean/pokeagent_ac_mcts/.metamon_cache/pretrained_models/models--jakegrigsby--metamon/snapshots/c5d1cb9abb6747066a325228845a5a8af3d12139/abra/abra/ckpts
            	 Environment:
            		 DummyAsyncVectorEnv(Gym Env x 1)
            		 Exploration Type: None
            	 Dataset: DoNothingDataset
            	 Accelerate Processes: 1 


INFO     Successfully loaded Abra model
ERROR    Error translating battle to observation: 
WARNING  Failed to get priors for battle: 
ERROR    Error translating battle to observation: 
WARNING  Failed to get priors for battle: 
INFO     Successfully computed neural priors for 0/2 battles
INFO     Using PUCT-guided move selection (priors integrated during search)...
INFO     Policy 0: switch gliscor visited 100.0% avg_score=0.999 sample_chance_multiplier=0.5
INFO     Policy 1: switch gliscor visited 100.0% avg_score=0.999 sample_chance_multiplier=0.5
INFO     Considered Choices:
INFO     	100.0%: switch gliscor
INFO     Choice: switch gliscor
INFO     
INFO     Turn: 45
INFO     Sampling battle 0
INFO     	      crawdaunt adaptability      lifeorb [closecombat, crabhammer, dragondance, knockoff] ttype=fighting
INFO     Sampling battle 1
INFO     	      crawdaunt adaptability      lifeorb [closecombat, crabhammer, dragondance, knockoff] ttype=fighting
INFO     Searching for a move using PUCT MCTS with neural priors...
INFO     Sampling 2 battles at 500ms each
INFO     Computing neural priors for all battles...
INFO     Initialized StateTranslator with TeamPreviewObservationSpace
INFO     Initializing LocalPolicyProvider with model: Abra
INFO     Loading pretrained Abra model...
INFO     CUDA not available - overriding FlashAttention with VanillaAttention
[91mWarning: Using unofficial VanillaAttention implementation[0m


 		 AMAGO v3.1
            	 -------------------------
            	 Agent: MultiTaskAgent
            		 Max Sequence Length: 200
            		 TstepEncoder Type: MetamonTstepEncoder
            		 TrajEncoder Type: TformerTrajEncoder
            		 Total Parameters: 57,535,116
            		 Offline Loss Weight: 1.0
            		 Online Loss Weight: 0.0
            		 Mixed Precision: NO
            		 Checkpoint Path: /Users/yadureddy/Documents/GitHub/clean/pokeagent_ac_mcts/.metamon_cache/pretrained_models/models--jakegrigsby--metamon/snapshots/c5d1cb9abb6747066a325228845a5a8af3d12139/abra/abra/ckpts
            	 Environment:
            		 DummyAsyncVectorEnv(Gym Env x 1)
            		 Exploration Type: None
            	 Dataset: DoNothingDataset
            	 Accelerate Processes: 1 


INFO     Successfully loaded Abra model
ERROR    Error translating battle to observation: 
WARNING  Failed to get priors for battle: 
ERROR    Error translating battle to observation: 
WARNING  Failed to get priors for battle: 
INFO     Successfully computed neural priors for 0/2 battles
INFO     Using PUCT-guided move selection (priors integrated during search)...
INFO     Policy 0: protect visited 99.92% avg_score=1.0 sample_chance_multiplier=0.5
INFO     Policy 1: protect visited 99.93% avg_score=1.0 sample_chance_multiplier=0.5
INFO     Considered Choices:
INFO     	99.922%: protect
INFO     Choice: protect
INFO     Winner: AbraMCTS
INFO     Won with team: None
INFO     W: 2	L: 1
INFO     Searching for ranked gen9randombattle match
INFO     Initialized battle-gen9randombattle-79 against: VanillaMCTS
INFO     Opponent has switched - clearing the last used move
INFO     swampert switched in, adding intimidate to impossible abilities
INFO     swampert switched in, adding pressure to impossible abilities
INFO     swampert switched in, adding neutralizinggas to impossible abilities
INFO     swampert switched in, adding sandstream to impossible abilities
INFO     swampert switched in, adding drought to impossible abilities
INFO     swampert switched in, adding drizzle to impossible abilities
INFO     swampert switched in, adding snowwarning to impossible abilities
INFO     swampert switched in, adding boosterenergy to impossible items
INFO     swampert switched in, adding airballoon to impossible items
INFO     
INFO     Turn: 1
INFO     Sampling battle 0
INFO     	       swampert         damp    leftovers [earthquake, icebeam, knockoff, roar] ttype=steel
INFO     Sampling 5 unrevealed pokemon
INFO     	       medicham    purepower   choiceband [bulletpunch, closecombat, icepunch, zenheadbutt] ttype=fighting
INFO     	        manaphy    hydration    leftovers [energyball, icebeam, surf, tailglow] ttype=grass
INFO     	       necrozma   prismarmor      lifeorb [dragondance, earthquake, knockoff, photongeyser] ttype=ground
INFO     	         scizor   technician   choiceband [bulletpunch, closecombat, knockoff, uturn] ttype=steel
INFO     	         emboar     reckless  assaultvest [closecombat, flareblitz, scald, suckerpunch] ttype=water
INFO     Sampling battle 1
INFO     	       swampert         damp    leftovers [earthquake, knockoff, roar, stealthrock] ttype=poison
INFO     Sampling 5 unrevealed pokemon
INFO     	        flapple       hustle     widelens [dragondance, gravapple, outrage, terablast] ttype=fire
INFO     	            muk  poisontouch   choiceband [gunkshot, icepunch, knockoff, shadowsneak] ttype=dark
INFO     	        groudon      drought    leftovers [heatcrash, precipiceblades, spikes, willowisp] ttype=fire
INFO     	     golemalola    galvanize   choiceband [doubleedge, earthquake, explosion, stoneedge] ttype=electric
INFO     	         zapdos       static heavydutyboots [heatwave, hurricane, roost, thunderbolt] ttype=steel
INFO     Sampling battle 2
INFO     	       swampert         damp    leftovers [earthquake, icebeam, knockoff, stealthrock] ttype=poison
INFO     Sampling 5 unrevealed pokemon
INFO     	    barraskewda    swiftswim   choiceband [closecombat, flipturn, poisonjab, waterfall] ttype=water
INFO     	   moltresgalar      berserk weaknesspolicy [agility, fierywrath, hurricane, nastyplot] ttype=steel
INFO     	    arceussteel    multitype    ironplate [earthquake, judgment, recover, willowisp] ttype=ghost
INFO     	       lurantis     contrary    leftovers [defog, leafstorm, superpower, synthesis] ttype=fighting
INFO     	 ninetalesalola  snowwarning heavydutyboots [blizzard, freezedry, moonblast, nastyplot] ttype=steel
INFO     Sampling battle 3
INFO     	       swampert      torrent    leftovers [earthquake, flipturn, roar, stealthrock] ttype=steel
INFO     Sampling 5 unrevealed pokemon
INFO     	       rotomfan     levitate heavydutyboots [airslash, nastyplot, thunderbolt, willowisp] ttype=steel
INFO     	      amoonguss  regenerator  rockyhelmet [gigadrain, sludgebomb, spore, toxic] ttype=steel
INFO     	      clawitzer megalauncher  choicespecs [aurasphere, dragonpulse, uturn, waterpulse] ttype=dragon
INFO     	     typhlosion    flashfire  choicescarf [eruption, fireblast, focusblast, scorchingsands] ttype=fire
INFO     	        florges   flowerveil    leftovers [calmmind, moonblast, synthesis, terablast] ttype=ground
INFO     Searching for a move using PUCT MCTS with neural priors...
INFO     Sampling 4 battles at 250ms each
INFO     Computing neural priors for all battles...
INFO     Initialized StateTranslator with TeamPreviewObservationSpace
INFO     Initializing LocalPolicyProvider with model: Abra
INFO     Loading pretrained Abra model...
INFO     CUDA not available - overriding FlashAttention with VanillaAttention
[91mWarning: Using unofficial VanillaAttention implementation[0m


 		 AMAGO v3.1
            	 -------------------------
            	 Agent: MultiTaskAgent
            		 Max Sequence Length: 200
            		 TstepEncoder Type: MetamonTstepEncoder
            		 TrajEncoder Type: TformerTrajEncoder
            		 Total Parameters: 57,535,116
            		 Offline Loss Weight: 1.0
            		 Online Loss Weight: 0.0
            		 Mixed Precision: NO
            		 Checkpoint Path: /Users/yadureddy/Documents/GitHub/clean/pokeagent_ac_mcts/.metamon_cache/pretrained_models/models--jakegrigsby--metamon/snapshots/c5d1cb9abb6747066a325228845a5a8af3d12139/abra/abra/ckpts
            	 Environment:
            		 DummyAsyncVectorEnv(Gym Env x 1)
            		 Exploration Type: None
            	 Dataset: DoNothingDataset
            	 Accelerate Processes: 1 


INFO     Successfully loaded Abra model
ERROR    Error translating battle to observation: 
WARNING  Failed to get priors for battle: 
ERROR    Error translating battle to observation: 
WARNING  Failed to get priors for battle: 
ERROR    Error translating battle to observation: 
WARNING  Failed to get priors for battle: 
ERROR    Error translating battle to observation: 
WARNING  Failed to get priors for battle: 
INFO     Successfully computed neural priors for 0/4 battles
INFO     Using PUCT-guided move selection (priors integrated during search)...
INFO     Policy 0: nastyplot visited 46.3% avg_score=0.488 sample_chance_multiplier=0.25
INFO     Policy 1: switch ribombee visited 55.37% avg_score=0.521 sample_chance_multiplier=0.25
INFO     Policy 2: switch ribombee visited 47.14% avg_score=0.476 sample_chance_multiplier=0.25
INFO     Policy 3: switch wochien visited 86.38% avg_score=0.382 sample_chance_multiplier=0.25
INFO     Considered Choices:
INFO     	28.311%: switch ribombee
INFO     	24.596%: switch wochien
INFO     Choice: switch ribombee
INFO     ribombee switched in, adding intimidate to impossible abilities
INFO     ribombee switched in, adding pressure to impossible abilities
INFO     ribombee switched in, adding neutralizinggas to impossible abilities
INFO     ribombee switched in, adding sandstream to impossible abilities
INFO     ribombee switched in, adding drought to impossible abilities
INFO     ribombee switched in, adding drizzle to impossible abilities
INFO     ribombee switched in, adding snowwarning to impossible abilities
INFO     ribombee switched in, adding boosterenergy to impossible items
INFO     ribombee switched in, adding airballoon to impossible items
INFO     swampert used a ground move, removing groundgem from possible items
INFO     Setting swampert's last used move: earthquake
INFO     swampert used a damaging move - not guessing lifeorb anymore
INFO     swampert did 34.47% damage to ribombee with earthquake
INFO     
INFO     Turn: 2
INFO     Sampling battle 0
INFO     	       swampert         damp    leftovers [earthquake, knockoff, stealthrock, yawn] ttype=steel
INFO     Sampling 5 unrevealed pokemon
INFO     	     hitmonchan     ironfist    leftovers [bulkup, drainpunch, knockoff, poisonjab] ttype=steel
INFO     	        yanmega   speedboost heavydutyboots [airslash, bugbuzz, protect, terablast] ttype=ground
INFO     	   arceusflying    multitype     skyplate [calmmind, earthpower, judgment, recover] ttype=steel
INFO     	      regieleki   transistor       magnet [rapidspin, terablast, thunderbolt, voltswitch] ttype=ice
INFO     	 sandslashalola    slushrush    leftovers [earthquake, ironhead, spikes, tripleaxel] ttype=water
INFO     Sampling battle 1
INFO     	       swampert         damp    leftovers [earthquake, icebeam, roar, stealthrock] ttype=steel
INFO     Sampling 5 unrevealed pokemon
INFO     	         zapdos       static heavydutyboots [discharge, hurricane, roost, uturn] ttype=electric
INFO     	      girafarig    sapsipper     eviolite [dazzlinggleam, nastyplot, psyshock, shadowball] ttype=psychic
INFO     	landorustherian   intimidate    leftovers [earthquake, stealthrock, taunt, uturn] ttype=water
INFO     	 arceuselectric    multitype     zapplate [calmmind, icebeam, judgment, recover] ttype=electric
INFO     	 decidueyehisui      scrappy    leftovers [leafblade, roost, swordsdance, triplearrows] ttype=water
INFO     Searching for a move using PUCT MCTS with neural priors...
INFO     Sampling 2 battles at 500ms each
INFO     Computing neural priors for all battles...
INFO     Initialized StateTranslator with TeamPreviewObservationSpace
INFO     Initializing LocalPolicyProvider with model: Abra
INFO     Loading pretrained Abra model...
INFO     CUDA not available - overriding FlashAttention with VanillaAttention
[91mWarning: Using unofficial VanillaAttention implementation[0m


 		 AMAGO v3.1
            	 -------------------------
            	 Agent: MultiTaskAgent
            		 Max Sequence Length: 200
            		 TstepEncoder Type: MetamonTstepEncoder
            		 TrajEncoder Type: TformerTrajEncoder
            		 Total Parameters: 57,535,116
            		 Offline Loss Weight: 1.0
            		 Online Loss Weight: 0.0
            		 Mixed Precision: NO
            		 Checkpoint Path: /Users/yadureddy/Documents/GitHub/clean/pokeagent_ac_mcts/.metamon_cache/pretrained_models/models--jakegrigsby--metamon/snapshots/c5d1cb9abb6747066a325228845a5a8af3d12139/abra/abra/ckpts
            	 Environment:
            		 DummyAsyncVectorEnv(Gym Env x 1)
            		 Exploration Type: None
            	 Dataset: DoNothingDataset
            	 Accelerate Processes: 1 


INFO     Successfully loaded Abra model
ERROR    Error translating battle to observation: 
WARNING  Failed to get priors for battle: 
ERROR    Error translating battle to observation: 
WARNING  Failed to get priors for battle: 
INFO     Successfully computed neural priors for 0/2 battles
INFO     Using PUCT-guided move selection (priors integrated during search)...
INFO     Policy 0: stickyweb visited 64.96% avg_score=0.622 sample_chance_multiplier=0.5
INFO     Policy 1: stickyweb visited 97.95% avg_score=0.615 sample_chance_multiplier=0.5
INFO     Considered Choices:
INFO     	81.454%: stickyweb
INFO     Choice: stickyweb
INFO     Updated swampert's max speed to 254
INFO     ribombee already has the move stickyweb. Decrementing the PP by 1
INFO     ribombee used a status-move. Adding `assaultvest` to impossible items
INFO     Setting ribombee's last used move: stickyweb
INFO     Incremented side condition stickyweb to 1 for swampert
INFO     swampert already has the move earthquake. Decrementing the PP by 1
INFO     swampert used a ground move, removing groundgem from possible items
INFO     Setting swampert's last used move: earthquake
INFO     swampert used a damaging move - not guessing lifeorb anymore
INFO     swampert did 33.19% damage to ribombee with earthquake
INFO     
INFO     Turn: 3
INFO     Sampling battle 0
INFO     	       swampert      torrent  assaultvest [earthquake, flipturn, icebeam, knockoff] ttype=steel
INFO     Sampling 5 unrevealed pokemon
INFO     	      mismagius     levitate  choicespecs [energyball, mysticalfire, shadowball, thunderbolt] ttype=electric
INFO     	      vespiquen     pressure heavydutyboots [airslash, roost, toxic, uturn] ttype=steel
INFO     	        seviper  infiltrator      lifeorb [earthquake, flamethrower, glare, gunkshot] ttype=ground
INFO     	       rotomfan     levitate heavydutyboots [airslash, thunderbolt, voltswitch, willowisp] ttype=electric
INFO     	       gumshoos     stakeout   choiceband [doubleedge, earthquake, knockoff, uturn] ttype=normal
INFO     Sampling battle 1
INFO     	       swampert         damp    leftovers [earthquake, knockoff, stealthrock, yawn] ttype=poison
INFO     Sampling 5 unrevealed pokemon
INFO     	       greninja      protean      lifeorb [darkpulse, gunkshot, hydropump, toxicspikes] ttype=water
INFO     	    kyuremblack     teravolt   loadeddice [dragondance, iciclespear, scaleshot, terablast] ttype=ground
INFO     	        sableye    prankster    leftovers [encore, knockoff, recover, willowisp] ttype=steel
INFO     	       enamorus     contrary heavydutyboots [playrough, superpower, taunt, zenheadbutt] ttype=fighting
INFO     	     gothitelle    shadowtag    leftovers [calmmind, darkpulse, focusblast, psychicnoise] ttype=flying
INFO     Searching for a move using PUCT MCTS with neural priors...
INFO     Sampling 2 battles at 500ms each
INFO     Computing neural priors for all battles...
INFO     Initialized StateTranslator with TeamPreviewObservationSpace
INFO     Initializing LocalPolicyProvider with model: Abra
INFO     Loading pretrained Abra model...
INFO     CUDA not available - overriding FlashAttention with VanillaAttention
[91mWarning: Using unofficial VanillaAttention implementation[0m


 		 AMAGO v3.1
            	 -------------------------
            	 Agent: MultiTaskAgent
            		 Max Sequence Length: 200
            		 TstepEncoder Type: MetamonTstepEncoder
            		 TrajEncoder Type: TformerTrajEncoder
            		 Total Parameters: 57,535,116
            		 Offline Loss Weight: 1.0
            		 Online Loss Weight: 0.0
            		 Mixed Precision: NO
            		 Checkpoint Path: /Users/yadureddy/Documents/GitHub/clean/pokeagent_ac_mcts/.metamon_cache/pretrained_models/models--jakegrigsby--metamon/snapshots/c5d1cb9abb6747066a325228845a5a8af3d12139/abra/abra/ckpts
            	 Environment:
            		 DummyAsyncVectorEnv(Gym Env x 1)
            		 Exploration Type: None
            	 Dataset: DoNothingDataset
            	 Accelerate Processes: 1 


INFO     Successfully loaded Abra model
ERROR    Error translating battle to observation: 
WARNING  Failed to get priors for battle: 
ERROR    Error translating battle to observation: 
WARNING  Failed to get priors for battle: 
INFO     Successfully computed neural priors for 0/2 battles
INFO     Using PUCT-guided move selection (priors integrated during search)...
INFO     Policy 0: uturn visited 97.36% avg_score=0.51 sample_chance_multiplier=0.5
INFO     Policy 1: switch eelektross visited 95.45% avg_score=0.513 sample_chance_multiplier=0.5
INFO     Considered Choices:
INFO     	48.938%: uturn
INFO     	47.912%: switch eelektross
INFO     Choice: uturn
INFO     ribombee already has the move uturn. Decrementing the PP by 1
INFO     ribombee used a bug move, removing buggem from possible items
INFO     Setting ribombee's last used move: uturn
INFO     ribombee used a damaging move - not guessing lifeorb anymore
INFO     ribombee did 15.0% damage to swampert with uturn
INFO     Sampling battle 0
INFO     	       swampert         damp    leftovers [earthquake, icebeam, knockoff, roar] ttype=poison
INFO     Sampling 5 unrevealed pokemon
INFO     	        malamar     contrary  chestoberry [knockoff, psychocut, rest, superpower] ttype=steel
INFO     	      meowsticf  competitive      lifeorb [alluringvoice, nastyplot, psychic, thunderbolt] ttype=fairy
INFO     	       virizion    justified      lifeorb [closecombat, leafblade, stoneedge, swordsdance] ttype=rock
INFO     	   zoroarkhisui     illusion  choicespecs [bittermalice, flamethrower, hypervoice, trick] ttype=normal
INFO     	        okidogi   toxicchain    leftovers [bulkup, drainpunch, gunkshot, knockoff] ttype=dark
INFO     Sampling battle 1
INFO     	       swampert         damp    leftovers [earthquake, icebeam, knockoff, roar] ttype=steel
INFO     Sampling 5 unrevealed pokemon
INFO     	      girafarig    sapsipper     eviolite [dazzlinggleam, nastyplot, psyshock, thunderbolt] ttype=fairy
INFO     	       lurantis     contrary  assaultvest [knockoff, leafstorm, leechlife, superpower] ttype=steel
INFO     	  arceuspsychic    multitype    mindplate [bodypress, cosmicpower, recover, storedpower] ttype=steel
INFO     	        carbink       sturdy  chestoberry [bodypress, irondefense, moonblast, rest] ttype=fighting
INFO     	     bombirdier rockypayload   choiceband [bravebird, knockoff, stoneedge, uturn] ttype=rock
INFO     Searching for a move using PUCT MCTS with neural priors...
INFO     Sampling 2 battles at 500ms each
INFO     Computing neural priors for all battles...
INFO     Initialized StateTranslator with TeamPreviewObservationSpace
INFO     Initializing LocalPolicyProvider with model: Abra
INFO     Loading pretrained Abra model...
INFO     CUDA not available - overriding FlashAttention with VanillaAttention
[91mWarning: Using unofficial VanillaAttention implementation[0m


 		 AMAGO v3.1
            	 -------------------------
            	 Agent: MultiTaskAgent
            		 Max Sequence Length: 200
            		 TstepEncoder Type: MetamonTstepEncoder
            		 TrajEncoder Type: TformerTrajEncoder
            		 Total Parameters: 57,535,116
            		 Offline Loss Weight: 1.0
            		 Online Loss Weight: 0.0
            		 Mixed Precision: NO
            		 Checkpoint Path: /Users/yadureddy/Documents/GitHub/clean/pokeagent_ac_mcts/.metamon_cache/pretrained_models/models--jakegrigsby--metamon/snapshots/c5d1cb9abb6747066a325228845a5a8af3d12139/abra/abra/ckpts
            	 Environment:
            		 DummyAsyncVectorEnv(Gym Env x 1)
            		 Exploration Type: None
            	 Dataset: DoNothingDataset
            	 Accelerate Processes: 1 


INFO     Successfully loaded Abra model
ERROR    Error translating battle to observation: 
WARNING  Failed to get priors for battle: 
ERROR    Error translating battle to observation: 
WARNING  Failed to get priors for battle: 
INFO     Successfully computed neural priors for 0/2 battles
INFO     Using PUCT-guided move selection (priors integrated during search)...
INFO     Policy 0: switch eelektross visited 95.88% avg_score=0.521 sample_chance_multiplier=0.5
INFO     Policy 1: switch eelektross visited 93.56% avg_score=0.444 sample_chance_multiplier=0.5
INFO     Considered Choices:
INFO     	94.721%: switch eelektross
INFO     Choice: switch eelektross
INFO     eelektross switched in, adding intimidate to impossible abilities
INFO     eelektross switched in, adding pressure to impossible abilities
INFO     eelektross switched in, adding neutralizinggas to impossible abilities
INFO     eelektross switched in, adding sandstream to impossible abilities
INFO     eelektross switched in, adding drought to impossible abilities
INFO     eelektross switched in, adding drizzle to impossible abilities
INFO     eelektross switched in, adding snowwarning to impossible abilities
INFO     eelektross switched in, adding boosterenergy to impossible items
INFO     eelektross switched in, adding airballoon to impossible items
INFO     swampert used two different moves - it cannot have a choice item
INFO     swampert used a ice move, removing icegem from possible items
INFO     Setting swampert's last used move: icebeam
INFO     swampert used a damaging move - not guessing lifeorb anymore
INFO     swampert did 13.79% damage to eelektross with icebeam
INFO     Setting swampert's item to: leftovers
INFO     swampert has less than maxhp during upkeep, no longer guessing leftovers or blacksludge
INFO     
INFO     Turn: 4
INFO     Sampling battle 0
INFO     	       swampert         damp    leftovers [earthquake, icebeam, roar, stealthrock] ttype=poison
INFO     Sampling 5 unrevealed pokemon
INFO     	       cacturne  waterabsorb      lifeorb [knockoff, leafstorm, spikes, suckerpunch] ttype=dark
INFO     	        dugtrio    arenatrap      lifeorb [earthquake, stoneedge, suckerpunch, swordsdance] ttype=fairy
INFO     	        noivern  infiltrator  choicespecs [dracometeor, flamethrower, hurricane, uturn] ttype=fire
INFO     	        wyrdeer   intimidate    leftovers [earthquake, megahorn, psychicnoise, thunderwave] ttype=ground
INFO     	        umbreon  synchronize    leftovers [foulplay, protect, toxic, wish] ttype=poison
INFO     Sampling battle 1
INFO     	       swampert         damp    leftovers [earthquake, icebeam, knockoff, roar] ttype=poison
INFO     Sampling 5 unrevealed pokemon
INFO     	       ursaluna         guts     flameorb [crunch, facade, headlongrush, swordsdance] ttype=normal
INFO     	        beartic    slushrush heavydutyboots [closecombat, earthquake, iciclecrash, swordsdance] ttype=ground
INFO     	       vaporeon  waterabsorb    leftovers [protect, roar, scald, wish] ttype=ground
INFO     	  articunogalar  competitive heavydutyboots [calmmind, freezingglare, hurricane, recover] ttype=steel
INFO     	      probopass   magnetpull  chestoberry [bodypress, irondefense, powergem, rest] ttype=fighting
INFO     Searching for a move using PUCT MCTS with neural priors...
INFO     Sampling 2 battles at 500ms each
INFO     Computing neural priors for all battles...
INFO     Initialized StateTranslator with TeamPreviewObservationSpace
INFO     Initializing LocalPolicyProvider with model: Abra
INFO     Loading pretrained Abra model...
INFO     CUDA not available - overriding FlashAttention with VanillaAttention
[91mWarning: Using unofficial VanillaAttention implementation[0m


 		 AMAGO v3.1
            	 -------------------------
            	 Agent: MultiTaskAgent
            		 Max Sequence Length: 200
            		 TstepEncoder Type: MetamonTstepEncoder
            		 TrajEncoder Type: TformerTrajEncoder
            		 Total Parameters: 57,535,116
            		 Offline Loss Weight: 1.0
            		 Online Loss Weight: 0.0
            		 Mixed Precision: NO
            		 Checkpoint Path: /Users/yadureddy/Documents/GitHub/clean/pokeagent_ac_mcts/.metamon_cache/pretrained_models/models--jakegrigsby--metamon/snapshots/c5d1cb9abb6747066a325228845a5a8af3d12139/abra/abra/ckpts
            	 Environment:
            		 DummyAsyncVectorEnv(Gym Env x 1)
            		 Exploration Type: None
            	 Dataset: DoNothingDataset
            	 Accelerate Processes: 1 


INFO     Successfully loaded Abra model
ERROR    Error translating battle to observation: 
WARNING  Failed to get priors for battle: 
ERROR    Error translating battle to observation: 
WARNING  Failed to get priors for battle: 
INFO     Successfully computed neural priors for 0/2 battles
INFO     Using PUCT-guided move selection (priors integrated during search)...
INFO     Policy 0: gigadrain visited 69.5% avg_score=0.619 sample_chance_multiplier=0.5
INFO     Policy 1: discharge visited 36.17% avg_score=0.517 sample_chance_multiplier=0.5
INFO     Considered Choices:
INFO     	47.768%: gigadrain
INFO     Choice: gigadrain
INFO     Updated swampert's min speed to 137
INFO     swampert already has the move icebeam. Decrementing the PP by 1
INFO     swampert used a ice move, removing icegem from possible items
INFO     Setting swampert's last used move: icebeam
INFO     swampert used a damaging move - not guessing lifeorb anymore
INFO     swampert did 12.76% damage to eelektross with icebeam
INFO     eelektross already has the move gigadrain. Decrementing the PP by 1
INFO     eelektross used a grass move, removing grassgem from possible items
INFO     Setting eelektross's last used move: gigadrain
INFO     eelektross used a damaging move - not guessing lifeorb anymore
INFO     eelektross did 84.0% damage to swampert with gigadrain
WARNING  Would remove all possibilities, not removing any
WARNING  actual_damage_dealt=253.67999999999998
INFO     Setting swampert's item to: leftovers
INFO     swampert has less than maxhp during upkeep, no longer guessing leftovers or blacksludge
INFO     
INFO     Turn: 5
INFO     Sampling battle 0
INFO     	       swampert      torrent    leftovers [earthquake, flipturn, icebeam, yawn] ttype=poison
INFO     Sampling 5 unrevealed pokemon
INFO     	       maushold   technician     widelens [bite, encore, populationbomb, tidyup] ttype=normal
INFO     	    stonjourner    powerspot      lifeorb [earthquake, heatcrash, stealthrock, stoneedge] ttype=ground
INFO     	   lycanrocdusk   toughclaws      lifeorb [accelerock, closecombat, stoneedge, swordsdance] ttype=fighting
INFO     	       alcremie    aromaveil    leftovers [acidarmor, calmmind, dazzlinggleam, recover] ttype=steel
INFO     	      pecharunt poisonpuppeteer    leftovers [malignantchain, partingshot, recover, shadowball] ttype=dark
INFO     Sampling battle 1
INFO     	       swampert         damp    leftovers [earthquake, icebeam, knockoff, stealthrock] ttype=poison
INFO     Sampling 5 unrevealed pokemon
INFO     	       ironmoth   quarkdrive heavydutyboots [fierydance, sludgewave, toxicspikes, uturn] ttype=fire
INFO     	           uxie     levitate    leftovers [knockoff, psychicnoise, stealthrock, thunderwave] ttype=steel
INFO     	   arceusdragon    multitype   dracoplate [calmmind, fireblast, judgment, recover] ttype=fire
INFO     	  calyrexshadow asone(spectrier)      lifeorb [astralbarrage, nastyplot, pollenpuff, psyshock] ttype=dark
INFO     	    fezandipiti   toxicchain    leftovers [beatup, gunkshot, moonblast, roost] ttype=water
INFO     Searching for a move using PUCT MCTS with neural priors...
INFO     Sampling 2 battles at 500ms each
INFO     Computing neural priors for all battles...
INFO     Initialized StateTranslator with TeamPreviewObservationSpace
INFO     Initializing LocalPolicyProvider with model: Abra
INFO     Loading pretrained Abra model...
INFO     CUDA not available - overriding FlashAttention with VanillaAttention
[91mWarning: Using unofficial VanillaAttention implementation[0m


 		 AMAGO v3.1
            	 -------------------------
            	 Agent: MultiTaskAgent
            		 Max Sequence Length: 200
            		 TstepEncoder Type: MetamonTstepEncoder
            		 TrajEncoder Type: TformerTrajEncoder
            		 Total Parameters: 57,535,116
            		 Offline Loss Weight: 1.0
            		 Online Loss Weight: 0.0
            		 Mixed Precision: NO
            		 Checkpoint Path: /Users/yadureddy/Documents/GitHub/clean/pokeagent_ac_mcts/.metamon_cache/pretrained_models/models--jakegrigsby--metamon/snapshots/c5d1cb9abb6747066a325228845a5a8af3d12139/abra/abra/ckpts
            	 Environment:
            		 DummyAsyncVectorEnv(Gym Env x 1)
            		 Exploration Type: None
            	 Dataset: DoNothingDataset
            	 Accelerate Processes: 1 


INFO     Successfully loaded Abra model
ERROR    Error translating battle to observation: 
WARNING  Failed to get priors for battle: 
ERROR    Error translating battle to observation: 
WARNING  Failed to get priors for battle: 
INFO     Successfully computed neural priors for 0/2 battles
INFO     Using PUCT-guided move selection (priors integrated during search)...
INFO     Policy 0: discharge visited 92.32% avg_score=0.437 sample_chance_multiplier=0.5
INFO     Policy 1: switch spectrier visited 43.58% avg_score=0.514 sample_chance_multiplier=0.5
INFO     Considered Choices:
INFO     	46.371%: discharge
INFO     Choice: discharge
INFO     Updated swampert's min speed to 137
INFO     swampert already has the move icebeam. Decrementing the PP by 1
INFO     swampert used a ice move, removing icegem from possible items
INFO     Setting swampert's last used move: icebeam
INFO     swampert used a damaging move - not guessing lifeorb anymore
INFO     swampert did 14.14% damage to eelektross with icebeam
INFO     eelektross already has the move discharge. Decrementing the PP by 1
INFO     eelektross used a electric move, removing electricgem from possible items
INFO     Setting eelektross's last used move: discharge
INFO     eelektross used a damaging move - not guessing lifeorb anymore
INFO     Setting swampert's item to: leftovers
INFO     swampert has less than maxhp during upkeep, no longer guessing leftovers or blacksludge
INFO     
INFO     Turn: 6
INFO     Sampling battle 0
INFO     	       swampert         damp    leftovers [earthquake, icebeam, knockoff, yawn] ttype=poison
INFO     Sampling 5 unrevealed pokemon
INFO     	         raichu lightningrod    focussash [focusblast, grassknot, nastyplot, thunderbolt] ttype=grass
INFO     	       espathra   speedboost  choicespecs [dazzlinggleam, luminacrash, shadowball, uturn] ttype=fairy
INFO     	      terrakion    justified   choiceband [closecombat, earthquake, quickattack, stoneedge] ttype=ground
INFO     	    fluttermane protosynthesis      lifeorb [calmmind, moonblast, mysticalfire, shadowball] ttype=fairy
INFO     	taurospaldeablaze      cudchew  sitrusberry [bulkup, closecombat, ragingbull, substitute] ttype=water
INFO     Sampling battle 1
INFO     	       swampert         damp    leftovers [earthquake, icebeam, knockoff, yawn] ttype=steel
INFO     Sampling 5 unrevealed pokemon
INFO     	      meowsticf  competitive      lifeorb [alluringvoice, darkpulse, nastyplot, psychic] ttype=fairy
INFO     	         klefki    prankster    leftovers [magnetrise, playrough, spikes, thunderwave] ttype=water
INFO     	  articunogalar  competitive heavydutyboots [calmmind, freezingglare, hurricane, recover] ttype=steel
INFO     	     forretress       sturdy    leftovers [bodypress, ironhead, rapidspin, stealthrock] ttype=fighting
INFO     	      bellossom  chlorophyll    leftovers [gigadrain, quiverdance, strengthsap, terablast] ttype=rock
INFO     Searching for a move using PUCT MCTS with neural priors...
INFO     Sampling 2 battles at 500ms each
INFO     Computing neural priors for all battles...
INFO     Initialized StateTranslator with TeamPreviewObservationSpace
INFO     Initializing LocalPolicyProvider with model: Abra
INFO     Loading pretrained Abra model...
INFO     CUDA not available - overriding FlashAttention with VanillaAttention
[91mWarning: Using unofficial VanillaAttention implementation[0m


 		 AMAGO v3.1
            	 -------------------------
            	 Agent: MultiTaskAgent
            		 Max Sequence Length: 200
            		 TstepEncoder Type: MetamonTstepEncoder
            		 TrajEncoder Type: TformerTrajEncoder
            		 Total Parameters: 57,535,116
            		 Offline Loss Weight: 1.0
            		 Online Loss Weight: 0.0
            		 Mixed Precision: NO
            		 Checkpoint Path: /Users/yadureddy/Documents/GitHub/clean/pokeagent_ac_mcts/.metamon_cache/pretrained_models/models--jakegrigsby--metamon/snapshots/c5d1cb9abb6747066a325228845a5a8af3d12139/abra/abra/ckpts
            	 Environment:
            		 DummyAsyncVectorEnv(Gym Env x 1)
            		 Exploration Type: None
            	 Dataset: DoNothingDataset
            	 Accelerate Processes: 1 


INFO     Successfully loaded Abra model
ERROR    Error translating battle to observation: 
WARNING  Failed to get priors for battle: 
ERROR    Error translating battle to observation: 
WARNING  Failed to get priors for battle: 
INFO     Successfully computed neural priors for 0/2 battles
INFO     Using PUCT-guided move selection (priors integrated during search)...
INFO     Policy 0: uturn visited 95.39% avg_score=0.636 sample_chance_multiplier=0.5
INFO     Policy 1: uturn visited 51.98% avg_score=0.564 sample_chance_multiplier=0.5
INFO     Considered Choices:
INFO     	73.688%: uturn
INFO     Choice: uturn
INFO     Updated swampert's min speed to 137
INFO     swampert already has the move icebeam. Decrementing the PP by 1
INFO     swampert used a ice move, removing icegem from possible items
INFO     Setting swampert's last used move: icebeam
INFO     swampert used a damaging move - not guessing lifeorb anymore
INFO     swampert did 14.829999999999998% damage to eelektross with icebeam
INFO     eelektross already has the move uturn. Decrementing the PP by 1
INFO     eelektross used a bug move, removing buggem from possible items
INFO     Setting eelektross's last used move: uturn
INFO     eelektross used a damaging move - not guessing lifeorb anymore
INFO     eelektross did 19.0% damage to swampert with uturn
INFO     Sampling battle 0
INFO     	       swampert      torrent    leftovers [earthquake, flipturn, icebeam, roar] ttype=steel
INFO     Sampling 5 unrevealed pokemon
INFO     	      poliwrath  waterabsorb    leftovers [bulkup, drainpunch, icepunch, liquidation] ttype=water
INFO     	       mudsdale      stamina    leftovers [earthquake, heavyslam, roar, stoneedge] ttype=steel
INFO     	    kyuremblack     teravolt   loadeddice [dragondance, fusionbolt, iciclespear, scaleshot] ttype=electric
INFO     	  arceuspsychic    multitype    mindplate [bodypress, cosmicpower, recover, storedpower] ttype=steel
INFO     	      abomasnow  snowwarning    lightclay [auroraveil, blizzard, earthquake, woodhammer] ttype=ice
INFO     Sampling battle 1
INFO     	       swampert      torrent    leftovers [earthquake, flipturn, icebeam, yawn] ttype=poison
INFO     Sampling 5 unrevealed pokemon
INFO     	       indeedee psychicsurge  choicescarf [dazzlinggleam, expandingforce, hypervoice, shadowball] ttype=psychic
INFO     	      salamence        moxie heavydutyboots [dragondance, dualwingbeat, earthquake, outrage] ttype=steel
INFO     	        weavile   pickpocket   choiceband [iceshard, knockoff, lowkick, tripleaxel] ttype=ice
INFO     	        palafin   zerotohero    leftovers [bulkup, drainpunch, jetpunch, wavecrash] ttype=dragon
INFO     	     bombirdier rockypayload   choiceband [bravebird, knockoff, stoneedge, uturn] ttype=rock
INFO     Searching for a move using PUCT MCTS with neural priors...
INFO     Sampling 2 battles at 500ms each
INFO     Computing neural priors for all battles...
INFO     Initialized StateTranslator with TeamPreviewObservationSpace
INFO     Initializing LocalPolicyProvider with model: Abra
INFO     Loading pretrained Abra model...
INFO     CUDA not available - overriding FlashAttention with VanillaAttention
[91mWarning: Using unofficial VanillaAttention implementation[0m


 		 AMAGO v3.1
            	 -------------------------
            	 Agent: MultiTaskAgent
            		 Max Sequence Length: 200
            		 TstepEncoder Type: MetamonTstepEncoder
            		 TrajEncoder Type: TformerTrajEncoder
            		 Total Parameters: 57,535,116
            		 Offline Loss Weight: 1.0
            		 Online Loss Weight: 0.0
            		 Mixed Precision: NO
            		 Checkpoint Path: /Users/yadureddy/Documents/GitHub/clean/pokeagent_ac_mcts/.metamon_cache/pretrained_models/models--jakegrigsby--metamon/snapshots/c5d1cb9abb6747066a325228845a5a8af3d12139/abra/abra/ckpts
            	 Environment:
            		 DummyAsyncVectorEnv(Gym Env x 1)
            		 Exploration Type: None
            	 Dataset: DoNothingDataset
            	 Accelerate Processes: 1 


INFO     Successfully loaded Abra model
ERROR    Error translating battle to observation: 
WARNING  Failed to get priors for battle: 
ERROR    Error translating battle to observation: 
WARNING  Failed to get priors for battle: 
INFO     Successfully computed neural priors for 0/2 battles
INFO     Using PUCT-guided move selection (priors integrated during search)...
INFO     Policy 0: switch magnezone visited 98.23% avg_score=0.503 sample_chance_multiplier=0.5
INFO     Policy 1: switch ribombee visited 91.49% avg_score=0.53 sample_chance_multiplier=0.5
INFO     Considered Choices:
INFO     	49.333%: switch magnezone
INFO     	45.99%: switch ribombee
INFO     Choice: switch magnezone
INFO     magnezone switched in, adding intimidate to impossible abilities
INFO     magnezone switched in, adding pressure to impossible abilities
INFO     magnezone switched in, adding neutralizinggas to impossible abilities
INFO     magnezone switched in, adding sandstream to impossible abilities
INFO     magnezone switched in, adding drought to impossible abilities
INFO     magnezone switched in, adding drizzle to impossible abilities
INFO     magnezone switched in, adding snowwarning to impossible abilities
INFO     magnezone switched in, adding boosterenergy to impossible items
INFO     magnezone switched in, adding airballoon to impossible items
INFO     swampert has less than maxhp during upkeep, no longer guessing leftovers or blacksludge
INFO     Opponent has switched - clearing the last used move
INFO     clodsire switched in, adding intimidate to impossible abilities
INFO     clodsire switched in, adding pressure to impossible abilities
INFO     clodsire switched in, adding neutralizinggas to impossible abilities
INFO     clodsire switched in, adding sandstream to impossible abilities
INFO     clodsire switched in, adding drought to impossible abilities
INFO     clodsire switched in, adding drizzle to impossible abilities
INFO     clodsire switched in, adding snowwarning to impossible abilities
INFO     clodsire switched in, adding boosterenergy to impossible items
INFO     clodsire switched in, adding airballoon to impossible items
INFO     clodsire's speed was unboosted by 1 to -1
INFO     
INFO     Turn: 7
INFO     Sampling battle 0
INFO     	       clodsire      unaware    leftovers [earthquake, gunkshot, recover, toxic] ttype=flying
INFO     Sampling 4 unrevealed pokemon
INFO     	  samurotthisui    sharpness   choiceband [ceaselessedge, flipturn, razorshell, suckerpunch] ttype=poison
INFO     	ogerponhearthflame  moldbreaker hearthflamemask [hornleech, ivycudgel, stompingtantrum, swordsdance] ttype=fire
INFO     	    fluttermane protosynthesis  choicespecs [moonblast, mysticalfire, psyshock, shadowball] ttype=fairy
INFO     	        mesprit     levitate    leftovers [encore, knockoff, psychicnoise, uturn] ttype=dark
INFO     Sampling battle 1
INFO     	       clodsire      unaware    leftovers [earthquake, poisonjab, recover, toxicspikes] ttype=steel
INFO     Sampling 4 unrevealed pokemon
INFO     	      gholdengo   goodasgold    leftovers [makeitrain, recover, shadowball, thunderwave] ttype=water
INFO     	      exeggutor      harvest  sitrusberry [leechseed, psychicnoise, sleeppowder, substitute] ttype=steel
INFO     	       samurott      torrent      lifeorb [knockoff, liquidation, megahorn, swordsdance] ttype=dark
INFO     	     calyrexice asone(glastrier) heavydutyboots [closecombat, glaciallance, highhorsepower, trickroom] ttype=fighting
INFO     Sampling battle 2
INFO     	       clodsire  waterabsorb    leftovers [curse, earthquake, poisonjab, recover] ttype=steel
INFO     Sampling 4 unrevealed pokemon
INFO     	      tatsugiri   stormdrain heavydutyboots [dracometeor, nastyplot, rapidspin, surf] ttype=water
INFO     	        zoroark     illusion  choicespecs [darkpulse, focusblast, sludgebomb, trick] ttype=poison
INFO     	       salazzle    corrosion    leftovers [flamethrower, protect, substitute, toxic] ttype=flying
INFO     	      arceusice    multitype  icicleplate [calmmind, earthpower, judgment, recover] ttype=ground
INFO     Sampling battle 3
INFO     	       clodsire      unaware    leftovers [earthquake, poisonjab, recover, toxic] ttype=steel
INFO     Sampling 4 unrevealed pokemon
INFO     	      blastoise      torrent    whiteherb [earthquake, hydropump, icebeam, shellsmash] ttype=ground
INFO     	      cresselia     levitate    leftovers [calmmind, moonblast, moonlight, psyshock] ttype=poison
INFO     	     scovillain  chlorophyll  choicescarf [energyball, flamethrower, leafstorm, overheat] ttype=grass
INFO     	       ironmoth   quarkdrive heavydutyboots [energyball, fierydance, morningsun, sludgewave] ttype=fire
INFO     Searching for a move using PUCT MCTS with neural priors...
INFO     Sampling 4 battles at 250ms each
INFO     Computing neural priors for all battles...
INFO     Initialized StateTranslator with TeamPreviewObservationSpace
INFO     Initializing LocalPolicyProvider with model: Abra
INFO     Loading pretrained Abra model...
INFO     CUDA not available - overriding FlashAttention with VanillaAttention
[91mWarning: Using unofficial VanillaAttention implementation[0m


 		 AMAGO v3.1
            	 -------------------------
            	 Agent: MultiTaskAgent
            		 Max Sequence Length: 200
            		 TstepEncoder Type: MetamonTstepEncoder
            		 TrajEncoder Type: TformerTrajEncoder
            		 Total Parameters: 57,535,116
            		 Offline Loss Weight: 1.0
            		 Online Loss Weight: 0.0
            		 Mixed Precision: NO
            		 Checkpoint Path: /Users/yadureddy/Documents/GitHub/clean/pokeagent_ac_mcts/.metamon_cache/pretrained_models/models--jakegrigsby--metamon/snapshots/c5d1cb9abb6747066a325228845a5a8af3d12139/abra/abra/ckpts
            	 Environment:
            		 DummyAsyncVectorEnv(Gym Env x 1)
            		 Exploration Type: None
            	 Dataset: DoNothingDataset
            	 Accelerate Processes: 1 


INFO     Successfully loaded Abra model
ERROR    Error translating battle to observation: 
WARNING  Failed to get priors for battle: 
ERROR    Error translating battle to observation: 
WARNING  Failed to get priors for battle: 
ERROR    Error translating battle to observation: 
WARNING  Failed to get priors for battle: 
ERROR    Error translating battle to observation: 
WARNING  Failed to get priors for battle: 
INFO     Successfully computed neural priors for 0/4 battles
INFO     Using PUCT-guided move selection (priors integrated during search)...
INFO     Policy 0: switch gothitelle visited 36.2% avg_score=0.417 sample_chance_multiplier=0.25
INFO     Policy 1: switch gothitelle visited 80.52% avg_score=0.451 sample_chance_multiplier=0.25
INFO     Policy 2: switch gothitelle visited 33.74% avg_score=0.417 sample_chance_multiplier=0.25
INFO     Policy 3: switch wochien visited 40.62% avg_score=0.401 sample_chance_multiplier=0.25
INFO     Considered Choices:
INFO     	41.995%: switch gothitelle
INFO     Choice: switch gothitelle
INFO     gothitelle switched in, adding intimidate to impossible abilities
INFO     gothitelle switched in, adding pressure to impossible abilities
INFO     gothitelle switched in, adding neutralizinggas to impossible abilities
INFO     gothitelle switched in, adding sandstream to impossible abilities
INFO     gothitelle switched in, adding drought to impossible abilities
INFO     gothitelle switched in, adding drizzle to impossible abilities
INFO     gothitelle switched in, adding snowwarning to impossible abilities
INFO     gothitelle switched in, adding boosterenergy to impossible items
INFO     gothitelle switched in, adding airballoon to impossible items
INFO     clodsire used a ground move, removing groundgem from possible items
INFO     Setting clodsire's last used move: earthquake
INFO     clodsire used a damaging move - not guessing lifeorb anymore
INFO     clodsire did 27.57% damage to gothitelle with earthquake
INFO     
INFO     Turn: 8
INFO     Sampling battle 0
INFO     	       clodsire  waterabsorb    leftovers [earthquake, recover, spikes, toxic] ttype=flying
INFO     Sampling 4 unrevealed pokemon
INFO     	      tatsugiri   stormdrain heavydutyboots [dracometeor, hydropump, nastyplot, rapidspin] ttype=water
INFO     	       alcremie    aromaveil    leftovers [acidarmor, alluringvoice, calmmind, recover] ttype=poison
INFO     	        sableye    prankster    leftovers [encore, knockoff, recover, willowisp] ttype=poison
INFO     	      terapagos    terashift heavydutyboots [calmmind, darkpulse, rapidspin, terastarstorm] ttype=stellar
INFO     Sampling battle 1
INFO     	       clodsire  waterabsorb    leftovers [earthquake, poisonjab, recover, toxic] ttype=flying
INFO     Sampling 4 unrevealed pokemon
INFO     	        breloom   technician      lifeorb [bulletseed, machpunch, spore, swordsdance] ttype=fighting
INFO     	      vespiquen     pressure heavydutyboots [hurricane, roost, spikes, toxicspikes] ttype=steel
INFO     	        pikachu lightningrod    lightball [knockoff, surf, voltswitch, volttackle] ttype=water
INFO     	      zebstrika    sapsipper      lifeorb [highhorsepower, overheat, supercellslam, voltswitch] ttype=ground
INFO     Searching for a move using PUCT MCTS with neural priors...
INFO     Sampling 2 battles at 500ms each
INFO     Computing neural priors for all battles...
INFO     Initialized StateTranslator with TeamPreviewObservationSpace
INFO     Initializing LocalPolicyProvider with model: Abra
INFO     Loading pretrained Abra model...
INFO     CUDA not available - overriding FlashAttention with VanillaAttention
[91mWarning: Using unofficial VanillaAttention implementation[0m


 		 AMAGO v3.1
            	 -------------------------
            	 Agent: MultiTaskAgent
            		 Max Sequence Length: 200
            		 TstepEncoder Type: MetamonTstepEncoder
            		 TrajEncoder Type: TformerTrajEncoder
            		 Total Parameters: 57,535,116
            		 Offline Loss Weight: 1.0
            		 Online Loss Weight: 0.0
            		 Mixed Precision: NO
            		 Checkpoint Path: /Users/yadureddy/Documents/GitHub/clean/pokeagent_ac_mcts/.metamon_cache/pretrained_models/models--jakegrigsby--metamon/snapshots/c5d1cb9abb6747066a325228845a5a8af3d12139/abra/abra/ckpts
            	 Environment:
            		 DummyAsyncVectorEnv(Gym Env x 1)
            		 Exploration Type: None
            	 Dataset: DoNothingDataset
            	 Accelerate Processes: 1 


INFO     Successfully loaded Abra model
ERROR    Error translating battle to observation: 
WARNING  Failed to get priors for battle: 
ERROR    Error translating battle to observation: 
WARNING  Failed to get priors for battle: 
INFO     Successfully computed neural priors for 0/2 battles
INFO     Using PUCT-guided move selection (priors integrated during search)...
INFO     Policy 0: psychic visited 95.88% avg_score=0.477 sample_chance_multiplier=0.5
INFO     Policy 1: psychic visited 98.74% avg_score=0.607 sample_chance_multiplier=0.5
INFO     Considered Choices:
INFO     	97.308%: psychic
INFO     Choice: psychic
INFO     Updated clodsire's max speed to 378
INFO     gothitelle already has the move psychic. Decrementing the PP by 1
INFO     gothitelle used a psychic move, removing psychicgem from possible items
INFO     Setting gothitelle's last used move: psychic
INFO     gothitelle used a damaging move - not guessing lifeorb anymore
INFO     gothitelle did 56.99999999999999% damage to clodsire with psychic
INFO     clodsire used two different moves - it cannot have a choice item
INFO     clodsire used a status-move. Adding `assaultvest` to impossible items
INFO     Setting clodsire's last used move: stealthrock
INFO     Incremented side condition stealthrock to 1 for gothitelle
INFO     Setting clodsire's item to: leftovers
INFO     clodsire has less than maxhp during upkeep, no longer guessing leftovers or blacksludge
INFO     
INFO     Turn: 9
INFO     Sampling battle 0
INFO     	       clodsire  waterabsorb    leftovers [earthquake, gunkshot, recover, stealthrock] ttype=steel
INFO     Sampling 4 unrevealed pokemon
INFO     	      mismagius     levitate  choicespecs [energyball, shadowball, thunderbolt, trick] ttype=electric
INFO     	       mukalola  poisontouch  assaultvest [drainpunch, knockoff, poisonjab, shadowsneak] ttype=dark
INFO     	      ironhands   quarkdrive  assaultvest [drainpunch, heavyslam, voltswitch, wildcharge] ttype=fighting
INFO     	         zacian intrepidsword      lifeorb [closecombat, playrough, psychicfangs, swordsdance] ttype=fighting
INFO     Sampling battle 1
INFO     	       clodsire  waterabsorb    leftovers [earthquake, poisonjab, recover, stealthrock] ttype=flying
INFO     Sampling 4 unrevealed pokemon
INFO     	     screamtail protosynthesis    leftovers [playrough, protect, thunderwave, wish] ttype=steel
INFO     	 keldeoresolute    justified      lifeorb [airslash, calmmind, hydropump, secretsword] ttype=water
INFO     	         emboar     reckless    leftovers [bulkup, drainpunch, flareblitz, trailblaze] ttype=fighting
INFO     	      lilligant  chlorophyll      lifeorb [gigadrain, quiverdance, sleeppowder, terablast] ttype=rock
INFO     Searching for a move using PUCT MCTS with neural priors...
INFO     Sampling 2 battles at 500ms each
INFO     Computing neural priors for all battles...
INFO     Initialized StateTranslator with TeamPreviewObservationSpace
INFO     Initializing LocalPolicyProvider with model: Abra
INFO     Loading pretrained Abra model...
INFO     CUDA not available - overriding FlashAttention with VanillaAttention
[91mWarning: Using unofficial VanillaAttention implementation[0m


 		 AMAGO v3.1
            	 -------------------------
            	 Agent: MultiTaskAgent
            		 Max Sequence Length: 200
            		 TstepEncoder Type: MetamonTstepEncoder
            		 TrajEncoder Type: TformerTrajEncoder
            		 Total Parameters: 57,535,116
            		 Offline Loss Weight: 1.0
            		 Online Loss Weight: 0.0
            		 Mixed Precision: NO
            		 Checkpoint Path: /Users/yadureddy/Documents/GitHub/clean/pokeagent_ac_mcts/.metamon_cache/pretrained_models/models--jakegrigsby--metamon/snapshots/c5d1cb9abb6747066a325228845a5a8af3d12139/abra/abra/ckpts
            	 Environment:
            		 DummyAsyncVectorEnv(Gym Env x 1)
            		 Exploration Type: None
            	 Dataset: DoNothingDataset
            	 Accelerate Processes: 1 


INFO     Successfully loaded Abra model
ERROR    Error translating battle to observation: 
WARNING  Failed to get priors for battle: 
ERROR    Error translating battle to observation: 
WARNING  Failed to get priors for battle: 
INFO     Successfully computed neural priors for 0/2 battles
INFO     Using PUCT-guided move selection (priors integrated during search)...
INFO     Policy 0: psychic visited 99.24% avg_score=0.59 sample_chance_multiplier=0.5
INFO     Policy 1: psychic visited 97.11% avg_score=0.412 sample_chance_multiplier=0.5
INFO     Considered Choices:
INFO     	98.176%: psychic
INFO     Choice: psychic
INFO     gothitelle already has the move psychic. Decrementing the PP by 1
INFO     gothitelle used a psychic move, removing psychicgem from possible items
INFO     Setting gothitelle's last used move: psychic
INFO     gothitelle used a damaging move - not guessing lifeorb anymore
INFO     gothitelle did 49.0% damage to clodsire with psychic
INFO     clodsire has less than maxhp during upkeep, no longer guessing leftovers or blacksludge
INFO     Opponent has switched - clearing the last used move
INFO     grumpig switched in, adding intimidate to impossible abilities
INFO     grumpig switched in, adding pressure to impossible abilities
INFO     grumpig switched in, adding neutralizinggas to impossible abilities
INFO     grumpig switched in, adding sandstream to impossible abilities
INFO     grumpig switched in, adding drought to impossible abilities
INFO     grumpig switched in, adding drizzle to impossible abilities
INFO     grumpig switched in, adding snowwarning to impossible abilities
INFO     grumpig switched in, adding boosterenergy to impossible items
INFO     grumpig switched in, adding airballoon to impossible items
INFO     grumpig's speed was unboosted by 1 to -1
INFO     
INFO     Turn: 10
INFO     Sampling battle 0
INFO     	        grumpig     thickfat    leftovers [dazzlinggleam, earthpower, nastyplot, psyshock] ttype=fairy
INFO     Sampling 3 unrevealed pokemon
INFO     	      indeedeef psychicsurge      lifeorb [calmmind, dazzlinggleam, hypervoice, psychic] ttype=fairy
INFO     	        heatran    flashfire   airballoon [earthpower, heavyslam, lavaplume, stealthrock] ttype=flying
INFO     	    oinkolognef    aromaveil    leftovers [bodyslam, curse, rest, sleeptalk] ttype=poison
INFO     Sampling battle 1
INFO     	        grumpig     thickfat  choicescarf [earthpower, psyshock, shadowball, trick] ttype=psychic
INFO     Sampling 3 unrevealed pokemon
INFO     	          hoopa     magician      lifeorb [focusblast, nastyplot, psyshock, shadowball] ttype=psychic
INFO     	       meganium     overgrow    leftovers [dragontail, energyball, knockoff, synthesis] ttype=poison
INFO     	          entei   innerfocus   choiceband [extremespeed, flareblitz, sacredfire, stoneedge] ttype=fire
INFO     Sampling battle 2
INFO     	        grumpig     thickfat    leftovers [dazzlinggleam, earthpower, nastyplot, psychic] ttype=fairy
INFO     Sampling 3 unrevealed pokemon
INFO     	       lycanroc     sandrush      lifeorb [closecombat, psychicfangs, stealthrock, stoneedge] ttype=fighting
INFO     	        heatran    flashfire   airballoon [earthpower, flashcannon, lavaplume, stealthrock] ttype=flying
INFO     	         kyurem     pressure heavydutyboots [dracometeor, earthpower, freezedry, outrage] ttype=ground
INFO     Sampling battle 3
INFO     	        grumpig     thickfat    leftovers [focusblast, nastyplot, psyshock, shadowball] ttype=fighting
INFO     Sampling 3 unrevealed pokemon
INFO     	      alomomola  regenerator    leftovers [flipturn, protect, scald, wish] ttype=steel
INFO     	        malamar     contrary    leftovers [knockoff, rest, sleeptalk, superpower] ttype=steel
INFO     	        ogerpon      defiant heavydutyboots [ivycudgel, knockoff, synthesis, uturn] ttype=grass
INFO     Searching for a move using PUCT MCTS with neural priors...
INFO     Sampling 4 battles at 250ms each
INFO     Computing neural priors for all battles...
INFO     Initialized StateTranslator with TeamPreviewObservationSpace
INFO     Initializing LocalPolicyProvider with model: Abra
INFO     Loading pretrained Abra model...
INFO     CUDA not available - overriding FlashAttention with VanillaAttention
[91mWarning: Using unofficial VanillaAttention implementation[0m


 		 AMAGO v3.1
            	 -------------------------
            	 Agent: MultiTaskAgent
            		 Max Sequence Length: 200
            		 TstepEncoder Type: MetamonTstepEncoder
            		 TrajEncoder Type: TformerTrajEncoder
            		 Total Parameters: 57,535,116
            		 Offline Loss Weight: 1.0
            		 Online Loss Weight: 0.0
            		 Mixed Precision: NO
            		 Checkpoint Path: /Users/yadureddy/Documents/GitHub/clean/pokeagent_ac_mcts/.metamon_cache/pretrained_models/models--jakegrigsby--metamon/snapshots/c5d1cb9abb6747066a325228845a5a8af3d12139/abra/abra/ckpts
            	 Environment:
            		 DummyAsyncVectorEnv(Gym Env x 1)
            		 Exploration Type: None
            	 Dataset: DoNothingDataset
            	 Accelerate Processes: 1 


INFO     Successfully loaded Abra model
ERROR    Error translating battle to observation: 
WARNING  Failed to get priors for battle: 
ERROR    Error translating battle to observation: 
WARNING  Failed to get priors for battle: 
ERROR    Error translating battle to observation: 
WARNING  Failed to get priors for battle: 
ERROR    Error translating battle to observation: 
WARNING  Failed to get priors for battle: 
INFO     Successfully computed neural priors for 0/4 battles
INFO     Using PUCT-guided move selection (priors integrated during search)...
INFO     Policy 0: switch wochien visited 56.45% avg_score=0.299 sample_chance_multiplier=0.25
INFO     Policy 1: switch wochien visited 65.49% avg_score=0.474 sample_chance_multiplier=0.25
INFO     Policy 2: switch wochien visited 93.22% avg_score=0.311 sample_chance_multiplier=0.25
INFO     Policy 3: switch eelektross visited 96.57% avg_score=0.386 sample_chance_multiplier=0.25
INFO     Considered Choices:
INFO     	54.064%: switch wochien
INFO     Choice: switch wochien
INFO     wochien switched in, adding intimidate to impossible abilities
INFO     wochien switched in, adding pressure to impossible abilities
INFO     wochien switched in, adding neutralizinggas to impossible abilities
INFO     wochien switched in, adding sandstream to impossible abilities
INFO     wochien switched in, adding drought to impossible abilities
INFO     wochien switched in, adding drizzle to impossible abilities
INFO     wochien switched in, adding snowwarning to impossible abilities
INFO     wochien switched in, adding boosterenergy to impossible items
INFO     wochien switched in, adding airballoon to impossible items
INFO     Setting wochien's ability to tabletsofruin
INFO     grumpig used a psychic move, removing psychicgem from possible items
INFO     Setting grumpig's last used move: psyshock
INFO     grumpig used a damaging move - not guessing lifeorb anymore
INFO     Setting wochien's item to: leftovers
INFO     
INFO     Turn: 11
INFO     Sampling battle 0
INFO     	        grumpig     thickfat    leftovers [earthpower, nastyplot, psyshock, shadowball] ttype=ground
INFO     Sampling 3 unrevealed pokemon
INFO     	         emboar     reckless  choicescarf [closecombat, flareblitz, knockoff, wildcharge] ttype=fire
INFO     	      dragapult  infiltrator  choicespecs [dracometeor, fireblast, shadowball, uturn] ttype=dragon
INFO     	    fezandipiti   toxicchain  assaultvest [beatup, gunkshot, moonblast, uturn] ttype=water
INFO     Sampling battle 1
INFO     	        grumpig     thickfat    leftovers [focusblast, nastyplot, psyshock, shadowball] ttype=fighting
INFO     Sampling 3 unrevealed pokemon
INFO     	tornadustherian  regenerator  choicespecs [bleakwindstorm, focusblast, grassknot, heatwave] ttype=fighting
INFO     	        golduck    swiftswim    leftovers [encore, grassknot, hydropump, nastyplot] ttype=water
INFO     	       braviary      defiant heavydutyboots [bravebird, bulkup, closecombat, roost] ttype=steel
INFO     Searching for a move using PUCT MCTS with neural priors...
INFO     Sampling 2 battles at 500ms each
INFO     Computing neural priors for all battles...
INFO     Initialized StateTranslator with TeamPreviewObservationSpace
INFO     Initializing LocalPolicyProvider with model: Abra
INFO     Loading pretrained Abra model...
INFO     CUDA not available - overriding FlashAttention with VanillaAttention
[91mWarning: Using unofficial VanillaAttention implementation[0m


 		 AMAGO v3.1
            	 -------------------------
            	 Agent: MultiTaskAgent
            		 Max Sequence Length: 200
            		 TstepEncoder Type: MetamonTstepEncoder
            		 TrajEncoder Type: TformerTrajEncoder
            		 Total Parameters: 57,535,116
            		 Offline Loss Weight: 1.0
            		 Online Loss Weight: 0.0
            		 Mixed Precision: NO
            		 Checkpoint Path: /Users/yadureddy/Documents/GitHub/clean/pokeagent_ac_mcts/.metamon_cache/pretrained_models/models--jakegrigsby--metamon/snapshots/c5d1cb9abb6747066a325228845a5a8af3d12139/abra/abra/ckpts
            	 Environment:
            		 DummyAsyncVectorEnv(Gym Env x 1)
            		 Exploration Type: None
            	 Dataset: DoNothingDataset
            	 Accelerate Processes: 1 


INFO     Successfully loaded Abra model
ERROR    Error translating battle to observation: 
WARNING  Failed to get priors for battle: 
ERROR    Error translating battle to observation: 
WARNING  Failed to get priors for battle: 
INFO     Successfully computed neural priors for 0/2 battles
INFO     Using PUCT-guided move selection (priors integrated during search)...
INFO     Policy 0: ruination visited 74.11% avg_score=0.545 sample_chance_multiplier=0.5
INFO     Policy 1: leechseed visited 98.21% avg_score=0.442 sample_chance_multiplier=0.5
INFO     Considered Choices:
INFO     	59.483%: leechseed
INFO     Choice: leechseed
INFO     Updated grumpig's max speed to 246
INFO     wochien already has the move leechseed. Decrementing the PP by 1
INFO     wochien used a status-move. Adding `assaultvest` to impossible items
INFO     Setting wochien's last used move: leechseed
INFO     Starting the volatile status leechseed on grumpig
INFO     grumpig used two different moves - it cannot have a choice item
INFO     grumpig using nastyplot makes it unlikely to have a choice item. Setting can_have_choice_item to False
INFO     grumpig used a status-move. Adding `assaultvest` to impossible items
INFO     Setting grumpig's last used move: nastyplot
INFO     grumpig's special-attack was boosted by 2 to 2
INFO     Setting wochien's item to: leftovers
INFO     grumpig has less than maxhp during upkeep, no longer guessing leftovers or blacksludge
INFO     
INFO     Turn: 12
INFO     Sampling battle 0
INFO     	        grumpig     thickfat    leftovers [focusblast, nastyplot, psyshock, shadowball] ttype=fighting
INFO     Sampling 3 unrevealed pokemon
INFO     	    meowscarada      protean heavydutyboots [flowertrick, knockoff, toxicspikes, uturn] ttype=dark
INFO     	        morpeko hungerswitch heavydutyboots [aurawheel, partingshot, protect, rapidspin] ttype=electric
INFO     	      pecharunt poisonpuppeteer  rockyhelmet [malignantchain, partingshot, recover, shadowball] ttype=dark
INFO     Sampling battle 1
INFO     	        grumpig     thickfat    leftovers [dazzlinggleam, nastyplot, psyshock, shadowball] ttype=fairy
INFO     Sampling 3 unrevealed pokemon
INFO     	         gengar   cursedbody      lifeorb [encore, shadowball, sludgewave, willowisp] ttype=ghost
INFO     	         lunala shadowshield    leftovers [calmmind, moonblast, moongeistbeam, moonlight] ttype=fairy
INFO     	       lycanroc     sandrush      lifeorb [closecombat, crunch, stoneedge, taunt] ttype=fighting
INFO     Searching for a move using PUCT MCTS with neural priors...
INFO     Sampling 2 battles at 500ms each
INFO     Computing neural priors for all battles...
INFO     Initialized StateTranslator with TeamPreviewObservationSpace
INFO     Initializing LocalPolicyProvider with model: Abra
INFO     Loading pretrained Abra model...
INFO     CUDA not available - overriding FlashAttention with VanillaAttention
[91mWarning: Using unofficial VanillaAttention implementation[0m


 		 AMAGO v3.1
            	 -------------------------
            	 Agent: MultiTaskAgent
            		 Max Sequence Length: 200
            		 TstepEncoder Type: MetamonTstepEncoder
            		 TrajEncoder Type: TformerTrajEncoder
            		 Total Parameters: 57,535,116
            		 Offline Loss Weight: 1.0
            		 Online Loss Weight: 0.0
            		 Mixed Precision: NO
            		 Checkpoint Path: /Users/yadureddy/Documents/GitHub/clean/pokeagent_ac_mcts/.metamon_cache/pretrained_models/models--jakegrigsby--metamon/snapshots/c5d1cb9abb6747066a325228845a5a8af3d12139/abra/abra/ckpts
            	 Environment:
            		 DummyAsyncVectorEnv(Gym Env x 1)
            		 Exploration Type: None
            	 Dataset: DoNothingDataset
            	 Accelerate Processes: 1 


INFO     Successfully loaded Abra model
ERROR    Error translating battle to observation: 
WARNING  Failed to get priors for battle: 
ERROR    Error translating battle to observation: 
WARNING  Failed to get priors for battle: 
INFO     Successfully computed neural priors for 0/2 battles
INFO     Using PUCT-guided move selection (priors integrated during search)...
INFO     Policy 0: ruination visited 49.64% avg_score=0.459 sample_chance_multiplier=0.5
INFO     Policy 1: ruination visited 98.52% avg_score=0.667 sample_chance_multiplier=0.5
INFO     Considered Choices:
INFO     	74.081%: ruination
INFO     Choice: ruination
INFO     Updated grumpig's max speed to 246
INFO     wochien already has the move ruination. Decrementing the PP by 1
INFO     wochien used a dark move, removing darkgem from possible items
INFO     Setting wochien's last used move: ruination
INFO     wochien used a damaging move - not guessing lifeorb anymore
INFO     grumpig used two different moves - it cannot have a choice item
INFO     grumpig used a fighting move, removing fightinggem from possible items
INFO     Setting grumpig's last used move: focusblast
INFO     grumpig used a damaging move - not guessing lifeorb anymore
INFO     grumpig did 100.0% damage to wochien with focusblast
INFO     Setting grumpig's item to: leftovers
INFO     grumpig has less than maxhp during upkeep, no longer guessing leftovers or blacksludge
INFO     Sampling battle 0
INFO     	        grumpig     thickfat    leftovers [focusblast, nastyplot, psyshock, shadowball] ttype=fighting
INFO     Sampling 3 unrevealed pokemon
INFO     	       zangoose   toxicboost     toxicorb [facade, knockoff, quickattack, swordsdance] ttype=normal
INFO     	taurospaldeacombat   intimidate      lifeorb [bulkup, closecombat, earthquake, ironhead] ttype=steel
INFO     	      bastiodon   soundproof  chestoberry [bodypress, foulplay, irondefense, rest] ttype=fighting
INFO     Sampling battle 1
INFO     	        grumpig     thickfat    leftovers [focusblast, nastyplot, psyshock, shadowball] ttype=fighting
INFO     Sampling 3 unrevealed pokemon
INFO     	        cetitan     thickfat  sitrusberry [bellydrum, earthquake, iceshard, icespinner] ttype=ice
INFO     	     bombirdier rockypayload   choiceband [bravebird, knockoff, stoneedge, suckerpunch] ttype=rock
INFO     	    corviknight  mirrorarmor    leftovers [bodypress, bravebird, defog, roost] ttype=dragon
INFO     Searching for a move using PUCT MCTS with neural priors...
INFO     Sampling 2 battles at 500ms each
INFO     Computing neural priors for all battles...
INFO     Initialized StateTranslator with TeamPreviewObservationSpace
INFO     Initializing LocalPolicyProvider with model: Abra
INFO     Loading pretrained Abra model...
INFO     CUDA not available - overriding FlashAttention with VanillaAttention
[91mWarning: Using unofficial VanillaAttention implementation[0m


 		 AMAGO v3.1
            	 -------------------------
            	 Agent: MultiTaskAgent
            		 Max Sequence Length: 200
            		 TstepEncoder Type: MetamonTstepEncoder
            		 TrajEncoder Type: TformerTrajEncoder
            		 Total Parameters: 57,535,116
            		 Offline Loss Weight: 1.0
            		 Online Loss Weight: 0.0
            		 Mixed Precision: NO
            		 Checkpoint Path: /Users/yadureddy/Documents/GitHub/clean/pokeagent_ac_mcts/.metamon_cache/pretrained_models/models--jakegrigsby--metamon/snapshots/c5d1cb9abb6747066a325228845a5a8af3d12139/abra/abra/ckpts
            	 Environment:
            		 DummyAsyncVectorEnv(Gym Env x 1)
            		 Exploration Type: None
            	 Dataset: DoNothingDataset
            	 Accelerate Processes: 1 


INFO     Successfully loaded Abra model
ERROR    Error translating battle to observation: 
WARNING  Failed to get priors for battle: 
ERROR    Error translating battle to observation: 
WARNING  Failed to get priors for battle: 
INFO     Successfully computed neural priors for 0/2 battles
INFO     Using PUCT-guided move selection (priors integrated during search)...
INFO     Policy 0: switch ribombee visited 98.91% avg_score=0.622 sample_chance_multiplier=0.5
INFO     Policy 1: switch ribombee visited 98.96% avg_score=0.61 sample_chance_multiplier=0.5
INFO     Considered Choices:
INFO     	98.934%: switch ribombee
INFO     Choice: switch ribombee
INFO     
INFO     Turn: 13
INFO     Sampling battle 0
INFO     	        grumpig     thickfat    leftovers [focusblast, nastyplot, psyshock, shadowball] ttype=fighting
INFO     Sampling 3 unrevealed pokemon
INFO     	      ceruledge    weakarmor heavydutyboots [bitterblade, closecombat, poltergeist, swordsdance] ttype=ghost
INFO     	         dialga     pressure    leftovers [dracometeor, fireblast, heavyslam, stealthrock] ttype=flying
INFO     	        calyrex      unnerve    leftovers [bodypress, gigadrain, leechseed, psyshock] ttype=fighting
INFO     Sampling battle 1
INFO     	        grumpig     thickfat    leftovers [focusblast, nastyplot, psyshock, shadowball] ttype=fighting
INFO     Sampling 3 unrevealed pokemon
INFO     	         zarude    leafguard  choicescarf [closecombat, knockoff, powerwhip, uturn] ttype=fighting
INFO     	         kommoo   soundproof  throatspray [boomburst, clangingscales, clangoroussoul, closecombat] ttype=normal
INFO     	         espeon  magicbounce      lifeorb [alluringvoice, calmmind, morningsun, psychic] ttype=psychic
INFO     Searching for a move using PUCT MCTS with neural priors...
INFO     Sampling 2 battles at 500ms each
INFO     Computing neural priors for all battles...
INFO     Initialized StateTranslator with TeamPreviewObservationSpace
INFO     Initializing LocalPolicyProvider with model: Abra
INFO     Loading pretrained Abra model...
INFO     CUDA not available - overriding FlashAttention with VanillaAttention
[91mWarning: Using unofficial VanillaAttention implementation[0m


 		 AMAGO v3.1
            	 -------------------------
            	 Agent: MultiTaskAgent
            		 Max Sequence Length: 200
            		 TstepEncoder Type: MetamonTstepEncoder
            		 TrajEncoder Type: TformerTrajEncoder
            		 Total Parameters: 57,535,116
            		 Offline Loss Weight: 1.0
            		 Online Loss Weight: 0.0
            		 Mixed Precision: NO
            		 Checkpoint Path: /Users/yadureddy/Documents/GitHub/clean/pokeagent_ac_mcts/.metamon_cache/pretrained_models/models--jakegrigsby--metamon/snapshots/c5d1cb9abb6747066a325228845a5a8af3d12139/abra/abra/ckpts
            	 Environment:
            		 DummyAsyncVectorEnv(Gym Env x 1)
            		 Exploration Type: None
            	 Dataset: DoNothingDataset
            	 Accelerate Processes: 1 


INFO     Successfully loaded Abra model
ERROR    Error translating battle to observation: 
WARNING  Failed to get priors for battle: 
ERROR    Error translating battle to observation: 
WARNING  Failed to get priors for battle: 
INFO     Successfully computed neural priors for 0/2 battles
INFO     Using PUCT-guided move selection (priors integrated during search)...
INFO     Policy 0: switch gothitelle visited 42.34% avg_score=0.442 sample_chance_multiplier=0.5
INFO     Policy 1: uturn visited 99.46% avg_score=0.74 sample_chance_multiplier=0.5
INFO     Considered Choices:
INFO     	69.301%: uturn
INFO     Choice: uturn
INFO     Opponent has switched - clearing the last used move
INFO     flamigo switched in, adding intimidate to impossible abilities
INFO     flamigo switched in, adding pressure to impossible abilities
INFO     flamigo switched in, adding neutralizinggas to impossible abilities
INFO     flamigo switched in, adding sandstream to impossible abilities
INFO     flamigo switched in, adding drought to impossible abilities
INFO     flamigo switched in, adding drizzle to impossible abilities
INFO     flamigo switched in, adding snowwarning to impossible abilities
INFO     flamigo switched in, adding boosterenergy to impossible items
INFO     flamigo switched in, adding airballoon to impossible items
INFO     ribombee already has the move uturn. Decrementing the PP by 1
INFO     ribombee used a bug move, removing buggem from possible items
INFO     Setting ribombee's last used move: uturn
INFO     ribombee used a damaging move - not guessing lifeorb anymore
INFO     ribombee did 4.0% damage to flamigo with uturn
INFO     Sampling battle 0
INFO     	        flamigo      scrappy   choiceband [bravebird, closecombat, throatchop, uturn] ttype=fighting
INFO     	        grumpig     thickfat    leftovers [focusblast, nastyplot, psyshock, shadowball] ttype=fighting
INFO     Sampling 2 unrevealed pokemon
INFO     	         klefki    prankster    leftovers [dazzlinggleam, foulplay, spikes, thunderwave] ttype=water
INFO     	    oinkolognef     thickfat    leftovers [curse, doubleedge, highhorsepower, lashout] ttype=ground
INFO     Sampling battle 1
INFO     	        flamigo      scrappy      lifeorb [bravebird, closecombat, swordsdance, throatchop] ttype=fighting
INFO     	        grumpig     thickfat    leftovers [focusblast, nastyplot, psyshock, shadowball] ttype=fighting
INFO     Sampling 2 unrevealed pokemon
INFO     	   basculegionf adaptability  assaultvest [flipturn, hydropump, shadowball, wavecrash] ttype=water
INFO     	       oranguru   innerfocus  choicespecs [focusblast, hypervoice, psyshock, trick] ttype=fighting
INFO     Searching for a move using PUCT MCTS with neural priors...
INFO     Sampling 2 battles at 500ms each
INFO     Computing neural priors for all battles...
INFO     Initialized StateTranslator with TeamPreviewObservationSpace
INFO     Initializing LocalPolicyProvider with model: Abra
INFO     Loading pretrained Abra model...
INFO     CUDA not available - overriding FlashAttention with VanillaAttention
[91mWarning: Using unofficial VanillaAttention implementation[0m


 		 AMAGO v3.1
            	 -------------------------
            	 Agent: MultiTaskAgent
            		 Max Sequence Length: 200
            		 TstepEncoder Type: MetamonTstepEncoder
            		 TrajEncoder Type: TformerTrajEncoder
            		 Total Parameters: 57,535,116
            		 Offline Loss Weight: 1.0
            		 Online Loss Weight: 0.0
            		 Mixed Precision: NO
            		 Checkpoint Path: /Users/yadureddy/Documents/GitHub/clean/pokeagent_ac_mcts/.metamon_cache/pretrained_models/models--jakegrigsby--metamon/snapshots/c5d1cb9abb6747066a325228845a5a8af3d12139/abra/abra/ckpts
            	 Environment:
            		 DummyAsyncVectorEnv(Gym Env x 1)
            		 Exploration Type: None
            	 Dataset: DoNothingDataset
            	 Accelerate Processes: 1 


INFO     Successfully loaded Abra model
ERROR    Error translating battle to observation: 
WARNING  Failed to get priors for battle: 
ERROR    Error translating battle to observation: 
WARNING  Failed to get priors for battle: 
INFO     Successfully computed neural priors for 0/2 battles
INFO     Using PUCT-guided move selection (priors integrated during search)...
INFO     Policy 0: switch gothitelle visited 99.34% avg_score=0.697 sample_chance_multiplier=0.5
INFO     Policy 1: switch gothitelle visited 99.25% avg_score=0.713 sample_chance_multiplier=0.5
INFO     Considered Choices:
INFO     	99.297%: switch gothitelle
INFO     Choice: switch gothitelle
INFO     flamigo has less than maxhp during upkeep, no longer guessing leftovers or blacksludge
INFO     
INFO     Turn: 14
INFO     Sampling battle 0
INFO     	        flamigo      scrappy      lifeorb [bravebird, closecombat, swordsdance, throatchop] ttype=steel
INFO     	        grumpig     thickfat    leftovers [focusblast, nastyplot, psyshock, shadowball] ttype=fighting
INFO     Sampling 2 unrevealed pokemon
INFO     	  samurotthisui    sharpness   choiceband [ceaselessedge, razorshell, sacredsword, suckerpunch] ttype=poison
INFO     	     chandelure    flamebody heavydutyboots [calmmind, fireblast, painsplit, shadowball] ttype=fire
INFO     Sampling battle 1
INFO     	        flamigo      scrappy      lifeorb [bravebird, closecombat, roost, swordsdance] ttype=steel
INFO     	        grumpig     thickfat    leftovers [focusblast, nastyplot, psyshock, shadowball] ttype=fighting
INFO     Sampling 2 unrevealed pokemon
INFO     	       articuno     pressure heavydutyboots [bravebird, freezedry, roost, substitute] ttype=ground
INFO     	       cobalion    justified    leftovers [bodypress, ironhead, stealthrock, thunderwave] ttype=ghost
INFO     Searching for a move using PUCT MCTS with neural priors...
INFO     Sampling 2 battles at 500ms each
INFO     Computing neural priors for all battles...
INFO     Initialized StateTranslator with TeamPreviewObservationSpace
INFO     Initializing LocalPolicyProvider with model: Abra
INFO     Loading pretrained Abra model...
INFO     CUDA not available - overriding FlashAttention with VanillaAttention
[91mWarning: Using unofficial VanillaAttention implementation[0m


 		 AMAGO v3.1
            	 -------------------------
            	 Agent: MultiTaskAgent
            		 Max Sequence Length: 200
            		 TstepEncoder Type: MetamonTstepEncoder
            		 TrajEncoder Type: TformerTrajEncoder
            		 Total Parameters: 57,535,116
            		 Offline Loss Weight: 1.0
            		 Online Loss Weight: 0.0
            		 Mixed Precision: NO
            		 Checkpoint Path: /Users/yadureddy/Documents/GitHub/clean/pokeagent_ac_mcts/.metamon_cache/pretrained_models/models--jakegrigsby--metamon/snapshots/c5d1cb9abb6747066a325228845a5a8af3d12139/abra/abra/ckpts
            	 Environment:
            		 DummyAsyncVectorEnv(Gym Env x 1)
            		 Exploration Type: None
            	 Dataset: DoNothingDataset
            	 Accelerate Processes: 1 


INFO     Successfully loaded Abra model
ERROR    Error translating battle to observation: 
WARNING  Failed to get priors for battle: 
ERROR    Error translating battle to observation: 
WARNING  Failed to get priors for battle: 
INFO     Successfully computed neural priors for 0/2 battles
INFO     Using PUCT-guided move selection (priors integrated during search)...
INFO     Policy 0: psychic visited 99.32% avg_score=0.693 sample_chance_multiplier=0.5
INFO     Policy 1: psychic visited 99.38% avg_score=0.742 sample_chance_multiplier=0.5
INFO     Considered Choices:
INFO     	99.348%: psychic
INFO     Choice: psychic
INFO     Updated flamigo's min speed to 252
INFO     flamigo used a bug move, removing buggem from possible items
INFO     Setting flamigo's last used move: uturn
INFO     flamigo used a damaging move - not guessing lifeorb anymore
INFO     Opponent flamigo could not have gone first - setting it's item to choicescarf
INFO     flamigo did 33.09% damage to gothitelle with uturn
INFO     Opponent has switched - clearing the last used move
INFO     koraidon switched in, adding intimidate to impossible abilities
INFO     koraidon switched in, adding pressure to impossible abilities
INFO     koraidon switched in, adding neutralizinggas to impossible abilities
INFO     koraidon switched in, adding sandstream to impossible abilities
INFO     koraidon switched in, adding drought to impossible abilities
INFO     koraidon switched in, adding drizzle to impossible abilities
INFO     koraidon switched in, adding snowwarning to impossible abilities
INFO     koraidon switched in, adding boosterenergy to impossible items
INFO     koraidon switched in, adding airballoon to impossible items
INFO     koraidon's speed was unboosted by 1 to -1
INFO     Weather sunnyday is active
INFO     Weather turns remaining: 5
INFO     Setting koraidon ability to orichalcumpulse
INFO     gothitelle already has the move psychic. Decrementing the PP by 1
INFO     gothitelle used a psychic move, removing psychicgem from possible items
INFO     Setting gothitelle's last used move: psychic
INFO     gothitelle used a damaging move - not guessing lifeorb anymore
INFO     gothitelle did 100.0% damage to koraidon with psychic
INFO     Weather sunnyday is active
INFO     Weather turns remaining: 4
INFO     koraidon has less than maxhp during upkeep, no longer guessing leftovers or blacksludge
INFO     Opponent has switched - clearing the last used move
INFO     Not adding drought to grumpig's impossible abilities because the weather would not have triggered
INFO     grumpig's speed was unboosted by 1 to -1
INFO     
INFO     Turn: 15
INFO     Sampling battle 0
INFO     	        grumpig     thickfat    leftovers [focusblast, nastyplot, psyshock, shadowball] ttype=fighting
INFO     	        flamigo      scrappy  choicescarf [bravebird, closecombat, throatchop, uturn] ttype=fighting
INFO     Sampling 1 unrevealed pokemon
INFO     	        mimikyu     disguise      lifeorb [playrough, shadowsneak, swordsdance, woodhammer] ttype=fairy
INFO     Sampling battle 1
INFO     	        grumpig     thickfat    leftovers [focusblast, nastyplot, psyshock, shadowball] ttype=fighting
INFO     	        flamigo      scrappy  choicescarf [bravebird, closecombat, throatchop, uturn] ttype=fighting
INFO     Sampling 1 unrevealed pokemon
INFO     	      gardevoir        trace  choicescarf [focusblast, moonblast, mysticalfire, psychic] ttype=fire
INFO     Searching for a move using PUCT MCTS with neural priors...
INFO     Sampling 2 battles at 500ms each
INFO     Computing neural priors for all battles...
INFO     Initialized StateTranslator with TeamPreviewObservationSpace
INFO     Initializing LocalPolicyProvider with model: Abra
INFO     Loading pretrained Abra model...
INFO     CUDA not available - overriding FlashAttention with VanillaAttention
[91mWarning: Using unofficial VanillaAttention implementation[0m


 		 AMAGO v3.1
            	 -------------------------
            	 Agent: MultiTaskAgent
            		 Max Sequence Length: 200
            		 TstepEncoder Type: MetamonTstepEncoder
            		 TrajEncoder Type: TformerTrajEncoder
            		 Total Parameters: 57,535,116
            		 Offline Loss Weight: 1.0
            		 Online Loss Weight: 0.0
            		 Mixed Precision: NO
            		 Checkpoint Path: /Users/yadureddy/Documents/GitHub/clean/pokeagent_ac_mcts/.metamon_cache/pretrained_models/models--jakegrigsby--metamon/snapshots/c5d1cb9abb6747066a325228845a5a8af3d12139/abra/abra/ckpts
            	 Environment:
            		 DummyAsyncVectorEnv(Gym Env x 1)
            		 Exploration Type: None
            	 Dataset: DoNothingDataset
            	 Accelerate Processes: 1 


INFO     Successfully loaded Abra model
ERROR    Error translating battle to observation: 'str' object has no attribute 'name'
WARNING  Failed to get priors for battle: 'str' object has no attribute 'name'
ERROR    Error translating battle to observation: 'str' object has no attribute 'name'
WARNING  Failed to get priors for battle: 'str' object has no attribute 'name'
INFO     Successfully computed neural priors for 0/2 battles
INFO     Using PUCT-guided move selection (priors integrated during search)...
INFO     Policy 0: switch eelektross visited 96.91% avg_score=0.316 sample_chance_multiplier=0.5
INFO     Policy 1: switch eelektross visited 97.91% avg_score=0.355 sample_chance_multiplier=0.5
INFO     Considered Choices:
INFO     	97.412%: switch eelektross
INFO     Choice: switch eelektross
INFO     Not adding drought to eelektross's impossible abilities because the weather would not have triggered
INFO     grumpig already has the move psyshock. Decrementing the PP by 1
INFO     grumpig used a psychic move, removing psychicgem from possible items
INFO     Setting grumpig's last used move: psyshock
INFO     grumpig used a damaging move - not guessing lifeorb anymore
INFO     grumpig did 33.1% damage to eelektross with psyshock
INFO     Weather sunnyday is active
INFO     Weather turns remaining: 3
INFO     Setting grumpig's item to: leftovers
INFO     grumpig has less than maxhp during upkeep, no longer guessing leftovers or blacksludge
INFO     
INFO     Turn: 16
INFO     Sampling battle 0
INFO     	        grumpig     thickfat    leftovers [focusblast, nastyplot, psyshock, shadowball] ttype=fighting
INFO     	        flamigo      scrappy  choicescarf [bravebird, closecombat, throatchop, uturn] ttype=fighting
INFO     Sampling 1 unrevealed pokemon
INFO     	         deoxys     pressure      lifeorb [extremespeed, knockoff, psychoboost, superpower] ttype=normal
INFO     Sampling battle 1
INFO     	        grumpig     thickfat    leftovers [focusblast, nastyplot, psyshock, shadowball] ttype=fighting
INFO     	        flamigo      scrappy  choicescarf [bravebird, closecombat, throatchop, uturn] ttype=fighting
INFO     Sampling 1 unrevealed pokemon
INFO     	       gyarados        moxie heavydutyboots [dragondance, earthquake, temperflare, waterfall] ttype=ground
INFO     Searching for a move using PUCT MCTS with neural priors...
INFO     Sampling 2 battles at 500ms each
INFO     Computing neural priors for all battles...
INFO     Initialized StateTranslator with TeamPreviewObservationSpace
INFO     Initializing LocalPolicyProvider with model: Abra
INFO     Loading pretrained Abra model...
INFO     CUDA not available - overriding FlashAttention with VanillaAttention
[91mWarning: Using unofficial VanillaAttention implementation[0m


 		 AMAGO v3.1
            	 -------------------------
            	 Agent: MultiTaskAgent
            		 Max Sequence Length: 200
            		 TstepEncoder Type: MetamonTstepEncoder
            		 TrajEncoder Type: TformerTrajEncoder
            		 Total Parameters: 57,535,116
            		 Offline Loss Weight: 1.0
            		 Online Loss Weight: 0.0
            		 Mixed Precision: NO
            		 Checkpoint Path: /Users/yadureddy/Documents/GitHub/clean/pokeagent_ac_mcts/.metamon_cache/pretrained_models/models--jakegrigsby--metamon/snapshots/c5d1cb9abb6747066a325228845a5a8af3d12139/abra/abra/ckpts
            	 Environment:
            		 DummyAsyncVectorEnv(Gym Env x 1)
            		 Exploration Type: None
            	 Dataset: DoNothingDataset
            	 Accelerate Processes: 1 


INFO     Successfully loaded Abra model
ERROR    Error translating battle to observation: 'str' object has no attribute 'name'
WARNING  Failed to get priors for battle: 'str' object has no attribute 'name'
ERROR    Error translating battle to observation: 'str' object has no attribute 'name'
WARNING  Failed to get priors for battle: 'str' object has no attribute 'name'
INFO     Successfully computed neural priors for 0/2 battles
INFO     Using PUCT-guided move selection (priors integrated during search)...
INFO     Policy 0: uturn visited 95.06% avg_score=0.54 sample_chance_multiplier=0.5
INFO     Policy 1: discharge visited 54.0% avg_score=0.418 sample_chance_multiplier=0.5
INFO     Considered Choices:
INFO     	65.122%: uturn
INFO     Choice: uturn
INFO     Opponent has switched - clearing the last used move
INFO     Not adding drought to flamigo's impossible abilities because the weather would not have triggered
INFO     eelektross already has the move uturn. Decrementing the PP by 1
INFO     eelektross used a bug move, removing buggem from possible items
INFO     Setting eelektross's last used move: uturn
INFO     eelektross used a damaging move - not guessing lifeorb anymore
INFO     eelektross did 7.000000000000001% damage to flamigo with uturn
INFO     Sampling battle 0
INFO     	        flamigo      scrappy  choicescarf [bravebird, closecombat, throatchop, uturn] ttype=fighting
INFO     	        grumpig     thickfat    leftovers [focusblast, nastyplot, psyshock, shadowball] ttype=fighting
INFO     Sampling 1 unrevealed pokemon
INFO     	       gyarados   intimidate heavydutyboots [dragondance, earthquake, stoneedge, waterfall] ttype=ground
INFO     Sampling battle 1
INFO     	        flamigo      scrappy  choicescarf [bravebird, closecombat, throatchop, uturn] ttype=fighting
INFO     	        grumpig     thickfat    leftovers [focusblast, nastyplot, psyshock, shadowball] ttype=fighting
INFO     Sampling 1 unrevealed pokemon
INFO     	       delibird       hustle heavydutyboots [bravebird, iceshard, icespinner, spikes] ttype=flying
INFO     Searching for a move using PUCT MCTS with neural priors...
INFO     Sampling 2 battles at 500ms each
INFO     Computing neural priors for all battles...
INFO     Initialized StateTranslator with TeamPreviewObservationSpace
INFO     Initializing LocalPolicyProvider with model: Abra
INFO     Loading pretrained Abra model...
INFO     CUDA not available - overriding FlashAttention with VanillaAttention
[91mWarning: Using unofficial VanillaAttention implementation[0m


 		 AMAGO v3.1
            	 -------------------------
            	 Agent: MultiTaskAgent
            		 Max Sequence Length: 200
            		 TstepEncoder Type: MetamonTstepEncoder
            		 TrajEncoder Type: TformerTrajEncoder
            		 Total Parameters: 57,535,116
            		 Offline Loss Weight: 1.0
            		 Online Loss Weight: 0.0
            		 Mixed Precision: NO
            		 Checkpoint Path: /Users/yadureddy/Documents/GitHub/clean/pokeagent_ac_mcts/.metamon_cache/pretrained_models/models--jakegrigsby--metamon/snapshots/c5d1cb9abb6747066a325228845a5a8af3d12139/abra/abra/ckpts
            	 Environment:
            		 DummyAsyncVectorEnv(Gym Env x 1)
            		 Exploration Type: None
            	 Dataset: DoNothingDataset
            	 Accelerate Processes: 1 


INFO     Successfully loaded Abra model
ERROR    Error translating battle to observation: 'str' object has no attribute 'name'
WARNING  Failed to get priors for battle: 'str' object has no attribute 'name'
ERROR    Error translating battle to observation: 'str' object has no attribute 'name'
WARNING  Failed to get priors for battle: 'str' object has no attribute 'name'
INFO     Successfully computed neural priors for 0/2 battles
INFO     Using PUCT-guided move selection (priors integrated during search)...
INFO     Policy 0: switch magnezone visited 80.22% avg_score=0.375 sample_chance_multiplier=0.5
INFO     Policy 1: switch magnezone visited 97.38% avg_score=0.53 sample_chance_multiplier=0.5
INFO     Considered Choices:
INFO     	88.8%: switch magnezone
INFO     Choice: switch magnezone
INFO     Not adding drought to magnezone's impossible abilities because the weather would not have triggered
INFO     Weather sunnyday is active
INFO     Weather turns remaining: 2
INFO     flamigo has less than maxhp during upkeep, no longer guessing leftovers or blacksludge
INFO     
INFO     Turn: 17
INFO     Sampling battle 0
INFO     	        flamigo      scrappy  choicescarf [bravebird, closecombat, throatchop, uturn] ttype=fighting
INFO     	        grumpig     thickfat    leftovers [focusblast, nastyplot, psyshock, shadowball] ttype=fighting
INFO     Sampling 1 unrevealed pokemon
INFO     	  calyrexshadow asone(spectrier)      lifeorb [astralbarrage, nastyplot, pollenpuff, psyshock] ttype=dark
INFO     Sampling battle 1
INFO     	        flamigo      scrappy  choicescarf [bravebird, closecombat, throatchop, uturn] ttype=fighting
INFO     	        grumpig     thickfat    leftovers [focusblast, nastyplot, psyshock, shadowball] ttype=fighting
INFO     Sampling 1 unrevealed pokemon
INFO     	       dusknoir        frisk      lifeorb [earthquake, painsplit, poltergeist, shadowsneak] ttype=ghost
INFO     Searching for a move using PUCT MCTS with neural priors...
INFO     Sampling 2 battles at 500ms each
INFO     Computing neural priors for all battles...
INFO     Initialized StateTranslator with TeamPreviewObservationSpace
INFO     Initializing LocalPolicyProvider with model: Abra
INFO     Loading pretrained Abra model...
INFO     CUDA not available - overriding FlashAttention with VanillaAttention
[91mWarning: Using unofficial VanillaAttention implementation[0m


 		 AMAGO v3.1
            	 -------------------------
            	 Agent: MultiTaskAgent
            		 Max Sequence Length: 200
            		 TstepEncoder Type: MetamonTstepEncoder
            		 TrajEncoder Type: TformerTrajEncoder
            		 Total Parameters: 57,535,116
            		 Offline Loss Weight: 1.0
            		 Online Loss Weight: 0.0
            		 Mixed Precision: NO
            		 Checkpoint Path: /Users/yadureddy/Documents/GitHub/clean/pokeagent_ac_mcts/.metamon_cache/pretrained_models/models--jakegrigsby--metamon/snapshots/c5d1cb9abb6747066a325228845a5a8af3d12139/abra/abra/ckpts
            	 Environment:
            		 DummyAsyncVectorEnv(Gym Env x 1)
            		 Exploration Type: None
            	 Dataset: DoNothingDataset
            	 Accelerate Processes: 1 


INFO     Successfully loaded Abra model
ERROR    Error translating battle to observation: 'str' object has no attribute 'name'
WARNING  Failed to get priors for battle: 'str' object has no attribute 'name'
ERROR    Error translating battle to observation: 'str' object has no attribute 'name'
WARNING  Failed to get priors for battle: 'str' object has no attribute 'name'
INFO     Successfully computed neural priors for 0/2 battles
INFO     Using PUCT-guided move selection (priors integrated during search)...
INFO     Policy 0: voltswitch visited 97.53% avg_score=0.608 sample_chance_multiplier=0.5
INFO     Policy 1: switch gothitelle visited 31.2% avg_score=0.426 sample_chance_multiplier=0.5
INFO     Considered Choices:
INFO     	62.387%: voltswitch
INFO     Choice: voltswitch
INFO     flamigo already has the move uturn. Decrementing the PP by 1
INFO     flamigo used a bug move, removing buggem from possible items
INFO     Setting flamigo's last used move: uturn
INFO     flamigo used a damaging move - not guessing lifeorb anymore
INFO     flamigo did 8.14% damage to magnezone with uturn
INFO     Opponent has switched - clearing the last used move
INFO     Not adding drought to grumpig's impossible abilities because the weather would not have triggered
INFO     grumpig's speed was unboosted by 1 to -1
INFO     magnezone already has the move voltswitch. Decrementing the PP by 1
INFO     magnezone used a electric move, removing electricgem from possible items
INFO     Setting magnezone's last used move: voltswitch
INFO     magnezone used a damaging move - not guessing lifeorb anymore
INFO     magnezone did 24.0% damage to grumpig with voltswitch
INFO     Sampling battle 0
INFO     	        grumpig     thickfat    leftovers [focusblast, nastyplot, psyshock, shadowball] ttype=fighting
INFO     	        flamigo      scrappy  choicescarf [bravebird, closecombat, throatchop, uturn] ttype=fighting
INFO     Sampling 1 unrevealed pokemon
INFO     	        cetitan   sheerforce      lifeorb [earthquake, iceshard, iciclecrash, liquidation] ttype=water
INFO     Sampling battle 1
INFO     	        grumpig     thickfat    leftovers [focusblast, nastyplot, psyshock, shadowball] ttype=fighting
INFO     	        flamigo      scrappy  choicescarf [bravebird, closecombat, throatchop, uturn] ttype=fighting
INFO     Sampling 1 unrevealed pokemon
INFO     	      ninetales      drought heavydutyboots [fireblast, nastyplot, scorchingsands, solarbeam] ttype=grass
INFO     Searching for a move using PUCT MCTS with neural priors...
INFO     Sampling 2 battles at 500ms each
INFO     Computing neural priors for all battles...
INFO     Initialized StateTranslator with TeamPreviewObservationSpace
INFO     Initializing LocalPolicyProvider with model: Abra
INFO     Loading pretrained Abra model...
INFO     CUDA not available - overriding FlashAttention with VanillaAttention
[91mWarning: Using unofficial VanillaAttention implementation[0m


 		 AMAGO v3.1
            	 -------------------------
            	 Agent: MultiTaskAgent
            		 Max Sequence Length: 200
            		 TstepEncoder Type: MetamonTstepEncoder
            		 TrajEncoder Type: TformerTrajEncoder
            		 Total Parameters: 57,535,116
            		 Offline Loss Weight: 1.0
            		 Online Loss Weight: 0.0
            		 Mixed Precision: NO
            		 Checkpoint Path: /Users/yadureddy/Documents/GitHub/clean/pokeagent_ac_mcts/.metamon_cache/pretrained_models/models--jakegrigsby--metamon/snapshots/c5d1cb9abb6747066a325228845a5a8af3d12139/abra/abra/ckpts
            	 Environment:
            		 DummyAsyncVectorEnv(Gym Env x 1)
            		 Exploration Type: None
            	 Dataset: DoNothingDataset
            	 Accelerate Processes: 1 


INFO     Successfully loaded Abra model
ERROR    Error translating battle to observation: 'str' object has no attribute 'name'
WARNING  Failed to get priors for battle: 'str' object has no attribute 'name'
ERROR    Error translating battle to observation: 'str' object has no attribute 'name'
WARNING  Failed to get priors for battle: 'str' object has no attribute 'name'
INFO     Successfully computed neural priors for 0/2 battles
INFO     Using PUCT-guided move selection (priors integrated during search)...
INFO     Policy 0: switch ribombee visited 90.31% avg_score=0.435 sample_chance_multiplier=0.5
INFO     Policy 1: switch eelektross visited 79.06% avg_score=0.393 sample_chance_multiplier=0.5
INFO     Considered Choices:
INFO     	51.957%: switch ribombee
INFO     	42.195%: switch eelektross
INFO     Choice: switch eelektross
INFO     Not adding drought to eelektross's impossible abilities because the weather would not have triggered
INFO     Weather sunnyday is active
INFO     Weather turns remaining: 1
INFO     Setting grumpig's item to: leftovers
INFO     grumpig has less than maxhp during upkeep, no longer guessing leftovers or blacksludge
INFO     
INFO     Turn: 18
INFO     Sampling battle 0
INFO     	        grumpig     thickfat    leftovers [focusblast, nastyplot, psyshock, shadowball] ttype=fighting
INFO     	        flamigo      scrappy  choicescarf [bravebird, closecombat, throatchop, uturn] ttype=fighting
INFO     Sampling 1 unrevealed pokemon
INFO     	      spectrier    grimneigh    leftovers [drainingkiss, nastyplot, shadowball, substitute] ttype=fairy
INFO     Sampling battle 1
INFO     	        grumpig     thickfat    leftovers [focusblast, nastyplot, psyshock, shadowball] ttype=fighting
INFO     	        flamigo      scrappy  choicescarf [bravebird, closecombat, throatchop, uturn] ttype=fighting
INFO     Sampling 1 unrevealed pokemon
INFO     	      azumarill    hugepower   choiceband [aquajet, icespinner, liquidation, playrough] ttype=water
INFO     Searching for a move using PUCT MCTS with neural priors...
INFO     Sampling 2 battles at 500ms each
INFO     Computing neural priors for all battles...
INFO     Initialized StateTranslator with TeamPreviewObservationSpace
INFO     Initializing LocalPolicyProvider with model: Abra
INFO     Loading pretrained Abra model...
INFO     CUDA not available - overriding FlashAttention with VanillaAttention
[91mWarning: Using unofficial VanillaAttention implementation[0m


 		 AMAGO v3.1
            	 -------------------------
            	 Agent: MultiTaskAgent
            		 Max Sequence Length: 200
            		 TstepEncoder Type: MetamonTstepEncoder
            		 TrajEncoder Type: TformerTrajEncoder
            		 Total Parameters: 57,535,116
            		 Offline Loss Weight: 1.0
            		 Online Loss Weight: 0.0
            		 Mixed Precision: NO
            		 Checkpoint Path: /Users/yadureddy/Documents/GitHub/clean/pokeagent_ac_mcts/.metamon_cache/pretrained_models/models--jakegrigsby--metamon/snapshots/c5d1cb9abb6747066a325228845a5a8af3d12139/abra/abra/ckpts
            	 Environment:
            		 DummyAsyncVectorEnv(Gym Env x 1)
            		 Exploration Type: None
            	 Dataset: DoNothingDataset
            	 Accelerate Processes: 1 


INFO     Successfully loaded Abra model
ERROR    Error translating battle to observation: 'str' object has no attribute 'name'
WARNING  Failed to get priors for battle: 'str' object has no attribute 'name'
ERROR    Error translating battle to observation: 'str' object has no attribute 'name'
WARNING  Failed to get priors for battle: 'str' object has no attribute 'name'
INFO     Successfully computed neural priors for 0/2 battles
INFO     Using PUCT-guided move selection (priors integrated during search)...
INFO     Policy 0: discharge visited 81.33% avg_score=0.609 sample_chance_multiplier=0.5
INFO     Policy 1: uturn visited 50.23% avg_score=0.476 sample_chance_multiplier=0.5
INFO     Considered Choices:
INFO     	63.898%: discharge
INFO     Choice: discharge
INFO     Opponent has switched - clearing the last used move
INFO     Not adding drought to flamigo's impossible abilities because the weather would not have triggered
INFO     eelektross already has the move discharge. Decrementing the PP by 1
INFO     eelektross used a electric move, removing electricgem from possible items
INFO     Setting eelektross's last used move: discharge
INFO     eelektross used a damaging move - not guessing lifeorb anymore
INFO     eelektross did 89.0% damage to flamigo with discharge
INFO     Weather none is active
INFO     Resetting weather source to None
INFO     Weather turns remaining: 5
INFO     flamigo has less than maxhp during upkeep, no longer guessing leftovers or blacksludge
INFO     Opponent has switched - clearing the last used move
INFO     slowkinggalar switched in, adding intimidate to impossible abilities
INFO     slowkinggalar switched in, adding pressure to impossible abilities
INFO     slowkinggalar switched in, adding neutralizinggas to impossible abilities
INFO     slowkinggalar switched in, adding sandstream to impossible abilities
INFO     slowkinggalar switched in, adding drought to impossible abilities
INFO     slowkinggalar switched in, adding drizzle to impossible abilities
INFO     slowkinggalar switched in, adding snowwarning to impossible abilities
INFO     slowkinggalar switched in, adding boosterenergy to impossible items
INFO     slowkinggalar switched in, adding airballoon to impossible items
INFO     slowkinggalar's speed was unboosted by 1 to -1
INFO     
INFO     Turn: 19
INFO     Sampling battle 0
INFO     	  slowkinggalar  regenerator  assaultvest [fireblast, psychicnoise, sludgebomb, surf] ttype=water
INFO     	        grumpig     thickfat    leftovers [focusblast, nastyplot, psyshock, shadowball] ttype=fighting
INFO     Sampling battle 1
INFO     	  slowkinggalar  regenerator    leftovers [psyshock, slackoff, sludgebomb, thunderwave] ttype=poison
INFO     	        grumpig     thickfat    leftovers [focusblast, nastyplot, psyshock, shadowball] ttype=fighting
INFO     Searching for a move using PUCT MCTS with neural priors...
INFO     Sampling 2 battles at 500ms each
INFO     Computing neural priors for all battles...
INFO     Initialized StateTranslator with TeamPreviewObservationSpace
INFO     Initializing LocalPolicyProvider with model: Abra
INFO     Loading pretrained Abra model...
INFO     CUDA not available - overriding FlashAttention with VanillaAttention
[91mWarning: Using unofficial VanillaAttention implementation[0m


 		 AMAGO v3.1
            	 -------------------------
            	 Agent: MultiTaskAgent
            		 Max Sequence Length: 200
            		 TstepEncoder Type: MetamonTstepEncoder
            		 TrajEncoder Type: TformerTrajEncoder
            		 Total Parameters: 57,535,116
            		 Offline Loss Weight: 1.0
            		 Online Loss Weight: 0.0
            		 Mixed Precision: NO
            		 Checkpoint Path: /Users/yadureddy/Documents/GitHub/clean/pokeagent_ac_mcts/.metamon_cache/pretrained_models/models--jakegrigsby--metamon/snapshots/c5d1cb9abb6747066a325228845a5a8af3d12139/abra/abra/ckpts
            	 Environment:
            		 DummyAsyncVectorEnv(Gym Env x 1)
            		 Exploration Type: None
            	 Dataset: DoNothingDataset
            	 Accelerate Processes: 1 


INFO     Successfully loaded Abra model
ERROR    Error translating battle to observation: 'str' object has no attribute 'name'
WARNING  Failed to get priors for battle: 'str' object has no attribute 'name'
ERROR    Error translating battle to observation: 'str' object has no attribute 'name'
WARNING  Failed to get priors for battle: 'str' object has no attribute 'name'
INFO     Successfully computed neural priors for 0/2 battles
INFO     Using PUCT-guided move selection (priors integrated during search)...
INFO     Policy 0: discharge visited 99.29% avg_score=0.672 sample_chance_multiplier=0.5
INFO     Policy 1: discharge visited 96.02% avg_score=0.506 sample_chance_multiplier=0.5
INFO     Considered Choices:
INFO     	97.656%: discharge
INFO     Choice: discharge
INFO     Updated slowkinggalar's max speed to 205
INFO     eelektross already has the move discharge. Decrementing the PP by 1
INFO     eelektross used a electric move, removing electricgem from possible items
INFO     Setting eelektross's last used move: discharge
INFO     eelektross used a damaging move - not guessing lifeorb anymore
INFO     eelektross did 19.0% damage to slowkinggalar with discharge
INFO     slowkinggalar used a water move, removing watergem from possible items
INFO     Setting slowkinggalar's last used move: surf
INFO     slowkinggalar used a damaging move - not guessing lifeorb anymore
INFO     slowkinggalar did 13.100000000000001% damage to eelektross with surf
INFO     slowkinggalar has less than maxhp during upkeep, no longer guessing leftovers or blacksludge
INFO     Sampling battle 0
INFO     	  slowkinggalar  regenerator  assaultvest [futuresight, psychicnoise, sludgebomb, surf] ttype=poison
INFO     	        grumpig     thickfat    leftovers [focusblast, nastyplot, psyshock, shadowball] ttype=fighting
INFO     Sampling battle 1
INFO     	  slowkinggalar  regenerator  assaultvest [futuresight, psychicnoise, sludgebomb, surf] ttype=poison
INFO     	        grumpig     thickfat    leftovers [focusblast, nastyplot, psyshock, shadowball] ttype=fighting
INFO     Searching for a move using PUCT MCTS with neural priors...
INFO     Sampling 2 battles at 500ms each
INFO     Computing neural priors for all battles...
INFO     Initialized StateTranslator with TeamPreviewObservationSpace
INFO     Initializing LocalPolicyProvider with model: Abra
INFO     Loading pretrained Abra model...
INFO     CUDA not available - overriding FlashAttention with VanillaAttention
[91mWarning: Using unofficial VanillaAttention implementation[0m


 		 AMAGO v3.1
            	 -------------------------
            	 Agent: MultiTaskAgent
            		 Max Sequence Length: 200
            		 TstepEncoder Type: MetamonTstepEncoder
            		 TrajEncoder Type: TformerTrajEncoder
            		 Total Parameters: 57,535,116
            		 Offline Loss Weight: 1.0
            		 Online Loss Weight: 0.0
            		 Mixed Precision: NO
            		 Checkpoint Path: /Users/yadureddy/Documents/GitHub/clean/pokeagent_ac_mcts/.metamon_cache/pretrained_models/models--jakegrigsby--metamon/snapshots/c5d1cb9abb6747066a325228845a5a8af3d12139/abra/abra/ckpts
            	 Environment:
            		 DummyAsyncVectorEnv(Gym Env x 1)
            		 Exploration Type: None
            	 Dataset: DoNothingDataset
            	 Accelerate Processes: 1 


INFO     Successfully loaded Abra model
ERROR    Error translating battle to observation: 'str' object has no attribute 'name'
WARNING  Failed to get priors for battle: 'str' object has no attribute 'name'
ERROR    Error translating battle to observation: 'str' object has no attribute 'name'
WARNING  Failed to get priors for battle: 'str' object has no attribute 'name'
INFO     Successfully computed neural priors for 0/2 battles
INFO     Using PUCT-guided move selection (priors integrated during search)...
INFO     Policy 0: switch spectrier visited 99.78% avg_score=0.932 sample_chance_multiplier=0.5
INFO     Policy 1: switch spectrier visited 99.78% avg_score=0.932 sample_chance_multiplier=0.5
INFO     Considered Choices:
INFO     	99.778%: switch spectrier
INFO     Choice: switch spectrier
INFO     spectrier switched in, adding intimidate to impossible abilities
INFO     spectrier switched in, adding pressure to impossible abilities
INFO     spectrier switched in, adding neutralizinggas to impossible abilities
INFO     spectrier switched in, adding sandstream to impossible abilities
INFO     spectrier switched in, adding drought to impossible abilities
INFO     spectrier switched in, adding drizzle to impossible abilities
INFO     spectrier switched in, adding snowwarning to impossible abilities
INFO     spectrier switched in, adding boosterenergy to impossible items
INFO     spectrier switched in, adding airballoon to impossible items
INFO     
INFO     Turn: 20
INFO     Sampling battle 0
INFO     	  slowkinggalar  regenerator  assaultvest [futuresight, psychicnoise, sludgebomb, surf] ttype=poison
INFO     	        grumpig     thickfat    leftovers [focusblast, nastyplot, psyshock, shadowball] ttype=fighting
INFO     Sampling battle 1
INFO     	  slowkinggalar  regenerator  assaultvest [fireblast, psychicnoise, sludgebomb, surf] ttype=psychic
INFO     	        grumpig     thickfat    leftovers [focusblast, nastyplot, psyshock, shadowball] ttype=fighting
INFO     Searching for a move using PUCT MCTS with neural priors...
INFO     Sampling 2 battles at 500ms each
INFO     Computing neural priors for all battles...
INFO     Initialized StateTranslator with TeamPreviewObservationSpace
INFO     Initializing LocalPolicyProvider with model: Abra
INFO     Loading pretrained Abra model...
INFO     CUDA not available - overriding FlashAttention with VanillaAttention
[91mWarning: Using unofficial VanillaAttention implementation[0m


 		 AMAGO v3.1
            	 -------------------------
            	 Agent: MultiTaskAgent
            		 Max Sequence Length: 200
            		 TstepEncoder Type: MetamonTstepEncoder
            		 TrajEncoder Type: TformerTrajEncoder
            		 Total Parameters: 57,535,116
            		 Offline Loss Weight: 1.0
            		 Online Loss Weight: 0.0
            		 Mixed Precision: NO
            		 Checkpoint Path: /Users/yadureddy/Documents/GitHub/clean/pokeagent_ac_mcts/.metamon_cache/pretrained_models/models--jakegrigsby--metamon/snapshots/c5d1cb9abb6747066a325228845a5a8af3d12139/abra/abra/ckpts
            	 Environment:
            		 DummyAsyncVectorEnv(Gym Env x 1)
            		 Exploration Type: None
            	 Dataset: DoNothingDataset
            	 Accelerate Processes: 1 


INFO     Successfully loaded Abra model
ERROR    Error translating battle to observation: 'str' object has no attribute 'name'
WARNING  Failed to get priors for battle: 'str' object has no attribute 'name'
ERROR    Error translating battle to observation: 'str' object has no attribute 'name'
WARNING  Failed to get priors for battle: 'str' object has no attribute 'name'
INFO     Successfully computed neural priors for 0/2 battles
INFO     Using PUCT-guided move selection (priors integrated during search)...
INFO     Policy 0: nastyplot visited 99.53% avg_score=0.911 sample_chance_multiplier=0.5
INFO     Policy 1: nastyplot visited 99.69% avg_score=0.843 sample_chance_multiplier=0.5
INFO     Considered Choices:
INFO     	99.61%: nastyplot
INFO     Choice: nastyplot
INFO     Updated slowkinggalar's max speed to 205
INFO     spectrier already has the move nastyplot. Decrementing the PP by 1
INFO     spectrier using nastyplot makes it unlikely to have a choice item. Setting can_have_choice_item to False
INFO     spectrier used a status-move. Adding `assaultvest` to impossible items
INFO     Setting spectrier's last used move: nastyplot
INFO     spectrier's special-attack was boosted by 2 to 2
INFO     slowkinggalar used two different moves - it cannot have a choice item
INFO     slowkinggalar used a psychic move, removing psychicgem from possible items
INFO     Setting slowkinggalar's last used move: psychicnoise
INFO     slowkinggalar used a damaging move - not guessing lifeorb anymore
INFO     slowkinggalar did 37.230000000000004% damage to spectrier with psychicnoise
INFO     Starting the volatile status healblock on spectrier
INFO     slowkinggalar has less than maxhp during upkeep, no longer guessing leftovers or blacksludge
INFO     
INFO     Turn: 21
INFO     Sampling battle 0
INFO     	  slowkinggalar  regenerator  assaultvest [futuresight, psychicnoise, sludgebomb, surf] ttype=water
INFO     	        grumpig     thickfat    leftovers [focusblast, nastyplot, psyshock, shadowball] ttype=fighting
INFO     Sampling battle 1
INFO     	  slowkinggalar  regenerator  assaultvest [futuresight, psychicnoise, sludgebomb, surf] ttype=water
INFO     	        grumpig     thickfat    leftovers [focusblast, nastyplot, psyshock, shadowball] ttype=fighting
INFO     Searching for a move using PUCT MCTS with neural priors...
INFO     Sampling 2 battles at 500ms each
INFO     Computing neural priors for all battles...
INFO     Initialized StateTranslator with TeamPreviewObservationSpace
INFO     Initializing LocalPolicyProvider with model: Abra
INFO     Loading pretrained Abra model...
INFO     CUDA not available - overriding FlashAttention with VanillaAttention
[91mWarning: Using unofficial VanillaAttention implementation[0m


 		 AMAGO v3.1
            	 -------------------------
            	 Agent: MultiTaskAgent
            		 Max Sequence Length: 200
            		 TstepEncoder Type: MetamonTstepEncoder
            		 TrajEncoder Type: TformerTrajEncoder
            		 Total Parameters: 57,535,116
            		 Offline Loss Weight: 1.0
            		 Online Loss Weight: 0.0
            		 Mixed Precision: NO
            		 Checkpoint Path: /Users/yadureddy/Documents/GitHub/clean/pokeagent_ac_mcts/.metamon_cache/pretrained_models/models--jakegrigsby--metamon/snapshots/c5d1cb9abb6747066a325228845a5a8af3d12139/abra/abra/ckpts
            	 Environment:
            		 DummyAsyncVectorEnv(Gym Env x 1)
            		 Exploration Type: None
            	 Dataset: DoNothingDataset
            	 Accelerate Processes: 1 


INFO     Successfully loaded Abra model
ERROR    Error translating battle to observation: 'str' object has no attribute 'name'
WARNING  Failed to get priors for battle: 'str' object has no attribute 'name'
ERROR    Error translating battle to observation: 'str' object has no attribute 'name'
WARNING  Failed to get priors for battle: 'str' object has no attribute 'name'
INFO     Successfully computed neural priors for 0/2 battles
INFO     Using PUCT-guided move selection (priors integrated during search)...
INFO     Policy 0: shadowball visited 99.74% avg_score=0.956 sample_chance_multiplier=0.5
INFO     Policy 1: shadowball visited 99.74% avg_score=0.956 sample_chance_multiplier=0.5
INFO     Considered Choices:
INFO     	99.737%: shadowball
INFO     Choice: shadowball
INFO     Updated slowkinggalar's max speed to 205
INFO     spectrier already has the move shadowball. Decrementing the PP by 1
INFO     spectrier used a ghost move, removing ghostgem from possible items
INFO     Setting spectrier's last used move: shadowball
INFO     spectrier used a damaging move - not guessing lifeorb anymore
INFO     spectrier did 70.0% damage to slowkinggalar with shadowball
INFO     slowkinggalar already has the move surf. Decrementing the PP by 1
INFO     slowkinggalar used two different moves - it cannot have a choice item
INFO     slowkinggalar used a water move, removing watergem from possible items
INFO     Setting slowkinggalar's last used move: surf
INFO     slowkinggalar used a damaging move - not guessing lifeorb anymore
INFO     slowkinggalar did 31.39% damage to spectrier with surf
INFO     Removing the volatile status healblock from spectrier
INFO     slowkinggalar has less than maxhp during upkeep, no longer guessing leftovers or blacksludge
INFO     
INFO     Turn: 22
INFO     Sampling battle 0
INFO     	  slowkinggalar  regenerator  assaultvest [fireblast, psychicnoise, sludgebomb, surf] ttype=poison
INFO     	        grumpig     thickfat    leftovers [focusblast, nastyplot, psyshock, shadowball] ttype=fighting
INFO     Sampling battle 1
INFO     	  slowkinggalar  regenerator  assaultvest [futuresight, psychicnoise, sludgebomb, surf] ttype=poison
INFO     	        grumpig     thickfat    leftovers [focusblast, nastyplot, psyshock, shadowball] ttype=fighting
INFO     Searching for a move using PUCT MCTS with neural priors...
INFO     Sampling 2 battles at 500ms each
INFO     Computing neural priors for all battles...
INFO     Initialized StateTranslator with TeamPreviewObservationSpace
INFO     Initializing LocalPolicyProvider with model: Abra
INFO     Loading pretrained Abra model...
INFO     CUDA not available - overriding FlashAttention with VanillaAttention
[91mWarning: Using unofficial VanillaAttention implementation[0m


 		 AMAGO v3.1
            	 -------------------------
            	 Agent: MultiTaskAgent
            		 Max Sequence Length: 200
            		 TstepEncoder Type: MetamonTstepEncoder
            		 TrajEncoder Type: TformerTrajEncoder
            		 Total Parameters: 57,535,116
            		 Offline Loss Weight: 1.0
            		 Online Loss Weight: 0.0
            		 Mixed Precision: NO
            		 Checkpoint Path: /Users/yadureddy/Documents/GitHub/clean/pokeagent_ac_mcts/.metamon_cache/pretrained_models/models--jakegrigsby--metamon/snapshots/c5d1cb9abb6747066a325228845a5a8af3d12139/abra/abra/ckpts
            	 Environment:
            		 DummyAsyncVectorEnv(Gym Env x 1)
            		 Exploration Type: None
            	 Dataset: DoNothingDataset
            	 Accelerate Processes: 1 


INFO     Successfully loaded Abra model
ERROR    Error translating battle to observation: 'str' object has no attribute 'name'
WARNING  Failed to get priors for battle: 'str' object has no attribute 'name'
ERROR    Error translating battle to observation: 'str' object has no attribute 'name'
WARNING  Failed to get priors for battle: 'str' object has no attribute 'name'
INFO     Successfully computed neural priors for 0/2 battles
INFO     Using PUCT-guided move selection (priors integrated during search)...
INFO     Policy 0: shadowball visited 99.91% avg_score=0.998 sample_chance_multiplier=0.5
INFO     Policy 1: shadowball visited 99.91% avg_score=0.999 sample_chance_multiplier=0.5
INFO     Considered Choices:
INFO     	99.91%: shadowball
INFO     Choice: shadowball
INFO     spectrier already has the move shadowball. Decrementing the PP by 1
INFO     spectrier used a ghost move, removing ghostgem from possible items
INFO     Setting spectrier's last used move: shadowball
INFO     spectrier used a damaging move - not guessing lifeorb anymore
INFO     spectrier did 11.0% damage to slowkinggalar with shadowball
INFO     Setting spectrier's ability to grimneigh
INFO     spectrier's special-attack was boosted by 1 to 3
INFO     Setting spectrier's item to: leftovers
INFO     slowkinggalar has less than maxhp during upkeep, no longer guessing leftovers or blacksludge
INFO     Opponent has switched - clearing the last used move
INFO     grumpig's speed was unboosted by 1 to -1
INFO     
INFO     Turn: 23
INFO     Sampling battle 0
INFO     	        grumpig     thickfat    leftovers [focusblast, nastyplot, psyshock, shadowball] ttype=fighting
INFO     Sampling battle 1
INFO     	        grumpig     thickfat    leftovers [focusblast, nastyplot, psyshock, shadowball] ttype=fighting
INFO     Searching for a move using PUCT MCTS with neural priors...
INFO     Sampling 2 battles at 500ms each
INFO     Computing neural priors for all battles...
INFO     Initialized StateTranslator with TeamPreviewObservationSpace
INFO     Initializing LocalPolicyProvider with model: Abra
INFO     Loading pretrained Abra model...
INFO     CUDA not available - overriding FlashAttention with VanillaAttention
[91mWarning: Using unofficial VanillaAttention implementation[0m


 		 AMAGO v3.1
            	 -------------------------
            	 Agent: MultiTaskAgent
            		 Max Sequence Length: 200
            		 TstepEncoder Type: MetamonTstepEncoder
            		 TrajEncoder Type: TformerTrajEncoder
            		 Total Parameters: 57,535,116
            		 Offline Loss Weight: 1.0
            		 Online Loss Weight: 0.0
            		 Mixed Precision: NO
            		 Checkpoint Path: /Users/yadureddy/Documents/GitHub/clean/pokeagent_ac_mcts/.metamon_cache/pretrained_models/models--jakegrigsby--metamon/snapshots/c5d1cb9abb6747066a325228845a5a8af3d12139/abra/abra/ckpts
            	 Environment:
            		 DummyAsyncVectorEnv(Gym Env x 1)
            		 Exploration Type: None
            	 Dataset: DoNothingDataset
            	 Accelerate Processes: 1 


INFO     Successfully loaded Abra model
ERROR    Error translating battle to observation: 'str' object has no attribute 'name'
WARNING  Failed to get priors for battle: 'str' object has no attribute 'name'
ERROR    Error translating battle to observation: 'str' object has no attribute 'name'
WARNING  Failed to get priors for battle: 'str' object has no attribute 'name'
INFO     Successfully computed neural priors for 0/2 battles
INFO     Using PUCT-guided move selection (priors integrated during search)...
INFO     Policy 0: shadowball visited 99.13% avg_score=1.0 sample_chance_multiplier=0.5
INFO     Policy 1: shadowball visited 99.13% avg_score=1.0 sample_chance_multiplier=0.5
INFO     Considered Choices:
INFO     	99.126%: shadowball
INFO     Choice: shadowball
INFO     Winner: AbraMCTS
INFO     Won with team: None
INFO     W: 3	L: 1
INFO     Searching for ranked gen9randombattle match
INFO     Initialized battle-gen9randombattle-80 against: VanillaMCTS
INFO     Opponent has switched - clearing the last used move
INFO     lunala switched in, adding intimidate to impossible abilities
INFO     lunala switched in, adding pressure to impossible abilities
INFO     lunala switched in, adding neutralizinggas to impossible abilities
INFO     lunala switched in, adding sandstream to impossible abilities
INFO     lunala switched in, adding drought to impossible abilities
INFO     lunala switched in, adding drizzle to impossible abilities
INFO     lunala switched in, adding snowwarning to impossible abilities
INFO     lunala switched in, adding boosterenergy to impossible items
INFO     lunala switched in, adding airballoon to impossible items
INFO     
INFO     Turn: 1
INFO     Sampling battle 0
INFO     	         lunala shadowshield    leftovers [calmmind, moongeistbeam, moonlight, psyshock] ttype=dark
INFO     Sampling 5 unrevealed pokemon
INFO     	           uxie     levitate    leftovers [encore, knockoff, psychicnoise, stealthrock] ttype=dark
INFO     	       pelipper      drizzle heavydutyboots [hurricane, knockoff, roost, surf] ttype=water
INFO     	taurospaldeacombat   intimidate   choiceband [closecombat, ironhead, stoneedge, throatchop] ttype=dark
INFO     	       houndoom    flashfire heavydutyboots [darkpulse, fireblast, sludgebomb, suckerpunch] ttype=fire
INFO     	     pincurchin electricsurge    leftovers [curse, liquidation, recover, zingzap] ttype=grass
INFO     Sampling battle 1
INFO     	         lunala shadowshield    leftovers [calmmind, moongeistbeam, moonlight, psyshock] ttype=fairy
INFO     Sampling 5 unrevealed pokemon
INFO     	 oricoriopompom       dancer heavydutyboots [hurricane, quiverdance, revelationdance, roost] ttype=ground
INFO     	     chesnaught  bulletproof  rockyhelmet [bodypress, knockoff, synthesis, woodhammer] ttype=steel
INFO     	     toedscruel myceliummight    leftovers [earthpower, leafstorm, spore, toxic] ttype=water
INFO     	       necrozma   prismarmor      lifeorb [dragondance, earthquake, knockoff, photongeyser] ttype=steel
INFO     	     skeledirge      unaware heavydutyboots [flamecharge, shadowball, slackoff, torchsong] ttype=fairy
INFO     Sampling battle 2
INFO     	         lunala shadowshield    leftovers [calmmind, moonblast, moongeistbeam, moonlight] ttype=fairy
INFO     Sampling 5 unrevealed pokemon
INFO     	      revavroom       filter      lifeorb [gunkshot, highhorsepower, ironhead, shiftgear] ttype=ground
INFO     	      dragonite   multiscale heavydutyboots [dragondance, earthquake, outrage, terablast] ttype=flying
INFO     	      regigigas    slowstart    leftovers [bodyslam, knockoff, protect, substitute] ttype=ghost
INFO     	       overqwil   intimidate   choiceband [aquajet, crunch, gunkshot, liquidation] ttype=water
INFO     	         pawmot   voltabsorb      lifeorb [closecombat, doubleshock, knockoff, revivalblessing] ttype=electric
INFO     Sampling battle 3
INFO     	         lunala shadowshield    leftovers [calmmind, focusblast, moongeistbeam, moonlight] ttype=fighting
INFO     Sampling 5 unrevealed pokemon
INFO     	         palkia     pressure  choicespecs [dracometeor, fireblast, hydropump, spacialrend] ttype=water
INFO     	       miraidon hadronengine    leftovers [calmmind, dracometeor, electrodrift, substitute] ttype=electric
INFO     	  samurotthisui    sharpness   choiceband [ceaselessedge, razorshell, sacredsword, suckerpunch] ttype=dark
INFO     	       overqwil   intimidate      lifeorb [crunch, gunkshot, liquidation, swordsdance] ttype=water
INFO     	       necrozma   prismarmor      lifeorb [earthquake, knockoff, photongeyser, swordsdance] ttype=steel
INFO     Searching for a move using PUCT MCTS with neural priors...
INFO     Sampling 4 battles at 250ms each
INFO     Computing neural priors for all battles...
INFO     Initialized StateTranslator with TeamPreviewObservationSpace
INFO     Initializing LocalPolicyProvider with model: Abra
INFO     Loading pretrained Abra model...
INFO     CUDA not available - overriding FlashAttention with VanillaAttention
[91mWarning: Using unofficial VanillaAttention implementation[0m


 		 AMAGO v3.1
            	 -------------------------
            	 Agent: MultiTaskAgent
            		 Max Sequence Length: 200
            		 TstepEncoder Type: MetamonTstepEncoder
            		 TrajEncoder Type: TformerTrajEncoder
            		 Total Parameters: 57,535,116
            		 Offline Loss Weight: 1.0
            		 Online Loss Weight: 0.0
            		 Mixed Precision: NO
            		 Checkpoint Path: /Users/yadureddy/Documents/GitHub/clean/pokeagent_ac_mcts/.metamon_cache/pretrained_models/models--jakegrigsby--metamon/snapshots/c5d1cb9abb6747066a325228845a5a8af3d12139/abra/abra/ckpts
            	 Environment:
            		 DummyAsyncVectorEnv(Gym Env x 1)
            		 Exploration Type: None
            	 Dataset: DoNothingDataset
            	 Accelerate Processes: 1 


INFO     Successfully loaded Abra model
ERROR    Error translating battle to observation: 
WARNING  Failed to get priors for battle: 
ERROR    Error translating battle to observation: 
WARNING  Failed to get priors for battle: 
ERROR    Error translating battle to observation: 
WARNING  Failed to get priors for battle: 
ERROR    Error translating battle to observation: 
WARNING  Failed to get priors for battle: 
INFO     Successfully computed neural priors for 0/4 battles
INFO     Using PUCT-guided move selection (priors integrated during search)...
INFO     Policy 0: switch klefki visited 63.87% avg_score=0.47 sample_chance_multiplier=0.25
INFO     Policy 1: switch klefki visited 72.71% avg_score=0.479 sample_chance_multiplier=0.25
INFO     Policy 2: switch klefki visited 92.49% avg_score=0.515 sample_chance_multiplier=0.25
INFO     Policy 3: switch klefki visited 69.06% avg_score=0.487 sample_chance_multiplier=0.25
INFO     Considered Choices:
INFO     	74.532%: switch klefki
INFO     Choice: switch klefki
INFO     klefki switched in, adding intimidate to impossible abilities
INFO     klefki switched in, adding pressure to impossible abilities
INFO     klefki switched in, adding neutralizinggas to impossible abilities
INFO     klefki switched in, adding sandstream to impossible abilities
INFO     klefki switched in, adding drought to impossible abilities
INFO     klefki switched in, adding drizzle to impossible abilities
INFO     klefki switched in, adding snowwarning to impossible abilities
INFO     klefki switched in, adding boosterenergy to impossible items
INFO     klefki switched in, adding airballoon to impossible items
INFO     lunala used a ghost move, removing ghostgem from possible items
INFO     Setting lunala's last used move: moongeistbeam
INFO     lunala used a damaging move - not guessing lifeorb anymore
INFO     lunala did 45.49% damage to klefki with moongeistbeam
WARNING  Would remove all possibilities, not removing any
WARNING  actual_damage_dealt=105.99170000000001
INFO     Setting klefki's item to: leftovers
INFO     
INFO     Turn: 2
INFO     Sampling battle 0
INFO     	         lunala shadowshield    leftovers [calmmind, moongeistbeam, moonlight, psyshock] ttype=fairy
INFO     Sampling 5 unrevealed pokemon
INFO     	       solgaleo fullmetalbody  rockyhelmet [earthquake, morningsun, psychicfangs, sunsteelstrike] ttype=water
INFO     	        toxapex  regenerator    leftovers [haze, liquidation, recover, toxic] ttype=fairy
INFO     	        sableye    prankster    leftovers [encore, knockoff, recover, thunderwave] ttype=poison
INFO     	enamorustherian     overcoat  assaultvest [earthpower, moonblast, psychic, superpower] ttype=fairy
INFO     	         goodra    sapsipper  assaultvest [dracometeor, earthquake, powerwhip, sludgebomb] ttype=poison
INFO     Sampling battle 1
INFO     	         lunala shadowshield    leftovers [calmmind, moonblast, moongeistbeam, moonlight] ttype=fairy
INFO     Sampling 5 unrevealed pokemon
INFO     	       swampert         damp    leftovers [earthquake, knockoff, stealthrock, yawn] ttype=poison
INFO     	          minun   voltabsorb      lifeorb [encore, grassknot, nastyplot, thunderbolt] ttype=electric
INFO     	         kyurem     pressure heavydutyboots [earthpower, freezedry, icebeam, outrage] ttype=ground
INFO     	         mewtwo      unnerve      lifeorb [aurasphere, darkpulse, nastyplot, psystrike] ttype=psychic
INFO     	ogerponhearthflame  moldbreaker hearthflamemask [ivycudgel, knockoff, powerwhip, swordsdance] ttype=fire
INFO     Searching for a move using PUCT MCTS with neural priors...
INFO     Sampling 2 battles at 500ms each
INFO     Computing neural priors for all battles...
INFO     Initialized StateTranslator with TeamPreviewObservationSpace
INFO     Initializing LocalPolicyProvider with model: Abra
INFO     Loading pretrained Abra model...
INFO     CUDA not available - overriding FlashAttention with VanillaAttention
[91mWarning: Using unofficial VanillaAttention implementation[0m


 		 AMAGO v3.1
            	 -------------------------
            	 Agent: MultiTaskAgent
            		 Max Sequence Length: 200
            		 TstepEncoder Type: MetamonTstepEncoder
            		 TrajEncoder Type: TformerTrajEncoder
            		 Total Parameters: 57,535,116
            		 Offline Loss Weight: 1.0
            		 Online Loss Weight: 0.0
            		 Mixed Precision: NO
            		 Checkpoint Path: /Users/yadureddy/Documents/GitHub/clean/pokeagent_ac_mcts/.metamon_cache/pretrained_models/models--jakegrigsby--metamon/snapshots/c5d1cb9abb6747066a325228845a5a8af3d12139/abra/abra/ckpts
            	 Environment:
            		 DummyAsyncVectorEnv(Gym Env x 1)
            		 Exploration Type: None
            	 Dataset: DoNothingDataset
            	 Accelerate Processes: 1 


INFO     Successfully loaded Abra model
ERROR    Error translating battle to observation: 
WARNING  Failed to get priors for battle: 
ERROR    Error translating battle to observation: 
WARNING  Failed to get priors for battle: 
INFO     Successfully computed neural priors for 0/2 battles
INFO     Using PUCT-guided move selection (priors integrated during search)...
INFO     Policy 0: spikes visited 98.67% avg_score=0.666 sample_chance_multiplier=0.5
INFO     Policy 1: spikes visited 98.32% avg_score=0.662 sample_chance_multiplier=0.5
INFO     Considered Choices:
INFO     	98.497%: spikes
INFO     Choice: spikes
INFO     klefki already has the move spikes. Decrementing the PP by 1
INFO     klefki used a status-move. Adding `assaultvest` to impossible items
INFO     Setting klefki's last used move: spikes
INFO     Incremented side condition spikes to 1 for lunala
INFO     lunala used two different moves - it cannot have a choice item
INFO     lunala using calmmind makes it unlikely to have a choice item. Setting can_have_choice_item to False
INFO     lunala used a status-move. Adding `assaultvest` to impossible items
INFO     Setting lunala's last used move: calmmind
INFO     lunala's special-attack was boosted by 1 to 1
INFO     lunala's special-defense was boosted by 1 to 1
INFO     Setting klefki's item to: leftovers
INFO     
INFO     Turn: 3
INFO     Sampling battle 0
INFO     	         lunala shadowshield    leftovers [calmmind, focusblast, moongeistbeam, moonlight] ttype=fighting
INFO     Sampling 5 unrevealed pokemon
INFO     	          lugia   multiscale heavydutyboots [aeroblast, calmmind, earthpower, recover] ttype=ground
INFO     	       cacturne  waterabsorb      lifeorb [drainpunch, seedbomb, suckerpunch, swordsdance] ttype=dark
INFO     	      magmortar    flamebody heavydutyboots [fireblast, focusblast, taunt, thunderbolt] ttype=fighting
INFO     	       vaporeon  waterabsorb    leftovers [protect, roar, scald, wish] ttype=ghost
INFO     	        gurdurr         guts     eviolite [defog, drainpunch, knockoff, machpunch] ttype=steel
INFO     Sampling battle 1
INFO     	         lunala shadowshield    leftovers [calmmind, moonblast, moongeistbeam, moonlight] ttype=fairy
INFO     Sampling 5 unrevealed pokemon
INFO     	      mandibuzz     overcoat heavydutyboots [foulplay, roost, toxic, uturn] ttype=steel
INFO     	          golem       sturdy weaknesspolicy [earthquake, explosion, rockpolish, stoneedge] ttype=grass
INFO     	        dewgong     thickfat heavydutyboots [encore, flipturn, icebeam, surf] ttype=ground
INFO     	    kyuremblack     teravolt   loadeddice [dragondance, fusionbolt, iciclespear, scaleshot] ttype=electric
INFO     	     sandaconda     shedskin    leftovers [earthquake, glare, stealthrock, stoneedge] ttype=dragon
INFO     Searching for a move using PUCT MCTS with neural priors...
INFO     Sampling 2 battles at 500ms each
INFO     Computing neural priors for all battles...
INFO     Initialized StateTranslator with TeamPreviewObservationSpace
INFO     Initializing LocalPolicyProvider with model: Abra
INFO     Loading pretrained Abra model...
INFO     CUDA not available - overriding FlashAttention with VanillaAttention
[91mWarning: Using unofficial VanillaAttention implementation[0m


 		 AMAGO v3.1
            	 -------------------------
            	 Agent: MultiTaskAgent
            		 Max Sequence Length: 200
            		 TstepEncoder Type: MetamonTstepEncoder
            		 TrajEncoder Type: TformerTrajEncoder
            		 Total Parameters: 57,535,116
            		 Offline Loss Weight: 1.0
            		 Online Loss Weight: 0.0
            		 Mixed Precision: NO
            		 Checkpoint Path: /Users/yadureddy/Documents/GitHub/clean/pokeagent_ac_mcts/.metamon_cache/pretrained_models/models--jakegrigsby--metamon/snapshots/c5d1cb9abb6747066a325228845a5a8af3d12139/abra/abra/ckpts
            	 Environment:
            		 DummyAsyncVectorEnv(Gym Env x 1)
            		 Exploration Type: None
            	 Dataset: DoNothingDataset
            	 Accelerate Processes: 1 


INFO     Successfully loaded Abra model
ERROR    Error translating battle to observation: 
WARNING  Failed to get priors for battle: 
ERROR    Error translating battle to observation: 
WARNING  Failed to get priors for battle: 
INFO     Successfully computed neural priors for 0/2 battles
INFO     Using PUCT-guided move selection (priors integrated during search)...
INFO     Policy 0: thunderwave visited 99.12% avg_score=0.69 sample_chance_multiplier=0.5
INFO     Policy 1: foulplay visited 91.48% avg_score=0.72 sample_chance_multiplier=0.5
INFO     Considered Choices:
INFO     	50.255%: thunderwave
INFO     	45.839%: foulplay
INFO     Choice: foulplay
INFO     Updated lunala's min speed to 174
INFO     lunala already has the move calmmind. Decrementing the PP by 1
INFO     lunala using calmmind makes it unlikely to have a choice item. Setting can_have_choice_item to False
INFO     lunala used a status-move. Adding `assaultvest` to impossible items
INFO     Setting lunala's last used move: calmmind
INFO     lunala's special-attack was boosted by 1 to 2
INFO     lunala's special-defense was boosted by 1 to 2
INFO     klefki already has the move foulplay. Decrementing the PP by 1
INFO     klefki used a dark move, removing darkgem from possible items
INFO     Setting klefki's last used move: foulplay
INFO     klefki used a damaging move - not guessing lifeorb anymore
INFO     klefki did 41.0% damage to lunala with foulplay
INFO     Setting lunala's item to: leftovers
INFO     Setting klefki's item to: leftovers
INFO     lunala has less than maxhp during upkeep, no longer guessing leftovers or blacksludge
INFO     
INFO     Turn: 4
INFO     Sampling battle 0
INFO     	         lunala shadowshield    leftovers [calmmind, moongeistbeam, moonlight, psyshock] ttype=dark
INFO     Sampling 5 unrevealed pokemon
INFO     	      heracross        moxie   choiceband [closecombat, earthquake, megahorn, stoneedge] ttype=fighting
INFO     	          hypno     insomnia    leftovers [encore, knockoff, psychicnoise, thunderwave] ttype=dark
INFO     	       rotommow     levitate    leftovers [leafstorm, nastyplot, thunderbolt, willowisp] ttype=grass
INFO     	       froslass   cursedbody     widelens [poltergeist, taunt, tripleaxel, willowisp] ttype=ice
INFO     	     conkeldurr         guts     flameorb [closecombat, facade, knockoff, machpunch] ttype=normal
INFO     Sampling battle 1
INFO     	         lunala shadowshield    leftovers [calmmind, moongeistbeam, moonlight, psyshock] ttype=fairy
INFO     Sampling 5 unrevealed pokemon
INFO     	     arceusfire    multitype   flameplate [dragondance, earthquake, flareblitz, recover] ttype=fire
INFO     	         rhydon lightningrod     eviolite [earthquake, megahorn, stoneedge, swordsdance] ttype=water
INFO     	      regigigas    slowstart    leftovers [bodyslam, knockoff, protect, substitute] ttype=poison
INFO     	      revavroom       filter      lifeorb [gunkshot, highhorsepower, ironhead, shiftgear] ttype=ground
INFO     	         latias     levitate      souldew [calmmind, dracometeor, psyshock, recover] ttype=steel
INFO     Searching for a move using PUCT MCTS with neural priors...
INFO     Sampling 2 battles at 500ms each
INFO     Computing neural priors for all battles...
INFO     Initialized StateTranslator with TeamPreviewObservationSpace
INFO     Initializing LocalPolicyProvider with model: Abra
INFO     Loading pretrained Abra model...
INFO     CUDA not available - overriding FlashAttention with VanillaAttention
[91mWarning: Using unofficial VanillaAttention implementation[0m


 		 AMAGO v3.1
            	 -------------------------
            	 Agent: MultiTaskAgent
            		 Max Sequence Length: 200
            		 TstepEncoder Type: MetamonTstepEncoder
            		 TrajEncoder Type: TformerTrajEncoder
            		 Total Parameters: 57,535,116
            		 Offline Loss Weight: 1.0
            		 Online Loss Weight: 0.0
            		 Mixed Precision: NO
            		 Checkpoint Path: /Users/yadureddy/Documents/GitHub/clean/pokeagent_ac_mcts/.metamon_cache/pretrained_models/models--jakegrigsby--metamon/snapshots/c5d1cb9abb6747066a325228845a5a8af3d12139/abra/abra/ckpts
            	 Environment:
            		 DummyAsyncVectorEnv(Gym Env x 1)
            		 Exploration Type: None
            	 Dataset: DoNothingDataset
            	 Accelerate Processes: 1 


INFO     Successfully loaded Abra model
ERROR    Error translating battle to observation: 
WARNING  Failed to get priors for battle: 
ERROR    Error translating battle to observation: 
WARNING  Failed to get priors for battle: 
INFO     Successfully computed neural priors for 0/2 battles
INFO     Using PUCT-guided move selection (priors integrated during search)...
INFO     Policy 0: foulplay visited 80.13% avg_score=0.77 sample_chance_multiplier=0.5
INFO     Policy 1: foulplay visited 95.48% avg_score=0.796 sample_chance_multiplier=0.5
INFO     Considered Choices:
INFO     	87.806%: foulplay
INFO     Choice: foulplay
INFO     Updated lunala's min speed to 174
INFO     lunala used two different moves - it cannot have a choice item
INFO     lunala used a status-move. Adding `assaultvest` to impossible items
INFO     Setting lunala's last used move: moonlight
INFO     klefki already has the move foulplay. Decrementing the PP by 1
INFO     klefki used a dark move, removing darkgem from possible items
INFO     Setting klefki's last used move: foulplay
INFO     klefki used a damaging move - not guessing lifeorb anymore
INFO     klefki did 43.0% damage to lunala with foulplay
INFO     Setting lunala's item to: leftovers
INFO     Setting klefki's item to: leftovers
INFO     lunala has less than maxhp during upkeep, no longer guessing leftovers or blacksludge
INFO     
INFO     Turn: 5
INFO     Sampling battle 0
INFO     	         lunala shadowshield    leftovers [calmmind, moongeistbeam, moonlight, psyshock] ttype=fairy
INFO     Sampling 5 unrevealed pokemon
INFO     	     masquerain   intimidate heavydutyboots [bugbuzz, hurricane, hydropump, stunspore] ttype=steel
INFO     	        volbeat    prankster heavydutyboots [encore, lunge, roost, thunderwave] ttype=steel
INFO     	      terapagos    terashift  chestoberry [calmmind, darkpulse, rest, terastarstorm] ttype=stellar
INFO     	       empoleon  competitive    leftovers [flipturn, roost, stealthrock, surf] ttype=grass
INFO     	      hitmontop   intimidate  assaultvest [closecombat, earthquake, rapidspin, stoneedge] ttype=steel
INFO     Sampling battle 1
INFO     	         lunala shadowshield    leftovers [calmmind, moongeistbeam, moonlight, psyshock] ttype=fairy
INFO     Sampling 5 unrevealed pokemon
INFO     	      ironcrown   quarkdrive  choicespecs [focusblast, psyshock, tachyoncutter, voltswitch] ttype=fighting
INFO     	       appletun     thickfat    leftovers [appleacid, dracometeor, leechseed, recover] ttype=steel
INFO     	  samurotthisui    sharpness   choiceband [ceaselessedge, flipturn, razorshell, sacredsword] ttype=dark
INFO     	    stonjourner    powerspot      lifeorb [earthquake, heatcrash, rockpolish, stoneedge] ttype=ground
INFO     	       greninja      protean      lifeorb [gunkshot, hydropump, spikes, uturn] ttype=poison
INFO     Searching for a move using PUCT MCTS with neural priors...
INFO     Sampling 2 battles at 500ms each
INFO     Computing neural priors for all battles...
INFO     Initialized StateTranslator with TeamPreviewObservationSpace
INFO     Initializing LocalPolicyProvider with model: Abra
INFO     Loading pretrained Abra model...
INFO     CUDA not available - overriding FlashAttention with VanillaAttention
[91mWarning: Using unofficial VanillaAttention implementation[0m


 		 AMAGO v3.1
            	 -------------------------
            	 Agent: MultiTaskAgent
            		 Max Sequence Length: 200
            		 TstepEncoder Type: MetamonTstepEncoder
            		 TrajEncoder Type: TformerTrajEncoder
            		 Total Parameters: 57,535,116
            		 Offline Loss Weight: 1.0
            		 Online Loss Weight: 0.0
            		 Mixed Precision: NO
            		 Checkpoint Path: /Users/yadureddy/Documents/GitHub/clean/pokeagent_ac_mcts/.metamon_cache/pretrained_models/models--jakegrigsby--metamon/snapshots/c5d1cb9abb6747066a325228845a5a8af3d12139/abra/abra/ckpts
            	 Environment:
            		 DummyAsyncVectorEnv(Gym Env x 1)
            		 Exploration Type: None
            	 Dataset: DoNothingDataset
            	 Accelerate Processes: 1 


INFO     Successfully loaded Abra model
ERROR    Error translating battle to observation: 
WARNING  Failed to get priors for battle: 
ERROR    Error translating battle to observation: 
WARNING  Failed to get priors for battle: 
INFO     Successfully computed neural priors for 0/2 battles
INFO     Using PUCT-guided move selection (priors integrated during search)...
INFO     Policy 0: foulplay visited 90.06% avg_score=0.794 sample_chance_multiplier=0.5
INFO     Policy 1: foulplay visited 97.96% avg_score=0.83 sample_chance_multiplier=0.5
INFO     Considered Choices:
INFO     	94.007%: foulplay
INFO     Choice: foulplay
INFO     Opponent has switched - clearing the last used move
INFO     gogoat switched in, adding intimidate to impossible abilities
INFO     gogoat switched in, adding pressure to impossible abilities
INFO     gogoat switched in, adding neutralizinggas to impossible abilities
INFO     gogoat switched in, adding sandstream to impossible abilities
INFO     gogoat switched in, adding drought to impossible abilities
INFO     gogoat switched in, adding drizzle to impossible abilities
INFO     gogoat switched in, adding snowwarning to impossible abilities
INFO     gogoat switched in, adding boosterenergy to impossible items
INFO     gogoat switched in, adding airballoon to impossible items
INFO     gogoat was affected by spikes, it cannot have heavydutyboots
INFO     klefki already has the move foulplay. Decrementing the PP by 1
INFO     klefki used a dark move, removing darkgem from possible items
INFO     Setting klefki's last used move: foulplay
INFO     klefki used a damaging move - not guessing lifeorb anymore
INFO     klefki did 26.0% damage to gogoat with foulplay
INFO     Setting klefki's item to: leftovers
INFO     Setting gogoat's item to: leftovers
INFO     gogoat has less than maxhp during upkeep, no longer guessing leftovers or blacksludge
INFO     
INFO     Turn: 6
INFO     Sampling battle 0
INFO     	         gogoat    sapsipper    leftovers [bulkup, hornleech, milkdrink, rockslide] ttype=water
INFO     	         lunala shadowshield    leftovers [calmmind, moongeistbeam, moonlight, psyshock] ttype=dark
INFO     Sampling 4 unrevealed pokemon
INFO     	          lugia   multiscale heavydutyboots [aeroblast, calmmind, earthpower, recover] ttype=ground
INFO     	       tsareena queenlymajesty  assaultvest [knockoff, powerwhip, rapidspin, uturn] ttype=steel
INFO     	      charizard        blaze heavydutyboots [dragondance, earthquake, flareblitz, outrage] ttype=dragon
INFO     	      pachirisu   voltabsorb  assaultvest [nuzzle, superfang, thunderbolt, uturn] ttype=flying
INFO     Sampling battle 1
INFO     	         gogoat    sapsipper    leftovers [bulkup, earthquake, hornleech, milkdrink] ttype=ground
INFO     	         lunala shadowshield    leftovers [calmmind, focusblast, moongeistbeam, moonlight] ttype=fighting
INFO     Sampling 4 unrevealed pokemon
INFO     	      greattusk protosynthesis   choiceband [closecombat, headlongrush, icespinner, stoneedge] ttype=steel
INFO     	          rotom     levitate      lifeorb [nastyplot, shadowball, thunderbolt, willowisp] ttype=ghost
INFO     	       gumshoos adaptability   choiceband [doubleedge, earthquake, knockoff, uturn] ttype=ground
INFO     	    kyuremblack     teravolt   loadeddice [dragondance, fusionbolt, iciclespear, scaleshot] ttype=electric
INFO     Sampling battle 2
INFO     	         gogoat    sapsipper    leftovers [bulkup, hornleech, milkdrink, rockslide] ttype=water
INFO     	         lunala shadowshield    leftovers [calmmind, moongeistbeam, moonlight, psyshock] ttype=fairy
INFO     Sampling 4 unrevealed pokemon
INFO     	      heracross        moxie  choicescarf [closecombat, knockoff, megahorn, stoneedge] ttype=rock
INFO     	      spiritomb  infiltrator    leftovers [foulplay, poltergeist, suckerpunch, toxic] ttype=steel
INFO     	         scizor   technician    leftovers [bulletpunch, defog, knockoff, uturn] ttype=dragon
INFO     	      reuniclus   magicguard      lifeorb [calmmind, focusblast, psychic, recover] ttype=fighting
INFO     Sampling battle 3
INFO     	         gogoat    sapsipper    leftovers [bulkup, hornleech, milkdrink, rockslide] ttype=water
INFO     	         lunala shadowshield    leftovers [calmmind, moonblast, moongeistbeam, moonlight] ttype=fairy
INFO     Sampling 4 unrevealed pokemon
INFO     	        gurdurr         guts     eviolite [defog, drainpunch, knockoff, machpunch] ttype=steel
INFO     	       illumise    prankster heavydutyboots [bugbuzz, encore, roost, thunderwave] ttype=water
INFO     	  deoxysdefense     pressure  rockyhelmet [psychicnoise, recover, stealthrock, teleport] ttype=dark
INFO     	      terrakion    justified      lifeorb [closecombat, earthquake, stoneedge, swordsdance] ttype=fighting
INFO     Searching for a move using PUCT MCTS with neural priors...
INFO     Sampling 4 battles at 250ms each
INFO     Computing neural priors for all battles...
INFO     Initialized StateTranslator with TeamPreviewObservationSpace
INFO     Initializing LocalPolicyProvider with model: Abra
INFO     Loading pretrained Abra model...
INFO     CUDA not available - overriding FlashAttention with VanillaAttention
[91mWarning: Using unofficial VanillaAttention implementation[0m


 		 AMAGO v3.1
            	 -------------------------
            	 Agent: MultiTaskAgent
            		 Max Sequence Length: 200
            		 TstepEncoder Type: MetamonTstepEncoder
            		 TrajEncoder Type: TformerTrajEncoder
            		 Total Parameters: 57,535,116
            		 Offline Loss Weight: 1.0
            		 Online Loss Weight: 0.0
            		 Mixed Precision: NO
            		 Checkpoint Path: /Users/yadureddy/Documents/GitHub/clean/pokeagent_ac_mcts/.metamon_cache/pretrained_models/models--jakegrigsby--metamon/snapshots/c5d1cb9abb6747066a325228845a5a8af3d12139/abra/abra/ckpts
            	 Environment:
            		 DummyAsyncVectorEnv(Gym Env x 1)
            		 Exploration Type: None
            	 Dataset: DoNothingDataset
            	 Accelerate Processes: 1 


INFO     Successfully loaded Abra model
ERROR    Error translating battle to observation: 
WARNING  Failed to get priors for battle: 
ERROR    Error translating battle to observation: 
WARNING  Failed to get priors for battle: 
ERROR    Error translating battle to observation: 
WARNING  Failed to get priors for battle: 
ERROR    Error translating battle to observation: 
WARNING  Failed to get priors for battle: 
INFO     Successfully computed neural priors for 0/4 battles
INFO     Using PUCT-guided move selection (priors integrated during search)...
INFO     Policy 0: thunderwave visited 64.99% avg_score=0.503 sample_chance_multiplier=0.25
INFO     Policy 1: switch glastrier visited 40.16% avg_score=0.518 sample_chance_multiplier=0.25
INFO     Policy 2: thunderwave visited 98.14% avg_score=0.573 sample_chance_multiplier=0.25
INFO     Policy 3: thunderwave visited 98.09% avg_score=0.598 sample_chance_multiplier=0.25
INFO     Considered Choices:
INFO     	66.111%: thunderwave
INFO     Choice: thunderwave
INFO     klefki already has the move thunderwave. Decrementing the PP by 1
INFO     klefki used a status-move. Adding `assaultvest` to impossible items
INFO     Setting klefki's last used move: thunderwave
INFO     gogoat got status: par
INFO     No longer guessing lumberry because gogoat got status par
INFO     gogoat used a grass move, removing grassgem from possible items
INFO     Setting gogoat's last used move: hornleech
INFO     gogoat used a damaging move - not guessing lifeorb anymore
INFO     gogoat did 19.31% damage to klefki with hornleech
INFO     Setting klefki's item to: leftovers
INFO     Setting gogoat's item to: leftovers
INFO     gogoat has less than maxhp during upkeep, no longer guessing leftovers or blacksludge
INFO     
INFO     Turn: 7
INFO     Sampling battle 0
INFO     	         gogoat    sapsipper    leftovers [bulkup, hornleech, milkdrink, rockslide] ttype=water
INFO     	         lunala shadowshield    leftovers [calmmind, moonblast, moongeistbeam, moonlight] ttype=fairy
INFO     Sampling 4 unrevealed pokemon
INFO     	      bellibolt electromorphosis    leftovers [muddywater, slackoff, thunderbolt, voltswitch] ttype=water
INFO     	         rhydon lightningrod     eviolite [earthquake, megahorn, stealthrock, stoneedge] ttype=water
INFO     	       hariyama     thickfat  assaultvest [bulletpunch, closecombat, heavyslam, knockoff] ttype=steel
INFO     	       jumpluff  infiltrator              [acrobatics, leechseed, strengthsap, substitute] ttype=steel
INFO     Sampling battle 1
INFO     	         gogoat    sapsipper    leftovers [bulkup, earthquake, hornleech, milkdrink] ttype=ground
INFO     	         lunala shadowshield    leftovers [calmmind, moongeistbeam, moonlight, psyshock] ttype=fairy
INFO     Sampling 4 unrevealed pokemon
INFO     	   weezinggalar     levitate    leftovers [defog, gunkshot, strangesteam, willowisp] ttype=steel
INFO     	   crabominable     ironfist   choiceband [closecombat, earthquake, icehammer, knockoff] ttype=ground
INFO     	       basculin adaptability   choiceband [aquajet, doubleedge, flipturn, wavecrash] ttype=water
INFO     	       porygon2     download     eviolite [discharge, icebeam, recover, triattack] ttype=electric
INFO     Searching for a move using PUCT MCTS with neural priors...
INFO     Sampling 2 battles at 500ms each
INFO     Computing neural priors for all battles...
INFO     Initialized StateTranslator with TeamPreviewObservationSpace
INFO     Initializing LocalPolicyProvider with model: Abra
INFO     Loading pretrained Abra model...
INFO     CUDA not available - overriding FlashAttention with VanillaAttention
[91mWarning: Using unofficial VanillaAttention implementation[0m


 		 AMAGO v3.1
            	 -------------------------
            	 Agent: MultiTaskAgent
            		 Max Sequence Length: 200
            		 TstepEncoder Type: MetamonTstepEncoder
            		 TrajEncoder Type: TformerTrajEncoder
            		 Total Parameters: 57,535,116
            		 Offline Loss Weight: 1.0
            		 Online Loss Weight: 0.0
            		 Mixed Precision: NO
            		 Checkpoint Path: /Users/yadureddy/Documents/GitHub/clean/pokeagent_ac_mcts/.metamon_cache/pretrained_models/models--jakegrigsby--metamon/snapshots/c5d1cb9abb6747066a325228845a5a8af3d12139/abra/abra/ckpts
            	 Environment:
            		 DummyAsyncVectorEnv(Gym Env x 1)
            		 Exploration Type: None
            	 Dataset: DoNothingDataset
            	 Accelerate Processes: 1 


INFO     Successfully loaded Abra model
ERROR    Error translating battle to observation: 
WARNING  Failed to get priors for battle: 
ERROR    Error translating battle to observation: 
WARNING  Failed to get priors for battle: 
INFO     Successfully computed neural priors for 0/2 battles
INFO     Using PUCT-guided move selection (priors integrated during search)...
INFO     Policy 0: spikes visited 97.45% avg_score=0.565 sample_chance_multiplier=0.5
INFO     Policy 1: switch hooh visited 56.06% avg_score=0.501 sample_chance_multiplier=0.5
INFO     Considered Choices:
INFO     	53.102%: spikes
INFO     Choice: spikes
INFO     klefki already has the move spikes. Decrementing the PP by 1
INFO     klefki used a status-move. Adding `assaultvest` to impossible items
INFO     Setting klefki's last used move: spikes
INFO     Incremented side condition spikes to 2 for gogoat
INFO     Setting klefki's item to: leftovers
INFO     Setting gogoat's item to: leftovers
INFO     gogoat has less than maxhp during upkeep, no longer guessing leftovers or blacksludge
INFO     
INFO     Turn: 8
INFO     Sampling battle 0
INFO     	         gogoat    sapsipper    leftovers [bulkup, earthquake, hornleech, milkdrink] ttype=water
INFO     	         lunala shadowshield    leftovers [calmmind, moongeistbeam, moonlight, psyshock] ttype=dark
INFO     Sampling 4 unrevealed pokemon
INFO     	    ironboulder   quarkdrive      lifeorb [closecombat, mightycleave, swordsdance, zenheadbutt] ttype=fighting
INFO     	     golemalola    galvanize   choiceband [doubleedge, earthquake, explosion, stoneedge] ttype=ground
INFO     	       appletun     thickfat    leftovers [appleacid, dragonpulse, leechseed, recover] ttype=steel
INFO     	       frosmoth    icescales heavydutyboots [gigadrain, hurricane, icebeam, quiverdance] ttype=water
INFO     Sampling battle 1
INFO     	         gogoat    sapsipper    leftovers [bulkup, earthquake, hornleech, milkdrink] ttype=water
INFO     	         lunala shadowshield    leftovers [calmmind, moongeistbeam, moonlight, psyshock] ttype=fairy
INFO     Sampling 4 unrevealed pokemon
INFO     	      mandibuzz     overcoat heavydutyboots [bravebird, defog, foulplay, roost] ttype=steel
INFO     	       indeedee psychicsurge  choicespecs [dazzlinggleam, expandingforce, hypervoice, shadowball] ttype=psychic
INFO     	      heracross        moxie   choiceband [closecombat, earthquake, megahorn, stoneedge] ttype=rock
INFO     	       alcremie    aromaveil    leftovers [acidarmor, alluringvoice, calmmind, recover] ttype=steel
INFO     Searching for a move using PUCT MCTS with neural priors...
INFO     Sampling 2 battles at 500ms each
INFO     Computing neural priors for all battles...
INFO     Initialized StateTranslator with TeamPreviewObservationSpace
INFO     Initializing LocalPolicyProvider with model: Abra
INFO     Loading pretrained Abra model...
INFO     CUDA not available - overriding FlashAttention with VanillaAttention
[91mWarning: Using unofficial VanillaAttention implementation[0m


 		 AMAGO v3.1
            	 -------------------------
            	 Agent: MultiTaskAgent
            		 Max Sequence Length: 200
            		 TstepEncoder Type: MetamonTstepEncoder
            		 TrajEncoder Type: TformerTrajEncoder
            		 Total Parameters: 57,535,116
            		 Offline Loss Weight: 1.0
            		 Online Loss Weight: 0.0
            		 Mixed Precision: NO
            		 Checkpoint Path: /Users/yadureddy/Documents/GitHub/clean/pokeagent_ac_mcts/.metamon_cache/pretrained_models/models--jakegrigsby--metamon/snapshots/c5d1cb9abb6747066a325228845a5a8af3d12139/abra/abra/ckpts
            	 Environment:
            		 DummyAsyncVectorEnv(Gym Env x 1)
            		 Exploration Type: None
            	 Dataset: DoNothingDataset
            	 Accelerate Processes: 1 


INFO     Successfully loaded Abra model
ERROR    Error translating battle to observation: 
WARNING  Failed to get priors for battle: 
ERROR    Error translating battle to observation: 
WARNING  Failed to get priors for battle: 
INFO     Successfully computed neural priors for 0/2 battles
INFO     Using PUCT-guided move selection (priors integrated during search)...
INFO     Policy 0: switch hydrapple visited 59.71% avg_score=0.574 sample_chance_multiplier=0.5
INFO     Policy 1: switch glastrier visited 26.01% avg_score=0.536 sample_chance_multiplier=0.5
INFO     Considered Choices:
INFO     	30.323%: switch hydrapple
INFO     	24.302%: switch glastrier
INFO     Choice: switch glastrier
INFO     glastrier switched in, adding intimidate to impossible abilities
INFO     glastrier switched in, adding pressure to impossible abilities
INFO     glastrier switched in, adding neutralizinggas to impossible abilities
INFO     glastrier switched in, adding sandstream to impossible abilities
INFO     glastrier switched in, adding drought to impossible abilities
INFO     glastrier switched in, adding drizzle to impossible abilities
INFO     glastrier switched in, adding snowwarning to impossible abilities
INFO     glastrier switched in, adding boosterenergy to impossible items
INFO     glastrier switched in, adding airballoon to impossible items
INFO     gogoat used two different moves - it cannot have a choice item
INFO     gogoat using bulkup makes it unlikely to have a choice item. Setting can_have_choice_item to False
INFO     gogoat used a status-move. Adding `assaultvest` to impossible items
INFO     Setting gogoat's last used move: bulkup
INFO     gogoat's attack was boosted by 1 to 1
INFO     gogoat's defense was boosted by 1 to 1
INFO     Setting gogoat's item to: leftovers
INFO     gogoat has less than maxhp during upkeep, no longer guessing leftovers or blacksludge
INFO     
INFO     Turn: 9
INFO     Sampling battle 0
INFO     	         gogoat    sapsipper    leftovers [bulkup, earthquake, hornleech, milkdrink] ttype=ground
INFO     	         lunala shadowshield    leftovers [calmmind, moonblast, moongeistbeam, moonlight] ttype=fairy
INFO     Sampling 4 unrevealed pokemon
INFO     	       politoed      drizzle    leftovers [encore, haze, hydropump, icebeam] ttype=water
INFO     	     hitmonchan     ironfist      lifeorb [drainpunch, knockoff, machpunch, swordsdance] ttype=dark
INFO     	      ninetales      drought heavydutyboots [fireblast, nastyplot, scorchingsands, solarbeam] ttype=grass
INFO     	      tyranitar   sandstream    leftovers [dragondance, earthquake, knockoff, stoneedge] ttype=rock
INFO     Sampling battle 1
INFO     	         gogoat    sapsipper    leftovers [bulkup, earthquake, hornleech, milkdrink] ttype=ground
INFO     	         lunala shadowshield    leftovers [calmmind, moonblast, moongeistbeam, moonlight] ttype=fairy
INFO     Sampling 4 unrevealed pokemon
INFO     	 exeggutoralola      harvest  sitrusberry [dracometeor, flamethrower, sleeppowder, woodhammer] ttype=fire
INFO     	        gurdurr         guts     eviolite [bulkup, drainpunch, knockoff, machpunch] ttype=steel
INFO     	        cetitan    slushrush  sitrusberry [bellydrum, earthquake, iceshard, icespinner] ttype=ice
INFO     	       ursaring         guts     eviolite [bodyslam, rest, sleeptalk, throatchop] ttype=ghost
INFO     Searching for a move using PUCT MCTS with neural priors...
INFO     Sampling 2 battles at 500ms each
INFO     Computing neural priors for all battles...
INFO     Initialized StateTranslator with TeamPreviewObservationSpace
INFO     Initializing LocalPolicyProvider with model: Abra
INFO     Loading pretrained Abra model...
INFO     CUDA not available - overriding FlashAttention with VanillaAttention
[91mWarning: Using unofficial VanillaAttention implementation[0m


 		 AMAGO v3.1
            	 -------------------------
            	 Agent: MultiTaskAgent
            		 Max Sequence Length: 200
            		 TstepEncoder Type: MetamonTstepEncoder
            		 TrajEncoder Type: TformerTrajEncoder
            		 Total Parameters: 57,535,116
            		 Offline Loss Weight: 1.0
            		 Online Loss Weight: 0.0
            		 Mixed Precision: NO
            		 Checkpoint Path: /Users/yadureddy/Documents/GitHub/clean/pokeagent_ac_mcts/.metamon_cache/pretrained_models/models--jakegrigsby--metamon/snapshots/c5d1cb9abb6747066a325228845a5a8af3d12139/abra/abra/ckpts
            	 Environment:
            		 DummyAsyncVectorEnv(Gym Env x 1)
            		 Exploration Type: None
            	 Dataset: DoNothingDataset
            	 Accelerate Processes: 1 


INFO     Successfully loaded Abra model
ERROR    Error translating battle to observation: 
WARNING  Failed to get priors for battle: 
ERROR    Error translating battle to observation: 
WARNING  Failed to get priors for battle: 
INFO     Successfully computed neural priors for 0/2 battles
INFO     Using PUCT-guided move selection (priors integrated during search)...
INFO     Policy 0: closecombat visited 39.1% avg_score=0.735 sample_chance_multiplier=0.5
INFO     Policy 1: iciclecrash visited 96.02% avg_score=0.821 sample_chance_multiplier=0.5
INFO     Considered Choices:
INFO     	59.513%: iciclecrash
INFO     Choice: iciclecrash
INFO     Opponent has switched - clearing the last used move
INFO     toxicroak switched in, adding intimidate to impossible abilities
INFO     toxicroak switched in, adding pressure to impossible abilities
INFO     toxicroak switched in, adding neutralizinggas to impossible abilities
INFO     toxicroak switched in, adding sandstream to impossible abilities
INFO     toxicroak switched in, adding drought to impossible abilities
INFO     toxicroak switched in, adding drizzle to impossible abilities
INFO     toxicroak switched in, adding snowwarning to impossible abilities
INFO     toxicroak switched in, adding boosterenergy to impossible items
INFO     toxicroak switched in, adding airballoon to impossible items
INFO     toxicroak was affected by spikes, it cannot have heavydutyboots
INFO     glastrier already has the move iciclecrash. Decrementing the PP by 1
INFO     glastrier used a ice move, removing icegem from possible items
INFO     Setting glastrier's last used move: iciclecrash
INFO     glastrier used a damaging move - not guessing lifeorb anymore
INFO     glastrier did 84.0% damage to toxicroak with iciclecrash
INFO     Setting glastrier's ability to chillingneigh
INFO     glastrier's attack was boosted by 1 to 1
INFO     toxicroak has less than maxhp during upkeep, no longer guessing leftovers or blacksludge
INFO     Opponent has switched - clearing the last used move
INFO     zebstrika switched in, adding intimidate to impossible abilities
INFO     zebstrika switched in, adding pressure to impossible abilities
INFO     zebstrika switched in, adding neutralizinggas to impossible abilities
INFO     zebstrika switched in, adding sandstream to impossible abilities
INFO     zebstrika switched in, adding drought to impossible abilities
INFO     zebstrika switched in, adding drizzle to impossible abilities
INFO     zebstrika switched in, adding snowwarning to impossible abilities
INFO     zebstrika switched in, adding boosterenergy to impossible items
INFO     zebstrika switched in, adding airballoon to impossible items
INFO     zebstrika was affected by spikes, it cannot have heavydutyboots
INFO     
INFO     Turn: 10
INFO     Sampling battle 0
INFO     	      zebstrika    sapsipper      lifeorb [highhorsepower, overheat, supercellslam, voltswitch] ttype=ground
INFO     	         lunala shadowshield    leftovers [calmmind, moonblast, moongeistbeam, moonlight] ttype=fairy
INFO     	         gogoat    sapsipper    leftovers [bulkup, earthquake, hornleech, milkdrink] ttype=ground
INFO     Sampling 2 unrevealed pokemon
INFO     	       vigoroth  vitalspirit     eviolite [bodyslam, bulkup, knockoff, slackoff] ttype=ghost
INFO     	  articunogalar  competitive heavydutyboots [calmmind, freezingglare, hurricane, recover] ttype=steel
INFO     Sampling battle 1
INFO     	      zebstrika    sapsipper      lifeorb [highhorsepower, overheat, supercellslam, voltswitch] ttype=ground
INFO     	         lunala shadowshield    leftovers [calmmind, focusblast, moongeistbeam, moonlight] ttype=fighting
INFO     	         gogoat    sapsipper    leftovers [bulkup, hornleech, milkdrink, rockslide] ttype=water
INFO     Sampling 2 unrevealed pokemon
INFO     	       leavanny        swarm    focussash [knockoff, leafblade, lunge, stickyweb] ttype=ghost
INFO     	       vikavolt     levitate heavydutyboots [bugbuzz, discharge, stickyweb, voltswitch] ttype=electric
INFO     Searching for a move using PUCT MCTS with neural priors...
INFO     Sampling 2 battles at 500ms each
INFO     Computing neural priors for all battles...
INFO     Initialized StateTranslator with TeamPreviewObservationSpace
INFO     Initializing LocalPolicyProvider with model: Abra
INFO     Loading pretrained Abra model...
INFO     CUDA not available - overriding FlashAttention with VanillaAttention
[91mWarning: Using unofficial VanillaAttention implementation[0m


 		 AMAGO v3.1
            	 -------------------------
            	 Agent: MultiTaskAgent
            		 Max Sequence Length: 200
            		 TstepEncoder Type: MetamonTstepEncoder
            		 TrajEncoder Type: TformerTrajEncoder
            		 Total Parameters: 57,535,116
            		 Offline Loss Weight: 1.0
            		 Online Loss Weight: 0.0
            		 Mixed Precision: NO
            		 Checkpoint Path: /Users/yadureddy/Documents/GitHub/clean/pokeagent_ac_mcts/.metamon_cache/pretrained_models/models--jakegrigsby--metamon/snapshots/c5d1cb9abb6747066a325228845a5a8af3d12139/abra/abra/ckpts
            	 Environment:
            		 DummyAsyncVectorEnv(Gym Env x 1)
            		 Exploration Type: None
            	 Dataset: DoNothingDataset
            	 Accelerate Processes: 1 


INFO     Successfully loaded Abra model
ERROR    Error translating battle to observation: 
WARNING  Failed to get priors for battle: 
ERROR    Error translating battle to observation: 
WARNING  Failed to get priors for battle: 
INFO     Successfully computed neural priors for 0/2 battles
INFO     Using PUCT-guided move selection (priors integrated during search)...
INFO     Policy 0: highhorsepower visited 93.93% avg_score=0.584 sample_chance_multiplier=0.5
INFO     Policy 1: highhorsepower visited 43.22% avg_score=0.572 sample_chance_multiplier=0.5
INFO     Considered Choices:
INFO     	68.576%: highhorsepower
INFO     Choice: highhorsepower
INFO     Updated zebstrika's min speed to 101
INFO     zebstrika used a fire move, removing firegem from possible items
INFO     Setting zebstrika's last used move: overheat
INFO     zebstrika used a damaging move - not guessing lifeorb anymore
INFO     zebstrika did 62.5% damage to glastrier with overheat
INFO     zebstrika's special-attack was unboosted by 2 to -2
INFO     Setting zebstrika's item to: lifeorb
INFO     glastrier already has the move highhorsepower. Decrementing the PP by 1
INFO     glastrier used a ground move, removing groundgem from possible items
INFO     Setting glastrier's last used move: highhorsepower
INFO     glastrier used a damaging move - not guessing lifeorb anymore
INFO     glastrier did 74.0% damage to zebstrika with highhorsepower
INFO     Setting glastrier's ability to chillingneigh
INFO     glastrier's attack was boosted by 1 to 2
INFO     zebstrika has less than maxhp during upkeep, no longer guessing leftovers or blacksludge
INFO     Opponent has switched - clearing the last used move
INFO     flamigo switched in, adding intimidate to impossible abilities
INFO     flamigo switched in, adding pressure to impossible abilities
INFO     flamigo switched in, adding neutralizinggas to impossible abilities
INFO     flamigo switched in, adding sandstream to impossible abilities
INFO     flamigo switched in, adding drought to impossible abilities
INFO     flamigo switched in, adding drizzle to impossible abilities
INFO     flamigo switched in, adding snowwarning to impossible abilities
INFO     flamigo switched in, adding boosterenergy to impossible items
INFO     flamigo switched in, adding airballoon to impossible items
INFO     
INFO     Turn: 11
INFO     Sampling battle 0
INFO     	        flamigo      scrappy      lifeorb [bravebird, closecombat, swordsdance, throatchop] ttype=fighting
INFO     	         lunala shadowshield    leftovers [calmmind, moongeistbeam, moonlight, psyshock] ttype=dark
INFO     	         gogoat    sapsipper    leftovers [bulkup, earthquake, hornleech, milkdrink] ttype=water
INFO     Sampling 1 unrevealed pokemon
INFO     	        persian   technician    silkscarf [doubleedge, fakeout, knockoff, uturn] ttype=normal
INFO     Sampling battle 1
INFO     	        flamigo      scrappy      lifeorb [bravebird, closecombat, roost, swordsdance] ttype=fighting
INFO     	         lunala shadowshield    leftovers [calmmind, moongeistbeam, moonlight, psyshock] ttype=dark
INFO     	         gogoat    sapsipper    leftovers [bulkup, earthquake, hornleech, milkdrink] ttype=ground
INFO     Sampling 1 unrevealed pokemon
INFO     	      ceruledge    weakarmor heavydutyboots [bitterblade, poltergeist, shadowsneak, swordsdance] ttype=fire
INFO     Searching for a move using PUCT MCTS with neural priors...
INFO     Sampling 2 battles at 500ms each
INFO     Computing neural priors for all battles...
INFO     Initialized StateTranslator with TeamPreviewObservationSpace
INFO     Initializing LocalPolicyProvider with model: Abra
INFO     Loading pretrained Abra model...
INFO     CUDA not available - overriding FlashAttention with VanillaAttention
[91mWarning: Using unofficial VanillaAttention implementation[0m


 		 AMAGO v3.1
            	 -------------------------
            	 Agent: MultiTaskAgent
            		 Max Sequence Length: 200
            		 TstepEncoder Type: MetamonTstepEncoder
            		 TrajEncoder Type: TformerTrajEncoder
            		 Total Parameters: 57,535,116
            		 Offline Loss Weight: 1.0
            		 Online Loss Weight: 0.0
            		 Mixed Precision: NO
            		 Checkpoint Path: /Users/yadureddy/Documents/GitHub/clean/pokeagent_ac_mcts/.metamon_cache/pretrained_models/models--jakegrigsby--metamon/snapshots/c5d1cb9abb6747066a325228845a5a8af3d12139/abra/abra/ckpts
            	 Environment:
            		 DummyAsyncVectorEnv(Gym Env x 1)
            		 Exploration Type: None
            	 Dataset: DoNothingDataset
            	 Accelerate Processes: 1 


INFO     Successfully loaded Abra model
ERROR    Error translating battle to observation: 
WARNING  Failed to get priors for battle: 
ERROR    Error translating battle to observation: 
WARNING  Failed to get priors for battle: 
INFO     Successfully computed neural priors for 0/2 battles
INFO     Using PUCT-guided move selection (priors integrated during search)...
INFO     Policy 0: iciclecrash visited 96.54% avg_score=0.431 sample_chance_multiplier=0.5
INFO     Policy 1: iciclecrash visited 98.71% avg_score=0.391 sample_chance_multiplier=0.5
INFO     Considered Choices:
INFO     	97.626%: iciclecrash
INFO     Choice: iciclecrash
INFO     Updated flamigo's min speed to 101
INFO     flamigo used a fighting move, removing fightinggem from possible items
INFO     Setting flamigo's last used move: closecombat
INFO     flamigo used a damaging move - not guessing lifeorb anymore
INFO     flamigo did 37.5% damage to glastrier with closecombat
INFO     flamigo's defense was unboosted by 1 to -1
INFO     flamigo's special-defense was unboosted by 1 to -1
INFO     Sampling battle 0
INFO     	        flamigo      scrappy  choicescarf [bravebird, closecombat, throatchop, uturn] ttype=fighting
INFO     	         lunala shadowshield    leftovers [calmmind, moonblast, moongeistbeam, moonlight] ttype=fairy
INFO     	         gogoat    sapsipper    leftovers [bulkup, earthquake, hornleech, milkdrink] ttype=water
INFO     Sampling 1 unrevealed pokemon
INFO     	       cyclizar  regenerator heavydutyboots [dracometeor, knockoff, shedtail, taunt] ttype=dragon
INFO     Sampling battle 1
INFO     	        flamigo      scrappy   choiceband [bravebird, closecombat, throatchop, uturn] ttype=fighting
INFO     	         lunala shadowshield    leftovers [calmmind, focusblast, moongeistbeam, moonlight] ttype=fighting
INFO     	         gogoat    sapsipper    leftovers [bulkup, earthquake, hornleech, milkdrink] ttype=water
INFO     Sampling 1 unrevealed pokemon
INFO     	        golduck    cloudnine    leftovers [encore, hydropump, icebeam, nastyplot] ttype=water
INFO     Searching for a move using PUCT MCTS with neural priors...
INFO     Sampling 2 battles at 500ms each
INFO     Computing neural priors for all battles...
INFO     Initialized StateTranslator with TeamPreviewObservationSpace
INFO     Initializing LocalPolicyProvider with model: Abra
INFO     Loading pretrained Abra model...
INFO     CUDA not available - overriding FlashAttention with VanillaAttention
[91mWarning: Using unofficial VanillaAttention implementation[0m


 		 AMAGO v3.1
            	 -------------------------
            	 Agent: MultiTaskAgent
            		 Max Sequence Length: 200
            		 TstepEncoder Type: MetamonTstepEncoder
            		 TrajEncoder Type: TformerTrajEncoder
            		 Total Parameters: 57,535,116
            		 Offline Loss Weight: 1.0
            		 Online Loss Weight: 0.0
            		 Mixed Precision: NO
            		 Checkpoint Path: /Users/yadureddy/Documents/GitHub/clean/pokeagent_ac_mcts/.metamon_cache/pretrained_models/models--jakegrigsby--metamon/snapshots/c5d1cb9abb6747066a325228845a5a8af3d12139/abra/abra/ckpts
            	 Environment:
            		 DummyAsyncVectorEnv(Gym Env x 1)
            		 Exploration Type: None
            	 Dataset: DoNothingDataset
            	 Accelerate Processes: 1 


INFO     Successfully loaded Abra model
ERROR    Error translating battle to observation: 
WARNING  Failed to get priors for battle: 
ERROR    Error translating battle to observation: 
WARNING  Failed to get priors for battle: 
INFO     Successfully computed neural priors for 0/2 battles
INFO     Using PUCT-guided move selection (priors integrated during search)...
INFO     Policy 0: switch hooh visited 98.96% avg_score=0.744 sample_chance_multiplier=0.5
INFO     Policy 1: switch hydrapple visited 91.13% avg_score=0.537 sample_chance_multiplier=0.5
INFO     Considered Choices:
INFO     	51.086%: switch hooh
INFO     	45.712%: switch hydrapple
INFO     Choice: switch hydrapple
INFO     hydrapple switched in, adding intimidate to impossible abilities
INFO     hydrapple switched in, adding pressure to impossible abilities
INFO     hydrapple switched in, adding neutralizinggas to impossible abilities
INFO     hydrapple switched in, adding sandstream to impossible abilities
INFO     hydrapple switched in, adding drought to impossible abilities
INFO     hydrapple switched in, adding drizzle to impossible abilities
INFO     hydrapple switched in, adding snowwarning to impossible abilities
INFO     hydrapple switched in, adding boosterenergy to impossible items
INFO     hydrapple switched in, adding airballoon to impossible items
INFO     
INFO     Turn: 12
INFO     Sampling battle 0
INFO     	        flamigo      scrappy  choicescarf [bravebird, closecombat, throatchop, uturn] ttype=fighting
INFO     	         lunala shadowshield    leftovers [calmmind, focusblast, moongeistbeam, moonlight] ttype=fighting
INFO     	         gogoat    sapsipper    leftovers [bulkup, earthquake, hornleech, milkdrink] ttype=water
INFO     Sampling 1 unrevealed pokemon
INFO     	       mukalola  poisontouch  assaultvest [icepunch, knockoff, poisonjab, shadowsneak] ttype=dark
INFO     Sampling battle 1
INFO     	        flamigo      scrappy  choicescarf [bravebird, closecombat, throatchop, uturn] ttype=fighting
INFO     	         lunala shadowshield    leftovers [calmmind, moongeistbeam, moonlight, psyshock] ttype=dark
INFO     	         gogoat    sapsipper    leftovers [bulkup, earthquake, hornleech, milkdrink] ttype=ground
INFO     Sampling 1 unrevealed pokemon
INFO     	     forretress       sturdy    leftovers [ironhead, stealthrock, toxicspikes, voltswitch] ttype=water
INFO     Searching for a move using PUCT MCTS with neural priors...
INFO     Sampling 2 battles at 500ms each
INFO     Computing neural priors for all battles...
INFO     Initialized StateTranslator with TeamPreviewObservationSpace
INFO     Initializing LocalPolicyProvider with model: Abra
INFO     Loading pretrained Abra model...
INFO     CUDA not available - overriding FlashAttention with VanillaAttention
[91mWarning: Using unofficial VanillaAttention implementation[0m


 		 AMAGO v3.1
            	 -------------------------
            	 Agent: MultiTaskAgent
            		 Max Sequence Length: 200
            		 TstepEncoder Type: MetamonTstepEncoder
            		 TrajEncoder Type: TformerTrajEncoder
            		 Total Parameters: 57,535,116
            		 Offline Loss Weight: 1.0
            		 Online Loss Weight: 0.0
            		 Mixed Precision: NO
            		 Checkpoint Path: /Users/yadureddy/Documents/GitHub/clean/pokeagent_ac_mcts/.metamon_cache/pretrained_models/models--jakegrigsby--metamon/snapshots/c5d1cb9abb6747066a325228845a5a8af3d12139/abra/abra/ckpts
            	 Environment:
            		 DummyAsyncVectorEnv(Gym Env x 1)
            		 Exploration Type: None
            	 Dataset: DoNothingDataset
            	 Accelerate Processes: 1 


INFO     Successfully loaded Abra model
ERROR    Error translating battle to observation: 
WARNING  Failed to get priors for battle: 
ERROR    Error translating battle to observation: 
WARNING  Failed to get priors for battle: 
INFO     Successfully computed neural priors for 0/2 battles
INFO     Using PUCT-guided move selection (priors integrated during search)...
INFO     Policy 0: ficklebeam visited 92.68% avg_score=0.619 sample_chance_multiplier=0.5
INFO     Policy 1: ficklebeam visited 99.03% avg_score=0.728 sample_chance_multiplier=0.5
INFO     Considered Choices:
INFO     	95.852%: ficklebeam
INFO     Choice: ficklebeam
INFO     Opponent has switched - clearing the last used move
INFO     cryogonal switched in, adding intimidate to impossible abilities
INFO     cryogonal switched in, adding pressure to impossible abilities
INFO     cryogonal switched in, adding neutralizinggas to impossible abilities
INFO     cryogonal switched in, adding sandstream to impossible abilities
INFO     cryogonal switched in, adding drought to impossible abilities
INFO     cryogonal switched in, adding drizzle to impossible abilities
INFO     cryogonal switched in, adding snowwarning to impossible abilities
INFO     cryogonal switched in, adding boosterenergy to impossible items
INFO     cryogonal switched in, adding airballoon to impossible items
INFO     hydrapple already has the move ficklebeam. Decrementing the PP by 1
INFO     hydrapple used a dragon move, removing dragongem from possible items
INFO     Setting hydrapple's last used move: ficklebeam
INFO     hydrapple used a damaging move - not guessing lifeorb anymore
INFO     hydrapple did 25.0% damage to cryogonal with ficklebeam
INFO     cryogonal has less than maxhp during upkeep, no longer guessing leftovers or blacksludge
INFO     
INFO     Turn: 13
INFO     Sampling battle 0
INFO     	      cryogonal     levitate heavydutyboots [icebeam, rapidspin, recover, terablast] ttype=electric
INFO     	         lunala shadowshield    leftovers [calmmind, moongeistbeam, moonlight, psyshock] ttype=dark
INFO     	         gogoat    sapsipper    leftovers [bulkup, earthquake, hornleech, milkdrink] ttype=ground
INFO     	        flamigo      scrappy  choicescarf [bravebird, closecombat, throatchop, uturn] ttype=fighting
INFO     Sampling battle 1
INFO     	      cryogonal     levitate heavydutyboots [flashcannon, freezedry, haze, recover] ttype=steel
INFO     	         lunala shadowshield    leftovers [calmmind, focusblast, moongeistbeam, moonlight] ttype=fighting
INFO     	         gogoat    sapsipper    leftovers [bulkup, earthquake, hornleech, milkdrink] ttype=ground
INFO     	        flamigo      scrappy   choiceband [bravebird, closecombat, throatchop, uturn] ttype=fighting
INFO     Searching for a move using PUCT MCTS with neural priors...
INFO     Sampling 2 battles at 500ms each
INFO     Computing neural priors for all battles...
INFO     Initialized StateTranslator with TeamPreviewObservationSpace
INFO     Initializing LocalPolicyProvider with model: Abra
INFO     Loading pretrained Abra model...
INFO     CUDA not available - overriding FlashAttention with VanillaAttention
[91mWarning: Using unofficial VanillaAttention implementation[0m


 		 AMAGO v3.1
            	 -------------------------
            	 Agent: MultiTaskAgent
            		 Max Sequence Length: 200
            		 TstepEncoder Type: MetamonTstepEncoder
            		 TrajEncoder Type: TformerTrajEncoder
            		 Total Parameters: 57,535,116
            		 Offline Loss Weight: 1.0
            		 Online Loss Weight: 0.0
            		 Mixed Precision: NO
            		 Checkpoint Path: /Users/yadureddy/Documents/GitHub/clean/pokeagent_ac_mcts/.metamon_cache/pretrained_models/models--jakegrigsby--metamon/snapshots/c5d1cb9abb6747066a325228845a5a8af3d12139/abra/abra/ckpts
            	 Environment:
            		 DummyAsyncVectorEnv(Gym Env x 1)
            		 Exploration Type: None
            	 Dataset: DoNothingDataset
            	 Accelerate Processes: 1 


INFO     Successfully loaded Abra model
ERROR    Error translating battle to observation: 
WARNING  Failed to get priors for battle: 
ERROR    Error translating battle to observation: 
WARNING  Failed to get priors for battle: 
INFO     Successfully computed neural priors for 0/2 battles
INFO     Using PUCT-guided move selection (priors integrated during search)...
INFO     Policy 0: switch gallade visited 81.65% avg_score=0.526 sample_chance_multiplier=0.5
INFO     Policy 1: switch hooh visited 59.49% avg_score=0.567 sample_chance_multiplier=0.5
INFO     Considered Choices:
INFO     	42.954%: switch gallade
INFO     	34.594%: switch hooh
INFO     Choice: switch hooh
INFO     hydrapple switched out with regenerator. Healing it to 312.0/312.0
INFO     hooh switched in, adding intimidate to impossible abilities
INFO     hooh switched in, adding pressure to impossible abilities
INFO     hooh switched in, adding neutralizinggas to impossible abilities
INFO     hooh switched in, adding sandstream to impossible abilities
INFO     hooh switched in, adding drought to impossible abilities
INFO     hooh switched in, adding drizzle to impossible abilities
INFO     hooh switched in, adding snowwarning to impossible abilities
INFO     hooh switched in, adding boosterenergy to impossible items
INFO     hooh switched in, adding airballoon to impossible items
INFO     cryogonal used a normal move, removing normalgem from possible items
INFO     Setting cryogonal's last used move: rapidspin
INFO     cryogonal used a damaging move - not guessing lifeorb anymore
INFO     cryogonal did 11.57% damage to hooh with rapidspin
WARNING  Would remove all possibilities, not removing any
WARNING  actual_damage_dealt=31.0076
INFO     cryogonal's speed was boosted by 1 to 1
INFO     Side condition spikes ending for opponent
INFO     cryogonal has less than maxhp during upkeep, no longer guessing leftovers or blacksludge
INFO     
INFO     Turn: 14
INFO     Sampling battle 0
INFO     	      cryogonal     levitate heavydutyboots [icebeam, rapidspin, recover, terablast] ttype=electric
INFO     	         lunala shadowshield    leftovers [calmmind, moonblast, moongeistbeam, moonlight] ttype=fairy
INFO     	         gogoat    sapsipper    leftovers [bulkup, hornleech, milkdrink, rockslide] ttype=water
INFO     	        flamigo      scrappy  choicescarf [bravebird, closecombat, throatchop, uturn] ttype=fighting
INFO     Sampling battle 1
INFO     	      cryogonal     levitate heavydutyboots [icebeam, rapidspin, recover, terablast] ttype=electric
INFO     	         lunala shadowshield    leftovers [calmmind, moongeistbeam, moonlight, psyshock] ttype=dark
INFO     	         gogoat    sapsipper    leftovers [bulkup, earthquake, hornleech, milkdrink] ttype=ground
INFO     	        flamigo      scrappy   choiceband [bravebird, closecombat, throatchop, uturn] ttype=fighting
INFO     Searching for a move using PUCT MCTS with neural priors...
INFO     Sampling 2 battles at 500ms each
INFO     Computing neural priors for all battles...
INFO     Initialized StateTranslator with TeamPreviewObservationSpace
INFO     Initializing LocalPolicyProvider with model: Abra
INFO     Loading pretrained Abra model...
INFO     CUDA not available - overriding FlashAttention with VanillaAttention
[91mWarning: Using unofficial VanillaAttention implementation[0m


 		 AMAGO v3.1
            	 -------------------------
            	 Agent: MultiTaskAgent
            		 Max Sequence Length: 200
            		 TstepEncoder Type: MetamonTstepEncoder
            		 TrajEncoder Type: TformerTrajEncoder
            		 Total Parameters: 57,535,116
            		 Offline Loss Weight: 1.0
            		 Online Loss Weight: 0.0
            		 Mixed Precision: NO
            		 Checkpoint Path: /Users/yadureddy/Documents/GitHub/clean/pokeagent_ac_mcts/.metamon_cache/pretrained_models/models--jakegrigsby--metamon/snapshots/c5d1cb9abb6747066a325228845a5a8af3d12139/abra/abra/ckpts
            	 Environment:
            		 DummyAsyncVectorEnv(Gym Env x 1)
            		 Exploration Type: None
            	 Dataset: DoNothingDataset
            	 Accelerate Processes: 1 


INFO     Successfully loaded Abra model
ERROR    Error translating battle to observation: 
WARNING  Failed to get priors for battle: 
ERROR    Error translating battle to observation: 
WARNING  Failed to get priors for battle: 
INFO     Successfully computed neural priors for 0/2 battles
INFO     Using PUCT-guided move selection (priors integrated during search)...
INFO     Policy 0: sacredfire visited 91.27% avg_score=0.647 sample_chance_multiplier=0.5
INFO     Policy 1: sacredfire visited 94.29% avg_score=0.654 sample_chance_multiplier=0.5
INFO     Considered Choices:
INFO     	92.783%: sacredfire
INFO     Choice: sacredfire
INFO     Opponent has switched - clearing the last used move
INFO     hooh already has the move sacredfire. Decrementing the PP by 1
INFO     hooh used a fire move, removing firegem from possible items
INFO     Setting hooh's last used move: sacredfire
INFO     hooh used a damaging move - not guessing lifeorb anymore
INFO     hooh did 34.0% damage to lunala with sacredfire
INFO     lunala got status: brn
INFO     No longer guessing lumberry because lunala got status brn
INFO     Setting lunala's item to: leftovers
INFO     lunala has less than maxhp during upkeep, no longer guessing leftovers or blacksludge
INFO     
INFO     Turn: 15
INFO     Sampling battle 0
INFO     	         lunala shadowshield    leftovers [calmmind, moongeistbeam, moonlight, psyshock] ttype=fairy
INFO     	         gogoat    sapsipper    leftovers [bulkup, earthquake, hornleech, milkdrink] ttype=water
INFO     	        flamigo      scrappy  choicescarf [bravebird, closecombat, throatchop, uturn] ttype=fighting
INFO     	      cryogonal     levitate heavydutyboots [freezedry, haze, rapidspin, recover] ttype=steel
INFO     Sampling battle 1
INFO     	         lunala shadowshield    leftovers [calmmind, moonblast, moongeistbeam, moonlight] ttype=fairy
INFO     	         gogoat    sapsipper    leftovers [bulkup, earthquake, hornleech, milkdrink] ttype=ground
INFO     	        flamigo      scrappy  choicescarf [bravebird, closecombat, throatchop, uturn] ttype=fighting
INFO     	      cryogonal     levitate heavydutyboots [flashcannon, freezedry, rapidspin, recover] ttype=steel
INFO     Searching for a move using PUCT MCTS with neural priors...
INFO     Sampling 2 battles at 500ms each
INFO     Computing neural priors for all battles...
INFO     Initialized StateTranslator with TeamPreviewObservationSpace
INFO     Initializing LocalPolicyProvider with model: Abra
INFO     Loading pretrained Abra model...
INFO     CUDA not available - overriding FlashAttention with VanillaAttention
[91mWarning: Using unofficial VanillaAttention implementation[0m


 		 AMAGO v3.1
            	 -------------------------
            	 Agent: MultiTaskAgent
            		 Max Sequence Length: 200
            		 TstepEncoder Type: MetamonTstepEncoder
            		 TrajEncoder Type: TformerTrajEncoder
            		 Total Parameters: 57,535,116
            		 Offline Loss Weight: 1.0
            		 Online Loss Weight: 0.0
            		 Mixed Precision: NO
            		 Checkpoint Path: /Users/yadureddy/Documents/GitHub/clean/pokeagent_ac_mcts/.metamon_cache/pretrained_models/models--jakegrigsby--metamon/snapshots/c5d1cb9abb6747066a325228845a5a8af3d12139/abra/abra/ckpts
            	 Environment:
            		 DummyAsyncVectorEnv(Gym Env x 1)
            		 Exploration Type: None
            	 Dataset: DoNothingDataset
            	 Accelerate Processes: 1 


INFO     Successfully loaded Abra model
ERROR    Error translating battle to observation: 
WARNING  Failed to get priors for battle: 
ERROR    Error translating battle to observation: 
WARNING  Failed to get priors for battle: 
INFO     Successfully computed neural priors for 0/2 battles
INFO     Using PUCT-guided move selection (priors integrated during search)...
INFO     Policy 0: sacredfire visited 93.83% avg_score=0.551 sample_chance_multiplier=0.5
INFO     Policy 1: bravebird visited 88.41% avg_score=0.555 sample_chance_multiplier=0.5
INFO     Considered Choices:
INFO     	51.541%: sacredfire
INFO     	46.021%: bravebird
INFO     Choice: bravebird
INFO     Updated lunala's min speed to 174
INFO     lunala already has the move moonlight. Decrementing the PP by 1
INFO     lunala used a status-move. Adding `assaultvest` to impossible items
INFO     Setting lunala's last used move: moonlight
INFO     hooh already has the move bravebird. Decrementing the PP by 1
INFO     hooh used a flying move, removing flyinggem from possible items
INFO     Setting hooh's last used move: bravebird
INFO     hooh used a damaging move - not guessing lifeorb anymore
INFO     hooh did 41.0% damage to lunala with bravebird
INFO     Setting lunala's item to: leftovers
INFO     lunala has less than maxhp during upkeep, no longer guessing leftovers or blacksludge
INFO     
INFO     Turn: 16
INFO     Sampling battle 0
INFO     	         lunala shadowshield    leftovers [calmmind, moongeistbeam, moonlight, psyshock] ttype=dark
INFO     	         gogoat    sapsipper    leftovers [bulkup, earthquake, hornleech, milkdrink] ttype=ground
INFO     	        flamigo      scrappy   choiceband [bravebird, closecombat, throatchop, uturn] ttype=fighting
INFO     	      cryogonal     levitate heavydutyboots [icebeam, rapidspin, recover, terablast] ttype=electric
INFO     Sampling battle 1
INFO     	         lunala shadowshield    leftovers [calmmind, focusblast, moongeistbeam, moonlight] ttype=fighting
INFO     	         gogoat    sapsipper    leftovers [bulkup, hornleech, milkdrink, rockslide] ttype=water
INFO     	        flamigo      scrappy  choicescarf [bravebird, closecombat, throatchop, uturn] ttype=fighting
INFO     	      cryogonal     levitate heavydutyboots [icebeam, rapidspin, recover, terablast] ttype=electric
INFO     Searching for a move using PUCT MCTS with neural priors...
INFO     Sampling 2 battles at 500ms each
INFO     Computing neural priors for all battles...
INFO     Initialized StateTranslator with TeamPreviewObservationSpace
INFO     Initializing LocalPolicyProvider with model: Abra
INFO     Loading pretrained Abra model...
INFO     CUDA not available - overriding FlashAttention with VanillaAttention
[91mWarning: Using unofficial VanillaAttention implementation[0m


 		 AMAGO v3.1
            	 -------------------------
            	 Agent: MultiTaskAgent
            		 Max Sequence Length: 200
            		 TstepEncoder Type: MetamonTstepEncoder
            		 TrajEncoder Type: TformerTrajEncoder
            		 Total Parameters: 57,535,116
            		 Offline Loss Weight: 1.0
            		 Online Loss Weight: 0.0
            		 Mixed Precision: NO
            		 Checkpoint Path: /Users/yadureddy/Documents/GitHub/clean/pokeagent_ac_mcts/.metamon_cache/pretrained_models/models--jakegrigsby--metamon/snapshots/c5d1cb9abb6747066a325228845a5a8af3d12139/abra/abra/ckpts
            	 Environment:
            		 DummyAsyncVectorEnv(Gym Env x 1)
            		 Exploration Type: None
            	 Dataset: DoNothingDataset
            	 Accelerate Processes: 1 


INFO     Successfully loaded Abra model
ERROR    Error translating battle to observation: 
WARNING  Failed to get priors for battle: 
ERROR    Error translating battle to observation: 
WARNING  Failed to get priors for battle: 
INFO     Successfully computed neural priors for 0/2 battles
INFO     Using PUCT-guided move selection (priors integrated during search)...
INFO     Policy 0: switch klefki visited 94.43% avg_score=0.559 sample_chance_multiplier=0.5
INFO     Policy 1: bravebird visited 87.73% avg_score=0.594 sample_chance_multiplier=0.5
INFO     Considered Choices:
INFO     	47.827%: switch klefki
INFO     	44.249%: bravebird
INFO     Choice: switch klefki
INFO     hooh switched out with regenerator. Healing it to 268.0/268.0
INFO     lunala already has the move moonlight. Decrementing the PP by 1
INFO     lunala used a status-move. Adding `assaultvest` to impossible items
INFO     Setting lunala's last used move: moonlight
INFO     Setting lunala's item to: leftovers
INFO     Setting klefki's item to: leftovers
INFO     lunala has less than maxhp during upkeep, no longer guessing leftovers or blacksludge
INFO     
INFO     Turn: 17
INFO     Sampling battle 0
INFO     	         lunala shadowshield    leftovers [calmmind, moongeistbeam, moonlight, psyshock] ttype=dark
INFO     	         gogoat    sapsipper    leftovers [bulkup, earthquake, hornleech, milkdrink] ttype=ground
INFO     	        flamigo      scrappy  choicescarf [bravebird, closecombat, throatchop, uturn] ttype=fighting
INFO     	      cryogonal     levitate heavydutyboots [icebeam, rapidspin, recover, terablast] ttype=electric
INFO     Sampling battle 1
INFO     	         lunala shadowshield    leftovers [calmmind, moonblast, moongeistbeam, moonlight] ttype=fairy
INFO     	         gogoat    sapsipper    leftovers [bulkup, hornleech, milkdrink, rockslide] ttype=water
INFO     	        flamigo      scrappy   choiceband [bravebird, closecombat, throatchop, uturn] ttype=fighting
INFO     	      cryogonal     levitate heavydutyboots [flashcannon, freezedry, rapidspin, recover] ttype=poison
INFO     Searching for a move using PUCT MCTS with neural priors...
INFO     Sampling 2 battles at 500ms each
INFO     Computing neural priors for all battles...
INFO     Initialized StateTranslator with TeamPreviewObservationSpace
INFO     Initializing LocalPolicyProvider with model: Abra
INFO     Loading pretrained Abra model...
INFO     CUDA not available - overriding FlashAttention with VanillaAttention
[91mWarning: Using unofficial VanillaAttention implementation[0m


 		 AMAGO v3.1
            	 -------------------------
            	 Agent: MultiTaskAgent
            		 Max Sequence Length: 200
            		 TstepEncoder Type: MetamonTstepEncoder
            		 TrajEncoder Type: TformerTrajEncoder
            		 Total Parameters: 57,535,116
            		 Offline Loss Weight: 1.0
            		 Online Loss Weight: 0.0
            		 Mixed Precision: NO
            		 Checkpoint Path: /Users/yadureddy/Documents/GitHub/clean/pokeagent_ac_mcts/.metamon_cache/pretrained_models/models--jakegrigsby--metamon/snapshots/c5d1cb9abb6747066a325228845a5a8af3d12139/abra/abra/ckpts
            	 Environment:
            		 DummyAsyncVectorEnv(Gym Env x 1)
            		 Exploration Type: None
            	 Dataset: DoNothingDataset
            	 Accelerate Processes: 1 


INFO     Successfully loaded Abra model
ERROR    Error translating battle to observation: 
WARNING  Failed to get priors for battle: 
ERROR    Error translating battle to observation: 
WARNING  Failed to get priors for battle: 
INFO     Successfully computed neural priors for 0/2 battles
INFO     Using PUCT-guided move selection (priors integrated during search)...
INFO     Policy 0: foulplay visited 94.86% avg_score=0.62 sample_chance_multiplier=0.5
INFO     Policy 1: spikes visited 75.76% avg_score=0.558 sample_chance_multiplier=0.5
INFO     Considered Choices:
INFO     	55.232%: foulplay
INFO     Choice: foulplay
INFO     Opponent has switched - clearing the last used move
INFO     klefki already has the move foulplay. Decrementing the PP by 1
INFO     klefki used a dark move, removing darkgem from possible items
INFO     Setting klefki's last used move: foulplay
INFO     klefki used a damaging move - not guessing lifeorb anymore
INFO     klefki did 23.0% damage to gogoat with foulplay
INFO     Setting klefki's item to: leftovers
INFO     Setting gogoat's item to: leftovers
INFO     gogoat has less than maxhp during upkeep, no longer guessing leftovers or blacksludge
INFO     
INFO     Turn: 18
INFO     Sampling battle 0
INFO     	         gogoat    sapsipper    leftovers [bulkup, earthquake, hornleech, milkdrink] ttype=water
INFO     	        flamigo      scrappy  choicescarf [bravebird, closecombat, throatchop, uturn] ttype=fighting
INFO     	      cryogonal     levitate heavydutyboots [flashcannon, freezedry, rapidspin, recover] ttype=poison
INFO     	         lunala shadowshield    leftovers [calmmind, focusblast, moongeistbeam, moonlight] ttype=fighting
INFO     Sampling battle 1
INFO     	         gogoat    sapsipper    leftovers [bulkup, earthquake, hornleech, milkdrink] ttype=water
INFO     	        flamigo      scrappy   choiceband [bravebird, closecombat, throatchop, uturn] ttype=fighting
INFO     	      cryogonal     levitate heavydutyboots [flashcannon, freezedry, rapidspin, recover] ttype=steel
INFO     	         lunala shadowshield    leftovers [calmmind, moongeistbeam, moonlight, psyshock] ttype=dark
INFO     Searching for a move using PUCT MCTS with neural priors...
INFO     Sampling 2 battles at 500ms each
INFO     Computing neural priors for all battles...
INFO     Initialized StateTranslator with TeamPreviewObservationSpace
INFO     Initializing LocalPolicyProvider with model: Abra
INFO     Loading pretrained Abra model...
INFO     CUDA not available - overriding FlashAttention with VanillaAttention
[91mWarning: Using unofficial VanillaAttention implementation[0m


 		 AMAGO v3.1
            	 -------------------------
            	 Agent: MultiTaskAgent
            		 Max Sequence Length: 200
            		 TstepEncoder Type: MetamonTstepEncoder
            		 TrajEncoder Type: TformerTrajEncoder
            		 Total Parameters: 57,535,116
            		 Offline Loss Weight: 1.0
            		 Online Loss Weight: 0.0
            		 Mixed Precision: NO
            		 Checkpoint Path: /Users/yadureddy/Documents/GitHub/clean/pokeagent_ac_mcts/.metamon_cache/pretrained_models/models--jakegrigsby--metamon/snapshots/c5d1cb9abb6747066a325228845a5a8af3d12139/abra/abra/ckpts
            	 Environment:
            		 DummyAsyncVectorEnv(Gym Env x 1)
            		 Exploration Type: None
            	 Dataset: DoNothingDataset
            	 Accelerate Processes: 1 


INFO     Successfully loaded Abra model
ERROR    Error translating battle to observation: 
WARNING  Failed to get priors for battle: 
ERROR    Error translating battle to observation: 
WARNING  Failed to get priors for battle: 
INFO     Successfully computed neural priors for 0/2 battles
INFO     Using PUCT-guided move selection (priors integrated during search)...
INFO     Policy 0: switch hooh visited 98.36% avg_score=0.576 sample_chance_multiplier=0.5
INFO     Policy 1: switch hooh visited 98.46% avg_score=0.532 sample_chance_multiplier=0.5
INFO     Considered Choices:
INFO     	98.412%: switch hooh
INFO     Choice: switch hooh
INFO     gogoat already has the move bulkup. Decrementing the PP by 1
INFO     gogoat using bulkup makes it unlikely to have a choice item. Setting can_have_choice_item to False
INFO     gogoat used a status-move. Adding `assaultvest` to impossible items
INFO     Setting gogoat's last used move: bulkup
INFO     gogoat's attack was boosted by 1 to 1
INFO     gogoat's defense was boosted by 1 to 1
INFO     Setting gogoat's item to: leftovers
INFO     gogoat has less than maxhp during upkeep, no longer guessing leftovers or blacksludge
INFO     
INFO     Turn: 19
INFO     Sampling battle 0
INFO     	         gogoat    sapsipper    leftovers [bulkup, earthquake, hornleech, milkdrink] ttype=ground
INFO     	        flamigo      scrappy   choiceband [bravebird, closecombat, throatchop, uturn] ttype=fighting
INFO     	      cryogonal     levitate heavydutyboots [icebeam, rapidspin, recover, terablast] ttype=electric
INFO     	         lunala shadowshield    leftovers [calmmind, focusblast, moongeistbeam, moonlight] ttype=fighting
INFO     Sampling battle 1
INFO     	         gogoat    sapsipper    leftovers [bulkup, earthquake, hornleech, milkdrink] ttype=water
INFO     	        flamigo      scrappy  choicescarf [bravebird, closecombat, throatchop, uturn] ttype=fighting
INFO     	      cryogonal     levitate heavydutyboots [freezedry, haze, rapidspin, recover] ttype=steel
INFO     	         lunala shadowshield    leftovers [calmmind, moongeistbeam, moonlight, psyshock] ttype=dark
INFO     Searching for a move using PUCT MCTS with neural priors...
INFO     Sampling 2 battles at 500ms each
INFO     Computing neural priors for all battles...
INFO     Initialized StateTranslator with TeamPreviewObservationSpace
INFO     Initializing LocalPolicyProvider with model: Abra
INFO     Loading pretrained Abra model...
INFO     CUDA not available - overriding FlashAttention with VanillaAttention
[91mWarning: Using unofficial VanillaAttention implementation[0m


 		 AMAGO v3.1
            	 -------------------------
            	 Agent: MultiTaskAgent
            		 Max Sequence Length: 200
            		 TstepEncoder Type: MetamonTstepEncoder
            		 TrajEncoder Type: TformerTrajEncoder
            		 Total Parameters: 57,535,116
            		 Offline Loss Weight: 1.0
            		 Online Loss Weight: 0.0
            		 Mixed Precision: NO
            		 Checkpoint Path: /Users/yadureddy/Documents/GitHub/clean/pokeagent_ac_mcts/.metamon_cache/pretrained_models/models--jakegrigsby--metamon/snapshots/c5d1cb9abb6747066a325228845a5a8af3d12139/abra/abra/ckpts
            	 Environment:
            		 DummyAsyncVectorEnv(Gym Env x 1)
            		 Exploration Type: None
            	 Dataset: DoNothingDataset
            	 Accelerate Processes: 1 


INFO     Successfully loaded Abra model
ERROR    Error translating battle to observation: 
WARNING  Failed to get priors for battle: 
ERROR    Error translating battle to observation: 
WARNING  Failed to get priors for battle: 
INFO     Successfully computed neural priors for 0/2 battles
INFO     Using PUCT-guided move selection (priors integrated during search)...
INFO     Policy 0: bravebird visited 98.07% avg_score=0.64 sample_chance_multiplier=0.5
INFO     Policy 1: bravebird visited 98.95% avg_score=0.712 sample_chance_multiplier=0.5
INFO     Considered Choices:
INFO     	98.512%: bravebird
INFO     Choice: bravebird
INFO     Updated gogoat's max speed to 338
INFO     hooh already has the move bravebird. Decrementing the PP by 1
INFO     hooh used a flying move, removing flyinggem from possible items
INFO     Setting hooh's last used move: bravebird
INFO     hooh used a damaging move - not guessing lifeorb anymore
INFO     hooh did 52.0% damage to gogoat with bravebird
INFO     gogoat used two different moves - it cannot have a choice item
INFO     gogoat used a status-move. Adding `assaultvest` to impossible items
INFO     Setting gogoat's last used move: milkdrink
INFO     Setting gogoat's item to: leftovers
INFO     gogoat has less than maxhp during upkeep, no longer guessing leftovers or blacksludge
INFO     
INFO     Turn: 20
INFO     Sampling battle 0
INFO     	         gogoat    sapsipper    leftovers [bulkup, hornleech, milkdrink, rockslide] ttype=water
INFO     	        flamigo      scrappy   choiceband [bravebird, closecombat, throatchop, uturn] ttype=fighting
INFO     	      cryogonal     levitate heavydutyboots [icebeam, rapidspin, recover, terablast] ttype=electric
INFO     	         lunala shadowshield    leftovers [calmmind, focusblast, moongeistbeam, moonlight] ttype=fighting
INFO     Sampling battle 1
INFO     	         gogoat    sapsipper    leftovers [bulkup, earthquake, hornleech, milkdrink] ttype=ground
INFO     	        flamigo      scrappy  choicescarf [bravebird, closecombat, throatchop, uturn] ttype=fighting
INFO     	      cryogonal     levitate heavydutyboots [flashcannon, freezedry, rapidspin, recover] ttype=steel
INFO     	         lunala shadowshield    leftovers [calmmind, moongeistbeam, moonlight, psyshock] ttype=dark
INFO     Searching for a move using PUCT MCTS with neural priors...
INFO     Sampling 2 battles at 500ms each
INFO     Computing neural priors for all battles...
INFO     Initialized StateTranslator with TeamPreviewObservationSpace
INFO     Initializing LocalPolicyProvider with model: Abra
INFO     Loading pretrained Abra model...
INFO     CUDA not available - overriding FlashAttention with VanillaAttention
[91mWarning: Using unofficial VanillaAttention implementation[0m


 		 AMAGO v3.1
            	 -------------------------
            	 Agent: MultiTaskAgent
            		 Max Sequence Length: 200
            		 TstepEncoder Type: MetamonTstepEncoder
            		 TrajEncoder Type: TformerTrajEncoder
            		 Total Parameters: 57,535,116
            		 Offline Loss Weight: 1.0
            		 Online Loss Weight: 0.0
            		 Mixed Precision: NO
            		 Checkpoint Path: /Users/yadureddy/Documents/GitHub/clean/pokeagent_ac_mcts/.metamon_cache/pretrained_models/models--jakegrigsby--metamon/snapshots/c5d1cb9abb6747066a325228845a5a8af3d12139/abra/abra/ckpts
            	 Environment:
            		 DummyAsyncVectorEnv(Gym Env x 1)
            		 Exploration Type: None
            	 Dataset: DoNothingDataset
            	 Accelerate Processes: 1 


INFO     Successfully loaded Abra model
ERROR    Error translating battle to observation: 
WARNING  Failed to get priors for battle: 
ERROR    Error translating battle to observation: 
WARNING  Failed to get priors for battle: 
INFO     Successfully computed neural priors for 0/2 battles
INFO     Using PUCT-guided move selection (priors integrated during search)...
INFO     Policy 0: bravebird visited 96.3% avg_score=0.598 sample_chance_multiplier=0.5
INFO     Policy 1: bravebird visited 98.77% avg_score=0.729 sample_chance_multiplier=0.5
INFO     Considered Choices:
INFO     	97.533%: bravebird
INFO     Choice: bravebird
INFO     hooh already has the move bravebird. Decrementing the PP by 1
INFO     hooh used a flying move, removing flyinggem from possible items
INFO     Setting hooh's last used move: bravebird
INFO     hooh used a damaging move - not guessing lifeorb anymore
INFO     hooh did 55.00000000000001% damage to gogoat with bravebird
INFO     Setting gogoat's item to: leftovers
INFO     gogoat has less than maxhp during upkeep, no longer guessing leftovers or blacksludge
INFO     
INFO     Turn: 21
INFO     Sampling battle 0
INFO     	         gogoat    sapsipper    leftovers [bulkup, earthquake, hornleech, milkdrink] ttype=ground
INFO     	        flamigo      scrappy  choicescarf [bravebird, closecombat, throatchop, uturn] ttype=fighting
INFO     	      cryogonal     levitate heavydutyboots [freezedry, haze, rapidspin, recover] ttype=poison
INFO     	         lunala shadowshield    leftovers [calmmind, focusblast, moongeistbeam, moonlight] ttype=fighting
INFO     Sampling battle 1
INFO     	         gogoat    sapsipper    leftovers [bulkup, hornleech, milkdrink, rockslide] ttype=water
INFO     	        flamigo      scrappy   choiceband [bravebird, closecombat, throatchop, uturn] ttype=fighting
INFO     	      cryogonal     levitate heavydutyboots [freezedry, haze, rapidspin, recover] ttype=poison
INFO     	         lunala shadowshield    leftovers [calmmind, moongeistbeam, moonlight, psyshock] ttype=fairy
INFO     Searching for a move using PUCT MCTS with neural priors...
INFO     Sampling 2 battles at 500ms each
INFO     Computing neural priors for all battles...
INFO     Initialized StateTranslator with TeamPreviewObservationSpace
INFO     Initializing LocalPolicyProvider with model: Abra
INFO     Loading pretrained Abra model...
INFO     CUDA not available - overriding FlashAttention with VanillaAttention
[91mWarning: Using unofficial VanillaAttention implementation[0m


 		 AMAGO v3.1
            	 -------------------------
            	 Agent: MultiTaskAgent
            		 Max Sequence Length: 200
            		 TstepEncoder Type: MetamonTstepEncoder
            		 TrajEncoder Type: TformerTrajEncoder
            		 Total Parameters: 57,535,116
            		 Offline Loss Weight: 1.0
            		 Online Loss Weight: 0.0
            		 Mixed Precision: NO
            		 Checkpoint Path: /Users/yadureddy/Documents/GitHub/clean/pokeagent_ac_mcts/.metamon_cache/pretrained_models/models--jakegrigsby--metamon/snapshots/c5d1cb9abb6747066a325228845a5a8af3d12139/abra/abra/ckpts
            	 Environment:
            		 DummyAsyncVectorEnv(Gym Env x 1)
            		 Exploration Type: None
            	 Dataset: DoNothingDataset
            	 Accelerate Processes: 1 


INFO     Successfully loaded Abra model
ERROR    Error translating battle to observation: 
WARNING  Failed to get priors for battle: 
ERROR    Error translating battle to observation: 
WARNING  Failed to get priors for battle: 
INFO     Successfully computed neural priors for 0/2 battles
INFO     Using PUCT-guided move selection (priors integrated during search)...
INFO     Policy 0: sacredfire visited 96.11% avg_score=0.817 sample_chance_multiplier=0.5
INFO     Policy 1: sacredfire visited 96.44% avg_score=0.756 sample_chance_multiplier=0.5
INFO     Considered Choices:
INFO     	96.278%: sacredfire
INFO     Choice: sacredfire
INFO     Opponent has switched - clearing the last used move
INFO     hooh already has the move sacredfire. Decrementing the PP by 1
INFO     hooh used a fire move, removing firegem from possible items
INFO     Setting hooh's last used move: sacredfire
INFO     hooh used a damaging move - not guessing lifeorb anymore
INFO     hooh did 38.0% damage to lunala with sacredfire
INFO     Setting lunala's item to: leftovers
INFO     lunala has less than maxhp during upkeep, no longer guessing leftovers or blacksludge
INFO     
INFO     Turn: 22
INFO     Sampling battle 0
INFO     	         lunala shadowshield    leftovers [calmmind, focusblast, moongeistbeam, moonlight] ttype=fighting
INFO     	        flamigo      scrappy  choicescarf [bravebird, closecombat, throatchop, uturn] ttype=fighting
INFO     	      cryogonal     levitate heavydutyboots [freezedry, haze, rapidspin, recover] ttype=steel
INFO     	         gogoat    sapsipper    leftovers [bulkup, earthquake, hornleech, milkdrink] ttype=ground
INFO     Sampling battle 1
INFO     	         lunala shadowshield    leftovers [calmmind, moonblast, moongeistbeam, moonlight] ttype=fairy
INFO     	        flamigo      scrappy  choicescarf [bravebird, closecombat, throatchop, uturn] ttype=fighting
INFO     	      cryogonal     levitate heavydutyboots [freezedry, haze, rapidspin, recover] ttype=steel
INFO     	         gogoat    sapsipper    leftovers [bulkup, earthquake, hornleech, milkdrink] ttype=ground
INFO     Searching for a move using PUCT MCTS with neural priors...
INFO     Sampling 2 battles at 500ms each
INFO     Computing neural priors for all battles...
INFO     Initialized StateTranslator with TeamPreviewObservationSpace
INFO     Initializing LocalPolicyProvider with model: Abra
INFO     Loading pretrained Abra model...
INFO     CUDA not available - overriding FlashAttention with VanillaAttention
[91mWarning: Using unofficial VanillaAttention implementation[0m


 		 AMAGO v3.1
            	 -------------------------
            	 Agent: MultiTaskAgent
            		 Max Sequence Length: 200
            		 TstepEncoder Type: MetamonTstepEncoder
            		 TrajEncoder Type: TformerTrajEncoder
            		 Total Parameters: 57,535,116
            		 Offline Loss Weight: 1.0
            		 Online Loss Weight: 0.0
            		 Mixed Precision: NO
            		 Checkpoint Path: /Users/yadureddy/Documents/GitHub/clean/pokeagent_ac_mcts/.metamon_cache/pretrained_models/models--jakegrigsby--metamon/snapshots/c5d1cb9abb6747066a325228845a5a8af3d12139/abra/abra/ckpts
            	 Environment:
            		 DummyAsyncVectorEnv(Gym Env x 1)
            		 Exploration Type: None
            	 Dataset: DoNothingDataset
            	 Accelerate Processes: 1 


INFO     Successfully loaded Abra model
ERROR    Error translating battle to observation: 
WARNING  Failed to get priors for battle: 
ERROR    Error translating battle to observation: 
WARNING  Failed to get priors for battle: 
INFO     Successfully computed neural priors for 0/2 battles
INFO     Using PUCT-guided move selection (priors integrated during search)...
INFO     Policy 0: switch klefki visited 98.27% avg_score=0.651 sample_chance_multiplier=0.5
INFO     Policy 1: switch klefki visited 98.38% avg_score=0.65 sample_chance_multiplier=0.5
INFO     Considered Choices:
INFO     	98.327%: switch klefki
INFO     Choice: switch klefki
INFO     hooh switched out with regenerator. Healing it to 230.0/268.0
INFO     lunala already has the move moonlight. Decrementing the PP by 1
INFO     lunala used a status-move. Adding `assaultvest` to impossible items
INFO     Setting lunala's last used move: moonlight
INFO     Setting lunala's item to: leftovers
INFO     Setting klefki's item to: leftovers
INFO     lunala has less than maxhp during upkeep, no longer guessing leftovers or blacksludge
INFO     
INFO     Turn: 23
INFO     Sampling battle 0
INFO     	         lunala shadowshield    leftovers [calmmind, moonblast, moongeistbeam, moonlight] ttype=fairy
INFO     	        flamigo      scrappy  choicescarf [bravebird, closecombat, throatchop, uturn] ttype=fighting
INFO     	      cryogonal     levitate heavydutyboots [freezedry, haze, rapidspin, recover] ttype=poison
INFO     	         gogoat    sapsipper    leftovers [bulkup, earthquake, hornleech, milkdrink] ttype=ground
INFO     Sampling battle 1
INFO     	         lunala shadowshield    leftovers [calmmind, moonblast, moongeistbeam, moonlight] ttype=fairy
INFO     	        flamigo      scrappy   choiceband [bravebird, closecombat, throatchop, uturn] ttype=fighting
INFO     	      cryogonal     levitate heavydutyboots [freezedry, haze, rapidspin, recover] ttype=poison
INFO     	         gogoat    sapsipper    leftovers [bulkup, earthquake, hornleech, milkdrink] ttype=ground
INFO     Searching for a move using PUCT MCTS with neural priors...
INFO     Sampling 2 battles at 500ms each
INFO     Computing neural priors for all battles...
INFO     Initialized StateTranslator with TeamPreviewObservationSpace
INFO     Initializing LocalPolicyProvider with model: Abra
INFO     Loading pretrained Abra model...
INFO     CUDA not available - overriding FlashAttention with VanillaAttention
[91mWarning: Using unofficial VanillaAttention implementation[0m


 		 AMAGO v3.1
            	 -------------------------
            	 Agent: MultiTaskAgent
            		 Max Sequence Length: 200
            		 TstepEncoder Type: MetamonTstepEncoder
            		 TrajEncoder Type: TformerTrajEncoder
            		 Total Parameters: 57,535,116
            		 Offline Loss Weight: 1.0
            		 Online Loss Weight: 0.0
            		 Mixed Precision: NO
            		 Checkpoint Path: /Users/yadureddy/Documents/GitHub/clean/pokeagent_ac_mcts/.metamon_cache/pretrained_models/models--jakegrigsby--metamon/snapshots/c5d1cb9abb6747066a325228845a5a8af3d12139/abra/abra/ckpts
            	 Environment:
            		 DummyAsyncVectorEnv(Gym Env x 1)
            		 Exploration Type: None
            	 Dataset: DoNothingDataset
            	 Accelerate Processes: 1 


INFO     Successfully loaded Abra model
ERROR    Error translating battle to observation: 
WARNING  Failed to get priors for battle: 
ERROR    Error translating battle to observation: 
WARNING  Failed to get priors for battle: 
INFO     Successfully computed neural priors for 0/2 battles
INFO     Using PUCT-guided move selection (priors integrated during search)...
INFO     Policy 0: foulplay visited 95.86% avg_score=0.663 sample_chance_multiplier=0.5
INFO     Policy 1: foulplay visited 52.39% avg_score=0.614 sample_chance_multiplier=0.5
INFO     Considered Choices:
INFO     	74.127%: foulplay
INFO     Choice: foulplay
INFO     Opponent has switched - clearing the last used move
INFO     klefki already has the move foulplay. Decrementing the PP by 1
INFO     klefki used a dark move, removing darkgem from possible items
INFO     Setting klefki's last used move: foulplay
INFO     klefki used a damaging move - not guessing lifeorb anymore
INFO     klefki did 23.0% damage to cryogonal with foulplay
INFO     Setting klefki's item to: leftovers
INFO     cryogonal has less than maxhp during upkeep, no longer guessing leftovers or blacksludge
INFO     
INFO     Turn: 24
INFO     Sampling battle 0
INFO     	      cryogonal     levitate heavydutyboots [icebeam, rapidspin, recover, terablast] ttype=electric
INFO     	        flamigo      scrappy  choicescarf [bravebird, closecombat, throatchop, uturn] ttype=fighting
INFO     	         gogoat    sapsipper    leftovers [bulkup, earthquake, hornleech, milkdrink] ttype=water
INFO     	         lunala shadowshield    leftovers [calmmind, moonblast, moongeistbeam, moonlight] ttype=fairy
INFO     Sampling battle 1
INFO     	      cryogonal     levitate heavydutyboots [icebeam, rapidspin, recover, terablast] ttype=electric
INFO     	        flamigo      scrappy  choicescarf [bravebird, closecombat, throatchop, uturn] ttype=fighting
INFO     	         gogoat    sapsipper    leftovers [bulkup, hornleech, milkdrink, rockslide] ttype=water
INFO     	         lunala shadowshield    leftovers [calmmind, moongeistbeam, moonlight, psyshock] ttype=fairy
INFO     Searching for a move using PUCT MCTS with neural priors...
INFO     Sampling 2 battles at 500ms each
INFO     Computing neural priors for all battles...
INFO     Initialized StateTranslator with TeamPreviewObservationSpace
INFO     Initializing LocalPolicyProvider with model: Abra
INFO     Loading pretrained Abra model...
INFO     CUDA not available - overriding FlashAttention with VanillaAttention
[91mWarning: Using unofficial VanillaAttention implementation[0m


 		 AMAGO v3.1
            	 -------------------------
            	 Agent: MultiTaskAgent
            		 Max Sequence Length: 200
            		 TstepEncoder Type: MetamonTstepEncoder
            		 TrajEncoder Type: TformerTrajEncoder
            		 Total Parameters: 57,535,116
            		 Offline Loss Weight: 1.0
            		 Online Loss Weight: 0.0
            		 Mixed Precision: NO
            		 Checkpoint Path: /Users/yadureddy/Documents/GitHub/clean/pokeagent_ac_mcts/.metamon_cache/pretrained_models/models--jakegrigsby--metamon/snapshots/c5d1cb9abb6747066a325228845a5a8af3d12139/abra/abra/ckpts
            	 Environment:
            		 DummyAsyncVectorEnv(Gym Env x 1)
            		 Exploration Type: None
            	 Dataset: DoNothingDataset
            	 Accelerate Processes: 1 


INFO     Successfully loaded Abra model
ERROR    Error translating battle to observation: 
WARNING  Failed to get priors for battle: 
ERROR    Error translating battle to observation: 
WARNING  Failed to get priors for battle: 
INFO     Successfully computed neural priors for 0/2 battles
INFO     Using PUCT-guided move selection (priors integrated during search)...
INFO     Policy 0: switch avalugghisui visited 97.37% avg_score=0.596 sample_chance_multiplier=0.5
INFO     Policy 1: switch avalugghisui visited 97.66% avg_score=0.599 sample_chance_multiplier=0.5
INFO     Considered Choices:
INFO     	97.517%: switch avalugghisui
INFO     Choice: switch avalugghisui
INFO     avalugghisui switched in, adding intimidate to impossible abilities
INFO     avalugghisui switched in, adding pressure to impossible abilities
INFO     avalugghisui switched in, adding neutralizinggas to impossible abilities
INFO     avalugghisui switched in, adding sandstream to impossible abilities
INFO     avalugghisui switched in, adding drought to impossible abilities
INFO     avalugghisui switched in, adding drizzle to impossible abilities
INFO     avalugghisui switched in, adding snowwarning to impossible abilities
INFO     avalugghisui switched in, adding boosterenergy to impossible items
INFO     avalugghisui switched in, adding airballoon to impossible items
INFO     cryogonal using recover makes it unlikely to have a choice item. Setting can_have_choice_item to False
INFO     cryogonal used a status-move. Adding `assaultvest` to impossible items
INFO     Setting cryogonal's last used move: recover
INFO     
INFO     Turn: 25
INFO     Sampling battle 0
INFO     	      cryogonal     levitate heavydutyboots [icebeam, rapidspin, recover, terablast] ttype=electric
INFO     	        flamigo      scrappy  choicescarf [bravebird, closecombat, throatchop, uturn] ttype=fighting
INFO     	         gogoat    sapsipper    leftovers [bulkup, earthquake, hornleech, milkdrink] ttype=ground
INFO     	         lunala shadowshield    leftovers [calmmind, moongeistbeam, moonlight, psyshock] ttype=dark
INFO     Sampling battle 1
INFO     	      cryogonal     levitate heavydutyboots [icebeam, rapidspin, recover, terablast] ttype=electric
INFO     	        flamigo      scrappy  choicescarf [bravebird, closecombat, throatchop, uturn] ttype=fighting
INFO     	         gogoat    sapsipper    leftovers [bulkup, earthquake, hornleech, milkdrink] ttype=ground
INFO     	         lunala shadowshield    leftovers [calmmind, moongeistbeam, moonlight, psyshock] ttype=dark
INFO     Searching for a move using PUCT MCTS with neural priors...
INFO     Sampling 2 battles at 500ms each
INFO     Computing neural priors for all battles...
INFO     Initialized StateTranslator with TeamPreviewObservationSpace
INFO     Initializing LocalPolicyProvider with model: Abra
INFO     Loading pretrained Abra model...
INFO     CUDA not available - overriding FlashAttention with VanillaAttention
[91mWarning: Using unofficial VanillaAttention implementation[0m


 		 AMAGO v3.1
            	 -------------------------
            	 Agent: MultiTaskAgent
            		 Max Sequence Length: 200
            		 TstepEncoder Type: MetamonTstepEncoder
            		 TrajEncoder Type: TformerTrajEncoder
            		 Total Parameters: 57,535,116
            		 Offline Loss Weight: 1.0
            		 Online Loss Weight: 0.0
            		 Mixed Precision: NO
            		 Checkpoint Path: /Users/yadureddy/Documents/GitHub/clean/pokeagent_ac_mcts/.metamon_cache/pretrained_models/models--jakegrigsby--metamon/snapshots/c5d1cb9abb6747066a325228845a5a8af3d12139/abra/abra/ckpts
            	 Environment:
            		 DummyAsyncVectorEnv(Gym Env x 1)
            		 Exploration Type: None
            	 Dataset: DoNothingDataset
            	 Accelerate Processes: 1 


INFO     Successfully loaded Abra model
ERROR    Error translating battle to observation: 
WARNING  Failed to get priors for battle: 
ERROR    Error translating battle to observation: 
WARNING  Failed to get priors for battle: 
INFO     Successfully computed neural priors for 0/2 battles
INFO     Using PUCT-guided move selection (priors integrated during search)...
INFO     Policy 0: stoneedge visited 98.55% avg_score=0.724 sample_chance_multiplier=0.5
INFO     Policy 1: stoneedge visited 98.46% avg_score=0.725 sample_chance_multiplier=0.5
INFO     Considered Choices:
INFO     	98.504%: stoneedge
INFO     Choice: stoneedge
INFO     Opponent has switched - clearing the last used move
INFO     avalugghisui already has the move stoneedge. Decrementing the PP by 1
INFO     avalugghisui used a rock move, removing rockgem from possible items
INFO     Setting avalugghisui's last used move: stoneedge
INFO     avalugghisui used a damaging move - not guessing lifeorb anymore
INFO     Setting gogoat's item to: leftovers
INFO     gogoat has less than maxhp during upkeep, no longer guessing leftovers or blacksludge
INFO     
INFO     Turn: 26
INFO     Sampling battle 0
INFO     	         gogoat    sapsipper    leftovers [bulkup, earthquake, hornleech, milkdrink] ttype=ground
INFO     	        flamigo      scrappy  choicescarf [bravebird, closecombat, throatchop, uturn] ttype=fighting
INFO     	         lunala shadowshield    leftovers [calmmind, moongeistbeam, moonlight, psyshock] ttype=dark
INFO     	      cryogonal     levitate heavydutyboots [flashcannon, freezedry, rapidspin, recover] ttype=poison
INFO     Sampling battle 1
INFO     	         gogoat    sapsipper    leftovers [bulkup, earthquake, hornleech, milkdrink] ttype=ground
INFO     	        flamigo      scrappy  choicescarf [bravebird, closecombat, throatchop, uturn] ttype=fighting
INFO     	         lunala shadowshield    leftovers [calmmind, moonblast, moongeistbeam, moonlight] ttype=fairy
INFO     	      cryogonal     levitate heavydutyboots [freezedry, haze, rapidspin, recover] ttype=steel
INFO     Searching for a move using PUCT MCTS with neural priors...
INFO     Sampling 2 battles at 500ms each
INFO     Computing neural priors for all battles...
INFO     Initialized StateTranslator with TeamPreviewObservationSpace
INFO     Initializing LocalPolicyProvider with model: Abra
INFO     Loading pretrained Abra model...
INFO     CUDA not available - overriding FlashAttention with VanillaAttention
[91mWarning: Using unofficial VanillaAttention implementation[0m


 		 AMAGO v3.1
            	 -------------------------
            	 Agent: MultiTaskAgent
            		 Max Sequence Length: 200
            		 TstepEncoder Type: MetamonTstepEncoder
            		 TrajEncoder Type: TformerTrajEncoder
            		 Total Parameters: 57,535,116
            		 Offline Loss Weight: 1.0
            		 Online Loss Weight: 0.0
            		 Mixed Precision: NO
            		 Checkpoint Path: /Users/yadureddy/Documents/GitHub/clean/pokeagent_ac_mcts/.metamon_cache/pretrained_models/models--jakegrigsby--metamon/snapshots/c5d1cb9abb6747066a325228845a5a8af3d12139/abra/abra/ckpts
            	 Environment:
            		 DummyAsyncVectorEnv(Gym Env x 1)
            		 Exploration Type: None
            	 Dataset: DoNothingDataset
            	 Accelerate Processes: 1 


INFO     Successfully loaded Abra model
ERROR    Error translating battle to observation: 
WARNING  Failed to get priors for battle: 
ERROR    Error translating battle to observation: 
WARNING  Failed to get priors for battle: 
INFO     Successfully computed neural priors for 0/2 battles
INFO     Using PUCT-guided move selection (priors integrated during search)...
INFO     Policy 0: stoneedge visited 98.94% avg_score=0.702 sample_chance_multiplier=0.5
INFO     Policy 1: stoneedge visited 98.73% avg_score=0.711 sample_chance_multiplier=0.5
INFO     Considered Choices:
INFO     	98.834%: stoneedge
INFO     Choice: stoneedge
INFO     avalugghisui already has the move stoneedge. Decrementing the PP by 1
INFO     avalugghisui used a rock move, removing rockgem from possible items
INFO     Setting avalugghisui's last used move: stoneedge
INFO     avalugghisui used a damaging move - not guessing lifeorb anymore
INFO     avalugghisui did 43.0% damage to gogoat with stoneedge
INFO     gogoat has less than maxhp during upkeep, no longer guessing leftovers or blacksludge
INFO     Opponent has switched - clearing the last used move
INFO     
INFO     Turn: 27
INFO     Sampling battle 0
INFO     	         lunala shadowshield    leftovers [calmmind, moonblast, moongeistbeam, moonlight] ttype=fairy
INFO     	        flamigo      scrappy   choiceband [bravebird, closecombat, throatchop, uturn] ttype=fighting
INFO     	      cryogonal     levitate heavydutyboots [freezedry, haze, rapidspin, recover] ttype=steel
INFO     Sampling battle 1
INFO     	         lunala shadowshield    leftovers [calmmind, moongeistbeam, moonlight, psyshock] ttype=dark
INFO     	        flamigo      scrappy   choiceband [bravebird, closecombat, throatchop, uturn] ttype=fighting
INFO     	      cryogonal     levitate heavydutyboots [icebeam, rapidspin, recover, terablast] ttype=electric
INFO     Searching for a move using PUCT MCTS with neural priors...
INFO     Sampling 2 battles at 500ms each
INFO     Computing neural priors for all battles...
INFO     Initialized StateTranslator with TeamPreviewObservationSpace
INFO     Initializing LocalPolicyProvider with model: Abra
INFO     Loading pretrained Abra model...
INFO     CUDA not available - overriding FlashAttention with VanillaAttention
[91mWarning: Using unofficial VanillaAttention implementation[0m


 		 AMAGO v3.1
            	 -------------------------
            	 Agent: MultiTaskAgent
            		 Max Sequence Length: 200
            		 TstepEncoder Type: MetamonTstepEncoder
            		 TrajEncoder Type: TformerTrajEncoder
            		 Total Parameters: 57,535,116
            		 Offline Loss Weight: 1.0
            		 Online Loss Weight: 0.0
            		 Mixed Precision: NO
            		 Checkpoint Path: /Users/yadureddy/Documents/GitHub/clean/pokeagent_ac_mcts/.metamon_cache/pretrained_models/models--jakegrigsby--metamon/snapshots/c5d1cb9abb6747066a325228845a5a8af3d12139/abra/abra/ckpts
            	 Environment:
            		 DummyAsyncVectorEnv(Gym Env x 1)
            		 Exploration Type: None
            	 Dataset: DoNothingDataset
            	 Accelerate Processes: 1 


INFO     Successfully loaded Abra model
ERROR    Error translating battle to observation: 
WARNING  Failed to get priors for battle: 
ERROR    Error translating battle to observation: 
WARNING  Failed to get priors for battle: 
INFO     Successfully computed neural priors for 0/2 battles
INFO     Using PUCT-guided move selection (priors integrated during search)...
INFO     Policy 0: switch klefki visited 94.83% avg_score=0.629 sample_chance_multiplier=0.5
INFO     Policy 1: switch klefki visited 93.04% avg_score=0.609 sample_chance_multiplier=0.5
INFO     Considered Choices:
INFO     	93.936%: switch klefki
INFO     Choice: switch klefki
INFO     Opponent has switched - clearing the last used move
INFO     
INFO     Turn: 28
INFO     Sampling battle 0
INFO     	      cryogonal     levitate heavydutyboots [icebeam, rapidspin, recover, terablast] ttype=electric
INFO     	        flamigo      scrappy   choiceband [bravebird, closecombat, throatchop, uturn] ttype=fighting
INFO     	         lunala shadowshield    leftovers [calmmind, moonblast, moongeistbeam, moonlight] ttype=fairy
INFO     Sampling battle 1
INFO     	      cryogonal     levitate heavydutyboots [freezedry, haze, rapidspin, recover] ttype=poison
INFO     	        flamigo      scrappy   choiceband [bravebird, closecombat, throatchop, uturn] ttype=fighting
INFO     	         lunala shadowshield    leftovers [calmmind, moongeistbeam, moonlight, psyshock] ttype=fairy
INFO     Searching for a move using PUCT MCTS with neural priors...
INFO     Sampling 2 battles at 500ms each
INFO     Computing neural priors for all battles...
INFO     Initialized StateTranslator with TeamPreviewObservationSpace
INFO     Initializing LocalPolicyProvider with model: Abra
INFO     Loading pretrained Abra model...
INFO     CUDA not available - overriding FlashAttention with VanillaAttention
[91mWarning: Using unofficial VanillaAttention implementation[0m


 		 AMAGO v3.1
            	 -------------------------
            	 Agent: MultiTaskAgent
            		 Max Sequence Length: 200
            		 TstepEncoder Type: MetamonTstepEncoder
            		 TrajEncoder Type: TformerTrajEncoder
            		 Total Parameters: 57,535,116
            		 Offline Loss Weight: 1.0
            		 Online Loss Weight: 0.0
            		 Mixed Precision: NO
            		 Checkpoint Path: /Users/yadureddy/Documents/GitHub/clean/pokeagent_ac_mcts/.metamon_cache/pretrained_models/models--jakegrigsby--metamon/snapshots/c5d1cb9abb6747066a325228845a5a8af3d12139/abra/abra/ckpts
            	 Environment:
            		 DummyAsyncVectorEnv(Gym Env x 1)
            		 Exploration Type: None
            	 Dataset: DoNothingDataset
            	 Accelerate Processes: 1 


INFO     Successfully loaded Abra model
ERROR    Error translating battle to observation: 
WARNING  Failed to get priors for battle: 
ERROR    Error translating battle to observation: 
WARNING  Failed to get priors for battle: 
INFO     Successfully computed neural priors for 0/2 battles
INFO     Using PUCT-guided move selection (priors integrated during search)...
INFO     Policy 0: thunderwave visited 95.69% avg_score=0.598 sample_chance_multiplier=0.5
INFO     Policy 1: thunderwave visited 96.8% avg_score=0.632 sample_chance_multiplier=0.5
INFO     Considered Choices:
INFO     	96.242%: thunderwave
INFO     Choice: thunderwave
INFO     klefki already has the move thunderwave. Decrementing the PP by 1
INFO     klefki used a status-move. Adding `assaultvest` to impossible items
INFO     Setting klefki's last used move: thunderwave
INFO     cryogonal got status: par
INFO     No longer guessing lumberry because cryogonal got status par
INFO     
INFO     Turn: 29
INFO     Sampling battle 0
INFO     	      cryogonal     levitate heavydutyboots [freezedry, haze, rapidspin, recover] ttype=steel
INFO     	        flamigo      scrappy  choicescarf [bravebird, closecombat, throatchop, uturn] ttype=fighting
INFO     	         lunala shadowshield    leftovers [calmmind, moongeistbeam, moonlight, psyshock] ttype=fairy
INFO     Sampling battle 1
INFO     	      cryogonal     levitate heavydutyboots [flashcannon, freezedry, rapidspin, recover] ttype=steel
INFO     	        flamigo      scrappy  choicescarf [bravebird, closecombat, throatchop, uturn] ttype=fighting
INFO     	         lunala shadowshield    leftovers [calmmind, moongeistbeam, moonlight, psyshock] ttype=dark
INFO     Searching for a move using PUCT MCTS with neural priors...
INFO     Sampling 2 battles at 500ms each
INFO     Computing neural priors for all battles...
INFO     Initialized StateTranslator with TeamPreviewObservationSpace
INFO     Initializing LocalPolicyProvider with model: Abra
INFO     Loading pretrained Abra model...
INFO     CUDA not available - overriding FlashAttention with VanillaAttention
[91mWarning: Using unofficial VanillaAttention implementation[0m


 		 AMAGO v3.1
            	 -------------------------
            	 Agent: MultiTaskAgent
            		 Max Sequence Length: 200
            		 TstepEncoder Type: MetamonTstepEncoder
            		 TrajEncoder Type: TformerTrajEncoder
            		 Total Parameters: 57,535,116
            		 Offline Loss Weight: 1.0
            		 Online Loss Weight: 0.0
            		 Mixed Precision: NO
            		 Checkpoint Path: /Users/yadureddy/Documents/GitHub/clean/pokeagent_ac_mcts/.metamon_cache/pretrained_models/models--jakegrigsby--metamon/snapshots/c5d1cb9abb6747066a325228845a5a8af3d12139/abra/abra/ckpts
            	 Environment:
            		 DummyAsyncVectorEnv(Gym Env x 1)
            		 Exploration Type: None
            	 Dataset: DoNothingDataset
            	 Accelerate Processes: 1 


INFO     Successfully loaded Abra model
ERROR    Error translating battle to observation: 
WARNING  Failed to get priors for battle: 
ERROR    Error translating battle to observation: 
WARNING  Failed to get priors for battle: 
INFO     Successfully computed neural priors for 0/2 battles
INFO     Using PUCT-guided move selection (priors integrated during search)...
INFO     Policy 0: switch avalugghisui visited 96.55% avg_score=0.658 sample_chance_multiplier=0.5
INFO     Policy 1: switch hooh visited 96.52% avg_score=0.664 sample_chance_multiplier=0.5
INFO     Considered Choices:
INFO     	48.664%: switch avalugghisui
INFO     	48.459%: switch hooh
INFO     Choice: switch hooh
INFO     cryogonal used two different moves - it cannot have a choice item
INFO     cryogonal used a ice move, removing icegem from possible items
INFO     Setting cryogonal's last used move: freezedry
INFO     cryogonal used a damaging move - not guessing lifeorb anymore
INFO     cryogonal did 23.51% damage to hooh with freezedry
INFO     
INFO     Turn: 30
INFO     Sampling battle 0
INFO     	      cryogonal     levitate heavydutyboots [flashcannon, freezedry, rapidspin, recover] ttype=steel
INFO     	        flamigo      scrappy   choiceband [bravebird, closecombat, throatchop, uturn] ttype=fighting
INFO     	         lunala shadowshield    leftovers [calmmind, moonblast, moongeistbeam, moonlight] ttype=fairy
INFO     Sampling battle 1
INFO     	      cryogonal     levitate heavydutyboots [flashcannon, freezedry, rapidspin, recover] ttype=steel
INFO     	        flamigo      scrappy   choiceband [bravebird, closecombat, throatchop, uturn] ttype=fighting
INFO     	         lunala shadowshield    leftovers [calmmind, moongeistbeam, moonlight, psyshock] ttype=dark
INFO     Searching for a move using PUCT MCTS with neural priors...
INFO     Sampling 2 battles at 500ms each
INFO     Computing neural priors for all battles...
INFO     Initialized StateTranslator with TeamPreviewObservationSpace
INFO     Initializing LocalPolicyProvider with model: Abra
INFO     Loading pretrained Abra model...
INFO     CUDA not available - overriding FlashAttention with VanillaAttention
[91mWarning: Using unofficial VanillaAttention implementation[0m


 		 AMAGO v3.1
            	 -------------------------
            	 Agent: MultiTaskAgent
            		 Max Sequence Length: 200
            		 TstepEncoder Type: MetamonTstepEncoder
            		 TrajEncoder Type: TformerTrajEncoder
            		 Total Parameters: 57,535,116
            		 Offline Loss Weight: 1.0
            		 Online Loss Weight: 0.0
            		 Mixed Precision: NO
            		 Checkpoint Path: /Users/yadureddy/Documents/GitHub/clean/pokeagent_ac_mcts/.metamon_cache/pretrained_models/models--jakegrigsby--metamon/snapshots/c5d1cb9abb6747066a325228845a5a8af3d12139/abra/abra/ckpts
            	 Environment:
            		 DummyAsyncVectorEnv(Gym Env x 1)
            		 Exploration Type: None
            	 Dataset: DoNothingDataset
            	 Accelerate Processes: 1 


INFO     Successfully loaded Abra model
ERROR    Error translating battle to observation: 
WARNING  Failed to get priors for battle: 
ERROR    Error translating battle to observation: 
WARNING  Failed to get priors for battle: 
INFO     Successfully computed neural priors for 0/2 battles
INFO     Using PUCT-guided move selection (priors integrated during search)...
INFO     Policy 0: sacredfire visited 97.2% avg_score=0.733 sample_chance_multiplier=0.5
INFO     Policy 1: sacredfire visited 97.2% avg_score=0.733 sample_chance_multiplier=0.5
INFO     Considered Choices:
INFO     	97.2%: sacredfire
INFO     Choice: sacredfire
INFO     Opponent has switched - clearing the last used move
INFO     hooh already has the move sacredfire. Decrementing the PP by 1
INFO     hooh used a fire move, removing firegem from possible items
INFO     Setting hooh's last used move: sacredfire
INFO     hooh used a damaging move - not guessing lifeorb anymore
INFO     Setting lunala's item to: leftovers
INFO     lunala has less than maxhp during upkeep, no longer guessing leftovers or blacksludge
INFO     
INFO     Turn: 31
INFO     Sampling battle 0
INFO     	         lunala shadowshield    leftovers [calmmind, focusblast, moongeistbeam, moonlight] ttype=fighting
INFO     	        flamigo      scrappy   choiceband [bravebird, closecombat, throatchop, uturn] ttype=fighting
INFO     	      cryogonal     levitate heavydutyboots [freezedry, haze, rapidspin, recover] ttype=steel
INFO     Sampling battle 1
INFO     	         lunala shadowshield    leftovers [calmmind, moonblast, moongeistbeam, moonlight] ttype=fairy
INFO     	        flamigo      scrappy  choicescarf [bravebird, closecombat, throatchop, uturn] ttype=fighting
INFO     	      cryogonal     levitate heavydutyboots [flashcannon, freezedry, rapidspin, recover] ttype=steel
INFO     Searching for a move using PUCT MCTS with neural priors...
INFO     Sampling 2 battles at 500ms each
INFO     Computing neural priors for all battles...
INFO     Initialized StateTranslator with TeamPreviewObservationSpace
INFO     Initializing LocalPolicyProvider with model: Abra
INFO     Loading pretrained Abra model...
INFO     CUDA not available - overriding FlashAttention with VanillaAttention
[91mWarning: Using unofficial VanillaAttention implementation[0m


 		 AMAGO v3.1
            	 -------------------------
            	 Agent: MultiTaskAgent
            		 Max Sequence Length: 200
            		 TstepEncoder Type: MetamonTstepEncoder
            		 TrajEncoder Type: TformerTrajEncoder
            		 Total Parameters: 57,535,116
            		 Offline Loss Weight: 1.0
            		 Online Loss Weight: 0.0
            		 Mixed Precision: NO
            		 Checkpoint Path: /Users/yadureddy/Documents/GitHub/clean/pokeagent_ac_mcts/.metamon_cache/pretrained_models/models--jakegrigsby--metamon/snapshots/c5d1cb9abb6747066a325228845a5a8af3d12139/abra/abra/ckpts
            	 Environment:
            		 DummyAsyncVectorEnv(Gym Env x 1)
            		 Exploration Type: None
            	 Dataset: DoNothingDataset
            	 Accelerate Processes: 1 


INFO     Successfully loaded Abra model
ERROR    Error translating battle to observation: 
WARNING  Failed to get priors for battle: 
ERROR    Error translating battle to observation: 
WARNING  Failed to get priors for battle: 
INFO     Successfully computed neural priors for 0/2 battles
INFO     Using PUCT-guided move selection (priors integrated during search)...
INFO     Policy 0: switch klefki visited 96.44% avg_score=0.682 sample_chance_multiplier=0.5
INFO     Policy 1: switch klefki visited 94.52% avg_score=0.717 sample_chance_multiplier=0.5
INFO     Considered Choices:
INFO     	95.482%: switch klefki
INFO     Choice: switch klefki
INFO     Opponent has switched - clearing the last used move
INFO     hooh switched out with regenerator. Healing it to 256.0/268.0
INFO     
INFO     Turn: 32
INFO     Sampling battle 0
INFO     	      cryogonal     levitate heavydutyboots [flashcannon, freezedry, rapidspin, recover] ttype=steel
INFO     	        flamigo      scrappy  choicescarf [bravebird, closecombat, throatchop, uturn] ttype=fighting
INFO     	         lunala shadowshield    leftovers [calmmind, moonblast, moongeistbeam, moonlight] ttype=fairy
INFO     Sampling battle 1
INFO     	      cryogonal     levitate heavydutyboots [freezedry, haze, rapidspin, recover] ttype=poison
INFO     	        flamigo      scrappy  choicescarf [bravebird, closecombat, throatchop, uturn] ttype=fighting
INFO     	         lunala shadowshield    leftovers [calmmind, moongeistbeam, moonlight, psyshock] ttype=fairy
INFO     Searching for a move using PUCT MCTS with neural priors...
INFO     Sampling 2 battles at 500ms each
INFO     Computing neural priors for all battles...
INFO     Initialized StateTranslator with TeamPreviewObservationSpace
INFO     Initializing LocalPolicyProvider with model: Abra
INFO     Loading pretrained Abra model...
INFO     CUDA not available - overriding FlashAttention with VanillaAttention
[91mWarning: Using unofficial VanillaAttention implementation[0m


 		 AMAGO v3.1
            	 -------------------------
            	 Agent: MultiTaskAgent
            		 Max Sequence Length: 200
            		 TstepEncoder Type: MetamonTstepEncoder
            		 TrajEncoder Type: TformerTrajEncoder
            		 Total Parameters: 57,535,116
            		 Offline Loss Weight: 1.0
            		 Online Loss Weight: 0.0
            		 Mixed Precision: NO
            		 Checkpoint Path: /Users/yadureddy/Documents/GitHub/clean/pokeagent_ac_mcts/.metamon_cache/pretrained_models/models--jakegrigsby--metamon/snapshots/c5d1cb9abb6747066a325228845a5a8af3d12139/abra/abra/ckpts
            	 Environment:
            		 DummyAsyncVectorEnv(Gym Env x 1)
            		 Exploration Type: None
            	 Dataset: DoNothingDataset
            	 Accelerate Processes: 1 


INFO     Successfully loaded Abra model
ERROR    Error translating battle to observation: 
WARNING  Failed to get priors for battle: 
ERROR    Error translating battle to observation: 
WARNING  Failed to get priors for battle: 
INFO     Successfully computed neural priors for 0/2 battles
INFO     Using PUCT-guided move selection (priors integrated during search)...
INFO     Policy 0: switch hooh visited 94.9% avg_score=0.642 sample_chance_multiplier=0.5
INFO     Policy 1: switch avalugghisui visited 96.67% avg_score=0.664 sample_chance_multiplier=0.5
INFO     Considered Choices:
INFO     	48.497%: switch avalugghisui
INFO     	47.723%: switch hooh
INFO     Choice: switch hooh
INFO     cryogonal already has the move freezedry. Decrementing the PP by 1
INFO     cryogonal used a ice move, removing icegem from possible items
INFO     Setting cryogonal's last used move: freezedry
INFO     cryogonal used a damaging move - not guessing lifeorb anymore
INFO     cryogonal did 22.39% damage to hooh with freezedry
INFO     
INFO     Turn: 33
INFO     Sampling battle 0
INFO     	      cryogonal     levitate heavydutyboots [freezedry, haze, rapidspin, recover] ttype=steel
INFO     	        flamigo      scrappy  choicescarf [bravebird, closecombat, throatchop, uturn] ttype=fighting
INFO     	         lunala shadowshield    leftovers [calmmind, moongeistbeam, moonlight, psyshock] ttype=dark
INFO     Sampling battle 1
INFO     	      cryogonal     levitate heavydutyboots [freezedry, haze, rapidspin, recover] ttype=poison
INFO     	        flamigo      scrappy  choicescarf [bravebird, closecombat, throatchop, uturn] ttype=fighting
INFO     	         lunala shadowshield    leftovers [calmmind, moonblast, moongeistbeam, moonlight] ttype=fairy
INFO     Searching for a move using PUCT MCTS with neural priors...
INFO     Sampling 2 battles at 500ms each
INFO     Computing neural priors for all battles...
INFO     Initialized StateTranslator with TeamPreviewObservationSpace
INFO     Initializing LocalPolicyProvider with model: Abra
INFO     Loading pretrained Abra model...
INFO     CUDA not available - overriding FlashAttention with VanillaAttention
[91mWarning: Using unofficial VanillaAttention implementation[0m


 		 AMAGO v3.1
            	 -------------------------
            	 Agent: MultiTaskAgent
            		 Max Sequence Length: 200
            		 TstepEncoder Type: MetamonTstepEncoder
            		 TrajEncoder Type: TformerTrajEncoder
            		 Total Parameters: 57,535,116
            		 Offline Loss Weight: 1.0
            		 Online Loss Weight: 0.0
            		 Mixed Precision: NO
            		 Checkpoint Path: /Users/yadureddy/Documents/GitHub/clean/pokeagent_ac_mcts/.metamon_cache/pretrained_models/models--jakegrigsby--metamon/snapshots/c5d1cb9abb6747066a325228845a5a8af3d12139/abra/abra/ckpts
            	 Environment:
            		 DummyAsyncVectorEnv(Gym Env x 1)
            		 Exploration Type: None
            	 Dataset: DoNothingDataset
            	 Accelerate Processes: 1 


INFO     Successfully loaded Abra model
ERROR    Error translating battle to observation: 
WARNING  Failed to get priors for battle: 
ERROR    Error translating battle to observation: 
WARNING  Failed to get priors for battle: 
INFO     Successfully computed neural priors for 0/2 battles
INFO     Using PUCT-guided move selection (priors integrated during search)...
INFO     Policy 0: sacredfire visited 97.95% avg_score=0.742 sample_chance_multiplier=0.5
INFO     Policy 1: sacredfire visited 97.88% avg_score=0.739 sample_chance_multiplier=0.5
INFO     Considered Choices:
INFO     	97.916%: sacredfire
INFO     Choice: sacredfire
INFO     Opponent has switched - clearing the last used move
INFO     hooh already has the move sacredfire. Decrementing the PP by 1
INFO     hooh used a fire move, removing firegem from possible items
INFO     Setting hooh's last used move: sacredfire
INFO     hooh used a damaging move - not guessing lifeorb anymore
INFO     hooh did 34.0% damage to lunala with sacredfire
INFO     Setting lunala's item to: leftovers
INFO     lunala has less than maxhp during upkeep, no longer guessing leftovers or blacksludge
INFO     
INFO     Turn: 34
INFO     Sampling battle 0
INFO     	         lunala shadowshield    leftovers [calmmind, moonblast, moongeistbeam, moonlight] ttype=fairy
INFO     	        flamigo      scrappy   choiceband [bravebird, closecombat, throatchop, uturn] ttype=fighting
INFO     	      cryogonal     levitate heavydutyboots [flashcannon, freezedry, rapidspin, recover] ttype=poison
INFO     Sampling battle 1
INFO     	         lunala shadowshield    leftovers [calmmind, focusblast, moongeistbeam, moonlight] ttype=fighting
INFO     	        flamigo      scrappy  choicescarf [bravebird, closecombat, throatchop, uturn] ttype=fighting
INFO     	      cryogonal     levitate heavydutyboots [freezedry, haze, rapidspin, recover] ttype=poison
INFO     Searching for a move using PUCT MCTS with neural priors...
INFO     Sampling 2 battles at 500ms each
INFO     Computing neural priors for all battles...
INFO     Initialized StateTranslator with TeamPreviewObservationSpace
INFO     Initializing LocalPolicyProvider with model: Abra
INFO     Loading pretrained Abra model...
INFO     CUDA not available - overriding FlashAttention with VanillaAttention
[91mWarning: Using unofficial VanillaAttention implementation[0m


 		 AMAGO v3.1
            	 -------------------------
            	 Agent: MultiTaskAgent
            		 Max Sequence Length: 200
            		 TstepEncoder Type: MetamonTstepEncoder
            		 TrajEncoder Type: TformerTrajEncoder
            		 Total Parameters: 57,535,116
            		 Offline Loss Weight: 1.0
            		 Online Loss Weight: 0.0
            		 Mixed Precision: NO
            		 Checkpoint Path: /Users/yadureddy/Documents/GitHub/clean/pokeagent_ac_mcts/.metamon_cache/pretrained_models/models--jakegrigsby--metamon/snapshots/c5d1cb9abb6747066a325228845a5a8af3d12139/abra/abra/ckpts
            	 Environment:
            		 DummyAsyncVectorEnv(Gym Env x 1)
            		 Exploration Type: None
            	 Dataset: DoNothingDataset
            	 Accelerate Processes: 1 


INFO     Successfully loaded Abra model
ERROR    Error translating battle to observation: 
WARNING  Failed to get priors for battle: 
ERROR    Error translating battle to observation: 
WARNING  Failed to get priors for battle: 
INFO     Successfully computed neural priors for 0/2 battles
INFO     Using PUCT-guided move selection (priors integrated during search)...
INFO     Policy 0: switch klefki visited 95.38% avg_score=0.64 sample_chance_multiplier=0.5
INFO     Policy 1: switch klefki visited 97.47% avg_score=0.663 sample_chance_multiplier=0.5
INFO     Considered Choices:
INFO     	96.426%: switch klefki
INFO     Choice: switch klefki
INFO     hooh switched out with regenerator. Healing it to 268.0/268.0
INFO     lunala already has the move moonlight. Decrementing the PP by 1
INFO     lunala used a status-move. Adding `assaultvest` to impossible items
INFO     Setting lunala's last used move: moonlight
INFO     lunala has less than maxhp during upkeep, no longer guessing leftovers or blacksludge
INFO     
INFO     Turn: 35
INFO     Sampling battle 0
INFO     	         lunala shadowshield    leftovers [calmmind, focusblast, moongeistbeam, moonlight] ttype=fighting
INFO     	        flamigo      scrappy  choicescarf [bravebird, closecombat, throatchop, uturn] ttype=fighting
INFO     	      cryogonal     levitate heavydutyboots [freezedry, haze, rapidspin, recover] ttype=poison
INFO     Sampling battle 1
INFO     	         lunala shadowshield    leftovers [calmmind, focusblast, moongeistbeam, moonlight] ttype=fighting
INFO     	        flamigo      scrappy   choiceband [bravebird, closecombat, throatchop, uturn] ttype=fighting
INFO     	      cryogonal     levitate heavydutyboots [flashcannon, freezedry, rapidspin, recover] ttype=poison
INFO     Searching for a move using PUCT MCTS with neural priors...
INFO     Sampling 2 battles at 500ms each
INFO     Computing neural priors for all battles...
INFO     Initialized StateTranslator with TeamPreviewObservationSpace
INFO     Initializing LocalPolicyProvider with model: Abra
INFO     Loading pretrained Abra model...
INFO     CUDA not available - overriding FlashAttention with VanillaAttention
[91mWarning: Using unofficial VanillaAttention implementation[0m


 		 AMAGO v3.1
            	 -------------------------
            	 Agent: MultiTaskAgent
            		 Max Sequence Length: 200
            		 TstepEncoder Type: MetamonTstepEncoder
            		 TrajEncoder Type: TformerTrajEncoder
            		 Total Parameters: 57,535,116
            		 Offline Loss Weight: 1.0
            		 Online Loss Weight: 0.0
            		 Mixed Precision: NO
            		 Checkpoint Path: /Users/yadureddy/Documents/GitHub/clean/pokeagent_ac_mcts/.metamon_cache/pretrained_models/models--jakegrigsby--metamon/snapshots/c5d1cb9abb6747066a325228845a5a8af3d12139/abra/abra/ckpts
            	 Environment:
            		 DummyAsyncVectorEnv(Gym Env x 1)
            		 Exploration Type: None
            	 Dataset: DoNothingDataset
            	 Accelerate Processes: 1 


INFO     Successfully loaded Abra model
ERROR    Error translating battle to observation: 
WARNING  Failed to get priors for battle: 
ERROR    Error translating battle to observation: 
WARNING  Failed to get priors for battle: 
INFO     Successfully computed neural priors for 0/2 battles
INFO     Using PUCT-guided move selection (priors integrated during search)...
INFO     Policy 0: foulplay visited 96.44% avg_score=0.675 sample_chance_multiplier=0.5
INFO     Policy 1: foulplay visited 96.53% avg_score=0.658 sample_chance_multiplier=0.5
INFO     Considered Choices:
INFO     	96.483%: foulplay
INFO     Choice: foulplay
INFO     Opponent has switched - clearing the last used move
INFO     klefki already has the move foulplay. Decrementing the PP by 1
INFO     klefki used a dark move, removing darkgem from possible items
INFO     Setting klefki's last used move: foulplay
INFO     klefki used a damaging move - not guessing lifeorb anymore
INFO     klefki did 21.0% damage to cryogonal with foulplay
INFO     cryogonal has less than maxhp during upkeep, no longer guessing leftovers or blacksludge
INFO     
INFO     Turn: 36
INFO     Sampling battle 0
INFO     	      cryogonal     levitate heavydutyboots [flashcannon, freezedry, rapidspin, recover] ttype=poison
INFO     	        flamigo      scrappy  choicescarf [bravebird, closecombat, throatchop, uturn] ttype=fighting
INFO     	         lunala shadowshield    leftovers [calmmind, moongeistbeam, moonlight, psyshock] ttype=dark
INFO     Sampling battle 1
INFO     	      cryogonal     levitate heavydutyboots [flashcannon, freezedry, rapidspin, recover] ttype=steel
INFO     	        flamigo      scrappy   choiceband [bravebird, closecombat, throatchop, uturn] ttype=fighting
INFO     	         lunala shadowshield    leftovers [calmmind, moongeistbeam, moonlight, psyshock] ttype=fairy
INFO     Searching for a move using PUCT MCTS with neural priors...
INFO     Sampling 2 battles at 500ms each
INFO     Computing neural priors for all battles...
INFO     Initialized StateTranslator with TeamPreviewObservationSpace
INFO     Initializing LocalPolicyProvider with model: Abra
INFO     Loading pretrained Abra model...
INFO     CUDA not available - overriding FlashAttention with VanillaAttention
[91mWarning: Using unofficial VanillaAttention implementation[0m


 		 AMAGO v3.1
            	 -------------------------
            	 Agent: MultiTaskAgent
            		 Max Sequence Length: 200
            		 TstepEncoder Type: MetamonTstepEncoder
            		 TrajEncoder Type: TformerTrajEncoder
            		 Total Parameters: 57,535,116
            		 Offline Loss Weight: 1.0
            		 Online Loss Weight: 0.0
            		 Mixed Precision: NO
            		 Checkpoint Path: /Users/yadureddy/Documents/GitHub/clean/pokeagent_ac_mcts/.metamon_cache/pretrained_models/models--jakegrigsby--metamon/snapshots/c5d1cb9abb6747066a325228845a5a8af3d12139/abra/abra/ckpts
            	 Environment:
            		 DummyAsyncVectorEnv(Gym Env x 1)
            		 Exploration Type: None
            	 Dataset: DoNothingDataset
            	 Accelerate Processes: 1 


INFO     Successfully loaded Abra model
ERROR    Error translating battle to observation: 
WARNING  Failed to get priors for battle: 
ERROR    Error translating battle to observation: 
WARNING  Failed to get priors for battle: 
INFO     Successfully computed neural priors for 0/2 battles
INFO     Using PUCT-guided move selection (priors integrated during search)...
INFO     Policy 0: switch hooh visited 95.41% avg_score=0.628 sample_chance_multiplier=0.5
INFO     Policy 1: switch hooh visited 95.9% avg_score=0.606 sample_chance_multiplier=0.5
INFO     Considered Choices:
INFO     	95.659%: switch hooh
INFO     Choice: switch hooh
INFO     cryogonal has less than maxhp during upkeep, no longer guessing leftovers or blacksludge
INFO     
INFO     Turn: 37
INFO     Sampling battle 0
INFO     	      cryogonal     levitate heavydutyboots [flashcannon, freezedry, rapidspin, recover] ttype=poison
INFO     	        flamigo      scrappy  choicescarf [bravebird, closecombat, throatchop, uturn] ttype=fighting
INFO     	         lunala shadowshield    leftovers [calmmind, moongeistbeam, moonlight, psyshock] ttype=fairy
INFO     Sampling battle 1
INFO     	      cryogonal     levitate heavydutyboots [flashcannon, freezedry, rapidspin, recover] ttype=poison
INFO     	        flamigo      scrappy   choiceband [bravebird, closecombat, throatchop, uturn] ttype=fighting
INFO     	         lunala shadowshield    leftovers [calmmind, moonblast, moongeistbeam, moonlight] ttype=fairy
INFO     Searching for a move using PUCT MCTS with neural priors...
INFO     Sampling 2 battles at 500ms each
INFO     Computing neural priors for all battles...
INFO     Initialized StateTranslator with TeamPreviewObservationSpace
INFO     Initializing LocalPolicyProvider with model: Abra
INFO     Loading pretrained Abra model...
INFO     CUDA not available - overriding FlashAttention with VanillaAttention
[91mWarning: Using unofficial VanillaAttention implementation[0m


 		 AMAGO v3.1
            	 -------------------------
            	 Agent: MultiTaskAgent
            		 Max Sequence Length: 200
            		 TstepEncoder Type: MetamonTstepEncoder
            		 TrajEncoder Type: TformerTrajEncoder
            		 Total Parameters: 57,535,116
            		 Offline Loss Weight: 1.0
            		 Online Loss Weight: 0.0
            		 Mixed Precision: NO
            		 Checkpoint Path: /Users/yadureddy/Documents/GitHub/clean/pokeagent_ac_mcts/.metamon_cache/pretrained_models/models--jakegrigsby--metamon/snapshots/c5d1cb9abb6747066a325228845a5a8af3d12139/abra/abra/ckpts
            	 Environment:
            		 DummyAsyncVectorEnv(Gym Env x 1)
            		 Exploration Type: None
            	 Dataset: DoNothingDataset
            	 Accelerate Processes: 1 


INFO     Successfully loaded Abra model
ERROR    Error translating battle to observation: 
WARNING  Failed to get priors for battle: 
ERROR    Error translating battle to observation: 
WARNING  Failed to get priors for battle: 
INFO     Successfully computed neural priors for 0/2 battles
INFO     Using PUCT-guided move selection (priors integrated during search)...
INFO     Policy 0: bravebird visited 98.28% avg_score=0.707 sample_chance_multiplier=0.5
INFO     Policy 1: sacredfire visited 82.02% avg_score=0.67 sample_chance_multiplier=0.5
INFO     Considered Choices:
INFO     	57.276%: bravebird
INFO     Choice: bravebird
INFO     Opponent has switched - clearing the last used move
INFO     hooh already has the move bravebird. Decrementing the PP by 1
INFO     hooh used a flying move, removing flyinggem from possible items
INFO     Setting hooh's last used move: bravebird
INFO     hooh used a damaging move - not guessing lifeorb anymore
INFO     hooh did 43.0% damage to lunala with bravebird
INFO     Setting lunala's item to: leftovers
INFO     lunala has less than maxhp during upkeep, no longer guessing leftovers or blacksludge
INFO     
INFO     Turn: 38
INFO     Sampling battle 0
INFO     	         lunala shadowshield    leftovers [calmmind, moongeistbeam, moonlight, psyshock] ttype=dark
INFO     	        flamigo      scrappy  choicescarf [bravebird, closecombat, throatchop, uturn] ttype=fighting
INFO     	      cryogonal     levitate heavydutyboots [flashcannon, freezedry, rapidspin, recover] ttype=steel
INFO     Sampling battle 1
INFO     	         lunala shadowshield    leftovers [calmmind, moonblast, moongeistbeam, moonlight] ttype=fairy
INFO     	        flamigo      scrappy   choiceband [bravebird, closecombat, throatchop, uturn] ttype=fighting
INFO     	      cryogonal     levitate heavydutyboots [freezedry, haze, rapidspin, recover] ttype=steel
INFO     Searching for a move using PUCT MCTS with neural priors...
INFO     Sampling 2 battles at 500ms each
INFO     Computing neural priors for all battles...
INFO     Initialized StateTranslator with TeamPreviewObservationSpace
INFO     Initializing LocalPolicyProvider with model: Abra
INFO     Loading pretrained Abra model...
INFO     CUDA not available - overriding FlashAttention with VanillaAttention
[91mWarning: Using unofficial VanillaAttention implementation[0m


 		 AMAGO v3.1
            	 -------------------------
            	 Agent: MultiTaskAgent
            		 Max Sequence Length: 200
            		 TstepEncoder Type: MetamonTstepEncoder
            		 TrajEncoder Type: TformerTrajEncoder
            		 Total Parameters: 57,535,116
            		 Offline Loss Weight: 1.0
            		 Online Loss Weight: 0.0
            		 Mixed Precision: NO
            		 Checkpoint Path: /Users/yadureddy/Documents/GitHub/clean/pokeagent_ac_mcts/.metamon_cache/pretrained_models/models--jakegrigsby--metamon/snapshots/c5d1cb9abb6747066a325228845a5a8af3d12139/abra/abra/ckpts
            	 Environment:
            		 DummyAsyncVectorEnv(Gym Env x 1)
            		 Exploration Type: None
            	 Dataset: DoNothingDataset
            	 Accelerate Processes: 1 


INFO     Successfully loaded Abra model
ERROR    Error translating battle to observation: 
WARNING  Failed to get priors for battle: 
ERROR    Error translating battle to observation: 
WARNING  Failed to get priors for battle: 
INFO     Successfully computed neural priors for 0/2 battles
INFO     Using PUCT-guided move selection (priors integrated during search)...
INFO     Policy 0: switch klefki visited 98.27% avg_score=0.59 sample_chance_multiplier=0.5
INFO     Policy 1: switch klefki visited 98.21% avg_score=0.584 sample_chance_multiplier=0.5
INFO     Considered Choices:
INFO     	98.239%: switch klefki
INFO     Choice: switch klefki
INFO     hooh switched out with regenerator. Healing it to 268.0/268.0
INFO     lunala already has the move moonlight. Decrementing the PP by 1
INFO     lunala used a status-move. Adding `assaultvest` to impossible items
INFO     Setting lunala's last used move: moonlight
INFO     lunala has less than maxhp during upkeep, no longer guessing leftovers or blacksludge
INFO     
INFO     Turn: 39
INFO     Sampling battle 0
INFO     	         lunala shadowshield    leftovers [calmmind, focusblast, moongeistbeam, moonlight] ttype=fighting
INFO     	        flamigo      scrappy   choiceband [bravebird, closecombat, throatchop, uturn] ttype=fighting
INFO     	      cryogonal     levitate heavydutyboots [flashcannon, freezedry, rapidspin, recover] ttype=steel
INFO     Sampling battle 1
INFO     	         lunala shadowshield    leftovers [calmmind, moongeistbeam, moonlight, psyshock] ttype=dark
INFO     	        flamigo      scrappy   choiceband [bravebird, closecombat, throatchop, uturn] ttype=fighting
INFO     	      cryogonal     levitate heavydutyboots [freezedry, haze, rapidspin, recover] ttype=poison
INFO     Searching for a move using PUCT MCTS with neural priors...
INFO     Sampling 2 battles at 500ms each
INFO     Computing neural priors for all battles...
INFO     Initialized StateTranslator with TeamPreviewObservationSpace
INFO     Initializing LocalPolicyProvider with model: Abra
INFO     Loading pretrained Abra model...
INFO     CUDA not available - overriding FlashAttention with VanillaAttention
[91mWarning: Using unofficial VanillaAttention implementation[0m


 		 AMAGO v3.1
            	 -------------------------
            	 Agent: MultiTaskAgent
            		 Max Sequence Length: 200
            		 TstepEncoder Type: MetamonTstepEncoder
            		 TrajEncoder Type: TformerTrajEncoder
            		 Total Parameters: 57,535,116
            		 Offline Loss Weight: 1.0
            		 Online Loss Weight: 0.0
            		 Mixed Precision: NO
            		 Checkpoint Path: /Users/yadureddy/Documents/GitHub/clean/pokeagent_ac_mcts/.metamon_cache/pretrained_models/models--jakegrigsby--metamon/snapshots/c5d1cb9abb6747066a325228845a5a8af3d12139/abra/abra/ckpts
            	 Environment:
            		 DummyAsyncVectorEnv(Gym Env x 1)
            		 Exploration Type: None
            	 Dataset: DoNothingDataset
            	 Accelerate Processes: 1 


INFO     Successfully loaded Abra model
ERROR    Error translating battle to observation: 
WARNING  Failed to get priors for battle: 
ERROR    Error translating battle to observation: 
WARNING  Failed to get priors for battle: 
INFO     Successfully computed neural priors for 0/2 battles
INFO     Using PUCT-guided move selection (priors integrated during search)...
INFO     Policy 0: foulplay visited 96.77% avg_score=0.654 sample_chance_multiplier=0.5
INFO     Policy 1: foulplay visited 95.85% avg_score=0.655 sample_chance_multiplier=0.5
INFO     Considered Choices:
INFO     	96.307%: foulplay
INFO     Choice: foulplay
INFO     Opponent has switched - clearing the last used move
INFO     klefki already has the move foulplay. Decrementing the PP by 1
INFO     klefki used a dark move, removing darkgem from possible items
INFO     Setting klefki's last used move: foulplay
INFO     klefki used a damaging move - not guessing lifeorb anymore
INFO     klefki did 21.0% damage to cryogonal with foulplay
INFO     cryogonal has less than maxhp during upkeep, no longer guessing leftovers or blacksludge
INFO     
INFO     Turn: 40
INFO     Sampling battle 0
INFO     	      cryogonal     levitate heavydutyboots [freezedry, haze, rapidspin, recover] ttype=steel
INFO     	        flamigo      scrappy  choicescarf [bravebird, closecombat, throatchop, uturn] ttype=fighting
INFO     	         lunala shadowshield    leftovers [calmmind, moonblast, moongeistbeam, moonlight] ttype=fairy
INFO     Sampling battle 1
INFO     	      cryogonal     levitate heavydutyboots [freezedry, haze, rapidspin, recover] ttype=poison
INFO     	        flamigo      scrappy  choicescarf [bravebird, closecombat, throatchop, uturn] ttype=fighting
INFO     	         lunala shadowshield    leftovers [calmmind, moongeistbeam, moonlight, psyshock] ttype=fairy
INFO     Searching for a move using PUCT MCTS with neural priors...
INFO     Sampling 2 battles at 500ms each
INFO     Computing neural priors for all battles...
INFO     Initialized StateTranslator with TeamPreviewObservationSpace
INFO     Initializing LocalPolicyProvider with model: Abra
INFO     Loading pretrained Abra model...
INFO     CUDA not available - overriding FlashAttention with VanillaAttention
[91mWarning: Using unofficial VanillaAttention implementation[0m


 		 AMAGO v3.1
            	 -------------------------
            	 Agent: MultiTaskAgent
            		 Max Sequence Length: 200
            		 TstepEncoder Type: MetamonTstepEncoder
            		 TrajEncoder Type: TformerTrajEncoder
            		 Total Parameters: 57,535,116
            		 Offline Loss Weight: 1.0
            		 Online Loss Weight: 0.0
            		 Mixed Precision: NO
            		 Checkpoint Path: /Users/yadureddy/Documents/GitHub/clean/pokeagent_ac_mcts/.metamon_cache/pretrained_models/models--jakegrigsby--metamon/snapshots/c5d1cb9abb6747066a325228845a5a8af3d12139/abra/abra/ckpts
            	 Environment:
            		 DummyAsyncVectorEnv(Gym Env x 1)
            		 Exploration Type: None
            	 Dataset: DoNothingDataset
            	 Accelerate Processes: 1 


INFO     Successfully loaded Abra model
ERROR    Error translating battle to observation: 
WARNING  Failed to get priors for battle: 
ERROR    Error translating battle to observation: 
WARNING  Failed to get priors for battle: 
INFO     Successfully computed neural priors for 0/2 battles
INFO     Using PUCT-guided move selection (priors integrated during search)...
INFO     Policy 0: switch avalugghisui visited 97.81% avg_score=0.656 sample_chance_multiplier=0.5
INFO     Policy 1: switch avalugghisui visited 98.15% avg_score=0.661 sample_chance_multiplier=0.5
INFO     Considered Choices:
INFO     	97.979%: switch avalugghisui
INFO     Choice: switch avalugghisui
INFO     cryogonal already has the move recover. Decrementing the PP by 1
INFO     cryogonal using recover makes it unlikely to have a choice item. Setting can_have_choice_item to False
INFO     cryogonal used a status-move. Adding `assaultvest` to impossible items
INFO     Setting cryogonal's last used move: recover
INFO     
INFO     Turn: 41
INFO     Sampling battle 0
INFO     	      cryogonal     levitate heavydutyboots [flashcannon, freezedry, rapidspin, recover] ttype=steel
INFO     	        flamigo      scrappy  choicescarf [bravebird, closecombat, throatchop, uturn] ttype=fighting
INFO     	         lunala shadowshield    leftovers [calmmind, focusblast, moongeistbeam, moonlight] ttype=fighting
INFO     Sampling battle 1
INFO     	      cryogonal     levitate heavydutyboots [freezedry, haze, rapidspin, recover] ttype=poison
INFO     	        flamigo      scrappy  choicescarf [bravebird, closecombat, throatchop, uturn] ttype=fighting
INFO     	         lunala shadowshield    leftovers [calmmind, moongeistbeam, moonlight, psyshock] ttype=fairy
INFO     Searching for a move using PUCT MCTS with neural priors...
INFO     Sampling 2 battles at 500ms each
INFO     Computing neural priors for all battles...
INFO     Initialized StateTranslator with TeamPreviewObservationSpace
INFO     Initializing LocalPolicyProvider with model: Abra
INFO     Loading pretrained Abra model...
INFO     CUDA not available - overriding FlashAttention with VanillaAttention
[91mWarning: Using unofficial VanillaAttention implementation[0m


 		 AMAGO v3.1
            	 -------------------------
            	 Agent: MultiTaskAgent
            		 Max Sequence Length: 200
            		 TstepEncoder Type: MetamonTstepEncoder
            		 TrajEncoder Type: TformerTrajEncoder
            		 Total Parameters: 57,535,116
            		 Offline Loss Weight: 1.0
            		 Online Loss Weight: 0.0
            		 Mixed Precision: NO
            		 Checkpoint Path: /Users/yadureddy/Documents/GitHub/clean/pokeagent_ac_mcts/.metamon_cache/pretrained_models/models--jakegrigsby--metamon/snapshots/c5d1cb9abb6747066a325228845a5a8af3d12139/abra/abra/ckpts
            	 Environment:
            		 DummyAsyncVectorEnv(Gym Env x 1)
            		 Exploration Type: None
            	 Dataset: DoNothingDataset
            	 Accelerate Processes: 1 


INFO     Successfully loaded Abra model
ERROR    Error translating battle to observation: 
WARNING  Failed to get priors for battle: 
ERROR    Error translating battle to observation: 
WARNING  Failed to get priors for battle: 
INFO     Successfully computed neural priors for 0/2 battles
INFO     Using PUCT-guided move selection (priors integrated during search)...
INFO     Policy 0: stoneedge visited 98.74% avg_score=0.738 sample_chance_multiplier=0.5
INFO     Policy 1: stoneedge visited 98.76% avg_score=0.763 sample_chance_multiplier=0.5
INFO     Considered Choices:
INFO     	98.75%: stoneedge
INFO     Choice: stoneedge
INFO     Opponent has switched - clearing the last used move
INFO     avalugghisui already has the move stoneedge. Decrementing the PP by 1
INFO     avalugghisui used a rock move, removing rockgem from possible items
INFO     Setting avalugghisui's last used move: stoneedge
INFO     avalugghisui used a damaging move - not guessing lifeorb anymore
INFO     avalugghisui did 66.0% damage to flamigo with stoneedge
INFO     flamigo has less than maxhp during upkeep, no longer guessing leftovers or blacksludge
INFO     
INFO     Turn: 42
INFO     Sampling battle 0
INFO     	        flamigo      scrappy  choicescarf [bravebird, closecombat, throatchop, uturn] ttype=fighting
INFO     	         lunala shadowshield    leftovers [calmmind, focusblast, moongeistbeam, moonlight] ttype=fighting
INFO     	      cryogonal     levitate heavydutyboots [freezedry, haze, rapidspin, recover] ttype=poison
INFO     Sampling battle 1
INFO     	        flamigo      scrappy   choiceband [bravebird, closecombat, throatchop, uturn] ttype=fighting
INFO     	         lunala shadowshield    leftovers [calmmind, moongeistbeam, moonlight, psyshock] ttype=fairy
INFO     	      cryogonal     levitate heavydutyboots [flashcannon, freezedry, rapidspin, recover] ttype=steel
INFO     Searching for a move using PUCT MCTS with neural priors...
INFO     Sampling 2 battles at 500ms each
INFO     Computing neural priors for all battles...
INFO     Initialized StateTranslator with TeamPreviewObservationSpace
INFO     Initializing LocalPolicyProvider with model: Abra
INFO     Loading pretrained Abra model...
INFO     CUDA not available - overriding FlashAttention with VanillaAttention
[91mWarning: Using unofficial VanillaAttention implementation[0m


 		 AMAGO v3.1
            	 -------------------------
            	 Agent: MultiTaskAgent
            		 Max Sequence Length: 200
            		 TstepEncoder Type: MetamonTstepEncoder
            		 TrajEncoder Type: TformerTrajEncoder
            		 Total Parameters: 57,535,116
            		 Offline Loss Weight: 1.0
            		 Online Loss Weight: 0.0
            		 Mixed Precision: NO
            		 Checkpoint Path: /Users/yadureddy/Documents/GitHub/clean/pokeagent_ac_mcts/.metamon_cache/pretrained_models/models--jakegrigsby--metamon/snapshots/c5d1cb9abb6747066a325228845a5a8af3d12139/abra/abra/ckpts
            	 Environment:
            		 DummyAsyncVectorEnv(Gym Env x 1)
            		 Exploration Type: None
            	 Dataset: DoNothingDataset
            	 Accelerate Processes: 1 


INFO     Successfully loaded Abra model
ERROR    Error translating battle to observation: 
WARNING  Failed to get priors for battle: 
ERROR    Error translating battle to observation: 
WARNING  Failed to get priors for battle: 
INFO     Successfully computed neural priors for 0/2 battles
INFO     Using PUCT-guided move selection (priors integrated during search)...
INFO     Policy 0: switch hooh visited 97.88% avg_score=0.639 sample_chance_multiplier=0.5
INFO     Policy 1: avalanche visited 98.18% avg_score=0.64 sample_chance_multiplier=0.5
INFO     Considered Choices:
INFO     	49.522%: avalanche
INFO     	49.054%: switch hooh
INFO     Choice: avalanche
INFO     flamigo used a flying move, removing flyinggem from possible items
INFO     Setting flamigo's last used move: bravebird
INFO     flamigo used a damaging move - not guessing lifeorb anymore
INFO     flamigo did 11.04% damage to avalugghisui with bravebird
INFO     avalugghisui already has the move avalanche. Decrementing the PP by 1
INFO     avalugghisui used a ice move, removing icegem from possible items
INFO     Setting avalugghisui's last used move: avalanche
INFO     avalugghisui used a damaging move - not guessing lifeorb anymore
INFO     avalugghisui did 28.999999999999996% damage to flamigo with avalanche
INFO     flamigo has less than maxhp during upkeep, no longer guessing leftovers or blacksludge
INFO     Opponent has switched - clearing the last used move
INFO     
INFO     Turn: 43
INFO     Sampling battle 0
INFO     	         lunala shadowshield    leftovers [calmmind, moonblast, moongeistbeam, moonlight] ttype=fairy
INFO     	      cryogonal     levitate heavydutyboots [flashcannon, freezedry, rapidspin, recover] ttype=steel
INFO     Sampling battle 1
INFO     	         lunala shadowshield    leftovers [calmmind, moongeistbeam, moonlight, psyshock] ttype=dark
INFO     	      cryogonal     levitate heavydutyboots [flashcannon, freezedry, rapidspin, recover] ttype=steel
INFO     Searching for a move using PUCT MCTS with neural priors...
INFO     Sampling 2 battles at 500ms each
INFO     Computing neural priors for all battles...
INFO     Initialized StateTranslator with TeamPreviewObservationSpace
INFO     Initializing LocalPolicyProvider with model: Abra
INFO     Loading pretrained Abra model...
INFO     CUDA not available - overriding FlashAttention with VanillaAttention
[91mWarning: Using unofficial VanillaAttention implementation[0m


 		 AMAGO v3.1
            	 -------------------------
            	 Agent: MultiTaskAgent
            		 Max Sequence Length: 200
            		 TstepEncoder Type: MetamonTstepEncoder
            		 TrajEncoder Type: TformerTrajEncoder
            		 Total Parameters: 57,535,116
            		 Offline Loss Weight: 1.0
            		 Online Loss Weight: 0.0
            		 Mixed Precision: NO
            		 Checkpoint Path: /Users/yadureddy/Documents/GitHub/clean/pokeagent_ac_mcts/.metamon_cache/pretrained_models/models--jakegrigsby--metamon/snapshots/c5d1cb9abb6747066a325228845a5a8af3d12139/abra/abra/ckpts
            	 Environment:
            		 DummyAsyncVectorEnv(Gym Env x 1)
            		 Exploration Type: None
            	 Dataset: DoNothingDataset
            	 Accelerate Processes: 1 


INFO     Successfully loaded Abra model
ERROR    Error translating battle to observation: 
WARNING  Failed to get priors for battle: 
ERROR    Error translating battle to observation: 
WARNING  Failed to get priors for battle: 
INFO     Successfully computed neural priors for 0/2 battles
INFO     Using PUCT-guided move selection (priors integrated during search)...
INFO     Policy 0: switch klefki visited 99.32% avg_score=0.786 sample_chance_multiplier=0.5
INFO     Policy 1: switch klefki visited 99.32% avg_score=0.807 sample_chance_multiplier=0.5
INFO     Considered Choices:
INFO     	99.319%: switch klefki
INFO     Choice: switch klefki
INFO     Opponent has switched - clearing the last used move
INFO     
INFO     Turn: 44
INFO     Sampling battle 0
INFO     	      cryogonal     levitate heavydutyboots [flashcannon, freezedry, rapidspin, recover] ttype=steel
INFO     	         lunala shadowshield    leftovers [calmmind, moongeistbeam, moonlight, psyshock] ttype=dark
INFO     Sampling battle 1
INFO     	      cryogonal     levitate heavydutyboots [freezedry, haze, rapidspin, recover] ttype=poison
INFO     	         lunala shadowshield    leftovers [calmmind, moongeistbeam, moonlight, psyshock] ttype=dark
INFO     Searching for a move using PUCT MCTS with neural priors...
INFO     Sampling 2 battles at 500ms each
INFO     Computing neural priors for all battles...
INFO     Initialized StateTranslator with TeamPreviewObservationSpace
INFO     Initializing LocalPolicyProvider with model: Abra
INFO     Loading pretrained Abra model...
INFO     CUDA not available - overriding FlashAttention with VanillaAttention
[91mWarning: Using unofficial VanillaAttention implementation[0m


 		 AMAGO v3.1
            	 -------------------------
            	 Agent: MultiTaskAgent
            		 Max Sequence Length: 200
            		 TstepEncoder Type: MetamonTstepEncoder
            		 TrajEncoder Type: TformerTrajEncoder
            		 Total Parameters: 57,535,116
            		 Offline Loss Weight: 1.0
            		 Online Loss Weight: 0.0
            		 Mixed Precision: NO
            		 Checkpoint Path: /Users/yadureddy/Documents/GitHub/clean/pokeagent_ac_mcts/.metamon_cache/pretrained_models/models--jakegrigsby--metamon/snapshots/c5d1cb9abb6747066a325228845a5a8af3d12139/abra/abra/ckpts
            	 Environment:
            		 DummyAsyncVectorEnv(Gym Env x 1)
            		 Exploration Type: None
            	 Dataset: DoNothingDataset
            	 Accelerate Processes: 1 


INFO     Successfully loaded Abra model
ERROR    Error translating battle to observation: 
WARNING  Failed to get priors for battle: 
ERROR    Error translating battle to observation: 
WARNING  Failed to get priors for battle: 
INFO     Successfully computed neural priors for 0/2 battles
INFO     Using PUCT-guided move selection (priors integrated during search)...
INFO     Policy 0: switch gallade visited 99.66% avg_score=0.896 sample_chance_multiplier=0.5
INFO     Policy 1: switch avalugghisui visited 99.28% avg_score=0.83 sample_chance_multiplier=0.5
INFO     Considered Choices:
INFO     	49.895%: switch gallade
INFO     	49.666%: switch avalugghisui
INFO     Choice: switch avalugghisui
INFO     cryogonal already has the move freezedry. Decrementing the PP by 1
INFO     cryogonal used a ice move, removing icegem from possible items
INFO     Setting cryogonal's last used move: freezedry
INFO     cryogonal used a damaging move - not guessing lifeorb anymore
INFO     cryogonal did 19.869999999999997% damage to avalugghisui with freezedry
INFO     
INFO     Turn: 45
INFO     Sampling battle 0
INFO     	      cryogonal     levitate heavydutyboots [flashcannon, freezedry, rapidspin, recover] ttype=steel
INFO     	         lunala shadowshield    leftovers [calmmind, focusblast, moongeistbeam, moonlight] ttype=fighting
INFO     Sampling battle 1
INFO     	      cryogonal     levitate heavydutyboots [freezedry, haze, rapidspin, recover] ttype=poison
INFO     	         lunala shadowshield    leftovers [calmmind, moongeistbeam, moonlight, psyshock] ttype=fairy
INFO     Searching for a move using PUCT MCTS with neural priors...
INFO     Sampling 2 battles at 500ms each
INFO     Computing neural priors for all battles...
INFO     Initialized StateTranslator with TeamPreviewObservationSpace
INFO     Initializing LocalPolicyProvider with model: Abra
INFO     Loading pretrained Abra model...
INFO     CUDA not available - overriding FlashAttention with VanillaAttention
[91mWarning: Using unofficial VanillaAttention implementation[0m


 		 AMAGO v3.1
            	 -------------------------
            	 Agent: MultiTaskAgent
            		 Max Sequence Length: 200
            		 TstepEncoder Type: MetamonTstepEncoder
            		 TrajEncoder Type: TformerTrajEncoder
            		 Total Parameters: 57,535,116
            		 Offline Loss Weight: 1.0
            		 Online Loss Weight: 0.0
            		 Mixed Precision: NO
            		 Checkpoint Path: /Users/yadureddy/Documents/GitHub/clean/pokeagent_ac_mcts/.metamon_cache/pretrained_models/models--jakegrigsby--metamon/snapshots/c5d1cb9abb6747066a325228845a5a8af3d12139/abra/abra/ckpts
            	 Environment:
            		 DummyAsyncVectorEnv(Gym Env x 1)
            		 Exploration Type: None
            	 Dataset: DoNothingDataset
            	 Accelerate Processes: 1 


INFO     Successfully loaded Abra model
ERROR    Error translating battle to observation: 
WARNING  Failed to get priors for battle: 
ERROR    Error translating battle to observation: 
WARNING  Failed to get priors for battle: 
INFO     Successfully computed neural priors for 0/2 battles
INFO     Using PUCT-guided move selection (priors integrated during search)...
INFO     Policy 0: stoneedge visited 99.29% avg_score=0.818 sample_chance_multiplier=0.5
INFO     Policy 1: stoneedge visited 99.51% avg_score=0.908 sample_chance_multiplier=0.5
INFO     Considered Choices:
INFO     	99.401%: stoneedge
INFO     Choice: stoneedge
INFO     Opponent has switched - clearing the last used move
INFO     avalugghisui already has the move stoneedge. Decrementing the PP by 1
INFO     avalugghisui used a rock move, removing rockgem from possible items
INFO     Setting avalugghisui's last used move: stoneedge
INFO     avalugghisui used a damaging move - not guessing lifeorb anymore
INFO     avalugghisui did 56.00000000000001% damage to lunala with stoneedge
INFO     Setting lunala's item to: leftovers
INFO     lunala has less than maxhp during upkeep, no longer guessing leftovers or blacksludge
INFO     
INFO     Turn: 46
INFO     Sampling battle 0
INFO     	         lunala shadowshield    leftovers [calmmind, moongeistbeam, moonlight, psyshock] ttype=dark
INFO     	      cryogonal     levitate heavydutyboots [freezedry, haze, rapidspin, recover] ttype=poison
INFO     Sampling battle 1
INFO     	         lunala shadowshield    leftovers [calmmind, focusblast, moongeistbeam, moonlight] ttype=fighting
INFO     	      cryogonal     levitate heavydutyboots [flashcannon, freezedry, rapidspin, recover] ttype=poison
INFO     Searching for a move using PUCT MCTS with neural priors...
INFO     Sampling 2 battles at 500ms each
INFO     Computing neural priors for all battles...
INFO     Initialized StateTranslator with TeamPreviewObservationSpace
INFO     Initializing LocalPolicyProvider with model: Abra
INFO     Loading pretrained Abra model...
INFO     CUDA not available - overriding FlashAttention with VanillaAttention
[91mWarning: Using unofficial VanillaAttention implementation[0m


 		 AMAGO v3.1
            	 -------------------------
            	 Agent: MultiTaskAgent
            		 Max Sequence Length: 200
            		 TstepEncoder Type: MetamonTstepEncoder
            		 TrajEncoder Type: TformerTrajEncoder
            		 Total Parameters: 57,535,116
            		 Offline Loss Weight: 1.0
            		 Online Loss Weight: 0.0
            		 Mixed Precision: NO
            		 Checkpoint Path: /Users/yadureddy/Documents/GitHub/clean/pokeagent_ac_mcts/.metamon_cache/pretrained_models/models--jakegrigsby--metamon/snapshots/c5d1cb9abb6747066a325228845a5a8af3d12139/abra/abra/ckpts
            	 Environment:
            		 DummyAsyncVectorEnv(Gym Env x 1)
            		 Exploration Type: None
            	 Dataset: DoNothingDataset
            	 Accelerate Processes: 1 


INFO     Successfully loaded Abra model
ERROR    Error translating battle to observation: 
WARNING  Failed to get priors for battle: 
ERROR    Error translating battle to observation: 
WARNING  Failed to get priors for battle: 
INFO     Successfully computed neural priors for 0/2 battles
INFO     Using PUCT-guided move selection (priors integrated during search)...
INFO     Policy 0: stoneedge visited 99.65% avg_score=0.884 sample_chance_multiplier=0.5
INFO     Policy 1: switch klefki visited 99.41% avg_score=0.807 sample_chance_multiplier=0.5
INFO     Considered Choices:
INFO     	49.858%: stoneedge
INFO     	49.731%: switch klefki
INFO     Choice: switch klefki
INFO     lunala already has the move moonlight. Decrementing the PP by 1
INFO     lunala used a status-move. Adding `assaultvest` to impossible items
INFO     Setting lunala's last used move: moonlight
INFO     Setting lunala's item to: leftovers
INFO     lunala has less than maxhp during upkeep, no longer guessing leftovers or blacksludge
INFO     
INFO     Turn: 47
INFO     Sampling battle 0
INFO     	         lunala shadowshield    leftovers [calmmind, moonblast, moongeistbeam, moonlight] ttype=fairy
INFO     	      cryogonal     levitate heavydutyboots [freezedry, haze, rapidspin, recover] ttype=steel
INFO     Sampling battle 1
INFO     	         lunala shadowshield    leftovers [calmmind, focusblast, moongeistbeam, moonlight] ttype=fighting
INFO     	      cryogonal     levitate heavydutyboots [freezedry, haze, rapidspin, recover] ttype=steel
INFO     Searching for a move using PUCT MCTS with neural priors...
INFO     Sampling 2 battles at 500ms each
INFO     Computing neural priors for all battles...
INFO     Initialized StateTranslator with TeamPreviewObservationSpace
INFO     Initializing LocalPolicyProvider with model: Abra
INFO     Loading pretrained Abra model...
INFO     CUDA not available - overriding FlashAttention with VanillaAttention
[91mWarning: Using unofficial VanillaAttention implementation[0m


 		 AMAGO v3.1
            	 -------------------------
            	 Agent: MultiTaskAgent
            		 Max Sequence Length: 200
            		 TstepEncoder Type: MetamonTstepEncoder
            		 TrajEncoder Type: TformerTrajEncoder
            		 Total Parameters: 57,535,116
            		 Offline Loss Weight: 1.0
            		 Online Loss Weight: 0.0
            		 Mixed Precision: NO
            		 Checkpoint Path: /Users/yadureddy/Documents/GitHub/clean/pokeagent_ac_mcts/.metamon_cache/pretrained_models/models--jakegrigsby--metamon/snapshots/c5d1cb9abb6747066a325228845a5a8af3d12139/abra/abra/ckpts
            	 Environment:
            		 DummyAsyncVectorEnv(Gym Env x 1)
            		 Exploration Type: None
            	 Dataset: DoNothingDataset
            	 Accelerate Processes: 1 


INFO     Successfully loaded Abra model
ERROR    Error translating battle to observation: 
WARNING  Failed to get priors for battle: 
ERROR    Error translating battle to observation: 
WARNING  Failed to get priors for battle: 
INFO     Successfully computed neural priors for 0/2 battles
INFO     Using PUCT-guided move selection (priors integrated during search)...
INFO     Policy 0: foulplay visited 99.3% avg_score=0.851 sample_chance_multiplier=0.5
INFO     Policy 1: foulplay visited 99.37% avg_score=0.868 sample_chance_multiplier=0.5
INFO     Considered Choices:
INFO     	99.331%: foulplay
INFO     Choice: foulplay
INFO     Opponent has switched - clearing the last used move
INFO     klefki already has the move foulplay. Decrementing the PP by 1
INFO     klefki used a dark move, removing darkgem from possible items
INFO     Setting klefki's last used move: foulplay
INFO     klefki used a damaging move - not guessing lifeorb anymore
INFO     klefki did 21.0% damage to cryogonal with foulplay
INFO     cryogonal has less than maxhp during upkeep, no longer guessing leftovers or blacksludge
INFO     
INFO     Turn: 48
INFO     Sampling battle 0
INFO     	      cryogonal     levitate heavydutyboots [freezedry, haze, rapidspin, recover] ttype=poison
INFO     	         lunala shadowshield    leftovers [calmmind, focusblast, moongeistbeam, moonlight] ttype=fighting
INFO     Sampling battle 1
INFO     	      cryogonal     levitate heavydutyboots [freezedry, haze, rapidspin, recover] ttype=steel
INFO     	         lunala shadowshield    leftovers [calmmind, moonblast, moongeistbeam, moonlight] ttype=fairy
INFO     Searching for a move using PUCT MCTS with neural priors...
INFO     Sampling 2 battles at 500ms each
INFO     Computing neural priors for all battles...
INFO     Initialized StateTranslator with TeamPreviewObservationSpace
INFO     Initializing LocalPolicyProvider with model: Abra
INFO     Loading pretrained Abra model...
INFO     CUDA not available - overriding FlashAttention with VanillaAttention
[91mWarning: Using unofficial VanillaAttention implementation[0m


 		 AMAGO v3.1
            	 -------------------------
            	 Agent: MultiTaskAgent
            		 Max Sequence Length: 200
            		 TstepEncoder Type: MetamonTstepEncoder
            		 TrajEncoder Type: TformerTrajEncoder
            		 Total Parameters: 57,535,116
            		 Offline Loss Weight: 1.0
            		 Online Loss Weight: 0.0
            		 Mixed Precision: NO
            		 Checkpoint Path: /Users/yadureddy/Documents/GitHub/clean/pokeagent_ac_mcts/.metamon_cache/pretrained_models/models--jakegrigsby--metamon/snapshots/c5d1cb9abb6747066a325228845a5a8af3d12139/abra/abra/ckpts
            	 Environment:
            		 DummyAsyncVectorEnv(Gym Env x 1)
            		 Exploration Type: None
            	 Dataset: DoNothingDataset
            	 Accelerate Processes: 1 


INFO     Successfully loaded Abra model
ERROR    Error translating battle to observation: 
WARNING  Failed to get priors for battle: 
ERROR    Error translating battle to observation: 
WARNING  Failed to get priors for battle: 
INFO     Successfully computed neural priors for 0/2 battles
INFO     Using PUCT-guided move selection (priors integrated during search)...
INFO     Policy 0: switch hooh visited 99.29% avg_score=0.875 sample_chance_multiplier=0.5
INFO     Policy 1: switch hooh visited 99.04% avg_score=0.88 sample_chance_multiplier=0.5
INFO     Considered Choices:
INFO     	99.162%: switch hooh
INFO     Choice: switch hooh
INFO     cryogonal already has the move freezedry. Decrementing the PP by 1
INFO     cryogonal used a ice move, removing icegem from possible items
INFO     Setting cryogonal's last used move: freezedry
INFO     cryogonal used a damaging move - not guessing lifeorb anymore
INFO     cryogonal did 23.880000000000003% damage to hooh with freezedry
INFO     hooh got status: frz
INFO     No longer guessing lumberry because hooh got status frz
INFO     cryogonal has less than maxhp during upkeep, no longer guessing leftovers or blacksludge
INFO     
INFO     Turn: 49
INFO     Sampling battle 0
INFO     	      cryogonal     levitate heavydutyboots [freezedry, haze, rapidspin, recover] ttype=steel
INFO     	         lunala shadowshield    leftovers [calmmind, moongeistbeam, moonlight, psyshock] ttype=dark
INFO     Sampling battle 1
INFO     	      cryogonal     levitate heavydutyboots [flashcannon, freezedry, rapidspin, recover] ttype=steel
INFO     	         lunala shadowshield    leftovers [calmmind, moongeistbeam, moonlight, psyshock] ttype=fairy
INFO     Searching for a move using PUCT MCTS with neural priors...
INFO     Sampling 2 battles at 500ms each
INFO     Computing neural priors for all battles...
INFO     Initialized StateTranslator with TeamPreviewObservationSpace
INFO     Initializing LocalPolicyProvider with model: Abra
INFO     Loading pretrained Abra model...
INFO     CUDA not available - overriding FlashAttention with VanillaAttention
[91mWarning: Using unofficial VanillaAttention implementation[0m


 		 AMAGO v3.1
            	 -------------------------
            	 Agent: MultiTaskAgent
            		 Max Sequence Length: 200
            		 TstepEncoder Type: MetamonTstepEncoder
            		 TrajEncoder Type: TformerTrajEncoder
            		 Total Parameters: 57,535,116
            		 Offline Loss Weight: 1.0
            		 Online Loss Weight: 0.0
            		 Mixed Precision: NO
            		 Checkpoint Path: /Users/yadureddy/Documents/GitHub/clean/pokeagent_ac_mcts/.metamon_cache/pretrained_models/models--jakegrigsby--metamon/snapshots/c5d1cb9abb6747066a325228845a5a8af3d12139/abra/abra/ckpts
            	 Environment:
            		 DummyAsyncVectorEnv(Gym Env x 1)
            		 Exploration Type: None
            	 Dataset: DoNothingDataset
            	 Accelerate Processes: 1 


INFO     Successfully loaded Abra model
ERROR    Error translating battle to observation: 
WARNING  Failed to get priors for battle: 
ERROR    Error translating battle to observation: 
WARNING  Failed to get priors for battle: 
INFO     Successfully computed neural priors for 0/2 battles
INFO     Using PUCT-guided move selection (priors integrated during search)...
INFO     Policy 0: sacredfire visited 99.6% avg_score=0.967 sample_chance_multiplier=0.5
INFO     Policy 1: sacredfire visited 99.63% avg_score=0.969 sample_chance_multiplier=0.5
INFO     Considered Choices:
INFO     	99.612%: sacredfire
INFO     Choice: sacredfire
INFO     Opponent has switched - clearing the last used move
INFO     hooh already has the move sacredfire. Decrementing the PP by 1
INFO     hooh used a fire move, removing firegem from possible items
INFO     Setting hooh's last used move: sacredfire
INFO     hooh used a damaging move - not guessing lifeorb anymore
INFO     hooh did 36.0% damage to lunala with sacredfire
INFO     Setting lunala's item to: leftovers
INFO     lunala has less than maxhp during upkeep, no longer guessing leftovers or blacksludge
INFO     
INFO     Turn: 50
INFO     Sampling battle 0
INFO     	         lunala shadowshield    leftovers [calmmind, focusblast, moongeistbeam, moonlight] ttype=fighting
INFO     	      cryogonal     levitate heavydutyboots [freezedry, haze, rapidspin, recover] ttype=steel
INFO     Sampling battle 1
INFO     	         lunala shadowshield    leftovers [calmmind, moongeistbeam, moonlight, psyshock] ttype=dark
INFO     	      cryogonal     levitate heavydutyboots [flashcannon, freezedry, rapidspin, recover] ttype=steel
INFO     Searching for a move using PUCT MCTS with neural priors...
INFO     Sampling 2 battles at 500ms each
INFO     Computing neural priors for all battles...
INFO     Initialized StateTranslator with TeamPreviewObservationSpace
INFO     Initializing LocalPolicyProvider with model: Abra
INFO     Loading pretrained Abra model...
INFO     CUDA not available - overriding FlashAttention with VanillaAttention
[91mWarning: Using unofficial VanillaAttention implementation[0m


 		 AMAGO v3.1
            	 -------------------------
            	 Agent: MultiTaskAgent
            		 Max Sequence Length: 200
            		 TstepEncoder Type: MetamonTstepEncoder
            		 TrajEncoder Type: TformerTrajEncoder
            		 Total Parameters: 57,535,116
            		 Offline Loss Weight: 1.0
            		 Online Loss Weight: 0.0
            		 Mixed Precision: NO
            		 Checkpoint Path: /Users/yadureddy/Documents/GitHub/clean/pokeagent_ac_mcts/.metamon_cache/pretrained_models/models--jakegrigsby--metamon/snapshots/c5d1cb9abb6747066a325228845a5a8af3d12139/abra/abra/ckpts
            	 Environment:
            		 DummyAsyncVectorEnv(Gym Env x 1)
            		 Exploration Type: None
            	 Dataset: DoNothingDataset
            	 Accelerate Processes: 1 


INFO     Successfully loaded Abra model
ERROR    Error translating battle to observation: 
WARNING  Failed to get priors for battle: 
ERROR    Error translating battle to observation: 
WARNING  Failed to get priors for battle: 
INFO     Successfully computed neural priors for 0/2 battles
INFO     Using PUCT-guided move selection (priors integrated during search)...
INFO     Policy 0: bravebird visited 99.57% avg_score=0.931 sample_chance_multiplier=0.5
INFO     Policy 1: bravebird visited 99.36% avg_score=0.862 sample_chance_multiplier=0.5
INFO     Considered Choices:
INFO     	99.466%: bravebird
INFO     Choice: bravebird
INFO     Opponent has switched - clearing the last used move
INFO     hooh already has the move bravebird. Decrementing the PP by 1
INFO     hooh used a flying move, removing flyinggem from possible items
INFO     Setting hooh's last used move: bravebird
INFO     hooh used a damaging move - not guessing lifeorb anymore
INFO     hooh did 56.00000000000001% damage to cryogonal with bravebird
INFO     cryogonal has less than maxhp during upkeep, no longer guessing leftovers or blacksludge
INFO     
INFO     Turn: 51
INFO     Sampling battle 0
INFO     	      cryogonal     levitate heavydutyboots [freezedry, haze, rapidspin, recover] ttype=steel
INFO     	         lunala shadowshield    leftovers [calmmind, moonblast, moongeistbeam, moonlight] ttype=fairy
INFO     Sampling battle 1
INFO     	      cryogonal     levitate heavydutyboots [flashcannon, freezedry, rapidspin, recover] ttype=steel
INFO     	         lunala shadowshield    leftovers [calmmind, moongeistbeam, moonlight, psyshock] ttype=dark
INFO     Searching for a move using PUCT MCTS with neural priors...
INFO     Sampling 2 battles at 500ms each
INFO     Computing neural priors for all battles...
INFO     Initialized StateTranslator with TeamPreviewObservationSpace
INFO     Initializing LocalPolicyProvider with model: Abra
INFO     Loading pretrained Abra model...
INFO     CUDA not available - overriding FlashAttention with VanillaAttention
[91mWarning: Using unofficial VanillaAttention implementation[0m


 		 AMAGO v3.1
            	 -------------------------
            	 Agent: MultiTaskAgent
            		 Max Sequence Length: 200
            		 TstepEncoder Type: MetamonTstepEncoder
            		 TrajEncoder Type: TformerTrajEncoder
            		 Total Parameters: 57,535,116
            		 Offline Loss Weight: 1.0
            		 Online Loss Weight: 0.0
            		 Mixed Precision: NO
            		 Checkpoint Path: /Users/yadureddy/Documents/GitHub/clean/pokeagent_ac_mcts/.metamon_cache/pretrained_models/models--jakegrigsby--metamon/snapshots/c5d1cb9abb6747066a325228845a5a8af3d12139/abra/abra/ckpts
            	 Environment:
            		 DummyAsyncVectorEnv(Gym Env x 1)
            		 Exploration Type: None
            	 Dataset: DoNothingDataset
            	 Accelerate Processes: 1 


INFO     Successfully loaded Abra model
ERROR    Error translating battle to observation: 
WARNING  Failed to get priors for battle: 
ERROR    Error translating battle to observation: 
WARNING  Failed to get priors for battle: 
INFO     Successfully computed neural priors for 0/2 battles
INFO     Using PUCT-guided move selection (priors integrated during search)...
INFO     Policy 0: recover visited 99.57% avg_score=0.948 sample_chance_multiplier=0.5
INFO     Policy 1: recover visited 99.58% avg_score=0.946 sample_chance_multiplier=0.5
INFO     Considered Choices:
INFO     	99.573%: recover
INFO     Choice: recover
INFO     Opponent has switched - clearing the last used move
INFO     hooh already has the move recover. Decrementing the PP by 1
INFO     hooh using recover makes it unlikely to have a choice item. Setting can_have_choice_item to False
INFO     hooh used a status-move. Adding `assaultvest` to impossible items
INFO     Setting hooh's last used move: recover
INFO     Setting lunala's item to: leftovers
INFO     lunala has less than maxhp during upkeep, no longer guessing leftovers or blacksludge
INFO     
INFO     Turn: 52
INFO     Sampling battle 0
INFO     	         lunala shadowshield    leftovers [calmmind, moongeistbeam, moonlight, psyshock] ttype=dark
INFO     	      cryogonal     levitate heavydutyboots [flashcannon, freezedry, rapidspin, recover] ttype=poison
INFO     Sampling battle 1
INFO     	         lunala shadowshield    leftovers [calmmind, moongeistbeam, moonlight, psyshock] ttype=dark
INFO     	      cryogonal     levitate heavydutyboots [flashcannon, freezedry, rapidspin, recover] ttype=poison
INFO     Searching for a move using PUCT MCTS with neural priors...
INFO     Sampling 2 battles at 500ms each
INFO     Computing neural priors for all battles...
INFO     Initialized StateTranslator with TeamPreviewObservationSpace
INFO     Initializing LocalPolicyProvider with model: Abra
INFO     Loading pretrained Abra model...
INFO     CUDA not available - overriding FlashAttention with VanillaAttention
[91mWarning: Using unofficial VanillaAttention implementation[0m


 		 AMAGO v3.1
            	 -------------------------
            	 Agent: MultiTaskAgent
            		 Max Sequence Length: 200
            		 TstepEncoder Type: MetamonTstepEncoder
            		 TrajEncoder Type: TformerTrajEncoder
            		 Total Parameters: 57,535,116
            		 Offline Loss Weight: 1.0
            		 Online Loss Weight: 0.0
            		 Mixed Precision: NO
            		 Checkpoint Path: /Users/yadureddy/Documents/GitHub/clean/pokeagent_ac_mcts/.metamon_cache/pretrained_models/models--jakegrigsby--metamon/snapshots/c5d1cb9abb6747066a325228845a5a8af3d12139/abra/abra/ckpts
            	 Environment:
            		 DummyAsyncVectorEnv(Gym Env x 1)
            		 Exploration Type: None
            	 Dataset: DoNothingDataset
            	 Accelerate Processes: 1 


INFO     Successfully loaded Abra model
ERROR    Error translating battle to observation: 
WARNING  Failed to get priors for battle: 
ERROR    Error translating battle to observation: 
WARNING  Failed to get priors for battle: 
INFO     Successfully computed neural priors for 0/2 battles
INFO     Using PUCT-guided move selection (priors integrated during search)...
INFO     Policy 0: bravebird visited 99.69% avg_score=0.976 sample_chance_multiplier=0.5
INFO     Policy 1: bravebird visited 99.69% avg_score=0.977 sample_chance_multiplier=0.5
INFO     Considered Choices:
INFO     	99.69%: bravebird
INFO     Choice: bravebird
INFO     Updated lunala's min speed to 174
INFO     lunala already has the move moonlight. Decrementing the PP by 1
INFO     lunala used a status-move. Adding `assaultvest` to impossible items
INFO     Setting lunala's last used move: moonlight
INFO     hooh already has the move bravebird. Decrementing the PP by 1
INFO     hooh used a flying move, removing flyinggem from possible items
INFO     Setting hooh's last used move: bravebird
INFO     hooh used a damaging move - not guessing lifeorb anymore
INFO     hooh did 20.0% damage to lunala with bravebird
INFO     Setting lunala's item to: leftovers
INFO     lunala has less than maxhp during upkeep, no longer guessing leftovers or blacksludge
INFO     
INFO     Turn: 53
INFO     Sampling battle 0
INFO     	         lunala shadowshield    leftovers [calmmind, moongeistbeam, moonlight, psyshock] ttype=fairy
INFO     	      cryogonal     levitate heavydutyboots [freezedry, haze, rapidspin, recover] ttype=steel
INFO     Sampling battle 1
INFO     	         lunala shadowshield    leftovers [calmmind, moongeistbeam, moonlight, psyshock] ttype=fairy
INFO     	      cryogonal     levitate heavydutyboots [freezedry, haze, rapidspin, recover] ttype=poison
INFO     Searching for a move using PUCT MCTS with neural priors...
INFO     Sampling 2 battles at 500ms each
INFO     Computing neural priors for all battles...
INFO     Initialized StateTranslator with TeamPreviewObservationSpace
INFO     Initializing LocalPolicyProvider with model: Abra
INFO     Loading pretrained Abra model...
INFO     CUDA not available - overriding FlashAttention with VanillaAttention
[91mWarning: Using unofficial VanillaAttention implementation[0m


 		 AMAGO v3.1
            	 -------------------------
            	 Agent: MultiTaskAgent
            		 Max Sequence Length: 200
            		 TstepEncoder Type: MetamonTstepEncoder
            		 TrajEncoder Type: TformerTrajEncoder
            		 Total Parameters: 57,535,116
            		 Offline Loss Weight: 1.0
            		 Online Loss Weight: 0.0
            		 Mixed Precision: NO
            		 Checkpoint Path: /Users/yadureddy/Documents/GitHub/clean/pokeagent_ac_mcts/.metamon_cache/pretrained_models/models--jakegrigsby--metamon/snapshots/c5d1cb9abb6747066a325228845a5a8af3d12139/abra/abra/ckpts
            	 Environment:
            		 DummyAsyncVectorEnv(Gym Env x 1)
            		 Exploration Type: None
            	 Dataset: DoNothingDataset
            	 Accelerate Processes: 1 


INFO     Successfully loaded Abra model
ERROR    Error translating battle to observation: 
WARNING  Failed to get priors for battle: 
ERROR    Error translating battle to observation: 
WARNING  Failed to get priors for battle: 
INFO     Successfully computed neural priors for 0/2 battles
INFO     Using PUCT-guided move selection (priors integrated during search)...
INFO     Policy 0: sacredfire visited 99.73% avg_score=0.974 sample_chance_multiplier=0.5
INFO     Policy 1: sacredfire visited 99.73% avg_score=0.97 sample_chance_multiplier=0.5
INFO     Considered Choices:
INFO     	99.728%: sacredfire
INFO     Choice: sacredfire
INFO     Updated lunala's min speed to 174
INFO     lunala already has the move moongeistbeam. Decrementing the PP by 1
INFO     lunala used two different moves - it cannot have a choice item
INFO     lunala used a ghost move, removing ghostgem from possible items
INFO     Setting lunala's last used move: moongeistbeam
INFO     lunala used a damaging move - not guessing lifeorb anymore
INFO     lunala did 27.24% damage to hooh with moongeistbeam
INFO     hooh already has the move sacredfire. Decrementing the PP by 1
INFO     hooh used a fire move, removing firegem from possible items
INFO     Setting hooh's last used move: sacredfire
INFO     hooh used a damaging move - not guessing lifeorb anymore
INFO     hooh did 40.0% damage to lunala with sacredfire
INFO     Setting lunala's item to: leftovers
INFO     lunala has less than maxhp during upkeep, no longer guessing leftovers or blacksludge
INFO     
INFO     Turn: 54
INFO     Sampling battle 0
INFO     	         lunala shadowshield    leftovers [calmmind, focusblast, moongeistbeam, moonlight] ttype=fighting
INFO     	      cryogonal     levitate heavydutyboots [freezedry, haze, rapidspin, recover] ttype=poison
INFO     Sampling battle 1
INFO     	         lunala shadowshield    leftovers [calmmind, moongeistbeam, moonlight, psyshock] ttype=fairy
INFO     	      cryogonal     levitate heavydutyboots [freezedry, haze, rapidspin, recover] ttype=poison
INFO     Searching for a move using PUCT MCTS with neural priors...
INFO     Sampling 2 battles at 500ms each
INFO     Computing neural priors for all battles...
INFO     Initialized StateTranslator with TeamPreviewObservationSpace
INFO     Initializing LocalPolicyProvider with model: Abra
INFO     Loading pretrained Abra model...
INFO     CUDA not available - overriding FlashAttention with VanillaAttention
[91mWarning: Using unofficial VanillaAttention implementation[0m


 		 AMAGO v3.1
            	 -------------------------
            	 Agent: MultiTaskAgent
            		 Max Sequence Length: 200
            		 TstepEncoder Type: MetamonTstepEncoder
            		 TrajEncoder Type: TformerTrajEncoder
            		 Total Parameters: 57,535,116
            		 Offline Loss Weight: 1.0
            		 Online Loss Weight: 0.0
            		 Mixed Precision: NO
            		 Checkpoint Path: /Users/yadureddy/Documents/GitHub/clean/pokeagent_ac_mcts/.metamon_cache/pretrained_models/models--jakegrigsby--metamon/snapshots/c5d1cb9abb6747066a325228845a5a8af3d12139/abra/abra/ckpts
            	 Environment:
            		 DummyAsyncVectorEnv(Gym Env x 1)
            		 Exploration Type: None
            	 Dataset: DoNothingDataset
            	 Accelerate Processes: 1 


INFO     Successfully loaded Abra model
ERROR    Error translating battle to observation: 
WARNING  Failed to get priors for battle: 
ERROR    Error translating battle to observation: 
WARNING  Failed to get priors for battle: 
INFO     Successfully computed neural priors for 0/2 battles
INFO     Using PUCT-guided move selection (priors integrated during search)...
INFO     Policy 0: sacredfire visited 99.25% avg_score=0.995 sample_chance_multiplier=0.5
INFO     Policy 1: sacredfire visited 99.51% avg_score=0.995 sample_chance_multiplier=0.5
INFO     Considered Choices:
INFO     	99.38%: sacredfire
INFO     Choice: sacredfire
INFO     Updated lunala's min speed to 174
INFO     lunala used two different moves - it cannot have a choice item
INFO     lunala used a fairy move, removing fairygem from possible items
INFO     Setting lunala's last used move: moonblast
INFO     lunala used a damaging move - not guessing lifeorb anymore
INFO     lunala did 8.58% damage to hooh with moonblast
INFO     hooh already has the move sacredfire. Decrementing the PP by 1
INFO     hooh used a fire move, removing firegem from possible items
INFO     Setting hooh's last used move: sacredfire
INFO     hooh used a damaging move - not guessing lifeorb anymore
INFO     hooh did 39.0% damage to lunala with sacredfire
INFO     Setting lunala's item to: leftovers
INFO     lunala has less than maxhp during upkeep, no longer guessing leftovers or blacksludge
INFO     
INFO     Turn: 55
INFO     Sampling battle 0
INFO     	         lunala shadowshield    leftovers [calmmind, moonblast, moongeistbeam, moonlight] ttype=fairy
INFO     	      cryogonal     levitate heavydutyboots [freezedry, haze, rapidspin, recover] ttype=steel
INFO     Sampling battle 1
INFO     	         lunala shadowshield    leftovers [calmmind, moonblast, moongeistbeam, moonlight] ttype=fairy
INFO     	      cryogonal     levitate heavydutyboots [flashcannon, freezedry, rapidspin, recover] ttype=steel
INFO     Searching for a move using PUCT MCTS with neural priors...
INFO     Sampling 2 battles at 500ms each
INFO     Computing neural priors for all battles...
INFO     Initialized StateTranslator with TeamPreviewObservationSpace
INFO     Initializing LocalPolicyProvider with model: Abra
INFO     Loading pretrained Abra model...
INFO     CUDA not available - overriding FlashAttention with VanillaAttention
[91mWarning: Using unofficial VanillaAttention implementation[0m


 		 AMAGO v3.1
            	 -------------------------
            	 Agent: MultiTaskAgent
            		 Max Sequence Length: 200
            		 TstepEncoder Type: MetamonTstepEncoder
            		 TrajEncoder Type: TformerTrajEncoder
            		 Total Parameters: 57,535,116
            		 Offline Loss Weight: 1.0
            		 Online Loss Weight: 0.0
            		 Mixed Precision: NO
            		 Checkpoint Path: /Users/yadureddy/Documents/GitHub/clean/pokeagent_ac_mcts/.metamon_cache/pretrained_models/models--jakegrigsby--metamon/snapshots/c5d1cb9abb6747066a325228845a5a8af3d12139/abra/abra/ckpts
            	 Environment:
            		 DummyAsyncVectorEnv(Gym Env x 1)
            		 Exploration Type: None
            	 Dataset: DoNothingDataset
            	 Accelerate Processes: 1 


INFO     Successfully loaded Abra model
ERROR    Error translating battle to observation: 
WARNING  Failed to get priors for battle: 
ERROR    Error translating battle to observation: 
WARNING  Failed to get priors for battle: 
INFO     Successfully computed neural priors for 0/2 battles
INFO     Using PUCT-guided move selection (priors integrated during search)...
INFO     Policy 0: bravebird visited 98.15% avg_score=0.998 sample_chance_multiplier=0.5
INFO     Policy 1: recover visited 97.71% avg_score=0.998 sample_chance_multiplier=0.5
INFO     Considered Choices:
INFO     	49.54%: bravebird
INFO     	49.031%: recover
INFO     Choice: bravebird
INFO     Updated lunala's min speed to 174
INFO     lunala already has the move moongeistbeam. Decrementing the PP by 1
INFO     lunala used two different moves - it cannot have a choice item
INFO     lunala used a ghost move, removing ghostgem from possible items
INFO     Setting lunala's last used move: moongeistbeam
INFO     lunala used a damaging move - not guessing lifeorb anymore
INFO     lunala did 28.360000000000003% damage to hooh with moongeistbeam
INFO     hooh already has the move bravebird. Decrementing the PP by 1
INFO     hooh used a flying move, removing flyinggem from possible items
INFO     Setting hooh's last used move: bravebird
INFO     hooh used a damaging move - not guessing lifeorb anymore
INFO     hooh did 1.0% damage to lunala with bravebird
INFO     lunala has less than maxhp during upkeep, no longer guessing leftovers or blacksludge
INFO     Opponent has switched - clearing the last used move
INFO     
INFO     Turn: 56
INFO     Sampling battle 0
INFO     	      cryogonal     levitate heavydutyboots [freezedry, haze, rapidspin, recover] ttype=poison
INFO     Sampling battle 1
INFO     	      cryogonal     levitate heavydutyboots [freezedry, haze, rapidspin, recover] ttype=poison
INFO     Searching for a move using PUCT MCTS with neural priors...
INFO     Sampling 2 battles at 500ms each
INFO     Computing neural priors for all battles...
INFO     Initialized StateTranslator with TeamPreviewObservationSpace
INFO     Initializing LocalPolicyProvider with model: Abra
INFO     Loading pretrained Abra model...
INFO     CUDA not available - overriding FlashAttention with VanillaAttention
[91mWarning: Using unofficial VanillaAttention implementation[0m


 		 AMAGO v3.1
            	 -------------------------
            	 Agent: MultiTaskAgent
            		 Max Sequence Length: 200
            		 TstepEncoder Type: MetamonTstepEncoder
            		 TrajEncoder Type: TformerTrajEncoder
            		 Total Parameters: 57,535,116
            		 Offline Loss Weight: 1.0
            		 Online Loss Weight: 0.0
            		 Mixed Precision: NO
            		 Checkpoint Path: /Users/yadureddy/Documents/GitHub/clean/pokeagent_ac_mcts/.metamon_cache/pretrained_models/models--jakegrigsby--metamon/snapshots/c5d1cb9abb6747066a325228845a5a8af3d12139/abra/abra/ckpts
            	 Environment:
            		 DummyAsyncVectorEnv(Gym Env x 1)
            		 Exploration Type: None
            	 Dataset: DoNothingDataset
            	 Accelerate Processes: 1 


INFO     Successfully loaded Abra model
ERROR    Error translating battle to observation: 
WARNING  Failed to get priors for battle: 
ERROR    Error translating battle to observation: 
WARNING  Failed to get priors for battle: 
INFO     Successfully computed neural priors for 0/2 battles
INFO     Using PUCT-guided move selection (priors integrated during search)...
INFO     Policy 0: bravebird visited 97.13% avg_score=1.0 sample_chance_multiplier=0.5
INFO     Policy 1: bravebird visited 97.27% avg_score=1.0 sample_chance_multiplier=0.5
INFO     Considered Choices:
INFO     	97.204%: bravebird
INFO     Choice: bravebird
INFO     Winner: AbraMCTS
INFO     Won with team: None
INFO     W: 4	L: 1
