INFO     Logging in...
INFO     Logging in to local server...
INFO     Searching for ranked gen9randombattle match
INFO     Initialized battle-gen9randombattle-81 against: VanillaMCTS
INFO     Opponent has switched - clearing the last used move
INFO     electivire switched in, adding intimidate to impossible abilities
INFO     electivire switched in, adding pressure to impossible abilities
INFO     electivire switched in, adding neutralizinggas to impossible abilities
INFO     electivire switched in, adding sandstream to impossible abilities
INFO     electivire switched in, adding drought to impossible abilities
INFO     electivire switched in, adding drizzle to impossible abilities
INFO     electivire switched in, adding snowwarning to impossible abilities
INFO     electivire switched in, adding boosterenergy to impossible items
INFO     electivire switched in, adding airballoon to impossible items
INFO     
INFO     Turn: 1
INFO     Sampling battle 0
INFO     	     electivire   motordrive      lifeorb [bulkup, earthquake, icepunch, supercellslam] ttype=flying
INFO     Sampling 5 unrevealed pokemon
INFO     	        scrafty   intimidate      lifeorb [closecombat, dragondance, knockoff, poisonjab] ttype=poison
INFO     	         plusle lightningrod      lifeorb [encore, grassknot, nastyplot, thunderbolt] ttype=electric
INFO     	       porygonz adaptability  choicescarf [icebeam, shadowball, thunderbolt, triattack] ttype=electric
INFO     	 ninetalesalola  snowwarning    lightclay [auroraveil, blizzard, moonblast, nastyplot] ttype=steel
INFO     	ogerponwellspring  waterabsorb wellspringmask [ivycudgel, synthesis, uturn, woodhammer] ttype=water
INFO     Sampling battle 1
INFO     	     electivire   motordrive      lifeorb [icepunch, knockoff, supercellslam, voltswitch] ttype=dark
INFO     Sampling 5 unrevealed pokemon
INFO     	     pincurchin electricsurge    leftovers [discharge, recover, scald, toxicspikes] ttype=water
INFO     	       landorus   sheerforce      lifeorb [earthpower, focusblast, psychic, rockslide] ttype=ground
INFO     	         pyroar      unnerve heavydutyboots [fireblast, hypervoice, taunt, workup] ttype=fire
WARNING  steel is not a known move
INFO     	          ditto     imposter  choicescarf [transform]
INFO     	      reuniclus   magicguard      lifeorb [calmmind, focusblast, psychic, recover] ttype=fighting
INFO     Sampling battle 2
INFO     	     electivire   motordrive      lifeorb [bulkup, earthquake, icepunch, supercellslam] ttype=flying
INFO     Sampling 5 unrevealed pokemon
INFO     	      toucannon      keeneye heavydutyboots [beakblast, boomburst, roost, uturn] ttype=steel
INFO     	   crabominable     ironfist   choiceband [drainpunch, earthquake, gunkshot, icehammer] ttype=fighting
INFO     	      hatterene  magicbounce  assaultvest [drainingkiss, mysticalfire, nuzzle, psychicnoise] ttype=fairy
INFO     	       inteleon      torrent  choicespecs [hydropump, icebeam, scald, uturn] ttype=water
INFO     	     golemalola    galvanize      lifeorb [doubleedge, earthquake, rockpolish, stoneedge] ttype=grass
INFO     Sampling battle 3
INFO     	     electivire   motordrive  choicescarf [earthquake, icepunch, knockoff, supercellslam] ttype=dark
INFO     Sampling 5 unrevealed pokemon
INFO     	      volcarona        swarm heavydutyboots [bugbuzz, fierydance, quiverdance, terablast] ttype=water
INFO     	    dudunsparce  serenegrace    leftovers [earthquake, glare, headbutt, roost] ttype=ground
INFO     	         zacian intrepidsword      lifeorb [closecombat, crunch, playrough, swordsdance] ttype=fighting
INFO     	      greattusk protosynthesis   choiceband [closecombat, headlongrush, icespinner, knockoff] ttype=steel
INFO     	       whiscash    oblivious    leftovers [earthquake, icebeam, spikes, stealthrock] ttype=ghost
INFO     Initializing per-node neural priors callback (Abra model)...
INFO     Initializing Abra model for per-node priors...
INFO     Initializing LocalPolicyProvider with model: Abra
Gym has been unmaintained since 2022 and does not support NumPy 2.0 amongst other critical functionality.
Please upgrade to Gymnasium, the maintained drop-in replacement of Gym, or contact the authors of your software and request that they upgrade.
Users of this version of Gym should be able to simply replace 'import gym' with 'import gymnasium as gym' in the vast majority of cases.
See the migration guide at https://gymnasium.farama.org/introduction/migration_guide/ for additional information.
INFO     Loading pretrained Abra model...
INFO     CUDA not available - overriding FlashAttention with VanillaAttention
[91mWarning: Using unofficial VanillaAttention implementation[0m


 		 AMAGO v3.1
            	 -------------------------
            	 Agent: MultiTaskAgent
            		 Max Sequence Length: 200
            		 TstepEncoder Type: MetamonTstepEncoder
            		 TrajEncoder Type: TformerTrajEncoder
            		 Total Parameters: 57,535,116
            		 Offline Loss Weight: 1.0
            		 Online Loss Weight: 0.0
            		 Mixed Precision: NO
            		 Checkpoint Path: /Users/yadureddy/Documents/GitHub/clean/pokeagent_ac_mcts/.metamon_cache/pretrained_models/models--jakegrigsby--metamon/snapshots/c5d1cb9abb6747066a325228845a5a8af3d12139/abra/abra/ckpts
            	 Environment:
            		 DummyAsyncVectorEnv(Gym Env x 1)
            		 Exploration Type: None
            	 Dataset: DoNothingDataset
            	 Accelerate Processes: 1 


INFO     Successfully loaded Abra model
INFO     Abra model loaded successfully
INFO     Neural prior callback registered with poke-engine
INFO     Per-node neural priors enabled
INFO     Searching for a move using PUCT MCTS with neural priors...
INFO     Sampling 4 battles at 250ms each
INFO     Computing neural priors for all battles...
INFO     Initialized StateTranslator with TeamPreviewObservationSpace
INFO     Initializing LocalPolicyProvider with model: Abra
INFO     Loading pretrained Abra model...
INFO     CUDA not available - overriding FlashAttention with VanillaAttention
[91mWarning: Using unofficial VanillaAttention implementation[0m


 		 AMAGO v3.1
            	 -------------------------
            	 Agent: MultiTaskAgent
            		 Max Sequence Length: 200
            		 TstepEncoder Type: MetamonTstepEncoder
            		 TrajEncoder Type: TformerTrajEncoder
            		 Total Parameters: 57,535,116
            		 Offline Loss Weight: 1.0
            		 Online Loss Weight: 0.0
            		 Mixed Precision: NO
            		 Checkpoint Path: /Users/yadureddy/Documents/GitHub/clean/pokeagent_ac_mcts/.metamon_cache/pretrained_models/models--jakegrigsby--metamon/snapshots/c5d1cb9abb6747066a325228845a5a8af3d12139/abra/abra/ckpts
            	 Environment:
            		 DummyAsyncVectorEnv(Gym Env x 1)
            		 Exploration Type: None
            	 Dataset: DoNothingDataset
            	 Accelerate Processes: 1 


INFO     Successfully loaded Abra model
ERROR    Error translating battle to observation: 
WARNING  Failed to get priors for battle: 
ERROR    Error translating battle to observation: 
WARNING  Failed to get priors for battle: 
ERROR    Error translating battle to observation: 
WARNING  Failed to get priors for battle: 
ERROR    Error translating battle to observation: 
WARNING  Failed to get priors for battle: 
INFO     Successfully computed neural priors for 0/4 battles
INFO     Using PUCT-guided move selection (priors integrated during search)...
INFO     Policy 0: highjumpkick visited 93.24% avg_score=0.506 sample_chance_multiplier=0.25
INFO     Policy 1: highjumpkick visited 48.5% avg_score=0.384 sample_chance_multiplier=0.25
INFO     Policy 2: poisonjab visited 72.09% avg_score=0.472 sample_chance_multiplier=0.25
INFO     Policy 3: poisonjab visited 40.94% avg_score=0.378 sample_chance_multiplier=0.25
INFO     Considered Choices:
INFO     	41.876%: highjumpkick
INFO     Choice: highjumpkick
INFO     mienshao already has the move highjumpkick. Decrementing the PP by 1
INFO     mienshao used a fighting move, removing fightinggem from possible items
INFO     Setting mienshao's last used move: highjumpkick
INFO     mienshao used a damaging move - not guessing lifeorb anymore
INFO     mienshao did 100.0% damage to electivire with highjumpkick
INFO     electivire has less than maxhp during upkeep, no longer guessing leftovers or blacksludge
INFO     Opponent has switched - clearing the last used move
INFO     leavanny switched in, adding intimidate to impossible abilities
INFO     leavanny switched in, adding pressure to impossible abilities
INFO     leavanny switched in, adding neutralizinggas to impossible abilities
INFO     leavanny switched in, adding sandstream to impossible abilities
INFO     leavanny switched in, adding drought to impossible abilities
INFO     leavanny switched in, adding drizzle to impossible abilities
INFO     leavanny switched in, adding snowwarning to impossible abilities
INFO     leavanny switched in, adding boosterenergy to impossible items
INFO     leavanny switched in, adding airballoon to impossible items
INFO     
INFO     Turn: 2
INFO     Sampling battle 0
INFO     	       leavanny  chlorophyll   loadeddice [bulletseed, knockoff, stickyweb, tripleaxel] ttype=ghost
INFO     Sampling 4 unrevealed pokemon
WARNING  steel is not a known move
INFO     	          ditto     imposter  choicescarf [transform]
INFO     	      spiritomb  infiltrator    leftovers [foulplay, poltergeist, shadowsneak, toxic] ttype=steel
INFO     	        altaria  naturalcure heavydutyboots [bravebird, earthquake, haze, roost] ttype=steel
INFO     	        calyrex      unnerve    leftovers [bodypress, encore, leechseed, psyshock] ttype=steel
INFO     Sampling battle 1
INFO     	       leavanny  chlorophyll   loadeddice [bulletseed, knockoff, stickyweb, tripleaxel] ttype=ghost
INFO     Sampling 4 unrevealed pokemon
INFO     	ogerponwellspring  waterabsorb wellspringmask [ivycudgel, knockoff, powerwhip, swordsdance] ttype=water
INFO     	        persian       limber   choiceband [doubleedge, knockoff, switcheroo, uturn] ttype=normal
INFO     	     pincurchin electricsurge    leftovers [curse, liquidation, recover, zingzap] ttype=water
INFO     	         golurk      noguard   choiceband [dynamicpunch, earthquake, poltergeist, stoneedge] ttype=ghost
INFO     Sampling battle 2
INFO     	       leavanny        swarm heavydutyboots [knockoff, leafblade, lunge, stickyweb] ttype=ghost
INFO     Sampling 4 unrevealed pokemon
INFO     	      regigigas    slowstart    leftovers [bodyslam, knockoff, rest, sleeptalk] ttype=ghost
INFO     	        zoroark     illusion      lifeorb [darkpulse, nastyplot, psychic, sludgebomb] ttype=poison
INFO     	    goodrahisui    sapsipper  assaultvest [dracometeor, dragontail, heavyslam, thunderbolt] ttype=dragon
INFO     	       blaziken   speedboost      lifeorb [closecombat, flareblitz, knockoff, swordsdance] ttype=dark
INFO     Sampling battle 3
INFO     	       leavanny  chlorophyll   loadeddice [bulletseed, knockoff, stickyweb, tripleaxel] ttype=ghost
INFO     Sampling 4 unrevealed pokemon
INFO     	       floatzel    waterveil   choiceband [crunch, flipturn, icespinner, wavecrash] ttype=water
INFO     	       whiscash    oblivious    leftovers [earthquake, icebeam, spikes, stealthrock] ttype=poison
INFO     	        cetitan     thickfat  sitrusberry [bellydrum, earthquake, iceshard, icespinner] ttype=ice
INFO     	        moltres    flamebody heavydutyboots [bravebird, fireblast, roost, uturn] ttype=steel
INFO     Initializing per-node neural priors callback (Abra model)...
INFO     Neural callback already initialized
INFO     Per-node neural priors enabled
INFO     Searching for a move using PUCT MCTS with neural priors...
INFO     Sampling 4 battles at 250ms each
INFO     Computing neural priors for all battles...
INFO     Initialized StateTranslator with TeamPreviewObservationSpace
INFO     Initializing LocalPolicyProvider with model: Abra
INFO     Loading pretrained Abra model...
INFO     CUDA not available - overriding FlashAttention with VanillaAttention
[91mWarning: Using unofficial VanillaAttention implementation[0m


 		 AMAGO v3.1
            	 -------------------------
            	 Agent: MultiTaskAgent
            		 Max Sequence Length: 200
            		 TstepEncoder Type: MetamonTstepEncoder
            		 TrajEncoder Type: TformerTrajEncoder
            		 Total Parameters: 57,535,116
            		 Offline Loss Weight: 1.0
            		 Online Loss Weight: 0.0
            		 Mixed Precision: NO
            		 Checkpoint Path: /Users/yadureddy/Documents/GitHub/clean/pokeagent_ac_mcts/.metamon_cache/pretrained_models/models--jakegrigsby--metamon/snapshots/c5d1cb9abb6747066a325228845a5a8af3d12139/abra/abra/ckpts
            	 Environment:
            		 DummyAsyncVectorEnv(Gym Env x 1)
            		 Exploration Type: None
            	 Dataset: DoNothingDataset
            	 Accelerate Processes: 1 


INFO     Successfully loaded Abra model
ERROR    Error translating battle to observation: 
WARNING  Failed to get priors for battle: 
ERROR    Error translating battle to observation: 
WARNING  Failed to get priors for battle: 
ERROR    Error translating battle to observation: 
WARNING  Failed to get priors for battle: 
ERROR    Error translating battle to observation: 
WARNING  Failed to get priors for battle: 
INFO     Successfully computed neural priors for 0/4 battles
INFO     Using PUCT-guided move selection (priors integrated during search)...
INFO     Policy 0: highjumpkick visited 69.57% avg_score=0.148 sample_chance_multiplier=0.25
INFO     Policy 1: highjumpkick visited 87.06% avg_score=0.144 sample_chance_multiplier=0.25
INFO     Policy 2: highjumpkick visited 46.83% avg_score=0.143 sample_chance_multiplier=0.25
INFO     Policy 3: highjumpkick visited 87.39% avg_score=0.146 sample_chance_multiplier=0.25
INFO     Considered Choices:
INFO     	72.713%: highjumpkick
INFO     Choice: highjumpkick
INFO     Updated leavanny's max speed to 222
INFO     mienshao already has the move highjumpkick. Decrementing the PP by 1
INFO     mienshao used a fighting move, removing fightinggem from possible items
INFO     Setting mienshao's last used move: highjumpkick
INFO     mienshao used a damaging move - not guessing lifeorb anymore
INFO     mienshao did 56.00000000000001% damage to leavanny with highjumpkick
INFO     leavanny used a status-move. Adding `assaultvest` to impossible items
INFO     Setting leavanny's last used move: stickyweb
INFO     Incremented side condition stickyweb to 1 for mienshao
INFO     leavanny has less than maxhp during upkeep, no longer guessing leftovers or blacksludge
INFO     
INFO     Turn: 3
INFO     Sampling battle 0
INFO     	       leavanny        swarm heavydutyboots [knockoff, leafblade, lunge, stickyweb] ttype=ghost
INFO     Sampling 4 unrevealed pokemon
INFO     	 arceuselectric    multitype     zapplate [calmmind, icebeam, judgment, recover] ttype=electric
INFO     	        heatran    flashfire   airballoon [earthpower, flashcannon, lavaplume, stealthrock] ttype=grass
INFO     	        malamar     contrary    leftovers [knockoff, rest, sleeptalk, superpower] ttype=fighting
INFO     	       venomoth   tintedlens heavydutyboots [bugbuzz, quiverdance, sleeppowder, sludgewave] ttype=steel
INFO     Sampling battle 1
INFO     	       leavanny        swarm heavydutyboots [knockoff, leafblade, lunge, stickyweb] ttype=rock
INFO     Sampling 4 unrevealed pokemon
INFO     	urshifurapidstrike   unseenfist   choiceband [aquajet, closecombat, surgingstrikes, uturn] ttype=water
INFO     	       vivillon compoundeyes heavydutyboots [bugbuzz, hurricane, quiverdance, sleeppowder] ttype=flying
INFO     	  arcaninehisui     rockhead  choicescarf [closecombat, flareblitz, headsmash, wildcharge] ttype=rock
INFO     	   greninjabond   battlebond      lifeorb [darkpulse, gunkshot, hydropump, icebeam] ttype=poison
INFO     Initializing per-node neural priors callback (Abra model)...
INFO     Neural callback already initialized
INFO     Per-node neural priors enabled
INFO     Searching for a move using PUCT MCTS with neural priors...
INFO     Sampling 2 battles at 500ms each
INFO     Computing neural priors for all battles...
INFO     Initialized StateTranslator with TeamPreviewObservationSpace
INFO     Initializing LocalPolicyProvider with model: Abra
INFO     Loading pretrained Abra model...
INFO     CUDA not available - overriding FlashAttention with VanillaAttention
[91mWarning: Using unofficial VanillaAttention implementation[0m


 		 AMAGO v3.1
            	 -------------------------
            	 Agent: MultiTaskAgent
            		 Max Sequence Length: 200
            		 TstepEncoder Type: MetamonTstepEncoder
            		 TrajEncoder Type: TformerTrajEncoder
            		 Total Parameters: 57,535,116
            		 Offline Loss Weight: 1.0
            		 Online Loss Weight: 0.0
            		 Mixed Precision: NO
            		 Checkpoint Path: /Users/yadureddy/Documents/GitHub/clean/pokeagent_ac_mcts/.metamon_cache/pretrained_models/models--jakegrigsby--metamon/snapshots/c5d1cb9abb6747066a325228845a5a8af3d12139/abra/abra/ckpts
            	 Environment:
            		 DummyAsyncVectorEnv(Gym Env x 1)
            		 Exploration Type: None
            	 Dataset: DoNothingDataset
            	 Accelerate Processes: 1 


INFO     Successfully loaded Abra model
ERROR    Error translating battle to observation: 
WARNING  Failed to get priors for battle: 
ERROR    Error translating battle to observation: 
WARNING  Failed to get priors for battle: 
INFO     Successfully computed neural priors for 0/2 battles
INFO     Using PUCT-guided move selection (priors integrated during search)...
INFO     Policy 0: switch mesprit visited 36.86% avg_score=0.221 sample_chance_multiplier=0.5
INFO     Policy 1: highjumpkick visited 42.23% avg_score=0.259 sample_chance_multiplier=0.5
INFO     Considered Choices:
INFO     	33.87%: switch mesprit
INFO     	29.763%: highjumpkick
INFO     Choice: switch mesprit
INFO     mesprit switched in, adding intimidate to impossible abilities
INFO     mesprit switched in, adding pressure to impossible abilities
INFO     mesprit switched in, adding neutralizinggas to impossible abilities
INFO     mesprit switched in, adding sandstream to impossible abilities
INFO     mesprit switched in, adding drought to impossible abilities
INFO     mesprit switched in, adding drizzle to impossible abilities
INFO     mesprit switched in, adding snowwarning to impossible abilities
INFO     mesprit switched in, adding boosterenergy to impossible items
INFO     mesprit switched in, adding airballoon to impossible items
INFO     Opponent has switched - clearing the last used move
INFO     typhlosionhisui switched in, adding intimidate to impossible abilities
INFO     typhlosionhisui switched in, adding pressure to impossible abilities
INFO     typhlosionhisui switched in, adding neutralizinggas to impossible abilities
INFO     typhlosionhisui switched in, adding sandstream to impossible abilities
INFO     typhlosionhisui switched in, adding drought to impossible abilities
INFO     typhlosionhisui switched in, adding drizzle to impossible abilities
INFO     typhlosionhisui switched in, adding snowwarning to impossible abilities
INFO     typhlosionhisui switched in, adding boosterenergy to impossible items
INFO     typhlosionhisui switched in, adding airballoon to impossible items
INFO     
INFO     Turn: 4
INFO     Sampling battle 0
INFO     	typhlosionhisui        blaze  choicescarf [eruption, fireblast, focusblast, shadowball] ttype=fire
INFO     	       leavanny  chlorophyll   loadeddice [bulletseed, knockoff, stickyweb, tripleaxel] ttype=ghost
INFO     Sampling 3 unrevealed pokemon
INFO     	        shaymin  naturalcure    leftovers [airslash, earthpower, seedflare, synthesis] ttype=steel
INFO     	         gengar   cursedbody      lifeorb [encore, shadowball, sludgewave, toxicspikes] ttype=ghost
INFO     	 keldeoresolute    justified      lifeorb [airslash, calmmind, hydropump, secretsword] ttype=fighting
INFO     Sampling battle 1
INFO     	typhlosionhisui        blaze  choicescarf [eruption, fireblast, focusblast, shadowball] ttype=fire
INFO     	       leavanny        swarm heavydutyboots [knockoff, leafblade, lunge, stickyweb] ttype=ghost
INFO     Sampling 3 unrevealed pokemon
INFO     	     annihilape      defiant    leftovers [bulkup, drainpunch, ragefist, taunt] ttype=steel
INFO     	         kyogre      drizzle    leftovers [calmmind, icebeam, originpulse, thunder] ttype=electric
INFO     	        flareon         guts     toxicorb [facade, flareblitz, quickattack, trailblaze] ttype=normal
INFO     Sampling battle 2
INFO     	typhlosionhisui        blaze  choicespecs [eruption, fireblast, focusblast, shadowball] ttype=fire
INFO     	       leavanny  chlorophyll   loadeddice [bulletseed, knockoff, stickyweb, tripleaxel] ttype=ghost
INFO     Sampling 3 unrevealed pokemon
INFO     	        shiftry    windrider heavydutyboots [defog, knockoff, leafstorm, suckerpunch] ttype=dark
INFO     	       koraidon orichalcumpulse   choiceband [closecombat, flareblitz, outrage, uturn] ttype=fire
INFO     	  samurotthisui    sharpness   choiceband [ceaselessedge, razorshell, sacredsword, suckerpunch] ttype=water
INFO     Sampling battle 3
INFO     	typhlosionhisui        blaze heavydutyboots [calmmind, fireblast, shadowball, willowisp] ttype=fire
INFO     	       leavanny        swarm heavydutyboots [knockoff, leafblade, lunge, stickyweb] ttype=ghost
INFO     Sampling 3 unrevealed pokemon
INFO     	      serperior     contrary    leftovers [dragonpulse, leafstorm, leechseed, substitute] ttype=water
INFO     	      electrode       static heavydutyboots [explosion, thunderbolt, thunderwave, voltswitch] ttype=electric
INFO     	      hitmontop   intimidate  assaultvest [closecombat, rapidspin, stoneedge, suckerpunch] ttype=steel
INFO     Initializing per-node neural priors callback (Abra model)...
INFO     Neural callback already initialized
INFO     Per-node neural priors enabled
INFO     Searching for a move using PUCT MCTS with neural priors...
INFO     Sampling 4 battles at 250ms each
INFO     Computing neural priors for all battles...
INFO     Initialized StateTranslator with TeamPreviewObservationSpace
INFO     Initializing LocalPolicyProvider with model: Abra
INFO     Loading pretrained Abra model...
INFO     CUDA not available - overriding FlashAttention with VanillaAttention
[91mWarning: Using unofficial VanillaAttention implementation[0m


 		 AMAGO v3.1
            	 -------------------------
            	 Agent: MultiTaskAgent
            		 Max Sequence Length: 200
            		 TstepEncoder Type: MetamonTstepEncoder
            		 TrajEncoder Type: TformerTrajEncoder
            		 Total Parameters: 57,535,116
            		 Offline Loss Weight: 1.0
            		 Online Loss Weight: 0.0
            		 Mixed Precision: NO
            		 Checkpoint Path: /Users/yadureddy/Documents/GitHub/clean/pokeagent_ac_mcts/.metamon_cache/pretrained_models/models--jakegrigsby--metamon/snapshots/c5d1cb9abb6747066a325228845a5a8af3d12139/abra/abra/ckpts
            	 Environment:
            		 DummyAsyncVectorEnv(Gym Env x 1)
            		 Exploration Type: None
            	 Dataset: DoNothingDataset
            	 Accelerate Processes: 1 


INFO     Successfully loaded Abra model
ERROR    Error translating battle to observation: 
WARNING  Failed to get priors for battle: 
ERROR    Error translating battle to observation: 
WARNING  Failed to get priors for battle: 
ERROR    Error translating battle to observation: 
WARNING  Failed to get priors for battle: 
ERROR    Error translating battle to observation: 
WARNING  Failed to get priors for battle: 
INFO     Successfully computed neural priors for 0/4 battles
INFO     Using PUCT-guided move selection (priors integrated during search)...
INFO     Policy 0: shadowball visited 74.6% avg_score=0.303 sample_chance_multiplier=0.25
INFO     Policy 1: psychic visited 53.92% avg_score=0.282 sample_chance_multiplier=0.25
INFO     Policy 2: shadowball visited 58.24% avg_score=0.311 sample_chance_multiplier=0.25
INFO     Policy 3: shadowball visited 73.2% avg_score=0.238 sample_chance_multiplier=0.25
INFO     Considered Choices:
INFO     	61.685%: shadowball
INFO     Choice: shadowball
INFO     Updated typhlosionhisui's max speed to 277
INFO     mesprit already has the move shadowball. Decrementing the PP by 1
INFO     mesprit used a ghost move, removing ghostgem from possible items
INFO     Setting mesprit's last used move: shadowball
INFO     mesprit used a damaging move - not guessing lifeorb anymore
INFO     mesprit did 53.0% damage to typhlosionhisui with shadowball
INFO     typhlosionhisui used a ghost move, removing ghostgem from possible items
INFO     Setting typhlosionhisui's last used move: shadowball
INFO     typhlosionhisui used a damaging move - not guessing lifeorb anymore
INFO     typhlosionhisui did 85.82% damage to mesprit with shadowball
INFO     mesprit's special-defense was unboosted by 1 to -1
INFO     typhlosionhisui has less than maxhp during upkeep, no longer guessing leftovers or blacksludge
INFO     
INFO     Turn: 5
INFO     Sampling battle 0
INFO     	typhlosionhisui        blaze  choicespecs [eruption, fireblast, focusblast, shadowball] ttype=fire
INFO     	       leavanny        swarm heavydutyboots [knockoff, leafblade, lunge, stickyweb] ttype=rock
INFO     Sampling 3 unrevealed pokemon
INFO     	      decidueye     overgrow heavydutyboots [defog, knockoff, leafstorm, spiritshackle] ttype=dark
INFO     	       quagsire      unaware    leftovers [earthquake, icebeam, recover, toxic] ttype=steel
INFO     	      ironcrown   quarkdrive    leftovers [calmmind, focusblast, psyshock, tachyoncutter] ttype=fighting
INFO     Sampling battle 1
INFO     	typhlosionhisui        blaze  choicespecs [eruption, fireblast, focusblast, shadowball] ttype=fire
INFO     	       leavanny        swarm heavydutyboots [knockoff, leafblade, lunge, stickyweb] ttype=ghost
INFO     Sampling 3 unrevealed pokemon
INFO     	         flygon     levitate     lumberry [dragondance, earthquake, outrage, stoneedge] ttype=rock
INFO     	   squawkabilly         guts     flameorb [bravebird, facade, protect, quickattack] ttype=normal
INFO     	    corviknight  mirrorarmor  rockyhelmet [bodypress, bravebird, roost, uturn] ttype=dragon
INFO     Initializing per-node neural priors callback (Abra model)...
INFO     Neural callback already initialized
INFO     Per-node neural priors enabled
INFO     Searching for a move using PUCT MCTS with neural priors...
INFO     Sampling 2 battles at 500ms each
INFO     Computing neural priors for all battles...
INFO     Initialized StateTranslator with TeamPreviewObservationSpace
INFO     Initializing LocalPolicyProvider with model: Abra
INFO     Loading pretrained Abra model...
INFO     CUDA not available - overriding FlashAttention with VanillaAttention
[91mWarning: Using unofficial VanillaAttention implementation[0m


 		 AMAGO v3.1
            	 -------------------------
            	 Agent: MultiTaskAgent
            		 Max Sequence Length: 200
            		 TstepEncoder Type: MetamonTstepEncoder
            		 TrajEncoder Type: TformerTrajEncoder
            		 Total Parameters: 57,535,116
            		 Offline Loss Weight: 1.0
            		 Online Loss Weight: 0.0
            		 Mixed Precision: NO
            		 Checkpoint Path: /Users/yadureddy/Documents/GitHub/clean/pokeagent_ac_mcts/.metamon_cache/pretrained_models/models--jakegrigsby--metamon/snapshots/c5d1cb9abb6747066a325228845a5a8af3d12139/abra/abra/ckpts
            	 Environment:
            		 DummyAsyncVectorEnv(Gym Env x 1)
            		 Exploration Type: None
            	 Dataset: DoNothingDataset
            	 Accelerate Processes: 1 


INFO     Successfully loaded Abra model
ERROR    Error translating battle to observation: 
WARNING  Failed to get priors for battle: 
ERROR    Error translating battle to observation: 
WARNING  Failed to get priors for battle: 
INFO     Successfully computed neural priors for 0/2 battles
INFO     Using PUCT-guided move selection (priors integrated during search)...
INFO     Policy 0: shadowball visited 71.36% avg_score=0.363 sample_chance_multiplier=0.5
INFO     Policy 1: switch dunsparce visited 33.28% avg_score=0.245 sample_chance_multiplier=0.5
INFO     Considered Choices:
INFO     	46.224%: shadowball
INFO     Choice: shadowball
INFO     Opponent has switched - clearing the last used move
INFO     arceuswater switched in, adding intimidate to impossible abilities
INFO     arceuswater switched in, adding pressure to impossible abilities
INFO     arceuswater switched in, adding neutralizinggas to impossible abilities
INFO     arceuswater switched in, adding sandstream to impossible abilities
INFO     arceuswater switched in, adding drought to impossible abilities
INFO     arceuswater switched in, adding drizzle to impossible abilities
INFO     arceuswater switched in, adding snowwarning to impossible abilities
INFO     arceuswater switched in, adding boosterenergy to impossible items
INFO     arceuswater switched in, adding airballoon to impossible items
INFO     mesprit already has the move shadowball. Decrementing the PP by 1
INFO     mesprit used a ghost move, removing ghostgem from possible items
INFO     Setting mesprit's last used move: shadowball
INFO     mesprit used a damaging move - not guessing lifeorb anymore
INFO     mesprit did 18.0% damage to arceuswater with shadowball
INFO     arceuswater has less than maxhp during upkeep, no longer guessing leftovers or blacksludge
INFO     
INFO     Turn: 6
INFO     Sampling battle 0
INFO     	    arceuswater    multitype  splashplate [calmmind, judgment, recover, willowisp] ttype=steel
INFO     	       leavanny        swarm heavydutyboots [knockoff, leafblade, lunge, stickyweb] ttype=rock
INFO     	typhlosionhisui        blaze  choicespecs [eruption, fireblast, focusblast, shadowball] ttype=fire
INFO     Sampling 2 unrevealed pokemon
INFO     	        volbeat    prankster heavydutyboots [encore, lunge, roost, thunderwave] ttype=water
INFO     	  qwilfishhisui   intimidate     eviolite [crunch, gunkshot, spikes, taunt] ttype=poison
INFO     Sampling battle 1
INFO     	    arceuswater    multitype  splashplate [icebeam, judgment, recover, willowisp] ttype=steel
INFO     	       leavanny        swarm heavydutyboots [knockoff, leafblade, lunge, stickyweb] ttype=ghost
INFO     	typhlosionhisui        blaze  choicespecs [eruption, fireblast, focusblast, shadowball] ttype=fire
INFO     Sampling 2 unrevealed pokemon
INFO     	       overqwil   intimidate   choiceband [aquajet, crunch, gunkshot, liquidation] ttype=water
INFO     	    kyuremblack     teravolt   loadeddice [dragondance, iciclespear, scaleshot, terablast] ttype=ground
INFO     Initializing per-node neural priors callback (Abra model)...
INFO     Neural callback already initialized
INFO     Per-node neural priors enabled
INFO     Searching for a move using PUCT MCTS with neural priors...
INFO     Sampling 2 battles at 500ms each
INFO     Computing neural priors for all battles...
INFO     Initialized StateTranslator with TeamPreviewObservationSpace
INFO     Initializing LocalPolicyProvider with model: Abra
INFO     Loading pretrained Abra model...
INFO     CUDA not available - overriding FlashAttention with VanillaAttention
[91mWarning: Using unofficial VanillaAttention implementation[0m


 		 AMAGO v3.1
            	 -------------------------
            	 Agent: MultiTaskAgent
            		 Max Sequence Length: 200
            		 TstepEncoder Type: MetamonTstepEncoder
            		 TrajEncoder Type: TformerTrajEncoder
            		 Total Parameters: 57,535,116
            		 Offline Loss Weight: 1.0
            		 Online Loss Weight: 0.0
            		 Mixed Precision: NO
            		 Checkpoint Path: /Users/yadureddy/Documents/GitHub/clean/pokeagent_ac_mcts/.metamon_cache/pretrained_models/models--jakegrigsby--metamon/snapshots/c5d1cb9abb6747066a325228845a5a8af3d12139/abra/abra/ckpts
            	 Environment:
            		 DummyAsyncVectorEnv(Gym Env x 1)
            		 Exploration Type: None
            	 Dataset: DoNothingDataset
            	 Accelerate Processes: 1 


INFO     Successfully loaded Abra model
ERROR    Error translating battle to observation: 
WARNING  Failed to get priors for battle: 
ERROR    Error translating battle to observation: 
WARNING  Failed to get priors for battle: 
INFO     Successfully computed neural priors for 0/2 battles
INFO     Using PUCT-guided move selection (priors integrated during search)...
INFO     Policy 0: shadowball visited 48.88% avg_score=0.2 sample_chance_multiplier=0.5
INFO     Policy 1: switch kommoo visited 59.4% avg_score=0.233 sample_chance_multiplier=0.5
INFO     Considered Choices:
INFO     	41.119%: switch kommoo
INFO     Choice: switch kommoo
INFO     kommoo switched in, adding intimidate to impossible abilities
INFO     kommoo switched in, adding pressure to impossible abilities
INFO     kommoo switched in, adding neutralizinggas to impossible abilities
INFO     kommoo switched in, adding sandstream to impossible abilities
INFO     kommoo switched in, adding drought to impossible abilities
INFO     kommoo switched in, adding drizzle to impossible abilities
INFO     kommoo switched in, adding snowwarning to impossible abilities
INFO     kommoo switched in, adding boosterenergy to impossible items
INFO     kommoo switched in, adding airballoon to impossible items
INFO     kommoo's speed was unboosted by 1 to -1
INFO     arceuswater using calmmind makes it unlikely to have a choice item. Setting can_have_choice_item to False
INFO     arceuswater used a status-move. Adding `assaultvest` to impossible items
INFO     Setting arceuswater's last used move: calmmind
INFO     arceuswater's special-attack was boosted by 1 to 1
INFO     arceuswater's special-defense was boosted by 1 to 1
INFO     arceuswater has less than maxhp during upkeep, no longer guessing leftovers or blacksludge
INFO     
INFO     Turn: 7
INFO     Sampling battle 0
INFO     	    arceuswater    multitype  splashplate [calmmind, icebeam, judgment, recover] ttype=steel
INFO     	       leavanny  chlorophyll   loadeddice [bulletseed, knockoff, stickyweb, tripleaxel] ttype=ghost
INFO     	typhlosionhisui        blaze  choicespecs [eruption, fireblast, focusblast, shadowball] ttype=fire
INFO     Sampling 2 unrevealed pokemon
INFO     	       meloetta  serenegrace      lifeorb [calmmind, focusblast, hypervoice, psyshock] ttype=normal
INFO     	     ironleaves   quarkdrive      lifeorb [closecombat, leafblade, psyblade, swordsdance] ttype=fighting
INFO     Sampling battle 1
INFO     	    arceuswater    multitype  splashplate [calmmind, icebeam, judgment, recover] ttype=steel
INFO     	       leavanny        swarm heavydutyboots [knockoff, leafblade, lunge, stickyweb] ttype=ghost
INFO     	typhlosionhisui        blaze  choicespecs [eruption, fireblast, focusblast, shadowball] ttype=fire
INFO     Sampling 2 unrevealed pokemon
INFO     	     ironbundle   quarkdrive heavydutyboots [encore, flipturn, freezedry, hydropump] ttype=ice
INFO     	       hariyama         guts     flameorb [closecombat, facade, headlongrush, knockoff] ttype=normal
INFO     Initializing per-node neural priors callback (Abra model)...
INFO     Neural callback already initialized
INFO     Per-node neural priors enabled
INFO     Searching for a move using PUCT MCTS with neural priors...
INFO     Sampling 2 battles at 500ms each
INFO     Computing neural priors for all battles...
INFO     Initialized StateTranslator with TeamPreviewObservationSpace
INFO     Initializing LocalPolicyProvider with model: Abra
INFO     Loading pretrained Abra model...
INFO     CUDA not available - overriding FlashAttention with VanillaAttention
[91mWarning: Using unofficial VanillaAttention implementation[0m


 		 AMAGO v3.1
            	 -------------------------
            	 Agent: MultiTaskAgent
            		 Max Sequence Length: 200
            		 TstepEncoder Type: MetamonTstepEncoder
            		 TrajEncoder Type: TformerTrajEncoder
            		 Total Parameters: 57,535,116
            		 Offline Loss Weight: 1.0
            		 Online Loss Weight: 0.0
            		 Mixed Precision: NO
            		 Checkpoint Path: /Users/yadureddy/Documents/GitHub/clean/pokeagent_ac_mcts/.metamon_cache/pretrained_models/models--jakegrigsby--metamon/snapshots/c5d1cb9abb6747066a325228845a5a8af3d12139/abra/abra/ckpts
            	 Environment:
            		 DummyAsyncVectorEnv(Gym Env x 1)
            		 Exploration Type: None
            	 Dataset: DoNothingDataset
            	 Accelerate Processes: 1 


INFO     Successfully loaded Abra model
ERROR    Error translating battle to observation: 
WARNING  Failed to get priors for battle: 
ERROR    Error translating battle to observation: 
WARNING  Failed to get priors for battle: 
INFO     Successfully computed neural priors for 0/2 battles
INFO     Using PUCT-guided move selection (priors integrated during search)...
INFO     Policy 0: closecombat visited 38.41% avg_score=0.249 sample_chance_multiplier=0.5
INFO     Policy 1: switch dunsparce visited 27.84% avg_score=0.225 sample_chance_multiplier=0.5
INFO     Considered Choices:
INFO     	28.228%: closecombat
INFO     Choice: closecombat
INFO     Updated arceuswater's min speed to 118
INFO     arceuswater used two different moves - it cannot have a choice item
INFO     arceuswater used a ice move, removing icegem from possible items
INFO     Setting arceuswater's last used move: icebeam
INFO     arceuswater used a damaging move - not guessing lifeorb anymore
INFO     arceuswater did 57.96% damage to kommoo with icebeam
INFO     kommoo already has the move closecombat. Decrementing the PP by 1
INFO     kommoo used a fighting move, removing fightinggem from possible items
INFO     Setting kommoo's last used move: closecombat
INFO     kommoo used a damaging move - not guessing lifeorb anymore
INFO     kommoo did 37.0% damage to arceuswater with closecombat
INFO     kommoo's defense was unboosted by 1 to -1
INFO     kommoo's special-defense was unboosted by 1 to -1
INFO     arceuswater has less than maxhp during upkeep, no longer guessing leftovers or blacksludge
INFO     
INFO     Turn: 8
INFO     Sampling battle 0
INFO     	    arceuswater    multitype  splashplate [calmmind, icebeam, judgment, recover] ttype=steel
INFO     	       leavanny  chlorophyll   loadeddice [bulletseed, knockoff, stickyweb, tripleaxel] ttype=ghost
INFO     	typhlosionhisui        blaze  choicespecs [eruption, fireblast, focusblast, shadowball] ttype=fire
INFO     Sampling 2 unrevealed pokemon
INFO     	      infernape     ironfist      lifeorb [closecombat, machpunch, overheat, stoneedge] ttype=fighting
INFO     	   squawkabilly         guts     flameorb [bravebird, facade, quickattack, uturn] ttype=normal
INFO     Sampling battle 1
INFO     	    arceuswater    multitype  splashplate [calmmind, icebeam, judgment, recover] ttype=steel
INFO     	       leavanny        swarm heavydutyboots [knockoff, leafblade, lunge, stickyweb] ttype=ghost
INFO     	typhlosionhisui        blaze  choicespecs [eruption, fireblast, focusblast, shadowball] ttype=fire
INFO     Sampling 2 unrevealed pokemon
INFO     	     typhlosion        blaze  choicescarf [eruption, fireblast, focusblast, scorchingsands] ttype=fire
INFO     	        scrafty   intimidate      lifeorb [closecombat, dragondance, knockoff, poisonjab] ttype=poison
INFO     Initializing per-node neural priors callback (Abra model)...
INFO     Neural callback already initialized
INFO     Per-node neural priors enabled
INFO     Searching for a move using PUCT MCTS with neural priors...
INFO     Sampling 2 battles at 500ms each
INFO     Computing neural priors for all battles...
INFO     Initialized StateTranslator with TeamPreviewObservationSpace
INFO     Initializing LocalPolicyProvider with model: Abra
INFO     Loading pretrained Abra model...
INFO     CUDA not available - overriding FlashAttention with VanillaAttention
[91mWarning: Using unofficial VanillaAttention implementation[0m


 		 AMAGO v3.1
            	 -------------------------
            	 Agent: MultiTaskAgent
            		 Max Sequence Length: 200
            		 TstepEncoder Type: MetamonTstepEncoder
            		 TrajEncoder Type: TformerTrajEncoder
            		 Total Parameters: 57,535,116
            		 Offline Loss Weight: 1.0
            		 Online Loss Weight: 0.0
            		 Mixed Precision: NO
            		 Checkpoint Path: /Users/yadureddy/Documents/GitHub/clean/pokeagent_ac_mcts/.metamon_cache/pretrained_models/models--jakegrigsby--metamon/snapshots/c5d1cb9abb6747066a325228845a5a8af3d12139/abra/abra/ckpts
            	 Environment:
            		 DummyAsyncVectorEnv(Gym Env x 1)
            		 Exploration Type: None
            	 Dataset: DoNothingDataset
            	 Accelerate Processes: 1 


INFO     Successfully loaded Abra model
ERROR    Error translating battle to observation: 
WARNING  Failed to get priors for battle: 
ERROR    Error translating battle to observation: 
WARNING  Failed to get priors for battle: 
INFO     Successfully computed neural priors for 0/2 battles
INFO     Using PUCT-guided move selection (priors integrated during search)...
INFO     Policy 0: closecombat visited 18.58% avg_score=0.248 sample_chance_multiplier=0.5
INFO     Policy 1: switch mesprit visited 29.56% avg_score=0.258 sample_chance_multiplier=0.5
INFO     Considered Choices:
INFO     	22.482%: switch mesprit
INFO     Choice: switch mesprit
INFO     arceuswater used two different moves - it cannot have a choice item
INFO     arceuswater using recover makes it unlikely to have a choice item. Setting can_have_choice_item to False
INFO     arceuswater used a status-move. Adding `assaultvest` to impossible items
INFO     Setting arceuswater's last used move: recover
INFO     arceuswater has less than maxhp during upkeep, no longer guessing leftovers or blacksludge
INFO     
INFO     Turn: 9
INFO     Sampling battle 0
INFO     	    arceuswater    multitype  splashplate [calmmind, icebeam, judgment, recover] ttype=steel
INFO     	       leavanny        swarm heavydutyboots [knockoff, leafblade, lunge, stickyweb] ttype=rock
INFO     	typhlosionhisui        blaze  choicespecs [eruption, fireblast, focusblast, shadowball] ttype=fire
INFO     Sampling 2 unrevealed pokemon
INFO     	        shaymin  naturalcure    leftovers [airslash, earthpower, seedflare, synthesis] ttype=steel
INFO     	       vivillon compoundeyes heavydutyboots [bugbuzz, hurricane, quiverdance, sleeppowder] ttype=steel
INFO     Sampling battle 1
INFO     	    arceuswater    multitype  splashplate [calmmind, icebeam, judgment, recover] ttype=steel
INFO     	       leavanny  chlorophyll   loadeddice [bulletseed, knockoff, stickyweb, tripleaxel] ttype=ghost
INFO     	typhlosionhisui        blaze  choicespecs [eruption, fireblast, focusblast, shadowball] ttype=fire
INFO     Sampling 2 unrevealed pokemon
INFO     	         rhydon lightningrod     eviolite [earthquake, megahorn, stoneedge, swordsdance] ttype=grass
INFO     	    oricoriopau       dancer heavydutyboots [hurricane, quiverdance, revelationdance, roost] ttype=fighting
INFO     Initializing per-node neural priors callback (Abra model)...
INFO     Neural callback already initialized
INFO     Per-node neural priors enabled
INFO     Searching for a move using PUCT MCTS with neural priors...
INFO     Sampling 2 battles at 500ms each
INFO     Computing neural priors for all battles...
INFO     Initialized StateTranslator with TeamPreviewObservationSpace
INFO     Initializing LocalPolicyProvider with model: Abra
INFO     Loading pretrained Abra model...
INFO     CUDA not available - overriding FlashAttention with VanillaAttention
[91mWarning: Using unofficial VanillaAttention implementation[0m


 		 AMAGO v3.1
            	 -------------------------
            	 Agent: MultiTaskAgent
            		 Max Sequence Length: 200
            		 TstepEncoder Type: MetamonTstepEncoder
            		 TrajEncoder Type: TformerTrajEncoder
            		 Total Parameters: 57,535,116
            		 Offline Loss Weight: 1.0
            		 Online Loss Weight: 0.0
            		 Mixed Precision: NO
            		 Checkpoint Path: /Users/yadureddy/Documents/GitHub/clean/pokeagent_ac_mcts/.metamon_cache/pretrained_models/models--jakegrigsby--metamon/snapshots/c5d1cb9abb6747066a325228845a5a8af3d12139/abra/abra/ckpts
            	 Environment:
            		 DummyAsyncVectorEnv(Gym Env x 1)
            		 Exploration Type: None
            	 Dataset: DoNothingDataset
            	 Accelerate Processes: 1 


INFO     Successfully loaded Abra model
ERROR    Error translating battle to observation: 
WARNING  Failed to get priors for battle: 
ERROR    Error translating battle to observation: 
WARNING  Failed to get priors for battle: 
INFO     Successfully computed neural priors for 0/2 battles
INFO     Using PUCT-guided move selection (priors integrated during search)...
INFO     Policy 0: psychic visited 46.21% avg_score=0.208 sample_chance_multiplier=0.5
INFO     Policy 1: psychic visited 30.64% avg_score=0.203 sample_chance_multiplier=0.5
INFO     Considered Choices:
INFO     	38.427%: psychic
INFO     Choice: psychic
INFO     Updated arceuswater's max speed to 277
INFO     mesprit already has the move psychic. Decrementing the PP by 1
INFO     mesprit used a psychic move, removing psychicgem from possible items
INFO     Setting mesprit's last used move: psychic
INFO     mesprit used a damaging move - not guessing lifeorb anymore
INFO     mesprit did 24.0% damage to arceuswater with psychic
INFO     arceuswater already has the move calmmind. Decrementing the PP by 1
INFO     arceuswater used two different moves - it cannot have a choice item
INFO     arceuswater using calmmind makes it unlikely to have a choice item. Setting can_have_choice_item to False
INFO     arceuswater used a status-move. Adding `assaultvest` to impossible items
INFO     Setting arceuswater's last used move: calmmind
INFO     arceuswater's special-attack was boosted by 1 to 2
INFO     arceuswater's special-defense was boosted by 1 to 2
INFO     arceuswater has less than maxhp during upkeep, no longer guessing leftovers or blacksludge
INFO     
INFO     Turn: 10
INFO     Sampling battle 0
INFO     	    arceuswater    multitype  splashplate [calmmind, icebeam, judgment, recover] ttype=steel
INFO     	       leavanny        swarm heavydutyboots [knockoff, leafblade, lunge, stickyweb] ttype=ghost
INFO     	typhlosionhisui        blaze  choicespecs [eruption, fireblast, focusblast, shadowball] ttype=fire
INFO     Sampling 2 unrevealed pokemon
INFO     	       clefable      unaware    leftovers [knockoff, moonblast, moonlight, thunderwave] ttype=steel
INFO     	       froslass   cursedbody     widelens [destinybond, poltergeist, taunt, tripleaxel] ttype=ghost
INFO     Sampling battle 1
INFO     	    arceuswater    multitype  splashplate [calmmind, icebeam, judgment, recover] ttype=steel
INFO     	       leavanny  chlorophyll   loadeddice [bulletseed, knockoff, stickyweb, tripleaxel] ttype=ghost
INFO     	typhlosionhisui        blaze  choicespecs [eruption, fireblast, focusblast, shadowball] ttype=fire
INFO     Sampling 2 unrevealed pokemon
INFO     	        scrafty     shedskin    leftovers [bulkup, drainpunch, knockoff, rest] ttype=poison
INFO     	       slowking  regenerator    leftovers [psychicnoise, scald, slackoff, thunderwave] ttype=fairy
INFO     Initializing per-node neural priors callback (Abra model)...
INFO     Neural callback already initialized
INFO     Per-node neural priors enabled
INFO     Searching for a move using PUCT MCTS with neural priors...
INFO     Sampling 2 battles at 500ms each
INFO     Computing neural priors for all battles...
INFO     Initialized StateTranslator with TeamPreviewObservationSpace
INFO     Initializing LocalPolicyProvider with model: Abra
INFO     Loading pretrained Abra model...
INFO     CUDA not available - overriding FlashAttention with VanillaAttention
[91mWarning: Using unofficial VanillaAttention implementation[0m


 		 AMAGO v3.1
            	 -------------------------
            	 Agent: MultiTaskAgent
            		 Max Sequence Length: 200
            		 TstepEncoder Type: MetamonTstepEncoder
            		 TrajEncoder Type: TformerTrajEncoder
            		 Total Parameters: 57,535,116
            		 Offline Loss Weight: 1.0
            		 Online Loss Weight: 0.0
            		 Mixed Precision: NO
            		 Checkpoint Path: /Users/yadureddy/Documents/GitHub/clean/pokeagent_ac_mcts/.metamon_cache/pretrained_models/models--jakegrigsby--metamon/snapshots/c5d1cb9abb6747066a325228845a5a8af3d12139/abra/abra/ckpts
            	 Environment:
            		 DummyAsyncVectorEnv(Gym Env x 1)
            		 Exploration Type: None
            	 Dataset: DoNothingDataset
            	 Accelerate Processes: 1 


INFO     Successfully loaded Abra model
ERROR    Error translating battle to observation: 
WARNING  Failed to get priors for battle: 
ERROR    Error translating battle to observation: 
WARNING  Failed to get priors for battle: 
INFO     Successfully computed neural priors for 0/2 battles
INFO     Using PUCT-guided move selection (priors integrated during search)...
INFO     Policy 0: psychic visited 68.1% avg_score=0.183 sample_chance_multiplier=0.5
INFO     Policy 1: psychic visited 65.14% avg_score=0.18 sample_chance_multiplier=0.5
INFO     Considered Choices:
INFO     	66.616%: psychic
INFO     Choice: psychic
INFO     Updated arceuswater's max speed to 277
INFO     mesprit already has the move psychic. Decrementing the PP by 1
INFO     mesprit used a psychic move, removing psychicgem from possible items
INFO     Setting mesprit's last used move: psychic
INFO     mesprit used a damaging move - not guessing lifeorb anymore
INFO     mesprit did 17.0% damage to arceuswater with psychic
INFO     arceuswater's special-defense was unboosted by 1 to 1
INFO     arceuswater already has the move recover. Decrementing the PP by 1
INFO     arceuswater used two different moves - it cannot have a choice item
INFO     arceuswater using recover makes it unlikely to have a choice item. Setting can_have_choice_item to False
INFO     arceuswater used a status-move. Adding `assaultvest` to impossible items
INFO     Setting arceuswater's last used move: recover
INFO     
INFO     Turn: 11
INFO     Sampling battle 0
INFO     	    arceuswater    multitype  splashplate [calmmind, icebeam, judgment, recover] ttype=steel
INFO     	       leavanny  chlorophyll   loadeddice [bulletseed, knockoff, stickyweb, tripleaxel] ttype=rock
INFO     	typhlosionhisui        blaze  choicespecs [eruption, fireblast, focusblast, shadowball] ttype=fire
INFO     Sampling 2 unrevealed pokemon
INFO     	      regidrago   dragonsmaw  choicescarf [dracometeor, dragonenergy, earthquake, outrage] ttype=dragon
INFO     	     feraligatr   sheerforce      lifeorb [dragondance, icepunch, liquidation, trailblaze] ttype=water
INFO     Sampling battle 1
INFO     	    arceuswater    multitype  splashplate [calmmind, icebeam, judgment, recover] ttype=steel
INFO     	       leavanny  chlorophyll   loadeddice [bulletseed, knockoff, stickyweb, tripleaxel] ttype=rock
INFO     	typhlosionhisui        blaze  choicespecs [eruption, fireblast, focusblast, shadowball] ttype=fire
INFO     Sampling 2 unrevealed pokemon
INFO     	        carbink    clearbody  chestoberry [bodypress, irondefense, moonblast, rest] ttype=fighting
INFO     	       basculin adaptability   choiceband [aquajet, doubleedge, flipturn, wavecrash] ttype=water
INFO     Initializing per-node neural priors callback (Abra model)...
INFO     Neural callback already initialized
INFO     Per-node neural priors enabled
INFO     Searching for a move using PUCT MCTS with neural priors...
INFO     Sampling 2 battles at 500ms each
INFO     Computing neural priors for all battles...
INFO     Initialized StateTranslator with TeamPreviewObservationSpace
INFO     Initializing LocalPolicyProvider with model: Abra
INFO     Loading pretrained Abra model...
INFO     CUDA not available - overriding FlashAttention with VanillaAttention
[91mWarning: Using unofficial VanillaAttention implementation[0m


 		 AMAGO v3.1
            	 -------------------------
            	 Agent: MultiTaskAgent
            		 Max Sequence Length: 200
            		 TstepEncoder Type: MetamonTstepEncoder
            		 TrajEncoder Type: TformerTrajEncoder
            		 Total Parameters: 57,535,116
            		 Offline Loss Weight: 1.0
            		 Online Loss Weight: 0.0
            		 Mixed Precision: NO
            		 Checkpoint Path: /Users/yadureddy/Documents/GitHub/clean/pokeagent_ac_mcts/.metamon_cache/pretrained_models/models--jakegrigsby--metamon/snapshots/c5d1cb9abb6747066a325228845a5a8af3d12139/abra/abra/ckpts
            	 Environment:
            		 DummyAsyncVectorEnv(Gym Env x 1)
            		 Exploration Type: None
            	 Dataset: DoNothingDataset
            	 Accelerate Processes: 1 


INFO     Successfully loaded Abra model
ERROR    Error translating battle to observation: 
WARNING  Failed to get priors for battle: 
ERROR    Error translating battle to observation: 
WARNING  Failed to get priors for battle: 
INFO     Successfully computed neural priors for 0/2 battles
INFO     Using PUCT-guided move selection (priors integrated during search)...
INFO     Policy 0: psychic visited 63.44% avg_score=0.173 sample_chance_multiplier=0.5
INFO     Policy 1: psychic visited 66.39% avg_score=0.175 sample_chance_multiplier=0.5
INFO     Considered Choices:
INFO     	64.911%: psychic
INFO     Choice: psychic
INFO     Updated arceuswater's max speed to 277
INFO     mesprit already has the move psychic. Decrementing the PP by 1
INFO     mesprit used a psychic move, removing psychicgem from possible items
INFO     Setting mesprit's last used move: psychic
INFO     mesprit used a damaging move - not guessing lifeorb anymore
INFO     mesprit did 22.0% damage to arceuswater with psychic
INFO     arceuswater used two different moves - it cannot have a choice item
INFO     arceuswater used a normal move, removing normalgem from possible items
INFO     Setting arceuswater's last used move: judgment
INFO     arceuswater used a damaging move - not guessing lifeorb anymore
INFO     arceuswater did 14.180000000000001% damage to mesprit with judgment
INFO     arceuswater has less than maxhp during upkeep, no longer guessing leftovers or blacksludge
INFO     Sampling battle 0
INFO     	    arceuswater    multitype  splashplate [calmmind, icebeam, judgment, recover] ttype=steel
INFO     	       leavanny  chlorophyll   loadeddice [bulletseed, knockoff, stickyweb, tripleaxel] ttype=ghost
INFO     	typhlosionhisui        blaze  choicespecs [eruption, fireblast, focusblast, shadowball] ttype=fire
INFO     Sampling 2 unrevealed pokemon
INFO     	       drifblim    aftermath heavydutyboots [airslash, defog, shadowball, strengthsap] ttype=ghost
INFO     	       ursaluna         guts     flameorb [facade, headlongrush, throatchop, trailblaze] ttype=normal
INFO     Sampling battle 1
INFO     	    arceuswater    multitype  splashplate [calmmind, icebeam, judgment, recover] ttype=steel
INFO     	       leavanny        swarm    focussash [knockoff, leafblade, lunge, stickyweb] ttype=ghost
INFO     	typhlosionhisui        blaze  choicespecs [eruption, fireblast, focusblast, shadowball] ttype=fire
INFO     Sampling 2 unrevealed pokemon
INFO     	     tentacruel   liquidooze    leftovers [flipturn, sludgebomb, surf, toxicspikes] ttype=flying
INFO     	        urshifu   unseenfist   choiceband [closecombat, poisonjab, uturn, wickedblow] ttype=fighting
INFO     Initializing per-node neural priors callback (Abra model)...
INFO     Neural callback already initialized
INFO     Per-node neural priors enabled
INFO     Searching for a move using PUCT MCTS with neural priors...
INFO     Sampling 2 battles at 500ms each
INFO     Computing neural priors for all battles...
INFO     Initialized StateTranslator with TeamPreviewObservationSpace
INFO     Initializing LocalPolicyProvider with model: Abra
INFO     Loading pretrained Abra model...
INFO     CUDA not available - overriding FlashAttention with VanillaAttention
[91mWarning: Using unofficial VanillaAttention implementation[0m


 		 AMAGO v3.1
            	 -------------------------
            	 Agent: MultiTaskAgent
            		 Max Sequence Length: 200
            		 TstepEncoder Type: MetamonTstepEncoder
            		 TrajEncoder Type: TformerTrajEncoder
            		 Total Parameters: 57,535,116
            		 Offline Loss Weight: 1.0
            		 Online Loss Weight: 0.0
            		 Mixed Precision: NO
            		 Checkpoint Path: /Users/yadureddy/Documents/GitHub/clean/pokeagent_ac_mcts/.metamon_cache/pretrained_models/models--jakegrigsby--metamon/snapshots/c5d1cb9abb6747066a325228845a5a8af3d12139/abra/abra/ckpts
            	 Environment:
            		 DummyAsyncVectorEnv(Gym Env x 1)
            		 Exploration Type: None
            	 Dataset: DoNothingDataset
            	 Accelerate Processes: 1 


INFO     Successfully loaded Abra model
ERROR    Error translating battle to observation: 
WARNING  Failed to get priors for battle: 
ERROR    Error translating battle to observation: 
WARNING  Failed to get priors for battle: 
INFO     Successfully computed neural priors for 0/2 battles
INFO     Using PUCT-guided move selection (priors integrated during search)...
INFO     Policy 0: switch dunsparce visited 53.17% avg_score=0.194 sample_chance_multiplier=0.5
INFO     Policy 1: switch banette visited 30.87% avg_score=0.188 sample_chance_multiplier=0.5
INFO     Considered Choices:
INFO     	35.65%: switch dunsparce
INFO     Choice: switch dunsparce
INFO     dunsparce switched in, adding intimidate to impossible abilities
INFO     dunsparce switched in, adding pressure to impossible abilities
INFO     dunsparce switched in, adding neutralizinggas to impossible abilities
INFO     dunsparce switched in, adding sandstream to impossible abilities
INFO     dunsparce switched in, adding drought to impossible abilities
INFO     dunsparce switched in, adding drizzle to impossible abilities
INFO     dunsparce switched in, adding snowwarning to impossible abilities
INFO     dunsparce switched in, adding boosterenergy to impossible items
INFO     dunsparce switched in, adding airballoon to impossible items
INFO     dunsparce's speed was unboosted by 1 to -1
INFO     
INFO     Turn: 12
INFO     Sampling battle 0
INFO     	    arceuswater    multitype  splashplate [calmmind, icebeam, judgment, recover] ttype=steel
INFO     	       leavanny        swarm    focussash [knockoff, leafblade, lunge, stickyweb] ttype=rock
INFO     	typhlosionhisui        blaze  choicespecs [eruption, fireblast, focusblast, shadowball] ttype=fire
INFO     Sampling 2 unrevealed pokemon
INFO     	landorustherian   intimidate    leftovers [earthquake, stoneedge, taunt, uturn] ttype=water
INFO     	       giratina     pressure    leftovers [defog, dragontail, rest, shadowball] ttype=fairy
INFO     Sampling battle 1
INFO     	    arceuswater    multitype  splashplate [calmmind, icebeam, judgment, recover] ttype=steel
INFO     	       leavanny  chlorophyll   loadeddice [bulletseed, knockoff, stickyweb, tripleaxel] ttype=rock
INFO     	typhlosionhisui        blaze  choicespecs [eruption, fireblast, focusblast, shadowball] ttype=fire
INFO     Sampling 2 unrevealed pokemon
INFO     	 arceusfighting    multitype    fistplate [bodypress, cosmicpower, recover, storedpower] ttype=steel
INFO     	     perrserker steelyspirit   choiceband [closecombat, ironhead, knockoff, uturn] ttype=steel
INFO     Initializing per-node neural priors callback (Abra model)...
INFO     Neural callback already initialized
INFO     Per-node neural priors enabled
INFO     Searching for a move using PUCT MCTS with neural priors...
INFO     Sampling 2 battles at 500ms each
INFO     Computing neural priors for all battles...
INFO     Initialized StateTranslator with TeamPreviewObservationSpace
INFO     Initializing LocalPolicyProvider with model: Abra
INFO     Loading pretrained Abra model...
INFO     CUDA not available - overriding FlashAttention with VanillaAttention
[91mWarning: Using unofficial VanillaAttention implementation[0m


 		 AMAGO v3.1
            	 -------------------------
            	 Agent: MultiTaskAgent
            		 Max Sequence Length: 200
            		 TstepEncoder Type: MetamonTstepEncoder
            		 TrajEncoder Type: TformerTrajEncoder
            		 Total Parameters: 57,535,116
            		 Offline Loss Weight: 1.0
            		 Online Loss Weight: 0.0
            		 Mixed Precision: NO
            		 Checkpoint Path: /Users/yadureddy/Documents/GitHub/clean/pokeagent_ac_mcts/.metamon_cache/pretrained_models/models--jakegrigsby--metamon/snapshots/c5d1cb9abb6747066a325228845a5a8af3d12139/abra/abra/ckpts
            	 Environment:
            		 DummyAsyncVectorEnv(Gym Env x 1)
            		 Exploration Type: None
            	 Dataset: DoNothingDataset
            	 Accelerate Processes: 1 


INFO     Successfully loaded Abra model
ERROR    Error translating battle to observation: 
WARNING  Failed to get priors for battle: 
ERROR    Error translating battle to observation: 
WARNING  Failed to get priors for battle: 
INFO     Successfully computed neural priors for 0/2 battles
INFO     Using PUCT-guided move selection (priors integrated during search)...
INFO     Policy 0: bodyslam visited 77.22% avg_score=0.23 sample_chance_multiplier=0.5
INFO     Policy 1: bodyslam visited 26.82% avg_score=0.199 sample_chance_multiplier=0.5
INFO     Considered Choices:
INFO     	52.022%: bodyslam
INFO     Choice: bodyslam
INFO     Updated arceuswater's min speed to 118
INFO     arceuswater already has the move judgment. Decrementing the PP by 1
INFO     arceuswater used a normal move, removing normalgem from possible items
INFO     Setting arceuswater's last used move: judgment
INFO     arceuswater used a damaging move - not guessing lifeorb anymore
INFO     arceuswater did 51.92% damage to dunsparce with judgment
INFO     dunsparce already has the move bodyslam. Decrementing the PP by 1
INFO     dunsparce used a normal move, removing normalgem from possible items
INFO     Setting dunsparce's last used move: bodyslam
INFO     dunsparce used a damaging move - not guessing lifeorb anymore
INFO     dunsparce did 26.0% damage to arceuswater with bodyslam
INFO     arceuswater has less than maxhp during upkeep, no longer guessing leftovers or blacksludge
INFO     
INFO     Turn: 13
INFO     Sampling battle 0
INFO     	    arceuswater    multitype  splashplate [calmmind, icebeam, judgment, recover] ttype=steel
INFO     	       leavanny  chlorophyll   loadeddice [bulletseed, knockoff, stickyweb, tripleaxel] ttype=rock
INFO     	typhlosionhisui        blaze  choicespecs [eruption, fireblast, focusblast, shadowball] ttype=fire
INFO     Sampling 2 unrevealed pokemon
INFO     	       swampert      torrent    leftovers [earthquake, flipturn, knockoff, roar] ttype=steel
INFO     	    kyuremwhite   turboblaze  choicespecs [dracometeor, freezedry, fusionflare, icebeam] ttype=dragon
INFO     Sampling battle 1
INFO     	    arceuswater    multitype  splashplate [calmmind, icebeam, judgment, recover] ttype=steel
INFO     	       leavanny  chlorophyll   loadeddice [bulletseed, knockoff, stickyweb, tripleaxel] ttype=rock
INFO     	typhlosionhisui        blaze  choicespecs [eruption, fireblast, focusblast, shadowball] ttype=fire
INFO     Sampling 2 unrevealed pokemon
INFO     	      excadrill  moldbreaker    leftovers [earthquake, ironhead, rapidspin, swordsdance] ttype=ground
INFO     	       swampert      torrent    leftovers [earthquake, flipturn, roar, stealthrock] ttype=poison
INFO     Initializing per-node neural priors callback (Abra model)...
INFO     Neural callback already initialized
INFO     Per-node neural priors enabled
INFO     Searching for a move using PUCT MCTS with neural priors...
INFO     Sampling 2 battles at 500ms each
INFO     Computing neural priors for all battles...
INFO     Initialized StateTranslator with TeamPreviewObservationSpace
INFO     Initializing LocalPolicyProvider with model: Abra
INFO     Loading pretrained Abra model...
INFO     CUDA not available - overriding FlashAttention with VanillaAttention
[91mWarning: Using unofficial VanillaAttention implementation[0m


 		 AMAGO v3.1
            	 -------------------------
            	 Agent: MultiTaskAgent
            		 Max Sequence Length: 200
            		 TstepEncoder Type: MetamonTstepEncoder
            		 TrajEncoder Type: TformerTrajEncoder
            		 Total Parameters: 57,535,116
            		 Offline Loss Weight: 1.0
            		 Online Loss Weight: 0.0
            		 Mixed Precision: NO
            		 Checkpoint Path: /Users/yadureddy/Documents/GitHub/clean/pokeagent_ac_mcts/.metamon_cache/pretrained_models/models--jakegrigsby--metamon/snapshots/c5d1cb9abb6747066a325228845a5a8af3d12139/abra/abra/ckpts
            	 Environment:
            		 DummyAsyncVectorEnv(Gym Env x 1)
            		 Exploration Type: None
            	 Dataset: DoNothingDataset
            	 Accelerate Processes: 1 


INFO     Successfully loaded Abra model
ERROR    Error translating battle to observation: 
WARNING  Failed to get priors for battle: 
ERROR    Error translating battle to observation: 
WARNING  Failed to get priors for battle: 
INFO     Successfully computed neural priors for 0/2 battles
INFO     Using PUCT-guided move selection (priors integrated during search)...
INFO     Policy 0: switch kommoo visited 32.05% avg_score=0.184 sample_chance_multiplier=0.5
INFO     Policy 1: switch kommoo visited 33.12% avg_score=0.182 sample_chance_multiplier=0.5
INFO     Considered Choices:
INFO     	32.587%: switch kommoo
INFO     Choice: switch kommoo
INFO     kommoo's speed was unboosted by 1 to -1
INFO     arceuswater already has the move judgment. Decrementing the PP by 1
INFO     arceuswater used a normal move, removing normalgem from possible items
INFO     Setting arceuswater's last used move: judgment
INFO     arceuswater used a damaging move - not guessing lifeorb anymore
INFO     arceuswater did 40.0% damage to kommoo with judgment
INFO     arceuswater has less than maxhp during upkeep, no longer guessing leftovers or blacksludge
INFO     
INFO     Turn: 14
INFO     Sampling battle 0
INFO     	    arceuswater    multitype  splashplate [calmmind, icebeam, judgment, recover] ttype=steel
INFO     	       leavanny  chlorophyll   loadeddice [bulletseed, knockoff, stickyweb, tripleaxel] ttype=rock
INFO     	typhlosionhisui        blaze  choicespecs [eruption, fireblast, focusblast, shadowball] ttype=fire
INFO     Sampling 2 unrevealed pokemon
INFO     	         zacian intrepidsword      lifeorb [closecombat, crunch, playrough, swordsdance] ttype=fighting
INFO     	    arceusfairy    multitype   pixieplate [calmmind, earthpower, judgment, recover] ttype=ground
INFO     Sampling battle 1
INFO     	    arceuswater    multitype  splashplate [calmmind, icebeam, judgment, recover] ttype=steel
INFO     	       leavanny  chlorophyll   loadeddice [bulletseed, knockoff, stickyweb, tripleaxel] ttype=rock
INFO     	typhlosionhisui        blaze  choicespecs [eruption, fireblast, focusblast, shadowball] ttype=fire
INFO     Sampling 2 unrevealed pokemon
INFO     	   crabominable     ironfist   choiceband [closecombat, gunkshot, icehammer, knockoff] ttype=fighting
WARNING  steel is not a known move
INFO     	          ditto     imposter  choicescarf [transform]
INFO     Initializing per-node neural priors callback (Abra model)...
INFO     Neural callback already initialized
INFO     Per-node neural priors enabled
INFO     Searching for a move using PUCT MCTS with neural priors...
INFO     Sampling 2 battles at 500ms each
INFO     Computing neural priors for all battles...
INFO     Initialized StateTranslator with TeamPreviewObservationSpace
INFO     Initializing LocalPolicyProvider with model: Abra
INFO     Loading pretrained Abra model...
INFO     CUDA not available - overriding FlashAttention with VanillaAttention
[91mWarning: Using unofficial VanillaAttention implementation[0m


 		 AMAGO v3.1
            	 -------------------------
            	 Agent: MultiTaskAgent
            		 Max Sequence Length: 200
            		 TstepEncoder Type: MetamonTstepEncoder
            		 TrajEncoder Type: TformerTrajEncoder
            		 Total Parameters: 57,535,116
            		 Offline Loss Weight: 1.0
            		 Online Loss Weight: 0.0
            		 Mixed Precision: NO
            		 Checkpoint Path: /Users/yadureddy/Documents/GitHub/clean/pokeagent_ac_mcts/.metamon_cache/pretrained_models/models--jakegrigsby--metamon/snapshots/c5d1cb9abb6747066a325228845a5a8af3d12139/abra/abra/ckpts
            	 Environment:
            		 DummyAsyncVectorEnv(Gym Env x 1)
            		 Exploration Type: None
            	 Dataset: DoNothingDataset
            	 Accelerate Processes: 1 


INFO     Successfully loaded Abra model
ERROR    Error translating battle to observation: 
WARNING  Failed to get priors for battle: 
ERROR    Error translating battle to observation: 
WARNING  Failed to get priors for battle: 
INFO     Successfully computed neural priors for 0/2 battles
INFO     Using PUCT-guided move selection (priors integrated during search)...
INFO     Policy 0: clangoroussoul visited 21.9% avg_score=0.197 sample_chance_multiplier=0.5
INFO     Policy 1: clangoroussoul visited 24.7% avg_score=0.205 sample_chance_multiplier=0.5
INFO     Considered Choices:
INFO     	23.302%: clangoroussoul
INFO     	21.225%: boomburst
INFO     	19.194%: closecombat
INFO     	18.822%: clangingscales
INFO     Choice: clangingscales
INFO     Updated arceuswater's min speed to 118
INFO     arceuswater already has the move judgment. Decrementing the PP by 1
INFO     arceuswater used a normal move, removing normalgem from possible items
INFO     Setting arceuswater's last used move: judgment
INFO     arceuswater used a damaging move - not guessing lifeorb anymore
INFO     arceuswater did 2.04% damage to kommoo with judgment
INFO     arceuswater has less than maxhp during upkeep, no longer guessing leftovers or blacksludge
INFO     Sampling battle 0
INFO     	    arceuswater    multitype  splashplate [calmmind, icebeam, judgment, recover] ttype=steel
INFO     	       leavanny        swarm heavydutyboots [knockoff, leafblade, lunge, stickyweb] ttype=ghost
INFO     	typhlosionhisui        blaze  choicespecs [eruption, fireblast, focusblast, shadowball] ttype=fire
INFO     Sampling 2 unrevealed pokemon
INFO     	        falinks      defiant      lifeorb [closecombat, ironhead, knockoff, noretreat] ttype=dark
INFO     	         latias     levitate      souldew [calmmind, dracometeor, psyshock, recover] ttype=steel
INFO     Sampling battle 1
INFO     	    arceuswater    multitype  splashplate [calmmind, icebeam, judgment, recover] ttype=steel
INFO     	       leavanny  chlorophyll   loadeddice [bulletseed, knockoff, stickyweb, tripleaxel] ttype=rock
INFO     	typhlosionhisui        blaze  choicespecs [eruption, fireblast, focusblast, shadowball] ttype=fire
INFO     Sampling 2 unrevealed pokemon
INFO     	taurospaldeacombat   intimidate      lifeorb [bulkup, closecombat, ironhead, throatchop] ttype=dark
INFO     	         zacian intrepidsword   choiceband [closecombat, crunch, playrough, wildcharge] ttype=fighting
INFO     Initializing per-node neural priors callback (Abra model)...
INFO     Neural callback already initialized
INFO     Per-node neural priors enabled
INFO     Searching for a move using PUCT MCTS with neural priors...
INFO     Sampling 2 battles at 500ms each
INFO     Computing neural priors for all battles...
INFO     Initialized StateTranslator with TeamPreviewObservationSpace
INFO     Initializing LocalPolicyProvider with model: Abra
INFO     Loading pretrained Abra model...
INFO     CUDA not available - overriding FlashAttention with VanillaAttention
[91mWarning: Using unofficial VanillaAttention implementation[0m


 		 AMAGO v3.1
            	 -------------------------
            	 Agent: MultiTaskAgent
            		 Max Sequence Length: 200
            		 TstepEncoder Type: MetamonTstepEncoder
            		 TrajEncoder Type: TformerTrajEncoder
            		 Total Parameters: 57,535,116
            		 Offline Loss Weight: 1.0
            		 Online Loss Weight: 0.0
            		 Mixed Precision: NO
            		 Checkpoint Path: /Users/yadureddy/Documents/GitHub/clean/pokeagent_ac_mcts/.metamon_cache/pretrained_models/models--jakegrigsby--metamon/snapshots/c5d1cb9abb6747066a325228845a5a8af3d12139/abra/abra/ckpts
            	 Environment:
            		 DummyAsyncVectorEnv(Gym Env x 1)
            		 Exploration Type: None
            	 Dataset: DoNothingDataset
            	 Accelerate Processes: 1 


INFO     Successfully loaded Abra model
ERROR    Error translating battle to observation: 
WARNING  Failed to get priors for battle: 
ERROR    Error translating battle to observation: 
WARNING  Failed to get priors for battle: 
INFO     Successfully computed neural priors for 0/2 battles
INFO     Using PUCT-guided move selection (priors integrated during search)...
INFO     Policy 0: switch banette visited 58.63% avg_score=0.148 sample_chance_multiplier=0.5
INFO     Policy 1: switch banette visited 79.21% avg_score=0.162 sample_chance_multiplier=0.5
INFO     Considered Choices:
INFO     	68.922%: switch banette
INFO     Choice: switch banette
INFO     banette switched in, adding intimidate to impossible abilities
INFO     banette switched in, adding pressure to impossible abilities
INFO     banette switched in, adding neutralizinggas to impossible abilities
INFO     banette switched in, adding sandstream to impossible abilities
INFO     banette switched in, adding drought to impossible abilities
INFO     banette switched in, adding drizzle to impossible abilities
INFO     banette switched in, adding snowwarning to impossible abilities
INFO     banette switched in, adding boosterenergy to impossible items
INFO     banette switched in, adding airballoon to impossible items
INFO     banette's speed was unboosted by 1 to -1
INFO     
INFO     Turn: 15
INFO     Sampling battle 0
INFO     	    arceuswater    multitype  splashplate [calmmind, icebeam, judgment, recover] ttype=steel
INFO     	       leavanny  chlorophyll   loadeddice [bulletseed, knockoff, stickyweb, tripleaxel] ttype=ghost
INFO     	typhlosionhisui        blaze  choicespecs [eruption, fireblast, focusblast, shadowball] ttype=fire
INFO     Sampling 2 unrevealed pokemon
INFO     	          minun   voltabsorb      lifeorb [alluringvoice, grassknot, nastyplot, thunderbolt] ttype=electric
INFO     	       giratina     pressure    leftovers [dragontail, rest, shadowball, willowisp] ttype=fairy
INFO     Sampling battle 1
INFO     	    arceuswater    multitype  splashplate [calmmind, icebeam, judgment, recover] ttype=steel
INFO     	       leavanny  chlorophyll   loadeddice [bulletseed, knockoff, stickyweb, tripleaxel] ttype=ghost
INFO     	typhlosionhisui        blaze  choicespecs [eruption, fireblast, focusblast, shadowball] ttype=fire
INFO     Sampling 2 unrevealed pokemon
INFO     	       articuno     pressure heavydutyboots [bravebird, freezedry, haze, roost] ttype=ground
INFO     	      sandslash     sandrush    leftovers [earthquake, knockoff, rapidspin, spikes] ttype=water
INFO     Initializing per-node neural priors callback (Abra model)...
INFO     Neural callback already initialized
INFO     Per-node neural priors enabled
INFO     Searching for a move using PUCT MCTS with neural priors...
INFO     Sampling 2 battles at 500ms each
INFO     Computing neural priors for all battles...
INFO     Initialized StateTranslator with TeamPreviewObservationSpace
INFO     Initializing LocalPolicyProvider with model: Abra
INFO     Loading pretrained Abra model...
INFO     CUDA not available - overriding FlashAttention with VanillaAttention
[91mWarning: Using unofficial VanillaAttention implementation[0m


 		 AMAGO v3.1
            	 -------------------------
            	 Agent: MultiTaskAgent
            		 Max Sequence Length: 200
            		 TstepEncoder Type: MetamonTstepEncoder
            		 TrajEncoder Type: TformerTrajEncoder
            		 Total Parameters: 57,535,116
            		 Offline Loss Weight: 1.0
            		 Online Loss Weight: 0.0
            		 Mixed Precision: NO
            		 Checkpoint Path: /Users/yadureddy/Documents/GitHub/clean/pokeagent_ac_mcts/.metamon_cache/pretrained_models/models--jakegrigsby--metamon/snapshots/c5d1cb9abb6747066a325228845a5a8af3d12139/abra/abra/ckpts
            	 Environment:
            		 DummyAsyncVectorEnv(Gym Env x 1)
            		 Exploration Type: None
            	 Dataset: DoNothingDataset
            	 Accelerate Processes: 1 


INFO     Successfully loaded Abra model
ERROR    Error translating battle to observation: 
WARNING  Failed to get priors for battle: 
ERROR    Error translating battle to observation: 
WARNING  Failed to get priors for battle: 
INFO     Successfully computed neural priors for 0/2 battles
INFO     Using PUCT-guided move selection (priors integrated during search)...
INFO     Policy 0: gunkshot visited 46.89% avg_score=0.209 sample_chance_multiplier=0.5
INFO     Policy 1: gunkshot visited 44.99% avg_score=0.191 sample_chance_multiplier=0.5
INFO     Considered Choices:
INFO     	45.941%: gunkshot
INFO     Choice: gunkshot
INFO     Updated arceuswater's min speed to 118
INFO     arceuswater already has the move recover. Decrementing the PP by 1
INFO     arceuswater used two different moves - it cannot have a choice item
INFO     arceuswater using recover makes it unlikely to have a choice item. Setting can_have_choice_item to False
INFO     arceuswater used a status-move. Adding `assaultvest` to impossible items
INFO     Setting arceuswater's last used move: recover
INFO     banette already has the move gunkshot. Decrementing the PP by 1
INFO     banette used a poison move, removing poisongem from possible items
INFO     Setting banette's last used move: gunkshot
INFO     banette used a damaging move - not guessing lifeorb anymore
INFO     banette did 51.0% damage to arceuswater with gunkshot
INFO     Setting banette's item to: lifeorb
INFO     arceuswater has less than maxhp during upkeep, no longer guessing leftovers or blacksludge
INFO     
INFO     Turn: 16
INFO     Sampling battle 0
INFO     	    arceuswater    multitype  splashplate [calmmind, icebeam, judgment, recover] ttype=steel
INFO     	       leavanny        swarm heavydutyboots [knockoff, leafblade, lunge, stickyweb] ttype=ghost
INFO     	typhlosionhisui        blaze  choicespecs [eruption, fireblast, focusblast, shadowball] ttype=fire
INFO     Sampling 2 unrevealed pokemon
INFO     	      cinderace       libero   choiceband [gunkshot, highjumpkick, pyroball, uturn] ttype=fighting
INFO     	    brutebonnet protosynthesis    leftovers [crunch, seedbomb, spore, suckerpunch] ttype=dark
INFO     Sampling battle 1
INFO     	    arceuswater    multitype  splashplate [calmmind, icebeam, judgment, recover] ttype=steel
INFO     	       leavanny  chlorophyll   loadeddice [bulletseed, knockoff, stickyweb, tripleaxel] ttype=ghost
INFO     	typhlosionhisui        blaze  choicespecs [eruption, fireblast, focusblast, shadowball] ttype=fire
INFO     Sampling 2 unrevealed pokemon
INFO     	      pachirisu   voltabsorb heavydutyboots [discharge, encore, superfang, uturn] ttype=flying
INFO     	       mienshao  regenerator      lifeorb [closecombat, knockoff, swordsdance, tripleaxel] ttype=dark
INFO     Initializing per-node neural priors callback (Abra model)...
INFO     Neural callback already initialized
INFO     Per-node neural priors enabled
INFO     Searching for a move using PUCT MCTS with neural priors...
INFO     Sampling 2 battles at 500ms each
INFO     Computing neural priors for all battles...
INFO     Initialized StateTranslator with TeamPreviewObservationSpace
INFO     Initializing LocalPolicyProvider with model: Abra
INFO     Loading pretrained Abra model...
INFO     CUDA not available - overriding FlashAttention with VanillaAttention
[91mWarning: Using unofficial VanillaAttention implementation[0m


 		 AMAGO v3.1
            	 -------------------------
            	 Agent: MultiTaskAgent
            		 Max Sequence Length: 200
            		 TstepEncoder Type: MetamonTstepEncoder
            		 TrajEncoder Type: TformerTrajEncoder
            		 Total Parameters: 57,535,116
            		 Offline Loss Weight: 1.0
            		 Online Loss Weight: 0.0
            		 Mixed Precision: NO
            		 Checkpoint Path: /Users/yadureddy/Documents/GitHub/clean/pokeagent_ac_mcts/.metamon_cache/pretrained_models/models--jakegrigsby--metamon/snapshots/c5d1cb9abb6747066a325228845a5a8af3d12139/abra/abra/ckpts
            	 Environment:
            		 DummyAsyncVectorEnv(Gym Env x 1)
            		 Exploration Type: None
            	 Dataset: DoNothingDataset
            	 Accelerate Processes: 1 


INFO     Successfully loaded Abra model
ERROR    Error translating battle to observation: 
WARNING  Failed to get priors for battle: 
ERROR    Error translating battle to observation: 
WARNING  Failed to get priors for battle: 
INFO     Successfully computed neural priors for 0/2 battles
INFO     Using PUCT-guided move selection (priors integrated during search)...
INFO     Policy 0: gunkshot visited 36.82% avg_score=0.137 sample_chance_multiplier=0.5
INFO     Policy 1: gunkshot visited 36.52% avg_score=0.138 sample_chance_multiplier=0.5
INFO     Considered Choices:
INFO     	36.67%: gunkshot
INFO     	33.39%: poltergeist
INFO     Choice: poltergeist
INFO     Updated arceuswater's min speed to 118
INFO     arceuswater already has the move judgment. Decrementing the PP by 1
INFO     arceuswater used two different moves - it cannot have a choice item
INFO     arceuswater used a normal move, removing normalgem from possible items
INFO     Setting arceuswater's last used move: judgment
INFO     arceuswater used a damaging move - not guessing lifeorb anymore
INFO     arceuswater did 90.0% damage to banette with judgment
INFO     Starting the volatile status disable on arceuswater
INFO     arceuswater has less than maxhp during upkeep, no longer guessing leftovers or blacksludge
INFO     Sampling battle 0
INFO     	    arceuswater    multitype  splashplate [calmmind, icebeam, judgment, recover] ttype=steel
INFO     	       leavanny        swarm heavydutyboots [knockoff, leafblade, lunge, stickyweb] ttype=ghost
INFO     	typhlosionhisui        blaze  choicespecs [eruption, fireblast, focusblast, shadowball] ttype=fire
INFO     Sampling 2 unrevealed pokemon
INFO     	 arceuselectric    multitype     zapplate [calmmind, icebeam, judgment, recover] ttype=electric
INFO     	       espathra   speedboost    leftovers [calmmind, dazzlinggleam, storedpower, substitute] ttype=fairy
INFO     Sampling battle 1
INFO     	    arceuswater    multitype  splashplate [calmmind, icebeam, judgment, recover] ttype=steel
INFO     	       leavanny  chlorophyll   loadeddice [bulletseed, knockoff, stickyweb, tripleaxel] ttype=ghost
INFO     	typhlosionhisui        blaze  choicespecs [eruption, fireblast, focusblast, shadowball] ttype=fire
INFO     Sampling 2 unrevealed pokemon
INFO     	      cinderace       libero heavydutyboots [courtchange, highjumpkick, pyroball, suckerpunch] ttype=fire
INFO     	      crawdaunt adaptability   choiceband [aquajet, closecombat, crabhammer, knockoff] ttype=fighting
INFO     Initializing per-node neural priors callback (Abra model)...
INFO     Neural callback already initialized
INFO     Per-node neural priors enabled
INFO     Searching for a move using PUCT MCTS with neural priors...
INFO     Sampling 2 battles at 500ms each
INFO     Computing neural priors for all battles...
INFO     Initialized StateTranslator with TeamPreviewObservationSpace
INFO     Initializing LocalPolicyProvider with model: Abra
INFO     Loading pretrained Abra model...
INFO     CUDA not available - overriding FlashAttention with VanillaAttention
[91mWarning: Using unofficial VanillaAttention implementation[0m


 		 AMAGO v3.1
            	 -------------------------
            	 Agent: MultiTaskAgent
            		 Max Sequence Length: 200
            		 TstepEncoder Type: MetamonTstepEncoder
            		 TrajEncoder Type: TformerTrajEncoder
            		 Total Parameters: 57,535,116
            		 Offline Loss Weight: 1.0
            		 Online Loss Weight: 0.0
            		 Mixed Precision: NO
            		 Checkpoint Path: /Users/yadureddy/Documents/GitHub/clean/pokeagent_ac_mcts/.metamon_cache/pretrained_models/models--jakegrigsby--metamon/snapshots/c5d1cb9abb6747066a325228845a5a8af3d12139/abra/abra/ckpts
            	 Environment:
            		 DummyAsyncVectorEnv(Gym Env x 1)
            		 Exploration Type: None
            	 Dataset: DoNothingDataset
            	 Accelerate Processes: 1 


INFO     Successfully loaded Abra model
ERROR    Error translating battle to observation: 
WARNING  Failed to get priors for battle: 
ERROR    Error translating battle to observation: 
WARNING  Failed to get priors for battle: 
INFO     Successfully computed neural priors for 0/2 battles
INFO     Using PUCT-guided move selection (priors integrated during search)...
INFO     Policy 0: switch dunsparce visited 33.39% avg_score=0.042 sample_chance_multiplier=0.5
INFO     Policy 1: switch dunsparce visited 33.37% avg_score=0.04 sample_chance_multiplier=0.5
INFO     Considered Choices:
INFO     	33.381%: switch dunsparce
INFO     	33.341%: switch orthworm
INFO     	33.278%: switch mienshao
INFO     Choice: switch orthworm
INFO     orthworm switched in, adding intimidate to impossible abilities
INFO     orthworm switched in, adding pressure to impossible abilities
INFO     orthworm switched in, adding neutralizinggas to impossible abilities
INFO     orthworm switched in, adding sandstream to impossible abilities
INFO     orthworm switched in, adding drought to impossible abilities
INFO     orthworm switched in, adding drizzle to impossible abilities
INFO     orthworm switched in, adding snowwarning to impossible abilities
INFO     orthworm switched in, adding boosterenergy to impossible items
INFO     orthworm switched in, adding airballoon to impossible items
INFO     orthworm's speed was unboosted by 1 to -1
INFO     
INFO     Turn: 17
INFO     Sampling battle 0
INFO     	    arceuswater    multitype  splashplate [calmmind, icebeam, judgment, recover] ttype=steel
INFO     	       leavanny  chlorophyll   loadeddice [bulletseed, knockoff, stickyweb, tripleaxel] ttype=rock
INFO     	typhlosionhisui        blaze  choicespecs [eruption, fireblast, focusblast, shadowball] ttype=fire
INFO     Sampling 2 unrevealed pokemon
INFO     	      hippowdon   sandstream  rockyhelmet [earthquake, slackoff, stealthrock, whirlwind] ttype=dragon
INFO     	   dialgaorigin     pressure adamantcrystal [dracometeor, dragontail, heavyslam, stealthrock] ttype=steel
INFO     Sampling battle 1
INFO     	    arceuswater    multitype  splashplate [calmmind, icebeam, judgment, recover] ttype=steel
INFO     	       leavanny  chlorophyll   loadeddice [bulletseed, knockoff, stickyweb, tripleaxel] ttype=rock
INFO     	typhlosionhisui        blaze  choicespecs [eruption, fireblast, focusblast, shadowball] ttype=fire
INFO     Sampling 2 unrevealed pokemon
WARNING  steel is not a known move
INFO     	          ditto     imposter  choicescarf [transform]
INFO     	       ursaring    quickfeet     toxicorb [closecombat, crunch, facade, swordsdance] ttype=normal
INFO     Initializing per-node neural priors callback (Abra model)...
INFO     Neural callback already initialized
INFO     Per-node neural priors enabled
INFO     Searching for a move using PUCT MCTS with neural priors...
INFO     Sampling 2 battles at 500ms each
INFO     Computing neural priors for all battles...
INFO     Initialized StateTranslator with TeamPreviewObservationSpace
INFO     Initializing LocalPolicyProvider with model: Abra
INFO     Loading pretrained Abra model...
INFO     CUDA not available - overriding FlashAttention with VanillaAttention
[91mWarning: Using unofficial VanillaAttention implementation[0m


 		 AMAGO v3.1
            	 -------------------------
            	 Agent: MultiTaskAgent
            		 Max Sequence Length: 200
            		 TstepEncoder Type: MetamonTstepEncoder
            		 TrajEncoder Type: TformerTrajEncoder
            		 Total Parameters: 57,535,116
            		 Offline Loss Weight: 1.0
            		 Online Loss Weight: 0.0
            		 Mixed Precision: NO
            		 Checkpoint Path: /Users/yadureddy/Documents/GitHub/clean/pokeagent_ac_mcts/.metamon_cache/pretrained_models/models--jakegrigsby--metamon/snapshots/c5d1cb9abb6747066a325228845a5a8af3d12139/abra/abra/ckpts
            	 Environment:
            		 DummyAsyncVectorEnv(Gym Env x 1)
            		 Exploration Type: None
            	 Dataset: DoNothingDataset
            	 Accelerate Processes: 1 


INFO     Successfully loaded Abra model
ERROR    Error translating battle to observation: 
WARNING  Failed to get priors for battle: 
ERROR    Error translating battle to observation: 
WARNING  Failed to get priors for battle: 
INFO     Successfully computed neural priors for 0/2 battles
INFO     Using PUCT-guided move selection (priors integrated during search)...
INFO     Policy 0: switch dunsparce visited 17.02% avg_score=0.019 sample_chance_multiplier=0.5
INFO     Policy 1: switch dunsparce visited 16.9% avg_score=0.019 sample_chance_multiplier=0.5
INFO     Considered Choices:
INFO     	16.959%: switch dunsparce
INFO     	16.753%: coil
INFO     	16.749%: bodypress
INFO     	16.676%: irontail
INFO     	16.443%: switch mienshao
INFO     	16.42%: rest
INFO     Choice: coil
INFO     Updated arceuswater's min speed to 118
INFO     arceuswater already has the move recover. Decrementing the PP by 1
INFO     arceuswater used two different moves - it cannot have a choice item
INFO     arceuswater using recover makes it unlikely to have a choice item. Setting can_have_choice_item to False
INFO     arceuswater used a status-move. Adding `assaultvest` to impossible items
INFO     Setting arceuswater's last used move: recover
INFO     orthworm already has the move coil. Decrementing the PP by 1
INFO     orthworm using coil makes it unlikely to have a choice item. Setting can_have_choice_item to False
INFO     orthworm used a status-move. Adding `assaultvest` to impossible items
INFO     Setting orthworm's last used move: coil
INFO     orthworm's attack was boosted by 1 to 1
INFO     orthworm's defense was boosted by 1 to 1
INFO     orthworm's accuracy was boosted by 1 to 1
INFO     arceuswater has less than maxhp during upkeep, no longer guessing leftovers or blacksludge
INFO     
INFO     Turn: 18
INFO     Sampling battle 0
INFO     	    arceuswater    multitype  splashplate [calmmind, icebeam, judgment, recover] ttype=steel
INFO     	       leavanny        swarm    focussash [knockoff, leafblade, lunge, stickyweb] ttype=rock
INFO     	typhlosionhisui        blaze  choicespecs [eruption, fireblast, focusblast, shadowball] ttype=fire
INFO     Sampling 2 unrevealed pokemon
INFO     	         emboar     reckless  choicescarf [closecombat, flareblitz, knockoff, wildcharge] ttype=fire
INFO     	         glalie   innerfocus heavydutyboots [disable, earthquake, freezedry, spikes] ttype=ground
INFO     Sampling battle 1
INFO     	    arceuswater    multitype  splashplate [calmmind, icebeam, judgment, recover] ttype=steel
INFO     	       leavanny  chlorophyll   loadeddice [bulletseed, knockoff, stickyweb, tripleaxel] ttype=ghost
INFO     	typhlosionhisui        blaze  choicespecs [eruption, fireblast, focusblast, shadowball] ttype=fire
INFO     Sampling 2 unrevealed pokemon
INFO     	squawkabillywhite       hustle   choiceband [bravebird, doubleedge, foulplay, quickattack] ttype=normal
INFO     	  deoxysdefense     pressure  rockyhelmet [psychicnoise, recover, stealthrock, teleport] ttype=dark
INFO     Initializing per-node neural priors callback (Abra model)...
INFO     Neural callback already initialized
INFO     Per-node neural priors enabled
INFO     Searching for a move using PUCT MCTS with neural priors...
INFO     Sampling 2 battles at 500ms each
INFO     Computing neural priors for all battles...
INFO     Initialized StateTranslator with TeamPreviewObservationSpace
INFO     Initializing LocalPolicyProvider with model: Abra
INFO     Loading pretrained Abra model...
INFO     CUDA not available - overriding FlashAttention with VanillaAttention
[91mWarning: Using unofficial VanillaAttention implementation[0m


 		 AMAGO v3.1
            	 -------------------------
            	 Agent: MultiTaskAgent
            		 Max Sequence Length: 200
            		 TstepEncoder Type: MetamonTstepEncoder
            		 TrajEncoder Type: TformerTrajEncoder
            		 Total Parameters: 57,535,116
            		 Offline Loss Weight: 1.0
            		 Online Loss Weight: 0.0
            		 Mixed Precision: NO
            		 Checkpoint Path: /Users/yadureddy/Documents/GitHub/clean/pokeagent_ac_mcts/.metamon_cache/pretrained_models/models--jakegrigsby--metamon/snapshots/c5d1cb9abb6747066a325228845a5a8af3d12139/abra/abra/ckpts
            	 Environment:
            		 DummyAsyncVectorEnv(Gym Env x 1)
            		 Exploration Type: None
            	 Dataset: DoNothingDataset
            	 Accelerate Processes: 1 


INFO     Successfully loaded Abra model
ERROR    Error translating battle to observation: 
WARNING  Failed to get priors for battle: 
ERROR    Error translating battle to observation: 
WARNING  Failed to get priors for battle: 
INFO     Successfully computed neural priors for 0/2 battles
INFO     Using PUCT-guided move selection (priors integrated during search)...
INFO     Policy 0: bodypress visited 17.08% avg_score=0.022 sample_chance_multiplier=0.5
INFO     Policy 1: irontail visited 16.97% avg_score=0.022 sample_chance_multiplier=0.5
INFO     Considered Choices:
INFO     	16.921%: irontail
INFO     	16.919%: bodypress
INFO     	16.741%: coil
INFO     	16.651%: switch dunsparce
INFO     	16.442%: rest
INFO     	16.327%: switch mienshao
INFO     Choice: bodypress
INFO     Opponent has switched - clearing the last used move
INFO     orthworm already has the move bodypress. Decrementing the PP by 1
INFO     orthworm used a fighting move, removing fightinggem from possible items
INFO     Setting orthworm's last used move: bodypress
INFO     orthworm used a damaging move - not guessing lifeorb anymore
INFO     typhlosionhisui has less than maxhp during upkeep, no longer guessing leftovers or blacksludge
INFO     
INFO     Turn: 19
INFO     Sampling battle 0
INFO     	typhlosionhisui        blaze  choicespecs [eruption, fireblast, focusblast, shadowball] ttype=fire
INFO     	       leavanny        swarm    focussash [knockoff, leafblade, lunge, stickyweb] ttype=ghost
INFO     	    arceuswater    multitype  splashplate [calmmind, icebeam, judgment, recover] ttype=steel
INFO     Sampling 2 unrevealed pokemon
INFO     	      rampardos   sheerforce      lifeorb [earthquake, firepunch, rockslide, zenheadbutt] ttype=fire
INFO     	       dachsbun wellbakedbody    leftovers [bodypress, playrough, protect, wish] ttype=steel
INFO     Sampling battle 1
INFO     	typhlosionhisui        blaze  choicespecs [eruption, fireblast, focusblast, shadowball] ttype=fire
INFO     	       leavanny  chlorophyll   loadeddice [bulletseed, knockoff, stickyweb, tripleaxel] ttype=rock
INFO     	    arceuswater    multitype  splashplate [calmmind, icebeam, judgment, recover] ttype=steel
INFO     Sampling 2 unrevealed pokemon
INFO     	        flamigo      scrappy  choicescarf [bravebird, closecombat, throatchop, uturn] ttype=fighting
INFO     	      toucannon      keeneye heavydutyboots [beakblast, boomburst, knockoff, roost] ttype=steel
INFO     Initializing per-node neural priors callback (Abra model)...
INFO     Neural callback already initialized
INFO     Per-node neural priors enabled
INFO     Searching for a move using PUCT MCTS with neural priors...
INFO     Sampling 2 battles at 500ms each
INFO     Computing neural priors for all battles...
INFO     Initialized StateTranslator with TeamPreviewObservationSpace
INFO     Initializing LocalPolicyProvider with model: Abra
INFO     Loading pretrained Abra model...
INFO     CUDA not available - overriding FlashAttention with VanillaAttention
[91mWarning: Using unofficial VanillaAttention implementation[0m


 		 AMAGO v3.1
            	 -------------------------
            	 Agent: MultiTaskAgent
            		 Max Sequence Length: 200
            		 TstepEncoder Type: MetamonTstepEncoder
            		 TrajEncoder Type: TformerTrajEncoder
            		 Total Parameters: 57,535,116
            		 Offline Loss Weight: 1.0
            		 Online Loss Weight: 0.0
            		 Mixed Precision: NO
            		 Checkpoint Path: /Users/yadureddy/Documents/GitHub/clean/pokeagent_ac_mcts/.metamon_cache/pretrained_models/models--jakegrigsby--metamon/snapshots/c5d1cb9abb6747066a325228845a5a8af3d12139/abra/abra/ckpts
            	 Environment:
            		 DummyAsyncVectorEnv(Gym Env x 1)
            		 Exploration Type: None
            	 Dataset: DoNothingDataset
            	 Accelerate Processes: 1 


INFO     Successfully loaded Abra model
ERROR    Error translating battle to observation: 
WARNING  Failed to get priors for battle: 
ERROR    Error translating battle to observation: 
WARNING  Failed to get priors for battle: 
INFO     Successfully computed neural priors for 0/2 battles
INFO     Using PUCT-guided move selection (priors integrated during search)...
INFO     Policy 0: irontail visited 24.96% avg_score=0.071 sample_chance_multiplier=0.5
INFO     Policy 1: switch dunsparce visited 22.92% avg_score=0.068 sample_chance_multiplier=0.5
INFO     Considered Choices:
INFO     	22.555%: irontail
INFO     	21.602%: switch dunsparce
INFO     Choice: irontail
INFO     Updated typhlosionhisui's min speed to 110
INFO     typhlosionhisui used a fire move, removing firegem from possible items
INFO     Setting typhlosionhisui's last used move: fireblast
INFO     typhlosionhisui used a damaging move - not guessing lifeorb anymore
INFO     typhlosionhisui did 100.0% damage to orthworm with fireblast
INFO     typhlosionhisui has less than maxhp during upkeep, no longer guessing leftovers or blacksludge
INFO     Sampling battle 0
INFO     	typhlosionhisui        blaze  choicespecs [eruption, fireblast, focusblast, shadowball] ttype=fire
INFO     	       leavanny  chlorophyll   loadeddice [bulletseed, knockoff, stickyweb, tripleaxel] ttype=ghost
INFO     	    arceuswater    multitype  splashplate [calmmind, icebeam, judgment, recover] ttype=steel
INFO     Sampling 2 unrevealed pokemon
INFO     	      ironcrown   quarkdrive    leftovers [calmmind, focusblast, psyshock, tachyoncutter] ttype=fighting
INFO     	      rillaboom  grassysurge      lifeorb [grassyglide, highhorsepower, swordsdance, woodhammer] ttype=grass
INFO     Sampling battle 1
INFO     	typhlosionhisui        blaze  choicespecs [eruption, fireblast, focusblast, shadowball] ttype=fire
INFO     	       leavanny  chlorophyll   loadeddice [bulletseed, knockoff, stickyweb, tripleaxel] ttype=rock
INFO     	    arceuswater    multitype  splashplate [calmmind, icebeam, judgment, recover] ttype=steel
INFO     Sampling 2 unrevealed pokemon
INFO     	        wyrdeer   intimidate  assaultvest [bodyslam, earthquake, megahorn, psychicnoise] ttype=ground
INFO     	      munkidori   toxicchain  choicespecs [focusblast, psyshock, sludgewave, uturn] ttype=fighting
INFO     Initializing per-node neural priors callback (Abra model)...
INFO     Neural callback already initialized
INFO     Per-node neural priors enabled
INFO     Searching for a move using PUCT MCTS with neural priors...
INFO     Sampling 2 battles at 500ms each
INFO     Computing neural priors for all battles...
INFO     Initialized StateTranslator with TeamPreviewObservationSpace
INFO     Initializing LocalPolicyProvider with model: Abra
INFO     Loading pretrained Abra model...
INFO     CUDA not available - overriding FlashAttention with VanillaAttention
[91mWarning: Using unofficial VanillaAttention implementation[0m


 		 AMAGO v3.1
            	 -------------------------
            	 Agent: MultiTaskAgent
            		 Max Sequence Length: 200
            		 TstepEncoder Type: MetamonTstepEncoder
            		 TrajEncoder Type: TformerTrajEncoder
            		 Total Parameters: 57,535,116
            		 Offline Loss Weight: 1.0
            		 Online Loss Weight: 0.0
            		 Mixed Precision: NO
            		 Checkpoint Path: /Users/yadureddy/Documents/GitHub/clean/pokeagent_ac_mcts/.metamon_cache/pretrained_models/models--jakegrigsby--metamon/snapshots/c5d1cb9abb6747066a325228845a5a8af3d12139/abra/abra/ckpts
            	 Environment:
            		 DummyAsyncVectorEnv(Gym Env x 1)
            		 Exploration Type: None
            	 Dataset: DoNothingDataset
            	 Accelerate Processes: 1 


INFO     Successfully loaded Abra model
ERROR    Error translating battle to observation: 
WARNING  Failed to get priors for battle: 
ERROR    Error translating battle to observation: 
WARNING  Failed to get priors for battle: 
INFO     Successfully computed neural priors for 0/2 battles
INFO     Using PUCT-guided move selection (priors integrated during search)...
INFO     Policy 0: switch dunsparce visited 63.33% avg_score=0.035 sample_chance_multiplier=0.5
INFO     Policy 1: switch dunsparce visited 68.91% avg_score=0.041 sample_chance_multiplier=0.5
INFO     Considered Choices:
INFO     	66.124%: switch dunsparce
INFO     Choice: switch dunsparce
INFO     dunsparce's speed was unboosted by 1 to -1
INFO     
INFO     Turn: 20
INFO     Sampling battle 0
INFO     	typhlosionhisui        blaze  choicespecs [eruption, fireblast, focusblast, shadowball] ttype=fire
INFO     	       leavanny  chlorophyll   loadeddice [bulletseed, knockoff, stickyweb, tripleaxel] ttype=rock
INFO     	    arceuswater    multitype  splashplate [calmmind, icebeam, judgment, recover] ttype=steel
INFO     Sampling 2 unrevealed pokemon
INFO     	      rotomwash     levitate    leftovers [hydropump, thunderbolt, voltswitch, willowisp] ttype=electric
INFO     	       medicham    purepower  choicescarf [closecombat, icepunch, poisonjab, zenheadbutt] ttype=fighting
INFO     Sampling battle 1
INFO     	typhlosionhisui        blaze  choicespecs [eruption, fireblast, focusblast, shadowball] ttype=fire
INFO     	       leavanny        swarm heavydutyboots [knockoff, leafblade, lunge, stickyweb] ttype=ghost
INFO     	    arceuswater    multitype  splashplate [calmmind, icebeam, judgment, recover] ttype=steel
INFO     Sampling 2 unrevealed pokemon
INFO     	         espeon  magicbounce      lifeorb [alluringvoice, calmmind, morningsun, psychic] ttype=psychic
INFO     	       sunflora  chlorophyll  choicespecs [dazzlinggleam, earthpower, leafstorm, sludgebomb] ttype=poison
INFO     Initializing per-node neural priors callback (Abra model)...
INFO     Neural callback already initialized
INFO     Per-node neural priors enabled
INFO     Searching for a move using PUCT MCTS with neural priors...
INFO     Sampling 2 battles at 500ms each
INFO     Computing neural priors for all battles...
INFO     Initialized StateTranslator with TeamPreviewObservationSpace
INFO     Initializing LocalPolicyProvider with model: Abra
INFO     Loading pretrained Abra model...
INFO     CUDA not available - overriding FlashAttention with VanillaAttention
[91mWarning: Using unofficial VanillaAttention implementation[0m


 		 AMAGO v3.1
            	 -------------------------
            	 Agent: MultiTaskAgent
            		 Max Sequence Length: 200
            		 TstepEncoder Type: MetamonTstepEncoder
            		 TrajEncoder Type: TformerTrajEncoder
            		 Total Parameters: 57,535,116
            		 Offline Loss Weight: 1.0
            		 Online Loss Weight: 0.0
            		 Mixed Precision: NO
            		 Checkpoint Path: /Users/yadureddy/Documents/GitHub/clean/pokeagent_ac_mcts/.metamon_cache/pretrained_models/models--jakegrigsby--metamon/snapshots/c5d1cb9abb6747066a325228845a5a8af3d12139/abra/abra/ckpts
            	 Environment:
            		 DummyAsyncVectorEnv(Gym Env x 1)
            		 Exploration Type: None
            	 Dataset: DoNothingDataset
            	 Accelerate Processes: 1 


INFO     Successfully loaded Abra model
ERROR    Error translating battle to observation: 
WARNING  Failed to get priors for battle: 
ERROR    Error translating battle to observation: 
WARNING  Failed to get priors for battle: 
INFO     Successfully computed neural priors for 0/2 battles
INFO     Using PUCT-guided move selection (priors integrated during search)...
INFO     Policy 0: roost visited 71.94% avg_score=0.038 sample_chance_multiplier=0.5
INFO     Policy 1: roost visited 65.64% avg_score=0.038 sample_chance_multiplier=0.5
INFO     Considered Choices:
INFO     	68.791%: roost
INFO     Choice: roost
INFO     Updated typhlosionhisui's min speed to 110
INFO     typhlosionhisui already has the move fireblast. Decrementing the PP by 1
INFO     typhlosionhisui used a fire move, removing firegem from possible items
INFO     Setting typhlosionhisui's last used move: fireblast
INFO     typhlosionhisui used a damaging move - not guessing lifeorb anymore
INFO     typhlosionhisui did 48.08% damage to dunsparce with fireblast
INFO     typhlosionhisui has less than maxhp during upkeep, no longer guessing leftovers or blacksludge
INFO     Sampling battle 0
INFO     	typhlosionhisui        blaze  choicespecs [eruption, fireblast, focusblast, shadowball] ttype=fire
INFO     	       leavanny        swarm heavydutyboots [knockoff, leafblade, lunge, stickyweb] ttype=rock
INFO     	    arceuswater    multitype  splashplate [calmmind, icebeam, judgment, recover] ttype=steel
INFO     Sampling 2 unrevealed pokemon
INFO     	       pelipper      drizzle heavydutyboots [hurricane, hydropump, roost, uturn] ttype=ground
INFO     	   slowbrogalar  regenerator  rockyhelmet [earthquake, psychic, shellsidearm, slackoff] ttype=dark
INFO     Sampling battle 1
INFO     	typhlosionhisui        blaze  choicespecs [eruption, fireblast, focusblast, shadowball] ttype=fire
INFO     	       leavanny  chlorophyll   loadeddice [bulletseed, knockoff, stickyweb, tripleaxel] ttype=ghost
INFO     	    arceuswater    multitype  splashplate [calmmind, icebeam, judgment, recover] ttype=steel
INFO     Sampling 2 unrevealed pokemon
INFO     	      bellibolt electromorphosis    leftovers [muddywater, slackoff, thunderbolt, voltswitch] ttype=water
INFO     	      meowsticf  competitive      lifeorb [darkpulse, nastyplot, psyshock, thunderbolt] ttype=dark
INFO     Initializing per-node neural priors callback (Abra model)...
INFO     Neural callback already initialized
INFO     Per-node neural priors enabled
INFO     Searching for a move using PUCT MCTS with neural priors...
INFO     Sampling 2 battles at 500ms each
INFO     Computing neural priors for all battles...
INFO     Initialized StateTranslator with TeamPreviewObservationSpace
INFO     Initializing LocalPolicyProvider with model: Abra
INFO     Loading pretrained Abra model...
INFO     CUDA not available - overriding FlashAttention with VanillaAttention
[91mWarning: Using unofficial VanillaAttention implementation[0m


 		 AMAGO v3.1
            	 -------------------------
            	 Agent: MultiTaskAgent
            		 Max Sequence Length: 200
            		 TstepEncoder Type: MetamonTstepEncoder
            		 TrajEncoder Type: TformerTrajEncoder
            		 Total Parameters: 57,535,116
            		 Offline Loss Weight: 1.0
            		 Online Loss Weight: 0.0
            		 Mixed Precision: NO
            		 Checkpoint Path: /Users/yadureddy/Documents/GitHub/clean/pokeagent_ac_mcts/.metamon_cache/pretrained_models/models--jakegrigsby--metamon/snapshots/c5d1cb9abb6747066a325228845a5a8af3d12139/abra/abra/ckpts
            	 Environment:
            		 DummyAsyncVectorEnv(Gym Env x 1)
            		 Exploration Type: None
            	 Dataset: DoNothingDataset
            	 Accelerate Processes: 1 


INFO     Successfully loaded Abra model
ERROR    Error translating battle to observation: 
WARNING  Failed to get priors for battle: 
ERROR    Error translating battle to observation: 
WARNING  Failed to get priors for battle: 
INFO     Successfully computed neural priors for 0/2 battles
INFO     Using PUCT-guided move selection (priors integrated during search)...
INFO     Policy 0: switch mienshao visited 100.0% avg_score=0.002 sample_chance_multiplier=0.5
INFO     Policy 1: switch mienshao visited 100.0% avg_score=0.002 sample_chance_multiplier=0.5
INFO     Considered Choices:
INFO     	100.0%: switch mienshao
INFO     Choice: switch mienshao
INFO     mienshao switched in, adding intimidate to impossible abilities
INFO     mienshao switched in, adding pressure to impossible abilities
INFO     mienshao switched in, adding neutralizinggas to impossible abilities
INFO     mienshao switched in, adding sandstream to impossible abilities
INFO     mienshao switched in, adding drought to impossible abilities
INFO     mienshao switched in, adding drizzle to impossible abilities
INFO     mienshao switched in, adding snowwarning to impossible abilities
INFO     mienshao switched in, adding boosterenergy to impossible items
INFO     mienshao switched in, adding airballoon to impossible items
INFO     mienshao's speed was unboosted by 1 to -1
INFO     
INFO     Turn: 21
INFO     Sampling battle 0
INFO     	typhlosionhisui        blaze  choicespecs [eruption, fireblast, focusblast, shadowball] ttype=fire
INFO     	       leavanny        swarm heavydutyboots [knockoff, leafblade, lunge, stickyweb] ttype=rock
INFO     	    arceuswater    multitype  splashplate [calmmind, icebeam, judgment, recover] ttype=steel
INFO     Sampling 2 unrevealed pokemon
INFO     	        umbreon  synchronize    leftovers [foulplay, protect, toxic, wish] ttype=poison
INFO     	     eelektross     levitate  assaultvest [closecombat, discharge, flamethrower, uturn] ttype=steel
INFO     Sampling battle 1
INFO     	typhlosionhisui        blaze  choicespecs [eruption, fireblast, focusblast, shadowball] ttype=fire
INFO     	       leavanny  chlorophyll   loadeddice [bulletseed, knockoff, stickyweb, tripleaxel] ttype=rock
INFO     	    arceuswater    multitype  splashplate [calmmind, icebeam, judgment, recover] ttype=steel
INFO     Sampling 2 unrevealed pokemon
INFO     	    arceusfairy    multitype   pixieplate [calmmind, earthpower, judgment, recover] ttype=steel
INFO     	 keldeoresolute    justified      lifeorb [calmmind, hydropump, secretsword, vacuumwave] ttype=water
INFO     Initializing per-node neural priors callback (Abra model)...
INFO     Neural callback already initialized
INFO     Per-node neural priors enabled
INFO     Searching for a move using PUCT MCTS with neural priors...
INFO     Sampling 2 battles at 500ms each
INFO     Computing neural priors for all battles...
INFO     Initialized StateTranslator with TeamPreviewObservationSpace
INFO     Initializing LocalPolicyProvider with model: Abra
INFO     Loading pretrained Abra model...
INFO     CUDA not available - overriding FlashAttention with VanillaAttention
[91mWarning: Using unofficial VanillaAttention implementation[0m


 		 AMAGO v3.1
            	 -------------------------
            	 Agent: MultiTaskAgent
            		 Max Sequence Length: 200
            		 TstepEncoder Type: MetamonTstepEncoder
            		 TrajEncoder Type: TformerTrajEncoder
            		 Total Parameters: 57,535,116
            		 Offline Loss Weight: 1.0
            		 Online Loss Weight: 0.0
            		 Mixed Precision: NO
            		 Checkpoint Path: /Users/yadureddy/Documents/GitHub/clean/pokeagent_ac_mcts/.metamon_cache/pretrained_models/models--jakegrigsby--metamon/snapshots/c5d1cb9abb6747066a325228845a5a8af3d12139/abra/abra/ckpts
            	 Environment:
            		 DummyAsyncVectorEnv(Gym Env x 1)
            		 Exploration Type: None
            	 Dataset: DoNothingDataset
            	 Accelerate Processes: 1 


INFO     Successfully loaded Abra model
ERROR    Error translating battle to observation: 
WARNING  Failed to get priors for battle: 
ERROR    Error translating battle to observation: 
WARNING  Failed to get priors for battle: 
INFO     Successfully computed neural priors for 0/2 battles
INFO     Using PUCT-guided move selection (priors integrated during search)...
INFO     Policy 0: poisonjab visited 39.16% avg_score=0.003 sample_chance_multiplier=0.5
INFO     Policy 1: poisonjab visited 37.86% avg_score=0.002 sample_chance_multiplier=0.5
INFO     Considered Choices:
INFO     	38.507%: poisonjab
INFO     Choice: poisonjab
INFO     Winner: VanillaMCTS
INFO     Lost with team: None
INFO     W: 0	L: 1
INFO     Searching for ranked gen9randombattle match
INFO     Initialized battle-gen9randombattle-82 against: VanillaMCTS
INFO     Opponent has switched - clearing the last used move
INFO     torterra switched in, adding intimidate to impossible abilities
INFO     torterra switched in, adding pressure to impossible abilities
INFO     torterra switched in, adding neutralizinggas to impossible abilities
INFO     torterra switched in, adding sandstream to impossible abilities
INFO     torterra switched in, adding drought to impossible abilities
INFO     torterra switched in, adding drizzle to impossible abilities
INFO     torterra switched in, adding snowwarning to impossible abilities
INFO     torterra switched in, adding boosterenergy to impossible items
INFO     torterra switched in, adding airballoon to impossible items
INFO     
INFO     Turn: 1
INFO     Sampling battle 0
INFO     	       torterra     overgrow   loadeddice [bulletseed, headlongrush, rockblast, shellsmash] ttype=ground
INFO     Sampling 5 unrevealed pokemon
INFO     	        palafin   zerotohero    leftovers [bulkup, icepunch, jetpunch, wavecrash] ttype=steel
INFO     	     victreebel  chlorophyll      lifeorb [powerwhip, sleeppowder, sludgewave, strengthsap] ttype=steel
INFO     	        heatran    flashfire   airballoon [earthpower, flashcannon, magmastorm, stealthrock] ttype=grass
INFO     	   squawkabilly         guts     flameorb [bravebird, facade, protect, quickattack] ttype=normal
INFO     	       chimecho     levitate    leftovers [healbell, knockoff, psychicnoise, recover] ttype=poison
INFO     Sampling battle 1
INFO     	       torterra     overgrow   loadeddice [bulletseed, headlongrush, rockblast, shellsmash] ttype=grass
INFO     Sampling 5 unrevealed pokemon
INFO     	      clawitzer megalauncher  choicespecs [aurasphere, darkpulse, icebeam, waterpulse] ttype=fighting
INFO     	       sunflora  chlorophyll  choicespecs [dazzlinggleam, earthpower, leafstorm, sludgebomb] ttype=ground
INFO     	       miraidon hadronengine    leftovers [calmmind, dracometeor, electrodrift, substitute] ttype=electric
INFO     	        kleavor    sharpness heavydutyboots [closecombat, stoneaxe, swordsdance, xscissor] ttype=rock
INFO     	     pincurchin electricsurge    leftovers [discharge, recover, scald, toxicspikes] ttype=water
INFO     Sampling battle 2
INFO     	       torterra     overgrow   loadeddice [bulletseed, headlongrush, rockblast, shellsmash] ttype=ground
INFO     Sampling 5 unrevealed pokemon
INFO     	        flamigo      scrappy      lifeorb [bravebird, closecombat, swordsdance, throatchop] ttype=fighting
INFO     	      mightyena   intimidate  assaultvest [playrough, poisonfang, superfang, throatchop] ttype=fairy
INFO     	     eelektross     levitate  assaultvest [closecombat, discharge, knockoff, uturn] ttype=poison
INFO     	       camerupt    solidrock    leftovers [earthquake, overheat, roar, stealthrock] ttype=water
INFO     	         deoxys     pressure      lifeorb [extremespeed, knockoff, psychoboost, superpower] ttype=dark
INFO     Sampling battle 3
INFO     	       torterra     overgrow   loadeddice [bulletseed, headlongrush, rockblast, shellsmash] ttype=rock
INFO     Sampling 5 unrevealed pokemon
INFO     	     grimmsnarl    prankster    leftovers [spiritbreak, suckerpunch, taunt, thunderwave] ttype=steel
INFO     	      hitmontop   intimidate  assaultvest [closecombat, rapidspin, stoneedge, suckerpunch] ttype=steel
INFO     	      trevenant  naturalcure   choiceband [drainpunch, hornleech, poltergeist, woodhammer] ttype=fighting
INFO     	       oranguru   innerfocus  choicespecs [focusblast, hypervoice, psyshock, trick] ttype=fighting
INFO     	   arceuspoison    multitype   toxicplate [earthquake, gunkshot, liquidation, swordsdance] ttype=ground
INFO     Initializing per-node neural priors callback (Abra model)...
INFO     Neural callback already initialized
INFO     Per-node neural priors enabled
INFO     Searching for a move using PUCT MCTS with neural priors...
INFO     Sampling 4 battles at 250ms each
INFO     Computing neural priors for all battles...
INFO     Initialized StateTranslator with TeamPreviewObservationSpace
INFO     Initializing LocalPolicyProvider with model: Abra
INFO     Loading pretrained Abra model...
INFO     CUDA not available - overriding FlashAttention with VanillaAttention
[91mWarning: Using unofficial VanillaAttention implementation[0m


 		 AMAGO v3.1
            	 -------------------------
            	 Agent: MultiTaskAgent
            		 Max Sequence Length: 200
            		 TstepEncoder Type: MetamonTstepEncoder
            		 TrajEncoder Type: TformerTrajEncoder
            		 Total Parameters: 57,535,116
            		 Offline Loss Weight: 1.0
            		 Online Loss Weight: 0.0
            		 Mixed Precision: NO
            		 Checkpoint Path: /Users/yadureddy/Documents/GitHub/clean/pokeagent_ac_mcts/.metamon_cache/pretrained_models/models--jakegrigsby--metamon/snapshots/c5d1cb9abb6747066a325228845a5a8af3d12139/abra/abra/ckpts
            	 Environment:
            		 DummyAsyncVectorEnv(Gym Env x 1)
            		 Exploration Type: None
            	 Dataset: DoNothingDataset
            	 Accelerate Processes: 1 


INFO     Successfully loaded Abra model
ERROR    Error translating battle to observation: 
WARNING  Failed to get priors for battle: 
ERROR    Error translating battle to observation: 
WARNING  Failed to get priors for battle: 
ERROR    Error translating battle to observation: 
WARNING  Failed to get priors for battle: 
ERROR    Error translating battle to observation: 
WARNING  Failed to get priors for battle: 
INFO     Successfully computed neural priors for 0/4 battles
INFO     Using PUCT-guided move selection (priors integrated during search)...
INFO     Policy 0: lunge visited 42.16% avg_score=0.606 sample_chance_multiplier=0.25
INFO     Policy 1: lunge visited 96.88% avg_score=0.659 sample_chance_multiplier=0.25
INFO     Policy 2: lunge visited 69.8% avg_score=0.672 sample_chance_multiplier=0.25
INFO     Policy 3: lunge visited 88.69% avg_score=0.637 sample_chance_multiplier=0.25
INFO     Considered Choices:
INFO     	74.383%: lunge
INFO     Choice: lunge
INFO     Updated torterra's max speed to 207
INFO     leavanny already has the move lunge. Decrementing the PP by 1
INFO     leavanny used a bug move, removing buggem from possible items
INFO     Setting leavanny's last used move: lunge
INFO     leavanny used a damaging move - not guessing lifeorb anymore
INFO     leavanny did 69.0% damage to torterra with lunge
INFO     torterra's attack was unboosted by 1 to -1
INFO     torterra using shellsmash makes it unlikely to have a choice item. Setting can_have_choice_item to False
INFO     torterra used a status-move. Adding `assaultvest` to impossible items
INFO     Setting torterra's last used move: shellsmash
INFO     torterra's defense was unboosted by 1 to -1
INFO     torterra's special-defense was unboosted by 1 to -1
INFO     torterra's attack was boosted by 2 to 1
INFO     torterra's special-attack was boosted by 2 to 2
INFO     torterra's speed was boosted by 2 to 2
INFO     torterra has less than maxhp during upkeep, no longer guessing leftovers or blacksludge
INFO     
INFO     Turn: 2
INFO     Sampling battle 0
INFO     	       torterra     overgrow   loadeddice [bulletseed, headlongrush, rockblast, shellsmash] ttype=rock
INFO     Sampling 5 unrevealed pokemon
INFO     	      blastoise      torrent    whiteherb [earthquake, hydropump, icebeam, shellsmash] ttype=water
INFO     	       cinccino   technician   loadeddice [bulletseed, tailslap, tidyup, tripleaxel] ttype=normal
INFO     	     eelektross     levitate    leftovers [coil, drainpunch, firepunch, supercellslam] ttype=fighting
INFO     	        pikachu lightningrod    lightball [fakeout, knockoff, surf, volttackle] ttype=water
INFO     	       ursaring    quickfeet     toxicorb [closecombat, crunch, facade, swordsdance] ttype=normal
INFO     Sampling battle 1
INFO     	       torterra     overgrow   loadeddice [bulletseed, headlongrush, rockblast, shellsmash] ttype=water
INFO     Sampling 5 unrevealed pokemon
INFO     	      armarouge    weakarmor    powerherb [armorcannon, energyball, meteorbeam, psyshock] ttype=grass
INFO     	     archaludon      stamina    leftovers [bodypress, dracometeor, flashcannon, stealthrock] ttype=fighting
INFO     	         kyogre      drizzle  choicescarf [icebeam, originpulse, thunder, waterspout] ttype=water
INFO     	     baxcalibur thermalexchange heavydutyboots [dragondance, earthquake, glaiverush, iciclecrash] ttype=ground
INFO     	         lapras  waterabsorb heavydutyboots [freezedry, rest, sleeptalk, sparklingaria] ttype=steel
INFO     Initializing per-node neural priors callback (Abra model)...
INFO     Neural callback already initialized
INFO     Per-node neural priors enabled
INFO     Searching for a move using PUCT MCTS with neural priors...
INFO     Sampling 2 battles at 500ms each
INFO     Computing neural priors for all battles...
INFO     Initialized StateTranslator with TeamPreviewObservationSpace
INFO     Initializing LocalPolicyProvider with model: Abra
INFO     Loading pretrained Abra model...
INFO     CUDA not available - overriding FlashAttention with VanillaAttention
[91mWarning: Using unofficial VanillaAttention implementation[0m


 		 AMAGO v3.1
            	 -------------------------
            	 Agent: MultiTaskAgent
            		 Max Sequence Length: 200
            		 TstepEncoder Type: MetamonTstepEncoder
            		 TrajEncoder Type: TformerTrajEncoder
            		 Total Parameters: 57,535,116
            		 Offline Loss Weight: 1.0
            		 Online Loss Weight: 0.0
            		 Mixed Precision: NO
            		 Checkpoint Path: /Users/yadureddy/Documents/GitHub/clean/pokeagent_ac_mcts/.metamon_cache/pretrained_models/models--jakegrigsby--metamon/snapshots/c5d1cb9abb6747066a325228845a5a8af3d12139/abra/abra/ckpts
            	 Environment:
            		 DummyAsyncVectorEnv(Gym Env x 1)
            		 Exploration Type: None
            	 Dataset: DoNothingDataset
            	 Accelerate Processes: 1 


INFO     Successfully loaded Abra model
ERROR    Error translating battle to observation: 
WARNING  Failed to get priors for battle: 
ERROR    Error translating battle to observation: 
WARNING  Failed to get priors for battle: 
INFO     Successfully computed neural priors for 0/2 battles
INFO     Using PUCT-guided move selection (priors integrated during search)...
INFO     Policy 0: stickyweb visited 97.32% avg_score=0.937 sample_chance_multiplier=0.5
INFO     Policy 1: leafblade visited 41.68% avg_score=0.756 sample_chance_multiplier=0.5
INFO     Considered Choices:
INFO     	48.831%: stickyweb
INFO     Choice: stickyweb
INFO     Updated torterra's min speed to 103
INFO     torterra used two different moves - it cannot have a choice item
INFO     torterra used a rock move, removing rockgem from possible items
INFO     Setting torterra's last used move: rockblast
INFO     torterra used a damaging move - not guessing lifeorb anymore
INFO     torterra did 18.59% damage to leavanny with rockblast
INFO     leavanny already has the move stickyweb. Decrementing the PP by 1
INFO     leavanny used a status-move. Adding `assaultvest` to impossible items
INFO     Setting leavanny's last used move: stickyweb
INFO     Incremented side condition stickyweb to 1 for torterra
INFO     torterra has less than maxhp during upkeep, no longer guessing leftovers or blacksludge
INFO     
INFO     Turn: 3
INFO     Sampling battle 0
INFO     	       torterra     overgrow   loadeddice [bulletseed, headlongrush, rockblast, shellsmash] ttype=rock
INFO     Sampling 5 unrevealed pokemon
INFO     	        flareon         guts     toxicorb [facade, flareblitz, quickattack, trailblaze] ttype=normal
INFO     	   brambleghast    windrider heavydutyboots [poltergeist, powerwhip, rapidspin, spikes] ttype=steel
INFO     	    deoxysspeed     pressure      lifeorb [knockoff, psychoboost, stealthrock, superpower] ttype=fighting
INFO     	squawkabillyblue         guts     flameorb [bravebird, facade, protect, quickattack] ttype=normal
INFO     	        persian   technician    silkscarf [doubleedge, fakeout, knockoff, uturn] ttype=normal
INFO     Sampling battle 1
INFO     	       torterra     overgrow   loadeddice [bulletseed, headlongrush, rockblast, shellsmash] ttype=ground
INFO     Sampling 5 unrevealed pokemon
INFO     	       pelipper      drizzle  choicespecs [hurricane, hydropump, uturn, weatherball] ttype=water
INFO     	       hawlucha     unburden    whiteherb [acrobatics, closecombat, stoneedge, swordsdance] ttype=fighting
INFO     	      garganacl purifyingsalt    leftovers [bodypress, irondefense, recover, saltcure] ttype=ghost
INFO     	      blastoise      torrent    whiteherb [hydropump, icebeam, shellsmash, terablast] ttype=electric
INFO     	    sandyshocks protosynthesis heavydutyboots [earthpower, spikes, thunderbolt, voltswitch] ttype=electric
INFO     Initializing per-node neural priors callback (Abra model)...
INFO     Neural callback already initialized
INFO     Per-node neural priors enabled
INFO     Searching for a move using PUCT MCTS with neural priors...
INFO     Sampling 2 battles at 500ms each
INFO     Computing neural priors for all battles...
INFO     Initialized StateTranslator with TeamPreviewObservationSpace
INFO     Initializing LocalPolicyProvider with model: Abra
INFO     Loading pretrained Abra model...
INFO     CUDA not available - overriding FlashAttention with VanillaAttention
[91mWarning: Using unofficial VanillaAttention implementation[0m


 		 AMAGO v3.1
            	 -------------------------
            	 Agent: MultiTaskAgent
            		 Max Sequence Length: 200
            		 TstepEncoder Type: MetamonTstepEncoder
            		 TrajEncoder Type: TformerTrajEncoder
            		 Total Parameters: 57,535,116
            		 Offline Loss Weight: 1.0
            		 Online Loss Weight: 0.0
            		 Mixed Precision: NO
            		 Checkpoint Path: /Users/yadureddy/Documents/GitHub/clean/pokeagent_ac_mcts/.metamon_cache/pretrained_models/models--jakegrigsby--metamon/snapshots/c5d1cb9abb6747066a325228845a5a8af3d12139/abra/abra/ckpts
            	 Environment:
            		 DummyAsyncVectorEnv(Gym Env x 1)
            		 Exploration Type: None
            	 Dataset: DoNothingDataset
            	 Accelerate Processes: 1 


INFO     Successfully loaded Abra model
ERROR    Error translating battle to observation: 
WARNING  Failed to get priors for battle: 
ERROR    Error translating battle to observation: 
WARNING  Failed to get priors for battle: 
INFO     Successfully computed neural priors for 0/2 battles
INFO     Using PUCT-guided move selection (priors integrated during search)...
INFO     Policy 0: switch taurospaldeablaze visited 32.21% avg_score=0.613 sample_chance_multiplier=0.5
INFO     Policy 1: lunge visited 56.24% avg_score=0.649 sample_chance_multiplier=0.5
INFO     Considered Choices:
INFO     	33.374%: lunge
INFO     Choice: lunge
INFO     Updated torterra's min speed to 103
INFO     torterra already has the move rockblast. Decrementing the PP by 1
INFO     torterra used a rock move, removing rockgem from possible items
INFO     Setting torterra's last used move: rockblast
INFO     torterra used a damaging move - not guessing lifeorb anymore
INFO     torterra did 21.560000000000002% damage to leavanny with rockblast
INFO     torterra has less than maxhp during upkeep, no longer guessing leftovers or blacksludge
INFO     Sampling battle 0
INFO     	       torterra     overgrow   loadeddice [bulletseed, headlongrush, rockblast, shellsmash] ttype=rock
INFO     Sampling 5 unrevealed pokemon
INFO     	        shiftry    windrider heavydutyboots [defog, knockoff, leafstorm, suckerpunch] ttype=poison
INFO     	      hatterene  magicbounce    leftovers [calmmind, drainingkiss, mysticalfire, psychic] ttype=fairy
INFO     	        pikachu lightningrod    lightball [fakeout, surf, voltswitch, volttackle] ttype=water
INFO     	         comfey       triage    leftovers [calmmind, drainingkiss, gigadrain, storedpower] ttype=steel
INFO     	       mukalola  poisontouch  assaultvest [drainpunch, gunkshot, icepunch, knockoff] ttype=dark
INFO     Sampling battle 1
INFO     	       torterra     overgrow   loadeddice [bulletseed, headlongrush, rockblast, shellsmash] ttype=rock
INFO     Sampling 5 unrevealed pokemon
INFO     	    kyuremwhite   turboblaze  choicespecs [dracometeor, earthpower, freezedry, fusionflare] ttype=dragon
INFO     	 giratinaorigin     levitate griseouscore [dracometeor, dragontail, poltergeist, willowisp] ttype=fairy
INFO     	      heracross        moxie   choiceband [closecombat, earthquake, megahorn, stoneedge] ttype=rock
INFO     	         eiscue      iceface  sitrusberry [bellydrum, icespinner, liquidation, terablast] ttype=electric
INFO     	         phione    hydration    leftovers [grassknot, icebeam, scald, takeheart] ttype=steel
INFO     Initializing per-node neural priors callback (Abra model)...
INFO     Neural callback already initialized
INFO     Per-node neural priors enabled
INFO     Searching for a move using PUCT MCTS with neural priors...
INFO     Sampling 2 battles at 500ms each
INFO     Computing neural priors for all battles...
INFO     Initialized StateTranslator with TeamPreviewObservationSpace
INFO     Initializing LocalPolicyProvider with model: Abra
INFO     Loading pretrained Abra model...
INFO     CUDA not available - overriding FlashAttention with VanillaAttention
[91mWarning: Using unofficial VanillaAttention implementation[0m


 		 AMAGO v3.1
            	 -------------------------
            	 Agent: MultiTaskAgent
            		 Max Sequence Length: 200
            		 TstepEncoder Type: MetamonTstepEncoder
            		 TrajEncoder Type: TformerTrajEncoder
            		 Total Parameters: 57,535,116
            		 Offline Loss Weight: 1.0
            		 Online Loss Weight: 0.0
            		 Mixed Precision: NO
            		 Checkpoint Path: /Users/yadureddy/Documents/GitHub/clean/pokeagent_ac_mcts/.metamon_cache/pretrained_models/models--jakegrigsby--metamon/snapshots/c5d1cb9abb6747066a325228845a5a8af3d12139/abra/abra/ckpts
            	 Environment:
            		 DummyAsyncVectorEnv(Gym Env x 1)
            		 Exploration Type: None
            	 Dataset: DoNothingDataset
            	 Accelerate Processes: 1 


INFO     Successfully loaded Abra model
ERROR    Error translating battle to observation: 
WARNING  Failed to get priors for battle: 
ERROR    Error translating battle to observation: 
WARNING  Failed to get priors for battle: 
INFO     Successfully computed neural priors for 0/2 battles
INFO     Using PUCT-guided move selection (priors integrated during search)...
INFO     Policy 0: switch granbull visited 48.9% avg_score=0.763 sample_chance_multiplier=0.5
INFO     Policy 1: switch granbull visited 96.77% avg_score=0.838 sample_chance_multiplier=0.5
INFO     Considered Choices:
INFO     	72.837%: switch granbull
INFO     Choice: switch granbull
INFO     granbull switched in, adding intimidate to impossible abilities
INFO     granbull switched in, adding pressure to impossible abilities
INFO     granbull switched in, adding neutralizinggas to impossible abilities
INFO     granbull switched in, adding sandstream to impossible abilities
INFO     granbull switched in, adding drought to impossible abilities
INFO     granbull switched in, adding drizzle to impossible abilities
INFO     granbull switched in, adding snowwarning to impossible abilities
INFO     granbull switched in, adding boosterenergy to impossible items
INFO     granbull switched in, adding airballoon to impossible items
INFO     Setting granbull's ability to intimidate
INFO     torterra's attack was unboosted by 1 to 0
INFO     
INFO     Turn: 4
INFO     Sampling battle 0
INFO     	       torterra     overgrow   loadeddice [bulletseed, headlongrush, rockblast, shellsmash] ttype=grass
INFO     Sampling 5 unrevealed pokemon
INFO     	   arceuspoison    multitype   toxicplate [earthquake, gunkshot, recover, swordsdance] ttype=ground
INFO     	        jolteon   voltabsorb      lifeorb [alluringvoice, calmmind, shadowball, thunderbolt] ttype=electric
INFO     	      rhyperior    solidrock  assaultvest [dragontail, earthquake, icepunch, stoneedge] ttype=dragon
INFO     	       necrozma   prismarmor      lifeorb [dragondance, earthquake, knockoff, photongeyser] ttype=dark
INFO     	        gallade    sharpness   choiceband [leafblade, nightslash, psychocut, sacredsword] ttype=fighting
INFO     Sampling battle 1
INFO     	       torterra     overgrow   loadeddice [bulletseed, headlongrush, rockblast, shellsmash] ttype=grass
INFO     Sampling 5 unrevealed pokemon
INFO     	      garganacl purifyingsalt    leftovers [bodypress, irondefense, recover, saltcure] ttype=dragon
INFO     	       blaziken   speedboost      lifeorb [closecombat, flareblitz, stoneedge, swordsdance] ttype=fighting
INFO     	        wyrdeer   intimidate    leftovers [bodyslam, earthquake, psychicnoise, thunderwave] ttype=ground
INFO     	    kilowattrel   voltabsorb heavydutyboots [discharge, hurricane, roost, uturn] ttype=water
INFO     	         rabsca  synchronize heavydutyboots [bugbuzz, earthpower, psychic, revivalblessing] ttype=steel
INFO     Initializing per-node neural priors callback (Abra model)...
INFO     Neural callback already initialized
INFO     Per-node neural priors enabled
INFO     Searching for a move using PUCT MCTS with neural priors...
INFO     Sampling 2 battles at 500ms each
INFO     Computing neural priors for all battles...
INFO     Initialized StateTranslator with TeamPreviewObservationSpace
INFO     Initializing LocalPolicyProvider with model: Abra
INFO     Loading pretrained Abra model...
INFO     CUDA not available - overriding FlashAttention with VanillaAttention
[91mWarning: Using unofficial VanillaAttention implementation[0m


 		 AMAGO v3.1
            	 -------------------------
            	 Agent: MultiTaskAgent
            		 Max Sequence Length: 200
            		 TstepEncoder Type: MetamonTstepEncoder
            		 TrajEncoder Type: TformerTrajEncoder
            		 Total Parameters: 57,535,116
            		 Offline Loss Weight: 1.0
            		 Online Loss Weight: 0.0
            		 Mixed Precision: NO
            		 Checkpoint Path: /Users/yadureddy/Documents/GitHub/clean/pokeagent_ac_mcts/.metamon_cache/pretrained_models/models--jakegrigsby--metamon/snapshots/c5d1cb9abb6747066a325228845a5a8af3d12139/abra/abra/ckpts
            	 Environment:
            		 DummyAsyncVectorEnv(Gym Env x 1)
            		 Exploration Type: None
            	 Dataset: DoNothingDataset
            	 Accelerate Processes: 1 


INFO     Successfully loaded Abra model
ERROR    Error translating battle to observation: 
WARNING  Failed to get priors for battle: 
ERROR    Error translating battle to observation: 
WARNING  Failed to get priors for battle: 
INFO     Successfully computed neural priors for 0/2 battles
INFO     Using PUCT-guided move selection (priors integrated during search)...
INFO     Policy 0: playrough visited 95.23% avg_score=0.734 sample_chance_multiplier=0.5
INFO     Policy 1: playrough visited 97.5% avg_score=0.728 sample_chance_multiplier=0.5
INFO     Considered Choices:
INFO     	96.369%: playrough
INFO     Choice: playrough
INFO     Updated torterra's min speed to 103
INFO     torterra used two different moves - it cannot have a choice item
INFO     torterra used a grass move, removing grassgem from possible items
INFO     Setting torterra's last used move: bulletseed
INFO     torterra used a damaging move - not guessing lifeorb anymore
INFO     torterra did 14.899999999999999% damage to granbull with bulletseed
INFO     granbull already has the move playrough. Decrementing the PP by 1
INFO     granbull used a fairy move, removing fairygem from possible items
INFO     Setting granbull's last used move: playrough
INFO     granbull used a damaging move - not guessing lifeorb anymore
INFO     granbull did 31.0% damage to torterra with playrough
INFO     Setting granbull's item to: leftovers
INFO     torterra has less than maxhp during upkeep, no longer guessing leftovers or blacksludge
INFO     Opponent has switched - clearing the last used move
INFO     magnezone switched in, adding intimidate to impossible abilities
INFO     magnezone switched in, adding pressure to impossible abilities
INFO     magnezone switched in, adding neutralizinggas to impossible abilities
INFO     magnezone switched in, adding sandstream to impossible abilities
INFO     magnezone switched in, adding drought to impossible abilities
INFO     magnezone switched in, adding drizzle to impossible abilities
INFO     magnezone switched in, adding snowwarning to impossible abilities
INFO     magnezone switched in, adding boosterenergy to impossible items
INFO     magnezone switched in, adding airballoon to impossible items
INFO     magnezone's speed was unboosted by 1 to -1
INFO     
INFO     Turn: 5
INFO     Sampling battle 0
INFO     	      magnezone   magnetpull  choicescarf [bodypress, flashcannon, thunderbolt, voltswitch] ttype=flying
INFO     Sampling 4 unrevealed pokemon
INFO     	       vikavolt     levitate  choicespecs [bugbuzz, energyball, thunderbolt, voltswitch] ttype=electric
INFO     	        urshifu   unseenfist   choiceband [closecombat, poisonjab, suckerpunch, wickedblow] ttype=fighting
INFO     	      rampardos   sheerforce  choicescarf [earthquake, firepunch, headsmash, rockslide] ttype=ground
INFO     	 keldeoresolute    justified  choicespecs [flipturn, hydropump, secretsword, vacuumwave] ttype=fighting
INFO     Sampling battle 1
INFO     	      magnezone   magnetpull  choicescarf [bodypress, flashcannon, thunderbolt, voltswitch] ttype=fighting
INFO     Sampling 4 unrevealed pokemon
INFO     	 arceusfighting    multitype    fistplate [bodypress, irondefense, recover, shadowball] ttype=steel
INFO     	     wigglytuff  competitive    leftovers [dazzlinggleam, knockoff, protect, wish] ttype=poison
INFO     	         raikou     pressure  choicespecs [scald, shadowball, thunderbolt, voltswitch] ttype=electric
INFO     	      toucannon      keeneye heavydutyboots [beakblast, boomburst, roost, uturn] ttype=steel
INFO     Sampling battle 2
INFO     	      magnezone   magnetpull    leftovers [bodypress, flashcannon, irondefense, thunderbolt] ttype=fighting
INFO     Sampling 4 unrevealed pokemon
INFO     	        morpeko hungerswitch    leftovers [aurawheel, knockoff, protect, rapidspin] ttype=electric
INFO     	        volbeat    prankster heavydutyboots [encore, roost, thunderwave, uturn] ttype=steel
INFO     	        okidogi   toxicchain    leftovers [bulkup, drainpunch, gunkshot, knockoff] ttype=dark
INFO     	      blastoise      torrent    whiteherb [earthquake, hydropump, icebeam, shellsmash] ttype=ground
INFO     Sampling battle 3
INFO     	      magnezone     analytic  assaultvest [flashcannon, mirrorcoat, thunderbolt, voltswitch] ttype=flying
INFO     Sampling 4 unrevealed pokemon
INFO     	        wochien tabletsofruin    leftovers [knockoff, leechseed, protect, ruination] ttype=poison
INFO     	        dewgong     thickfat  assaultvest [flipturn, knockoff, surf, tripleaxel] ttype=poison
INFO     	        falinks      defiant      lifeorb [closecombat, ironhead, knockoff, noretreat] ttype=dark
INFO     	     feraligatr   sheerforce      lifeorb [dragondance, icepunch, liquidation, trailblaze] ttype=water
INFO     Initializing per-node neural priors callback (Abra model)...
INFO     Neural callback already initialized
INFO     Per-node neural priors enabled
INFO     Searching for a move using PUCT MCTS with neural priors...
INFO     Sampling 4 battles at 250ms each
INFO     Computing neural priors for all battles...
INFO     Initialized StateTranslator with TeamPreviewObservationSpace
INFO     Initializing LocalPolicyProvider with model: Abra
INFO     Loading pretrained Abra model...
INFO     CUDA not available - overriding FlashAttention with VanillaAttention
[91mWarning: Using unofficial VanillaAttention implementation[0m


 		 AMAGO v3.1
            	 -------------------------
            	 Agent: MultiTaskAgent
            		 Max Sequence Length: 200
            		 TstepEncoder Type: MetamonTstepEncoder
            		 TrajEncoder Type: TformerTrajEncoder
            		 Total Parameters: 57,535,116
            		 Offline Loss Weight: 1.0
            		 Online Loss Weight: 0.0
            		 Mixed Precision: NO
            		 Checkpoint Path: /Users/yadureddy/Documents/GitHub/clean/pokeagent_ac_mcts/.metamon_cache/pretrained_models/models--jakegrigsby--metamon/snapshots/c5d1cb9abb6747066a325228845a5a8af3d12139/abra/abra/ckpts
            	 Environment:
            		 DummyAsyncVectorEnv(Gym Env x 1)
            		 Exploration Type: None
            	 Dataset: DoNothingDataset
            	 Accelerate Processes: 1 


INFO     Successfully loaded Abra model
ERROR    Error translating battle to observation: 
WARNING  Failed to get priors for battle: 
ERROR    Error translating battle to observation: 
WARNING  Failed to get priors for battle: 
ERROR    Error translating battle to observation: 
WARNING  Failed to get priors for battle: 
ERROR    Error translating battle to observation: 
WARNING  Failed to get priors for battle: 
INFO     Successfully computed neural priors for 0/4 battles
INFO     Using PUCT-guided move selection (priors integrated during search)...
INFO     Policy 0: switch taurospaldeablaze visited 74.43% avg_score=0.421 sample_chance_multiplier=0.25
INFO     Policy 1: switch taurospaldeablaze visited 67.86% avg_score=0.449 sample_chance_multiplier=0.25
INFO     Policy 2: earthquake visited 84.93% avg_score=0.575 sample_chance_multiplier=0.25
INFO     Policy 3: earthquake visited 89.02% avg_score=0.596 sample_chance_multiplier=0.25
INFO     Considered Choices:
INFO     	43.732%: earthquake
INFO     	36.705%: switch taurospaldeablaze
INFO     Choice: switch taurospaldeablaze
INFO     taurospaldeablaze switched in, adding intimidate to impossible abilities
INFO     taurospaldeablaze switched in, adding pressure to impossible abilities
INFO     taurospaldeablaze switched in, adding neutralizinggas to impossible abilities
INFO     taurospaldeablaze switched in, adding sandstream to impossible abilities
INFO     taurospaldeablaze switched in, adding drought to impossible abilities
INFO     taurospaldeablaze switched in, adding drizzle to impossible abilities
INFO     taurospaldeablaze switched in, adding snowwarning to impossible abilities
INFO     taurospaldeablaze switched in, adding boosterenergy to impossible items
INFO     taurospaldeablaze switched in, adding airballoon to impossible items
INFO     Setting taurospaldeablaze's ability to intimidate
INFO     magnezone's attack was unboosted by 1 to -1
INFO     magnezone used a steel move, removing steelgem from possible items
INFO     Setting magnezone's last used move: flashcannon
INFO     magnezone used a damaging move - not guessing lifeorb anymore
INFO     magnezone did 26.77% damage to taurospaldeablaze with flashcannon
INFO     
INFO     Turn: 6
INFO     Sampling battle 0
INFO     	      magnezone   magnetpull  choicescarf [bodypress, flashcannon, thunderbolt, voltswitch] ttype=fighting
INFO     Sampling 4 unrevealed pokemon
INFO     	       mudsdale      stamina    leftovers [earthquake, heavyslam, roar, stealthrock] ttype=steel
INFO     	         zekrom     teravolt    leftovers [boltstrike, dragondance, outrage, substitute] ttype=grass
INFO     	        banette   cursedbody      lifeorb [gunkshot, poltergeist, shadowsneak, thunderwave] ttype=ghost
INFO     	     calyrexice asone(glastrier) weaknesspolicy [agility, closecombat, glaciallance, highhorsepower] ttype=ground
INFO     Sampling battle 1
INFO     	      magnezone   magnetpull    leftovers [bodypress, flashcannon, irondefense, thunderbolt] ttype=fighting
INFO     Sampling 4 unrevealed pokemon
INFO     	     annihilape      defiant    leftovers [bulkup, drainpunch, ragefist, taunt] ttype=steel
INFO     	    brutebonnet protosynthesis    leftovers [closecombat, seedbomb, spore, suckerpunch] ttype=poison
INFO     	   arceusflying    multitype     skyplate [calmmind, earthpower, judgment, recover] ttype=steel
INFO     	  samurotthisui    sharpness   choiceband [ceaselessedge, flipturn, razorshell, sacredsword] ttype=poison
INFO     Initializing per-node neural priors callback (Abra model)...
INFO     Neural callback already initialized
INFO     Per-node neural priors enabled
INFO     Searching for a move using PUCT MCTS with neural priors...
INFO     Sampling 2 battles at 500ms each
INFO     Computing neural priors for all battles...
INFO     Initialized StateTranslator with TeamPreviewObservationSpace
INFO     Initializing LocalPolicyProvider with model: Abra
INFO     Loading pretrained Abra model...
INFO     CUDA not available - overriding FlashAttention with VanillaAttention
[91mWarning: Using unofficial VanillaAttention implementation[0m


 		 AMAGO v3.1
            	 -------------------------
            	 Agent: MultiTaskAgent
            		 Max Sequence Length: 200
            		 TstepEncoder Type: MetamonTstepEncoder
            		 TrajEncoder Type: TformerTrajEncoder
            		 Total Parameters: 57,535,116
            		 Offline Loss Weight: 1.0
            		 Online Loss Weight: 0.0
            		 Mixed Precision: NO
            		 Checkpoint Path: /Users/yadureddy/Documents/GitHub/clean/pokeagent_ac_mcts/.metamon_cache/pretrained_models/models--jakegrigsby--metamon/snapshots/c5d1cb9abb6747066a325228845a5a8af3d12139/abra/abra/ckpts
            	 Environment:
            		 DummyAsyncVectorEnv(Gym Env x 1)
            		 Exploration Type: None
            	 Dataset: DoNothingDataset
            	 Accelerate Processes: 1 


INFO     Successfully loaded Abra model
ERROR    Error translating battle to observation: 
WARNING  Failed to get priors for battle: 
ERROR    Error translating battle to observation: 
WARNING  Failed to get priors for battle: 
INFO     Successfully computed neural priors for 0/2 battles
INFO     Using PUCT-guided move selection (priors integrated during search)...
INFO     Policy 0: switch clawitzer visited 56.31% avg_score=0.467 sample_chance_multiplier=0.5
INFO     Policy 1: flareblitz visited 54.19% avg_score=0.511 sample_chance_multiplier=0.5
INFO     Considered Choices:
INFO     	32.451%: flareblitz
INFO     	29.188%: closecombat
INFO     	28.31%: switch clawitzer
INFO     Choice: flareblitz
INFO     Opponent has switched - clearing the last used move
INFO     alcremierainbowswirl switched in, adding intimidate to impossible abilities
INFO     alcremierainbowswirl switched in, adding pressure to impossible abilities
INFO     alcremierainbowswirl switched in, adding neutralizinggas to impossible abilities
INFO     alcremierainbowswirl switched in, adding sandstream to impossible abilities
INFO     alcremierainbowswirl switched in, adding drought to impossible abilities
INFO     alcremierainbowswirl switched in, adding drizzle to impossible abilities
INFO     alcremierainbowswirl switched in, adding snowwarning to impossible abilities
INFO     alcremierainbowswirl switched in, adding boosterenergy to impossible items
INFO     alcremierainbowswirl switched in, adding airballoon to impossible items
INFO     alcremierainbowswirl's speed was unboosted by 1 to -1
INFO     taurospaldeablaze already has the move flareblitz. Decrementing the PP by 1
INFO     taurospaldeablaze used a fire move, removing firegem from possible items
INFO     Setting taurospaldeablaze's last used move: flareblitz
INFO     taurospaldeablaze used a damaging move - not guessing lifeorb anymore
INFO     taurospaldeablaze did 77.0% damage to alcremierainbowswirl with flareblitz
INFO     Setting alcremierainbowswirl's item to: leftovers
INFO     alcremierainbowswirl has less than maxhp during upkeep, no longer guessing leftovers or blacksludge
INFO     
INFO     Turn: 7
INFO     Sampling battle 0
INFO     	alcremierainbowswirl    aromaveil    leftovers [acidarmor, alluringvoice, calmmind, recover] ttype=poison
INFO     	      magnezone   magnetpull  assaultvest [discharge, flashcannon, mirrorcoat, voltswitch] ttype=water
INFO     Sampling 3 unrevealed pokemon
INFO     	      mightyena   intimidate   choiceband [crunch, playrough, poisonfang, suckerpunch] ttype=fairy
INFO     	       rotomfan     levitate heavydutyboots [airslash, thunderbolt, voltswitch, willowisp] ttype=electric
INFO     	       basculin adaptability   choiceband [aquajet, doubleedge, flipturn, wavecrash] ttype=water
INFO     Sampling battle 1
INFO     	alcremierainbowswirl    aromaveil    leftovers [acidarmor, alluringvoice, calmmind, recover] ttype=poison
INFO     	      magnezone   magnetpull  choicescarf [bodypress, flashcannon, thunderbolt, voltswitch] ttype=electric
INFO     Sampling 3 unrevealed pokemon
INFO     	 electrodehisui   soundproof      lifeorb [gigadrain, taunt, thunderbolt, thunderwave] ttype=electric
INFO     	        okidogi   toxicchain  assaultvest [drainpunch, gunkshot, highhorsepower, knockoff] ttype=dark
INFO     	        urshifu   unseenfist   choiceband [closecombat, poisonjab, suckerpunch, wickedblow] ttype=dark
INFO     Sampling battle 2
INFO     	alcremierainbowswirl    aromaveil    leftovers [acidarmor, alluringvoice, calmmind, recover] ttype=steel
INFO     	      magnezone   magnetpull  assaultvest [bodypress, flashcannon, thunderbolt, voltswitch] ttype=water
INFO     Sampling 3 unrevealed pokemon
INFO     	         swalot   liquidooze    leftovers [earthquake, gunkshot, knockoff, swordsdance] ttype=dark
INFO     	     sandaconda     shedskin    leftovers [earthquake, glare, stealthrock, stoneedge] ttype=dragon
INFO     	  oricoriosensu       dancer heavydutyboots [hurricane, quiverdance, revelationdance, roost] ttype=ghost
INFO     Sampling battle 3
INFO     	alcremierainbowswirl    aromaveil    leftovers [acidarmor, alluringvoice, calmmind, recover] ttype=poison
INFO     	      magnezone   magnetpull  assaultvest [bodypress, discharge, flashcannon, voltswitch] ttype=flying
INFO     Sampling 3 unrevealed pokemon
INFO     	      heracross        moxie   choiceband [closecombat, knockoff, megahorn, stoneedge] ttype=fighting
INFO     	          minun   voltabsorb      lifeorb [alluringvoice, grassknot, nastyplot, thunderbolt] ttype=electric
INFO     	         dialga     pressure  assaultvest [dracometeor, dragontail, fireblast, heavyslam] ttype=steel
INFO     Initializing per-node neural priors callback (Abra model)...
INFO     Neural callback already initialized
INFO     Per-node neural priors enabled
INFO     Searching for a move using PUCT MCTS with neural priors...
INFO     Sampling 4 battles at 250ms each
INFO     Computing neural priors for all battles...
INFO     Initialized StateTranslator with TeamPreviewObservationSpace
INFO     Initializing LocalPolicyProvider with model: Abra
INFO     Loading pretrained Abra model...
INFO     CUDA not available - overriding FlashAttention with VanillaAttention
[91mWarning: Using unofficial VanillaAttention implementation[0m


 		 AMAGO v3.1
            	 -------------------------
            	 Agent: MultiTaskAgent
            		 Max Sequence Length: 200
            		 TstepEncoder Type: MetamonTstepEncoder
            		 TrajEncoder Type: TformerTrajEncoder
            		 Total Parameters: 57,535,116
            		 Offline Loss Weight: 1.0
            		 Online Loss Weight: 0.0
            		 Mixed Precision: NO
            		 Checkpoint Path: /Users/yadureddy/Documents/GitHub/clean/pokeagent_ac_mcts/.metamon_cache/pretrained_models/models--jakegrigsby--metamon/snapshots/c5d1cb9abb6747066a325228845a5a8af3d12139/abra/abra/ckpts
            	 Environment:
            		 DummyAsyncVectorEnv(Gym Env x 1)
            		 Exploration Type: None
            	 Dataset: DoNothingDataset
            	 Accelerate Processes: 1 


INFO     Successfully loaded Abra model
ERROR    Error translating battle to observation: 
WARNING  Failed to get priors for battle: 
ERROR    Error translating battle to observation: 
WARNING  Failed to get priors for battle: 
ERROR    Error translating battle to observation: 
WARNING  Failed to get priors for battle: 
ERROR    Error translating battle to observation: 
WARNING  Failed to get priors for battle: 
INFO     Successfully computed neural priors for 0/4 battles
INFO     Using PUCT-guided move selection (priors integrated during search)...
INFO     Policy 0: flareblitz visited 93.49% avg_score=0.518 sample_chance_multiplier=0.25
INFO     Policy 1: flareblitz visited 98.26% avg_score=0.665 sample_chance_multiplier=0.25
INFO     Policy 2: flareblitz visited 97.7% avg_score=0.521 sample_chance_multiplier=0.25
INFO     Policy 3: flareblitz visited 98.81% avg_score=0.682 sample_chance_multiplier=0.25
INFO     Considered Choices:
INFO     	97.067%: flareblitz
INFO     Choice: flareblitz
INFO     Opponent has switched - clearing the last used move
INFO     gastrodon switched in, adding intimidate to impossible abilities
INFO     gastrodon switched in, adding pressure to impossible abilities
INFO     gastrodon switched in, adding neutralizinggas to impossible abilities
INFO     gastrodon switched in, adding sandstream to impossible abilities
INFO     gastrodon switched in, adding drought to impossible abilities
INFO     gastrodon switched in, adding drizzle to impossible abilities
INFO     gastrodon switched in, adding snowwarning to impossible abilities
INFO     gastrodon switched in, adding boosterenergy to impossible items
INFO     gastrodon switched in, adding airballoon to impossible items
INFO     gastrodon's speed was unboosted by 1 to -1
INFO     taurospaldeablaze already has the move flareblitz. Decrementing the PP by 1
INFO     taurospaldeablaze used a fire move, removing firegem from possible items
INFO     Setting taurospaldeablaze's last used move: flareblitz
INFO     taurospaldeablaze used a damaging move - not guessing lifeorb anymore
INFO     taurospaldeablaze did 32.0% damage to gastrodon with flareblitz
INFO     Setting gastrodon's item to: leftovers
INFO     gastrodon has less than maxhp during upkeep, no longer guessing leftovers or blacksludge
INFO     
INFO     Turn: 8
INFO     Sampling battle 0
INFO     	      gastrodon   stormdrain    leftovers [earthquake, recover, stealthrock, surf] ttype=poison
INFO     	      magnezone   magnetpull  choicescarf [bodypress, flashcannon, thunderbolt, voltswitch] ttype=flying
INFO     	alcremierainbowswirl    aromaveil    leftovers [acidarmor, calmmind, dazzlinggleam, recover] ttype=poison
INFO     Sampling 2 unrevealed pokemon
INFO     	      toxicroak      dryskin      lifeorb [closecombat, gunkshot, knockoff, swordsdance] ttype=dark
INFO     	          chiyu  beadsofruin  choicespecs [darkpulse, flamethrower, overheat, psychic] ttype=fire
INFO     Sampling battle 1
INFO     	      gastrodon   stormdrain    leftovers [earthquake, recover, sludgebomb, stealthrock] ttype=poison
INFO     	      magnezone   magnetpull  choicescarf [bodypress, flashcannon, thunderbolt, voltswitch] ttype=fighting
INFO     	alcremierainbowswirl    aromaveil    leftovers [acidarmor, alluringvoice, calmmind, recover] ttype=steel
INFO     Sampling 2 unrevealed pokemon
INFO     	        volbeat    prankster heavydutyboots [encore, roost, thunderwave, uturn] ttype=steel
INFO     	        dondozo      unaware    leftovers [curse, rest, sleeptalk, wavecrash] ttype=dragon
INFO     Initializing per-node neural priors callback (Abra model)...
INFO     Neural callback already initialized
INFO     Per-node neural priors enabled
INFO     Searching for a move using PUCT MCTS with neural priors...
INFO     Sampling 2 battles at 500ms each
INFO     Computing neural priors for all battles...
INFO     Initialized StateTranslator with TeamPreviewObservationSpace
INFO     Initializing LocalPolicyProvider with model: Abra
INFO     Loading pretrained Abra model...
INFO     CUDA not available - overriding FlashAttention with VanillaAttention
[91mWarning: Using unofficial VanillaAttention implementation[0m


 		 AMAGO v3.1
            	 -------------------------
            	 Agent: MultiTaskAgent
            		 Max Sequence Length: 200
            		 TstepEncoder Type: MetamonTstepEncoder
            		 TrajEncoder Type: TformerTrajEncoder
            		 Total Parameters: 57,535,116
            		 Offline Loss Weight: 1.0
            		 Online Loss Weight: 0.0
            		 Mixed Precision: NO
            		 Checkpoint Path: /Users/yadureddy/Documents/GitHub/clean/pokeagent_ac_mcts/.metamon_cache/pretrained_models/models--jakegrigsby--metamon/snapshots/c5d1cb9abb6747066a325228845a5a8af3d12139/abra/abra/ckpts
            	 Environment:
            		 DummyAsyncVectorEnv(Gym Env x 1)
            		 Exploration Type: None
            	 Dataset: DoNothingDataset
            	 Accelerate Processes: 1 


INFO     Successfully loaded Abra model
ERROR    Error translating battle to observation: 
WARNING  Failed to get priors for battle: 
ERROR    Error translating battle to observation: 
WARNING  Failed to get priors for battle: 
INFO     Successfully computed neural priors for 0/2 battles
INFO     Using PUCT-guided move selection (priors integrated during search)...
INFO     Policy 0: switch regidrago visited 50.52% avg_score=0.394 sample_chance_multiplier=0.5
INFO     Policy 1: switch alcremiecaramelswirl visited 84.92% avg_score=0.403 sample_chance_multiplier=0.5
INFO     Considered Choices:
INFO     	55.337%: switch alcremiecaramelswirl
INFO     Choice: switch alcremiecaramelswirl
INFO     alcremiecaramelswirl switched in, adding intimidate to impossible abilities
INFO     alcremiecaramelswirl switched in, adding pressure to impossible abilities
INFO     alcremiecaramelswirl switched in, adding neutralizinggas to impossible abilities
INFO     alcremiecaramelswirl switched in, adding sandstream to impossible abilities
INFO     alcremiecaramelswirl switched in, adding drought to impossible abilities
INFO     alcremiecaramelswirl switched in, adding drizzle to impossible abilities
INFO     alcremiecaramelswirl switched in, adding snowwarning to impossible abilities
INFO     alcremiecaramelswirl switched in, adding boosterenergy to impossible items
INFO     alcremiecaramelswirl switched in, adding airballoon to impossible items
INFO     gastrodon used a status-move. Adding `assaultvest` to impossible items
INFO     Setting gastrodon's last used move: stealthrock
INFO     Incremented side condition stealthrock to 1 for alcremiecaramelswirl
INFO     Setting gastrodon's item to: leftovers
INFO     gastrodon has less than maxhp during upkeep, no longer guessing leftovers or blacksludge
INFO     
INFO     Turn: 9
INFO     Sampling battle 0
INFO     	      gastrodon   stormdrain    leftovers [earthquake, recover, stealthrock, surf] ttype=poison
INFO     	      magnezone   magnetpull    leftovers [bodypress, discharge, flashcannon, irondefense] ttype=fighting
INFO     	alcremierainbowswirl    aromaveil    leftovers [acidarmor, alluringvoice, calmmind, recover] ttype=steel
INFO     Sampling 2 unrevealed pokemon
INFO     	      abomasnow  snowwarning    lightclay [auroraveil, blizzard, earthquake, iceshard] ttype=ice
INFO     	   greninjabond   battlebond      lifeorb [darkpulse, gunkshot, hydropump, icebeam] ttype=poison
INFO     Sampling battle 1
INFO     	      gastrodon   stormdrain    leftovers [earthquake, recover, stealthrock, surf] ttype=steel
INFO     	      magnezone   magnetpull  choicescarf [bodypress, flashcannon, thunderbolt, voltswitch] ttype=fighting
INFO     	alcremierainbowswirl    aromaveil    leftovers [acidarmor, calmmind, dazzlinggleam, recover] ttype=poison
INFO     Sampling 2 unrevealed pokemon
INFO     	  calyrexshadow asone(spectrier)  choicespecs [astralbarrage, pollenpuff, psyshock, trick] ttype=dark
INFO     	       gyarados        moxie heavydutyboots [dragondance, earthquake, temperflare, waterfall] ttype=ground
INFO     Initializing per-node neural priors callback (Abra model)...
INFO     Neural callback already initialized
INFO     Per-node neural priors enabled
INFO     Searching for a move using PUCT MCTS with neural priors...
INFO     Sampling 2 battles at 500ms each
INFO     Computing neural priors for all battles...
INFO     Initialized StateTranslator with TeamPreviewObservationSpace
INFO     Initializing LocalPolicyProvider with model: Abra
INFO     Loading pretrained Abra model...
INFO     CUDA not available - overriding FlashAttention with VanillaAttention
[91mWarning: Using unofficial VanillaAttention implementation[0m


 		 AMAGO v3.1
            	 -------------------------
            	 Agent: MultiTaskAgent
            		 Max Sequence Length: 200
            		 TstepEncoder Type: MetamonTstepEncoder
            		 TrajEncoder Type: TformerTrajEncoder
            		 Total Parameters: 57,535,116
            		 Offline Loss Weight: 1.0
            		 Online Loss Weight: 0.0
            		 Mixed Precision: NO
            		 Checkpoint Path: /Users/yadureddy/Documents/GitHub/clean/pokeagent_ac_mcts/.metamon_cache/pretrained_models/models--jakegrigsby--metamon/snapshots/c5d1cb9abb6747066a325228845a5a8af3d12139/abra/abra/ckpts
            	 Environment:
            		 DummyAsyncVectorEnv(Gym Env x 1)
            		 Exploration Type: None
            	 Dataset: DoNothingDataset
            	 Accelerate Processes: 1 


INFO     Successfully loaded Abra model
ERROR    Error translating battle to observation: 
WARNING  Failed to get priors for battle: 
ERROR    Error translating battle to observation: 
WARNING  Failed to get priors for battle: 
INFO     Successfully computed neural priors for 0/2 battles
INFO     Using PUCT-guided move selection (priors integrated during search)...
INFO     Policy 0: calmmind visited 98.99% avg_score=0.694 sample_chance_multiplier=0.5
INFO     Policy 1: calmmind visited 99.1% avg_score=0.704 sample_chance_multiplier=0.5
INFO     Considered Choices:
INFO     	99.049%: calmmind
INFO     Choice: calmmind
INFO     Opponent has switched - clearing the last used move
INFO     cramorant switched in, adding intimidate to impossible abilities
INFO     cramorant switched in, adding pressure to impossible abilities
INFO     cramorant switched in, adding neutralizinggas to impossible abilities
INFO     cramorant switched in, adding sandstream to impossible abilities
INFO     cramorant switched in, adding drought to impossible abilities
INFO     cramorant switched in, adding drizzle to impossible abilities
INFO     cramorant switched in, adding snowwarning to impossible abilities
INFO     cramorant switched in, adding boosterenergy to impossible items
INFO     cramorant switched in, adding airballoon to impossible items
INFO     alcremiecaramelswirl already has the move calmmind. Decrementing the PP by 1
INFO     alcremiecaramelswirl using calmmind makes it unlikely to have a choice item. Setting can_have_choice_item to False
INFO     alcremiecaramelswirl used a status-move. Adding `assaultvest` to impossible items
INFO     Setting alcremiecaramelswirl's last used move: calmmind
INFO     alcremiecaramelswirl's special-attack was boosted by 1 to 1
INFO     alcremiecaramelswirl's special-defense was boosted by 1 to 1
INFO     
INFO     Turn: 10
INFO     Sampling battle 0
INFO     	      cramorant  gulpmissile heavydutyboots [bravebird, defog, roost, surf] ttype=ground
INFO     	      magnezone   magnetpull    leftovers [bodypress, flashcannon, irondefense, thunderbolt] ttype=fighting
INFO     	alcremierainbowswirl    aromaveil    leftovers [acidarmor, alluringvoice, calmmind, recover] ttype=poison
INFO     	      gastrodon   stormdrain    leftovers [earthquake, recover, stealthrock, surf] ttype=poison
INFO     Sampling 1 unrevealed pokemon
INFO     	     grimmsnarl    prankster    leftovers [partingshot, spiritbreak, suckerpunch, taunt] ttype=steel
INFO     Sampling battle 1
INFO     	      cramorant  gulpmissile heavydutyboots [bravebird, defog, roost, surf] ttype=ground
INFO     	      magnezone   magnetpull  choicescarf [bodypress, flashcannon, thunderbolt, voltswitch] ttype=electric
INFO     	alcremierainbowswirl    aromaveil    leftovers [acidarmor, alluringvoice, calmmind, recover] ttype=steel
INFO     	      gastrodon   stormdrain    leftovers [earthquake, recover, stealthrock, surf] ttype=poison
INFO     Sampling 1 unrevealed pokemon
INFO     	      spiritomb  infiltrator    leftovers [foulplay, poltergeist, suckerpunch, willowisp] ttype=steel
INFO     Initializing per-node neural priors callback (Abra model)...
INFO     Neural callback already initialized
INFO     Per-node neural priors enabled
INFO     Searching for a move using PUCT MCTS with neural priors...
INFO     Sampling 2 battles at 500ms each
INFO     Computing neural priors for all battles...
INFO     Initialized StateTranslator with TeamPreviewObservationSpace
INFO     Initializing LocalPolicyProvider with model: Abra
INFO     Loading pretrained Abra model...
INFO     CUDA not available - overriding FlashAttention with VanillaAttention
[91mWarning: Using unofficial VanillaAttention implementation[0m


 		 AMAGO v3.1
            	 -------------------------
            	 Agent: MultiTaskAgent
            		 Max Sequence Length: 200
            		 TstepEncoder Type: MetamonTstepEncoder
            		 TrajEncoder Type: TformerTrajEncoder
            		 Total Parameters: 57,535,116
            		 Offline Loss Weight: 1.0
            		 Online Loss Weight: 0.0
            		 Mixed Precision: NO
            		 Checkpoint Path: /Users/yadureddy/Documents/GitHub/clean/pokeagent_ac_mcts/.metamon_cache/pretrained_models/models--jakegrigsby--metamon/snapshots/c5d1cb9abb6747066a325228845a5a8af3d12139/abra/abra/ckpts
            	 Environment:
            		 DummyAsyncVectorEnv(Gym Env x 1)
            		 Exploration Type: None
            	 Dataset: DoNothingDataset
            	 Accelerate Processes: 1 


INFO     Successfully loaded Abra model
ERROR    Error translating battle to observation: 
WARNING  Failed to get priors for battle: 
ERROR    Error translating battle to observation: 
WARNING  Failed to get priors for battle: 
INFO     Successfully computed neural priors for 0/2 battles
INFO     Using PUCT-guided move selection (priors integrated during search)...
INFO     Policy 0: calmmind visited 98.42% avg_score=0.625 sample_chance_multiplier=0.5
INFO     Policy 1: calmmind visited 98.9% avg_score=0.684 sample_chance_multiplier=0.5
INFO     Considered Choices:
INFO     	98.66%: calmmind
INFO     Choice: calmmind
INFO     Updated cramorant's min speed to 163
INFO     cramorant using defog makes it unlikely to have a choice item. Setting can_have_choice_item to False
INFO     cramorant used a status-move. Adding `assaultvest` to impossible items
INFO     Setting cramorant's last used move: defog
INFO     alcremiecaramelswirl's evasion was unboosted by 1 to -1
INFO     Side condition stealthrock ending for user
INFO     Side condition stickyweb ending for opponent
INFO     alcremiecaramelswirl already has the move calmmind. Decrementing the PP by 1
INFO     alcremiecaramelswirl using calmmind makes it unlikely to have a choice item. Setting can_have_choice_item to False
INFO     alcremiecaramelswirl used a status-move. Adding `assaultvest` to impossible items
INFO     Setting alcremiecaramelswirl's last used move: calmmind
INFO     alcremiecaramelswirl's special-attack was boosted by 1 to 2
INFO     alcremiecaramelswirl's special-defense was boosted by 1 to 2
INFO     
INFO     Turn: 11
INFO     Sampling battle 0
INFO     	      cramorant  gulpmissile heavydutyboots [bravebird, defog, roost, surf] ttype=ground
INFO     	      magnezone   magnetpull    leftovers [bodypress, flashcannon, irondefense, thunderbolt] ttype=fighting
INFO     	alcremierainbowswirl    aromaveil    leftovers [acidarmor, alluringvoice, calmmind, recover] ttype=poison
INFO     	      gastrodon   stormdrain    leftovers [earthquake, recover, sludgebomb, stealthrock] ttype=poison
INFO     Sampling 1 unrevealed pokemon
INFO     	         regice    clearbody heavydutyboots [icebeam, rest, sleeptalk, thunderbolt] ttype=electric
INFO     Sampling battle 1
INFO     	      cramorant  gulpmissile heavydutyboots [bravebird, defog, roost, surf] ttype=ground
INFO     	      magnezone   magnetpull    leftovers [bodypress, discharge, flashcannon, irondefense] ttype=fighting
INFO     	alcremierainbowswirl    aromaveil    leftovers [acidarmor, alluringvoice, calmmind, recover] ttype=steel
INFO     	      gastrodon   stormdrain    leftovers [earthquake, recover, stealthrock, surf] ttype=poison
INFO     Sampling 1 unrevealed pokemon
INFO     	    arceusgrass    multitype  meadowplate [calmmind, fireblast, judgment, recover] ttype=fire
INFO     Initializing per-node neural priors callback (Abra model)...
INFO     Neural callback already initialized
INFO     Per-node neural priors enabled
INFO     Searching for a move using PUCT MCTS with neural priors...
INFO     Sampling 2 battles at 500ms each
INFO     Computing neural priors for all battles...
INFO     Initialized StateTranslator with TeamPreviewObservationSpace
INFO     Initializing LocalPolicyProvider with model: Abra
INFO     Loading pretrained Abra model...
INFO     CUDA not available - overriding FlashAttention with VanillaAttention
[91mWarning: Using unofficial VanillaAttention implementation[0m


 		 AMAGO v3.1
            	 -------------------------
            	 Agent: MultiTaskAgent
            		 Max Sequence Length: 200
            		 TstepEncoder Type: MetamonTstepEncoder
            		 TrajEncoder Type: TformerTrajEncoder
            		 Total Parameters: 57,535,116
            		 Offline Loss Weight: 1.0
            		 Online Loss Weight: 0.0
            		 Mixed Precision: NO
            		 Checkpoint Path: /Users/yadureddy/Documents/GitHub/clean/pokeagent_ac_mcts/.metamon_cache/pretrained_models/models--jakegrigsby--metamon/snapshots/c5d1cb9abb6747066a325228845a5a8af3d12139/abra/abra/ckpts
            	 Environment:
            		 DummyAsyncVectorEnv(Gym Env x 1)
            		 Exploration Type: None
            	 Dataset: DoNothingDataset
            	 Accelerate Processes: 1 


INFO     Successfully loaded Abra model
ERROR    Error translating battle to observation: 
WARNING  Failed to get priors for battle: 
ERROR    Error translating battle to observation: 
WARNING  Failed to get priors for battle: 
INFO     Successfully computed neural priors for 0/2 battles
INFO     Using PUCT-guided move selection (priors integrated during search)...
INFO     Policy 0: calmmind visited 98.95% avg_score=0.718 sample_chance_multiplier=0.5
INFO     Policy 1: acidarmor visited 52.84% avg_score=0.599 sample_chance_multiplier=0.5
INFO     Considered Choices:
INFO     	59.0%: calmmind
INFO     Choice: calmmind
INFO     Updated cramorant's min speed to 163
INFO     cramorant used two different moves - it cannot have a choice item
INFO     cramorant used a water move, removing watergem from possible items
INFO     Setting cramorant's last used move: surf
INFO     cramorant used a damaging move - not guessing lifeorb anymore
INFO     cramorant did 12.790000000000001% damage to alcremiecaramelswirl with surf
INFO     Form Change: cramorant -> Cramorant-Gulping
INFO     alcremiecaramelswirl already has the move calmmind. Decrementing the PP by 1
INFO     alcremiecaramelswirl using calmmind makes it unlikely to have a choice item. Setting can_have_choice_item to False
INFO     alcremiecaramelswirl used a status-move. Adding `assaultvest` to impossible items
INFO     Setting alcremiecaramelswirl's last used move: calmmind
INFO     alcremiecaramelswirl's special-attack was boosted by 1 to 3
INFO     alcremiecaramelswirl's special-defense was boosted by 1 to 3
INFO     Setting alcremiecaramelswirl's item to: leftovers
INFO     
INFO     Turn: 12
INFO     Sampling battle 0
INFO     	cramorantgulping  gulpmissile heavydutyboots [bravebird, defog, roost, surf] ttype=ground
INFO     	      magnezone   magnetpull    leftovers [bodypress, flashcannon, irondefense, thunderbolt] ttype=fighting
INFO     	alcremierainbowswirl    aromaveil    leftovers [acidarmor, alluringvoice, calmmind, recover] ttype=poison
INFO     	      gastrodon   stormdrain    leftovers [earthquake, recover, sludgebomb, stealthrock] ttype=poison
INFO     Sampling 1 unrevealed pokemon
INFO     	       cobalion    justified    leftovers [bodypress, ironhead, stealthrock, stoneedge] ttype=water
INFO     Sampling battle 1
INFO     	cramorantgulping  gulpmissile heavydutyboots [bravebird, defog, roost, surf] ttype=ground
INFO     	      magnezone   magnetpull    leftovers [bodypress, flashcannon, irondefense, thunderbolt] ttype=fighting
INFO     	alcremierainbowswirl    aromaveil    leftovers [acidarmor, alluringvoice, calmmind, recover] ttype=poison
INFO     	      gastrodon   stormdrain    leftovers [earthquake, recover, sludgebomb, stealthrock] ttype=poison
INFO     Sampling 1 unrevealed pokemon
INFO     	      armarouge    weakarmor  choicespecs [armorcannon, energyball, focusblast, psyshock] ttype=fire
INFO     Initializing per-node neural priors callback (Abra model)...
INFO     Neural callback already initialized
INFO     Per-node neural priors enabled
INFO     Searching for a move using PUCT MCTS with neural priors...
INFO     Sampling 2 battles at 500ms each
INFO     Computing neural priors for all battles...
INFO     Initialized StateTranslator with TeamPreviewObservationSpace
INFO     Initializing LocalPolicyProvider with model: Abra
INFO     Loading pretrained Abra model...
INFO     CUDA not available - overriding FlashAttention with VanillaAttention
[91mWarning: Using unofficial VanillaAttention implementation[0m


 		 AMAGO v3.1
            	 -------------------------
            	 Agent: MultiTaskAgent
            		 Max Sequence Length: 200
            		 TstepEncoder Type: MetamonTstepEncoder
            		 TrajEncoder Type: TformerTrajEncoder
            		 Total Parameters: 57,535,116
            		 Offline Loss Weight: 1.0
            		 Online Loss Weight: 0.0
            		 Mixed Precision: NO
            		 Checkpoint Path: /Users/yadureddy/Documents/GitHub/clean/pokeagent_ac_mcts/.metamon_cache/pretrained_models/models--jakegrigsby--metamon/snapshots/c5d1cb9abb6747066a325228845a5a8af3d12139/abra/abra/ckpts
            	 Environment:
            		 DummyAsyncVectorEnv(Gym Env x 1)
            		 Exploration Type: None
            	 Dataset: DoNothingDataset
            	 Accelerate Processes: 1 


INFO     Successfully loaded Abra model
ERROR    Error translating battle to observation: 
WARNING  Failed to get priors for battle: 
ERROR    Error translating battle to observation: 
WARNING  Failed to get priors for battle: 
INFO     Successfully computed neural priors for 0/2 battles
INFO     Using PUCT-guided move selection (priors integrated during search)...
INFO     Policy 0: acidarmor visited 98.96% avg_score=0.735 sample_chance_multiplier=0.5
INFO     Policy 1: acidarmor visited 99.16% avg_score=0.734 sample_chance_multiplier=0.5
INFO     Considered Choices:
INFO     	99.06%: acidarmor
INFO     Choice: acidarmor
INFO     Updated cramorantgulping's min speed to 163
INFO     cramorantgulping used a flying move, removing flyinggem from possible items
INFO     Setting cramorantgulping's last used move: bravebird
INFO     cramorantgulping used a damaging move - not guessing lifeorb anymore
INFO     cramorantgulping did 51.160000000000004% damage to alcremiecaramelswirl with bravebird
INFO     alcremiecaramelswirl already has the move acidarmor. Decrementing the PP by 1
INFO     alcremiecaramelswirl using acidarmor makes it unlikely to have a choice item. Setting can_have_choice_item to False
INFO     alcremiecaramelswirl used a status-move. Adding `assaultvest` to impossible items
INFO     Setting alcremiecaramelswirl's last used move: acidarmor
INFO     alcremiecaramelswirl's defense was boosted by 2 to 2
INFO     Setting alcremiecaramelswirl's item to: leftovers
INFO     cramorantgulping has less than maxhp during upkeep, no longer guessing leftovers or blacksludge
INFO     
INFO     Turn: 13
INFO     Sampling battle 0
INFO     	cramorantgulping  gulpmissile heavydutyboots [bravebird, defog, roost, surf] ttype=ground
INFO     	      magnezone   magnetpull  assaultvest [bodypress, flashcannon, thunderbolt, voltswitch] ttype=water
INFO     	alcremierainbowswirl    aromaveil    leftovers [acidarmor, calmmind, dazzlinggleam, recover] ttype=poison
INFO     	      gastrodon   stormdrain    leftovers [earthquake, recover, stealthrock, surf] ttype=poison
INFO     Sampling 1 unrevealed pokemon
INFO     	        banette     insomnia      lifeorb [gunkshot, poltergeist, shadowsneak, swordsdance] ttype=poison
INFO     Sampling battle 1
INFO     	cramorantgulping  gulpmissile heavydutyboots [bravebird, defog, roost, surf] ttype=ground
INFO     	      magnezone   magnetpull  assaultvest [bodypress, discharge, flashcannon, voltswitch] ttype=flying
INFO     	alcremierainbowswirl    aromaveil    leftovers [acidarmor, alluringvoice, calmmind, recover] ttype=poison
INFO     	      gastrodon   stormdrain    leftovers [earthquake, recover, sludgebomb, stealthrock] ttype=poison
INFO     Sampling 1 unrevealed pokemon
INFO     	           uxie     levitate    leftovers [knockoff, psychicnoise, uturn, yawn] ttype=electric
INFO     Initializing per-node neural priors callback (Abra model)...
INFO     Neural callback already initialized
INFO     Per-node neural priors enabled
INFO     Searching for a move using PUCT MCTS with neural priors...
INFO     Sampling 2 battles at 500ms each
INFO     Computing neural priors for all battles...
INFO     Initialized StateTranslator with TeamPreviewObservationSpace
INFO     Initializing LocalPolicyProvider with model: Abra
INFO     Loading pretrained Abra model...
INFO     CUDA not available - overriding FlashAttention with VanillaAttention
[91mWarning: Using unofficial VanillaAttention implementation[0m


 		 AMAGO v3.1
            	 -------------------------
            	 Agent: MultiTaskAgent
            		 Max Sequence Length: 200
            		 TstepEncoder Type: MetamonTstepEncoder
            		 TrajEncoder Type: TformerTrajEncoder
            		 Total Parameters: 57,535,116
            		 Offline Loss Weight: 1.0
            		 Online Loss Weight: 0.0
            		 Mixed Precision: NO
            		 Checkpoint Path: /Users/yadureddy/Documents/GitHub/clean/pokeagent_ac_mcts/.metamon_cache/pretrained_models/models--jakegrigsby--metamon/snapshots/c5d1cb9abb6747066a325228845a5a8af3d12139/abra/abra/ckpts
            	 Environment:
            		 DummyAsyncVectorEnv(Gym Env x 1)
            		 Exploration Type: None
            	 Dataset: DoNothingDataset
            	 Accelerate Processes: 1 


INFO     Successfully loaded Abra model
ERROR    Error translating battle to observation: 
WARNING  Failed to get priors for battle: 
ERROR    Error translating battle to observation: 
WARNING  Failed to get priors for battle: 
INFO     Successfully computed neural priors for 0/2 battles
INFO     Using PUCT-guided move selection (priors integrated during search)...
INFO     Policy 0: recover visited 99.02% avg_score=0.708 sample_chance_multiplier=0.5
INFO     Policy 1: recover visited 55.26% avg_score=0.733 sample_chance_multiplier=0.5
INFO     Considered Choices:
INFO     	77.14%: recover
INFO     Choice: recover
INFO     Updated cramorantgulping's min speed to 163
INFO     cramorantgulping already has the move bravebird. Decrementing the PP by 1
INFO     cramorantgulping used a flying move, removing flyinggem from possible items
INFO     Setting cramorantgulping's last used move: bravebird
INFO     cramorantgulping used a damaging move - not guessing lifeorb anymore
INFO     cramorantgulping did 25.580000000000002% damage to alcremiecaramelswirl with bravebird
INFO     alcremiecaramelswirl already has the move recover. Decrementing the PP by 1
INFO     alcremiecaramelswirl using recover makes it unlikely to have a choice item. Setting can_have_choice_item to False
INFO     alcremiecaramelswirl used a status-move. Adding `assaultvest` to impossible items
INFO     Setting alcremiecaramelswirl's last used move: recover
INFO     Setting alcremiecaramelswirl's item to: leftovers
INFO     cramorantgulping has less than maxhp during upkeep, no longer guessing leftovers or blacksludge
INFO     
INFO     Turn: 14
INFO     Sampling battle 0
INFO     	cramorantgulping  gulpmissile heavydutyboots [bravebird, defog, roost, surf] ttype=ground
INFO     	      magnezone   magnetpull  choicescarf [bodypress, flashcannon, thunderbolt, voltswitch] ttype=fighting
INFO     	alcremierainbowswirl    aromaveil    leftovers [acidarmor, calmmind, dazzlinggleam, recover] ttype=poison
INFO     	      gastrodon   stormdrain    leftovers [earthquake, recover, stealthrock, surf] ttype=poison
INFO     Sampling 1 unrevealed pokemon
INFO     	    brutebonnet protosynthesis    leftovers [closecombat, seedbomb, spore, suckerpunch] ttype=fighting
INFO     Sampling battle 1
INFO     	cramorantgulping  gulpmissile heavydutyboots [bravebird, defog, roost, surf] ttype=ground
INFO     	      magnezone   magnetpull  choicescarf [bodypress, flashcannon, thunderbolt, voltswitch] ttype=fighting
INFO     	alcremierainbowswirl    aromaveil    leftovers [acidarmor, alluringvoice, calmmind, recover] ttype=steel
INFO     	      gastrodon   stormdrain    leftovers [earthquake, recover, stealthrock, surf] ttype=poison
INFO     Sampling 1 unrevealed pokemon
INFO     	      indeedeef psychicsurge  choicespecs [dazzlinggleam, hypervoice, psyshock, shadowball] ttype=psychic
INFO     Initializing per-node neural priors callback (Abra model)...
INFO     Neural callback already initialized
INFO     Per-node neural priors enabled
INFO     Searching for a move using PUCT MCTS with neural priors...
INFO     Sampling 2 battles at 500ms each
INFO     Computing neural priors for all battles...
INFO     Initialized StateTranslator with TeamPreviewObservationSpace
INFO     Initializing LocalPolicyProvider with model: Abra
INFO     Loading pretrained Abra model...
INFO     CUDA not available - overriding FlashAttention with VanillaAttention
[91mWarning: Using unofficial VanillaAttention implementation[0m


 		 AMAGO v3.1
            	 -------------------------
            	 Agent: MultiTaskAgent
            		 Max Sequence Length: 200
            		 TstepEncoder Type: MetamonTstepEncoder
            		 TrajEncoder Type: TformerTrajEncoder
            		 Total Parameters: 57,535,116
            		 Offline Loss Weight: 1.0
            		 Online Loss Weight: 0.0
            		 Mixed Precision: NO
            		 Checkpoint Path: /Users/yadureddy/Documents/GitHub/clean/pokeagent_ac_mcts/.metamon_cache/pretrained_models/models--jakegrigsby--metamon/snapshots/c5d1cb9abb6747066a325228845a5a8af3d12139/abra/abra/ckpts
            	 Environment:
            		 DummyAsyncVectorEnv(Gym Env x 1)
            		 Exploration Type: None
            	 Dataset: DoNothingDataset
            	 Accelerate Processes: 1 


INFO     Successfully loaded Abra model
ERROR    Error translating battle to observation: 
WARNING  Failed to get priors for battle: 
ERROR    Error translating battle to observation: 
WARNING  Failed to get priors for battle: 
INFO     Successfully computed neural priors for 0/2 battles
INFO     Using PUCT-guided move selection (priors integrated during search)...
INFO     Policy 0: calmmind visited 77.77% avg_score=0.801 sample_chance_multiplier=0.5
INFO     Policy 1: recover visited 98.83% avg_score=0.723 sample_chance_multiplier=0.5
INFO     Considered Choices:
INFO     	49.506%: recover
INFO     	39.035%: calmmind
INFO     Choice: calmmind
INFO     Updated cramorantgulping's min speed to 163
INFO     cramorantgulping used two different moves - it cannot have a choice item
INFO     cramorantgulping using roost makes it unlikely to have a choice item. Setting can_have_choice_item to False
INFO     cramorantgulping used a status-move. Adding `assaultvest` to impossible items
INFO     Setting cramorantgulping's last used move: roost
INFO     cramorantgulping has acquired the 'roost' volatilestatus
INFO     alcremiecaramelswirl already has the move calmmind. Decrementing the PP by 1
INFO     alcremiecaramelswirl using calmmind makes it unlikely to have a choice item. Setting can_have_choice_item to False
INFO     alcremiecaramelswirl used a status-move. Adding `assaultvest` to impossible items
INFO     Setting alcremiecaramelswirl's last used move: calmmind
INFO     alcremiecaramelswirl's special-attack was boosted by 1 to 4
INFO     alcremiecaramelswirl's special-defense was boosted by 1 to 4
INFO     Setting alcremiecaramelswirl's item to: leftovers
INFO     Removing 'roost' from cramorantgulping's volatiles
INFO     
INFO     Turn: 15
INFO     Sampling battle 0
INFO     	cramorantgulping  gulpmissile heavydutyboots [bravebird, defog, roost, surf] ttype=ground
INFO     	      magnezone   magnetpull  assaultvest [bodypress, flashcannon, thunderbolt, voltswitch] ttype=flying
INFO     	alcremierainbowswirl    aromaveil    leftovers [acidarmor, alluringvoice, calmmind, recover] ttype=steel
INFO     	      gastrodon   stormdrain    leftovers [earthquake, recover, stealthrock, surf] ttype=poison
INFO     Sampling 1 unrevealed pokemon
INFO     	    corviknight  mirrorarmor  rockyhelmet [bravebird, defog, roost, uturn] ttype=dragon
INFO     Sampling battle 1
INFO     	cramorantgulping  gulpmissile heavydutyboots [bravebird, defog, roost, surf] ttype=ground
INFO     	      magnezone   magnetpull  choicescarf [bodypress, flashcannon, thunderbolt, voltswitch] ttype=electric
INFO     	alcremierainbowswirl    aromaveil    leftovers [acidarmor, alluringvoice, calmmind, recover] ttype=steel
INFO     	      gastrodon   stormdrain    leftovers [earthquake, recover, sludgebomb, stealthrock] ttype=poison
INFO     Sampling 1 unrevealed pokemon
INFO     	      cryogonal     levitate heavydutyboots [flashcannon, freezedry, rapidspin, recover] ttype=steel
INFO     Initializing per-node neural priors callback (Abra model)...
INFO     Neural callback already initialized
INFO     Per-node neural priors enabled
INFO     Searching for a move using PUCT MCTS with neural priors...
INFO     Sampling 2 battles at 500ms each
INFO     Computing neural priors for all battles...
INFO     Initialized StateTranslator with TeamPreviewObservationSpace
INFO     Initializing LocalPolicyProvider with model: Abra
INFO     Loading pretrained Abra model...
INFO     CUDA not available - overriding FlashAttention with VanillaAttention
[91mWarning: Using unofficial VanillaAttention implementation[0m


 		 AMAGO v3.1
            	 -------------------------
            	 Agent: MultiTaskAgent
            		 Max Sequence Length: 200
            		 TstepEncoder Type: MetamonTstepEncoder
            		 TrajEncoder Type: TformerTrajEncoder
            		 Total Parameters: 57,535,116
            		 Offline Loss Weight: 1.0
            		 Online Loss Weight: 0.0
            		 Mixed Precision: NO
            		 Checkpoint Path: /Users/yadureddy/Documents/GitHub/clean/pokeagent_ac_mcts/.metamon_cache/pretrained_models/models--jakegrigsby--metamon/snapshots/c5d1cb9abb6747066a325228845a5a8af3d12139/abra/abra/ckpts
            	 Environment:
            		 DummyAsyncVectorEnv(Gym Env x 1)
            		 Exploration Type: None
            	 Dataset: DoNothingDataset
            	 Accelerate Processes: 1 


INFO     Successfully loaded Abra model
ERROR    Error translating battle to observation: 
WARNING  Failed to get priors for battle: 
ERROR    Error translating battle to observation: 
WARNING  Failed to get priors for battle: 
INFO     Successfully computed neural priors for 0/2 battles
INFO     Using PUCT-guided move selection (priors integrated during search)...
INFO     Policy 0: dazzlinggleam visited 99.31% avg_score=0.812 sample_chance_multiplier=0.5
INFO     Policy 1: dazzlinggleam visited 99.21% avg_score=0.827 sample_chance_multiplier=0.5
INFO     Considered Choices:
INFO     	99.261%: dazzlinggleam
INFO     Choice: dazzlinggleam
INFO     Updated cramorantgulping's min speed to 163
INFO     cramorantgulping already has the move bravebird. Decrementing the PP by 1
INFO     cramorantgulping used two different moves - it cannot have a choice item
INFO     cramorantgulping used a flying move, removing flyinggem from possible items
INFO     Setting cramorantgulping's last used move: bravebird
INFO     cramorantgulping used a damaging move - not guessing lifeorb anymore
INFO     cramorantgulping did 27.91% damage to alcremiecaramelswirl with bravebird
INFO     alcremiecaramelswirl already has the move dazzlinggleam. Decrementing the PP by 1
INFO     alcremiecaramelswirl used a fairy move, removing fairygem from possible items
INFO     Setting alcremiecaramelswirl's last used move: dazzlinggleam
INFO     alcremiecaramelswirl used a damaging move - not guessing lifeorb anymore
INFO     alcremiecaramelswirl did 91.0% damage to cramorantgulping with dazzlinggleam
INFO     Setting cramorantgulping's ability to: gulpmissile
INFO     alcremiecaramelswirl's defense was unboosted by 1 to 1
INFO     Form Change: cramorantgulping -> Cramorant
INFO     Setting alcremiecaramelswirl's item to: leftovers
INFO     cramorant has less than maxhp during upkeep, no longer guessing leftovers or blacksludge
INFO     Opponent has switched - clearing the last used move
INFO     
INFO     Turn: 16
INFO     Sampling battle 0
INFO     	      magnezone   magnetpull  assaultvest [discharge, flashcannon, mirrorcoat, voltswitch] ttype=flying
INFO     	alcremierainbowswirl    aromaveil    leftovers [acidarmor, alluringvoice, calmmind, recover] ttype=poison
INFO     	      gastrodon   stormdrain    leftovers [earthquake, recover, stealthrock, surf] ttype=poison
INFO     Sampling 1 unrevealed pokemon
INFO     	    gougingfire protosynthesis heavydutyboots [dragondance, heatcrash, morningsun, outrage] ttype=fairy
INFO     Sampling battle 1
INFO     	      magnezone   magnetpull  assaultvest [bodypress, discharge, flashcannon, voltswitch] ttype=flying
INFO     	alcremierainbowswirl    aromaveil    leftovers [acidarmor, alluringvoice, calmmind, recover] ttype=poison
INFO     	      gastrodon   stormdrain    leftovers [earthquake, recover, stealthrock, surf] ttype=poison
INFO     Sampling 1 unrevealed pokemon
INFO     	       chienpao  swordofruin heavydutyboots [iceshard, iciclecrash, swordsdance, throatchop] ttype=dark
INFO     Initializing per-node neural priors callback (Abra model)...
INFO     Neural callback already initialized
INFO     Per-node neural priors enabled
INFO     Searching for a move using PUCT MCTS with neural priors...
INFO     Sampling 2 battles at 500ms each
INFO     Computing neural priors for all battles...
INFO     Initialized StateTranslator with TeamPreviewObservationSpace
INFO     Initializing LocalPolicyProvider with model: Abra
INFO     Loading pretrained Abra model...
INFO     CUDA not available - overriding FlashAttention with VanillaAttention
[91mWarning: Using unofficial VanillaAttention implementation[0m


 		 AMAGO v3.1
            	 -------------------------
            	 Agent: MultiTaskAgent
            		 Max Sequence Length: 200
            		 TstepEncoder Type: MetamonTstepEncoder
            		 TrajEncoder Type: TformerTrajEncoder
            		 Total Parameters: 57,535,116
            		 Offline Loss Weight: 1.0
            		 Online Loss Weight: 0.0
            		 Mixed Precision: NO
            		 Checkpoint Path: /Users/yadureddy/Documents/GitHub/clean/pokeagent_ac_mcts/.metamon_cache/pretrained_models/models--jakegrigsby--metamon/snapshots/c5d1cb9abb6747066a325228845a5a8af3d12139/abra/abra/ckpts
            	 Environment:
            		 DummyAsyncVectorEnv(Gym Env x 1)
            		 Exploration Type: None
            	 Dataset: DoNothingDataset
            	 Accelerate Processes: 1 


INFO     Successfully loaded Abra model
ERROR    Error translating battle to observation: 
WARNING  Failed to get priors for battle: 
ERROR    Error translating battle to observation: 
WARNING  Failed to get priors for battle: 
INFO     Successfully computed neural priors for 0/2 battles
INFO     Using PUCT-guided move selection (priors integrated during search)...
INFO     Policy 0: recover visited 98.58% avg_score=0.656 sample_chance_multiplier=0.5
INFO     Policy 1: dazzlinggleam visited 97.98% avg_score=0.69 sample_chance_multiplier=0.5
INFO     Considered Choices:
INFO     	49.718%: recover
INFO     	49.263%: dazzlinggleam
INFO     Choice: dazzlinggleam
INFO     Updated magnezone's min speed to 163
INFO     magnezone used a electric move, removing electricgem from possible items
INFO     Setting magnezone's last used move: voltswitch
INFO     magnezone used a damaging move - not guessing lifeorb anymore
INFO     Opponent magnezone could not have gone first - setting it's item to choicescarf
INFO     magnezone did 9.69% damage to alcremiecaramelswirl with voltswitch
INFO     Opponent has switched - clearing the last used move
INFO     meloetta switched in, adding intimidate to impossible abilities
INFO     meloetta switched in, adding pressure to impossible abilities
INFO     meloetta switched in, adding neutralizinggas to impossible abilities
INFO     meloetta switched in, adding sandstream to impossible abilities
INFO     meloetta switched in, adding drought to impossible abilities
INFO     meloetta switched in, adding drizzle to impossible abilities
INFO     meloetta switched in, adding snowwarning to impossible abilities
INFO     meloetta switched in, adding boosterenergy to impossible items
INFO     meloetta switched in, adding airballoon to impossible items
INFO     alcremiecaramelswirl already has the move dazzlinggleam. Decrementing the PP by 1
INFO     alcremiecaramelswirl used a fairy move, removing fairygem from possible items
INFO     Setting alcremiecaramelswirl's last used move: dazzlinggleam
INFO     alcremiecaramelswirl used a damaging move - not guessing lifeorb anymore
INFO     alcremiecaramelswirl did 81.0% damage to meloetta with dazzlinggleam
INFO     Setting alcremiecaramelswirl's item to: leftovers
INFO     meloetta has less than maxhp during upkeep, no longer guessing leftovers or blacksludge
INFO     
INFO     Turn: 17
INFO     Sampling battle 0
INFO     	       meloetta  serenegrace      lifeorb [calmmind, focusblast, hypervoice, psyshock] ttype=normal
INFO     	alcremierainbowswirl    aromaveil    leftovers [acidarmor, alluringvoice, calmmind, recover] ttype=steel
INFO     	      gastrodon   stormdrain    leftovers [earthquake, recover, stealthrock, surf] ttype=poison
INFO     	      magnezone   magnetpull  choicescarf [bodypress, flashcannon, thunderbolt, voltswitch] ttype=flying
INFO     Sampling battle 1
INFO     	       meloetta  serenegrace  choicespecs [focusblast, hypervoice, psyshock, uturn] ttype=fighting
INFO     	alcremierainbowswirl    aromaveil    leftovers [acidarmor, calmmind, dazzlinggleam, recover] ttype=steel
INFO     	      gastrodon   stormdrain    leftovers [earthquake, recover, sludgebomb, stealthrock] ttype=poison
INFO     	      magnezone   magnetpull  choicescarf [bodypress, flashcannon, thunderbolt, voltswitch] ttype=electric
INFO     Initializing per-node neural priors callback (Abra model)...
INFO     Neural callback already initialized
INFO     Per-node neural priors enabled
INFO     Searching for a move using PUCT MCTS with neural priors...
INFO     Sampling 2 battles at 500ms each
INFO     Computing neural priors for all battles...
INFO     Initialized StateTranslator with TeamPreviewObservationSpace
INFO     Initializing LocalPolicyProvider with model: Abra
INFO     Loading pretrained Abra model...
INFO     CUDA not available - overriding FlashAttention with VanillaAttention
[91mWarning: Using unofficial VanillaAttention implementation[0m


 		 AMAGO v3.1
            	 -------------------------
            	 Agent: MultiTaskAgent
            		 Max Sequence Length: 200
            		 TstepEncoder Type: MetamonTstepEncoder
            		 TrajEncoder Type: TformerTrajEncoder
            		 Total Parameters: 57,535,116
            		 Offline Loss Weight: 1.0
            		 Online Loss Weight: 0.0
            		 Mixed Precision: NO
            		 Checkpoint Path: /Users/yadureddy/Documents/GitHub/clean/pokeagent_ac_mcts/.metamon_cache/pretrained_models/models--jakegrigsby--metamon/snapshots/c5d1cb9abb6747066a325228845a5a8af3d12139/abra/abra/ckpts
            	 Environment:
            		 DummyAsyncVectorEnv(Gym Env x 1)
            		 Exploration Type: None
            	 Dataset: DoNothingDataset
            	 Accelerate Processes: 1 


INFO     Successfully loaded Abra model
ERROR    Error translating battle to observation: 
WARNING  Failed to get priors for battle: 
ERROR    Error translating battle to observation: 
WARNING  Failed to get priors for battle: 
INFO     Successfully computed neural priors for 0/2 battles
INFO     Using PUCT-guided move selection (priors integrated during search)...
INFO     Policy 0: recover visited 98.59% avg_score=0.297 sample_chance_multiplier=0.5
INFO     Policy 1: acidarmor visited 20.93% avg_score=0.082 sample_chance_multiplier=0.5
INFO     Considered Choices:
INFO     	58.348%: recover
INFO     Choice: recover
INFO     Updated meloetta's min speed to 163
INFO     meloetta used a normal move, removing normalgem from possible items
INFO     Setting meloetta's last used move: relicsong
INFO     meloetta used a damaging move - not guessing lifeorb anymore
INFO     meloetta did 12.02% damage to alcremiecaramelswirl with relicsong
INFO     Form Change: meloetta -> Meloetta-Pirouette
INFO     Setting meloettapirouette's item to: lifeorb
INFO     alcremiecaramelswirl already has the move recover. Decrementing the PP by 1
INFO     alcremiecaramelswirl using recover makes it unlikely to have a choice item. Setting can_have_choice_item to False
INFO     alcremiecaramelswirl used a status-move. Adding `assaultvest` to impossible items
INFO     Setting alcremiecaramelswirl's last used move: recover
INFO     Setting alcremiecaramelswirl's item to: leftovers
INFO     meloettapirouette has less than maxhp during upkeep, no longer guessing leftovers or blacksludge
INFO     
INFO     Turn: 18
INFO     Sampling battle 0
INFO     	meloettapirouette  serenegrace      lifeorb [closecombat, knockoff, relicsong, tripleaxel] ttype=fighting
INFO     	alcremierainbowswirl    aromaveil    leftovers [acidarmor, alluringvoice, calmmind, recover] ttype=poison
INFO     	      gastrodon   stormdrain    leftovers [earthquake, recover, sludgebomb, stealthrock] ttype=poison
INFO     	      magnezone   magnetpull  choicescarf [bodypress, flashcannon, thunderbolt, voltswitch] ttype=fighting
INFO     Sampling battle 1
INFO     	meloettapirouette  serenegrace      lifeorb [closecombat, knockoff, relicsong, tripleaxel] ttype=dark
INFO     	alcremierainbowswirl    aromaveil    leftovers [acidarmor, alluringvoice, calmmind, recover] ttype=poison
INFO     	      gastrodon   stormdrain    leftovers [earthquake, icebeam, recover, stealthrock] ttype=poison
INFO     	      magnezone   magnetpull  choicescarf [bodypress, flashcannon, thunderbolt, voltswitch] ttype=water
INFO     Initializing per-node neural priors callback (Abra model)...
INFO     Neural callback already initialized
INFO     Per-node neural priors enabled
INFO     Searching for a move using PUCT MCTS with neural priors...
INFO     Sampling 2 battles at 500ms each
INFO     Computing neural priors for all battles...
INFO     Initialized StateTranslator with TeamPreviewObservationSpace
INFO     Initializing LocalPolicyProvider with model: Abra
INFO     Loading pretrained Abra model...
INFO     CUDA not available - overriding FlashAttention with VanillaAttention
[91mWarning: Using unofficial VanillaAttention implementation[0m


 		 AMAGO v3.1
            	 -------------------------
            	 Agent: MultiTaskAgent
            		 Max Sequence Length: 200
            		 TstepEncoder Type: MetamonTstepEncoder
            		 TrajEncoder Type: TformerTrajEncoder
            		 Total Parameters: 57,535,116
            		 Offline Loss Weight: 1.0
            		 Online Loss Weight: 0.0
            		 Mixed Precision: NO
            		 Checkpoint Path: /Users/yadureddy/Documents/GitHub/clean/pokeagent_ac_mcts/.metamon_cache/pretrained_models/models--jakegrigsby--metamon/snapshots/c5d1cb9abb6747066a325228845a5a8af3d12139/abra/abra/ckpts
            	 Environment:
            		 DummyAsyncVectorEnv(Gym Env x 1)
            		 Exploration Type: None
            	 Dataset: DoNothingDataset
            	 Accelerate Processes: 1 


INFO     Successfully loaded Abra model
ERROR    Error translating battle to observation: 
WARNING  Failed to get priors for battle: 
ERROR    Error translating battle to observation: 
WARNING  Failed to get priors for battle: 
INFO     Successfully computed neural priors for 0/2 battles
INFO     Using PUCT-guided move selection (priors integrated during search)...
INFO     Policy 0: dazzlinggleam visited 98.57% avg_score=0.767 sample_chance_multiplier=0.5
INFO     Policy 1: dazzlinggleam visited 98.45% avg_score=0.768 sample_chance_multiplier=0.5
INFO     Considered Choices:
INFO     	98.508%: dazzlinggleam
INFO     Choice: dazzlinggleam
INFO     Updated meloettapirouette's min speed to 163
INFO     meloettapirouette used a dark move, removing darkgem from possible items
INFO     Setting meloettapirouette's last used move: knockoff
INFO     meloettapirouette used a damaging move - not guessing lifeorb anymore
INFO     meloettapirouette did 13.950000000000001% damage to alcremiecaramelswirl with knockoff
INFO     Removing alcremiecaramelswirl's item: leftovers
INFO     Setting alcremiecaramelswirl's removed item to leftovers
INFO     Knockoff removed alcremiecaramelswirl's item
INFO     Setting meloettapirouette's item to: lifeorb
INFO     alcremiecaramelswirl already has the move dazzlinggleam. Decrementing the PP by 1
INFO     alcremiecaramelswirl used a fairy move, removing fairygem from possible items
INFO     Setting alcremiecaramelswirl's last used move: dazzlinggleam
INFO     alcremiecaramelswirl used a damaging move - not guessing lifeorb anymore
INFO     meloettapirouette has less than maxhp during upkeep, no longer guessing leftovers or blacksludge
INFO     Opponent has switched - clearing the last used move
INFO     
INFO     Turn: 19
INFO     Sampling battle 0
INFO     	      magnezone   magnetpull  choicescarf [bodypress, flashcannon, thunderbolt, voltswitch] ttype=water
INFO     	alcremierainbowswirl    aromaveil    leftovers [acidarmor, alluringvoice, calmmind, recover] ttype=poison
INFO     	      gastrodon   stormdrain    leftovers [earthquake, recover, sludgebomb, stealthrock] ttype=poison
INFO     Sampling battle 1
INFO     	      magnezone   magnetpull  choicescarf [bodypress, flashcannon, thunderbolt, voltswitch] ttype=flying
INFO     	alcremierainbowswirl    aromaveil    leftovers [acidarmor, alluringvoice, calmmind, recover] ttype=steel
INFO     	      gastrodon   stormdrain    leftovers [earthquake, recover, sludgebomb, stealthrock] ttype=poison
INFO     Initializing per-node neural priors callback (Abra model)...
INFO     Neural callback already initialized
INFO     Per-node neural priors enabled
INFO     Searching for a move using PUCT MCTS with neural priors...
INFO     Sampling 2 battles at 500ms each
INFO     Computing neural priors for all battles...
INFO     Initialized StateTranslator with TeamPreviewObservationSpace
INFO     Initializing LocalPolicyProvider with model: Abra
INFO     Loading pretrained Abra model...
INFO     CUDA not available - overriding FlashAttention with VanillaAttention
[91mWarning: Using unofficial VanillaAttention implementation[0m


 		 AMAGO v3.1
            	 -------------------------
            	 Agent: MultiTaskAgent
            		 Max Sequence Length: 200
            		 TstepEncoder Type: MetamonTstepEncoder
            		 TrajEncoder Type: TformerTrajEncoder
            		 Total Parameters: 57,535,116
            		 Offline Loss Weight: 1.0
            		 Online Loss Weight: 0.0
            		 Mixed Precision: NO
            		 Checkpoint Path: /Users/yadureddy/Documents/GitHub/clean/pokeagent_ac_mcts/.metamon_cache/pretrained_models/models--jakegrigsby--metamon/snapshots/c5d1cb9abb6747066a325228845a5a8af3d12139/abra/abra/ckpts
            	 Environment:
            		 DummyAsyncVectorEnv(Gym Env x 1)
            		 Exploration Type: None
            	 Dataset: DoNothingDataset
            	 Accelerate Processes: 1 


INFO     Successfully loaded Abra model
ERROR    Error translating battle to observation: 
WARNING  Failed to get priors for battle: 
ERROR    Error translating battle to observation: 
WARNING  Failed to get priors for battle: 
INFO     Successfully computed neural priors for 0/2 battles
INFO     Using PUCT-guided move selection (priors integrated during search)...
INFO     Policy 0: dazzlinggleam visited 99.53% avg_score=0.861 sample_chance_multiplier=0.5
INFO     Policy 1: dazzlinggleam visited 99.51% avg_score=0.862 sample_chance_multiplier=0.5
INFO     Considered Choices:
INFO     	99.519%: dazzlinggleam
INFO     Choice: dazzlinggleam
INFO     magnezone already has the move voltswitch. Decrementing the PP by 1
INFO     magnezone used a electric move, removing electricgem from possible items
INFO     Setting magnezone's last used move: voltswitch
INFO     magnezone used a damaging move - not guessing lifeorb anymore
INFO     magnezone did 10.47% damage to alcremiecaramelswirl with voltswitch
INFO     Opponent has switched - clearing the last used move
INFO     alcremiecaramelswirl already has the move dazzlinggleam. Decrementing the PP by 1
INFO     alcremiecaramelswirl used a fairy move, removing fairygem from possible items
INFO     Setting alcremiecaramelswirl's last used move: dazzlinggleam
INFO     alcremiecaramelswirl used a damaging move - not guessing lifeorb anymore
INFO     alcremiecaramelswirl did 80.0% damage to gastrodon with dazzlinggleam
INFO     gastrodon has less than maxhp during upkeep, no longer guessing leftovers or blacksludge
INFO     Opponent has switched - clearing the last used move
INFO     
INFO     Turn: 20
INFO     Sampling battle 0
INFO     	      magnezone   magnetpull  choicescarf [bodypress, flashcannon, thunderbolt, voltswitch] ttype=fighting
INFO     	alcremierainbowswirl    aromaveil    leftovers [acidarmor, alluringvoice, calmmind, recover] ttype=poison
INFO     Sampling battle 1
INFO     	      magnezone   magnetpull  choicescarf [bodypress, flashcannon, thunderbolt, voltswitch] ttype=fighting
INFO     	alcremierainbowswirl    aromaveil    leftovers [acidarmor, alluringvoice, calmmind, recover] ttype=poison
INFO     Initializing per-node neural priors callback (Abra model)...
INFO     Neural callback already initialized
INFO     Per-node neural priors enabled
INFO     Searching for a move using PUCT MCTS with neural priors...
INFO     Sampling 2 battles at 500ms each
INFO     Computing neural priors for all battles...
INFO     Initialized StateTranslator with TeamPreviewObservationSpace
INFO     Initializing LocalPolicyProvider with model: Abra
INFO     Loading pretrained Abra model...
INFO     CUDA not available - overriding FlashAttention with VanillaAttention
[91mWarning: Using unofficial VanillaAttention implementation[0m


 		 AMAGO v3.1
            	 -------------------------
            	 Agent: MultiTaskAgent
            		 Max Sequence Length: 200
            		 TstepEncoder Type: MetamonTstepEncoder
            		 TrajEncoder Type: TformerTrajEncoder
            		 Total Parameters: 57,535,116
            		 Offline Loss Weight: 1.0
            		 Online Loss Weight: 0.0
            		 Mixed Precision: NO
            		 Checkpoint Path: /Users/yadureddy/Documents/GitHub/clean/pokeagent_ac_mcts/.metamon_cache/pretrained_models/models--jakegrigsby--metamon/snapshots/c5d1cb9abb6747066a325228845a5a8af3d12139/abra/abra/ckpts
            	 Environment:
            		 DummyAsyncVectorEnv(Gym Env x 1)
            		 Exploration Type: None
            	 Dataset: DoNothingDataset
            	 Accelerate Processes: 1 


INFO     Successfully loaded Abra model
ERROR    Error translating battle to observation: 
WARNING  Failed to get priors for battle: 
ERROR    Error translating battle to observation: 
WARNING  Failed to get priors for battle: 
INFO     Successfully computed neural priors for 0/2 battles
INFO     Using PUCT-guided move selection (priors integrated during search)...
INFO     Policy 0: dazzlinggleam visited 99.74% avg_score=0.948 sample_chance_multiplier=0.5
INFO     Policy 1: dazzlinggleam visited 99.73% avg_score=0.949 sample_chance_multiplier=0.5
INFO     Considered Choices:
INFO     	99.735%: dazzlinggleam
INFO     Choice: dazzlinggleam
INFO     magnezone used a electric move, removing electricgem from possible items
INFO     Setting magnezone's last used move: thunderbolt
INFO     magnezone used a damaging move - not guessing lifeorb anymore
INFO     magnezone did 12.790000000000001% damage to alcremiecaramelswirl with thunderbolt
INFO     alcremiecaramelswirl got status: par
INFO     No longer guessing lumberry because alcremiecaramelswirl got status par
INFO     alcremiecaramelswirl already has the move dazzlinggleam. Decrementing the PP by 1
INFO     alcremiecaramelswirl used a fairy move, removing fairygem from possible items
INFO     Setting alcremiecaramelswirl's last used move: dazzlinggleam
INFO     alcremiecaramelswirl used a damaging move - not guessing lifeorb anymore
INFO     alcremiecaramelswirl did 53.0% damage to magnezone with dazzlinggleam
INFO     magnezone has less than maxhp during upkeep, no longer guessing leftovers or blacksludge
INFO     
INFO     Turn: 21
INFO     Sampling battle 0
INFO     	      magnezone   magnetpull  choicescarf [bodypress, flashcannon, thunderbolt, voltswitch] ttype=flying
INFO     	alcremierainbowswirl    aromaveil    leftovers [acidarmor, calmmind, dazzlinggleam, recover] ttype=steel
INFO     Sampling battle 1
INFO     	      magnezone   magnetpull  choicescarf [bodypress, flashcannon, thunderbolt, voltswitch] ttype=electric
INFO     	alcremierainbowswirl    aromaveil    leftovers [acidarmor, alluringvoice, calmmind, recover] ttype=poison
INFO     Initializing per-node neural priors callback (Abra model)...
INFO     Neural callback already initialized
INFO     Per-node neural priors enabled
INFO     Searching for a move using PUCT MCTS with neural priors...
INFO     Sampling 2 battles at 500ms each
INFO     Computing neural priors for all battles...
INFO     Initialized StateTranslator with TeamPreviewObservationSpace
INFO     Initializing LocalPolicyProvider with model: Abra
INFO     Loading pretrained Abra model...
INFO     CUDA not available - overriding FlashAttention with VanillaAttention
[91mWarning: Using unofficial VanillaAttention implementation[0m


 		 AMAGO v3.1
            	 -------------------------
            	 Agent: MultiTaskAgent
            		 Max Sequence Length: 200
            		 TstepEncoder Type: MetamonTstepEncoder
            		 TrajEncoder Type: TformerTrajEncoder
            		 Total Parameters: 57,535,116
            		 Offline Loss Weight: 1.0
            		 Online Loss Weight: 0.0
            		 Mixed Precision: NO
            		 Checkpoint Path: /Users/yadureddy/Documents/GitHub/clean/pokeagent_ac_mcts/.metamon_cache/pretrained_models/models--jakegrigsby--metamon/snapshots/c5d1cb9abb6747066a325228845a5a8af3d12139/abra/abra/ckpts
            	 Environment:
            		 DummyAsyncVectorEnv(Gym Env x 1)
            		 Exploration Type: None
            	 Dataset: DoNothingDataset
            	 Accelerate Processes: 1 


INFO     Successfully loaded Abra model
ERROR    Error translating battle to observation: 
WARNING  Failed to get priors for battle: 
ERROR    Error translating battle to observation: 
WARNING  Failed to get priors for battle: 
INFO     Successfully computed neural priors for 0/2 battles
INFO     Using PUCT-guided move selection (priors integrated during search)...
INFO     Policy 0: dazzlinggleam visited 99.44% avg_score=0.853 sample_chance_multiplier=0.5
INFO     Policy 1: dazzlinggleam visited 99.44% avg_score=0.851 sample_chance_multiplier=0.5
INFO     Considered Choices:
INFO     	99.439%: dazzlinggleam
INFO     Choice: dazzlinggleam
INFO     magnezone already has the move thunderbolt. Decrementing the PP by 1
INFO     magnezone used a electric move, removing electricgem from possible items
INFO     Setting magnezone's last used move: thunderbolt
INFO     magnezone used a damaging move - not guessing lifeorb anymore
INFO     magnezone did 12.02% damage to alcremiecaramelswirl with thunderbolt
INFO     alcremiecaramelswirl already has the move dazzlinggleam. Decrementing the PP by 1
INFO     alcremiecaramelswirl used a fairy move, removing fairygem from possible items
INFO     Setting alcremiecaramelswirl's last used move: dazzlinggleam
INFO     alcremiecaramelswirl used a damaging move - not guessing lifeorb anymore
INFO     alcremiecaramelswirl did 47.0% damage to magnezone with dazzlinggleam
INFO     magnezone has less than maxhp during upkeep, no longer guessing leftovers or blacksludge
INFO     Opponent has switched - clearing the last used move
INFO     
INFO     Turn: 22
INFO     Sampling battle 0
INFO     	alcremierainbowswirl    aromaveil    leftovers [acidarmor, calmmind, dazzlinggleam, recover] ttype=steel
INFO     Sampling battle 1
INFO     	alcremierainbowswirl    aromaveil    leftovers [acidarmor, alluringvoice, calmmind, recover] ttype=steel
INFO     Initializing per-node neural priors callback (Abra model)...
INFO     Neural callback already initialized
INFO     Per-node neural priors enabled
INFO     Searching for a move using PUCT MCTS with neural priors...
INFO     Sampling 2 battles at 500ms each
INFO     Computing neural priors for all battles...
INFO     Initialized StateTranslator with TeamPreviewObservationSpace
INFO     Initializing LocalPolicyProvider with model: Abra
INFO     Loading pretrained Abra model...
INFO     CUDA not available - overriding FlashAttention with VanillaAttention
[91mWarning: Using unofficial VanillaAttention implementation[0m


 		 AMAGO v3.1
            	 -------------------------
            	 Agent: MultiTaskAgent
            		 Max Sequence Length: 200
            		 TstepEncoder Type: MetamonTstepEncoder
            		 TrajEncoder Type: TformerTrajEncoder
            		 Total Parameters: 57,535,116
            		 Offline Loss Weight: 1.0
            		 Online Loss Weight: 0.0
            		 Mixed Precision: NO
            		 Checkpoint Path: /Users/yadureddy/Documents/GitHub/clean/pokeagent_ac_mcts/.metamon_cache/pretrained_models/models--jakegrigsby--metamon/snapshots/c5d1cb9abb6747066a325228845a5a8af3d12139/abra/abra/ckpts
            	 Environment:
            		 DummyAsyncVectorEnv(Gym Env x 1)
            		 Exploration Type: None
            	 Dataset: DoNothingDataset
            	 Accelerate Processes: 1 


INFO     Successfully loaded Abra model
ERROR    Error translating battle to observation: 
WARNING  Failed to get priors for battle: 
ERROR    Error translating battle to observation: 
WARNING  Failed to get priors for battle: 
INFO     Successfully computed neural priors for 0/2 battles
INFO     Using PUCT-guided move selection (priors integrated during search)...
INFO     Policy 0: dazzlinggleam visited 98.15% avg_score=0.855 sample_chance_multiplier=0.5
INFO     Policy 1: dazzlinggleam visited 98.28% avg_score=0.855 sample_chance_multiplier=0.5
INFO     Considered Choices:
INFO     	98.212%: dazzlinggleam
INFO     Choice: dazzlinggleam
INFO     Winner: NeuralMCTS
INFO     Won with team: None
INFO     W: 1	L: 1
INFO     Searching for ranked gen9randombattle match
INFO     Initialized battle-gen9randombattle-83 against: VanillaMCTS
INFO     Opponent has switched - clearing the last used move
INFO     mismagius switched in, adding intimidate to impossible abilities
INFO     mismagius switched in, adding pressure to impossible abilities
INFO     mismagius switched in, adding neutralizinggas to impossible abilities
INFO     mismagius switched in, adding sandstream to impossible abilities
INFO     mismagius switched in, adding drought to impossible abilities
INFO     mismagius switched in, adding drizzle to impossible abilities
INFO     mismagius switched in, adding snowwarning to impossible abilities
INFO     mismagius switched in, adding boosterenergy to impossible items
INFO     mismagius switched in, adding airballoon to impossible items
INFO     
INFO     Turn: 1
INFO     Sampling battle 0
INFO     	      mismagius     levitate  choicespecs [energyball, mysticalfire, shadowball, thunderbolt] ttype=electric
INFO     Sampling 5 unrevealed pokemon
INFO     	      dragapult  infiltrator  choicespecs [dracometeor, fireblast, shadowball, uturn] ttype=fire
INFO     	      araquanid  waterbubble heavydutyboots [hydropump, leechlife, liquidation, stickyweb] ttype=water
INFO     	    zapdosgalar      defiant  choicescarf [bravebird, closecombat, knockoff, uturn] ttype=dark
INFO     	     chesnaught  bulletproof    leftovers [bodypress, spikes, synthesis, woodhammer] ttype=steel
INFO     	      farigiraf    sapsipper    leftovers [futuresight, hypervoice, protect, wish] ttype=fairy
INFO     Sampling battle 1
INFO     	      mismagius     levitate  choicespecs [dazzlinggleam, energyball, mysticalfire, shadowball] ttype=ghost
INFO     Sampling 5 unrevealed pokemon
INFO     	      munkidori   toxicchain  choicespecs [focusblast, psyshock, sludgewave, uturn] ttype=fighting
INFO     	       dusknoir        frisk   choiceband [earthquake, poltergeist, shadowsneak, trick] ttype=ground
INFO     	 ninetalesalola  snowwarning heavydutyboots [blizzard, encore, moonblast, nastyplot] ttype=water
INFO     	    barraskewda    swiftswim   choiceband [closecombat, flipturn, poisonjab, waterfall] ttype=fighting
INFO     	        malamar     contrary    leftovers [knockoff, rest, sleeptalk, superpower] ttype=fighting
INFO     Sampling battle 2
INFO     	      mismagius     levitate      lifeorb [dazzlinggleam, mysticalfire, nastyplot, shadowball] ttype=fairy
INFO     Sampling 5 unrevealed pokemon
INFO     	    basculegion adaptability  assaultvest [aquajet, flipturn, shadowball, wavecrash] ttype=water
INFO     	         regice    clearbody heavydutyboots [bodypress, icebeam, thunderbolt, thunderwave] ttype=electric
INFO     	      clawitzer megalauncher  choicespecs [aurasphere, darkpulse, icebeam, waterpulse] ttype=fighting
INFO     	      toxicroak      dryskin      lifeorb [closecombat, gunkshot, knockoff, swordsdance] ttype=dark
INFO     	        gurdurr         guts     eviolite [bulkup, drainpunch, knockoff, machpunch] ttype=steel
INFO     Sampling battle 3
INFO     	      mismagius     levitate  choicespecs [energyball, shadowball, thunderbolt, trick] ttype=electric
INFO     Sampling 5 unrevealed pokemon
INFO     	        zoroark     illusion      lifeorb [darkpulse, nastyplot, psychic, sludgebomb] ttype=poison
INFO     	     tentacruel   liquidooze  assaultvest [knockoff, rapidspin, sludgebomb, surf] ttype=flying
INFO     	       greedent   cheekpouch  sitrusberry [bodyslam, earthquake, knockoff, swordsdance] ttype=ghost
INFO     	   basculegionf adaptability  choicespecs [flipturn, hydropump, icebeam, shadowball] ttype=water
INFO     	      cinderace       libero heavydutyboots [courtchange, highjumpkick, pyroball, uturn] ttype=fighting
INFO     Initializing per-node neural priors callback (Abra model)...
INFO     Neural callback already initialized
INFO     Per-node neural priors enabled
INFO     Searching for a move using PUCT MCTS with neural priors...
INFO     Sampling 4 battles at 250ms each
INFO     Computing neural priors for all battles...
INFO     Initialized StateTranslator with TeamPreviewObservationSpace
INFO     Initializing LocalPolicyProvider with model: Abra
INFO     Loading pretrained Abra model...
INFO     CUDA not available - overriding FlashAttention with VanillaAttention
[91mWarning: Using unofficial VanillaAttention implementation[0m


 		 AMAGO v3.1
            	 -------------------------
            	 Agent: MultiTaskAgent
            		 Max Sequence Length: 200
            		 TstepEncoder Type: MetamonTstepEncoder
            		 TrajEncoder Type: TformerTrajEncoder
            		 Total Parameters: 57,535,116
            		 Offline Loss Weight: 1.0
            		 Online Loss Weight: 0.0
            		 Mixed Precision: NO
            		 Checkpoint Path: /Users/yadureddy/Documents/GitHub/clean/pokeagent_ac_mcts/.metamon_cache/pretrained_models/models--jakegrigsby--metamon/snapshots/c5d1cb9abb6747066a325228845a5a8af3d12139/abra/abra/ckpts
            	 Environment:
            		 DummyAsyncVectorEnv(Gym Env x 1)
            		 Exploration Type: None
            	 Dataset: DoNothingDataset
            	 Accelerate Processes: 1 


INFO     Successfully loaded Abra model
ERROR    Error translating battle to observation: 
WARNING  Failed to get priors for battle: 
ERROR    Error translating battle to observation: 
WARNING  Failed to get priors for battle: 
ERROR    Error translating battle to observation: 
WARNING  Failed to get priors for battle: 
ERROR    Error translating battle to observation: 
WARNING  Failed to get priors for battle: 
INFO     Successfully computed neural priors for 0/4 battles
INFO     Using PUCT-guided move selection (priors integrated during search)...
INFO     Policy 0: switch muk visited 54.4% avg_score=0.484 sample_chance_multiplier=0.25
INFO     Policy 1: switch muk visited 75.62% avg_score=0.528 sample_chance_multiplier=0.25
INFO     Policy 2: stoneedge visited 61.88% avg_score=0.544 sample_chance_multiplier=0.25
INFO     Policy 3: switch muk visited 73.59% avg_score=0.515 sample_chance_multiplier=0.25
INFO     Considered Choices:
INFO     	51.896%: switch muk
INFO     Choice: switch muk
INFO     muk switched in, adding intimidate to impossible abilities
INFO     muk switched in, adding pressure to impossible abilities
INFO     muk switched in, adding neutralizinggas to impossible abilities
INFO     muk switched in, adding sandstream to impossible abilities
INFO     muk switched in, adding drought to impossible abilities
INFO     muk switched in, adding drizzle to impossible abilities
INFO     muk switched in, adding snowwarning to impossible abilities
INFO     muk switched in, adding boosterenergy to impossible items
INFO     muk switched in, adding airballoon to impossible items
INFO     mismagius used a grass move, removing grassgem from possible items
INFO     Setting mismagius's last used move: energyball
INFO     mismagius used a damaging move - not guessing lifeorb anymore
INFO     mismagius did 14.95% damage to muk with energyball
INFO     Setting muk's item to: leftovers
INFO     
INFO     Turn: 2
INFO     Sampling battle 0
INFO     	      mismagius     levitate  choicespecs [dazzlinggleam, energyball, shadowball, thunderbolt] ttype=electric
INFO     Sampling 5 unrevealed pokemon
INFO     	        weezing     levitate    leftovers [fireblast, painsplit, sludgebomb, toxicspikes] ttype=steel
INFO     	        spidops     stakeout heavydutyboots [circlethrow, knockoff, toxicspikes, uturn] ttype=ghost
INFO     	      rampardos   sheerforce  choicescarf [earthquake, firepunch, headsmash, rockslide] ttype=ground
INFO     	        kingdra    swiftswim     lumberry [dragondance, outrage, waterfall, wavecrash] ttype=water
INFO     	       porygonz adaptability  choicescarf [icebeam, shadowball, thunderbolt, triattack] ttype=electric
INFO     Sampling battle 1
INFO     	      mismagius     levitate  choicespecs [dazzlinggleam, energyball, shadowball, thunderbolt] ttype=fairy
INFO     Sampling 5 unrevealed pokemon
INFO     	        grumpig     thickfat    leftovers [dazzlinggleam, nastyplot, psychic, shadowball] ttype=fairy
INFO     	       mukalola  poisontouch  assaultvest [drainpunch, icepunch, knockoff, poisonjab] ttype=dark
INFO     	     golemalola    galvanize   choiceband [doubleedge, earthquake, explosion, stoneedge] ttype=electric
INFO     	        noivern  infiltrator  choicespecs [dracometeor, flamethrower, hurricane, uturn] ttype=fire
INFO     	         swalot   liquidooze    leftovers [encore, knockoff, painsplit, sludgebomb] ttype=dark
INFO     Initializing per-node neural priors callback (Abra model)...
INFO     Neural callback already initialized
INFO     Per-node neural priors enabled
INFO     Searching for a move using PUCT MCTS with neural priors...
INFO     Sampling 2 battles at 500ms each
INFO     Computing neural priors for all battles...
INFO     Initialized StateTranslator with TeamPreviewObservationSpace
INFO     Initializing LocalPolicyProvider with model: Abra
INFO     Loading pretrained Abra model...
INFO     CUDA not available - overriding FlashAttention with VanillaAttention
[91mWarning: Using unofficial VanillaAttention implementation[0m


 		 AMAGO v3.1
            	 -------------------------
            	 Agent: MultiTaskAgent
            		 Max Sequence Length: 200
            		 TstepEncoder Type: MetamonTstepEncoder
            		 TrajEncoder Type: TformerTrajEncoder
            		 Total Parameters: 57,535,116
            		 Offline Loss Weight: 1.0
            		 Online Loss Weight: 0.0
            		 Mixed Precision: NO
            		 Checkpoint Path: /Users/yadureddy/Documents/GitHub/clean/pokeagent_ac_mcts/.metamon_cache/pretrained_models/models--jakegrigsby--metamon/snapshots/c5d1cb9abb6747066a325228845a5a8af3d12139/abra/abra/ckpts
            	 Environment:
            		 DummyAsyncVectorEnv(Gym Env x 1)
            		 Exploration Type: None
            	 Dataset: DoNothingDataset
            	 Accelerate Processes: 1 


INFO     Successfully loaded Abra model
ERROR    Error translating battle to observation: 
WARNING  Failed to get priors for battle: 
ERROR    Error translating battle to observation: 
WARNING  Failed to get priors for battle: 
INFO     Successfully computed neural priors for 0/2 battles
INFO     Using PUCT-guided move selection (priors integrated during search)...
INFO     Policy 0: knockoff visited 79.85% avg_score=0.541 sample_chance_multiplier=0.5
INFO     Policy 1: knockoff visited 51.89% avg_score=0.582 sample_chance_multiplier=0.5
INFO     Considered Choices:
INFO     	65.87%: knockoff
INFO     Choice: knockoff
INFO     Opponent has switched - clearing the last used move
INFO     ampharos switched in, adding intimidate to impossible abilities
INFO     ampharos switched in, adding pressure to impossible abilities
INFO     ampharos switched in, adding neutralizinggas to impossible abilities
INFO     ampharos switched in, adding sandstream to impossible abilities
INFO     ampharos switched in, adding drought to impossible abilities
INFO     ampharos switched in, adding drizzle to impossible abilities
INFO     ampharos switched in, adding snowwarning to impossible abilities
INFO     ampharos switched in, adding boosterenergy to impossible items
INFO     ampharos switched in, adding airballoon to impossible items
INFO     muk already has the move knockoff. Decrementing the PP by 1
INFO     muk used a dark move, removing darkgem from possible items
INFO     Setting muk's last used move: knockoff
INFO     muk used a damaging move - not guessing lifeorb anymore
INFO     muk did 26.0% damage to ampharos with knockoff
INFO     muk got status: par
INFO     No longer guessing lumberry because muk got status par
INFO     Setting muk's ability to: static
INFO     Removing ampharos's item: lifeorb
INFO     Setting ampharos's removed item to lifeorb
INFO     Knockoff removed ampharos's item
INFO     Setting muk's item to: leftovers
INFO     ampharos has less than maxhp during upkeep, no longer guessing leftovers or blacksludge
INFO     
INFO     Turn: 3
INFO     Sampling battle 0
INFO     	       ampharos       static         None [agility, dazzlinggleam, focusblast, thunderbolt] ttype=fairy
INFO     	      mismagius     levitate  choicespecs [energyball, mysticalfire, shadowball, thunderbolt] ttype=electric
INFO     Sampling 4 unrevealed pokemon
INFO     	      gardevoir        trace  choicescarf [focusblast, moonblast, mysticalfire, psychic] ttype=fairy
INFO     	     calyrexice asone(glastrier) heavydutyboots [closecombat, glaciallance, highhorsepower, trickroom] ttype=fighting
INFO     	    walkingwake protosynthesis      lifeorb [dracometeor, flamethrower, hydrosteam, sunnyday] ttype=fire
INFO     	        noivern  infiltrator heavydutyboots [dracometeor, flamethrower, hurricane, roost] ttype=fire
INFO     Sampling battle 1
INFO     	       ampharos       static         None [agility, dazzlinggleam, focusblast, thunderbolt] ttype=fairy
INFO     	      mismagius     levitate  choicespecs [dazzlinggleam, energyball, mysticalfire, shadowball] ttype=fairy
INFO     Sampling 4 unrevealed pokemon
INFO     	  slowkinggalar  regenerator  assaultvest [fireblast, psychicnoise, sludgebomb, surf] ttype=poison
INFO     	       espathra   speedboost    leftovers [calmmind, dazzlinggleam, storedpower, substitute] ttype=fairy
INFO     	    zapdosgalar      defiant   choiceband [bravebird, closecombat, knockoff, uturn] ttype=fighting
INFO     	        slaking       truant  choicescarf [doubleedge, earthquake, gigaimpact, knockoff] ttype=normal
INFO     Sampling battle 2
INFO     	       ampharos       static         None [agility, dazzlinggleam, focusblast, thunderbolt] ttype=electric
INFO     	      mismagius     levitate  choicespecs [dazzlinggleam, energyball, shadowball, thunderbolt] ttype=electric
INFO     Sampling 4 unrevealed pokemon
INFO     	landorustherian   intimidate    leftovers [earthquake, stealthrock, taunt, uturn] ttype=water
INFO     	      regieleki   transistor       magnet [explosion, rapidspin, thunderbolt, voltswitch] ttype=electric
INFO     	        glaceon      icebody heavydutyboots [freezedry, mudshot, protect, wish] ttype=ground
INFO     	      hippowdon   sandstream    leftovers [earthquake, slackoff, stoneedge, whirlwind] ttype=rock
INFO     Sampling battle 3
INFO     	       ampharos       static         None [agility, dazzlinggleam, focusblast, thunderbolt] ttype=fairy
INFO     	      mismagius     levitate  choicespecs [energyball, shadowball, thunderbolt, trick] ttype=ghost
INFO     Sampling 4 unrevealed pokemon
INFO     	       appletun     thickfat    leftovers [appleacid, dragonpulse, leechseed, recover] ttype=steel
INFO     	      araquanid  waterbubble heavydutyboots [leechlife, liquidation, mirrorcoat, stickyweb] ttype=ground
INFO     	   arceusflying    multitype     skyplate [calmmind, earthpower, judgment, recover] ttype=ground
INFO     	      abomasnow  snowwarning    lightclay [auroraveil, blizzard, earthquake, iceshard] ttype=ice
INFO     Initializing per-node neural priors callback (Abra model)...
INFO     Neural callback already initialized
INFO     Per-node neural priors enabled
INFO     Searching for a move using PUCT MCTS with neural priors...
INFO     Sampling 4 battles at 250ms each
INFO     Computing neural priors for all battles...
INFO     Initialized StateTranslator with TeamPreviewObservationSpace
INFO     Initializing LocalPolicyProvider with model: Abra
INFO     Loading pretrained Abra model...
INFO     CUDA not available - overriding FlashAttention with VanillaAttention
[91mWarning: Using unofficial VanillaAttention implementation[0m


 		 AMAGO v3.1
            	 -------------------------
            	 Agent: MultiTaskAgent
            		 Max Sequence Length: 200
            		 TstepEncoder Type: MetamonTstepEncoder
            		 TrajEncoder Type: TformerTrajEncoder
            		 Total Parameters: 57,535,116
            		 Offline Loss Weight: 1.0
            		 Online Loss Weight: 0.0
            		 Mixed Precision: NO
            		 Checkpoint Path: /Users/yadureddy/Documents/GitHub/clean/pokeagent_ac_mcts/.metamon_cache/pretrained_models/models--jakegrigsby--metamon/snapshots/c5d1cb9abb6747066a325228845a5a8af3d12139/abra/abra/ckpts
            	 Environment:
            		 DummyAsyncVectorEnv(Gym Env x 1)
            		 Exploration Type: None
            	 Dataset: DoNothingDataset
            	 Accelerate Processes: 1 


INFO     Successfully loaded Abra model
ERROR    Error translating battle to observation: 
WARNING  Failed to get priors for battle: 
ERROR    Error translating battle to observation: 
WARNING  Failed to get priors for battle: 
ERROR    Error translating battle to observation: 
WARNING  Failed to get priors for battle: 
ERROR    Error translating battle to observation: 
WARNING  Failed to get priors for battle: 
INFO     Successfully computed neural priors for 0/4 battles
INFO     Using PUCT-guided move selection (priors integrated during search)...
INFO     Policy 0: gunkshot visited 72.93% avg_score=0.555 sample_chance_multiplier=0.25
INFO     Policy 1: gunkshot visited 81.13% avg_score=0.523 sample_chance_multiplier=0.25
INFO     Policy 2: icepunch visited 48.9% avg_score=0.518 sample_chance_multiplier=0.25
INFO     Policy 3: switch luxray visited 87.85% avg_score=0.417 sample_chance_multiplier=0.25
INFO     Considered Choices:
INFO     	45.974%: gunkshot
INFO     Choice: gunkshot
INFO     Updated ampharos's min speed to 67
INFO     ampharos used a electric move, removing electricgem from possible items
INFO     Setting ampharos's last used move: thunderbolt
INFO     ampharos used a damaging move - not guessing lifeorb anymore
INFO     ampharos did 33.96% damage to muk with thunderbolt
INFO     muk already has the move gunkshot. Decrementing the PP by 1
INFO     muk used a poison move, removing poisongem from possible items
INFO     Setting muk's last used move: gunkshot
INFO     muk used a damaging move - not guessing lifeorb anymore
INFO     Setting muk's item to: leftovers
INFO     ampharos has less than maxhp during upkeep, no longer guessing leftovers or blacksludge
INFO     
INFO     Turn: 4
INFO     Sampling battle 0
INFO     	       ampharos       static         None [agility, dazzlinggleam, focusblast, thunderbolt] ttype=electric
INFO     	      mismagius     levitate  choicespecs [energyball, mysticalfire, shadowball, thunderbolt] ttype=electric
INFO     Sampling 4 unrevealed pokemon
INFO     	          rotom     levitate  choicescarf [shadowball, thunderbolt, trick, voltswitch] ttype=electric
INFO     	    ironboulder   quarkdrive      lifeorb [closecombat, mightycleave, swordsdance, zenheadbutt] ttype=fighting
INFO     	        noctowl   tintedlens heavydutyboots [calmmind, hurricane, hypervoice, roost] ttype=ground
INFO     	landorustherian   intimidate    leftovers [earthquake, stealthrock, taunt, uturn] ttype=water
INFO     Sampling battle 1
INFO     	       ampharos       static         None [agility, dazzlinggleam, focusblast, thunderbolt] ttype=electric
INFO     	      mismagius     levitate  choicespecs [energyball, mysticalfire, shadowball, thunderbolt] ttype=electric
INFO     Sampling 4 unrevealed pokemon
INFO     	      terapagos    terashift heavydutyboots [calmmind, earthpower, rapidspin, terastarstorm] ttype=stellar
INFO     	          arbok   intimidate      lifeorb [earthquake, gunkshot, knockoff, toxicspikes] ttype=dark
INFO     	    arceusgrass    multitype  meadowplate [calmmind, fireblast, judgment, recover] ttype=fire
INFO     	       granbull   intimidate    leftovers [earthquake, encore, playrough, thunderwave] ttype=ground
INFO     Initializing per-node neural priors callback (Abra model)...
INFO     Neural callback already initialized
INFO     Per-node neural priors enabled
INFO     Searching for a move using PUCT MCTS with neural priors...
INFO     Sampling 2 battles at 500ms each
INFO     Computing neural priors for all battles...
INFO     Initialized StateTranslator with TeamPreviewObservationSpace
INFO     Initializing LocalPolicyProvider with model: Abra
INFO     Loading pretrained Abra model...
INFO     CUDA not available - overriding FlashAttention with VanillaAttention
[91mWarning: Using unofficial VanillaAttention implementation[0m


 		 AMAGO v3.1
            	 -------------------------
            	 Agent: MultiTaskAgent
            		 Max Sequence Length: 200
            		 TstepEncoder Type: MetamonTstepEncoder
            		 TrajEncoder Type: TformerTrajEncoder
            		 Total Parameters: 57,535,116
            		 Offline Loss Weight: 1.0
            		 Online Loss Weight: 0.0
            		 Mixed Precision: NO
            		 Checkpoint Path: /Users/yadureddy/Documents/GitHub/clean/pokeagent_ac_mcts/.metamon_cache/pretrained_models/models--jakegrigsby--metamon/snapshots/c5d1cb9abb6747066a325228845a5a8af3d12139/abra/abra/ckpts
            	 Environment:
            		 DummyAsyncVectorEnv(Gym Env x 1)
            		 Exploration Type: None
            	 Dataset: DoNothingDataset
            	 Accelerate Processes: 1 


INFO     Successfully loaded Abra model
ERROR    Error translating battle to observation: 
WARNING  Failed to get priors for battle: 
ERROR    Error translating battle to observation: 
WARNING  Failed to get priors for battle: 
INFO     Successfully computed neural priors for 0/2 battles
INFO     Using PUCT-guided move selection (priors integrated during search)...
INFO     Policy 0: gunkshot visited 58.26% avg_score=0.523 sample_chance_multiplier=0.5
INFO     Policy 1: gunkshot visited 41.0% avg_score=0.524 sample_chance_multiplier=0.5
INFO     Considered Choices:
INFO     	49.631%: gunkshot
INFO     Choice: gunkshot
INFO     Updated ampharos's min speed to 67
INFO     ampharos already has the move thunderbolt. Decrementing the PP by 1
INFO     ampharos used a electric move, removing electricgem from possible items
INFO     Setting ampharos's last used move: thunderbolt
INFO     ampharos used a damaging move - not guessing lifeorb anymore
INFO     ampharos did 34.89% damage to muk with thunderbolt
INFO     muk already has the move gunkshot. Decrementing the PP by 1
INFO     muk used a poison move, removing poisongem from possible items
INFO     Setting muk's last used move: gunkshot
INFO     muk used a damaging move - not guessing lifeorb anymore
INFO     muk did 49.0% damage to ampharos with gunkshot
INFO     Setting muk's item to: leftovers
INFO     ampharos has less than maxhp during upkeep, no longer guessing leftovers or blacksludge
INFO     
INFO     Turn: 5
INFO     Sampling battle 0
INFO     	       ampharos       static         None [agility, dazzlinggleam, focusblast, thunderbolt] ttype=electric
INFO     	      mismagius     levitate  choicespecs [dazzlinggleam, energyball, mysticalfire, shadowball] ttype=ghost
INFO     Sampling 4 unrevealed pokemon
INFO     	         komala     comatose  choicescarf [doubleedge, earthquake, knockoff, superpower] ttype=ground
INFO     	      exeggutor      harvest  sitrusberry [leechseed, psychic, sleeppowder, substitute] ttype=steel
INFO     	 decidueyehisui      scrappy    leftovers [leafblade, roost, swordsdance, triplearrows] ttype=steel
INFO     	        slaking       truant  choicescarf [doubleedge, earthquake, gigaimpact, knockoff] ttype=normal
INFO     Sampling battle 1
INFO     	       ampharos       static         None [agility, dazzlinggleam, focusblast, thunderbolt] ttype=fairy
INFO     	      mismagius     levitate  choicespecs [energyball, shadowball, thunderbolt, trick] ttype=ghost
INFO     Sampling 4 unrevealed pokemon
INFO     	       froslass   cursedbody     widelens [poltergeist, spikes, taunt, tripleaxel] ttype=ghost
INFO     	      terapagos    terashift heavydutyboots [calmmind, earthpower, rapidspin, terastarstorm] ttype=stellar
INFO     	    ironboulder   quarkdrive boosterenergy [closecombat, mightycleave, swordsdance, zenheadbutt] ttype=fighting
INFO     	   arceusground    multitype   earthplate [dragondance, earthquake, recover, stoneedge] ttype=steel
INFO     Initializing per-node neural priors callback (Abra model)...
INFO     Neural callback already initialized
INFO     Per-node neural priors enabled
INFO     Searching for a move using PUCT MCTS with neural priors...
INFO     Sampling 2 battles at 500ms each
INFO     Computing neural priors for all battles...
INFO     Initialized StateTranslator with TeamPreviewObservationSpace
INFO     Initializing LocalPolicyProvider with model: Abra
INFO     Loading pretrained Abra model...
INFO     CUDA not available - overriding FlashAttention with VanillaAttention
[91mWarning: Using unofficial VanillaAttention implementation[0m


 		 AMAGO v3.1
            	 -------------------------
            	 Agent: MultiTaskAgent
            		 Max Sequence Length: 200
            		 TstepEncoder Type: MetamonTstepEncoder
            		 TrajEncoder Type: TformerTrajEncoder
            		 Total Parameters: 57,535,116
            		 Offline Loss Weight: 1.0
            		 Online Loss Weight: 0.0
            		 Mixed Precision: NO
            		 Checkpoint Path: /Users/yadureddy/Documents/GitHub/clean/pokeagent_ac_mcts/.metamon_cache/pretrained_models/models--jakegrigsby--metamon/snapshots/c5d1cb9abb6747066a325228845a5a8af3d12139/abra/abra/ckpts
            	 Environment:
            		 DummyAsyncVectorEnv(Gym Env x 1)
            		 Exploration Type: None
            	 Dataset: DoNothingDataset
            	 Accelerate Processes: 1 


INFO     Successfully loaded Abra model
ERROR    Error translating battle to observation: 
WARNING  Failed to get priors for battle: 
ERROR    Error translating battle to observation: 
WARNING  Failed to get priors for battle: 
INFO     Successfully computed neural priors for 0/2 battles
INFO     Using PUCT-guided move selection (priors integrated during search)...
INFO     Policy 0: switch luxray visited 86.2% avg_score=0.502 sample_chance_multiplier=0.5
INFO     Policy 1: gunkshot visited 97.13% avg_score=0.596 sample_chance_multiplier=0.5
INFO     Considered Choices:
INFO     	50.091%: gunkshot
INFO     	43.316%: switch luxray
INFO     Choice: switch luxray
INFO     luxray switched in, adding intimidate to impossible abilities
INFO     luxray switched in, adding pressure to impossible abilities
INFO     luxray switched in, adding neutralizinggas to impossible abilities
INFO     luxray switched in, adding sandstream to impossible abilities
INFO     luxray switched in, adding drought to impossible abilities
INFO     luxray switched in, adding drizzle to impossible abilities
INFO     luxray switched in, adding snowwarning to impossible abilities
INFO     luxray switched in, adding boosterenergy to impossible items
INFO     luxray switched in, adding airballoon to impossible items
INFO     Setting luxray's ability to intimidate
INFO     ampharos's attack was unboosted by 1 to -1
INFO     ampharos already has the move thunderbolt. Decrementing the PP by 1
INFO     ampharos used a electric move, removing electricgem from possible items
INFO     Setting ampharos's last used move: thunderbolt
INFO     ampharos used a damaging move - not guessing lifeorb anymore
INFO     ampharos did 15.49% damage to luxray with thunderbolt
INFO     ampharos has less than maxhp during upkeep, no longer guessing leftovers or blacksludge
INFO     
INFO     Turn: 6
INFO     Sampling battle 0
INFO     	       ampharos       static         None [agility, dazzlinggleam, focusblast, thunderbolt] ttype=electric
INFO     	      mismagius     levitate  choicespecs [energyball, mysticalfire, shadowball, trick] ttype=fire
INFO     Sampling 4 unrevealed pokemon
INFO     	         glalie   innerfocus heavydutyboots [earthquake, freezedry, spikes, taunt] ttype=ghost
INFO     	     krookodile   intimidate      lifeorb [earthquake, gunkshot, knockoff, stealthrock] ttype=poison
INFO     	      poliwrath  waterabsorb  assaultvest [circlethrow, closecombat, knockoff, liquidation] ttype=dark
INFO     	        chansey  naturalcure     eviolite [healbell, seismictoss, softboiled, thunderwave] ttype=steel
INFO     Sampling battle 1
INFO     	       ampharos       static         None [agility, dazzlinggleam, focusblast, thunderbolt] ttype=fairy
INFO     	      mismagius     levitate  choicespecs [energyball, mysticalfire, shadowball, trick] ttype=ghost
INFO     Sampling 4 unrevealed pokemon
INFO     	      pachirisu   voltabsorb heavydutyboots [discharge, encore, superfang, uturn] ttype=flying
INFO     	      amoonguss  regenerator    leftovers [gigadrain, sludgebomb, spore, toxic] ttype=water
INFO     	       koraidon orichalcumpulse   loadeddice [collisioncourse, flareblitz, scaleshot, swordsdance] ttype=fire
INFO     	      alomomola  regenerator heavydutyboots [flipturn, protect, scald, wish] ttype=steel
INFO     Initializing per-node neural priors callback (Abra model)...
INFO     Neural callback already initialized
INFO     Per-node neural priors enabled
INFO     Searching for a move using PUCT MCTS with neural priors...
INFO     Sampling 2 battles at 500ms each
INFO     Computing neural priors for all battles...
INFO     Initialized StateTranslator with TeamPreviewObservationSpace
INFO     Initializing LocalPolicyProvider with model: Abra
INFO     Loading pretrained Abra model...
INFO     CUDA not available - overriding FlashAttention with VanillaAttention
[91mWarning: Using unofficial VanillaAttention implementation[0m


 		 AMAGO v3.1
            	 -------------------------
            	 Agent: MultiTaskAgent
            		 Max Sequence Length: 200
            		 TstepEncoder Type: MetamonTstepEncoder
            		 TrajEncoder Type: TformerTrajEncoder
            		 Total Parameters: 57,535,116
            		 Offline Loss Weight: 1.0
            		 Online Loss Weight: 0.0
            		 Mixed Precision: NO
            		 Checkpoint Path: /Users/yadureddy/Documents/GitHub/clean/pokeagent_ac_mcts/.metamon_cache/pretrained_models/models--jakegrigsby--metamon/snapshots/c5d1cb9abb6747066a325228845a5a8af3d12139/abra/abra/ckpts
            	 Environment:
            		 DummyAsyncVectorEnv(Gym Env x 1)
            		 Exploration Type: None
            	 Dataset: DoNothingDataset
            	 Accelerate Processes: 1 


INFO     Successfully loaded Abra model
ERROR    Error translating battle to observation: 
WARNING  Failed to get priors for battle: 
ERROR    Error translating battle to observation: 
WARNING  Failed to get priors for battle: 
INFO     Successfully computed neural priors for 0/2 battles
INFO     Using PUCT-guided move selection (priors integrated during search)...
INFO     Policy 0: playrough visited 71.73% avg_score=0.414 sample_chance_multiplier=0.5
INFO     Policy 1: playrough visited 47.1% avg_score=0.478 sample_chance_multiplier=0.5
INFO     Considered Choices:
INFO     	59.416%: playrough
INFO     Choice: playrough
INFO     Opponent has switched - clearing the last used move
INFO     chimecho switched in, adding intimidate to impossible abilities
INFO     chimecho switched in, adding pressure to impossible abilities
INFO     chimecho switched in, adding neutralizinggas to impossible abilities
INFO     chimecho switched in, adding sandstream to impossible abilities
INFO     chimecho switched in, adding drought to impossible abilities
INFO     chimecho switched in, adding drizzle to impossible abilities
INFO     chimecho switched in, adding snowwarning to impossible abilities
INFO     chimecho switched in, adding boosterenergy to impossible items
INFO     chimecho switched in, adding airballoon to impossible items
INFO     luxray already has the move playrough. Decrementing the PP by 1
INFO     luxray used a fairy move, removing fairygem from possible items
INFO     Setting luxray's last used move: playrough
INFO     luxray used a damaging move - not guessing lifeorb anymore
INFO     luxray did 28.000000000000004% damage to chimecho with playrough
INFO     Setting chimecho's item to: leftovers
INFO     chimecho has less than maxhp during upkeep, no longer guessing leftovers or blacksludge
INFO     
INFO     Turn: 7
INFO     Sampling battle 0
INFO     	       chimecho     levitate    leftovers [calmmind, dazzlinggleam, psychicnoise, recover] ttype=electric
INFO     	      mismagius     levitate  choicespecs [dazzlinggleam, energyball, mysticalfire, shadowball] ttype=fire
INFO     	       ampharos       static         None [agility, dazzlinggleam, focusblast, thunderbolt] ttype=fairy
INFO     Sampling 3 unrevealed pokemon
INFO     	        pikachu lightningrod    lightball [playrough, surf, voltswitch, volttackle] ttype=water
INFO     	        haxorus  moldbreaker   loadeddice [earthquake, ironhead, scaleshot, swordsdance] ttype=steel
INFO     	      piloswine     thickfat     eviolite [earthquake, iceshard, iciclecrash, stealthrock] ttype=poison
INFO     Sampling battle 1
INFO     	       chimecho     levitate    leftovers [calmmind, dazzlinggleam, psychicnoise, recover] ttype=fairy
INFO     	      mismagius     levitate  choicespecs [energyball, mysticalfire, shadowball, thunderbolt] ttype=ghost
INFO     	       ampharos       static         None [agility, dazzlinggleam, focusblast, thunderbolt] ttype=electric
INFO     Sampling 3 unrevealed pokemon
INFO     	         dialga     pressure    leftovers [dracometeor, fireblast, heavyslam, thunderwave] ttype=steel
INFO     	       garchomp    roughskin  rockyhelmet [earthquake, outrage, spikes, stealthrock] ttype=steel
INFO     	        slaking       truant   choiceband [doubleedge, earthquake, gigaimpact, knockoff] ttype=ground
INFO     Sampling battle 2
INFO     	       chimecho     levitate    leftovers [encore, psychicnoise, recover, thunderwave] ttype=electric
INFO     	      mismagius     levitate  choicespecs [energyball, mysticalfire, shadowball, trick] ttype=ghost
INFO     	       ampharos       static         None [agility, dazzlinggleam, focusblast, thunderbolt] ttype=fairy
INFO     Sampling 3 unrevealed pokemon
INFO     	      dragapult  infiltrator  choicespecs [dracometeor, fireblast, shadowball, uturn] ttype=ghost
INFO     	         dialga     pressure  assaultvest [dracometeor, dragontail, fireblast, heavyslam] ttype=steel
INFO     	       torterra     overgrow   loadeddice [bulletseed, headlongrush, rockblast, shellsmash] ttype=water
INFO     Sampling battle 3
INFO     	       chimecho     levitate    leftovers [knockoff, psychicnoise, recover, thunderwave] ttype=poison
INFO     	      mismagius     levitate  choicespecs [energyball, mysticalfire, shadowball, trick] ttype=ghost
INFO     	       ampharos       static         None [agility, dazzlinggleam, focusblast, thunderbolt] ttype=electric
INFO     Sampling 3 unrevealed pokemon
INFO     	        dewgong     thickfat heavydutyboots [encore, knockoff, surf, tripleaxel] ttype=steel
INFO     	     archaludon      stamina  assaultvest [bodypress, dracometeor, dragontail, flashcannon] ttype=fighting
INFO     	        gallade    sharpness      lifeorb [agility, nightslash, psychocut, sacredsword] ttype=fighting
INFO     Initializing per-node neural priors callback (Abra model)...
INFO     Neural callback already initialized
INFO     Per-node neural priors enabled
INFO     Searching for a move using PUCT MCTS with neural priors...
INFO     Sampling 4 battles at 250ms each
INFO     Computing neural priors for all battles...
INFO     Initialized StateTranslator with TeamPreviewObservationSpace
INFO     Initializing LocalPolicyProvider with model: Abra
INFO     Loading pretrained Abra model...
INFO     CUDA not available - overriding FlashAttention with VanillaAttention
[91mWarning: Using unofficial VanillaAttention implementation[0m


 		 AMAGO v3.1
            	 -------------------------
            	 Agent: MultiTaskAgent
            		 Max Sequence Length: 200
            		 TstepEncoder Type: MetamonTstepEncoder
            		 TrajEncoder Type: TformerTrajEncoder
            		 Total Parameters: 57,535,116
            		 Offline Loss Weight: 1.0
            		 Online Loss Weight: 0.0
            		 Mixed Precision: NO
            		 Checkpoint Path: /Users/yadureddy/Documents/GitHub/clean/pokeagent_ac_mcts/.metamon_cache/pretrained_models/models--jakegrigsby--metamon/snapshots/c5d1cb9abb6747066a325228845a5a8af3d12139/abra/abra/ckpts
            	 Environment:
            		 DummyAsyncVectorEnv(Gym Env x 1)
            		 Exploration Type: None
            	 Dataset: DoNothingDataset
            	 Accelerate Processes: 1 


INFO     Successfully loaded Abra model
ERROR    Error translating battle to observation: 
WARNING  Failed to get priors for battle: 
ERROR    Error translating battle to observation: 
WARNING  Failed to get priors for battle: 
ERROR    Error translating battle to observation: 
WARNING  Failed to get priors for battle: 
ERROR    Error translating battle to observation: 
WARNING  Failed to get priors for battle: 
INFO     Successfully computed neural priors for 0/4 battles
INFO     Using PUCT-guided move selection (priors integrated during search)...
INFO     Policy 0: throatchop visited 33.41% avg_score=0.495 sample_chance_multiplier=0.25
INFO     Policy 1: playrough visited 22.77% avg_score=0.486 sample_chance_multiplier=0.25
INFO     Policy 2: switch greninja visited 35.47% avg_score=0.54 sample_chance_multiplier=0.25
INFO     Policy 3: voltswitch visited 66.55% avg_score=0.524 sample_chance_multiplier=0.25
INFO     Considered Choices:
INFO     	27.67%: voltswitch
INFO     Choice: voltswitch
INFO     Updated chimecho's min speed to 173
INFO     chimecho used a psychic move, removing psychicgem from possible items
INFO     Setting chimecho's last used move: psychicnoise
INFO     chimecho used a damaging move - not guessing lifeorb anymore
INFO     chimecho did 22.54% damage to luxray with psychicnoise
INFO     Starting the volatile status healblock on luxray
INFO     luxray already has the move voltswitch. Decrementing the PP by 1
INFO     luxray used a electric move, removing electricgem from possible items
INFO     Setting luxray's last used move: voltswitch
INFO     luxray used a damaging move - not guessing lifeorb anymore
INFO     luxray did 24.0% damage to chimecho with voltswitch
INFO     Sampling battle 0
INFO     	       chimecho     levitate    leftovers [encore, healbell, psychicnoise, recover] ttype=dark
INFO     	      mismagius     levitate  choicespecs [energyball, shadowball, thunderbolt, trick] ttype=ghost
INFO     	       ampharos       static         None [agility, dazzlinggleam, focusblast, thunderbolt] ttype=fairy
INFO     Sampling 3 unrevealed pokemon
INFO     	        ambipom   technician   choiceband [doubleedge, knockoff, lowkick, tripleaxel] ttype=ice
INFO     	       clodsire  waterabsorb    leftovers [earthquake, gunkshot, recover, toxicspikes] ttype=flying
INFO     	      araquanid  waterbubble heavydutyboots [leechlife, liquidation, mirrorcoat, stickyweb] ttype=ground
INFO     Sampling battle 1
INFO     	       chimecho     levitate    leftovers [healbell, psychicnoise, recover, thunderwave] ttype=dark
INFO     	      mismagius     levitate  choicespecs [dazzlinggleam, energyball, shadowball, trick] ttype=fairy
INFO     	       ampharos       static         None [agility, dazzlinggleam, focusblast, thunderbolt] ttype=electric
INFO     Sampling 3 unrevealed pokemon
INFO     	      magnezone   magnetpull  assaultvest [flashcannon, mirrorcoat, thunderbolt, voltswitch] ttype=water
INFO     	       cloyster    skilllink    whiteherb [hydropump, iciclespear, rockblast, shellsmash] ttype=ice
INFO     	   greninjabond   battlebond      lifeorb [darkpulse, gunkshot, hydropump, icebeam] ttype=water
INFO     Initializing per-node neural priors callback (Abra model)...
INFO     Neural callback already initialized
INFO     Per-node neural priors enabled
INFO     Searching for a move using PUCT MCTS with neural priors...
INFO     Sampling 2 battles at 500ms each
INFO     Computing neural priors for all battles...
INFO     Initialized StateTranslator with TeamPreviewObservationSpace
INFO     Initializing LocalPolicyProvider with model: Abra
INFO     Loading pretrained Abra model...
INFO     CUDA not available - overriding FlashAttention with VanillaAttention
[91mWarning: Using unofficial VanillaAttention implementation[0m


 		 AMAGO v3.1
            	 -------------------------
            	 Agent: MultiTaskAgent
            		 Max Sequence Length: 200
            		 TstepEncoder Type: MetamonTstepEncoder
            		 TrajEncoder Type: TformerTrajEncoder
            		 Total Parameters: 57,535,116
            		 Offline Loss Weight: 1.0
            		 Online Loss Weight: 0.0
            		 Mixed Precision: NO
            		 Checkpoint Path: /Users/yadureddy/Documents/GitHub/clean/pokeagent_ac_mcts/.metamon_cache/pretrained_models/models--jakegrigsby--metamon/snapshots/c5d1cb9abb6747066a325228845a5a8af3d12139/abra/abra/ckpts
            	 Environment:
            		 DummyAsyncVectorEnv(Gym Env x 1)
            		 Exploration Type: None
            	 Dataset: DoNothingDataset
            	 Accelerate Processes: 1 


INFO     Successfully loaded Abra model
ERROR    Error translating battle to observation: 
WARNING  Failed to get priors for battle: 
ERROR    Error translating battle to observation: 
WARNING  Failed to get priors for battle: 
INFO     Successfully computed neural priors for 0/2 battles
INFO     Using PUCT-guided move selection (priors integrated during search)...
INFO     Policy 0: switch darkrai visited 50.49% avg_score=0.468 sample_chance_multiplier=0.5
INFO     Policy 1: switch darkrai visited 97.58% avg_score=0.633 sample_chance_multiplier=0.5
INFO     Considered Choices:
INFO     	74.034%: switch darkrai
INFO     Choice: switch darkrai
INFO     darkrai switched in, adding intimidate to impossible abilities
INFO     darkrai switched in, adding pressure to impossible abilities
INFO     darkrai switched in, adding neutralizinggas to impossible abilities
INFO     darkrai switched in, adding sandstream to impossible abilities
INFO     darkrai switched in, adding drought to impossible abilities
INFO     darkrai switched in, adding drizzle to impossible abilities
INFO     darkrai switched in, adding snowwarning to impossible abilities
INFO     darkrai switched in, adding boosterenergy to impossible items
INFO     darkrai switched in, adding airballoon to impossible items
INFO     Setting chimecho's item to: leftovers
INFO     chimecho has less than maxhp during upkeep, no longer guessing leftovers or blacksludge
INFO     
INFO     Turn: 8
INFO     Sampling battle 0
INFO     	       chimecho     levitate    leftovers [encore, knockoff, psychicnoise, recover] ttype=steel
INFO     	      mismagius     levitate  choicespecs [dazzlinggleam, energyball, shadowball, trick] ttype=ghost
INFO     	       ampharos       static         None [agility, dazzlinggleam, focusblast, thunderbolt] ttype=electric
INFO     Sampling 3 unrevealed pokemon
INFO     	        manaphy    hydration    leftovers [energyball, icebeam, surf, tailglow] ttype=water
INFO     	        wochien tabletsofruin    leftovers [knockoff, leechseed, protect, ruination] ttype=poison
INFO     	       maushold   technician     widelens [bite, encore, populationbomb, tidyup] ttype=ghost
INFO     Sampling battle 1
INFO     	       chimecho     levitate    leftovers [healbell, knockoff, psychicnoise, recover] ttype=poison
INFO     	      mismagius     levitate  choicespecs [energyball, mysticalfire, shadowball, trick] ttype=ghost
INFO     	       ampharos       static         None [agility, dazzlinggleam, focusblast, thunderbolt] ttype=electric
INFO     Sampling 3 unrevealed pokemon
INFO     	   dugtrioalola tanglinghair      lifeorb [earthquake, ironhead, stealthrock, suckerpunch] ttype=ground
INFO     	        bruxish    strongjaw   choiceband [flipturn, icefang, psychicfangs, wavecrash] ttype=psychic
INFO     	         glalie   innerfocus heavydutyboots [disable, earthquake, freezedry, spikes] ttype=ground
INFO     Initializing per-node neural priors callback (Abra model)...
INFO     Neural callback already initialized
INFO     Per-node neural priors enabled
INFO     Searching for a move using PUCT MCTS with neural priors...
INFO     Sampling 2 battles at 500ms each
INFO     Computing neural priors for all battles...
INFO     Initialized StateTranslator with TeamPreviewObservationSpace
INFO     Initializing LocalPolicyProvider with model: Abra
INFO     Loading pretrained Abra model...
INFO     CUDA not available - overriding FlashAttention with VanillaAttention
[91mWarning: Using unofficial VanillaAttention implementation[0m


 		 AMAGO v3.1
            	 -------------------------
            	 Agent: MultiTaskAgent
            		 Max Sequence Length: 200
            		 TstepEncoder Type: MetamonTstepEncoder
            		 TrajEncoder Type: TformerTrajEncoder
            		 Total Parameters: 57,535,116
            		 Offline Loss Weight: 1.0
            		 Online Loss Weight: 0.0
            		 Mixed Precision: NO
            		 Checkpoint Path: /Users/yadureddy/Documents/GitHub/clean/pokeagent_ac_mcts/.metamon_cache/pretrained_models/models--jakegrigsby--metamon/snapshots/c5d1cb9abb6747066a325228845a5a8af3d12139/abra/abra/ckpts
            	 Environment:
            		 DummyAsyncVectorEnv(Gym Env x 1)
            		 Exploration Type: None
            	 Dataset: DoNothingDataset
            	 Accelerate Processes: 1 


INFO     Successfully loaded Abra model
ERROR    Error translating battle to observation: 
WARNING  Failed to get priors for battle: 
ERROR    Error translating battle to observation: 
WARNING  Failed to get priors for battle: 
INFO     Successfully computed neural priors for 0/2 battles
INFO     Using PUCT-guided move selection (priors integrated during search)...
INFO     Policy 0: darkpulse visited 81.98% avg_score=0.631 sample_chance_multiplier=0.5
INFO     Policy 1: nastyplot visited 98.87% avg_score=0.85 sample_chance_multiplier=0.5
INFO     Considered Choices:
INFO     	52.602%: nastyplot
INFO     	41.185%: darkpulse
INFO     Choice: darkpulse
INFO     Opponent has switched - clearing the last used move
INFO     mienshao switched in, adding intimidate to impossible abilities
INFO     mienshao switched in, adding pressure to impossible abilities
INFO     mienshao switched in, adding neutralizinggas to impossible abilities
INFO     mienshao switched in, adding sandstream to impossible abilities
INFO     mienshao switched in, adding drought to impossible abilities
INFO     mienshao switched in, adding drizzle to impossible abilities
INFO     mienshao switched in, adding snowwarning to impossible abilities
INFO     mienshao switched in, adding boosterenergy to impossible items
INFO     mienshao switched in, adding airballoon to impossible items
INFO     darkrai already has the move darkpulse. Decrementing the PP by 1
INFO     darkrai used a dark move, removing darkgem from possible items
INFO     Setting darkrai's last used move: darkpulse
INFO     darkrai used a damaging move - not guessing lifeorb anymore
INFO     darkrai did 20.0% damage to mienshao with darkpulse
INFO     Setting darkrai's item to: lifeorb
INFO     mienshao has less than maxhp during upkeep, no longer guessing leftovers or blacksludge
INFO     
INFO     Turn: 9
INFO     Sampling battle 0
INFO     	       mienshao  regenerator  assaultvest [closecombat, fakeout, knockoff, uturn] ttype=dark
INFO     	      mismagius     levitate  choicespecs [dazzlinggleam, energyball, mysticalfire, shadowball] ttype=fire
INFO     	       ampharos       static         None [agility, dazzlinggleam, focusblast, thunderbolt] ttype=electric
INFO     	       chimecho     levitate    leftovers [knockoff, psychicnoise, recover, thunderwave] ttype=dark
INFO     Sampling 2 unrevealed pokemon
INFO     	       sceptile     overgrow      lifeorb [earthquake, leafstorm, rockslide, shedtail] ttype=ground
INFO     	       vaporeon  waterabsorb    leftovers [protect, roar, scald, wish] ttype=poison
INFO     Sampling battle 1
INFO     	       mienshao  regenerator  assaultvest [closecombat, fakeout, knockoff, uturn] ttype=dark
INFO     	      mismagius     levitate  choicespecs [energyball, mysticalfire, shadowball, thunderbolt] ttype=electric
INFO     	       ampharos       static         None [agility, dazzlinggleam, focusblast, thunderbolt] ttype=electric
INFO     	       chimecho     levitate    leftovers [encore, knockoff, psychicnoise, recover] ttype=electric
INFO     Sampling 2 unrevealed pokemon
INFO     	     misdreavus     levitate     eviolite [calmmind, drainingkiss, shadowball, willowisp] ttype=fairy
INFO     	        kleavor    sharpness heavydutyboots [closecombat, stoneaxe, swordsdance, xscissor] ttype=bug
INFO     Initializing per-node neural priors callback (Abra model)...
INFO     Neural callback already initialized
INFO     Per-node neural priors enabled
INFO     Searching for a move using PUCT MCTS with neural priors...
INFO     Sampling 2 battles at 500ms each
INFO     Computing neural priors for all battles...
INFO     Initialized StateTranslator with TeamPreviewObservationSpace
INFO     Initializing LocalPolicyProvider with model: Abra
INFO     Loading pretrained Abra model...
INFO     CUDA not available - overriding FlashAttention with VanillaAttention
[91mWarning: Using unofficial VanillaAttention implementation[0m


 		 AMAGO v3.1
            	 -------------------------
            	 Agent: MultiTaskAgent
            		 Max Sequence Length: 200
            		 TstepEncoder Type: MetamonTstepEncoder
            		 TrajEncoder Type: TformerTrajEncoder
            		 Total Parameters: 57,535,116
            		 Offline Loss Weight: 1.0
            		 Online Loss Weight: 0.0
            		 Mixed Precision: NO
            		 Checkpoint Path: /Users/yadureddy/Documents/GitHub/clean/pokeagent_ac_mcts/.metamon_cache/pretrained_models/models--jakegrigsby--metamon/snapshots/c5d1cb9abb6747066a325228845a5a8af3d12139/abra/abra/ckpts
            	 Environment:
            		 DummyAsyncVectorEnv(Gym Env x 1)
            		 Exploration Type: None
            	 Dataset: DoNothingDataset
            	 Accelerate Processes: 1 


INFO     Successfully loaded Abra model
ERROR    Error translating battle to observation: 
WARNING  Failed to get priors for battle: 
ERROR    Error translating battle to observation: 
WARNING  Failed to get priors for battle: 
INFO     Successfully computed neural priors for 0/2 battles
INFO     Using PUCT-guided move selection (priors integrated during search)...
INFO     Policy 0: switch muk visited 85.91% avg_score=0.388 sample_chance_multiplier=0.5
INFO     Policy 1: switch muk visited 48.79% avg_score=0.397 sample_chance_multiplier=0.5
INFO     Considered Choices:
INFO     	67.349%: switch muk
INFO     Choice: switch muk
INFO     mienshao used a fighting move, removing fightinggem from possible items
INFO     Setting mienshao's last used move: closecombat
INFO     mienshao used a damaging move - not guessing lifeorb anymore
INFO     mienshao did 24.92% damage to muk with closecombat
INFO     mienshao's defense was unboosted by 1 to -1
INFO     mienshao's special-defense was unboosted by 1 to -1
INFO     Setting muk's item to: leftovers
INFO     mienshao has less than maxhp during upkeep, no longer guessing leftovers or blacksludge
INFO     
INFO     Turn: 10
INFO     Sampling battle 0
INFO     	       mienshao  regenerator  assaultvest [closecombat, fakeout, knockoff, uturn] ttype=dark
INFO     	      mismagius     levitate  choicespecs [dazzlinggleam, energyball, shadowball, thunderbolt] ttype=ghost
INFO     	       ampharos       static         None [agility, dazzlinggleam, focusblast, thunderbolt] ttype=fairy
INFO     	       chimecho     levitate    leftovers [healbell, psychicnoise, recover, thunderwave] ttype=electric
INFO     Sampling 2 unrevealed pokemon
INFO     	    dudunsparce  serenegrace    leftovers [earthquake, glare, headbutt, roost] ttype=ground
INFO     	        bisharp      defiant     eviolite [ironhead, stealthrock, suckerpunch, throatchop] ttype=ghost
INFO     Sampling battle 1
INFO     	       mienshao  regenerator  assaultvest [closecombat, fakeout, knockoff, uturn] ttype=dark
INFO     	      mismagius     levitate  choicespecs [dazzlinggleam, energyball, mysticalfire, shadowball] ttype=ghost
INFO     	       ampharos       static         None [agility, dazzlinggleam, focusblast, thunderbolt] ttype=electric
INFO     	       chimecho     levitate    leftovers [calmmind, dazzlinggleam, psychicnoise, recover] ttype=steel
INFO     Sampling 2 unrevealed pokemon
INFO     	       meloetta  serenegrace      lifeorb [closecombat, knockoff, relicsong, tripleaxel] ttype=dark
INFO     	      honchkrow        moxie heavydutyboots [bravebird, heatwave, suckerpunch, uturn] ttype=dark
INFO     Initializing per-node neural priors callback (Abra model)...
INFO     Neural callback already initialized
INFO     Per-node neural priors enabled
INFO     Searching for a move using PUCT MCTS with neural priors...
INFO     Sampling 2 battles at 500ms each
INFO     Computing neural priors for all battles...
INFO     Initialized StateTranslator with TeamPreviewObservationSpace
INFO     Initializing LocalPolicyProvider with model: Abra
INFO     Loading pretrained Abra model...
INFO     CUDA not available - overriding FlashAttention with VanillaAttention
[91mWarning: Using unofficial VanillaAttention implementation[0m


 		 AMAGO v3.1
            	 -------------------------
            	 Agent: MultiTaskAgent
            		 Max Sequence Length: 200
            		 TstepEncoder Type: MetamonTstepEncoder
            		 TrajEncoder Type: TformerTrajEncoder
            		 Total Parameters: 57,535,116
            		 Offline Loss Weight: 1.0
            		 Online Loss Weight: 0.0
            		 Mixed Precision: NO
            		 Checkpoint Path: /Users/yadureddy/Documents/GitHub/clean/pokeagent_ac_mcts/.metamon_cache/pretrained_models/models--jakegrigsby--metamon/snapshots/c5d1cb9abb6747066a325228845a5a8af3d12139/abra/abra/ckpts
            	 Environment:
            		 DummyAsyncVectorEnv(Gym Env x 1)
            		 Exploration Type: None
            	 Dataset: DoNothingDataset
            	 Accelerate Processes: 1 


INFO     Successfully loaded Abra model
ERROR    Error translating battle to observation: 
WARNING  Failed to get priors for battle: 
ERROR    Error translating battle to observation: 
WARNING  Failed to get priors for battle: 
INFO     Successfully computed neural priors for 0/2 battles
INFO     Using PUCT-guided move selection (priors integrated during search)...
INFO     Policy 0: knockoff visited 36.57% avg_score=0.3 sample_chance_multiplier=0.5
INFO     Policy 1: gunkshot visited 56.68% avg_score=0.401 sample_chance_multiplier=0.5
INFO     Considered Choices:
INFO     	30.636%: gunkshot
INFO     	28.223%: knockoff
INFO     Choice: gunkshot
INFO     Updated mienshao's min speed to 67
INFO     mienshao used two different moves - it cannot have a choice item
INFO     mienshao used a dark move, removing darkgem from possible items
INFO     Setting mienshao's last used move: knockoff
INFO     mienshao used a damaging move - not guessing lifeorb anymore
INFO     mienshao did 22.43% damage to muk with knockoff
INFO     Removing muk's item: leftovers
INFO     Setting muk's removed item to leftovers
INFO     Knockoff removed muk's item
INFO     mienshao has less than maxhp during upkeep, no longer guessing leftovers or blacksludge
INFO     Sampling battle 0
INFO     	       mienshao  regenerator  assaultvest [closecombat, fakeout, knockoff, uturn] ttype=steel
INFO     	      mismagius     levitate  choicespecs [energyball, mysticalfire, shadowball, trick] ttype=fire
INFO     	       ampharos       static         None [agility, dazzlinggleam, focusblast, thunderbolt] ttype=electric
INFO     	       chimecho     levitate    leftovers [calmmind, dazzlinggleam, psychicnoise, recover] ttype=electric
INFO     Sampling 2 unrevealed pokemon
INFO     	       garchomp    roughskin   loadeddice [earthquake, ironhead, scaleshot, swordsdance] ttype=ground
INFO     	   basculegionf adaptability  assaultvest [flipturn, hydropump, shadowball, wavecrash] ttype=water
INFO     Sampling battle 1
INFO     	       mienshao  regenerator  assaultvest [closecombat, fakeout, knockoff, uturn] ttype=steel
INFO     	      mismagius     levitate  choicespecs [energyball, mysticalfire, shadowball, thunderbolt] ttype=fire
INFO     	       ampharos       static         None [agility, dazzlinggleam, focusblast, thunderbolt] ttype=fairy
INFO     	       chimecho     levitate    leftovers [calmmind, dazzlinggleam, psychicnoise, recover] ttype=fairy
INFO     Sampling 2 unrevealed pokemon
INFO     	      rotomheat     levitate heavydutyboots [overheat, painsplit, thunderbolt, willowisp] ttype=electric
INFO     	    kyuremblack     teravolt   loadeddice [dragondance, fusionbolt, iciclespear, scaleshot] ttype=electric
INFO     Initializing per-node neural priors callback (Abra model)...
INFO     Neural callback already initialized
INFO     Per-node neural priors enabled
INFO     Searching for a move using PUCT MCTS with neural priors...
INFO     Sampling 2 battles at 500ms each
INFO     Computing neural priors for all battles...
INFO     Initialized StateTranslator with TeamPreviewObservationSpace
INFO     Initializing LocalPolicyProvider with model: Abra
INFO     Loading pretrained Abra model...
INFO     CUDA not available - overriding FlashAttention with VanillaAttention
[91mWarning: Using unofficial VanillaAttention implementation[0m


 		 AMAGO v3.1
            	 -------------------------
            	 Agent: MultiTaskAgent
            		 Max Sequence Length: 200
            		 TstepEncoder Type: MetamonTstepEncoder
            		 TrajEncoder Type: TformerTrajEncoder
            		 Total Parameters: 57,535,116
            		 Offline Loss Weight: 1.0
            		 Online Loss Weight: 0.0
            		 Mixed Precision: NO
            		 Checkpoint Path: /Users/yadureddy/Documents/GitHub/clean/pokeagent_ac_mcts/.metamon_cache/pretrained_models/models--jakegrigsby--metamon/snapshots/c5d1cb9abb6747066a325228845a5a8af3d12139/abra/abra/ckpts
            	 Environment:
            		 DummyAsyncVectorEnv(Gym Env x 1)
            		 Exploration Type: None
            	 Dataset: DoNothingDataset
            	 Accelerate Processes: 1 


INFO     Successfully loaded Abra model
ERROR    Error translating battle to observation: 
WARNING  Failed to get priors for battle: 
ERROR    Error translating battle to observation: 
WARNING  Failed to get priors for battle: 
INFO     Successfully computed neural priors for 0/2 battles
INFO     Using PUCT-guided move selection (priors integrated during search)...
INFO     Policy 0: switch greninja visited 95.64% avg_score=0.452 sample_chance_multiplier=0.5
INFO     Policy 1: switch greninja visited 80.45% avg_score=0.429 sample_chance_multiplier=0.5
INFO     Considered Choices:
INFO     	88.045%: switch greninja
INFO     Choice: switch greninja
INFO     greninja switched in, adding intimidate to impossible abilities
INFO     greninja switched in, adding pressure to impossible abilities
INFO     greninja switched in, adding neutralizinggas to impossible abilities
INFO     greninja switched in, adding sandstream to impossible abilities
INFO     greninja switched in, adding drought to impossible abilities
INFO     greninja switched in, adding drizzle to impossible abilities
INFO     greninja switched in, adding snowwarning to impossible abilities
INFO     greninja switched in, adding boosterenergy to impossible items
INFO     greninja switched in, adding airballoon to impossible items
INFO     
INFO     Turn: 11
INFO     Sampling battle 0
INFO     	       mienshao  regenerator  assaultvest [closecombat, fakeout, knockoff, uturn] ttype=dark
INFO     	      mismagius     levitate  choicespecs [energyball, mysticalfire, shadowball, trick] ttype=fire
INFO     	       ampharos       static         None [agility, dazzlinggleam, focusblast, thunderbolt] ttype=electric
INFO     	       chimecho     levitate    leftovers [calmmind, dazzlinggleam, psychicnoise, recover] ttype=steel
INFO     Sampling 2 unrevealed pokemon
INFO     	   greninjabond   battlebond      lifeorb [darkpulse, gunkshot, hydropump, icebeam] ttype=poison
INFO     	      zebstrika    sapsipper      lifeorb [highhorsepower, overheat, supercellslam, voltswitch] ttype=ground
INFO     Sampling battle 1
INFO     	       mienshao  regenerator  assaultvest [closecombat, fakeout, knockoff, uturn] ttype=dark
INFO     	      mismagius     levitate  choicespecs [energyball, mysticalfire, shadowball, trick] ttype=fire
INFO     	       ampharos       static         None [agility, dazzlinggleam, focusblast, thunderbolt] ttype=electric
INFO     	       chimecho     levitate    leftovers [encore, healbell, psychicnoise, recover] ttype=electric
INFO     Sampling 2 unrevealed pokemon
INFO     	      gholdengo   goodasgold    leftovers [makeitrain, nastyplot, recover, shadowball] ttype=steel
INFO     	     ragingbolt protosynthesis    leftovers [calmmind, dracometeor, thunderbolt, thunderclap] ttype=electric
INFO     Initializing per-node neural priors callback (Abra model)...
INFO     Neural callback already initialized
INFO     Per-node neural priors enabled
INFO     Searching for a move using PUCT MCTS with neural priors...
INFO     Sampling 2 battles at 500ms each
INFO     Computing neural priors for all battles...
INFO     Initialized StateTranslator with TeamPreviewObservationSpace
INFO     Initializing LocalPolicyProvider with model: Abra
INFO     Loading pretrained Abra model...
INFO     CUDA not available - overriding FlashAttention with VanillaAttention
[91mWarning: Using unofficial VanillaAttention implementation[0m


 		 AMAGO v3.1
            	 -------------------------
            	 Agent: MultiTaskAgent
            		 Max Sequence Length: 200
            		 TstepEncoder Type: MetamonTstepEncoder
            		 TrajEncoder Type: TformerTrajEncoder
            		 Total Parameters: 57,535,116
            		 Offline Loss Weight: 1.0
            		 Online Loss Weight: 0.0
            		 Mixed Precision: NO
            		 Checkpoint Path: /Users/yadureddy/Documents/GitHub/clean/pokeagent_ac_mcts/.metamon_cache/pretrained_models/models--jakegrigsby--metamon/snapshots/c5d1cb9abb6747066a325228845a5a8af3d12139/abra/abra/ckpts
            	 Environment:
            		 DummyAsyncVectorEnv(Gym Env x 1)
            		 Exploration Type: None
            	 Dataset: DoNothingDataset
            	 Accelerate Processes: 1 


INFO     Successfully loaded Abra model
ERROR    Error translating battle to observation: 
WARNING  Failed to get priors for battle: 
ERROR    Error translating battle to observation: 
WARNING  Failed to get priors for battle: 
INFO     Successfully computed neural priors for 0/2 battles
INFO     Using PUCT-guided move selection (priors integrated during search)...
INFO     Policy 0: gunkshot visited 67.96% avg_score=0.482 sample_chance_multiplier=0.5
INFO     Policy 1: gunkshot visited 54.87% avg_score=0.425 sample_chance_multiplier=0.5
INFO     Considered Choices:
INFO     	61.419%: gunkshot
INFO     Choice: gunkshot
INFO     Opponent has switched - clearing the last used move
INFO     greninja already has the move gunkshot. Decrementing the PP by 1
INFO     greninja used a poison move, removing poisongem from possible items
INFO     Setting greninja's last used move: gunkshot
INFO     greninja used a damaging move - not guessing lifeorb anymore
INFO     greninja did 25.0% damage to ampharos with gunkshot
INFO     Setting greninja's ability to battlebond
INFO     greninja's attack was boosted by 1 to 1
INFO     greninja's special-attack was boosted by 1 to 1
INFO     greninja's speed was boosted by 1 to 1
INFO     Setting greninja's ability to battlebond
INFO     Setting greninja's item to: lifeorb
INFO     ampharos has less than maxhp during upkeep, no longer guessing leftovers or blacksludge
INFO     Opponent has switched - clearing the last used move
INFO     mienshao switched out with 80.0% HP but now has 100.0% HP, setting its ability to regenerator
INFO     
INFO     Turn: 12
INFO     Sampling battle 0
INFO     	       mienshao  regenerator  assaultvest [closecombat, fakeout, knockoff, uturn] ttype=dark
INFO     	      mismagius     levitate  choicespecs [dazzlinggleam, energyball, shadowball, trick] ttype=fairy
INFO     	       chimecho     levitate    leftovers [encore, knockoff, psychicnoise, recover] ttype=steel
INFO     Sampling 2 unrevealed pokemon
INFO     	      excadrill  moldbreaker  assaultvest [earthquake, ironhead, rapidspin, rockslide] ttype=water
INFO     	       skarmory       sturdy    leftovers [bravebird, roost, stealthrock, whirlwind] ttype=dragon
INFO     Sampling battle 1
INFO     	       mienshao  regenerator  assaultvest [closecombat, fakeout, knockoff, uturn] ttype=steel
INFO     	      mismagius     levitate  choicespecs [dazzlinggleam, energyball, mysticalfire, shadowball] ttype=fire
INFO     	       chimecho     levitate    leftovers [encore, psychicnoise, recover, thunderwave] ttype=electric
INFO     Sampling 2 unrevealed pokemon
INFO     	   dialgaorigin     pressure adamantcrystal [dracometeor, flashcannon, stealthrock, thunderwave] ttype=steel
INFO     	        jolteon   voltabsorb      lifeorb [alluringvoice, calmmind, shadowball, thunderbolt] ttype=electric
INFO     Initializing per-node neural priors callback (Abra model)...
INFO     Neural callback already initialized
INFO     Per-node neural priors enabled
INFO     Searching for a move using PUCT MCTS with neural priors...
INFO     Sampling 2 battles at 500ms each
INFO     Computing neural priors for all battles...
INFO     Initialized StateTranslator with TeamPreviewObservationSpace
INFO     Initializing LocalPolicyProvider with model: Abra
INFO     Loading pretrained Abra model...
INFO     CUDA not available - overriding FlashAttention with VanillaAttention
[91mWarning: Using unofficial VanillaAttention implementation[0m


 		 AMAGO v3.1
            	 -------------------------
            	 Agent: MultiTaskAgent
            		 Max Sequence Length: 200
            		 TstepEncoder Type: MetamonTstepEncoder
            		 TrajEncoder Type: TformerTrajEncoder
            		 Total Parameters: 57,535,116
            		 Offline Loss Weight: 1.0
            		 Online Loss Weight: 0.0
            		 Mixed Precision: NO
            		 Checkpoint Path: /Users/yadureddy/Documents/GitHub/clean/pokeagent_ac_mcts/.metamon_cache/pretrained_models/models--jakegrigsby--metamon/snapshots/c5d1cb9abb6747066a325228845a5a8af3d12139/abra/abra/ckpts
            	 Environment:
            		 DummyAsyncVectorEnv(Gym Env x 1)
            		 Exploration Type: None
            	 Dataset: DoNothingDataset
            	 Accelerate Processes: 1 


INFO     Successfully loaded Abra model
ERROR    Error translating battle to observation: 
WARNING  Failed to get priors for battle: 
ERROR    Error translating battle to observation: 
WARNING  Failed to get priors for battle: 
INFO     Successfully computed neural priors for 0/2 battles
INFO     Using PUCT-guided move selection (priors integrated during search)...
INFO     Policy 0: hydropump visited 51.28% avg_score=0.232 sample_chance_multiplier=0.5
INFO     Policy 1: switch taurospaldeaaqua visited 77.55% avg_score=0.218 sample_chance_multiplier=0.5
INFO     Considered Choices:
INFO     	41.435%: switch taurospaldeaaqua
INFO     Choice: switch taurospaldeaaqua
INFO     taurospaldeaaqua switched in, adding intimidate to impossible abilities
INFO     taurospaldeaaqua switched in, adding pressure to impossible abilities
INFO     taurospaldeaaqua switched in, adding neutralizinggas to impossible abilities
INFO     taurospaldeaaqua switched in, adding sandstream to impossible abilities
INFO     taurospaldeaaqua switched in, adding drought to impossible abilities
INFO     taurospaldeaaqua switched in, adding drizzle to impossible abilities
INFO     taurospaldeaaqua switched in, adding snowwarning to impossible abilities
INFO     taurospaldeaaqua switched in, adding boosterenergy to impossible items
INFO     taurospaldeaaqua switched in, adding airballoon to impossible items
INFO     Setting taurospaldeaaqua's ability to intimidate
INFO     mienshao's attack was unboosted by 1 to -1
INFO     mienshao already has the move closecombat. Decrementing the PP by 1
INFO     mienshao used a fighting move, removing fightinggem from possible items
INFO     Setting mienshao's last used move: closecombat
INFO     mienshao used a damaging move - not guessing lifeorb anymore
INFO     mienshao did 33.07% damage to taurospaldeaaqua with closecombat
INFO     mienshao's defense was unboosted by 1 to -1
INFO     mienshao's special-defense was unboosted by 1 to -1
INFO     
INFO     Turn: 13
INFO     Sampling battle 0
INFO     	       mienshao  regenerator  assaultvest [closecombat, fakeout, knockoff, uturn] ttype=steel
INFO     	      mismagius     levitate  choicespecs [dazzlinggleam, energyball, mysticalfire, shadowball] ttype=fire
INFO     	       chimecho     levitate    leftovers [encore, psychicnoise, recover, thunderwave] ttype=poison
INFO     Sampling 2 unrevealed pokemon
INFO     	   basculegionf adaptability  choicespecs [flipturn, hydropump, icebeam, shadowball] ttype=water
INFO     	         arceus    multitype    leftovers [extremespeed, recover, shadowclaw, swordsdance] ttype=ghost
INFO     Sampling battle 1
INFO     	       mienshao  regenerator  assaultvest [closecombat, fakeout, knockoff, uturn] ttype=steel
INFO     	      mismagius     levitate  choicespecs [energyball, mysticalfire, shadowball, trick] ttype=ghost
INFO     	       chimecho     levitate    leftovers [calmmind, dazzlinggleam, psychicnoise, recover] ttype=fairy
INFO     Sampling 2 unrevealed pokemon
INFO     	      crawdaunt adaptability      lifeorb [aquajet, crabhammer, dragondance, knockoff] ttype=water
INFO     	         swalot   liquidooze    leftovers [clearsmog, knockoff, sludgebomb, toxicspikes] ttype=dark
INFO     Initializing per-node neural priors callback (Abra model)...
INFO     Neural callback already initialized
INFO     Per-node neural priors enabled
INFO     Searching for a move using PUCT MCTS with neural priors...
INFO     Sampling 2 battles at 500ms each
INFO     Computing neural priors for all battles...
INFO     Initialized StateTranslator with TeamPreviewObservationSpace
INFO     Initializing LocalPolicyProvider with model: Abra
INFO     Loading pretrained Abra model...
INFO     CUDA not available - overriding FlashAttention with VanillaAttention
[91mWarning: Using unofficial VanillaAttention implementation[0m


 		 AMAGO v3.1
            	 -------------------------
            	 Agent: MultiTaskAgent
            		 Max Sequence Length: 200
            		 TstepEncoder Type: MetamonTstepEncoder
            		 TrajEncoder Type: TformerTrajEncoder
            		 Total Parameters: 57,535,116
            		 Offline Loss Weight: 1.0
            		 Online Loss Weight: 0.0
            		 Mixed Precision: NO
            		 Checkpoint Path: /Users/yadureddy/Documents/GitHub/clean/pokeagent_ac_mcts/.metamon_cache/pretrained_models/models--jakegrigsby--metamon/snapshots/c5d1cb9abb6747066a325228845a5a8af3d12139/abra/abra/ckpts
            	 Environment:
            		 DummyAsyncVectorEnv(Gym Env x 1)
            		 Exploration Type: None
            	 Dataset: DoNothingDataset
            	 Accelerate Processes: 1 


INFO     Successfully loaded Abra model
ERROR    Error translating battle to observation: 
WARNING  Failed to get priors for battle: 
ERROR    Error translating battle to observation: 
WARNING  Failed to get priors for battle: 
INFO     Successfully computed neural priors for 0/2 battles
INFO     Using PUCT-guided move selection (priors integrated during search)...
INFO     Policy 0: liquidation visited 80.16% avg_score=0.267 sample_chance_multiplier=0.5
INFO     Policy 1: liquidation visited 71.71% avg_score=0.287 sample_chance_multiplier=0.5
INFO     Considered Choices:
INFO     	75.936%: liquidation
INFO     Choice: liquidation
INFO     Updated mienshao's min speed to 209
INFO     mienshao used two different moves - it cannot have a choice item
INFO     mienshao used a bug move, removing buggem from possible items
INFO     Setting mienshao's last used move: uturn
INFO     mienshao used a damaging move - not guessing lifeorb anymore
INFO     mienshao did 7.48% damage to taurospaldeaaqua with uturn
INFO     Opponent has switched - clearing the last used move
INFO     mienshao switched out with regenerator. Healing it to 244/244
INFO     ursaring switched in, adding intimidate to impossible abilities
INFO     ursaring switched in, adding pressure to impossible abilities
INFO     ursaring switched in, adding neutralizinggas to impossible abilities
INFO     ursaring switched in, adding sandstream to impossible abilities
INFO     ursaring switched in, adding drought to impossible abilities
INFO     ursaring switched in, adding drizzle to impossible abilities
INFO     ursaring switched in, adding snowwarning to impossible abilities
INFO     ursaring switched in, adding boosterenergy to impossible items
INFO     ursaring switched in, adding airballoon to impossible items
INFO     taurospaldeaaqua already has the move liquidation. Decrementing the PP by 1
INFO     taurospaldeaaqua used a water move, removing watergem from possible items
INFO     Setting taurospaldeaaqua's last used move: liquidation
INFO     taurospaldeaaqua used a damaging move - not guessing lifeorb anymore
INFO     taurospaldeaaqua did 71.0% damage to ursaring with liquidation
INFO     Setting taurospaldeaaqua's item to: lifeorb
INFO     ursaring got status: tox
INFO     No longer guessing lumberry because ursaring got status tox
INFO     ursaring has less than maxhp during upkeep, no longer guessing leftovers or blacksludge
INFO     
INFO     Turn: 14
INFO     Sampling battle 0
INFO     	       ursaring    quickfeet     toxicorb [closecombat, facade, swordsdance, throatchop] ttype=normal
INFO     	      mismagius     levitate  choicespecs [energyball, mysticalfire, shadowball, thunderbolt] ttype=ghost
INFO     	       chimecho     levitate    leftovers [calmmind, dazzlinggleam, psychicnoise, recover] ttype=fairy
INFO     	       mienshao  regenerator  assaultvest [closecombat, fakeout, knockoff, uturn] ttype=dark
INFO     Sampling 1 unrevealed pokemon
INFO     	         phione    hydration    leftovers [rest, scald, sleeptalk, takeheart] ttype=steel
INFO     Sampling battle 1
INFO     	       ursaring    quickfeet     toxicorb [closecombat, facade, swordsdance, throatchop] ttype=normal
INFO     	      mismagius     levitate  choicespecs [energyball, shadowball, thunderbolt, trick] ttype=electric
INFO     	       chimecho     levitate    leftovers [encore, psychicnoise, recover, thunderwave] ttype=poison
INFO     	       mienshao  regenerator  assaultvest [closecombat, fakeout, knockoff, uturn] ttype=dark
INFO     Sampling 1 unrevealed pokemon
INFO     	        sableye    prankster    leftovers [encore, knockoff, recover, thunderwave] ttype=steel
INFO     Initializing per-node neural priors callback (Abra model)...
INFO     Neural callback already initialized
INFO     Per-node neural priors enabled
INFO     Searching for a move using PUCT MCTS with neural priors...
INFO     Sampling 2 battles at 500ms each
INFO     Computing neural priors for all battles...
INFO     Initialized StateTranslator with TeamPreviewObservationSpace
INFO     Initializing LocalPolicyProvider with model: Abra
INFO     Loading pretrained Abra model...
INFO     CUDA not available - overriding FlashAttention with VanillaAttention
[91mWarning: Using unofficial VanillaAttention implementation[0m


 		 AMAGO v3.1
            	 -------------------------
            	 Agent: MultiTaskAgent
            		 Max Sequence Length: 200
            		 TstepEncoder Type: MetamonTstepEncoder
            		 TrajEncoder Type: TformerTrajEncoder
            		 Total Parameters: 57,535,116
            		 Offline Loss Weight: 1.0
            		 Online Loss Weight: 0.0
            		 Mixed Precision: NO
            		 Checkpoint Path: /Users/yadureddy/Documents/GitHub/clean/pokeagent_ac_mcts/.metamon_cache/pretrained_models/models--jakegrigsby--metamon/snapshots/c5d1cb9abb6747066a325228845a5a8af3d12139/abra/abra/ckpts
            	 Environment:
            		 DummyAsyncVectorEnv(Gym Env x 1)
            		 Exploration Type: None
            	 Dataset: DoNothingDataset
            	 Accelerate Processes: 1 


INFO     Successfully loaded Abra model
ERROR    Error translating battle to observation: 
WARNING  Failed to get priors for battle: 
ERROR    Error translating battle to observation: 
WARNING  Failed to get priors for battle: 
INFO     Successfully computed neural priors for 0/2 battles
INFO     Using PUCT-guided move selection (priors integrated during search)...
INFO     Policy 0: switch rhyperior visited 94.3% avg_score=0.469 sample_chance_multiplier=0.5
INFO     Policy 1: switch rhyperior visited 88.77% avg_score=0.487 sample_chance_multiplier=0.5
INFO     Considered Choices:
INFO     	91.537%: switch rhyperior
INFO     Choice: switch rhyperior
INFO     rhyperior switched in, adding intimidate to impossible abilities
INFO     rhyperior switched in, adding pressure to impossible abilities
INFO     rhyperior switched in, adding neutralizinggas to impossible abilities
INFO     rhyperior switched in, adding sandstream to impossible abilities
INFO     rhyperior switched in, adding drought to impossible abilities
INFO     rhyperior switched in, adding drizzle to impossible abilities
INFO     rhyperior switched in, adding snowwarning to impossible abilities
INFO     rhyperior switched in, adding boosterenergy to impossible items
INFO     rhyperior switched in, adding airballoon to impossible items
INFO     ursaring used a normal move, removing normalgem from possible items
INFO     Setting ursaring's last used move: facade
INFO     ursaring used a damaging move - not guessing lifeorb anymore
INFO     ursaring did 34.98% damage to rhyperior with facade
INFO     ursaring has less than maxhp during upkeep, no longer guessing leftovers or blacksludge
INFO     
INFO     Turn: 15
INFO     Sampling battle 0
INFO     	       ursaring    quickfeet     toxicorb [closecombat, crunch, facade, swordsdance] ttype=normal
INFO     	      mismagius     levitate  choicespecs [energyball, mysticalfire, shadowball, trick] ttype=fire
INFO     	       chimecho     levitate    leftovers [encore, healbell, psychicnoise, recover] ttype=steel
INFO     	       mienshao  regenerator  assaultvest [closecombat, fakeout, knockoff, uturn] ttype=steel
INFO     Sampling 1 unrevealed pokemon
INFO     	       lumineon   stormdrain heavydutyboots [encore, hydropump, icebeam, uturn] ttype=ground
INFO     Sampling battle 1
INFO     	       ursaring    quickfeet     toxicorb [closecombat, facade, swordsdance, throatchop] ttype=normal
INFO     	      mismagius     levitate  choicespecs [dazzlinggleam, energyball, mysticalfire, shadowball] ttype=ghost
INFO     	       chimecho     levitate    leftovers [calmmind, dazzlinggleam, psychicnoise, recover] ttype=electric
INFO     	       mienshao  regenerator  assaultvest [closecombat, fakeout, knockoff, uturn] ttype=dark
INFO     Sampling 1 unrevealed pokemon
INFO     	       tornadus    prankster heavydutyboots [bleakwindstorm, focusblast, heatwave, nastyplot] ttype=fighting
INFO     Initializing per-node neural priors callback (Abra model)...
INFO     Neural callback already initialized
INFO     Per-node neural priors enabled
INFO     Searching for a move using PUCT MCTS with neural priors...
INFO     Sampling 2 battles at 500ms each
INFO     Computing neural priors for all battles...
INFO     Initialized StateTranslator with TeamPreviewObservationSpace
INFO     Initializing LocalPolicyProvider with model: Abra
INFO     Loading pretrained Abra model...
INFO     CUDA not available - overriding FlashAttention with VanillaAttention
[91mWarning: Using unofficial VanillaAttention implementation[0m


 		 AMAGO v3.1
            	 -------------------------
            	 Agent: MultiTaskAgent
            		 Max Sequence Length: 200
            		 TstepEncoder Type: MetamonTstepEncoder
            		 TrajEncoder Type: TformerTrajEncoder
            		 Total Parameters: 57,535,116
            		 Offline Loss Weight: 1.0
            		 Online Loss Weight: 0.0
            		 Mixed Precision: NO
            		 Checkpoint Path: /Users/yadureddy/Documents/GitHub/clean/pokeagent_ac_mcts/.metamon_cache/pretrained_models/models--jakegrigsby--metamon/snapshots/c5d1cb9abb6747066a325228845a5a8af3d12139/abra/abra/ckpts
            	 Environment:
            		 DummyAsyncVectorEnv(Gym Env x 1)
            		 Exploration Type: None
            	 Dataset: DoNothingDataset
            	 Accelerate Processes: 1 


INFO     Successfully loaded Abra model
ERROR    Error translating battle to observation: 
WARNING  Failed to get priors for battle: 
ERROR    Error translating battle to observation: 
WARNING  Failed to get priors for battle: 
INFO     Successfully computed neural priors for 0/2 battles
INFO     Using PUCT-guided move selection (priors integrated during search)...
INFO     Policy 0: switch taurospaldeaaqua visited 38.67% avg_score=0.512 sample_chance_multiplier=0.5
INFO     Policy 1: switch taurospaldeaaqua visited 47.04% avg_score=0.516 sample_chance_multiplier=0.5
INFO     Considered Choices:
INFO     	42.855%: switch taurospaldeaaqua
INFO     Choice: switch taurospaldeaaqua
INFO     Setting taurospaldeaaqua's ability to intimidate
INFO     ursaring's attack was unboosted by 1 to -1
INFO     ursaring used two different moves - it cannot have a choice item
INFO     ursaring used a fighting move, removing fightinggem from possible items
INFO     Setting ursaring's last used move: closecombat
INFO     ursaring used a damaging move - not guessing lifeorb anymore
INFO     ursaring did 23.62% damage to taurospaldeaaqua with closecombat
INFO     ursaring's defense was unboosted by 1 to -1
INFO     ursaring's special-defense was unboosted by 1 to -1
INFO     ursaring has less than maxhp during upkeep, no longer guessing leftovers or blacksludge
INFO     
INFO     Turn: 16
INFO     Sampling battle 0
INFO     	       ursaring    quickfeet     toxicorb [closecombat, facade, swordsdance, throatchop] ttype=normal
INFO     	      mismagius     levitate  choicespecs [energyball, mysticalfire, shadowball, trick] ttype=fire
INFO     	       chimecho     levitate    leftovers [calmmind, dazzlinggleam, psychicnoise, recover] ttype=poison
INFO     	       mienshao  regenerator  assaultvest [closecombat, fakeout, knockoff, uturn] ttype=steel
INFO     Sampling 1 unrevealed pokemon
INFO     	    gougingfire protosynthesis heavydutyboots [dragondance, heatcrash, morningsun, outrage] ttype=fairy
INFO     Sampling battle 1
INFO     	       ursaring    quickfeet     toxicorb [closecombat, crunch, facade, swordsdance] ttype=normal
INFO     	      mismagius     levitate  choicespecs [dazzlinggleam, energyball, shadowball, thunderbolt] ttype=fairy
INFO     	       chimecho     levitate    leftovers [calmmind, dazzlinggleam, psychicnoise, recover] ttype=fairy
INFO     	       mienshao  regenerator  assaultvest [closecombat, fakeout, knockoff, uturn] ttype=steel
INFO     Sampling 1 unrevealed pokemon
INFO     	       ironmoth   quarkdrive heavydutyboots [energyball, fireblast, morningsun, sludgewave] ttype=fire
INFO     Initializing per-node neural priors callback (Abra model)...
INFO     Neural callback already initialized
INFO     Per-node neural priors enabled
INFO     Searching for a move using PUCT MCTS with neural priors...
INFO     Sampling 2 battles at 500ms each
INFO     Computing neural priors for all battles...
INFO     Initialized StateTranslator with TeamPreviewObservationSpace
INFO     Initializing LocalPolicyProvider with model: Abra
INFO     Loading pretrained Abra model...
INFO     CUDA not available - overriding FlashAttention with VanillaAttention
[91mWarning: Using unofficial VanillaAttention implementation[0m


 		 AMAGO v3.1
            	 -------------------------
            	 Agent: MultiTaskAgent
            		 Max Sequence Length: 200
            		 TstepEncoder Type: MetamonTstepEncoder
            		 TrajEncoder Type: TformerTrajEncoder
            		 Total Parameters: 57,535,116
            		 Offline Loss Weight: 1.0
            		 Online Loss Weight: 0.0
            		 Mixed Precision: NO
            		 Checkpoint Path: /Users/yadureddy/Documents/GitHub/clean/pokeagent_ac_mcts/.metamon_cache/pretrained_models/models--jakegrigsby--metamon/snapshots/c5d1cb9abb6747066a325228845a5a8af3d12139/abra/abra/ckpts
            	 Environment:
            		 DummyAsyncVectorEnv(Gym Env x 1)
            		 Exploration Type: None
            	 Dataset: DoNothingDataset
            	 Accelerate Processes: 1 


INFO     Successfully loaded Abra model
ERROR    Error translating battle to observation: 
WARNING  Failed to get priors for battle: 
ERROR    Error translating battle to observation: 
WARNING  Failed to get priors for battle: 
INFO     Successfully computed neural priors for 0/2 battles
INFO     Using PUCT-guided move selection (priors integrated during search)...
INFO     Policy 0: liquidation visited 37.6% avg_score=0.388 sample_chance_multiplier=0.5
INFO     Policy 1: liquidation visited 37.35% avg_score=0.395 sample_chance_multiplier=0.5
INFO     Considered Choices:
INFO     	37.476%: liquidation
INFO     	31.673%: aquajet
INFO     Choice: liquidation
INFO     Updated ursaring's min speed to 209
INFO     ursaring already has the move facade. Decrementing the PP by 1
INFO     ursaring used two different moves - it cannot have a choice item
INFO     ursaring used a normal move, removing normalgem from possible items
INFO     Setting ursaring's last used move: facade
INFO     ursaring used a damaging move - not guessing lifeorb anymore
INFO     ursaring did 25.979999999999997% damage to taurospaldeaaqua with facade
INFO     ursaring has less than maxhp during upkeep, no longer guessing leftovers or blacksludge
INFO     Sampling battle 0
INFO     	       ursaring    quickfeet     toxicorb [closecombat, facade, swordsdance, throatchop] ttype=normal
INFO     	      mismagius     levitate  choicespecs [energyball, mysticalfire, shadowball, trick] ttype=ghost
INFO     	       chimecho     levitate    leftovers [healbell, psychicnoise, recover, thunderwave] ttype=electric
INFO     	       mienshao  regenerator  assaultvest [closecombat, fakeout, knockoff, uturn] ttype=dark
INFO     Sampling 1 unrevealed pokemon
INFO     	     feraligatr   sheerforce      lifeorb [dragondance, icepunch, liquidation, trailblaze] ttype=grass
INFO     Sampling battle 1
INFO     	       ursaring    quickfeet     toxicorb [closecombat, facade, swordsdance, throatchop] ttype=normal
INFO     	      mismagius     levitate  choicespecs [dazzlinggleam, energyball, mysticalfire, shadowball] ttype=ghost
INFO     	       chimecho     levitate    leftovers [encore, healbell, psychicnoise, recover] ttype=poison
INFO     	       mienshao  regenerator  assaultvest [closecombat, fakeout, knockoff, uturn] ttype=steel
INFO     Sampling 1 unrevealed pokemon
INFO     	     grimmsnarl    prankster    lightclay [lightscreen, partingshot, reflect, spiritbreak] ttype=poison
INFO     Initializing per-node neural priors callback (Abra model)...
INFO     Neural callback already initialized
INFO     Per-node neural priors enabled
INFO     Searching for a move using PUCT MCTS with neural priors...
INFO     Sampling 2 battles at 500ms each
INFO     Computing neural priors for all battles...
INFO     Initialized StateTranslator with TeamPreviewObservationSpace
INFO     Initializing LocalPolicyProvider with model: Abra
INFO     Loading pretrained Abra model...
INFO     CUDA not available - overriding FlashAttention with VanillaAttention
[91mWarning: Using unofficial VanillaAttention implementation[0m


 		 AMAGO v3.1
            	 -------------------------
            	 Agent: MultiTaskAgent
            		 Max Sequence Length: 200
            		 TstepEncoder Type: MetamonTstepEncoder
            		 TrajEncoder Type: TformerTrajEncoder
            		 Total Parameters: 57,535,116
            		 Offline Loss Weight: 1.0
            		 Online Loss Weight: 0.0
            		 Mixed Precision: NO
            		 Checkpoint Path: /Users/yadureddy/Documents/GitHub/clean/pokeagent_ac_mcts/.metamon_cache/pretrained_models/models--jakegrigsby--metamon/snapshots/c5d1cb9abb6747066a325228845a5a8af3d12139/abra/abra/ckpts
            	 Environment:
            		 DummyAsyncVectorEnv(Gym Env x 1)
            		 Exploration Type: None
            	 Dataset: DoNothingDataset
            	 Accelerate Processes: 1 


INFO     Successfully loaded Abra model
ERROR    Error translating battle to observation: 
WARNING  Failed to get priors for battle: 
ERROR    Error translating battle to observation: 
WARNING  Failed to get priors for battle: 
INFO     Successfully computed neural priors for 0/2 battles
INFO     Using PUCT-guided move selection (priors integrated during search)...
INFO     Policy 0: switch luxray visited 84.16% avg_score=0.45 sample_chance_multiplier=0.5
INFO     Policy 1: switch luxray visited 90.74% avg_score=0.449 sample_chance_multiplier=0.5
INFO     Considered Choices:
INFO     	87.448%: switch luxray
INFO     Choice: switch luxray
INFO     Opponent has switched - clearing the last used move
INFO     Setting luxray's ability to intimidate
INFO     mienshao's attack was unboosted by 1 to -1
INFO     
INFO     Turn: 17
INFO     Sampling battle 0
INFO     	       mienshao  regenerator  assaultvest [closecombat, fakeout, knockoff, uturn] ttype=steel
INFO     	      mismagius     levitate  choicespecs [dazzlinggleam, energyball, shadowball, thunderbolt] ttype=fairy
INFO     	       chimecho     levitate    leftovers [encore, knockoff, psychicnoise, recover] ttype=steel
INFO     Sampling 1 unrevealed pokemon
INFO     	      hydrapple  regenerator  choicespecs [dracometeor, earthpower, ficklebeam, leafstorm] ttype=dragon
INFO     Sampling battle 1
INFO     	       mienshao  regenerator  assaultvest [closecombat, fakeout, knockoff, uturn] ttype=steel
INFO     	      mismagius     levitate  choicespecs [energyball, shadowball, thunderbolt, trick] ttype=electric
INFO     	       chimecho     levitate    leftovers [calmmind, dazzlinggleam, psychicnoise, recover] ttype=electric
INFO     Sampling 1 unrevealed pokemon
INFO     	    slitherwing protosynthesis      lifeorb [closecombat, firstimpression, uturn, wildcharge] ttype=electric
INFO     Initializing per-node neural priors callback (Abra model)...
INFO     Neural callback already initialized
INFO     Per-node neural priors enabled
INFO     Searching for a move using PUCT MCTS with neural priors...
INFO     Sampling 2 battles at 500ms each
INFO     Computing neural priors for all battles...
INFO     Initialized StateTranslator with TeamPreviewObservationSpace
INFO     Initializing LocalPolicyProvider with model: Abra
INFO     Loading pretrained Abra model...
INFO     CUDA not available - overriding FlashAttention with VanillaAttention
[91mWarning: Using unofficial VanillaAttention implementation[0m


 		 AMAGO v3.1
            	 -------------------------
            	 Agent: MultiTaskAgent
            		 Max Sequence Length: 200
            		 TstepEncoder Type: MetamonTstepEncoder
            		 TrajEncoder Type: TformerTrajEncoder
            		 Total Parameters: 57,535,116
            		 Offline Loss Weight: 1.0
            		 Online Loss Weight: 0.0
            		 Mixed Precision: NO
            		 Checkpoint Path: /Users/yadureddy/Documents/GitHub/clean/pokeagent_ac_mcts/.metamon_cache/pretrained_models/models--jakegrigsby--metamon/snapshots/c5d1cb9abb6747066a325228845a5a8af3d12139/abra/abra/ckpts
            	 Environment:
            		 DummyAsyncVectorEnv(Gym Env x 1)
            		 Exploration Type: None
            	 Dataset: DoNothingDataset
            	 Accelerate Processes: 1 


INFO     Successfully loaded Abra model
ERROR    Error translating battle to observation: 
WARNING  Failed to get priors for battle: 
ERROR    Error translating battle to observation: 
WARNING  Failed to get priors for battle: 
INFO     Successfully computed neural priors for 0/2 battles
INFO     Using PUCT-guided move selection (priors integrated during search)...
INFO     Policy 0: voltswitch visited 63.79% avg_score=0.415 sample_chance_multiplier=0.5
INFO     Policy 1: playrough visited 86.91% avg_score=0.362 sample_chance_multiplier=0.5
INFO     Considered Choices:
INFO     	59.827%: playrough
INFO     Choice: playrough
INFO     mienshao used a normal move, removing normalgem from possible items
INFO     Setting mienshao's last used move: fakeout
INFO     mienshao used a damaging move - not guessing lifeorb anymore
INFO     mienshao did 8.799999999999999% damage to luxray with fakeout
INFO     
INFO     Turn: 18
INFO     Sampling battle 0
INFO     	       mienshao  regenerator  assaultvest [closecombat, fakeout, knockoff, uturn] ttype=dark
INFO     	      mismagius     levitate  choicespecs [dazzlinggleam, energyball, mysticalfire, shadowball] ttype=fairy
INFO     	       chimecho     levitate    leftovers [healbell, knockoff, psychicnoise, recover] ttype=steel
INFO     Sampling 1 unrevealed pokemon
INFO     	  slowkinggalar  regenerator  assaultvest [futuresight, psychicnoise, sludgebomb, surf] ttype=water
INFO     Sampling battle 1
INFO     	       mienshao  regenerator  assaultvest [closecombat, fakeout, knockoff, uturn] ttype=steel
INFO     	      mismagius     levitate  choicespecs [energyball, mysticalfire, shadowball, thunderbolt] ttype=electric
INFO     	       chimecho     levitate    leftovers [knockoff, psychicnoise, recover, thunderwave] ttype=steel
INFO     Sampling 1 unrevealed pokemon
INFO     	          arbok   intimidate    leftovers [coil, earthquake, gunkshot, trailblaze] ttype=grass
INFO     Initializing per-node neural priors callback (Abra model)...
INFO     Neural callback already initialized
INFO     Per-node neural priors enabled
INFO     Searching for a move using PUCT MCTS with neural priors...
INFO     Sampling 2 battles at 500ms each
INFO     Computing neural priors for all battles...
INFO     Initialized StateTranslator with TeamPreviewObservationSpace
INFO     Initializing LocalPolicyProvider with model: Abra
INFO     Loading pretrained Abra model...
INFO     CUDA not available - overriding FlashAttention with VanillaAttention
[91mWarning: Using unofficial VanillaAttention implementation[0m


 		 AMAGO v3.1
            	 -------------------------
            	 Agent: MultiTaskAgent
            		 Max Sequence Length: 200
            		 TstepEncoder Type: MetamonTstepEncoder
            		 TrajEncoder Type: TformerTrajEncoder
            		 Total Parameters: 57,535,116
            		 Offline Loss Weight: 1.0
            		 Online Loss Weight: 0.0
            		 Mixed Precision: NO
            		 Checkpoint Path: /Users/yadureddy/Documents/GitHub/clean/pokeagent_ac_mcts/.metamon_cache/pretrained_models/models--jakegrigsby--metamon/snapshots/c5d1cb9abb6747066a325228845a5a8af3d12139/abra/abra/ckpts
            	 Environment:
            		 DummyAsyncVectorEnv(Gym Env x 1)
            		 Exploration Type: None
            	 Dataset: DoNothingDataset
            	 Accelerate Processes: 1 


INFO     Successfully loaded Abra model
ERROR    Error translating battle to observation: 
WARNING  Failed to get priors for battle: 
ERROR    Error translating battle to observation: 
WARNING  Failed to get priors for battle: 
INFO     Successfully computed neural priors for 0/2 battles
INFO     Using PUCT-guided move selection (priors integrated during search)...
INFO     Policy 0: voltswitch visited 43.73% avg_score=0.455 sample_chance_multiplier=0.5
INFO     Policy 1: playrough visited 93.87% avg_score=0.623 sample_chance_multiplier=0.5
INFO     Considered Choices:
INFO     	59.226%: playrough
INFO     Choice: playrough
INFO     Updated mienshao's min speed to 209
INFO     mienshao already has the move uturn. Decrementing the PP by 1
INFO     mienshao used two different moves - it cannot have a choice item
INFO     mienshao used a bug move, removing buggem from possible items
INFO     Setting mienshao's last used move: uturn
INFO     mienshao used a damaging move - not guessing lifeorb anymore
INFO     mienshao did 14.44% damage to luxray with uturn
INFO     Opponent has switched - clearing the last used move
INFO     mienshao switched out with regenerator. Healing it to 244/244
INFO     luxray already has the move playrough. Decrementing the PP by 1
INFO     luxray used a fairy move, removing fairygem from possible items
INFO     Setting luxray's last used move: playrough
INFO     luxray used a damaging move - not guessing lifeorb anymore
INFO     Setting chimecho's item to: leftovers
INFO     chimecho has less than maxhp during upkeep, no longer guessing leftovers or blacksludge
INFO     
INFO     Turn: 19
INFO     Sampling battle 0
INFO     	       chimecho     levitate    leftovers [calmmind, dazzlinggleam, psychicnoise, recover] ttype=electric
INFO     	      mismagius     levitate  choicespecs [energyball, mysticalfire, shadowball, trick] ttype=fire
INFO     	       mienshao  regenerator  assaultvest [closecombat, fakeout, knockoff, uturn] ttype=steel
INFO     Sampling 1 unrevealed pokemon
INFO     	       floatzel    waterveil   choiceband [crunch, flipturn, icespinner, wavecrash] ttype=water
INFO     Sampling battle 1
INFO     	       chimecho     levitate    leftovers [encore, healbell, psychicnoise, recover] ttype=dark
INFO     	      mismagius     levitate  choicespecs [energyball, shadowball, thunderbolt, trick] ttype=ghost
INFO     	       mienshao  regenerator  assaultvest [closecombat, fakeout, knockoff, uturn] ttype=dark
INFO     Sampling 1 unrevealed pokemon
INFO     	       greninja      protean      lifeorb [gunkshot, hydropump, icebeam, spikes] ttype=poison
INFO     Initializing per-node neural priors callback (Abra model)...
INFO     Neural callback already initialized
INFO     Per-node neural priors enabled
INFO     Searching for a move using PUCT MCTS with neural priors...
INFO     Sampling 2 battles at 500ms each
INFO     Computing neural priors for all battles...
INFO     Initialized StateTranslator with TeamPreviewObservationSpace
INFO     Initializing LocalPolicyProvider with model: Abra
INFO     Loading pretrained Abra model...
INFO     CUDA not available - overriding FlashAttention with VanillaAttention
[91mWarning: Using unofficial VanillaAttention implementation[0m


 		 AMAGO v3.1
            	 -------------------------
            	 Agent: MultiTaskAgent
            		 Max Sequence Length: 200
            		 TstepEncoder Type: MetamonTstepEncoder
            		 TrajEncoder Type: TformerTrajEncoder
            		 Total Parameters: 57,535,116
            		 Offline Loss Weight: 1.0
            		 Online Loss Weight: 0.0
            		 Mixed Precision: NO
            		 Checkpoint Path: /Users/yadureddy/Documents/GitHub/clean/pokeagent_ac_mcts/.metamon_cache/pretrained_models/models--jakegrigsby--metamon/snapshots/c5d1cb9abb6747066a325228845a5a8af3d12139/abra/abra/ckpts
            	 Environment:
            		 DummyAsyncVectorEnv(Gym Env x 1)
            		 Exploration Type: None
            	 Dataset: DoNothingDataset
            	 Accelerate Processes: 1 


INFO     Successfully loaded Abra model
ERROR    Error translating battle to observation: 
WARNING  Failed to get priors for battle: 
ERROR    Error translating battle to observation: 
WARNING  Failed to get priors for battle: 
INFO     Successfully computed neural priors for 0/2 battles
INFO     Using PUCT-guided move selection (priors integrated during search)...
INFO     Policy 0: throatchop visited 57.03% avg_score=0.427 sample_chance_multiplier=0.5
INFO     Policy 1: voltswitch visited 66.99% avg_score=0.546 sample_chance_multiplier=0.5
INFO     Considered Choices:
INFO     	44.958%: voltswitch
INFO     Choice: voltswitch
INFO     Updated chimecho's min speed to 173
INFO     chimecho using calmmind makes it unlikely to have a choice item. Setting can_have_choice_item to False
INFO     chimecho used a status-move. Adding `assaultvest` to impossible items
INFO     Setting chimecho's last used move: calmmind
INFO     chimecho's special-attack was boosted by 1 to 1
INFO     chimecho's special-defense was boosted by 1 to 1
INFO     luxray already has the move voltswitch. Decrementing the PP by 1
INFO     luxray used a electric move, removing electricgem from possible items
INFO     Setting luxray's last used move: voltswitch
INFO     luxray used a damaging move - not guessing lifeorb anymore
INFO     luxray did 17.0% damage to chimecho with voltswitch
INFO     Sampling battle 0
INFO     	       chimecho     levitate    leftovers [calmmind, dazzlinggleam, psychicnoise, recover] ttype=poison
INFO     	      mismagius     levitate  choicespecs [dazzlinggleam, energyball, mysticalfire, shadowball] ttype=ghost
INFO     	       mienshao  regenerator  assaultvest [closecombat, fakeout, knockoff, uturn] ttype=dark
INFO     Sampling 1 unrevealed pokemon
INFO     	  qwilfishhisui   intimidate     eviolite [crunch, gunkshot, spikes, taunt] ttype=flying
INFO     Sampling battle 1
INFO     	       chimecho     levitate    leftovers [calmmind, dazzlinggleam, psychicnoise, recover] ttype=fairy
INFO     	      mismagius     levitate  choicespecs [energyball, mysticalfire, shadowball, trick] ttype=ghost
INFO     	       mienshao  regenerator  assaultvest [closecombat, fakeout, knockoff, uturn] ttype=dark
INFO     Sampling 1 unrevealed pokemon
INFO     	      meowsticf  competitive      lifeorb [darkpulse, nastyplot, psyshock, thunderbolt] ttype=electric
INFO     Initializing per-node neural priors callback (Abra model)...
INFO     Neural callback already initialized
INFO     Per-node neural priors enabled
INFO     Searching for a move using PUCT MCTS with neural priors...
INFO     Sampling 2 battles at 500ms each
INFO     Computing neural priors for all battles...
INFO     Initialized StateTranslator with TeamPreviewObservationSpace
INFO     Initializing LocalPolicyProvider with model: Abra
INFO     Loading pretrained Abra model...
INFO     CUDA not available - overriding FlashAttention with VanillaAttention
[91mWarning: Using unofficial VanillaAttention implementation[0m


 		 AMAGO v3.1
            	 -------------------------
            	 Agent: MultiTaskAgent
            		 Max Sequence Length: 200
            		 TstepEncoder Type: MetamonTstepEncoder
            		 TrajEncoder Type: TformerTrajEncoder
            		 Total Parameters: 57,535,116
            		 Offline Loss Weight: 1.0
            		 Online Loss Weight: 0.0
            		 Mixed Precision: NO
            		 Checkpoint Path: /Users/yadureddy/Documents/GitHub/clean/pokeagent_ac_mcts/.metamon_cache/pretrained_models/models--jakegrigsby--metamon/snapshots/c5d1cb9abb6747066a325228845a5a8af3d12139/abra/abra/ckpts
            	 Environment:
            		 DummyAsyncVectorEnv(Gym Env x 1)
            		 Exploration Type: None
            	 Dataset: DoNothingDataset
            	 Accelerate Processes: 1 


INFO     Successfully loaded Abra model
ERROR    Error translating battle to observation: 
WARNING  Failed to get priors for battle: 
ERROR    Error translating battle to observation: 
WARNING  Failed to get priors for battle: 
INFO     Successfully computed neural priors for 0/2 battles
INFO     Using PUCT-guided move selection (priors integrated during search)...
INFO     Policy 0: switch darkrai visited 67.31% avg_score=0.416 sample_chance_multiplier=0.5
INFO     Policy 1: switch darkrai visited 49.6% avg_score=0.449 sample_chance_multiplier=0.5
INFO     Considered Choices:
INFO     	58.456%: switch darkrai
INFO     Choice: switch darkrai
INFO     Setting chimecho's item to: leftovers
INFO     chimecho has less than maxhp during upkeep, no longer guessing leftovers or blacksludge
INFO     
INFO     Turn: 20
INFO     Sampling battle 0
INFO     	       chimecho     levitate    leftovers [calmmind, dazzlinggleam, psychicnoise, recover] ttype=fairy
INFO     	      mismagius     levitate  choicespecs [energyball, mysticalfire, shadowball, trick] ttype=fire
INFO     	       mienshao  regenerator  assaultvest [closecombat, fakeout, knockoff, uturn] ttype=dark
INFO     Sampling 1 unrevealed pokemon
INFO     	    basculegion adaptability  assaultvest [aquajet, flipturn, shadowball, wavecrash] ttype=water
INFO     Sampling battle 1
INFO     	       chimecho     levitate    leftovers [calmmind, dazzlinggleam, psychicnoise, recover] ttype=electric
INFO     	      mismagius     levitate  choicespecs [dazzlinggleam, energyball, shadowball, trick] ttype=ghost
INFO     	       mienshao  regenerator  assaultvest [closecombat, fakeout, knockoff, uturn] ttype=steel
INFO     Sampling 1 unrevealed pokemon
INFO     	       tinkaton  moldbreaker    leftovers [encore, gigatonhammer, knockoff, playrough] ttype=water
INFO     Initializing per-node neural priors callback (Abra model)...
INFO     Neural callback already initialized
INFO     Per-node neural priors enabled
INFO     Searching for a move using PUCT MCTS with neural priors...
INFO     Sampling 2 battles at 500ms each
INFO     Computing neural priors for all battles...
INFO     Initialized StateTranslator with TeamPreviewObservationSpace
INFO     Initializing LocalPolicyProvider with model: Abra
INFO     Loading pretrained Abra model...
INFO     CUDA not available - overriding FlashAttention with VanillaAttention
[91mWarning: Using unofficial VanillaAttention implementation[0m


 		 AMAGO v3.1
            	 -------------------------
            	 Agent: MultiTaskAgent
            		 Max Sequence Length: 200
            		 TstepEncoder Type: MetamonTstepEncoder
            		 TrajEncoder Type: TformerTrajEncoder
            		 Total Parameters: 57,535,116
            		 Offline Loss Weight: 1.0
            		 Online Loss Weight: 0.0
            		 Mixed Precision: NO
            		 Checkpoint Path: /Users/yadureddy/Documents/GitHub/clean/pokeagent_ac_mcts/.metamon_cache/pretrained_models/models--jakegrigsby--metamon/snapshots/c5d1cb9abb6747066a325228845a5a8af3d12139/abra/abra/ckpts
            	 Environment:
            		 DummyAsyncVectorEnv(Gym Env x 1)
            		 Exploration Type: None
            	 Dataset: DoNothingDataset
            	 Accelerate Processes: 1 


INFO     Successfully loaded Abra model
ERROR    Error translating battle to observation: 
WARNING  Failed to get priors for battle: 
ERROR    Error translating battle to observation: 
WARNING  Failed to get priors for battle: 
INFO     Successfully computed neural priors for 0/2 battles
INFO     Using PUCT-guided move selection (priors integrated during search)...
INFO     Policy 0: darkpulse visited 95.51% avg_score=0.413 sample_chance_multiplier=0.5
INFO     Policy 1: darkpulse visited 97.84% avg_score=0.446 sample_chance_multiplier=0.5
INFO     Considered Choices:
INFO     	96.677%: darkpulse
INFO     Choice: darkpulse
INFO     Updated chimecho's max speed to 237
INFO     darkrai already has the move darkpulse. Decrementing the PP by 1
INFO     darkrai used a dark move, removing darkgem from possible items
INFO     Setting darkrai's last used move: darkpulse
INFO     darkrai used a damaging move - not guessing lifeorb anymore
INFO     darkrai did 46.0% damage to chimecho with darkpulse
INFO     Setting darkrai's item to: lifeorb
INFO     chimecho used two different moves - it cannot have a choice item
INFO     chimecho used a fairy move, removing fairygem from possible items
INFO     Setting chimecho's last used move: dazzlinggleam
INFO     chimecho used a damaging move - not guessing lifeorb anymore
INFO     chimecho did 80.34% damage to darkrai with dazzlinggleam
INFO     Setting chimecho's item to: leftovers
INFO     chimecho has less than maxhp during upkeep, no longer guessing leftovers or blacksludge
INFO     Sampling battle 0
INFO     	       chimecho     levitate    leftovers [calmmind, dazzlinggleam, psychicnoise, recover] ttype=poison
INFO     	      mismagius     levitate  choicespecs [energyball, mysticalfire, shadowball, trick] ttype=ghost
INFO     	       mienshao  regenerator  assaultvest [closecombat, fakeout, knockoff, uturn] ttype=steel
INFO     Sampling 1 unrevealed pokemon
INFO     	        heatran    flashfire   airballoon [earthpower, heavyslam, lavaplume, stealthrock] ttype=grass
INFO     Sampling battle 1
INFO     	       chimecho     levitate    leftovers [calmmind, dazzlinggleam, psychicnoise, recover] ttype=fairy
INFO     	      mismagius     levitate  choicespecs [energyball, shadowball, thunderbolt, trick] ttype=ghost
INFO     	       mienshao  regenerator  assaultvest [closecombat, fakeout, knockoff, uturn] ttype=steel
INFO     Sampling 1 unrevealed pokemon
INFO     	      vespiquen     pressure heavydutyboots [hurricane, roost, spikes, toxicspikes] ttype=steel
INFO     Initializing per-node neural priors callback (Abra model)...
INFO     Neural callback already initialized
INFO     Per-node neural priors enabled
INFO     Searching for a move using PUCT MCTS with neural priors...
INFO     Sampling 2 battles at 500ms each
INFO     Computing neural priors for all battles...
INFO     Initialized StateTranslator with TeamPreviewObservationSpace
INFO     Initializing LocalPolicyProvider with model: Abra
INFO     Loading pretrained Abra model...
INFO     CUDA not available - overriding FlashAttention with VanillaAttention
[91mWarning: Using unofficial VanillaAttention implementation[0m


 		 AMAGO v3.1
            	 -------------------------
            	 Agent: MultiTaskAgent
            		 Max Sequence Length: 200
            		 TstepEncoder Type: MetamonTstepEncoder
            		 TrajEncoder Type: TformerTrajEncoder
            		 Total Parameters: 57,535,116
            		 Offline Loss Weight: 1.0
            		 Online Loss Weight: 0.0
            		 Mixed Precision: NO
            		 Checkpoint Path: /Users/yadureddy/Documents/GitHub/clean/pokeagent_ac_mcts/.metamon_cache/pretrained_models/models--jakegrigsby--metamon/snapshots/c5d1cb9abb6747066a325228845a5a8af3d12139/abra/abra/ckpts
            	 Environment:
            		 DummyAsyncVectorEnv(Gym Env x 1)
            		 Exploration Type: None
            	 Dataset: DoNothingDataset
            	 Accelerate Processes: 1 


INFO     Successfully loaded Abra model
ERROR    Error translating battle to observation: 
WARNING  Failed to get priors for battle: 
ERROR    Error translating battle to observation: 
WARNING  Failed to get priors for battle: 
INFO     Successfully computed neural priors for 0/2 battles
INFO     Using PUCT-guided move selection (priors integrated during search)...
INFO     Policy 0: switch greninja visited 77.63% avg_score=0.521 sample_chance_multiplier=0.5
INFO     Policy 1: switch greninja visited 84.06% avg_score=0.537 sample_chance_multiplier=0.5
INFO     Considered Choices:
INFO     	80.847%: switch greninja
INFO     Choice: switch greninja
INFO     
INFO     Turn: 21
INFO     Sampling battle 0
INFO     	       chimecho     levitate    leftovers [calmmind, dazzlinggleam, psychicnoise, recover] ttype=steel
INFO     	      mismagius     levitate  choicespecs [energyball, mysticalfire, shadowball, thunderbolt] ttype=fire
INFO     	       mienshao  regenerator  assaultvest [closecombat, fakeout, knockoff, uturn] ttype=dark
INFO     Sampling 1 unrevealed pokemon
INFO     	         flygon     levitate  choicescarf [earthquake, outrage, stoneedge, uturn] ttype=rock
INFO     Sampling battle 1
INFO     	       chimecho     levitate    leftovers [calmmind, dazzlinggleam, psychicnoise, recover] ttype=electric
INFO     	      mismagius     levitate  choicespecs [dazzlinggleam, energyball, shadowball, thunderbolt] ttype=electric
INFO     	       mienshao  regenerator  assaultvest [closecombat, fakeout, knockoff, uturn] ttype=dark
INFO     Sampling 1 unrevealed pokemon
INFO     	     oinkologne     thickfat    leftovers [bodyslam, curse, highhorsepower, lashout] ttype=ground
INFO     Initializing per-node neural priors callback (Abra model)...
INFO     Neural callback already initialized
INFO     Per-node neural priors enabled
INFO     Searching for a move using PUCT MCTS with neural priors...
INFO     Sampling 2 battles at 500ms each
INFO     Computing neural priors for all battles...
INFO     Initialized StateTranslator with TeamPreviewObservationSpace
INFO     Initializing LocalPolicyProvider with model: Abra
INFO     Loading pretrained Abra model...
INFO     CUDA not available - overriding FlashAttention with VanillaAttention
[91mWarning: Using unofficial VanillaAttention implementation[0m


 		 AMAGO v3.1
            	 -------------------------
            	 Agent: MultiTaskAgent
            		 Max Sequence Length: 200
            		 TstepEncoder Type: MetamonTstepEncoder
            		 TrajEncoder Type: TformerTrajEncoder
            		 Total Parameters: 57,535,116
            		 Offline Loss Weight: 1.0
            		 Online Loss Weight: 0.0
            		 Mixed Precision: NO
            		 Checkpoint Path: /Users/yadureddy/Documents/GitHub/clean/pokeagent_ac_mcts/.metamon_cache/pretrained_models/models--jakegrigsby--metamon/snapshots/c5d1cb9abb6747066a325228845a5a8af3d12139/abra/abra/ckpts
            	 Environment:
            		 DummyAsyncVectorEnv(Gym Env x 1)
            		 Exploration Type: None
            	 Dataset: DoNothingDataset
            	 Accelerate Processes: 1 


INFO     Successfully loaded Abra model
ERROR    Error translating battle to observation: 
WARNING  Failed to get priors for battle: 
ERROR    Error translating battle to observation: 
WARNING  Failed to get priors for battle: 
INFO     Successfully computed neural priors for 0/2 battles
INFO     Using PUCT-guided move selection (priors integrated during search)...
INFO     Policy 0: gunkshot visited 31.75% avg_score=0.448 sample_chance_multiplier=0.5
INFO     Policy 1: gunkshot visited 47.64% avg_score=0.613 sample_chance_multiplier=0.5
INFO     Considered Choices:
INFO     	39.693%: gunkshot
INFO     	30.505%: hydropump
INFO     Choice: gunkshot
INFO     greninja already has the move gunkshot. Decrementing the PP by 1
INFO     greninja used a poison move, removing poisongem from possible items
INFO     Setting greninja's last used move: gunkshot
INFO     greninja used a damaging move - not guessing lifeorb anymore
INFO     greninja did 16.0% damage to chimecho with gunkshot
INFO     Setting greninja's item to: lifeorb
INFO     chimecho has less than maxhp during upkeep, no longer guessing leftovers or blacksludge
INFO     Opponent has switched - clearing the last used move
INFO     
INFO     Turn: 22
INFO     Sampling battle 0
INFO     	      mismagius     levitate  choicespecs [energyball, mysticalfire, shadowball, trick] ttype=ghost
INFO     	       mienshao  regenerator  assaultvest [closecombat, fakeout, knockoff, uturn] ttype=dark
INFO     Sampling 1 unrevealed pokemon
INFO     	     pincurchin electricsurge    leftovers [recover, scald, thunderbolt, toxicspikes] ttype=water
INFO     Sampling battle 1
INFO     	      mismagius     levitate  choicespecs [energyball, mysticalfire, shadowball, trick] ttype=fire
INFO     	       mienshao  regenerator  assaultvest [closecombat, fakeout, knockoff, uturn] ttype=steel
INFO     Sampling 1 unrevealed pokemon
INFO     	   arceusdragon    multitype   dracoplate [calmmind, fireblast, judgment, recover] ttype=fire
INFO     Initializing per-node neural priors callback (Abra model)...
INFO     Neural callback already initialized
INFO     Per-node neural priors enabled
INFO     Searching for a move using PUCT MCTS with neural priors...
INFO     Sampling 2 battles at 500ms each
INFO     Computing neural priors for all battles...
INFO     Initialized StateTranslator with TeamPreviewObservationSpace
INFO     Initializing LocalPolicyProvider with model: Abra
INFO     Loading pretrained Abra model...
INFO     CUDA not available - overriding FlashAttention with VanillaAttention
[91mWarning: Using unofficial VanillaAttention implementation[0m


 		 AMAGO v3.1
            	 -------------------------
            	 Agent: MultiTaskAgent
            		 Max Sequence Length: 200
            		 TstepEncoder Type: MetamonTstepEncoder
            		 TrajEncoder Type: TformerTrajEncoder
            		 Total Parameters: 57,535,116
            		 Offline Loss Weight: 1.0
            		 Online Loss Weight: 0.0
            		 Mixed Precision: NO
            		 Checkpoint Path: /Users/yadureddy/Documents/GitHub/clean/pokeagent_ac_mcts/.metamon_cache/pretrained_models/models--jakegrigsby--metamon/snapshots/c5d1cb9abb6747066a325228845a5a8af3d12139/abra/abra/ckpts
            	 Environment:
            		 DummyAsyncVectorEnv(Gym Env x 1)
            		 Exploration Type: None
            	 Dataset: DoNothingDataset
            	 Accelerate Processes: 1 


INFO     Successfully loaded Abra model
ERROR    Error translating battle to observation: 
WARNING  Failed to get priors for battle: 
ERROR    Error translating battle to observation: 
WARNING  Failed to get priors for battle: 
INFO     Successfully computed neural priors for 0/2 battles
INFO     Using PUCT-guided move selection (priors integrated during search)...
INFO     Policy 0: darkpulse visited 77.19% avg_score=0.313 sample_chance_multiplier=0.5
INFO     Policy 1: darkpulse visited 70.54% avg_score=0.245 sample_chance_multiplier=0.5
INFO     Considered Choices:
INFO     	73.865%: darkpulse
INFO     Choice: darkpulse
INFO     greninja already has the move darkpulse. Decrementing the PP by 1
INFO     greninja used a dark move, removing darkgem from possible items
INFO     Setting greninja's last used move: darkpulse
INFO     greninja used a damaging move - not guessing lifeorb anymore
INFO     greninja did 78.0% damage to mismagius with darkpulse
INFO     Setting greninja's item to: lifeorb
INFO     mismagius has less than maxhp during upkeep, no longer guessing leftovers or blacksludge
INFO     
INFO     Turn: 23
INFO     Sampling battle 0
INFO     	      mismagius     levitate  choicespecs [dazzlinggleam, energyball, mysticalfire, shadowball] ttype=fairy
INFO     	       mienshao  regenerator  assaultvest [closecombat, fakeout, knockoff, uturn] ttype=steel
INFO     Sampling 1 unrevealed pokemon
INFO     	       froslass   cursedbody     widelens [destinybond, poltergeist, tripleaxel, willowisp] ttype=ghost
INFO     Sampling battle 1
INFO     	      mismagius     levitate  choicespecs [energyball, mysticalfire, shadowball, thunderbolt] ttype=electric
INFO     	       mienshao  regenerator  assaultvest [closecombat, fakeout, knockoff, uturn] ttype=steel
INFO     Sampling 1 unrevealed pokemon
INFO     	       tornadus      defiant  choicespecs [bleakwindstorm, grassknot, heatwave, uturn] ttype=flying
INFO     Initializing per-node neural priors callback (Abra model)...
INFO     Neural callback already initialized
INFO     Per-node neural priors enabled
INFO     Searching for a move using PUCT MCTS with neural priors...
INFO     Sampling 2 battles at 500ms each
INFO     Computing neural priors for all battles...
INFO     Initialized StateTranslator with TeamPreviewObservationSpace
INFO     Initializing LocalPolicyProvider with model: Abra
INFO     Loading pretrained Abra model...
INFO     CUDA not available - overriding FlashAttention with VanillaAttention
[91mWarning: Using unofficial VanillaAttention implementation[0m


 		 AMAGO v3.1
            	 -------------------------
            	 Agent: MultiTaskAgent
            		 Max Sequence Length: 200
            		 TstepEncoder Type: MetamonTstepEncoder
            		 TrajEncoder Type: TformerTrajEncoder
            		 Total Parameters: 57,535,116
            		 Offline Loss Weight: 1.0
            		 Online Loss Weight: 0.0
            		 Mixed Precision: NO
            		 Checkpoint Path: /Users/yadureddy/Documents/GitHub/clean/pokeagent_ac_mcts/.metamon_cache/pretrained_models/models--jakegrigsby--metamon/snapshots/c5d1cb9abb6747066a325228845a5a8af3d12139/abra/abra/ckpts
            	 Environment:
            		 DummyAsyncVectorEnv(Gym Env x 1)
            		 Exploration Type: None
            	 Dataset: DoNothingDataset
            	 Accelerate Processes: 1 


INFO     Successfully loaded Abra model
ERROR    Error translating battle to observation: 
WARNING  Failed to get priors for battle: 
ERROR    Error translating battle to observation: 
WARNING  Failed to get priors for battle: 
INFO     Successfully computed neural priors for 0/2 battles
INFO     Using PUCT-guided move selection (priors integrated during search)...
INFO     Policy 0: gunkshot visited 92.2% avg_score=0.672 sample_chance_multiplier=0.5
INFO     Policy 1: gunkshot visited 85.41% avg_score=0.673 sample_chance_multiplier=0.5
INFO     Considered Choices:
INFO     	88.808%: gunkshot
INFO     Choice: gunkshot
INFO     greninja already has the move gunkshot. Decrementing the PP by 1
INFO     greninja used a poison move, removing poisongem from possible items
INFO     Setting greninja's last used move: gunkshot
INFO     greninja used a damaging move - not guessing lifeorb anymore
INFO     greninja did 22.0% damage to mismagius with gunkshot
INFO     Setting greninja's item to: lifeorb
INFO     mismagius has less than maxhp during upkeep, no longer guessing leftovers or blacksludge
INFO     Opponent has switched - clearing the last used move
INFO     
INFO     Turn: 24
INFO     Sampling battle 0
INFO     	       mienshao  regenerator  assaultvest [closecombat, fakeout, knockoff, uturn] ttype=dark
INFO     Sampling 1 unrevealed pokemon
INFO     	   arceusdragon    multitype   dracoplate [calmmind, fireblast, judgment, sludgebomb] ttype=fire
INFO     Sampling battle 1
INFO     	       mienshao  regenerator  assaultvest [closecombat, fakeout, knockoff, uturn] ttype=steel
INFO     Sampling 1 unrevealed pokemon
INFO     	      infernape     ironfist   choiceband [closecombat, flareblitz, machpunch, stoneedge] ttype=fighting
INFO     Initializing per-node neural priors callback (Abra model)...
INFO     Neural callback already initialized
INFO     Per-node neural priors enabled
INFO     Searching for a move using PUCT MCTS with neural priors...
INFO     Sampling 2 battles at 500ms each
INFO     Computing neural priors for all battles...
INFO     Initialized StateTranslator with TeamPreviewObservationSpace
INFO     Initializing LocalPolicyProvider with model: Abra
INFO     Loading pretrained Abra model...
INFO     CUDA not available - overriding FlashAttention with VanillaAttention
[91mWarning: Using unofficial VanillaAttention implementation[0m


 		 AMAGO v3.1
            	 -------------------------
            	 Agent: MultiTaskAgent
            		 Max Sequence Length: 200
            		 TstepEncoder Type: MetamonTstepEncoder
            		 TrajEncoder Type: TformerTrajEncoder
            		 Total Parameters: 57,535,116
            		 Offline Loss Weight: 1.0
            		 Online Loss Weight: 0.0
            		 Mixed Precision: NO
            		 Checkpoint Path: /Users/yadureddy/Documents/GitHub/clean/pokeagent_ac_mcts/.metamon_cache/pretrained_models/models--jakegrigsby--metamon/snapshots/c5d1cb9abb6747066a325228845a5a8af3d12139/abra/abra/ckpts
            	 Environment:
            		 DummyAsyncVectorEnv(Gym Env x 1)
            		 Exploration Type: None
            	 Dataset: DoNothingDataset
            	 Accelerate Processes: 1 


INFO     Successfully loaded Abra model
ERROR    Error translating battle to observation: 
WARNING  Failed to get priors for battle: 
ERROR    Error translating battle to observation: 
WARNING  Failed to get priors for battle: 
INFO     Successfully computed neural priors for 0/2 battles
INFO     Using PUCT-guided move selection (priors integrated during search)...
INFO     Policy 0: switch rhyperior visited 69.51% avg_score=0.208 sample_chance_multiplier=0.5
INFO     Policy 1: switch luxray visited 78.4% avg_score=0.226 sample_chance_multiplier=0.5
INFO     Considered Choices:
INFO     	44.708%: switch luxray
INFO     	42.125%: switch rhyperior
INFO     Choice: switch rhyperior
INFO     mienshao already has the move closecombat. Decrementing the PP by 1
INFO     mienshao used a fighting move, removing fightinggem from possible items
INFO     Setting mienshao's last used move: closecombat
INFO     mienshao used a damaging move - not guessing lifeorb anymore
INFO     mienshao did 58.51% damage to rhyperior with closecombat
INFO     mienshao's defense was unboosted by 1 to -1
INFO     mienshao's special-defense was unboosted by 1 to -1
INFO     
INFO     Turn: 25
INFO     Sampling battle 0
INFO     	       mienshao  regenerator  assaultvest [closecombat, fakeout, knockoff, uturn] ttype=steel
INFO     Sampling 1 unrevealed pokemon
INFO     	        milotic  competitive    leftovers [dragontail, icebeam, recover, scald] ttype=steel
INFO     Sampling battle 1
INFO     	       mienshao  regenerator  assaultvest [closecombat, fakeout, knockoff, uturn] ttype=dark
INFO     Sampling 1 unrevealed pokemon
INFO     	       smeargle     owntempo    focussash [ceaselessedge, spore, stickyweb, whirlwind] ttype=ghost
INFO     Initializing per-node neural priors callback (Abra model)...
INFO     Neural callback already initialized
INFO     Per-node neural priors enabled
INFO     Searching for a move using PUCT MCTS with neural priors...
INFO     Sampling 2 battles at 500ms each
INFO     Computing neural priors for all battles...
INFO     Initialized StateTranslator with TeamPreviewObservationSpace
INFO     Initializing LocalPolicyProvider with model: Abra
INFO     Loading pretrained Abra model...
INFO     CUDA not available - overriding FlashAttention with VanillaAttention
[91mWarning: Using unofficial VanillaAttention implementation[0m


 		 AMAGO v3.1
            	 -------------------------
            	 Agent: MultiTaskAgent
            		 Max Sequence Length: 200
            		 TstepEncoder Type: MetamonTstepEncoder
            		 TrajEncoder Type: TformerTrajEncoder
            		 Total Parameters: 57,535,116
            		 Offline Loss Weight: 1.0
            		 Online Loss Weight: 0.0
            		 Mixed Precision: NO
            		 Checkpoint Path: /Users/yadureddy/Documents/GitHub/clean/pokeagent_ac_mcts/.metamon_cache/pretrained_models/models--jakegrigsby--metamon/snapshots/c5d1cb9abb6747066a325228845a5a8af3d12139/abra/abra/ckpts
            	 Environment:
            		 DummyAsyncVectorEnv(Gym Env x 1)
            		 Exploration Type: None
            	 Dataset: DoNothingDataset
            	 Accelerate Processes: 1 


INFO     Successfully loaded Abra model
ERROR    Error translating battle to observation: 
WARNING  Failed to get priors for battle: 
ERROR    Error translating battle to observation: 
WARNING  Failed to get priors for battle: 
INFO     Successfully computed neural priors for 0/2 battles
INFO     Using PUCT-guided move selection (priors integrated during search)...
INFO     Policy 0: switch luxray visited 90.42% avg_score=0.223 sample_chance_multiplier=0.5
INFO     Policy 1: earthquake visited 25.86% avg_score=0.359 sample_chance_multiplier=0.5
INFO     Considered Choices:
INFO     	45.711%: switch luxray
INFO     Choice: switch luxray
INFO     Setting luxray's ability to intimidate
INFO     mienshao's attack was unboosted by 1 to -1
INFO     mienshao already has the move knockoff. Decrementing the PP by 1
INFO     mienshao used two different moves - it cannot have a choice item
INFO     mienshao used a dark move, removing darkgem from possible items
INFO     Setting mienshao's last used move: knockoff
INFO     mienshao used a damaging move - not guessing lifeorb anymore
INFO     mienshao did 19.72% damage to luxray with knockoff
INFO     Removing luxray's item: assaultvest
INFO     Setting luxray's removed item to assaultvest
INFO     Knockoff removed luxray's item
INFO     
INFO     Turn: 26
INFO     Sampling battle 0
INFO     	       mienshao  regenerator  assaultvest [closecombat, fakeout, knockoff, uturn] ttype=dark
INFO     Sampling 1 unrevealed pokemon
INFO     	      cramorant  gulpmissile heavydutyboots [bravebird, defog, roost, surf] ttype=ground
INFO     Sampling battle 1
INFO     	       mienshao  regenerator  assaultvest [closecombat, fakeout, knockoff, uturn] ttype=dark
INFO     Sampling 1 unrevealed pokemon
INFO     	         glalie   innerfocus heavydutyboots [disable, earthquake, freezedry, spikes] ttype=ghost
INFO     Initializing per-node neural priors callback (Abra model)...
INFO     Neural callback already initialized
INFO     Per-node neural priors enabled
INFO     Searching for a move using PUCT MCTS with neural priors...
INFO     Sampling 2 battles at 500ms each
INFO     Computing neural priors for all battles...
INFO     Initialized StateTranslator with TeamPreviewObservationSpace
INFO     Initializing LocalPolicyProvider with model: Abra
INFO     Loading pretrained Abra model...
INFO     CUDA not available - overriding FlashAttention with VanillaAttention
[91mWarning: Using unofficial VanillaAttention implementation[0m


 		 AMAGO v3.1
            	 -------------------------
            	 Agent: MultiTaskAgent
            		 Max Sequence Length: 200
            		 TstepEncoder Type: MetamonTstepEncoder
            		 TrajEncoder Type: TformerTrajEncoder
            		 Total Parameters: 57,535,116
            		 Offline Loss Weight: 1.0
            		 Online Loss Weight: 0.0
            		 Mixed Precision: NO
            		 Checkpoint Path: /Users/yadureddy/Documents/GitHub/clean/pokeagent_ac_mcts/.metamon_cache/pretrained_models/models--jakegrigsby--metamon/snapshots/c5d1cb9abb6747066a325228845a5a8af3d12139/abra/abra/ckpts
            	 Environment:
            		 DummyAsyncVectorEnv(Gym Env x 1)
            		 Exploration Type: None
            	 Dataset: DoNothingDataset
            	 Accelerate Processes: 1 


INFO     Successfully loaded Abra model
ERROR    Error translating battle to observation: 
WARNING  Failed to get priors for battle: 
ERROR    Error translating battle to observation: 
WARNING  Failed to get priors for battle: 
INFO     Successfully computed neural priors for 0/2 battles
INFO     Using PUCT-guided move selection (priors integrated during search)...
INFO     Policy 0: voltswitch visited 87.08% avg_score=0.177 sample_chance_multiplier=0.5
INFO     Policy 1: playrough visited 34.09% avg_score=0.067 sample_chance_multiplier=0.5
INFO     Considered Choices:
INFO     	58.545%: voltswitch
INFO     Choice: voltswitch
INFO     Updated mienshao's min speed to 209
INFO     mienshao already has the move closecombat. Decrementing the PP by 1
INFO     mienshao used two different moves - it cannot have a choice item
INFO     mienshao used a fighting move, removing fightinggem from possible items
INFO     Setting mienshao's last used move: closecombat
INFO     mienshao used a damaging move - not guessing lifeorb anymore
INFO     mienshao did 19.009999999999998% damage to luxray with closecombat
INFO     mienshao's defense was unboosted by 1 to -2
INFO     mienshao's special-defense was unboosted by 1 to -2
INFO     Sampling battle 0
INFO     	       mienshao  regenerator  assaultvest [closecombat, fakeout, knockoff, uturn] ttype=steel
INFO     Sampling 1 unrevealed pokemon
INFO     	      coalossal    flamebody heavydutyboots [overheat, rapidspin, stoneedge, willowisp] ttype=ghost
INFO     Sampling battle 1
INFO     	       mienshao  regenerator  assaultvest [closecombat, fakeout, knockoff, uturn] ttype=steel
INFO     Sampling 1 unrevealed pokemon
INFO     	squawkabillywhite       hustle heavydutyboots [bravebird, doubleedge, partingshot, quickattack] ttype=flying
INFO     Initializing per-node neural priors callback (Abra model)...
INFO     Neural callback already initialized
INFO     Per-node neural priors enabled
INFO     Searching for a move using PUCT MCTS with neural priors...
INFO     Sampling 2 battles at 500ms each
INFO     Computing neural priors for all battles...
INFO     Initialized StateTranslator with TeamPreviewObservationSpace
INFO     Initializing LocalPolicyProvider with model: Abra
INFO     Loading pretrained Abra model...
INFO     CUDA not available - overriding FlashAttention with VanillaAttention
[91mWarning: Using unofficial VanillaAttention implementation[0m


 		 AMAGO v3.1
            	 -------------------------
            	 Agent: MultiTaskAgent
            		 Max Sequence Length: 200
            		 TstepEncoder Type: MetamonTstepEncoder
            		 TrajEncoder Type: TformerTrajEncoder
            		 Total Parameters: 57,535,116
            		 Offline Loss Weight: 1.0
            		 Online Loss Weight: 0.0
            		 Mixed Precision: NO
            		 Checkpoint Path: /Users/yadureddy/Documents/GitHub/clean/pokeagent_ac_mcts/.metamon_cache/pretrained_models/models--jakegrigsby--metamon/snapshots/c5d1cb9abb6747066a325228845a5a8af3d12139/abra/abra/ckpts
            	 Environment:
            		 DummyAsyncVectorEnv(Gym Env x 1)
            		 Exploration Type: None
            	 Dataset: DoNothingDataset
            	 Accelerate Processes: 1 


INFO     Successfully loaded Abra model
ERROR    Error translating battle to observation: 
WARNING  Failed to get priors for battle: 
ERROR    Error translating battle to observation: 
WARNING  Failed to get priors for battle: 
INFO     Successfully computed neural priors for 0/2 battles
INFO     Using PUCT-guided move selection (priors integrated during search)...
INFO     Policy 0: switch greninja visited 96.65% avg_score=0.167 sample_chance_multiplier=0.5
INFO     Policy 1: switch greninja visited 96.44% avg_score=0.137 sample_chance_multiplier=0.5
INFO     Considered Choices:
INFO     	96.543%: switch greninja
INFO     Choice: switch greninja
INFO     
INFO     Turn: 27
INFO     Sampling battle 0
INFO     	       mienshao  regenerator  assaultvest [closecombat, fakeout, knockoff, uturn] ttype=dark
INFO     Sampling 1 unrevealed pokemon
INFO     	        diancie    clearbody    leftovers [bodypress, diamondstorm, moonblast, rockpolish] ttype=fighting
INFO     Sampling battle 1
INFO     	       mienshao  regenerator  assaultvest [closecombat, fakeout, knockoff, uturn] ttype=dark
INFO     Sampling 1 unrevealed pokemon
INFO     	typhlosionhisui        blaze    leftovers [calmmind, fireblast, shadowball, substitute] ttype=ghost
INFO     Initializing per-node neural priors callback (Abra model)...
INFO     Neural callback already initialized
INFO     Per-node neural priors enabled
INFO     Searching for a move using PUCT MCTS with neural priors...
INFO     Sampling 2 battles at 500ms each
INFO     Computing neural priors for all battles...
INFO     Initialized StateTranslator with TeamPreviewObservationSpace
INFO     Initializing LocalPolicyProvider with model: Abra
INFO     Loading pretrained Abra model...
INFO     CUDA not available - overriding FlashAttention with VanillaAttention
[91mWarning: Using unofficial VanillaAttention implementation[0m


 		 AMAGO v3.1
            	 -------------------------
            	 Agent: MultiTaskAgent
            		 Max Sequence Length: 200
            		 TstepEncoder Type: MetamonTstepEncoder
            		 TrajEncoder Type: TformerTrajEncoder
            		 Total Parameters: 57,535,116
            		 Offline Loss Weight: 1.0
            		 Online Loss Weight: 0.0
            		 Mixed Precision: NO
            		 Checkpoint Path: /Users/yadureddy/Documents/GitHub/clean/pokeagent_ac_mcts/.metamon_cache/pretrained_models/models--jakegrigsby--metamon/snapshots/c5d1cb9abb6747066a325228845a5a8af3d12139/abra/abra/ckpts
            	 Environment:
            		 DummyAsyncVectorEnv(Gym Env x 1)
            		 Exploration Type: None
            	 Dataset: DoNothingDataset
            	 Accelerate Processes: 1 


INFO     Successfully loaded Abra model
ERROR    Error translating battle to observation: 
WARNING  Failed to get priors for battle: 
ERROR    Error translating battle to observation: 
WARNING  Failed to get priors for battle: 
INFO     Successfully computed neural priors for 0/2 battles
INFO     Using PUCT-guided move selection (priors integrated during search)...
INFO     Policy 0: icebeam visited 58.45% avg_score=0.14 sample_chance_multiplier=0.5
INFO     Policy 1: gunkshot visited 42.41% avg_score=0.183 sample_chance_multiplier=0.5
INFO     Considered Choices:
INFO     	43.483%: icebeam
INFO     Choice: icebeam
INFO     Opponent has switched - clearing the last used move
INFO     mienshao switched out with regenerator. Healing it to 244/244
INFO     cinderace switched in, adding intimidate to impossible abilities
INFO     cinderace switched in, adding pressure to impossible abilities
INFO     cinderace switched in, adding neutralizinggas to impossible abilities
INFO     cinderace switched in, adding sandstream to impossible abilities
INFO     cinderace switched in, adding drought to impossible abilities
INFO     cinderace switched in, adding drizzle to impossible abilities
INFO     cinderace switched in, adding snowwarning to impossible abilities
INFO     cinderace switched in, adding boosterenergy to impossible items
INFO     cinderace switched in, adding airballoon to impossible items
INFO     greninja already has the move icebeam. Decrementing the PP by 1
INFO     greninja used a ice move, removing icegem from possible items
INFO     Setting greninja's last used move: icebeam
INFO     greninja used a damaging move - not guessing lifeorb anymore
INFO     greninja did 18.0% damage to cinderace with icebeam
INFO     Setting greninja's item to: lifeorb
INFO     cinderace has less than maxhp during upkeep, no longer guessing leftovers or blacksludge
INFO     
INFO     Turn: 28
INFO     Sampling battle 0
INFO     	      cinderace       libero   choiceband [gunkshot, highjumpkick, pyroball, uturn] ttype=fire
INFO     	       mienshao  regenerator  assaultvest [closecombat, fakeout, knockoff, uturn] ttype=steel
INFO     Sampling battle 1
INFO     	      cinderace       libero heavydutyboots [courtchange, highjumpkick, pyroball, suckerpunch] ttype=fire
INFO     	       mienshao  regenerator  assaultvest [closecombat, fakeout, knockoff, uturn] ttype=steel
INFO     Initializing per-node neural priors callback (Abra model)...
INFO     Neural callback already initialized
INFO     Per-node neural priors enabled
INFO     Searching for a move using PUCT MCTS with neural priors...
INFO     Sampling 2 battles at 500ms each
INFO     Computing neural priors for all battles...
INFO     Initialized StateTranslator with TeamPreviewObservationSpace
INFO     Initializing LocalPolicyProvider with model: Abra
INFO     Loading pretrained Abra model...
INFO     CUDA not available - overriding FlashAttention with VanillaAttention
[91mWarning: Using unofficial VanillaAttention implementation[0m


 		 AMAGO v3.1
            	 -------------------------
            	 Agent: MultiTaskAgent
            		 Max Sequence Length: 200
            		 TstepEncoder Type: MetamonTstepEncoder
            		 TrajEncoder Type: TformerTrajEncoder
            		 Total Parameters: 57,535,116
            		 Offline Loss Weight: 1.0
            		 Online Loss Weight: 0.0
            		 Mixed Precision: NO
            		 Checkpoint Path: /Users/yadureddy/Documents/GitHub/clean/pokeagent_ac_mcts/.metamon_cache/pretrained_models/models--jakegrigsby--metamon/snapshots/c5d1cb9abb6747066a325228845a5a8af3d12139/abra/abra/ckpts
            	 Environment:
            		 DummyAsyncVectorEnv(Gym Env x 1)
            		 Exploration Type: None
            	 Dataset: DoNothingDataset
            	 Accelerate Processes: 1 


INFO     Successfully loaded Abra model
ERROR    Error translating battle to observation: 
WARNING  Failed to get priors for battle: 
ERROR    Error translating battle to observation: 
WARNING  Failed to get priors for battle: 
INFO     Successfully computed neural priors for 0/2 battles
INFO     Using PUCT-guided move selection (priors integrated during search)...
INFO     Policy 0: hydropump visited 97.54% avg_score=0.128 sample_chance_multiplier=0.5
INFO     Policy 1: hydropump visited 95.88% avg_score=0.132 sample_chance_multiplier=0.5
INFO     Considered Choices:
INFO     	96.71%: hydropump
INFO     Choice: hydropump
INFO     greninja already has the move hydropump. Decrementing the PP by 1
INFO     greninja used a water move, removing watergem from possible items
INFO     Setting greninja's last used move: hydropump
INFO     greninja used a damaging move - not guessing lifeorb anymore
INFO     greninja did 82.0% damage to cinderace with hydropump
INFO     Setting greninja's item to: lifeorb
INFO     cinderace has less than maxhp during upkeep, no longer guessing leftovers or blacksludge
INFO     Opponent has switched - clearing the last used move
INFO     
INFO     Turn: 29
INFO     Sampling battle 0
INFO     	       mienshao  regenerator  assaultvest [closecombat, fakeout, knockoff, uturn] ttype=dark
INFO     Sampling battle 1
INFO     	       mienshao  regenerator  assaultvest [closecombat, fakeout, knockoff, uturn] ttype=steel
INFO     Initializing per-node neural priors callback (Abra model)...
INFO     Neural callback already initialized
INFO     Per-node neural priors enabled
INFO     Searching for a move using PUCT MCTS with neural priors...
INFO     Sampling 2 battles at 500ms each
INFO     Computing neural priors for all battles...
INFO     Initialized StateTranslator with TeamPreviewObservationSpace
INFO     Initializing LocalPolicyProvider with model: Abra
INFO     Loading pretrained Abra model...
INFO     CUDA not available - overriding FlashAttention with VanillaAttention
[91mWarning: Using unofficial VanillaAttention implementation[0m


 		 AMAGO v3.1
            	 -------------------------
            	 Agent: MultiTaskAgent
            		 Max Sequence Length: 200
            		 TstepEncoder Type: MetamonTstepEncoder
            		 TrajEncoder Type: TformerTrajEncoder
            		 Total Parameters: 57,535,116
            		 Offline Loss Weight: 1.0
            		 Online Loss Weight: 0.0
            		 Mixed Precision: NO
            		 Checkpoint Path: /Users/yadureddy/Documents/GitHub/clean/pokeagent_ac_mcts/.metamon_cache/pretrained_models/models--jakegrigsby--metamon/snapshots/c5d1cb9abb6747066a325228845a5a8af3d12139/abra/abra/ckpts
            	 Environment:
            		 DummyAsyncVectorEnv(Gym Env x 1)
            		 Exploration Type: None
            	 Dataset: DoNothingDataset
            	 Accelerate Processes: 1 


INFO     Successfully loaded Abra model
ERROR    Error translating battle to observation: 
WARNING  Failed to get priors for battle: 
ERROR    Error translating battle to observation: 
WARNING  Failed to get priors for battle: 
INFO     Successfully computed neural priors for 0/2 battles
INFO     Using PUCT-guided move selection (priors integrated during search)...
INFO     Policy 0: icebeam visited 86.36% avg_score=0.063 sample_chance_multiplier=0.5
INFO     Policy 1: icebeam visited 88.54% avg_score=0.063 sample_chance_multiplier=0.5
INFO     Considered Choices:
INFO     	87.449%: icebeam
INFO     Choice: icebeam
INFO     Updated mienshao's max speed to 241
INFO     greninja already has the move icebeam. Decrementing the PP by 1
INFO     greninja used a ice move, removing icegem from possible items
INFO     Setting greninja's last used move: icebeam
INFO     greninja used a damaging move - not guessing lifeorb anymore
INFO     greninja did 28.999999999999996% damage to mienshao with icebeam
INFO     Setting greninja's item to: lifeorb
INFO     mienshao already has the move uturn. Decrementing the PP by 1
INFO     mienshao used a bug move, removing buggem from possible items
INFO     Setting mienshao's last used move: uturn
INFO     mienshao used a damaging move - not guessing lifeorb anymore
INFO     mienshao did 31.71% damage to greninja with uturn
INFO     mienshao has less than maxhp during upkeep, no longer guessing leftovers or blacksludge
INFO     Sampling battle 0
INFO     	       mienshao  regenerator  assaultvest [closecombat, fakeout, knockoff, uturn] ttype=steel
INFO     Sampling battle 1
INFO     	       mienshao  regenerator  assaultvest [closecombat, fakeout, knockoff, uturn] ttype=dark
INFO     Initializing per-node neural priors callback (Abra model)...
INFO     Neural callback already initialized
INFO     Per-node neural priors enabled
INFO     Searching for a move using PUCT MCTS with neural priors...
INFO     Sampling 2 battles at 500ms each
INFO     Computing neural priors for all battles...
INFO     Initialized StateTranslator with TeamPreviewObservationSpace
INFO     Initializing LocalPolicyProvider with model: Abra
INFO     Loading pretrained Abra model...
INFO     CUDA not available - overriding FlashAttention with VanillaAttention
[91mWarning: Using unofficial VanillaAttention implementation[0m


 		 AMAGO v3.1
            	 -------------------------
            	 Agent: MultiTaskAgent
            		 Max Sequence Length: 200
            		 TstepEncoder Type: MetamonTstepEncoder
            		 TrajEncoder Type: TformerTrajEncoder
            		 Total Parameters: 57,535,116
            		 Offline Loss Weight: 1.0
            		 Online Loss Weight: 0.0
            		 Mixed Precision: NO
            		 Checkpoint Path: /Users/yadureddy/Documents/GitHub/clean/pokeagent_ac_mcts/.metamon_cache/pretrained_models/models--jakegrigsby--metamon/snapshots/c5d1cb9abb6747066a325228845a5a8af3d12139/abra/abra/ckpts
            	 Environment:
            		 DummyAsyncVectorEnv(Gym Env x 1)
            		 Exploration Type: None
            	 Dataset: DoNothingDataset
            	 Accelerate Processes: 1 


INFO     Successfully loaded Abra model
ERROR    Error translating battle to observation: 
WARNING  Failed to get priors for battle: 
ERROR    Error translating battle to observation: 
WARNING  Failed to get priors for battle: 
INFO     Successfully computed neural priors for 0/2 battles
INFO     Using PUCT-guided move selection (priors integrated during search)...
INFO     Policy 0: switch rhyperior visited 100.0% avg_score=0.0 sample_chance_multiplier=0.5
INFO     Policy 1: switch rhyperior visited 100.0% avg_score=0.0 sample_chance_multiplier=0.5
INFO     Considered Choices:
INFO     	100.0%: switch rhyperior
INFO     Choice: switch rhyperior
INFO     
INFO     Turn: 30
INFO     Sampling battle 0
INFO     	       mienshao  regenerator  assaultvest [closecombat, fakeout, knockoff, uturn] ttype=dark
INFO     Sampling battle 1
INFO     	       mienshao  regenerator  assaultvest [closecombat, fakeout, knockoff, uturn] ttype=steel
INFO     Initializing per-node neural priors callback (Abra model)...
INFO     Neural callback already initialized
INFO     Per-node neural priors enabled
INFO     Searching for a move using PUCT MCTS with neural priors...
INFO     Sampling 2 battles at 500ms each
INFO     Computing neural priors for all battles...
INFO     Initialized StateTranslator with TeamPreviewObservationSpace
INFO     Initializing LocalPolicyProvider with model: Abra
INFO     Loading pretrained Abra model...
INFO     CUDA not available - overriding FlashAttention with VanillaAttention
[91mWarning: Using unofficial VanillaAttention implementation[0m


 		 AMAGO v3.1
            	 -------------------------
            	 Agent: MultiTaskAgent
            		 Max Sequence Length: 200
            		 TstepEncoder Type: MetamonTstepEncoder
            		 TrajEncoder Type: TformerTrajEncoder
            		 Total Parameters: 57,535,116
            		 Offline Loss Weight: 1.0
            		 Online Loss Weight: 0.0
            		 Mixed Precision: NO
            		 Checkpoint Path: /Users/yadureddy/Documents/GitHub/clean/pokeagent_ac_mcts/.metamon_cache/pretrained_models/models--jakegrigsby--metamon/snapshots/c5d1cb9abb6747066a325228845a5a8af3d12139/abra/abra/ckpts
            	 Environment:
            		 DummyAsyncVectorEnv(Gym Env x 1)
            		 Exploration Type: None
            	 Dataset: DoNothingDataset
            	 Accelerate Processes: 1 


INFO     Successfully loaded Abra model
ERROR    Error translating battle to observation: 
WARNING  Failed to get priors for battle: 
ERROR    Error translating battle to observation: 
WARNING  Failed to get priors for battle: 
INFO     Successfully computed neural priors for 0/2 battles
INFO     Using PUCT-guided move selection (priors integrated during search)...
INFO     Policy 0: earthquake visited 25.0% avg_score=0.0 sample_chance_multiplier=0.5
INFO     Policy 1: earthquake visited 25.0% avg_score=0.0 sample_chance_multiplier=0.5
INFO     Considered Choices:
INFO     	25.0%: earthquake
INFO     	25.0%: megahorn
INFO     	25.0%: icepunch
INFO     	25.0%: stoneedge
INFO     Choice: earthquake
INFO     Winner: VanillaMCTS
INFO     Lost with team: None
INFO     W: 1	L: 2
INFO     Searching for ranked gen9randombattle match
INFO     Initialized battle-gen9randombattle-84 against: VanillaMCTS
INFO     Opponent has switched - clearing the last used move
INFO     falinks switched in, adding intimidate to impossible abilities
INFO     falinks switched in, adding pressure to impossible abilities
INFO     falinks switched in, adding neutralizinggas to impossible abilities
INFO     falinks switched in, adding sandstream to impossible abilities
INFO     falinks switched in, adding drought to impossible abilities
INFO     falinks switched in, adding drizzle to impossible abilities
INFO     falinks switched in, adding snowwarning to impossible abilities
INFO     falinks switched in, adding boosterenergy to impossible items
INFO     falinks switched in, adding airballoon to impossible items
INFO     
INFO     Turn: 1
INFO     Sampling battle 0
INFO     	        falinks      defiant      lifeorb [closecombat, ironhead, knockoff, noretreat] ttype=dark
INFO     Sampling 5 unrevealed pokemon
INFO     	         raichu lightningrod  assaultvest [focusblast, nuzzle, surf, thunderbolt] ttype=water
INFO     	       reshiram   turboblaze heavydutyboots [blueflare, dracometeor, dragontail, earthpower] ttype=fire
INFO     	            mew  synchronize    leftovers [encore, knockoff, psychic, toxicspikes] ttype=fairy
INFO     	   crabominable     ironfist  assaultvest [drainpunch, earthquake, icehammer, knockoff] ttype=water
INFO     	   slowbrogalar  regenerator    leftovers [fireblast, psychic, shellsidearm, slackoff] ttype=poison
INFO     Sampling battle 1
INFO     	        falinks      defiant      lifeorb [closecombat, ironhead, knockoff, noretreat] ttype=dark
INFO     Sampling 5 unrevealed pokemon
INFO     	       cinccino   technician   loadeddice [bulletseed, tailslap, tidyup, tripleaxel] ttype=normal
INFO     	   brambleghast    windrider    leftovers [poltergeist, powerwhip, spikes, strengthsap] ttype=water
INFO     	        malamar     contrary  chestoberry [knockoff, psychocut, rest, superpower] ttype=steel
INFO     	        lucario   innerfocus      lifeorb [flashcannon, focusblast, nastyplot, vacuumwave] ttype=fighting
INFO     	       jumpluff  infiltrator              [acrobatics, sleeppowder, strengthsap, uturn] ttype=steel
INFO     Sampling battle 2
INFO     	        falinks      defiant      lifeorb [closecombat, ironhead, knockoff, noretreat] ttype=dark
INFO     Sampling 5 unrevealed pokemon
INFO     	   basculegionf adaptability  assaultvest [flipturn, hydropump, shadowball, wavecrash] ttype=water
INFO     	      girafarig    sapsipper     eviolite [nastyplot, psychic, shadowball, thunderbolt] ttype=electric
INFO     	       venusaur  chlorophyll    leftovers [knockoff, sludgebomb, synthesis, toxic] ttype=water
INFO     	    gougingfire protosynthesis heavydutyboots [dragondance, earthquake, heatcrash, outrage] ttype=ground
INFO     	    slitherwing protosynthesis      lifeorb [closecombat, firstimpression, uturn, wildcharge] ttype=fighting
INFO     Sampling battle 3
INFO     	        falinks      defiant      lifeorb [closecombat, ironhead, knockoff, noretreat] ttype=dark
INFO     Sampling 5 unrevealed pokemon
INFO     	  articunogalar  competitive heavydutyboots [calmmind, freezingglare, hurricane, recover] ttype=steel
INFO     	    oricoriopau       dancer heavydutyboots [hurricane, quiverdance, revelationdance, roost] ttype=ground
INFO     	        avalugg       sturdy heavydutyboots [avalanche, bodypress, rapidspin, recover] ttype=fighting
WARNING  ghost is not a known move
INFO     	          ditto     imposter  choicescarf [transform]
INFO     	        lanturn   voltabsorb  choicespecs [icebeam, scald, thunderbolt, voltswitch] ttype=flying
INFO     Initializing per-node neural priors callback (Abra model)...
INFO     Neural callback already initialized
INFO     Per-node neural priors enabled
INFO     Searching for a move using PUCT MCTS with neural priors...
INFO     Sampling 4 battles at 250ms each
INFO     Computing neural priors for all battles...
INFO     Initialized StateTranslator with TeamPreviewObservationSpace
INFO     Initializing LocalPolicyProvider with model: Abra
INFO     Loading pretrained Abra model...
INFO     CUDA not available - overriding FlashAttention with VanillaAttention
[91mWarning: Using unofficial VanillaAttention implementation[0m


 		 AMAGO v3.1
            	 -------------------------
            	 Agent: MultiTaskAgent
            		 Max Sequence Length: 200
            		 TstepEncoder Type: MetamonTstepEncoder
            		 TrajEncoder Type: TformerTrajEncoder
            		 Total Parameters: 57,535,116
            		 Offline Loss Weight: 1.0
            		 Online Loss Weight: 0.0
            		 Mixed Precision: NO
            		 Checkpoint Path: /Users/yadureddy/Documents/GitHub/clean/pokeagent_ac_mcts/.metamon_cache/pretrained_models/models--jakegrigsby--metamon/snapshots/c5d1cb9abb6747066a325228845a5a8af3d12139/abra/abra/ckpts
            	 Environment:
            		 DummyAsyncVectorEnv(Gym Env x 1)
            		 Exploration Type: None
            	 Dataset: DoNothingDataset
            	 Accelerate Processes: 1 


INFO     Successfully loaded Abra model
ERROR    Error translating battle to observation: 
WARNING  Failed to get priors for battle: 
ERROR    Error translating battle to observation: 
WARNING  Failed to get priors for battle: 
ERROR    Error translating battle to observation: 
WARNING  Failed to get priors for battle: 
ERROR    Error translating battle to observation: 
WARNING  Failed to get priors for battle: 
INFO     Successfully computed neural priors for 0/4 battles
INFO     Using PUCT-guided move selection (priors integrated during search)...
INFO     Policy 0: hydropump visited 58.29% avg_score=0.477 sample_chance_multiplier=0.25
INFO     Policy 1: shellsmash visited 98.66% avg_score=0.616 sample_chance_multiplier=0.25
INFO     Policy 2: hydropump visited 67.57% avg_score=0.488 sample_chance_multiplier=0.25
INFO     Policy 3: hydropump visited 67.79% avg_score=0.472 sample_chance_multiplier=0.25
INFO     Considered Choices:
INFO     	48.527%: hydropump
INFO     Choice: hydropump
INFO     Opponent has switched - clearing the last used move
INFO     gumshoos switched in, adding intimidate to impossible abilities
INFO     gumshoos switched in, adding pressure to impossible abilities
INFO     gumshoos switched in, adding neutralizinggas to impossible abilities
INFO     gumshoos switched in, adding sandstream to impossible abilities
INFO     gumshoos switched in, adding drought to impossible abilities
INFO     gumshoos switched in, adding drizzle to impossible abilities
INFO     gumshoos switched in, adding snowwarning to impossible abilities
INFO     gumshoos switched in, adding boosterenergy to impossible items
INFO     gumshoos switched in, adding airballoon to impossible items
INFO     blastoise already has the move hydropump. Decrementing the PP by 1
INFO     blastoise used a water move, removing watergem from possible items
INFO     Setting blastoise's last used move: hydropump
INFO     blastoise used a damaging move - not guessing lifeorb anymore
INFO     blastoise did 34.0% damage to gumshoos with hydropump
INFO     gumshoos has less than maxhp during upkeep, no longer guessing leftovers or blacksludge
INFO     
INFO     Turn: 2
INFO     Sampling battle 0
INFO     	       gumshoos     stakeout   choiceband [doubleedge, earthquake, knockoff, uturn] ttype=normal
INFO     	        falinks      defiant      lifeorb [closecombat, ironhead, knockoff, noretreat] ttype=steel
INFO     Sampling 4 unrevealed pokemon
INFO     	         tinglu vesselofruin    leftovers [earthquake, stealthrock, throatchop, whirlwind] ttype=ghost
INFO     	     galvantula compoundeyes    focussash [bugbuzz, stickyweb, thunder, voltswitch] ttype=electric
INFO     	      terrakion    justified   choiceband [closecombat, earthquake, quickattack, stoneedge] ttype=fighting
INFO     	       braviary      defiant heavydutyboots [bravebird, bulkup, closecombat, roost] ttype=steel
INFO     Sampling battle 1
INFO     	       gumshoos     stakeout   choiceband [doubleedge, earthquake, knockoff, uturn] ttype=normal
INFO     	        falinks      defiant      lifeorb [closecombat, ironhead, knockoff, noretreat] ttype=dark
INFO     Sampling 4 unrevealed pokemon
INFO     	      crawdaunt adaptability   choiceband [aquajet, closecombat, crabhammer, knockoff] ttype=fighting
INFO     	     victreebel  chlorophyll      lifeorb [knockoff, powerwhip, sludgewave, strengthsap] ttype=steel
INFO     	      dragonite   multiscale heavydutyboots [dragondance, earthquake, outrage, roost] ttype=steel
INFO     	      revavroom       filter      lifeorb [gunkshot, highhorsepower, ironhead, shiftgear] ttype=ground
INFO     Sampling battle 2
INFO     	       gumshoos adaptability   choiceband [doubleedge, earthquake, knockoff, uturn] ttype=ground
INFO     	        falinks      defiant      lifeorb [closecombat, ironhead, knockoff, noretreat] ttype=steel
INFO     Sampling 4 unrevealed pokemon
INFO     	typhlosionhisui        blaze  choicescarf [eruption, fireblast, focusblast, shadowball] ttype=fire
INFO     	       sawsbuck    sapsipper      lifeorb [doubleedge, highhorsepower, hornleech, swordsdance] ttype=ground
INFO     	    fluttermane protosynthesis      lifeorb [calmmind, moonblast, mysticalfire, shadowball] ttype=ghost
INFO     	      bastiodon   soundproof  chestoberry [bodypress, foulplay, irondefense, rest] ttype=fighting
INFO     Sampling battle 3
INFO     	       gumshoos     stakeout   choiceband [doubleedge, earthquake, knockoff, uturn] ttype=normal
INFO     	        falinks      defiant      lifeorb [closecombat, ironhead, knockoff, noretreat] ttype=steel
INFO     Sampling 4 unrevealed pokemon
INFO     	      vespiquen     pressure heavydutyboots [airslash, roost, spikes, toxic] ttype=steel
INFO     	        flapple       hustle     widelens [dragondance, gravapple, outrage, suckerpunch] ttype=steel
INFO     	       samurott      torrent  assaultvest [flipturn, hydropump, knockoff, sacredsword] ttype=water
INFO     	         comfey       triage    leftovers [calmmind, drainingkiss, gigadrain, storedpower] ttype=steel
INFO     Initializing per-node neural priors callback (Abra model)...
INFO     Neural callback already initialized
INFO     Per-node neural priors enabled
INFO     Searching for a move using PUCT MCTS with neural priors...
INFO     Sampling 4 battles at 250ms each
INFO     Computing neural priors for all battles...
INFO     Initialized StateTranslator with TeamPreviewObservationSpace
INFO     Initializing LocalPolicyProvider with model: Abra
INFO     Loading pretrained Abra model...
INFO     CUDA not available - overriding FlashAttention with VanillaAttention
[91mWarning: Using unofficial VanillaAttention implementation[0m


 		 AMAGO v3.1
            	 -------------------------
            	 Agent: MultiTaskAgent
            		 Max Sequence Length: 200
            		 TstepEncoder Type: MetamonTstepEncoder
            		 TrajEncoder Type: TformerTrajEncoder
            		 Total Parameters: 57,535,116
            		 Offline Loss Weight: 1.0
            		 Online Loss Weight: 0.0
            		 Mixed Precision: NO
            		 Checkpoint Path: /Users/yadureddy/Documents/GitHub/clean/pokeagent_ac_mcts/.metamon_cache/pretrained_models/models--jakegrigsby--metamon/snapshots/c5d1cb9abb6747066a325228845a5a8af3d12139/abra/abra/ckpts
            	 Environment:
            		 DummyAsyncVectorEnv(Gym Env x 1)
            		 Exploration Type: None
            	 Dataset: DoNothingDataset
            	 Accelerate Processes: 1 


INFO     Successfully loaded Abra model
ERROR    Error translating battle to observation: 
WARNING  Failed to get priors for battle: 
ERROR    Error translating battle to observation: 
WARNING  Failed to get priors for battle: 
ERROR    Error translating battle to observation: 
WARNING  Failed to get priors for battle: 
ERROR    Error translating battle to observation: 
WARNING  Failed to get priors for battle: 
INFO     Successfully computed neural priors for 0/4 battles
INFO     Using PUCT-guided move selection (priors integrated during search)...
INFO     Policy 0: shellsmash visited 33.92% avg_score=0.379 sample_chance_multiplier=0.25
INFO     Policy 1: shellsmash visited 70.67% avg_score=0.382 sample_chance_multiplier=0.25
INFO     Policy 2: switch jumpluff visited 48.08% avg_score=0.387 sample_chance_multiplier=0.25
INFO     Policy 3: shellsmash visited 63.78% avg_score=0.432 sample_chance_multiplier=0.25
INFO     Considered Choices:
INFO     	43.094%: shellsmash
INFO     Choice: shellsmash
INFO     Updated gumshoos's max speed to 171
INFO     blastoise already has the move shellsmash. Decrementing the PP by 1
INFO     blastoise using shellsmash makes it unlikely to have a choice item. Setting can_have_choice_item to False
INFO     blastoise used a status-move. Adding `assaultvest` to impossible items
INFO     Setting blastoise's last used move: shellsmash
INFO     blastoise's defense was unboosted by 1 to -1
INFO     blastoise's special-defense was unboosted by 1 to -1
INFO     blastoise's attack was boosted by 2 to 2
INFO     blastoise's special-attack was boosted by 2 to 2
INFO     blastoise's speed was boosted by 2 to 2
INFO     Removing blastoise's item: whiteherb
INFO     Setting blastoise's removed item to whiteherb
INFO     Setting blastoise's defense boost to 0
INFO     Setting blastoise's special-defense boost to 0
INFO     gumshoos used a bug move, removing buggem from possible items
INFO     Setting gumshoos's last used move: uturn
INFO     gumshoos used a damaging move - not guessing lifeorb anymore
INFO     gumshoos did 41.089999999999996% damage to blastoise with uturn
INFO     Opponent has switched - clearing the last used move
INFO     
INFO     Turn: 3
INFO     Sampling battle 0
INFO     	        falinks      defiant      lifeorb [closecombat, ironhead, knockoff, noretreat] ttype=dark
INFO     	       gumshoos     stakeout   choiceband [doubleedge, earthquake, knockoff, uturn] ttype=ground
INFO     Sampling 4 unrevealed pokemon
INFO     	      girafarig    sapsipper     eviolite [dazzlinggleam, nastyplot, psyshock, thunderbolt] ttype=psychic
INFO     	      ninetales      drought heavydutyboots [fireblast, nastyplot, scorchingsands, solarbeam] ttype=grass
INFO     	        moltres    flamebody heavydutyboots [bravebird, fireblast, roost, willowisp] ttype=dragon
INFO     	         klefki    prankster    leftovers [dazzlinggleam, foulplay, spikes, thunderwave] ttype=flying
INFO     Sampling battle 1
INFO     	        falinks      defiant      lifeorb [closecombat, ironhead, knockoff, noretreat] ttype=dark
INFO     	       gumshoos adaptability   choiceband [doubleedge, earthquake, knockoff, uturn] ttype=ground
INFO     Sampling 4 unrevealed pokemon
INFO     	     conkeldurr         guts     flameorb [closecombat, facade, knockoff, machpunch] ttype=normal
INFO     	    oricoriopau       dancer heavydutyboots [hurricane, quiverdance, revelationdance, roost] ttype=fighting
INFO     	        slowbro  regenerator  assaultvest [bodypress, icebeam, psychicnoise, scald] ttype=fairy
INFO     	        milotic  competitive    leftovers [dragontail, icebeam, recover, scald] ttype=dragon
INFO     Sampling battle 2
INFO     	        falinks      defiant      lifeorb [closecombat, ironhead, knockoff, noretreat] ttype=steel
INFO     	       gumshoos     stakeout   choiceband [doubleedge, earthquake, knockoff, uturn] ttype=ground
INFO     Sampling 4 unrevealed pokemon
INFO     	        dipplin   stickyhold     eviolite [dragonpulse, dragontail, gigadrain, recover] ttype=steel
INFO     	     bombirdier     bigpecks heavydutyboots [bravebird, knockoff, roost, stealthrock] ttype=dark
INFO     	        dugtrio    arenatrap      lifeorb [earthquake, stoneedge, suckerpunch, swordsdance] ttype=dark
INFO     	     toxtricity     punkrock  choicescarf [boomburst, overdrive, sludgewave, voltswitch] ttype=normal
INFO     Sampling battle 3
INFO     	        falinks      defiant      lifeorb [closecombat, ironhead, knockoff, noretreat] ttype=steel
INFO     	       gumshoos     stakeout   choiceband [doubleedge, earthquake, knockoff, uturn] ttype=normal
INFO     Sampling 4 unrevealed pokemon
INFO     	    stonjourner    powerspot      lifeorb [earthquake, heatcrash, stealthrock, stoneedge] ttype=fire
INFO     	     irontreads   quarkdrive  assaultvest [earthquake, ironhead, rapidspin, voltswitch] ttype=dragon
INFO     	       dachsbun wellbakedbody    leftovers [bodypress, playrough, protect, wish] ttype=steel
INFO     	        okidogi   toxicchain    leftovers [bulkup, drainpunch, gunkshot, knockoff] ttype=dark
INFO     Initializing per-node neural priors callback (Abra model)...
INFO     Neural callback already initialized
INFO     Per-node neural priors enabled
INFO     Searching for a move using PUCT MCTS with neural priors...
INFO     Sampling 4 battles at 250ms each
INFO     Computing neural priors for all battles...
INFO     Initialized StateTranslator with TeamPreviewObservationSpace
INFO     Initializing LocalPolicyProvider with model: Abra
INFO     Loading pretrained Abra model...
INFO     CUDA not available - overriding FlashAttention with VanillaAttention
[91mWarning: Using unofficial VanillaAttention implementation[0m


 		 AMAGO v3.1
            	 -------------------------
            	 Agent: MultiTaskAgent
            		 Max Sequence Length: 200
            		 TstepEncoder Type: MetamonTstepEncoder
            		 TrajEncoder Type: TformerTrajEncoder
            		 Total Parameters: 57,535,116
            		 Offline Loss Weight: 1.0
            		 Online Loss Weight: 0.0
            		 Mixed Precision: NO
            		 Checkpoint Path: /Users/yadureddy/Documents/GitHub/clean/pokeagent_ac_mcts/.metamon_cache/pretrained_models/models--jakegrigsby--metamon/snapshots/c5d1cb9abb6747066a325228845a5a8af3d12139/abra/abra/ckpts
            	 Environment:
            		 DummyAsyncVectorEnv(Gym Env x 1)
            		 Exploration Type: None
            	 Dataset: DoNothingDataset
            	 Accelerate Processes: 1 


INFO     Successfully loaded Abra model
ERROR    Error translating battle to observation: 
WARNING  Failed to get priors for battle: 
ERROR    Error translating battle to observation: 
WARNING  Failed to get priors for battle: 
ERROR    Error translating battle to observation: 
WARNING  Failed to get priors for battle: 
ERROR    Error translating battle to observation: 
WARNING  Failed to get priors for battle: 
INFO     Successfully computed neural priors for 0/4 battles
INFO     Using PUCT-guided move selection (priors integrated during search)...
INFO     Policy 0: hydropump visited 98.34% avg_score=0.353 sample_chance_multiplier=0.25
INFO     Policy 1: hydropump visited 35.3% avg_score=0.157 sample_chance_multiplier=0.25
INFO     Policy 2: hydropump visited 91.62% avg_score=0.375 sample_chance_multiplier=0.25
INFO     Policy 3: hydropump visited 98.83% avg_score=0.428 sample_chance_multiplier=0.25
INFO     Considered Choices:
INFO     	81.022%: hydropump
INFO     Choice: hydropump
INFO     blastoise already has the move hydropump. Decrementing the PP by 1
INFO     blastoise used a water move, removing watergem from possible items
INFO     Setting blastoise's last used move: hydropump
INFO     blastoise used a damaging move - not guessing lifeorb anymore
INFO     blastoise did 100.0% damage to falinks with hydropump
INFO     falinks has less than maxhp during upkeep, no longer guessing leftovers or blacksludge
INFO     Opponent has switched - clearing the last used move
INFO     seviper switched in, adding intimidate to impossible abilities
INFO     seviper switched in, adding pressure to impossible abilities
INFO     seviper switched in, adding neutralizinggas to impossible abilities
INFO     seviper switched in, adding sandstream to impossible abilities
INFO     seviper switched in, adding drought to impossible abilities
INFO     seviper switched in, adding drizzle to impossible abilities
INFO     seviper switched in, adding snowwarning to impossible abilities
INFO     seviper switched in, adding boosterenergy to impossible items
INFO     seviper switched in, adding airballoon to impossible items
INFO     
INFO     Turn: 4
INFO     Sampling battle 0
INFO     	        seviper  infiltrator    leftovers [earthquake, gunkshot, swordsdance, trailblaze] ttype=ground
INFO     	       gumshoos     stakeout   choiceband [doubleedge, earthquake, knockoff, uturn] ttype=normal
INFO     Sampling 3 unrevealed pokemon
INFO     	       giratina     pressure    leftovers [defog, dragontail, rest, shadowball] ttype=fairy
INFO     	         zarude    leafguard      lifeorb [closecombat, knockoff, powerwhip, swordsdance] ttype=dark
INFO     	      bastiodon   soundproof  chestoberry [bodypress, foulplay, irondefense, rest] ttype=fighting
INFO     Sampling battle 1
INFO     	        seviper  infiltrator    leftovers [earthquake, gunkshot, swordsdance, trailblaze] ttype=grass
INFO     	       gumshoos     stakeout   choiceband [doubleedge, earthquake, knockoff, uturn] ttype=ground
INFO     Sampling 3 unrevealed pokemon
INFO     	        gliscor   poisonheal     toxicorb [earthquake, protect, substitute, toxic] ttype=water
INFO     	       illumise    prankster heavydutyboots [bugbuzz, encore, roost, thunderwave] ttype=steel
INFO     	        urshifu   unseenfist   choiceband [closecombat, poisonjab, uturn, wickedblow] ttype=dark
INFO     Sampling battle 2
INFO     	        seviper  infiltrator      lifeorb [earthquake, glare, gunkshot, knockoff] ttype=dark
INFO     	       gumshoos     stakeout   choiceband [doubleedge, earthquake, knockoff, uturn] ttype=normal
INFO     Sampling 3 unrevealed pokemon
INFO     	        darkrai    baddreams    leftovers [darkpulse, nastyplot, sludgebomb, substitute] ttype=poison
INFO     	         espeon  magicbounce      lifeorb [alluringvoice, morningsun, psyshock, shadowball] ttype=psychic
INFO     	    arceusghost    multitype  spookyplate [calmmind, focusblast, judgment, recover] ttype=normal
INFO     Sampling battle 3
INFO     	        seviper  infiltrator    leftovers [earthquake, gunkshot, swordsdance, trailblaze] ttype=ground
INFO     	       gumshoos     stakeout   choiceband [doubleedge, earthquake, knockoff, uturn] ttype=ground
INFO     Sampling 3 unrevealed pokemon
INFO     	      hydrapple  regenerator  assaultvest [dragontail, earthpower, ficklebeam, leafstorm] ttype=steel
INFO     	        scrafty     shedskin    leftovers [bulkup, drainpunch, knockoff, rest] ttype=poison
INFO     	      gastrodon   stormdrain    leftovers [earthquake, recover, sludgebomb, stealthrock] ttype=poison
INFO     Initializing per-node neural priors callback (Abra model)...
INFO     Neural callback already initialized
INFO     Per-node neural priors enabled
INFO     Searching for a move using PUCT MCTS with neural priors...
INFO     Sampling 4 battles at 250ms each
INFO     Computing neural priors for all battles...
INFO     Initialized StateTranslator with TeamPreviewObservationSpace
INFO     Initializing LocalPolicyProvider with model: Abra
INFO     Loading pretrained Abra model...
INFO     CUDA not available - overriding FlashAttention with VanillaAttention
[91mWarning: Using unofficial VanillaAttention implementation[0m


 		 AMAGO v3.1
            	 -------------------------
            	 Agent: MultiTaskAgent
            		 Max Sequence Length: 200
            		 TstepEncoder Type: MetamonTstepEncoder
            		 TrajEncoder Type: TformerTrajEncoder
            		 Total Parameters: 57,535,116
            		 Offline Loss Weight: 1.0
            		 Online Loss Weight: 0.0
            		 Mixed Precision: NO
            		 Checkpoint Path: /Users/yadureddy/Documents/GitHub/clean/pokeagent_ac_mcts/.metamon_cache/pretrained_models/models--jakegrigsby--metamon/snapshots/c5d1cb9abb6747066a325228845a5a8af3d12139/abra/abra/ckpts
            	 Environment:
            		 DummyAsyncVectorEnv(Gym Env x 1)
            		 Exploration Type: None
            	 Dataset: DoNothingDataset
            	 Accelerate Processes: 1 


INFO     Successfully loaded Abra model
ERROR    Error translating battle to observation: 
WARNING  Failed to get priors for battle: 
ERROR    Error translating battle to observation: 
WARNING  Failed to get priors for battle: 
ERROR    Error translating battle to observation: 
WARNING  Failed to get priors for battle: 
ERROR    Error translating battle to observation: 
WARNING  Failed to get priors for battle: 
INFO     Successfully computed neural priors for 0/4 battles
INFO     Using PUCT-guided move selection (priors integrated during search)...
INFO     Policy 0: hydropump visited 86.91% avg_score=0.262 sample_chance_multiplier=0.25
INFO     Policy 1: hydropump visited 96.69% avg_score=0.318 sample_chance_multiplier=0.25
INFO     Policy 2: icebeam visited 63.47% avg_score=0.258 sample_chance_multiplier=0.25
INFO     Policy 3: icebeam visited 53.75% avg_score=0.217 sample_chance_multiplier=0.25
INFO     Considered Choices:
INFO     	58.897%: hydropump
INFO     Choice: hydropump
INFO     Updated seviper's max speed to 342
INFO     blastoise already has the move hydropump. Decrementing the PP by 1
INFO     blastoise used a water move, removing watergem from possible items
INFO     Setting blastoise's last used move: hydropump
INFO     blastoise used a damaging move - not guessing lifeorb anymore
INFO     blastoise did 74.0% damage to seviper with hydropump
INFO     seviper used a poison move, removing poisongem from possible items
INFO     Setting seviper's last used move: gunkshot
INFO     seviper used a damaging move - not guessing lifeorb anymore
INFO     seviper did 53.879999999999995% damage to blastoise with gunkshot
INFO     Setting seviper's item to: leftovers
INFO     seviper has less than maxhp during upkeep, no longer guessing leftovers or blacksludge
INFO     
INFO     Turn: 5
INFO     Sampling battle 0
INFO     	        seviper  infiltrator    leftovers [earthquake, gunkshot, swordsdance, trailblaze] ttype=ground
INFO     	       gumshoos     stakeout   choiceband [doubleedge, earthquake, knockoff, uturn] ttype=normal
INFO     Sampling 3 unrevealed pokemon
INFO     	     golemalola    galvanize   choiceband [doubleedge, earthquake, explosion, stoneedge] ttype=grass
INFO     	      decidueye     overgrow heavydutyboots [defog, knockoff, leafstorm, spiritshackle] ttype=grass
INFO     	      serperior     contrary    leftovers [dragonpulse, leafstorm, leechseed, substitute] ttype=water
INFO     Sampling battle 1
INFO     	        seviper  infiltrator    leftovers [earthquake, gunkshot, swordsdance, trailblaze] ttype=ground
INFO     	       gumshoos     stakeout   choiceband [doubleedge, earthquake, knockoff, uturn] ttype=normal
INFO     Sampling 3 unrevealed pokemon
INFO     	         espeon  magicbounce  choicespecs [alluringvoice, psyshock, shadowball, trick] ttype=fairy
INFO     	       sunflora  chlorophyll  choicespecs [dazzlinggleam, earthpower, leafstorm, sludgebomb] ttype=poison
INFO     	        zoroark     illusion  choicespecs [darkpulse, flamethrower, sludgebomb, trick] ttype=poison
INFO     Initializing per-node neural priors callback (Abra model)...
INFO     Neural callback already initialized
INFO     Per-node neural priors enabled
INFO     Searching for a move using PUCT MCTS with neural priors...
INFO     Sampling 2 battles at 500ms each
INFO     Computing neural priors for all battles...
INFO     Initialized StateTranslator with TeamPreviewObservationSpace
INFO     Initializing LocalPolicyProvider with model: Abra
INFO     Loading pretrained Abra model...
INFO     CUDA not available - overriding FlashAttention with VanillaAttention
[91mWarning: Using unofficial VanillaAttention implementation[0m


 		 AMAGO v3.1
            	 -------------------------
            	 Agent: MultiTaskAgent
            		 Max Sequence Length: 200
            		 TstepEncoder Type: MetamonTstepEncoder
            		 TrajEncoder Type: TformerTrajEncoder
            		 Total Parameters: 57,535,116
            		 Offline Loss Weight: 1.0
            		 Online Loss Weight: 0.0
            		 Mixed Precision: NO
            		 Checkpoint Path: /Users/yadureddy/Documents/GitHub/clean/pokeagent_ac_mcts/.metamon_cache/pretrained_models/models--jakegrigsby--metamon/snapshots/c5d1cb9abb6747066a325228845a5a8af3d12139/abra/abra/ckpts
            	 Environment:
            		 DummyAsyncVectorEnv(Gym Env x 1)
            		 Exploration Type: None
            	 Dataset: DoNothingDataset
            	 Accelerate Processes: 1 


INFO     Successfully loaded Abra model
ERROR    Error translating battle to observation: 
WARNING  Failed to get priors for battle: 
ERROR    Error translating battle to observation: 
WARNING  Failed to get priors for battle: 
INFO     Successfully computed neural priors for 0/2 battles
INFO     Using PUCT-guided move selection (priors integrated during search)...
INFO     Policy 0: icebeam visited 92.77% avg_score=0.36 sample_chance_multiplier=0.5
INFO     Policy 1: icebeam visited 98.38% avg_score=0.483 sample_chance_multiplier=0.5
INFO     Considered Choices:
INFO     	95.577%: icebeam
INFO     Choice: icebeam
INFO     Opponent has switched - clearing the last used move
INFO     tentacruel switched in, adding intimidate to impossible abilities
INFO     tentacruel switched in, adding pressure to impossible abilities
INFO     tentacruel switched in, adding neutralizinggas to impossible abilities
INFO     tentacruel switched in, adding sandstream to impossible abilities
INFO     tentacruel switched in, adding drought to impossible abilities
INFO     tentacruel switched in, adding drizzle to impossible abilities
INFO     tentacruel switched in, adding snowwarning to impossible abilities
INFO     tentacruel switched in, adding boosterenergy to impossible items
INFO     tentacruel switched in, adding airballoon to impossible items
INFO     blastoise already has the move icebeam. Decrementing the PP by 1
INFO     blastoise used a ice move, removing icegem from possible items
INFO     Setting blastoise's last used move: icebeam
INFO     blastoise used a damaging move - not guessing lifeorb anymore
INFO     blastoise did 10.0% damage to tentacruel with icebeam
INFO     tentacruel got status: frz
INFO     No longer guessing lumberry because tentacruel got status frz
INFO     tentacruel has less than maxhp during upkeep, no longer guessing leftovers or blacksludge
INFO     
INFO     Turn: 6
INFO     Sampling battle 0
INFO     	     tentacruel   liquidooze  assaultvest [knockoff, rapidspin, sludgebomb, surf] ttype=flying
INFO     	       gumshoos     stakeout   choiceband [doubleedge, earthquake, knockoff, uturn] ttype=ground
INFO     	        seviper  infiltrator    leftovers [earthquake, gunkshot, swordsdance, trailblaze] ttype=grass
INFO     Sampling 2 unrevealed pokemon
INFO     	    arceusghost    multitype  spookyplate [calmmind, focusblast, judgment, recover] ttype=fighting
INFO     	     wigglytuff  competitive    leftovers [dazzlinggleam, knockoff, protect, wish] ttype=steel
INFO     Sampling battle 1
INFO     	     tentacruel   liquidooze  assaultvest [flipturn, rapidspin, sludgebomb, surf] ttype=flying
INFO     	       gumshoos     stakeout   choiceband [doubleedge, earthquake, knockoff, uturn] ttype=ground
INFO     	        seviper  infiltrator    leftovers [earthquake, gunkshot, swordsdance, trailblaze] ttype=grass
INFO     Sampling 2 unrevealed pokemon
INFO     	     eelektross     levitate  assaultvest [closecombat, discharge, dragontail, uturn] ttype=steel
INFO     	         espeon  magicbounce      lifeorb [alluringvoice, morningsun, psychic, shadowball] ttype=fairy
INFO     Initializing per-node neural priors callback (Abra model)...
INFO     Neural callback already initialized
INFO     Per-node neural priors enabled
INFO     Searching for a move using PUCT MCTS with neural priors...
INFO     Sampling 2 battles at 500ms each
INFO     Computing neural priors for all battles...
INFO     Initialized StateTranslator with TeamPreviewObservationSpace
INFO     Initializing LocalPolicyProvider with model: Abra
INFO     Loading pretrained Abra model...
INFO     CUDA not available - overriding FlashAttention with VanillaAttention
[91mWarning: Using unofficial VanillaAttention implementation[0m


 		 AMAGO v3.1
            	 -------------------------
            	 Agent: MultiTaskAgent
            		 Max Sequence Length: 200
            		 TstepEncoder Type: MetamonTstepEncoder
            		 TrajEncoder Type: TformerTrajEncoder
            		 Total Parameters: 57,535,116
            		 Offline Loss Weight: 1.0
            		 Online Loss Weight: 0.0
            		 Mixed Precision: NO
            		 Checkpoint Path: /Users/yadureddy/Documents/GitHub/clean/pokeagent_ac_mcts/.metamon_cache/pretrained_models/models--jakegrigsby--metamon/snapshots/c5d1cb9abb6747066a325228845a5a8af3d12139/abra/abra/ckpts
            	 Environment:
            		 DummyAsyncVectorEnv(Gym Env x 1)
            		 Exploration Type: None
            	 Dataset: DoNothingDataset
            	 Accelerate Processes: 1 


INFO     Successfully loaded Abra model
ERROR    Error translating battle to observation: 
WARNING  Failed to get priors for battle: 
ERROR    Error translating battle to observation: 
WARNING  Failed to get priors for battle: 
INFO     Successfully computed neural priors for 0/2 battles
INFO     Using PUCT-guided move selection (priors integrated during search)...
INFO     Policy 0: shellsmash visited 93.75% avg_score=0.351 sample_chance_multiplier=0.5
INFO     Policy 1: shellsmash visited 83.11% avg_score=0.343 sample_chance_multiplier=0.5
INFO     Considered Choices:
INFO     	88.431%: shellsmash
INFO     Choice: shellsmash
INFO     blastoise already has the move shellsmash. Decrementing the PP by 1
INFO     blastoise using shellsmash makes it unlikely to have a choice item. Setting can_have_choice_item to False
INFO     blastoise used a status-move. Adding `assaultvest` to impossible items
INFO     Setting blastoise's last used move: shellsmash
INFO     blastoise's defense was unboosted by 1 to -1
INFO     blastoise's special-defense was unboosted by 1 to -1
INFO     blastoise's attack was boosted by 2 to 4
INFO     blastoise's special-attack was boosted by 2 to 4
INFO     blastoise's speed was boosted by 2 to 4
INFO     tentacruel has less than maxhp during upkeep, no longer guessing leftovers or blacksludge
INFO     
INFO     Turn: 7
INFO     Sampling battle 0
INFO     	     tentacruel   liquidooze  assaultvest [knockoff, rapidspin, sludgebomb, surf] ttype=flying
INFO     	       gumshoos     stakeout   choiceband [doubleedge, earthquake, knockoff, uturn] ttype=normal
INFO     	        seviper  infiltrator    leftovers [earthquake, gunkshot, swordsdance, trailblaze] ttype=ground
INFO     Sampling 2 unrevealed pokemon
INFO     	         raikou     pressure  choicespecs [scald, shadowball, thunderbolt, voltswitch] ttype=electric
INFO     	       sceptile     overgrow      lifeorb [earthquake, focusblast, leafstorm, shedtail] ttype=ground
INFO     Sampling battle 1
INFO     	     tentacruel   liquidooze  assaultvest [knockoff, rapidspin, sludgebomb, surf] ttype=flying
INFO     	       gumshoos     stakeout   choiceband [doubleedge, earthquake, knockoff, uturn] ttype=ground
INFO     	        seviper  infiltrator    leftovers [earthquake, gunkshot, swordsdance, trailblaze] ttype=ground
INFO     Sampling 2 unrevealed pokemon
INFO     	       gyarados        moxie heavydutyboots [dragondance, earthquake, temperflare, waterfall] ttype=ground
INFO     	        weavile   pickpocket   choiceband [iceshard, knockoff, lowkick, tripleaxel] ttype=ice
INFO     Initializing per-node neural priors callback (Abra model)...
INFO     Neural callback already initialized
INFO     Per-node neural priors enabled
INFO     Searching for a move using PUCT MCTS with neural priors...
INFO     Sampling 2 battles at 500ms each
INFO     Computing neural priors for all battles...
INFO     Initialized StateTranslator with TeamPreviewObservationSpace
INFO     Initializing LocalPolicyProvider with model: Abra
INFO     Loading pretrained Abra model...
INFO     CUDA not available - overriding FlashAttention with VanillaAttention
[91mWarning: Using unofficial VanillaAttention implementation[0m


 		 AMAGO v3.1
            	 -------------------------
            	 Agent: MultiTaskAgent
            		 Max Sequence Length: 200
            		 TstepEncoder Type: MetamonTstepEncoder
            		 TrajEncoder Type: TformerTrajEncoder
            		 Total Parameters: 57,535,116
            		 Offline Loss Weight: 1.0
            		 Online Loss Weight: 0.0
            		 Mixed Precision: NO
            		 Checkpoint Path: /Users/yadureddy/Documents/GitHub/clean/pokeagent_ac_mcts/.metamon_cache/pretrained_models/models--jakegrigsby--metamon/snapshots/c5d1cb9abb6747066a325228845a5a8af3d12139/abra/abra/ckpts
            	 Environment:
            		 DummyAsyncVectorEnv(Gym Env x 1)
            		 Exploration Type: None
            	 Dataset: DoNothingDataset
            	 Accelerate Processes: 1 


INFO     Successfully loaded Abra model
ERROR    Error translating battle to observation: 
WARNING  Failed to get priors for battle: 
ERROR    Error translating battle to observation: 
WARNING  Failed to get priors for battle: 
INFO     Successfully computed neural priors for 0/2 battles
INFO     Using PUCT-guided move selection (priors integrated during search)...
INFO     Policy 0: shellsmash visited 93.12% avg_score=0.385 sample_chance_multiplier=0.5
INFO     Policy 1: hydropump visited 90.33% avg_score=0.185 sample_chance_multiplier=0.5
INFO     Considered Choices:
INFO     	48.449%: shellsmash
INFO     	47.085%: hydropump
INFO     Choice: hydropump
INFO     blastoise already has the move hydropump. Decrementing the PP by 1
INFO     blastoise used a water move, removing watergem from possible items
INFO     Setting blastoise's last used move: hydropump
INFO     blastoise used a damaging move - not guessing lifeorb anymore
INFO     tentacruel has less than maxhp during upkeep, no longer guessing leftovers or blacksludge
INFO     
INFO     Turn: 8
INFO     Sampling battle 0
INFO     	     tentacruel   liquidooze  assaultvest [knockoff, rapidspin, sludgebomb, surf] ttype=flying
INFO     	       gumshoos     stakeout   choiceband [doubleedge, earthquake, knockoff, uturn] ttype=ground
INFO     	        seviper  infiltrator    leftovers [earthquake, gunkshot, swordsdance, trailblaze] ttype=ground
INFO     Sampling 2 unrevealed pokemon
INFO     	       illumise    prankster heavydutyboots [bugbuzz, encore, roost, thunderwave] ttype=water
INFO     	  braviaryhisui   tintedlens  choicespecs [esperwing, hurricane, uturn, vacuumwave] ttype=steel
INFO     Sampling battle 1
INFO     	     tentacruel   liquidooze  assaultvest [knockoff, rapidspin, sludgebomb, surf] ttype=flying
INFO     	       gumshoos adaptability   choiceband [doubleedge, earthquake, knockoff, uturn] ttype=ground
INFO     	        seviper  infiltrator    leftovers [earthquake, gunkshot, swordsdance, trailblaze] ttype=ground
INFO     Sampling 2 unrevealed pokemon
INFO     	   avalugghisui       sturdy heavydutyboots [avalanche, rapidspin, recover, stoneedge] ttype=poison
INFO     	     ironbundle   quarkdrive    leftovers [freezedry, hydropump, icebeam, substitute] ttype=ice
INFO     Initializing per-node neural priors callback (Abra model)...
INFO     Neural callback already initialized
INFO     Per-node neural priors enabled
INFO     Searching for a move using PUCT MCTS with neural priors...
INFO     Sampling 2 battles at 500ms each
INFO     Computing neural priors for all battles...
INFO     Initialized StateTranslator with TeamPreviewObservationSpace
INFO     Initializing LocalPolicyProvider with model: Abra
INFO     Loading pretrained Abra model...
INFO     CUDA not available - overriding FlashAttention with VanillaAttention
[91mWarning: Using unofficial VanillaAttention implementation[0m


 		 AMAGO v3.1
            	 -------------------------
            	 Agent: MultiTaskAgent
            		 Max Sequence Length: 200
            		 TstepEncoder Type: MetamonTstepEncoder
            		 TrajEncoder Type: TformerTrajEncoder
            		 Total Parameters: 57,535,116
            		 Offline Loss Weight: 1.0
            		 Online Loss Weight: 0.0
            		 Mixed Precision: NO
            		 Checkpoint Path: /Users/yadureddy/Documents/GitHub/clean/pokeagent_ac_mcts/.metamon_cache/pretrained_models/models--jakegrigsby--metamon/snapshots/c5d1cb9abb6747066a325228845a5a8af3d12139/abra/abra/ckpts
            	 Environment:
            		 DummyAsyncVectorEnv(Gym Env x 1)
            		 Exploration Type: None
            	 Dataset: DoNothingDataset
            	 Accelerate Processes: 1 


INFO     Successfully loaded Abra model
ERROR    Error translating battle to observation: 
WARNING  Failed to get priors for battle: 
ERROR    Error translating battle to observation: 
WARNING  Failed to get priors for battle: 
INFO     Successfully computed neural priors for 0/2 battles
INFO     Using PUCT-guided move selection (priors integrated during search)...
INFO     Policy 0: hydropump visited 77.08% avg_score=0.225 sample_chance_multiplier=0.5
INFO     Policy 1: icebeam visited 88.24% avg_score=0.283 sample_chance_multiplier=0.5
INFO     Considered Choices:
INFO     	50.208%: icebeam
INFO     	40.905%: hydropump
INFO     Choice: icebeam
INFO     blastoise already has the move icebeam. Decrementing the PP by 1
INFO     blastoise used a ice move, removing icegem from possible items
INFO     Setting blastoise's last used move: icebeam
INFO     blastoise used a damaging move - not guessing lifeorb anymore
INFO     blastoise did 17.0% damage to tentacruel with icebeam
INFO     tentacruel has less than maxhp during upkeep, no longer guessing leftovers or blacksludge
INFO     
INFO     Turn: 9
INFO     Sampling battle 0
INFO     	     tentacruel   liquidooze  assaultvest [knockoff, rapidspin, sludgebomb, surf] ttype=grass
INFO     	       gumshoos     stakeout   choiceband [doubleedge, earthquake, knockoff, uturn] ttype=normal
INFO     	        seviper  infiltrator    leftovers [earthquake, gunkshot, swordsdance, trailblaze] ttype=grass
INFO     Sampling 2 unrevealed pokemon
INFO     	      trevenant      harvest  sitrusberry [drainpunch, poltergeist, protect, toxic] ttype=steel
INFO     	        heatran    flashfire  assaultvest [earthpower, flashcannon, heavyslam, lavaplume] ttype=flying
INFO     Sampling battle 1
INFO     	     tentacruel   liquidooze  assaultvest [flipturn, rapidspin, sludgebomb, surf] ttype=grass
INFO     	       gumshoos adaptability   choiceband [doubleedge, earthquake, knockoff, uturn] ttype=ground
INFO     	        seviper  infiltrator    leftovers [earthquake, gunkshot, swordsdance, trailblaze] ttype=ground
INFO     Sampling 2 unrevealed pokemon
INFO     	         scizor   technician      lifeorb [bugbite, bulletpunch, closecombat, swordsdance] ttype=steel
INFO     	       vikavolt     levitate heavydutyboots [bugbuzz, energyball, stickyweb, thunderbolt] ttype=electric
INFO     Initializing per-node neural priors callback (Abra model)...
INFO     Neural callback already initialized
INFO     Per-node neural priors enabled
INFO     Searching for a move using PUCT MCTS with neural priors...
INFO     Sampling 2 battles at 500ms each
INFO     Computing neural priors for all battles...
INFO     Initialized StateTranslator with TeamPreviewObservationSpace
INFO     Initializing LocalPolicyProvider with model: Abra
INFO     Loading pretrained Abra model...
INFO     CUDA not available - overriding FlashAttention with VanillaAttention
[91mWarning: Using unofficial VanillaAttention implementation[0m


 		 AMAGO v3.1
            	 -------------------------
            	 Agent: MultiTaskAgent
            		 Max Sequence Length: 200
            		 TstepEncoder Type: MetamonTstepEncoder
            		 TrajEncoder Type: TformerTrajEncoder
            		 Total Parameters: 57,535,116
            		 Offline Loss Weight: 1.0
            		 Online Loss Weight: 0.0
            		 Mixed Precision: NO
            		 Checkpoint Path: /Users/yadureddy/Documents/GitHub/clean/pokeagent_ac_mcts/.metamon_cache/pretrained_models/models--jakegrigsby--metamon/snapshots/c5d1cb9abb6747066a325228845a5a8af3d12139/abra/abra/ckpts
            	 Environment:
            		 DummyAsyncVectorEnv(Gym Env x 1)
            		 Exploration Type: None
            	 Dataset: DoNothingDataset
            	 Accelerate Processes: 1 


INFO     Successfully loaded Abra model
ERROR    Error translating battle to observation: 
WARNING  Failed to get priors for battle: 
ERROR    Error translating battle to observation: 
WARNING  Failed to get priors for battle: 
INFO     Successfully computed neural priors for 0/2 battles
INFO     Using PUCT-guided move selection (priors integrated during search)...
INFO     Policy 0: hydropump visited 95.08% avg_score=0.351 sample_chance_multiplier=0.5
INFO     Policy 1: hydropump visited 91.09% avg_score=0.163 sample_chance_multiplier=0.5
INFO     Considered Choices:
INFO     	93.087%: hydropump
INFO     Choice: hydropump
INFO     Updated tentacruel's max speed to 513
INFO     blastoise already has the move hydropump. Decrementing the PP by 1
INFO     blastoise used a water move, removing watergem from possible items
INFO     Setting blastoise's last used move: hydropump
INFO     blastoise used a damaging move - not guessing lifeorb anymore
INFO     blastoise did 45.0% damage to tentacruel with hydropump
INFO     tentacruel used two different moves - it cannot have a choice item
INFO     tentacruel used a water move, removing watergem from possible items
INFO     Setting tentacruel's last used move: surf
INFO     tentacruel used a damaging move - not guessing lifeorb anymore
INFO     tentacruel did 5.04% damage to blastoise with surf
INFO     tentacruel has less than maxhp during upkeep, no longer guessing leftovers or blacksludge
INFO     Sampling battle 0
INFO     	     tentacruel   liquidooze  assaultvest [flipturn, knockoff, sludgebomb, surf] ttype=flying
INFO     	       gumshoos adaptability   choiceband [doubleedge, earthquake, knockoff, uturn] ttype=ground
INFO     	        seviper  infiltrator    leftovers [earthquake, gunkshot, swordsdance, trailblaze] ttype=ground
INFO     Sampling 2 unrevealed pokemon
INFO     	        cetitan     thickfat  sitrusberry [bellydrum, earthquake, iceshard, icespinner] ttype=ice
INFO     	   arceusground    multitype   earthplate [earthquake, extremespeed, stoneedge, swordsdance] ttype=normal
INFO     Sampling battle 1
INFO     	     tentacruel   liquidooze  assaultvest [flipturn, rapidspin, sludgebomb, surf] ttype=flying
INFO     	       gumshoos adaptability   choiceband [doubleedge, earthquake, knockoff, uturn] ttype=ground
INFO     	        seviper  infiltrator    leftovers [earthquake, gunkshot, swordsdance, trailblaze] ttype=grass
INFO     Sampling 2 unrevealed pokemon
INFO     	        shiftry    windrider      lifeorb [knockoff, leafstorm, suckerpunch, willowisp] ttype=poison
INFO     	    ironjugulis   quarkdrive    powerherb [darkpulse, earthpower, hurricane, meteorbeam] ttype=dark
INFO     Initializing per-node neural priors callback (Abra model)...
INFO     Neural callback already initialized
INFO     Per-node neural priors enabled
INFO     Searching for a move using PUCT MCTS with neural priors...
INFO     Sampling 2 battles at 500ms each
INFO     Computing neural priors for all battles...
INFO     Initialized StateTranslator with TeamPreviewObservationSpace
INFO     Initializing LocalPolicyProvider with model: Abra
INFO     Loading pretrained Abra model...
INFO     CUDA not available - overriding FlashAttention with VanillaAttention
[91mWarning: Using unofficial VanillaAttention implementation[0m


 		 AMAGO v3.1
            	 -------------------------
            	 Agent: MultiTaskAgent
            		 Max Sequence Length: 200
            		 TstepEncoder Type: MetamonTstepEncoder
            		 TrajEncoder Type: TformerTrajEncoder
            		 Total Parameters: 57,535,116
            		 Offline Loss Weight: 1.0
            		 Online Loss Weight: 0.0
            		 Mixed Precision: NO
            		 Checkpoint Path: /Users/yadureddy/Documents/GitHub/clean/pokeagent_ac_mcts/.metamon_cache/pretrained_models/models--jakegrigsby--metamon/snapshots/c5d1cb9abb6747066a325228845a5a8af3d12139/abra/abra/ckpts
            	 Environment:
            		 DummyAsyncVectorEnv(Gym Env x 1)
            		 Exploration Type: None
            	 Dataset: DoNothingDataset
            	 Accelerate Processes: 1 


INFO     Successfully loaded Abra model
ERROR    Error translating battle to observation: 
WARNING  Failed to get priors for battle: 
ERROR    Error translating battle to observation: 
WARNING  Failed to get priors for battle: 
INFO     Successfully computed neural priors for 0/2 battles
INFO     Using PUCT-guided move selection (priors integrated during search)...
INFO     Policy 0: switch lycanrocdusk visited 97.95% avg_score=0.719 sample_chance_multiplier=0.5
INFO     Policy 1: switch sandslashalola visited 98.43% avg_score=0.737 sample_chance_multiplier=0.5
INFO     Considered Choices:
INFO     	49.634%: switch sandslashalola
INFO     	49.256%: switch lycanrocdusk
INFO     Choice: switch sandslashalola
INFO     sandslashalola switched in, adding intimidate to impossible abilities
INFO     sandslashalola switched in, adding pressure to impossible abilities
INFO     sandslashalola switched in, adding neutralizinggas to impossible abilities
INFO     sandslashalola switched in, adding sandstream to impossible abilities
INFO     sandslashalola switched in, adding drought to impossible abilities
INFO     sandslashalola switched in, adding drizzle to impossible abilities
INFO     sandslashalola switched in, adding snowwarning to impossible abilities
INFO     sandslashalola switched in, adding boosterenergy to impossible items
INFO     sandslashalola switched in, adding airballoon to impossible items
INFO     
INFO     Turn: 10
INFO     Sampling battle 0
INFO     	     tentacruel   liquidooze  assaultvest [flipturn, rapidspin, sludgebomb, surf] ttype=grass
INFO     	       gumshoos adaptability   choiceband [doubleedge, earthquake, knockoff, uturn] ttype=ground
INFO     	        seviper  infiltrator    leftovers [earthquake, gunkshot, swordsdance, trailblaze] ttype=ground
INFO     Sampling 2 unrevealed pokemon
INFO     	        luvdisc    swiftswim heavydutyboots [endeavor, substitute, surf, whirlpool] ttype=ground
INFO     	       torterra     overgrow   loadeddice [bulletseed, headlongrush, rockblast, shellsmash] ttype=ground
INFO     Sampling battle 1
INFO     	     tentacruel   liquidooze  assaultvest [flipturn, rapidspin, sludgebomb, surf] ttype=flying
INFO     	       gumshoos     stakeout   choiceband [doubleedge, earthquake, knockoff, uturn] ttype=normal
INFO     	        seviper  infiltrator    leftovers [earthquake, gunkshot, swordsdance, trailblaze] ttype=ground
INFO     Sampling 2 unrevealed pokemon
INFO     	          hypno     insomnia    leftovers [focusblast, protect, psychicnoise, toxic] ttype=fighting
INFO     	       porygon2     download     eviolite [recover, shadowball, terablast, thunderwave] ttype=fighting
INFO     Initializing per-node neural priors callback (Abra model)...
INFO     Neural callback already initialized
INFO     Per-node neural priors enabled
INFO     Searching for a move using PUCT MCTS with neural priors...
INFO     Sampling 2 battles at 500ms each
INFO     Computing neural priors for all battles...
INFO     Initialized StateTranslator with TeamPreviewObservationSpace
INFO     Initializing LocalPolicyProvider with model: Abra
INFO     Loading pretrained Abra model...
INFO     CUDA not available - overriding FlashAttention with VanillaAttention
[91mWarning: Using unofficial VanillaAttention implementation[0m


 		 AMAGO v3.1
            	 -------------------------
            	 Agent: MultiTaskAgent
            		 Max Sequence Length: 200
            		 TstepEncoder Type: MetamonTstepEncoder
            		 TrajEncoder Type: TformerTrajEncoder
            		 Total Parameters: 57,535,116
            		 Offline Loss Weight: 1.0
            		 Online Loss Weight: 0.0
            		 Mixed Precision: NO
            		 Checkpoint Path: /Users/yadureddy/Documents/GitHub/clean/pokeagent_ac_mcts/.metamon_cache/pretrained_models/models--jakegrigsby--metamon/snapshots/c5d1cb9abb6747066a325228845a5a8af3d12139/abra/abra/ckpts
            	 Environment:
            		 DummyAsyncVectorEnv(Gym Env x 1)
            		 Exploration Type: None
            	 Dataset: DoNothingDataset
            	 Accelerate Processes: 1 


INFO     Successfully loaded Abra model
ERROR    Error translating battle to observation: 
WARNING  Failed to get priors for battle: 
ERROR    Error translating battle to observation: 
WARNING  Failed to get priors for battle: 
INFO     Successfully computed neural priors for 0/2 battles
INFO     Using PUCT-guided move selection (priors integrated during search)...
INFO     Policy 0: rapidspin visited 87.16% avg_score=0.71 sample_chance_multiplier=0.5
INFO     Policy 1: knockoff visited 85.79% avg_score=0.575 sample_chance_multiplier=0.5
INFO     Considered Choices:
INFO     	48.797%: rapidspin
INFO     	48.189%: knockoff
INFO     Choice: rapidspin
INFO     Updated tentacruel's min speed to 165
INFO     tentacruel already has the move surf. Decrementing the PP by 1
INFO     tentacruel used a water move, removing watergem from possible items
INFO     Setting tentacruel's last used move: surf
INFO     tentacruel used a damaging move - not guessing lifeorb anymore
INFO     tentacruel did 21.82% damage to sandslashalola with surf
INFO     sandslashalola already has the move rapidspin. Decrementing the PP by 1
INFO     sandslashalola used a normal move, removing normalgem from possible items
INFO     Setting sandslashalola's last used move: rapidspin
INFO     sandslashalola used a damaging move - not guessing lifeorb anymore
INFO     sandslashalola did 20.0% damage to tentacruel with rapidspin
INFO     sandslashalola's speed was boosted by 1 to 1
INFO     tentacruel has less than maxhp during upkeep, no longer guessing leftovers or blacksludge
INFO     
INFO     Turn: 11
INFO     Sampling battle 0
INFO     	     tentacruel   liquidooze  assaultvest [flipturn, rapidspin, sludgebomb, surf] ttype=grass
INFO     	       gumshoos     stakeout   choiceband [doubleedge, earthquake, knockoff, uturn] ttype=normal
INFO     	        seviper  infiltrator    leftovers [earthquake, gunkshot, swordsdance, trailblaze] ttype=grass
INFO     Sampling 2 unrevealed pokemon
INFO     	    basculegion adaptability  assaultvest [aquajet, flipturn, shadowball, wavecrash] ttype=water
INFO     	    kilowattrel   voltabsorb heavydutyboots [discharge, hurricane, roost, uturn] ttype=steel
INFO     Sampling battle 1
INFO     	     tentacruel   liquidooze  assaultvest [flipturn, rapidspin, sludgebomb, surf] ttype=flying
INFO     	       gumshoos adaptability   choiceband [doubleedge, earthquake, knockoff, uturn] ttype=ground
INFO     	        seviper  infiltrator    leftovers [earthquake, gunkshot, swordsdance, trailblaze] ttype=ground
INFO     Sampling 2 unrevealed pokemon
INFO     	        milotic  competitive    leftovers [haze, icebeam, recover, scald] ttype=dragon
INFO     	       camerupt    solidrock    leftovers [earthquake, overheat, stealthrock, willowisp] ttype=grass
INFO     Initializing per-node neural priors callback (Abra model)...
INFO     Neural callback already initialized
INFO     Per-node neural priors enabled
INFO     Searching for a move using PUCT MCTS with neural priors...
INFO     Sampling 2 battles at 500ms each
INFO     Computing neural priors for all battles...
INFO     Initialized StateTranslator with TeamPreviewObservationSpace
INFO     Initializing LocalPolicyProvider with model: Abra
INFO     Loading pretrained Abra model...
INFO     CUDA not available - overriding FlashAttention with VanillaAttention
[91mWarning: Using unofficial VanillaAttention implementation[0m


 		 AMAGO v3.1
            	 -------------------------
            	 Agent: MultiTaskAgent
            		 Max Sequence Length: 200
            		 TstepEncoder Type: MetamonTstepEncoder
            		 TrajEncoder Type: TformerTrajEncoder
            		 Total Parameters: 57,535,116
            		 Offline Loss Weight: 1.0
            		 Online Loss Weight: 0.0
            		 Mixed Precision: NO
            		 Checkpoint Path: /Users/yadureddy/Documents/GitHub/clean/pokeagent_ac_mcts/.metamon_cache/pretrained_models/models--jakegrigsby--metamon/snapshots/c5d1cb9abb6747066a325228845a5a8af3d12139/abra/abra/ckpts
            	 Environment:
            		 DummyAsyncVectorEnv(Gym Env x 1)
            		 Exploration Type: None
            	 Dataset: DoNothingDataset
            	 Accelerate Processes: 1 


INFO     Successfully loaded Abra model
ERROR    Error translating battle to observation: 
WARNING  Failed to get priors for battle: 
ERROR    Error translating battle to observation: 
WARNING  Failed to get priors for battle: 
INFO     Successfully computed neural priors for 0/2 battles
INFO     Using PUCT-guided move selection (priors integrated during search)...
INFO     Policy 0: rapidspin visited 55.61% avg_score=0.647 sample_chance_multiplier=0.5
INFO     Policy 1: knockoff visited 59.64% avg_score=0.464 sample_chance_multiplier=0.5
INFO     Considered Choices:
INFO     	39.985%: knockoff
INFO     	31.614%: rapidspin
INFO     Choice: knockoff
INFO     sandslashalola already has the move knockoff. Decrementing the PP by 1
INFO     sandslashalola used a dark move, removing darkgem from possible items
INFO     Setting sandslashalola's last used move: knockoff
INFO     sandslashalola used a damaging move - not guessing lifeorb anymore
INFO     sandslashalola did 8.0% damage to tentacruel with knockoff
INFO     Removing tentacruel's item: assaultvest
INFO     Setting tentacruel's removed item to assaultvest
INFO     Knockoff removed tentacruel's item
INFO     tentacruel has less than maxhp during upkeep, no longer guessing leftovers or blacksludge
INFO     Opponent has switched - clearing the last used move
INFO     krookodile switched in, adding intimidate to impossible abilities
INFO     krookodile switched in, adding pressure to impossible abilities
INFO     krookodile switched in, adding neutralizinggas to impossible abilities
INFO     krookodile switched in, adding sandstream to impossible abilities
INFO     krookodile switched in, adding drought to impossible abilities
INFO     krookodile switched in, adding drizzle to impossible abilities
INFO     krookodile switched in, adding snowwarning to impossible abilities
INFO     krookodile switched in, adding boosterenergy to impossible items
INFO     krookodile switched in, adding airballoon to impossible items
INFO     Setting krookodile's ability to intimidate
INFO     sandslashalola's attack was unboosted by 1 to -1
INFO     
INFO     Turn: 12
INFO     Sampling battle 0
INFO     	     krookodile   intimidate      lifeorb [earthquake, knockoff, stealthrock, stoneedge] ttype=ground
INFO     	       gumshoos     stakeout   choiceband [doubleedge, earthquake, knockoff, uturn] ttype=normal
INFO     	        seviper  infiltrator    leftovers [earthquake, gunkshot, swordsdance, trailblaze] ttype=ground
INFO     Sampling 1 unrevealed pokemon
INFO     	         goodra    sapsipper  assaultvest [dracometeor, earthquake, fireblast, sludgebomb] ttype=ground
INFO     Sampling battle 1
INFO     	     krookodile   intimidate      lifeorb [bulkup, earthquake, knockoff, stoneedge] ttype=ground
INFO     	       gumshoos     stakeout   choiceband [doubleedge, earthquake, knockoff, uturn] ttype=ground
INFO     	        seviper  infiltrator    leftovers [earthquake, gunkshot, swordsdance, trailblaze] ttype=grass
INFO     Sampling 1 unrevealed pokemon
INFO     	      ceruledge    weakarmor heavydutyboots [bitterblade, closecombat, poltergeist, swordsdance] ttype=ghost
INFO     Initializing per-node neural priors callback (Abra model)...
INFO     Neural callback already initialized
INFO     Per-node neural priors enabled
INFO     Searching for a move using PUCT MCTS with neural priors...
INFO     Sampling 2 battles at 500ms each
INFO     Computing neural priors for all battles...
INFO     Initialized StateTranslator with TeamPreviewObservationSpace
INFO     Initializing LocalPolicyProvider with model: Abra
INFO     Loading pretrained Abra model...
INFO     CUDA not available - overriding FlashAttention with VanillaAttention
[91mWarning: Using unofficial VanillaAttention implementation[0m


 		 AMAGO v3.1
            	 -------------------------
            	 Agent: MultiTaskAgent
            		 Max Sequence Length: 200
            		 TstepEncoder Type: MetamonTstepEncoder
            		 TrajEncoder Type: TformerTrajEncoder
            		 Total Parameters: 57,535,116
            		 Offline Loss Weight: 1.0
            		 Online Loss Weight: 0.0
            		 Mixed Precision: NO
            		 Checkpoint Path: /Users/yadureddy/Documents/GitHub/clean/pokeagent_ac_mcts/.metamon_cache/pretrained_models/models--jakegrigsby--metamon/snapshots/c5d1cb9abb6747066a325228845a5a8af3d12139/abra/abra/ckpts
            	 Environment:
            		 DummyAsyncVectorEnv(Gym Env x 1)
            		 Exploration Type: None
            	 Dataset: DoNothingDataset
            	 Accelerate Processes: 1 


INFO     Successfully loaded Abra model
ERROR    Error translating battle to observation: 
WARNING  Failed to get priors for battle: 
ERROR    Error translating battle to observation: 
WARNING  Failed to get priors for battle: 
INFO     Successfully computed neural priors for 0/2 battles
INFO     Using PUCT-guided move selection (priors integrated during search)...
INFO     Policy 0: tripleaxel visited 98.16% avg_score=0.63 sample_chance_multiplier=0.5
INFO     Policy 1: tripleaxel visited 95.71% avg_score=0.577 sample_chance_multiplier=0.5
INFO     Considered Choices:
INFO     	96.936%: tripleaxel
INFO     Choice: tripleaxel
INFO     Updated krookodile's max speed to 247
INFO     sandslashalola already has the move tripleaxel. Decrementing the PP by 1
INFO     sandslashalola used a ice move, removing icegem from possible items
INFO     Setting sandslashalola's last used move: tripleaxel
INFO     sandslashalola used a damaging move - not guessing lifeorb anymore
INFO     sandslashalola did 12.0% damage to krookodile with tripleaxel
INFO     krookodile used a ground move, removing groundgem from possible items
INFO     Setting krookodile's last used move: earthquake
INFO     krookodile used a damaging move - not guessing lifeorb anymore
INFO     krookodile did 78.18% damage to sandslashalola with earthquake
INFO     Setting krookodile's item to: lifeorb
INFO     krookodile has less than maxhp during upkeep, no longer guessing leftovers or blacksludge
INFO     Sampling battle 0
INFO     	     krookodile   intimidate      lifeorb [earthquake, gunkshot, knockoff, stealthrock] ttype=ground
INFO     	       gumshoos     stakeout   choiceband [doubleedge, earthquake, knockoff, uturn] ttype=ground
INFO     	        seviper  infiltrator    leftovers [earthquake, gunkshot, swordsdance, trailblaze] ttype=ground
INFO     Sampling 1 unrevealed pokemon
INFO     	       swampert      torrent  assaultvest [earthquake, flipturn, icebeam, knockoff] ttype=poison
INFO     Sampling battle 1
INFO     	     krookodile   intimidate      lifeorb [bulkup, earthquake, gunkshot, knockoff] ttype=poison
INFO     	       gumshoos     stakeout   choiceband [doubleedge, earthquake, knockoff, uturn] ttype=ground
INFO     	        seviper  infiltrator    leftovers [earthquake, gunkshot, swordsdance, trailblaze] ttype=ground
INFO     Sampling 1 unrevealed pokemon
INFO     	        groudon      drought    leftovers [heatcrash, precipiceblades, swordsdance, thunderwave] ttype=fire
INFO     Initializing per-node neural priors callback (Abra model)...
INFO     Neural callback already initialized
INFO     Per-node neural priors enabled
INFO     Searching for a move using PUCT MCTS with neural priors...
INFO     Sampling 2 battles at 500ms each
INFO     Computing neural priors for all battles...
INFO     Initialized StateTranslator with TeamPreviewObservationSpace
INFO     Initializing LocalPolicyProvider with model: Abra
INFO     Loading pretrained Abra model...
INFO     CUDA not available - overriding FlashAttention with VanillaAttention
[91mWarning: Using unofficial VanillaAttention implementation[0m


 		 AMAGO v3.1
            	 -------------------------
            	 Agent: MultiTaskAgent
            		 Max Sequence Length: 200
            		 TstepEncoder Type: MetamonTstepEncoder
            		 TrajEncoder Type: TformerTrajEncoder
            		 Total Parameters: 57,535,116
            		 Offline Loss Weight: 1.0
            		 Online Loss Weight: 0.0
            		 Mixed Precision: NO
            		 Checkpoint Path: /Users/yadureddy/Documents/GitHub/clean/pokeagent_ac_mcts/.metamon_cache/pretrained_models/models--jakegrigsby--metamon/snapshots/c5d1cb9abb6747066a325228845a5a8af3d12139/abra/abra/ckpts
            	 Environment:
            		 DummyAsyncVectorEnv(Gym Env x 1)
            		 Exploration Type: None
            	 Dataset: DoNothingDataset
            	 Accelerate Processes: 1 


INFO     Successfully loaded Abra model
ERROR    Error translating battle to observation: 
WARNING  Failed to get priors for battle: 
ERROR    Error translating battle to observation: 
WARNING  Failed to get priors for battle: 
INFO     Successfully computed neural priors for 0/2 battles
INFO     Using PUCT-guided move selection (priors integrated during search)...
INFO     Policy 0: switch tsareena visited 95.86% avg_score=0.709 sample_chance_multiplier=0.5
INFO     Policy 1: switch braviary visited 97.54% avg_score=0.67 sample_chance_multiplier=0.5
INFO     Considered Choices:
INFO     	49.002%: switch braviary
INFO     	48.554%: switch tsareena
INFO     Choice: switch tsareena
INFO     tsareena switched in, adding intimidate to impossible abilities
INFO     tsareena switched in, adding pressure to impossible abilities
INFO     tsareena switched in, adding neutralizinggas to impossible abilities
INFO     tsareena switched in, adding sandstream to impossible abilities
INFO     tsareena switched in, adding drought to impossible abilities
INFO     tsareena switched in, adding drizzle to impossible abilities
INFO     tsareena switched in, adding snowwarning to impossible abilities
INFO     tsareena switched in, adding boosterenergy to impossible items
INFO     tsareena switched in, adding airballoon to impossible items
INFO     
INFO     Turn: 13
INFO     Sampling battle 0
INFO     	     krookodile   intimidate      lifeorb [bulkup, earthquake, gunkshot, knockoff] ttype=poison
INFO     	       gumshoos     stakeout   choiceband [doubleedge, earthquake, knockoff, uturn] ttype=normal
INFO     	        seviper  infiltrator    leftovers [earthquake, gunkshot, swordsdance, trailblaze] ttype=grass
INFO     Sampling 1 unrevealed pokemon
INFO     	      rotomwash     levitate    leftovers [hydropump, painsplit, thunderbolt, willowisp] ttype=electric
INFO     Sampling battle 1
INFO     	     krookodile   intimidate      lifeorb [earthquake, gunkshot, knockoff, stealthrock] ttype=ground
INFO     	       gumshoos     stakeout   choiceband [doubleedge, earthquake, knockoff, uturn] ttype=normal
INFO     	        seviper  infiltrator    leftovers [earthquake, gunkshot, swordsdance, trailblaze] ttype=ground
INFO     Sampling 1 unrevealed pokemon
INFO     	squawkabillyyellow       hustle   choiceband [bravebird, doubleedge, foulplay, quickattack] ttype=flying
INFO     Initializing per-node neural priors callback (Abra model)...
INFO     Neural callback already initialized
INFO     Per-node neural priors enabled
INFO     Searching for a move using PUCT MCTS with neural priors...
INFO     Sampling 2 battles at 500ms each
INFO     Computing neural priors for all battles...
INFO     Initialized StateTranslator with TeamPreviewObservationSpace
INFO     Initializing LocalPolicyProvider with model: Abra
INFO     Loading pretrained Abra model...
INFO     CUDA not available - overriding FlashAttention with VanillaAttention
[91mWarning: Using unofficial VanillaAttention implementation[0m


 		 AMAGO v3.1
            	 -------------------------
            	 Agent: MultiTaskAgent
            		 Max Sequence Length: 200
            		 TstepEncoder Type: MetamonTstepEncoder
            		 TrajEncoder Type: TformerTrajEncoder
            		 Total Parameters: 57,535,116
            		 Offline Loss Weight: 1.0
            		 Online Loss Weight: 0.0
            		 Mixed Precision: NO
            		 Checkpoint Path: /Users/yadureddy/Documents/GitHub/clean/pokeagent_ac_mcts/.metamon_cache/pretrained_models/models--jakegrigsby--metamon/snapshots/c5d1cb9abb6747066a325228845a5a8af3d12139/abra/abra/ckpts
            	 Environment:
            		 DummyAsyncVectorEnv(Gym Env x 1)
            		 Exploration Type: None
            	 Dataset: DoNothingDataset
            	 Accelerate Processes: 1 


INFO     Successfully loaded Abra model
ERROR    Error translating battle to observation: 
WARNING  Failed to get priors for battle: 
ERROR    Error translating battle to observation: 
WARNING  Failed to get priors for battle: 
INFO     Successfully computed neural priors for 0/2 battles
INFO     Using PUCT-guided move selection (priors integrated during search)...
INFO     Policy 0: uturn visited 55.53% avg_score=0.541 sample_chance_multiplier=0.5
INFO     Policy 1: uturn visited 82.1% avg_score=0.616 sample_chance_multiplier=0.5
INFO     Considered Choices:
INFO     	68.815%: uturn
INFO     Choice: uturn
INFO     tsareena already has the move uturn. Decrementing the PP by 1
INFO     tsareena used a bug move, removing buggem from possible items
INFO     Setting tsareena's last used move: uturn
INFO     tsareena used a damaging move - not guessing lifeorb anymore
INFO     tsareena did 11.0% damage to krookodile with uturn
INFO     Sampling battle 0
INFO     	     krookodile   intimidate      lifeorb [bulkup, earthquake, gunkshot, knockoff] ttype=poison
INFO     	       gumshoos     stakeout   choiceband [doubleedge, earthquake, knockoff, uturn] ttype=normal
INFO     	        seviper  infiltrator    leftovers [earthquake, gunkshot, swordsdance, trailblaze] ttype=ground
INFO     Sampling 1 unrevealed pokemon
INFO     	         latios     levitate  choicespecs [aurasphere, dracometeor, flipturn, lusterpurge] ttype=dragon
INFO     Sampling battle 1
INFO     	     krookodile   intimidate      lifeorb [bulkup, earthquake, gunkshot, knockoff] ttype=poison
INFO     	       gumshoos adaptability   choiceband [doubleedge, earthquake, knockoff, uturn] ttype=ground
INFO     	        seviper  infiltrator    leftovers [earthquake, gunkshot, swordsdance, trailblaze] ttype=grass
INFO     Sampling 1 unrevealed pokemon
INFO     	        weavile   pickpocket heavydutyboots [iceshard, knockoff, swordsdance, tripleaxel] ttype=ice
INFO     Initializing per-node neural priors callback (Abra model)...
INFO     Neural callback already initialized
INFO     Per-node neural priors enabled
INFO     Searching for a move using PUCT MCTS with neural priors...
INFO     Sampling 2 battles at 500ms each
INFO     Computing neural priors for all battles...
INFO     Initialized StateTranslator with TeamPreviewObservationSpace
INFO     Initializing LocalPolicyProvider with model: Abra
INFO     Loading pretrained Abra model...
INFO     CUDA not available - overriding FlashAttention with VanillaAttention
[91mWarning: Using unofficial VanillaAttention implementation[0m


 		 AMAGO v3.1
            	 -------------------------
            	 Agent: MultiTaskAgent
            		 Max Sequence Length: 200
            		 TstepEncoder Type: MetamonTstepEncoder
            		 TrajEncoder Type: TformerTrajEncoder
            		 Total Parameters: 57,535,116
            		 Offline Loss Weight: 1.0
            		 Online Loss Weight: 0.0
            		 Mixed Precision: NO
            		 Checkpoint Path: /Users/yadureddy/Documents/GitHub/clean/pokeagent_ac_mcts/.metamon_cache/pretrained_models/models--jakegrigsby--metamon/snapshots/c5d1cb9abb6747066a325228845a5a8af3d12139/abra/abra/ckpts
            	 Environment:
            		 DummyAsyncVectorEnv(Gym Env x 1)
            		 Exploration Type: None
            	 Dataset: DoNothingDataset
            	 Accelerate Processes: 1 


INFO     Successfully loaded Abra model
ERROR    Error translating battle to observation: 
WARNING  Failed to get priors for battle: 
ERROR    Error translating battle to observation: 
WARNING  Failed to get priors for battle: 
INFO     Successfully computed neural priors for 0/2 battles
INFO     Using PUCT-guided move selection (priors integrated during search)...
INFO     Policy 0: switch lycanrocdusk visited 99.15% avg_score=0.775 sample_chance_multiplier=0.5
INFO     Policy 1: switch lycanrocdusk visited 99.07% avg_score=0.715 sample_chance_multiplier=0.5
INFO     Considered Choices:
INFO     	99.109%: switch lycanrocdusk
INFO     Choice: switch lycanrocdusk
INFO     lycanrocdusk switched in, adding intimidate to impossible abilities
INFO     lycanrocdusk switched in, adding pressure to impossible abilities
INFO     lycanrocdusk switched in, adding neutralizinggas to impossible abilities
INFO     lycanrocdusk switched in, adding sandstream to impossible abilities
INFO     lycanrocdusk switched in, adding drought to impossible abilities
INFO     lycanrocdusk switched in, adding drizzle to impossible abilities
INFO     lycanrocdusk switched in, adding snowwarning to impossible abilities
INFO     lycanrocdusk switched in, adding boosterenergy to impossible items
INFO     lycanrocdusk switched in, adding airballoon to impossible items
INFO     krookodile has less than maxhp during upkeep, no longer guessing leftovers or blacksludge
INFO     Opponent has switched - clearing the last used move
INFO     diancie switched in, adding intimidate to impossible abilities
INFO     diancie switched in, adding pressure to impossible abilities
INFO     diancie switched in, adding neutralizinggas to impossible abilities
INFO     diancie switched in, adding sandstream to impossible abilities
INFO     diancie switched in, adding drought to impossible abilities
INFO     diancie switched in, adding drizzle to impossible abilities
INFO     diancie switched in, adding snowwarning to impossible abilities
INFO     diancie switched in, adding boosterenergy to impossible items
INFO     diancie switched in, adding airballoon to impossible items
INFO     
INFO     Turn: 14
INFO     Sampling battle 0
INFO     	        diancie    clearbody    leftovers [calmmind, diamondstorm, drainingkiss, earthpower] ttype=water
INFO     	       gumshoos     stakeout   choiceband [doubleedge, earthquake, knockoff, uturn] ttype=normal
INFO     	        seviper  infiltrator    leftovers [earthquake, gunkshot, swordsdance, trailblaze] ttype=ground
INFO     Sampling battle 1
INFO     	        diancie    clearbody  assaultvest [bodypress, diamondstorm, earthpower, moonblast] ttype=fighting
INFO     	       gumshoos adaptability   choiceband [doubleedge, earthquake, knockoff, uturn] ttype=ground
INFO     	        seviper  infiltrator    leftovers [earthquake, gunkshot, swordsdance, trailblaze] ttype=grass
INFO     Initializing per-node neural priors callback (Abra model)...
INFO     Neural callback already initialized
INFO     Per-node neural priors enabled
INFO     Searching for a move using PUCT MCTS with neural priors...
INFO     Sampling 2 battles at 500ms each
INFO     Computing neural priors for all battles...
INFO     Initialized StateTranslator with TeamPreviewObservationSpace
INFO     Initializing LocalPolicyProvider with model: Abra
INFO     Loading pretrained Abra model...
INFO     CUDA not available - overriding FlashAttention with VanillaAttention
[91mWarning: Using unofficial VanillaAttention implementation[0m


 		 AMAGO v3.1
            	 -------------------------
            	 Agent: MultiTaskAgent
            		 Max Sequence Length: 200
            		 TstepEncoder Type: MetamonTstepEncoder
            		 TrajEncoder Type: TformerTrajEncoder
            		 Total Parameters: 57,535,116
            		 Offline Loss Weight: 1.0
            		 Online Loss Weight: 0.0
            		 Mixed Precision: NO
            		 Checkpoint Path: /Users/yadureddy/Documents/GitHub/clean/pokeagent_ac_mcts/.metamon_cache/pretrained_models/models--jakegrigsby--metamon/snapshots/c5d1cb9abb6747066a325228845a5a8af3d12139/abra/abra/ckpts
            	 Environment:
            		 DummyAsyncVectorEnv(Gym Env x 1)
            		 Exploration Type: None
            	 Dataset: DoNothingDataset
            	 Accelerate Processes: 1 


INFO     Successfully loaded Abra model
ERROR    Error translating battle to observation: 
WARNING  Failed to get priors for battle: 
ERROR    Error translating battle to observation: 
WARNING  Failed to get priors for battle: 
INFO     Successfully computed neural priors for 0/2 battles
INFO     Using PUCT-guided move selection (priors integrated during search)...
INFO     Policy 0: closecombat visited 78.39% avg_score=0.513 sample_chance_multiplier=0.5
INFO     Policy 1: stoneedge visited 96.3% avg_score=0.525 sample_chance_multiplier=0.5
INFO     Considered Choices:
INFO     	48.971%: stoneedge
INFO     	39.453%: closecombat
INFO     Choice: stoneedge
INFO     Updated diancie's max speed to 225
INFO     lycanrocdusk already has the move stoneedge. Decrementing the PP by 1
INFO     lycanrocdusk used a rock move, removing rockgem from possible items
INFO     Setting lycanrocdusk's last used move: stoneedge
INFO     lycanrocdusk used a damaging move - not guessing lifeorb anymore
INFO     lycanrocdusk did 55.00000000000001% damage to diancie with stoneedge
INFO     diancie used a rock move, removing rockgem from possible items
INFO     Setting diancie's last used move: diamondstorm
INFO     diancie used a damaging move - not guessing lifeorb anymore
INFO     diancie did 55.910000000000004% damage to lycanrocdusk with diamondstorm
INFO     Setting diancie's item to: leftovers
INFO     diancie has less than maxhp during upkeep, no longer guessing leftovers or blacksludge
INFO     
INFO     Turn: 15
INFO     Sampling battle 0
INFO     	        diancie    clearbody    leftovers [bodypress, diamondstorm, moonblast, rockpolish] ttype=fighting
INFO     	       gumshoos     stakeout   choiceband [doubleedge, earthquake, knockoff, uturn] ttype=normal
INFO     	        seviper  infiltrator    leftovers [earthquake, gunkshot, swordsdance, trailblaze] ttype=grass
INFO     Sampling battle 1
INFO     	        diancie    clearbody    leftovers [calmmind, diamondstorm, drainingkiss, earthpower] ttype=water
INFO     	       gumshoos adaptability   choiceband [doubleedge, earthquake, knockoff, uturn] ttype=ground
INFO     	        seviper  infiltrator    leftovers [earthquake, gunkshot, swordsdance, trailblaze] ttype=ground
INFO     Initializing per-node neural priors callback (Abra model)...
INFO     Neural callback already initialized
INFO     Per-node neural priors enabled
INFO     Searching for a move using PUCT MCTS with neural priors...
INFO     Sampling 2 battles at 500ms each
INFO     Computing neural priors for all battles...
INFO     Initialized StateTranslator with TeamPreviewObservationSpace
INFO     Initializing LocalPolicyProvider with model: Abra
INFO     Loading pretrained Abra model...
INFO     CUDA not available - overriding FlashAttention with VanillaAttention
[91mWarning: Using unofficial VanillaAttention implementation[0m


 		 AMAGO v3.1
            	 -------------------------
            	 Agent: MultiTaskAgent
            		 Max Sequence Length: 200
            		 TstepEncoder Type: MetamonTstepEncoder
            		 TrajEncoder Type: TformerTrajEncoder
            		 Total Parameters: 57,535,116
            		 Offline Loss Weight: 1.0
            		 Online Loss Weight: 0.0
            		 Mixed Precision: NO
            		 Checkpoint Path: /Users/yadureddy/Documents/GitHub/clean/pokeagent_ac_mcts/.metamon_cache/pretrained_models/models--jakegrigsby--metamon/snapshots/c5d1cb9abb6747066a325228845a5a8af3d12139/abra/abra/ckpts
            	 Environment:
            		 DummyAsyncVectorEnv(Gym Env x 1)
            		 Exploration Type: None
            	 Dataset: DoNothingDataset
            	 Accelerate Processes: 1 


INFO     Successfully loaded Abra model
ERROR    Error translating battle to observation: 
WARNING  Failed to get priors for battle: 
ERROR    Error translating battle to observation: 
WARNING  Failed to get priors for battle: 
INFO     Successfully computed neural priors for 0/2 battles
INFO     Using PUCT-guided move selection (priors integrated during search)...
INFO     Policy 0: stoneedge visited 99.34% avg_score=0.722 sample_chance_multiplier=0.5
INFO     Policy 1: stoneedge visited 99.35% avg_score=0.726 sample_chance_multiplier=0.5
INFO     Considered Choices:
INFO     	99.345%: stoneedge
INFO     Choice: stoneedge
INFO     lycanrocdusk already has the move stoneedge. Decrementing the PP by 1
INFO     lycanrocdusk used a rock move, removing rockgem from possible items
INFO     Setting lycanrocdusk's last used move: stoneedge
INFO     lycanrocdusk used a damaging move - not guessing lifeorb anymore
INFO     lycanrocdusk did 51.0% damage to diancie with stoneedge
INFO     diancie has less than maxhp during upkeep, no longer guessing leftovers or blacksludge
INFO     Opponent has switched - clearing the last used move
INFO     
INFO     Turn: 16
INFO     Sampling battle 0
INFO     	        seviper  infiltrator    leftovers [earthquake, gunkshot, swordsdance, trailblaze] ttype=grass
INFO     	       gumshoos adaptability   choiceband [doubleedge, earthquake, knockoff, uturn] ttype=ground
INFO     Sampling battle 1
INFO     	        seviper  infiltrator    leftovers [earthquake, gunkshot, swordsdance, trailblaze] ttype=ground
INFO     	       gumshoos     stakeout   choiceband [doubleedge, earthquake, knockoff, uturn] ttype=ground
INFO     Initializing per-node neural priors callback (Abra model)...
INFO     Neural callback already initialized
INFO     Per-node neural priors enabled
INFO     Searching for a move using PUCT MCTS with neural priors...
INFO     Sampling 2 battles at 500ms each
INFO     Computing neural priors for all battles...
INFO     Initialized StateTranslator with TeamPreviewObservationSpace
INFO     Initializing LocalPolicyProvider with model: Abra
INFO     Loading pretrained Abra model...
INFO     CUDA not available - overriding FlashAttention with VanillaAttention
[91mWarning: Using unofficial VanillaAttention implementation[0m


 		 AMAGO v3.1
            	 -------------------------
            	 Agent: MultiTaskAgent
            		 Max Sequence Length: 200
            		 TstepEncoder Type: MetamonTstepEncoder
            		 TrajEncoder Type: TformerTrajEncoder
            		 Total Parameters: 57,535,116
            		 Offline Loss Weight: 1.0
            		 Online Loss Weight: 0.0
            		 Mixed Precision: NO
            		 Checkpoint Path: /Users/yadureddy/Documents/GitHub/clean/pokeagent_ac_mcts/.metamon_cache/pretrained_models/models--jakegrigsby--metamon/snapshots/c5d1cb9abb6747066a325228845a5a8af3d12139/abra/abra/ckpts
            	 Environment:
            		 DummyAsyncVectorEnv(Gym Env x 1)
            		 Exploration Type: None
            	 Dataset: DoNothingDataset
            	 Accelerate Processes: 1 


INFO     Successfully loaded Abra model
ERROR    Error translating battle to observation: 
WARNING  Failed to get priors for battle: 
ERROR    Error translating battle to observation: 
WARNING  Failed to get priors for battle: 
INFO     Successfully computed neural priors for 0/2 battles
INFO     Using PUCT-guided move selection (priors integrated during search)...
INFO     Policy 0: stoneedge visited 99.75% avg_score=0.957 sample_chance_multiplier=0.5
INFO     Policy 1: stoneedge visited 99.73% avg_score=0.952 sample_chance_multiplier=0.5
INFO     Considered Choices:
INFO     	99.738%: stoneedge
INFO     Choice: stoneedge
INFO     lycanrocdusk already has the move stoneedge. Decrementing the PP by 1
INFO     lycanrocdusk used a rock move, removing rockgem from possible items
INFO     Setting lycanrocdusk's last used move: stoneedge
INFO     lycanrocdusk used a damaging move - not guessing lifeorb anymore
INFO     lycanrocdusk did 32.0% damage to seviper with stoneedge
INFO     seviper has less than maxhp during upkeep, no longer guessing leftovers or blacksludge
INFO     Opponent has switched - clearing the last used move
INFO     
INFO     Turn: 17
INFO     Sampling battle 0
INFO     	       gumshoos     stakeout   choiceband [doubleedge, earthquake, knockoff, uturn] ttype=normal
INFO     Sampling battle 1
INFO     	       gumshoos     stakeout   choiceband [doubleedge, earthquake, knockoff, uturn] ttype=normal
INFO     Initializing per-node neural priors callback (Abra model)...
INFO     Neural callback already initialized
INFO     Per-node neural priors enabled
INFO     Searching for a move using PUCT MCTS with neural priors...
INFO     Sampling 2 battles at 500ms each
INFO     Computing neural priors for all battles...
INFO     Initialized StateTranslator with TeamPreviewObservationSpace
INFO     Initializing LocalPolicyProvider with model: Abra
INFO     Loading pretrained Abra model...
INFO     CUDA not available - overriding FlashAttention with VanillaAttention
[91mWarning: Using unofficial VanillaAttention implementation[0m


 		 AMAGO v3.1
            	 -------------------------
            	 Agent: MultiTaskAgent
            		 Max Sequence Length: 200
            		 TstepEncoder Type: MetamonTstepEncoder
            		 TrajEncoder Type: TformerTrajEncoder
            		 Total Parameters: 57,535,116
            		 Offline Loss Weight: 1.0
            		 Online Loss Weight: 0.0
            		 Mixed Precision: NO
            		 Checkpoint Path: /Users/yadureddy/Documents/GitHub/clean/pokeagent_ac_mcts/.metamon_cache/pretrained_models/models--jakegrigsby--metamon/snapshots/c5d1cb9abb6747066a325228845a5a8af3d12139/abra/abra/ckpts
            	 Environment:
            		 DummyAsyncVectorEnv(Gym Env x 1)
            		 Exploration Type: None
            	 Dataset: DoNothingDataset
            	 Accelerate Processes: 1 


INFO     Successfully loaded Abra model
ERROR    Error translating battle to observation: 
WARNING  Failed to get priors for battle: 
ERROR    Error translating battle to observation: 
WARNING  Failed to get priors for battle: 
INFO     Successfully computed neural priors for 0/2 battles
INFO     Using PUCT-guided move selection (priors integrated during search)...
INFO     Policy 0: stoneedge visited 97.11% avg_score=0.997 sample_chance_multiplier=0.5
INFO     Policy 1: stoneedge visited 97.05% avg_score=0.997 sample_chance_multiplier=0.5
INFO     Considered Choices:
INFO     	97.078%: stoneedge
INFO     Choice: stoneedge
INFO     Updated gumshoos's max speed to 171
INFO     lycanrocdusk already has the move stoneedge. Decrementing the PP by 1
INFO     lycanrocdusk used a rock move, removing rockgem from possible items
INFO     Setting lycanrocdusk's last used move: stoneedge
INFO     lycanrocdusk used a damaging move - not guessing lifeorb anymore
INFO     lycanrocdusk did 61.0% damage to gumshoos with stoneedge
INFO     gumshoos already has the move uturn. Decrementing the PP by 1
INFO     gumshoos used a bug move, removing buggem from possible items
INFO     Setting gumshoos's last used move: uturn
INFO     gumshoos used a damaging move - not guessing lifeorb anymore
INFO     gumshoos did 44.09% damage to lycanrocdusk with uturn
INFO     gumshoos has less than maxhp during upkeep, no longer guessing leftovers or blacksludge
INFO     Sampling battle 0
INFO     	       gumshoos     stakeout   choiceband [doubleedge, earthquake, knockoff, uturn] ttype=ground
INFO     Sampling battle 1
INFO     	       gumshoos     stakeout   choiceband [doubleedge, earthquake, knockoff, uturn] ttype=normal
INFO     Initializing per-node neural priors callback (Abra model)...
INFO     Neural callback already initialized
INFO     Per-node neural priors enabled
INFO     Searching for a move using PUCT MCTS with neural priors...
INFO     Sampling 2 battles at 500ms each
INFO     Computing neural priors for all battles...
INFO     Initialized StateTranslator with TeamPreviewObservationSpace
INFO     Initializing LocalPolicyProvider with model: Abra
INFO     Loading pretrained Abra model...
INFO     CUDA not available - overriding FlashAttention with VanillaAttention
[91mWarning: Using unofficial VanillaAttention implementation[0m


 		 AMAGO v3.1
            	 -------------------------
            	 Agent: MultiTaskAgent
            		 Max Sequence Length: 200
            		 TstepEncoder Type: MetamonTstepEncoder
            		 TrajEncoder Type: TformerTrajEncoder
            		 Total Parameters: 57,535,116
            		 Offline Loss Weight: 1.0
            		 Online Loss Weight: 0.0
            		 Mixed Precision: NO
            		 Checkpoint Path: /Users/yadureddy/Documents/GitHub/clean/pokeagent_ac_mcts/.metamon_cache/pretrained_models/models--jakegrigsby--metamon/snapshots/c5d1cb9abb6747066a325228845a5a8af3d12139/abra/abra/ckpts
            	 Environment:
            		 DummyAsyncVectorEnv(Gym Env x 1)
            		 Exploration Type: None
            	 Dataset: DoNothingDataset
            	 Accelerate Processes: 1 


INFO     Successfully loaded Abra model
ERROR    Error translating battle to observation: 
WARNING  Failed to get priors for battle: 
ERROR    Error translating battle to observation: 
WARNING  Failed to get priors for battle: 
INFO     Successfully computed neural priors for 0/2 battles
INFO     Using PUCT-guided move selection (priors integrated during search)...
INFO     Policy 0: switch tsareena visited 41.68% avg_score=0.999 sample_chance_multiplier=0.5
INFO     Policy 1: switch tsareena visited 41.55% avg_score=0.999 sample_chance_multiplier=0.5
INFO     Considered Choices:
INFO     	41.617%: switch tsareena
INFO     Choice: switch tsareena
INFO     
INFO     Turn: 18
INFO     Sampling battle 0
INFO     	       gumshoos     stakeout   choiceband [doubleedge, earthquake, knockoff, uturn] ttype=normal
INFO     Sampling battle 1
INFO     	       gumshoos     stakeout   choiceband [doubleedge, earthquake, knockoff, uturn] ttype=normal
INFO     Initializing per-node neural priors callback (Abra model)...
INFO     Neural callback already initialized
INFO     Per-node neural priors enabled
INFO     Searching for a move using PUCT MCTS with neural priors...
INFO     Sampling 2 battles at 500ms each
INFO     Computing neural priors for all battles...
INFO     Initialized StateTranslator with TeamPreviewObservationSpace
INFO     Initializing LocalPolicyProvider with model: Abra
INFO     Loading pretrained Abra model...
INFO     CUDA not available - overriding FlashAttention with VanillaAttention
[91mWarning: Using unofficial VanillaAttention implementation[0m


 		 AMAGO v3.1
            	 -------------------------
            	 Agent: MultiTaskAgent
            		 Max Sequence Length: 200
            		 TstepEncoder Type: MetamonTstepEncoder
            		 TrajEncoder Type: TformerTrajEncoder
            		 Total Parameters: 57,535,116
            		 Offline Loss Weight: 1.0
            		 Online Loss Weight: 0.0
            		 Mixed Precision: NO
            		 Checkpoint Path: /Users/yadureddy/Documents/GitHub/clean/pokeagent_ac_mcts/.metamon_cache/pretrained_models/models--jakegrigsby--metamon/snapshots/c5d1cb9abb6747066a325228845a5a8af3d12139/abra/abra/ckpts
            	 Environment:
            		 DummyAsyncVectorEnv(Gym Env x 1)
            		 Exploration Type: None
            	 Dataset: DoNothingDataset
            	 Accelerate Processes: 1 


INFO     Successfully loaded Abra model
ERROR    Error translating battle to observation: 
WARNING  Failed to get priors for battle: 
ERROR    Error translating battle to observation: 
WARNING  Failed to get priors for battle: 
INFO     Successfully computed neural priors for 0/2 battles
INFO     Using PUCT-guided move selection (priors integrated during search)...
INFO     Policy 0: knockoff visited 32.3% avg_score=1.0 sample_chance_multiplier=0.5
INFO     Policy 1: knockoff visited 32.26% avg_score=1.0 sample_chance_multiplier=0.5
INFO     Considered Choices:
INFO     	32.279%: knockoff
INFO     	32.275%: uturn
INFO     Choice: knockoff
INFO     Winner: NeuralMCTS
INFO     Won with team: None
INFO     W: 2	L: 2
INFO     Searching for ranked gen9randombattle match
INFO     Initialized battle-gen9randombattle-85 against: VanillaMCTS
INFO     Opponent has switched - clearing the last used move
INFO     vigoroth switched in, adding intimidate to impossible abilities
INFO     vigoroth switched in, adding pressure to impossible abilities
INFO     vigoroth switched in, adding neutralizinggas to impossible abilities
INFO     vigoroth switched in, adding sandstream to impossible abilities
INFO     vigoroth switched in, adding drought to impossible abilities
INFO     vigoroth switched in, adding drizzle to impossible abilities
INFO     vigoroth switched in, adding snowwarning to impossible abilities
INFO     vigoroth switched in, adding boosterenergy to impossible items
INFO     vigoroth switched in, adding airballoon to impossible items
INFO     
INFO     Turn: 1
INFO     Sampling battle 0
INFO     	       vigoroth  vitalspirit     eviolite [bodyslam, bulkup, earthquake, slackoff] ttype=ground
INFO     Sampling 5 unrevealed pokemon
INFO     	         swalot   liquidooze    leftovers [encore, knockoff, painsplit, sludgebomb] ttype=dark
INFO     	 ninetalesalola  snowwarning    lightclay [auroraveil, blizzard, encore, moonblast] ttype=steel
INFO     	       cyclizar  regenerator heavydutyboots [dracometeor, knockoff, rapidspin, shedtail] ttype=fairy
INFO     	  zaciancrowned intrepidsword  rustedsword [behemothblade, closecombat, playrough, swordsdance] ttype=fighting
INFO     	         gengar   cursedbody      lifeorb [focusblast, shadowball, sludgewave, willowisp] ttype=fighting
INFO     Sampling battle 1
INFO     	       vigoroth  vitalspirit     eviolite [bodyslam, bulkup, knockoff, slackoff] ttype=ghost
INFO     Sampling 5 unrevealed pokemon
INFO     	    basculegion adaptability  assaultvest [aquajet, flipturn, shadowball, wavecrash] ttype=water
INFO     	        grumpig     thickfat    leftovers [dazzlinggleam, earthpower, nastyplot, psyshock] ttype=ground
INFO     	      hydreigon     levitate      lifeorb [darkpulse, dracometeor, flashcannon, nastyplot] ttype=steel
INFO     	     feraligatr   sheerforce      lifeorb [crunch, dragondance, icepunch, liquidation] ttype=dark
INFO     	    kyuremwhite   turboblaze  choicescarf [dracometeor, freezedry, fusionflare, icebeam] ttype=ice
INFO     Sampling battle 2
INFO     	       vigoroth  vitalspirit     eviolite [bodyslam, bulkup, earthquake, slackoff] ttype=ground
INFO     Sampling 5 unrevealed pokemon
INFO     	      meowsticf  competitive      lifeorb [alluringvoice, darkpulse, nastyplot, psyshock] ttype=dark
INFO     	      arceusice    multitype  icicleplate [calmmind, judgment, recover, thunderbolt] ttype=electric
INFO     	  oricoriosensu       dancer heavydutyboots [hurricane, quiverdance, revelationdance, roost] ttype=ghost
INFO     	    roaringmoon protosynthesis     lumberry [dragondance, ironhead, knockoff, outrage] ttype=dark
INFO     	squawkabillyyellow       hustle heavydutyboots [bravebird, foulplay, partingshot, quickattack] ttype=flying
INFO     Sampling battle 3
INFO     	       vigoroth  vitalspirit     eviolite [bodyslam, bulkup, earthquake, slackoff] ttype=ground
INFO     Sampling 5 unrevealed pokemon
INFO     	         klefki    prankster    leftovers [dazzlinggleam, foulplay, spikes, thunderwave] ttype=water
INFO     	      hippowdon   sandstream  rockyhelmet [earthquake, slackoff, stealthrock, stoneedge] ttype=dragon
INFO     	       tinkaton  moldbreaker    leftovers [encore, gigatonhammer, playrough, thunderwave] ttype=water
INFO     	      regigigas    slowstart    leftovers [bodyslam, knockoff, protect, substitute] ttype=poison
INFO     	      armarouge    weakarmor  choicespecs [armorcannon, aurasphere, energyball, psyshock] ttype=fighting
INFO     Initializing per-node neural priors callback (Abra model)...
INFO     Neural callback already initialized
INFO     Per-node neural priors enabled
INFO     Searching for a move using PUCT MCTS with neural priors...
INFO     Sampling 4 battles at 250ms each
INFO     Computing neural priors for all battles...
INFO     Initialized StateTranslator with TeamPreviewObservationSpace
INFO     Initializing LocalPolicyProvider with model: Abra
INFO     Loading pretrained Abra model...
INFO     CUDA not available - overriding FlashAttention with VanillaAttention
[91mWarning: Using unofficial VanillaAttention implementation[0m


 		 AMAGO v3.1
            	 -------------------------
            	 Agent: MultiTaskAgent
            		 Max Sequence Length: 200
            		 TstepEncoder Type: MetamonTstepEncoder
            		 TrajEncoder Type: TformerTrajEncoder
            		 Total Parameters: 57,535,116
            		 Offline Loss Weight: 1.0
            		 Online Loss Weight: 0.0
            		 Mixed Precision: NO
            		 Checkpoint Path: /Users/yadureddy/Documents/GitHub/clean/pokeagent_ac_mcts/.metamon_cache/pretrained_models/models--jakegrigsby--metamon/snapshots/c5d1cb9abb6747066a325228845a5a8af3d12139/abra/abra/ckpts
            	 Environment:
            		 DummyAsyncVectorEnv(Gym Env x 1)
            		 Exploration Type: None
            	 Dataset: DoNothingDataset
            	 Accelerate Processes: 1 


INFO     Successfully loaded Abra model
ERROR    Error translating battle to observation: 
WARNING  Failed to get priors for battle: 
ERROR    Error translating battle to observation: 
WARNING  Failed to get priors for battle: 
ERROR    Error translating battle to observation: 
WARNING  Failed to get priors for battle: 
ERROR    Error translating battle to observation: 
WARNING  Failed to get priors for battle: 
INFO     Successfully computed neural priors for 0/4 battles
INFO     Using PUCT-guided move selection (priors integrated during search)...
INFO     Policy 0: hurricane visited 67.62% avg_score=0.383 sample_chance_multiplier=0.25
INFO     Policy 1: switch lilligant visited 80.11% avg_score=0.392 sample_chance_multiplier=0.25
INFO     Policy 2: hurricane visited 76.29% avg_score=0.387 sample_chance_multiplier=0.25
INFO     Policy 3: hurricane visited 40.75% avg_score=0.401 sample_chance_multiplier=0.25
INFO     Considered Choices:
INFO     	46.691%: hurricane
INFO     Choice: hurricane
INFO     Updated vigoroth's min speed to 191
INFO     vigoroth using bulkup makes it unlikely to have a choice item. Setting can_have_choice_item to False
INFO     vigoroth used a status-move. Adding `assaultvest` to impossible items
INFO     Setting vigoroth's last used move: bulkup
INFO     vigoroth's attack was boosted by 1 to 1
INFO     vigoroth's defense was boosted by 1 to 1
INFO     kingdra already has the move hurricane. Decrementing the PP by 1
INFO     kingdra used a flying move, removing flyinggem from possible items
INFO     Setting kingdra's last used move: hurricane
INFO     kingdra used a damaging move - not guessing lifeorb anymore
INFO     kingdra did 32.0% damage to vigoroth with hurricane
INFO     Setting kingdra's item to: lifeorb
INFO     vigoroth has less than maxhp during upkeep, no longer guessing leftovers or blacksludge
INFO     
INFO     Turn: 2
INFO     Sampling battle 0
INFO     	       vigoroth  vitalspirit     eviolite [bodyslam, bulkup, earthquake, slackoff] ttype=ground
INFO     Sampling 5 unrevealed pokemon
INFO     	        okidogi   toxicchain    leftovers [bulkup, drainpunch, gunkshot, knockoff] ttype=dark
INFO     	      sudowoodo     rockhead    leftovers [headsmash, stealthrock, suckerpunch, woodhammer] ttype=grass
INFO     	        umbreon  synchronize    leftovers [foulplay, protect, toxic, wish] ttype=poison
INFO     	         swalot   liquidooze    leftovers [clearsmog, knockoff, painsplit, sludgebomb] ttype=dark
INFO     	        noctowl   tintedlens heavydutyboots [defog, hurricane, hypervoice, roost] ttype=steel
INFO     Sampling battle 1
INFO     	       vigoroth  vitalspirit     eviolite [bodyslam, bulkup, earthquake, slackoff] ttype=ground
INFO     Sampling 5 unrevealed pokemon
INFO     	      decidueye     overgrow heavydutyboots [defog, leafstorm, roost, spiritshackle] ttype=ghost
INFO     	        wugtrio        gooey   choiceband [aquajet, liquidation, stompingtantrum, throatchop] ttype=dark
INFO     	          rotom     levitate  choicescarf [shadowball, thunderbolt, trick, voltswitch] ttype=electric
INFO     	     hitmonchan     ironfist    leftovers [bulkup, drainpunch, knockoff, poisonjab] ttype=steel
INFO     	         lapras  waterabsorb heavydutyboots [freezedry, rest, sleeptalk, sparklingaria] ttype=ground
INFO     Initializing per-node neural priors callback (Abra model)...
INFO     Neural callback already initialized
INFO     Per-node neural priors enabled
INFO     Searching for a move using PUCT MCTS with neural priors...
INFO     Sampling 2 battles at 500ms each
INFO     Computing neural priors for all battles...
INFO     Initialized StateTranslator with TeamPreviewObservationSpace
INFO     Initializing LocalPolicyProvider with model: Abra
INFO     Loading pretrained Abra model...
INFO     CUDA not available - overriding FlashAttention with VanillaAttention
[91mWarning: Using unofficial VanillaAttention implementation[0m


 		 AMAGO v3.1
            	 -------------------------
            	 Agent: MultiTaskAgent
            		 Max Sequence Length: 200
            		 TstepEncoder Type: MetamonTstepEncoder
            		 TrajEncoder Type: TformerTrajEncoder
            		 Total Parameters: 57,535,116
            		 Offline Loss Weight: 1.0
            		 Online Loss Weight: 0.0
            		 Mixed Precision: NO
            		 Checkpoint Path: /Users/yadureddy/Documents/GitHub/clean/pokeagent_ac_mcts/.metamon_cache/pretrained_models/models--jakegrigsby--metamon/snapshots/c5d1cb9abb6747066a325228845a5a8af3d12139/abra/abra/ckpts
            	 Environment:
            		 DummyAsyncVectorEnv(Gym Env x 1)
            		 Exploration Type: None
            	 Dataset: DoNothingDataset
            	 Accelerate Processes: 1 


INFO     Successfully loaded Abra model
ERROR    Error translating battle to observation: 
WARNING  Failed to get priors for battle: 
ERROR    Error translating battle to observation: 
WARNING  Failed to get priors for battle: 
INFO     Successfully computed neural priors for 0/2 battles
INFO     Using PUCT-guided move selection (priors integrated during search)...
INFO     Policy 0: switch calyrexshadow visited 41.11% avg_score=0.425 sample_chance_multiplier=0.5
INFO     Policy 1: hurricane visited 61.29% avg_score=0.423 sample_chance_multiplier=0.5
INFO     Considered Choices:
INFO     	43.316%: hurricane
INFO     Choice: hurricane
INFO     Updated vigoroth's min speed to 191
INFO     vigoroth used two different moves - it cannot have a choice item
INFO     vigoroth used a normal move, removing normalgem from possible items
INFO     Setting vigoroth's last used move: bodyslam
INFO     vigoroth used a damaging move - not guessing lifeorb anymore
INFO     vigoroth did 44.87% damage to kingdra with bodyslam
INFO     kingdra got status: par
INFO     No longer guessing lumberry because kingdra got status par
INFO     kingdra already has the move hurricane. Decrementing the PP by 1
INFO     kingdra used a flying move, removing flyinggem from possible items
INFO     Setting kingdra's last used move: hurricane
INFO     kingdra used a damaging move - not guessing lifeorb anymore
INFO     kingdra did 37.0% damage to vigoroth with hurricane
INFO     Setting kingdra's item to: lifeorb
INFO     vigoroth has less than maxhp during upkeep, no longer guessing leftovers or blacksludge
INFO     
INFO     Turn: 3
INFO     Sampling battle 0
INFO     	       vigoroth  vitalspirit     eviolite [bodyslam, bulkup, earthquake, slackoff] ttype=ground
INFO     Sampling 5 unrevealed pokemon
INFO     	         gogoat    sapsipper    leftovers [bulkup, hornleech, milkdrink, rockslide] ttype=water
INFO     	    walkingwake protosynthesis      lifeorb [dracometeor, flamethrower, hydrosteam, sunnyday] ttype=fire
INFO     	        suicune     pressure    leftovers [calmmind, rest, scald, sleeptalk] ttype=dragon
INFO     	         zarude    leafguard    leftovers [knockoff, powerwhip, swordsdance, synthesis] ttype=dark
INFO     	     ironthorns   quarkdrive  assaultvest [earthquake, stoneedge, voltswitch, wildcharge] ttype=flying
INFO     Sampling battle 1
INFO     	       vigoroth  vitalspirit     eviolite [bodyslam, bulkup, earthquake, slackoff] ttype=ground
INFO     Sampling 5 unrevealed pokemon
INFO     	     ironthorns   quarkdrive heavydutyboots [stealthrock, stoneedge, voltswitch, wildcharge] ttype=grass
INFO     	         minior  shieldsdown    whiteherb [acrobatics, earthquake, powergem, shellsmash] ttype=water
INFO     	       greninja      protean      lifeorb [darkpulse, grassknot, gunkshot, hydropump] ttype=dark
INFO     	          lokix   tintedlens      lifeorb [firstimpression, knockoff, leechlife, suckerpunch] ttype=bug
INFO     	      arceusbug    multitype  insectplate [calmmind, fireblast, judgment, recover] ttype=fire
INFO     Initializing per-node neural priors callback (Abra model)...
INFO     Neural callback already initialized
INFO     Per-node neural priors enabled
INFO     Searching for a move using PUCT MCTS with neural priors...
INFO     Sampling 2 battles at 500ms each
INFO     Computing neural priors for all battles...
INFO     Initialized StateTranslator with TeamPreviewObservationSpace
INFO     Initializing LocalPolicyProvider with model: Abra
INFO     Loading pretrained Abra model...
INFO     CUDA not available - overriding FlashAttention with VanillaAttention
[91mWarning: Using unofficial VanillaAttention implementation[0m


 		 AMAGO v3.1
            	 -------------------------
            	 Agent: MultiTaskAgent
            		 Max Sequence Length: 200
            		 TstepEncoder Type: MetamonTstepEncoder
            		 TrajEncoder Type: TformerTrajEncoder
            		 Total Parameters: 57,535,116
            		 Offline Loss Weight: 1.0
            		 Online Loss Weight: 0.0
            		 Mixed Precision: NO
            		 Checkpoint Path: /Users/yadureddy/Documents/GitHub/clean/pokeagent_ac_mcts/.metamon_cache/pretrained_models/models--jakegrigsby--metamon/snapshots/c5d1cb9abb6747066a325228845a5a8af3d12139/abra/abra/ckpts
            	 Environment:
            		 DummyAsyncVectorEnv(Gym Env x 1)
            		 Exploration Type: None
            	 Dataset: DoNothingDataset
            	 Accelerate Processes: 1 


INFO     Successfully loaded Abra model
ERROR    Error translating battle to observation: 
WARNING  Failed to get priors for battle: 
ERROR    Error translating battle to observation: 
WARNING  Failed to get priors for battle: 
INFO     Successfully computed neural priors for 0/2 battles
INFO     Using PUCT-guided move selection (priors integrated during search)...
INFO     Policy 0: switch golurk visited 38.42% avg_score=0.366 sample_chance_multiplier=0.5
INFO     Policy 1: switch lilligant visited 86.64% avg_score=0.38 sample_chance_multiplier=0.5
INFO     Considered Choices:
INFO     	45.798%: switch lilligant
INFO     Choice: switch lilligant
INFO     lilligant switched in, adding intimidate to impossible abilities
INFO     lilligant switched in, adding pressure to impossible abilities
INFO     lilligant switched in, adding neutralizinggas to impossible abilities
INFO     lilligant switched in, adding sandstream to impossible abilities
INFO     lilligant switched in, adding drought to impossible abilities
INFO     lilligant switched in, adding drizzle to impossible abilities
INFO     lilligant switched in, adding snowwarning to impossible abilities
INFO     lilligant switched in, adding boosterenergy to impossible items
INFO     lilligant switched in, adding airballoon to impossible items
INFO     vigoroth used two different moves - it cannot have a choice item
INFO     vigoroth used a status-move. Adding `assaultvest` to impossible items
INFO     Setting vigoroth's last used move: slackoff
INFO     vigoroth has less than maxhp during upkeep, no longer guessing leftovers or blacksludge
INFO     
INFO     Turn: 4
INFO     Sampling battle 0
INFO     	       vigoroth  vitalspirit     eviolite [bodyslam, bulkup, knockoff, slackoff] ttype=ghost
INFO     Sampling 5 unrevealed pokemon
INFO     	       espathra   speedboost    leftovers [calmmind, dazzlinggleam, protect, storedpower] ttype=fairy
INFO     	        darkrai    baddreams    leftovers [darkpulse, nastyplot, sludgebomb, substitute] ttype=poison
INFO     	        dugtrio    arenatrap    focussash [earthquake, stoneedge, suckerpunch, swordsdance] ttype=dark
INFO     	        lanturn   voltabsorb  choicespecs [icebeam, scald, thunderbolt, voltswitch] ttype=flying
INFO     	   avalugghisui       sturdy heavydutyboots [avalanche, bodypress, recover, stoneedge] ttype=ghost
INFO     Sampling battle 1
INFO     	       vigoroth  vitalspirit     eviolite [bodyslam, bulkup, earthquake, slackoff] ttype=ground
INFO     Sampling 5 unrevealed pokemon
INFO     	       ursaluna         guts     flameorb [facade, headlongrush, throatchop, trailblaze] ttype=normal
INFO     	           hooh  regenerator heavydutyboots [bravebird, earthquake, recover, sacredfire] ttype=steel
INFO     	        jolteon   voltabsorb    leftovers [calmmind, substitute, terablast, thunderbolt] ttype=ice
INFO     	        grumpig     thickfat  choicescarf [earthpower, psyshock, shadowball, trick] ttype=ground
INFO     	       granbull   intimidate    leftovers [earthquake, encore, playrough, thunderwave] ttype=ground
INFO     Initializing per-node neural priors callback (Abra model)...
INFO     Neural callback already initialized
INFO     Per-node neural priors enabled
INFO     Searching for a move using PUCT MCTS with neural priors...
INFO     Sampling 2 battles at 500ms each
INFO     Computing neural priors for all battles...
INFO     Initialized StateTranslator with TeamPreviewObservationSpace
INFO     Initializing LocalPolicyProvider with model: Abra
INFO     Loading pretrained Abra model...
INFO     CUDA not available - overriding FlashAttention with VanillaAttention
[91mWarning: Using unofficial VanillaAttention implementation[0m


 		 AMAGO v3.1
            	 -------------------------
            	 Agent: MultiTaskAgent
            		 Max Sequence Length: 200
            		 TstepEncoder Type: MetamonTstepEncoder
            		 TrajEncoder Type: TformerTrajEncoder
            		 Total Parameters: 57,535,116
            		 Offline Loss Weight: 1.0
            		 Online Loss Weight: 0.0
            		 Mixed Precision: NO
            		 Checkpoint Path: /Users/yadureddy/Documents/GitHub/clean/pokeagent_ac_mcts/.metamon_cache/pretrained_models/models--jakegrigsby--metamon/snapshots/c5d1cb9abb6747066a325228845a5a8af3d12139/abra/abra/ckpts
            	 Environment:
            		 DummyAsyncVectorEnv(Gym Env x 1)
            		 Exploration Type: None
            	 Dataset: DoNothingDataset
            	 Accelerate Processes: 1 


INFO     Successfully loaded Abra model
ERROR    Error translating battle to observation: 
WARNING  Failed to get priors for battle: 
ERROR    Error translating battle to observation: 
WARNING  Failed to get priors for battle: 
INFO     Successfully computed neural priors for 0/2 battles
INFO     Using PUCT-guided move selection (priors integrated during search)...
INFO     Policy 0: quiverdance visited 97.79% avg_score=0.541 sample_chance_multiplier=0.5
INFO     Policy 1: quiverdance visited 48.8% avg_score=0.427 sample_chance_multiplier=0.5
INFO     Considered Choices:
INFO     	73.297%: quiverdance
INFO     Choice: quiverdance
INFO     Updated vigoroth's max speed to 204
INFO     lilligant already has the move quiverdance. Decrementing the PP by 1
INFO     lilligant using quiverdance makes it unlikely to have a choice item. Setting can_have_choice_item to False
INFO     lilligant used a status-move. Adding `assaultvest` to impossible items
INFO     Setting lilligant's last used move: quiverdance
INFO     lilligant's special-attack was boosted by 1 to 1
INFO     lilligant's special-defense was boosted by 1 to 1
INFO     lilligant's speed was boosted by 1 to 1
INFO     vigoroth already has the move bodyslam. Decrementing the PP by 1
INFO     vigoroth used two different moves - it cannot have a choice item
INFO     vigoroth used a normal move, removing normalgem from possible items
INFO     Setting vigoroth's last used move: bodyslam
INFO     vigoroth used a damaging move - not guessing lifeorb anymore
INFO     vigoroth did 51.72% damage to lilligant with bodyslam
INFO     lilligant got status: par
INFO     No longer guessing lumberry because lilligant got status par
INFO     vigoroth has less than maxhp during upkeep, no longer guessing leftovers or blacksludge
INFO     
INFO     Turn: 5
INFO     Sampling battle 0
INFO     	       vigoroth  vitalspirit     eviolite [bodyslam, bulkup, knockoff, slackoff] ttype=ghost
INFO     Sampling 5 unrevealed pokemon
INFO     	necrozmaduskmane   prismarmor weaknesspolicy [dragondance, earthquake, morningsun, sunsteelstrike] ttype=ground
INFO     	       braviary      defiant heavydutyboots [bravebird, bulkup, closecombat, roost] ttype=steel
INFO     	      alomomola  regenerator heavydutyboots [flipturn, protect, scald, wish] ttype=steel
INFO     	      dragapult   cursedbody heavydutyboots [dragondarts, hex, uturn, willowisp] ttype=dragon
INFO     	       sneasler  poisontouch   choiceband [closecombat, direclaw, throatchop, uturn] ttype=fighting
INFO     Sampling battle 1
INFO     	       vigoroth  vitalspirit     eviolite [bodyslam, bulkup, knockoff, slackoff] ttype=ghost
INFO     Sampling 5 unrevealed pokemon
INFO     	      primarina      torrent    leftovers [calmmind, drainingkiss, psychic, sparklingaria] ttype=poison
INFO     	        ambipom   technician    silkscarf [doubleedge, fakeout, knockoff, uturn] ttype=normal
INFO     	       chienpao  swordofruin   choiceband [crunch, iceshard, iciclecrash, sacredsword] ttype=dark
INFO     	      quaquaval        moxie      lifeorb [aquastep, closecombat, roost, swordsdance] ttype=fighting
INFO     	       garchomp    roughskin  rockyhelmet [earthquake, outrage, spikes, stealthrock] ttype=steel
INFO     Initializing per-node neural priors callback (Abra model)...
INFO     Neural callback already initialized
INFO     Per-node neural priors enabled
INFO     Searching for a move using PUCT MCTS with neural priors...
INFO     Sampling 2 battles at 500ms each
INFO     Computing neural priors for all battles...
INFO     Initialized StateTranslator with TeamPreviewObservationSpace
INFO     Initializing LocalPolicyProvider with model: Abra
INFO     Loading pretrained Abra model...
INFO     CUDA not available - overriding FlashAttention with VanillaAttention
[91mWarning: Using unofficial VanillaAttention implementation[0m


 		 AMAGO v3.1
            	 -------------------------
            	 Agent: MultiTaskAgent
            		 Max Sequence Length: 200
            		 TstepEncoder Type: MetamonTstepEncoder
            		 TrajEncoder Type: TformerTrajEncoder
            		 Total Parameters: 57,535,116
            		 Offline Loss Weight: 1.0
            		 Online Loss Weight: 0.0
            		 Mixed Precision: NO
            		 Checkpoint Path: /Users/yadureddy/Documents/GitHub/clean/pokeagent_ac_mcts/.metamon_cache/pretrained_models/models--jakegrigsby--metamon/snapshots/c5d1cb9abb6747066a325228845a5a8af3d12139/abra/abra/ckpts
            	 Environment:
            		 DummyAsyncVectorEnv(Gym Env x 1)
            		 Exploration Type: None
            	 Dataset: DoNothingDataset
            	 Accelerate Processes: 1 


INFO     Successfully loaded Abra model
ERROR    Error translating battle to observation: 
WARNING  Failed to get priors for battle: 
ERROR    Error translating battle to observation: 
WARNING  Failed to get priors for battle: 
INFO     Successfully computed neural priors for 0/2 battles
INFO     Using PUCT-guided move selection (priors integrated during search)...
INFO     Policy 0: switch forretress visited 31.73% avg_score=0.182 sample_chance_multiplier=0.5
INFO     Policy 1: switch forretress visited 34.22% avg_score=0.223 sample_chance_multiplier=0.5
INFO     Considered Choices:
INFO     	32.973%: switch forretress
INFO     	25.032%: switch golurk
INFO     Choice: switch forretress
INFO     forretress switched in, adding intimidate to impossible abilities
INFO     forretress switched in, adding pressure to impossible abilities
INFO     forretress switched in, adding neutralizinggas to impossible abilities
INFO     forretress switched in, adding sandstream to impossible abilities
INFO     forretress switched in, adding drought to impossible abilities
INFO     forretress switched in, adding drizzle to impossible abilities
INFO     forretress switched in, adding snowwarning to impossible abilities
INFO     forretress switched in, adding boosterenergy to impossible items
INFO     forretress switched in, adding airballoon to impossible items
INFO     vigoroth already has the move bodyslam. Decrementing the PP by 1
INFO     vigoroth used a normal move, removing normalgem from possible items
INFO     Setting vigoroth's last used move: bodyslam
INFO     vigoroth used a damaging move - not guessing lifeorb anymore
INFO     vigoroth did 15.97% damage to forretress with bodyslam
INFO     forretress got status: par
INFO     No longer guessing lumberry because forretress got status par
INFO     Setting forretress's item to: leftovers
INFO     vigoroth has less than maxhp during upkeep, no longer guessing leftovers or blacksludge
INFO     
INFO     Turn: 6
INFO     Sampling battle 0
INFO     	       vigoroth  vitalspirit     eviolite [bodyslam, bulkup, earthquake, slackoff] ttype=ground
INFO     Sampling 5 unrevealed pokemon
INFO     	enamorustherian     overcoat  assaultvest [earthpower, moonblast, psychic, superpower] ttype=fairy
INFO     	ogerponcornerstone       sturdy cornerstonemask [ivycudgel, powerwhip, spikes, synthesis] ttype=rock
INFO     	       dragalge adaptability  choicespecs [dracometeor, flipturn, focusblast, sludgewave] ttype=fighting
INFO     	     galvantula compoundeyes heavydutyboots [bugbuzz, stickyweb, thunder, voltswitch] ttype=electric
INFO     	   crabominable     ironfist  assaultvest [drainpunch, earthquake, icehammer, knockoff] ttype=fighting
INFO     Sampling battle 1
INFO     	       vigoroth  vitalspirit     eviolite [bodyslam, bulkup, earthquake, slackoff] ttype=ground
INFO     Sampling 5 unrevealed pokemon
INFO     	      volcanion  waterabsorb  choicespecs [earthpower, flamethrower, sludgebomb, steameruption] ttype=fire
INFO     	         gogoat    sapsipper    leftovers [bulkup, earthquake, hornleech, milkdrink] ttype=water
INFO     	      infernape        blaze      lifeorb [closecombat, flareblitz, machpunch, swordsdance] ttype=fire
INFO     	       bronzong     levitate    leftovers [bodypress, irondefense, ironhead, psychicnoise] ttype=fighting
INFO     	      bellossom  chlorophyll    leftovers [gigadrain, quiverdance, strengthsap, terablast] ttype=rock
INFO     Initializing per-node neural priors callback (Abra model)...
INFO     Neural callback already initialized
INFO     Per-node neural priors enabled
INFO     Searching for a move using PUCT MCTS with neural priors...
INFO     Sampling 2 battles at 500ms each
INFO     Computing neural priors for all battles...
INFO     Initialized StateTranslator with TeamPreviewObservationSpace
INFO     Initializing LocalPolicyProvider with model: Abra
INFO     Loading pretrained Abra model...
INFO     CUDA not available - overriding FlashAttention with VanillaAttention
[91mWarning: Using unofficial VanillaAttention implementation[0m


 		 AMAGO v3.1
            	 -------------------------
            	 Agent: MultiTaskAgent
            		 Max Sequence Length: 200
            		 TstepEncoder Type: MetamonTstepEncoder
            		 TrajEncoder Type: TformerTrajEncoder
            		 Total Parameters: 57,535,116
            		 Offline Loss Weight: 1.0
            		 Online Loss Weight: 0.0
            		 Mixed Precision: NO
            		 Checkpoint Path: /Users/yadureddy/Documents/GitHub/clean/pokeagent_ac_mcts/.metamon_cache/pretrained_models/models--jakegrigsby--metamon/snapshots/c5d1cb9abb6747066a325228845a5a8af3d12139/abra/abra/ckpts
            	 Environment:
            		 DummyAsyncVectorEnv(Gym Env x 1)
            		 Exploration Type: None
            	 Dataset: DoNothingDataset
            	 Accelerate Processes: 1 


INFO     Successfully loaded Abra model
ERROR    Error translating battle to observation: 
WARNING  Failed to get priors for battle: 
ERROR    Error translating battle to observation: 
WARNING  Failed to get priors for battle: 
INFO     Successfully computed neural priors for 0/2 battles
INFO     Using PUCT-guided move selection (priors integrated during search)...
INFO     Policy 0: toxicspikes visited 42.88% avg_score=0.349 sample_chance_multiplier=0.5
INFO     Policy 1: toxicspikes visited 57.34% avg_score=0.377 sample_chance_multiplier=0.5
INFO     Considered Choices:
INFO     	50.11%: toxicspikes
INFO     Choice: toxicspikes
INFO     Updated vigoroth's min speed to 191
INFO     vigoroth already has the move bulkup. Decrementing the PP by 1
INFO     vigoroth used two different moves - it cannot have a choice item
INFO     vigoroth using bulkup makes it unlikely to have a choice item. Setting can_have_choice_item to False
INFO     vigoroth used a status-move. Adding `assaultvest` to impossible items
INFO     Setting vigoroth's last used move: bulkup
INFO     vigoroth's attack was boosted by 1 to 2
INFO     vigoroth's defense was boosted by 1 to 2
INFO     forretress already has the move toxicspikes. Decrementing the PP by 1
INFO     forretress used a status-move. Adding `assaultvest` to impossible items
INFO     Setting forretress's last used move: toxicspikes
INFO     Incremented side condition toxicspikes to 1 for vigoroth
INFO     Setting forretress's item to: leftovers
INFO     vigoroth has less than maxhp during upkeep, no longer guessing leftovers or blacksludge
INFO     
INFO     Turn: 7
INFO     Sampling battle 0
INFO     	       vigoroth  vitalspirit     eviolite [bodyslam, bulkup, earthquake, slackoff] ttype=ground
INFO     Sampling 5 unrevealed pokemon
INFO     	         pawmot   voltabsorb      lifeorb [closecombat, doubleshock, knockoff, revivalblessing] ttype=electric
INFO     	   arceusflying    multitype     skyplate [calmmind, earthpower, judgment, recover] ttype=ground
INFO     	     pincurchin electricsurge    leftovers [recover, scald, spikes, thunderbolt] ttype=water
INFO     	      arceusbug    multitype  insectplate [calmmind, earthpower, judgment, recover] ttype=ground
INFO     	      hatterene  magicbounce    leftovers [calmmind, drainingkiss, mysticalfire, psychic] ttype=fairy
INFO     Sampling battle 1
INFO     	       vigoroth  vitalspirit     eviolite [bodyslam, bulkup, earthquake, slackoff] ttype=ground
INFO     Sampling 5 unrevealed pokemon
INFO     	       virizion    justified      lifeorb [closecombat, leafblade, stoneedge, swordsdance] ttype=rock
INFO     	       magearna    soulheart    leftovers [flashcannon, fleurcannon, painsplit, voltswitch] ttype=fairy
INFO     	     talonflame    flamebody heavydutyboots [bravebird, overheat, roost, willowisp] ttype=dragon
INFO     	       cobalion    justified    leftovers [bodypress, ironhead, stealthrock, thunderwave] ttype=ghost
INFO     	    basculegion adaptability  assaultvest [aquajet, flipturn, shadowball, wavecrash] ttype=water
INFO     Initializing per-node neural priors callback (Abra model)...
INFO     Neural callback already initialized
INFO     Per-node neural priors enabled
INFO     Searching for a move using PUCT MCTS with neural priors...
INFO     Sampling 2 battles at 500ms each
INFO     Computing neural priors for all battles...
INFO     Initialized StateTranslator with TeamPreviewObservationSpace
INFO     Initializing LocalPolicyProvider with model: Abra
INFO     Loading pretrained Abra model...
INFO     CUDA not available - overriding FlashAttention with VanillaAttention
[91mWarning: Using unofficial VanillaAttention implementation[0m


 		 AMAGO v3.1
            	 -------------------------
            	 Agent: MultiTaskAgent
            		 Max Sequence Length: 200
            		 TstepEncoder Type: MetamonTstepEncoder
            		 TrajEncoder Type: TformerTrajEncoder
            		 Total Parameters: 57,535,116
            		 Offline Loss Weight: 1.0
            		 Online Loss Weight: 0.0
            		 Mixed Precision: NO
            		 Checkpoint Path: /Users/yadureddy/Documents/GitHub/clean/pokeagent_ac_mcts/.metamon_cache/pretrained_models/models--jakegrigsby--metamon/snapshots/c5d1cb9abb6747066a325228845a5a8af3d12139/abra/abra/ckpts
            	 Environment:
            		 DummyAsyncVectorEnv(Gym Env x 1)
            		 Exploration Type: None
            	 Dataset: DoNothingDataset
            	 Accelerate Processes: 1 


INFO     Successfully loaded Abra model
ERROR    Error translating battle to observation: 
WARNING  Failed to get priors for battle: 
ERROR    Error translating battle to observation: 
WARNING  Failed to get priors for battle: 
INFO     Successfully computed neural priors for 0/2 battles
INFO     Using PUCT-guided move selection (priors integrated during search)...
INFO     Policy 0: switch calyrexshadow visited 41.78% avg_score=0.424 sample_chance_multiplier=0.5
INFO     Policy 1: switch calyrexshadow visited 34.21% avg_score=0.385 sample_chance_multiplier=0.5
INFO     Considered Choices:
INFO     	37.994%: switch calyrexshadow
INFO     	28.707%: toxicspikes
INFO     Choice: switch calyrexshadow
INFO     calyrexshadow switched in, adding intimidate to impossible abilities
INFO     calyrexshadow switched in, adding pressure to impossible abilities
INFO     calyrexshadow switched in, adding neutralizinggas to impossible abilities
INFO     calyrexshadow switched in, adding sandstream to impossible abilities
INFO     calyrexshadow switched in, adding drought to impossible abilities
INFO     calyrexshadow switched in, adding drizzle to impossible abilities
INFO     calyrexshadow switched in, adding snowwarning to impossible abilities
INFO     calyrexshadow switched in, adding boosterenergy to impossible items
INFO     calyrexshadow switched in, adding airballoon to impossible items
INFO     Setting calyrexshadow's ability to asonespectrier
INFO     calyrexshadow has the ability asonespectrier, will not change to unnerve
INFO     Setting calyrexshadow's ability to asonespectrier
INFO     vigoroth already has the move bulkup. Decrementing the PP by 1
INFO     vigoroth using bulkup makes it unlikely to have a choice item. Setting can_have_choice_item to False
INFO     vigoroth used a status-move. Adding `assaultvest` to impossible items
INFO     Setting vigoroth's last used move: bulkup
INFO     vigoroth's attack was boosted by 1 to 3
INFO     vigoroth's defense was boosted by 1 to 3
INFO     vigoroth has less than maxhp during upkeep, no longer guessing leftovers or blacksludge
INFO     
INFO     Turn: 8
INFO     Sampling battle 0
INFO     	       vigoroth  vitalspirit     eviolite [bodyslam, bulkup, knockoff, slackoff] ttype=ghost
INFO     Sampling 5 unrevealed pokemon
INFO     	   arceuspoison    multitype   toxicplate [dragondance, earthquake, flareblitz, gunkshot] ttype=ground
INFO     	    sandyshocks protosynthesis heavydutyboots [earthpower, thunderbolt, thunderwave, voltswitch] ttype=ground
INFO     	     arceusrock    multitype   stoneplate [calmmind, earthpower, judgment, recover] ttype=ground
INFO     	      azumarill    hugepower   choiceband [aquajet, icespinner, liquidation, playrough] ttype=water
INFO     	      cramorant  gulpmissile heavydutyboots [bravebird, defog, roost, surf] ttype=ground
INFO     Sampling battle 1
INFO     	       vigoroth  vitalspirit     eviolite [bodyslam, bulkup, earthquake, slackoff] ttype=ground
INFO     Sampling 5 unrevealed pokemon
INFO     	       magcargo    flamebody heavydutyboots [lavaplume, powergem, recover, yawn] ttype=grass
INFO     	      serperior     contrary      lifeorb [dragonpulse, glare, leafstorm, synthesis] ttype=grass
INFO     	        okidogi   toxicchain    leftovers [bulkup, drainpunch, gunkshot, knockoff] ttype=dark
INFO     	        sableye    prankster    leftovers [encore, knockoff, recover, thunderwave] ttype=poison
INFO     	      azumarill    hugepower   choiceband [aquajet, knockoff, liquidation, playrough] ttype=water
INFO     Initializing per-node neural priors callback (Abra model)...
INFO     Neural callback already initialized
INFO     Per-node neural priors enabled
INFO     Searching for a move using PUCT MCTS with neural priors...
INFO     Sampling 2 battles at 500ms each
INFO     Computing neural priors for all battles...
INFO     Initialized StateTranslator with TeamPreviewObservationSpace
INFO     Initializing LocalPolicyProvider with model: Abra
INFO     Loading pretrained Abra model...
INFO     CUDA not available - overriding FlashAttention with VanillaAttention
[91mWarning: Using unofficial VanillaAttention implementation[0m


 		 AMAGO v3.1
            	 -------------------------
            	 Agent: MultiTaskAgent
            		 Max Sequence Length: 200
            		 TstepEncoder Type: MetamonTstepEncoder
            		 TrajEncoder Type: TformerTrajEncoder
            		 Total Parameters: 57,535,116
            		 Offline Loss Weight: 1.0
            		 Online Loss Weight: 0.0
            		 Mixed Precision: NO
            		 Checkpoint Path: /Users/yadureddy/Documents/GitHub/clean/pokeagent_ac_mcts/.metamon_cache/pretrained_models/models--jakegrigsby--metamon/snapshots/c5d1cb9abb6747066a325228845a5a8af3d12139/abra/abra/ckpts
            	 Environment:
            		 DummyAsyncVectorEnv(Gym Env x 1)
            		 Exploration Type: None
            	 Dataset: DoNothingDataset
            	 Accelerate Processes: 1 


INFO     Successfully loaded Abra model
ERROR    Error translating battle to observation: 
WARNING  Failed to get priors for battle: 
ERROR    Error translating battle to observation: 
WARNING  Failed to get priors for battle: 
INFO     Successfully computed neural priors for 0/2 battles
INFO     Using PUCT-guided move selection (priors integrated during search)...
INFO     Policy 0: switch forretress visited 55.25% avg_score=0.238 sample_chance_multiplier=0.5
INFO     Policy 1: trick visited 96.56% avg_score=0.405 sample_chance_multiplier=0.5
INFO     Considered Choices:
INFO     	50.066%: trick
INFO     Choice: trick
INFO     Updated vigoroth's max speed to 204
INFO     calyrexshadow already has the move trick. Decrementing the PP by 1
INFO     calyrexshadow used a status-move. Adding `assaultvest` to impossible items
INFO     Setting calyrexshadow's last used move: trick
INFO     Setting vigoroth's item to choicespecs
INFO     calyrexshadow's removed item is eviolite
INFO     Setting opponent's removed_item to eviolite
INFO     Setting calyrexshadow's item to eviolite
INFO     vigoroth used two different moves - it cannot have a choice item
INFO     vigoroth used a ground move, removing groundgem from possible items
INFO     Setting vigoroth's last used move: earthquake
INFO     vigoroth used a damaging move - not guessing lifeorb anymore
INFO     vigoroth did 91.49000000000001% damage to calyrexshadow with earthquake
WARNING  Would remove all possibilities, not removing any
WARNING  actual_damage_dealt=215.00150000000002
INFO     vigoroth has less than maxhp during upkeep, no longer guessing leftovers or blacksludge
INFO     
INFO     Turn: 9
INFO     Sampling battle 0
INFO     	       vigoroth  vitalspirit  choicespecs [bodyslam, bulkup, earthquake, slackoff] ttype=ground
INFO     Sampling 5 unrevealed pokemon
INFO     	        cetitan    slushrush  sitrusberry [bellydrum, earthquake, iceshard, icespinner] ttype=ice
INFO     	        luvdisc    swiftswim heavydutyboots [endeavor, substitute, surf, whirlpool] ttype=ghost
INFO     	     eelektross     levitate  assaultvest [closecombat, discharge, gigadrain, uturn] ttype=steel
INFO     	       basculin adaptability   choiceband [aquajet, doubleedge, flipturn, wavecrash] ttype=water
INFO     	    gougingfire protosynthesis heavydutyboots [dragondance, earthquake, heatcrash, outrage] ttype=ground
INFO     Sampling battle 1
INFO     	       vigoroth  vitalspirit  choicespecs [bodyslam, bulkup, earthquake, slackoff] ttype=ground
INFO     Sampling 5 unrevealed pokemon
INFO     	        volbeat    prankster heavydutyboots [encore, roost, thunderwave, uturn] ttype=water
INFO     	urshifurapidstrike   unseenfist   choiceband [closecombat, icespinner, surgingstrikes, uturn] ttype=water
INFO     	      probopass   magnetpull    leftovers [bodypress, flashcannon, irondefense, powergem] ttype=fighting
INFO     	      gholdengo   goodasgold    leftovers [focusblast, makeitrain, nastyplot, shadowball] ttype=ghost
INFO     	        seviper  infiltrator      lifeorb [earthquake, gigadrain, glare, gunkshot] ttype=ground
INFO     Initializing per-node neural priors callback (Abra model)...
INFO     Neural callback already initialized
INFO     Per-node neural priors enabled
INFO     Searching for a move using PUCT MCTS with neural priors...
INFO     Sampling 2 battles at 500ms each
INFO     Computing neural priors for all battles...
INFO     Initialized StateTranslator with TeamPreviewObservationSpace
INFO     Initializing LocalPolicyProvider with model: Abra
INFO     Loading pretrained Abra model...
INFO     CUDA not available - overriding FlashAttention with VanillaAttention
[91mWarning: Using unofficial VanillaAttention implementation[0m


 		 AMAGO v3.1
            	 -------------------------
            	 Agent: MultiTaskAgent
            		 Max Sequence Length: 200
            		 TstepEncoder Type: MetamonTstepEncoder
            		 TrajEncoder Type: TformerTrajEncoder
            		 Total Parameters: 57,535,116
            		 Offline Loss Weight: 1.0
            		 Online Loss Weight: 0.0
            		 Mixed Precision: NO
            		 Checkpoint Path: /Users/yadureddy/Documents/GitHub/clean/pokeagent_ac_mcts/.metamon_cache/pretrained_models/models--jakegrigsby--metamon/snapshots/c5d1cb9abb6747066a325228845a5a8af3d12139/abra/abra/ckpts
            	 Environment:
            		 DummyAsyncVectorEnv(Gym Env x 1)
            		 Exploration Type: None
            	 Dataset: DoNothingDataset
            	 Accelerate Processes: 1 


INFO     Successfully loaded Abra model
ERROR    Error translating battle to observation: 
WARNING  Failed to get priors for battle: 
ERROR    Error translating battle to observation: 
WARNING  Failed to get priors for battle: 
INFO     Successfully computed neural priors for 0/2 battles
INFO     Using PUCT-guided move selection (priors integrated during search)...
INFO     Policy 0: pollenpuff visited 98.7% avg_score=0.743 sample_chance_multiplier=0.5
INFO     Policy 1: psyshock visited 93.64% avg_score=0.625 sample_chance_multiplier=0.5
INFO     Considered Choices:
INFO     	51.389%: pollenpuff
INFO     	46.964%: psyshock
INFO     Choice: pollenpuff
INFO     Updated vigoroth's max speed to 204
INFO     calyrexshadow already has the move pollenpuff. Decrementing the PP by 1
INFO     calyrexshadow used a bug move, removing buggem from possible items
INFO     Setting calyrexshadow's last used move: pollenpuff
INFO     calyrexshadow used a damaging move - not guessing lifeorb anymore
INFO     calyrexshadow did 31.0% damage to vigoroth with pollenpuff
INFO     vigoroth already has the move earthquake. Decrementing the PP by 1
INFO     vigoroth used a ground move, removing groundgem from possible items
INFO     Setting vigoroth's last used move: earthquake
INFO     vigoroth used a damaging move - not guessing lifeorb anymore
INFO     vigoroth did 8.51% damage to calyrexshadow with earthquake
INFO     vigoroth has less than maxhp during upkeep, no longer guessing leftovers or blacksludge
INFO     Sampling battle 0
INFO     	       vigoroth  vitalspirit  choicespecs [bodyslam, bulkup, earthquake, slackoff] ttype=ground
INFO     Sampling 5 unrevealed pokemon
INFO     	        slowbro  regenerator    leftovers [calmmind, psychicnoise, scald, slackoff] ttype=fairy
INFO     	      alomomola  regenerator  rockyhelmet [flipturn, protect, scald, wish] ttype=steel
INFO     	       lurantis     contrary    leftovers [knockoff, leafstorm, superpower, synthesis] ttype=fighting
INFO     	  articunogalar  competitive heavydutyboots [calmmind, freezingglare, hurricane, recover] ttype=steel
INFO     	     irontreads   quarkdrive  assaultvest [earthquake, ironhead, knockoff, voltswitch] ttype=ghost
INFO     Sampling battle 1
INFO     	       vigoroth  vitalspirit  choicespecs [bodyslam, bulkup, earthquake, slackoff] ttype=ground
INFO     Sampling 5 unrevealed pokemon
INFO     	       inteleon      torrent  choicespecs [hydropump, icebeam, scald, uturn] ttype=water
INFO     	         dodrio    earlybird   choiceband [bravebird, doubleedge, drillrun, quickattack] ttype=normal
INFO     	      decidueye     overgrow heavydutyboots [leafstorm, roost, spiritshackle, uturn] ttype=ghost
INFO     	       alcremie    aromaveil    leftovers [acidarmor, calmmind, dazzlinggleam, recover] ttype=steel
INFO     	         emboar     reckless  assaultvest [closecombat, flareblitz, scald, wildcharge] ttype=electric
INFO     Initializing per-node neural priors callback (Abra model)...
INFO     Neural callback already initialized
INFO     Per-node neural priors enabled
INFO     Searching for a move using PUCT MCTS with neural priors...
INFO     Sampling 2 battles at 500ms each
INFO     Computing neural priors for all battles...
INFO     Initialized StateTranslator with TeamPreviewObservationSpace
INFO     Initializing LocalPolicyProvider with model: Abra
INFO     Loading pretrained Abra model...
INFO     CUDA not available - overriding FlashAttention with VanillaAttention
[91mWarning: Using unofficial VanillaAttention implementation[0m


 		 AMAGO v3.1
            	 -------------------------
            	 Agent: MultiTaskAgent
            		 Max Sequence Length: 200
            		 TstepEncoder Type: MetamonTstepEncoder
            		 TrajEncoder Type: TformerTrajEncoder
            		 Total Parameters: 57,535,116
            		 Offline Loss Weight: 1.0
            		 Online Loss Weight: 0.0
            		 Mixed Precision: NO
            		 Checkpoint Path: /Users/yadureddy/Documents/GitHub/clean/pokeagent_ac_mcts/.metamon_cache/pretrained_models/models--jakegrigsby--metamon/snapshots/c5d1cb9abb6747066a325228845a5a8af3d12139/abra/abra/ckpts
            	 Environment:
            		 DummyAsyncVectorEnv(Gym Env x 1)
            		 Exploration Type: None
            	 Dataset: DoNothingDataset
            	 Accelerate Processes: 1 


INFO     Successfully loaded Abra model
ERROR    Error translating battle to observation: 
WARNING  Failed to get priors for battle: 
ERROR    Error translating battle to observation: 
WARNING  Failed to get priors for battle: 
INFO     Successfully computed neural priors for 0/2 battles
INFO     Using PUCT-guided move selection (priors integrated during search)...
INFO     Policy 0: switch lilligant visited 97.42% avg_score=0.696 sample_chance_multiplier=0.5
INFO     Policy 1: switch lilligant visited 95.44% avg_score=0.711 sample_chance_multiplier=0.5
INFO     Considered Choices:
INFO     	96.43%: switch lilligant
INFO     Choice: switch lilligant
INFO     
INFO     Turn: 10
INFO     Sampling battle 0
INFO     	       vigoroth  vitalspirit  choicespecs [bodyslam, bulkup, earthquake, slackoff] ttype=ground
INFO     Sampling 5 unrevealed pokemon
INFO     	typhlosionhisui        blaze  choicespecs [eruption, fireblast, focusblast, shadowball] ttype=fire
INFO     	    fezandipiti   toxicchain  assaultvest [beatup, gunkshot, moonblast, uturn] ttype=dark
INFO     	       floatzel    waterveil    leftovers [bulkup, icespinner, taunt, wavecrash] ttype=steel
INFO     	          golem       sturdy weaknesspolicy [earthquake, explosion, rockpolish, stoneedge] ttype=ground
INFO     	      cramorant  gulpmissile heavydutyboots [bravebird, defog, roost, surf] ttype=ground
INFO     Sampling battle 1
INFO     	       vigoroth  vitalspirit  choicespecs [bodyslam, bulkup, earthquake, slackoff] ttype=ground
INFO     Sampling 5 unrevealed pokemon
INFO     	         veluza    sharpness  choicescarf [aquacutter, flipturn, nightslash, psychocut] ttype=water
INFO     	      hydreigon     levitate  choicespecs [darkpulse, dracometeor, fireblast, flashcannon] ttype=dark
INFO     	   moltresgalar      berserk weaknesspolicy [agility, fierywrath, hurricane, nastyplot] ttype=dark
INFO     	      sinistcha    heatproof    leftovers [calmmind, matchagotcha, shadowball, strengthsap] ttype=steel
INFO     	      azumarill    hugepower  sitrusberry [aquajet, bellydrum, liquidation, playrough] ttype=water
INFO     Initializing per-node neural priors callback (Abra model)...
INFO     Neural callback already initialized
INFO     Per-node neural priors enabled
INFO     Searching for a move using PUCT MCTS with neural priors...
INFO     Sampling 2 battles at 500ms each
INFO     Computing neural priors for all battles...
INFO     Initialized StateTranslator with TeamPreviewObservationSpace
INFO     Initializing LocalPolicyProvider with model: Abra
INFO     Loading pretrained Abra model...
INFO     CUDA not available - overriding FlashAttention with VanillaAttention
[91mWarning: Using unofficial VanillaAttention implementation[0m


 		 AMAGO v3.1
            	 -------------------------
            	 Agent: MultiTaskAgent
            		 Max Sequence Length: 200
            		 TstepEncoder Type: MetamonTstepEncoder
            		 TrajEncoder Type: TformerTrajEncoder
            		 Total Parameters: 57,535,116
            		 Offline Loss Weight: 1.0
            		 Online Loss Weight: 0.0
            		 Mixed Precision: NO
            		 Checkpoint Path: /Users/yadureddy/Documents/GitHub/clean/pokeagent_ac_mcts/.metamon_cache/pretrained_models/models--jakegrigsby--metamon/snapshots/c5d1cb9abb6747066a325228845a5a8af3d12139/abra/abra/ckpts
            	 Environment:
            		 DummyAsyncVectorEnv(Gym Env x 1)
            		 Exploration Type: None
            	 Dataset: DoNothingDataset
            	 Accelerate Processes: 1 


INFO     Successfully loaded Abra model
ERROR    Error translating battle to observation: 
WARNING  Failed to get priors for battle: 
ERROR    Error translating battle to observation: 
WARNING  Failed to get priors for battle: 
INFO     Successfully computed neural priors for 0/2 battles
INFO     Using PUCT-guided move selection (priors integrated during search)...
INFO     Policy 0: terablast visited 69.32% avg_score=0.544 sample_chance_multiplier=0.5
INFO     Policy 1: terablast visited 50.0% avg_score=0.538 sample_chance_multiplier=0.5
INFO     Considered Choices:
INFO     	59.664%: terablast
INFO     Choice: terablast
INFO     Opponent has switched - clearing the last used move
INFO     oricoriosensu switched in, adding intimidate to impossible abilities
INFO     oricoriosensu switched in, adding pressure to impossible abilities
INFO     oricoriosensu switched in, adding neutralizinggas to impossible abilities
INFO     oricoriosensu switched in, adding sandstream to impossible abilities
INFO     oricoriosensu switched in, adding drought to impossible abilities
INFO     oricoriosensu switched in, adding drizzle to impossible abilities
INFO     oricoriosensu switched in, adding snowwarning to impossible abilities
INFO     oricoriosensu switched in, adding boosterenergy to impossible items
INFO     oricoriosensu switched in, adding airballoon to impossible items
INFO     lilligant already has the move terablast. Decrementing the PP by 1
INFO     lilligant used a normal move, removing normalgem from possible items
INFO     Setting lilligant's last used move: terablast
INFO     lilligant used a damaging move - not guessing lifeorb anymore
INFO     
INFO     Turn: 11
INFO     Sampling battle 0
INFO     	  oricoriosensu       dancer heavydutyboots [hurricane, quiverdance, revelationdance, roost] ttype=ghost
INFO     	       vigoroth  vitalspirit  choicespecs [bodyslam, bulkup, earthquake, slackoff] ttype=ground
INFO     Sampling 4 unrevealed pokemon
INFO     	        scyther   technician heavydutyboots [closecombat, defog, dualwingbeat, uturn] ttype=fighting
INFO     	        avalugg       sturdy heavydutyboots [avalanche, bodypress, rapidspin, recover] ttype=fighting
INFO     	      gholdengo   goodasgold    leftovers [makeitrain, recover, shadowball, thunderwave] ttype=dark
INFO     	      alomomola  regenerator    leftovers [flipturn, protect, scald, wish] ttype=steel
INFO     Sampling battle 1
INFO     	  oricoriosensu       dancer heavydutyboots [hurricane, quiverdance, revelationdance, roost] ttype=ghost
INFO     	       vigoroth  vitalspirit  choicespecs [bodyslam, bulkup, earthquake, slackoff] ttype=ground
INFO     Sampling 4 unrevealed pokemon
INFO     	   greninjabond   battlebond      lifeorb [darkpulse, gunkshot, hydropump, icebeam] ttype=water
INFO     	        snorlax     thickfat    leftovers [bodyslam, crunch, curse, earthquake] ttype=ground
INFO     	        toxapex  regenerator    leftovers [haze, liquidation, recover, toxicspikes] ttype=fairy
INFO     	       sneasler     unburden    whiteherb [acrobatics, closecombat, gunkshot, swordsdance] ttype=flying
INFO     Sampling battle 2
INFO     	  oricoriosensu       dancer heavydutyboots [hurricane, quiverdance, revelationdance, roost] ttype=fighting
INFO     	       vigoroth  vitalspirit  choicespecs [bodyslam, bulkup, earthquake, slackoff] ttype=ground
INFO     Sampling 4 unrevealed pokemon
INFO     	     skeledirge      unaware heavydutyboots [hex, slackoff, torchsong, willowisp] ttype=fairy
INFO     	  deoxysdefense     pressure    leftovers [knockoff, psychicnoise, recover, teleport] ttype=fairy
INFO     	         gogoat    sapsipper    leftovers [bulkup, hornleech, milkdrink, rockslide] ttype=water
INFO     	      garganacl purifyingsalt    leftovers [bodypress, recover, saltcure, stealthrock] ttype=ghost
INFO     Sampling battle 3
INFO     	  oricoriosensu       dancer heavydutyboots [hurricane, quiverdance, revelationdance, roost] ttype=fighting
INFO     	       vigoroth  vitalspirit  choicespecs [bodyslam, bulkup, earthquake, slackoff] ttype=ground
INFO     Sampling 4 unrevealed pokemon
INFO     	      girafarig    sapsipper     eviolite [dazzlinggleam, nastyplot, psyshock, shadowball] ttype=psychic
INFO     	        toxapex  regenerator  rockyhelmet [haze, liquidation, recover, toxic] ttype=grass
INFO     	         veluza    sharpness  sitrusberry [aquacutter, filletaway, nightslash, psychocut] ttype=water
INFO     	    arceussteel    multitype    ironplate [calmmind, earthpower, judgment, recover] ttype=ghost
INFO     Initializing per-node neural priors callback (Abra model)...
INFO     Neural callback already initialized
INFO     Per-node neural priors enabled
INFO     Searching for a move using PUCT MCTS with neural priors...
INFO     Sampling 4 battles at 250ms each
INFO     Computing neural priors for all battles...
INFO     Initialized StateTranslator with TeamPreviewObservationSpace
INFO     Initializing LocalPolicyProvider with model: Abra
INFO     Loading pretrained Abra model...
INFO     CUDA not available - overriding FlashAttention with VanillaAttention
[91mWarning: Using unofficial VanillaAttention implementation[0m


 		 AMAGO v3.1
            	 -------------------------
            	 Agent: MultiTaskAgent
            		 Max Sequence Length: 200
            		 TstepEncoder Type: MetamonTstepEncoder
            		 TrajEncoder Type: TformerTrajEncoder
            		 Total Parameters: 57,535,116
            		 Offline Loss Weight: 1.0
            		 Online Loss Weight: 0.0
            		 Mixed Precision: NO
            		 Checkpoint Path: /Users/yadureddy/Documents/GitHub/clean/pokeagent_ac_mcts/.metamon_cache/pretrained_models/models--jakegrigsby--metamon/snapshots/c5d1cb9abb6747066a325228845a5a8af3d12139/abra/abra/ckpts
            	 Environment:
            		 DummyAsyncVectorEnv(Gym Env x 1)
            		 Exploration Type: None
            	 Dataset: DoNothingDataset
            	 Accelerate Processes: 1 


INFO     Successfully loaded Abra model
ERROR    Error translating battle to observation: 
WARNING  Failed to get priors for battle: 
ERROR    Error translating battle to observation: 
WARNING  Failed to get priors for battle: 
ERROR    Error translating battle to observation: 
WARNING  Failed to get priors for battle: 
ERROR    Error translating battle to observation: 
WARNING  Failed to get priors for battle: 
INFO     Successfully computed neural priors for 0/4 battles
INFO     Using PUCT-guided move selection (priors integrated during search)...
INFO     Policy 0: sleeppowder visited 96.59% avg_score=0.368 sample_chance_multiplier=0.25
INFO     Policy 1: sleeppowder visited 93.98% avg_score=0.308 sample_chance_multiplier=0.25
INFO     Policy 2: sleeppowder visited 95.37% avg_score=0.335 sample_chance_multiplier=0.25
INFO     Policy 3: sleeppowder visited 96.85% avg_score=0.374 sample_chance_multiplier=0.25
INFO     Considered Choices:
INFO     	95.699%: sleeppowder
INFO     Choice: sleeppowder
INFO     oricoriosensu using quiverdance makes it unlikely to have a choice item. Setting can_have_choice_item to False
INFO     oricoriosensu used a status-move. Adding `assaultvest` to impossible items
INFO     Setting oricoriosensu's last used move: quiverdance
INFO     oricoriosensu's special-attack was boosted by 1 to 1
INFO     oricoriosensu's special-defense was boosted by 1 to 1
INFO     oricoriosensu's speed was boosted by 1 to 1
INFO     
INFO     Turn: 12
INFO     Sampling battle 0
INFO     	  oricoriosensu       dancer heavydutyboots [hurricane, quiverdance, revelationdance, roost] ttype=fighting
INFO     	       vigoroth  vitalspirit  choicespecs [bodyslam, bulkup, earthquake, slackoff] ttype=ground
INFO     Sampling 4 unrevealed pokemon
INFO     	      exeggutor      harvest  sitrusberry [leechseed, psychicnoise, sleeppowder, substitute] ttype=steel
INFO     	      arceusice    multitype  icicleplate [calmmind, judgment, recover, thunderbolt] ttype=electric
INFO     	      quaquaval        moxie   choiceband [aquastep, closecombat, knockoff, tripleaxel] ttype=fighting
INFO     	       salazzle    corrosion    leftovers [flamethrower, protect, substitute, toxic] ttype=grass
INFO     Sampling battle 1
INFO     	  oricoriosensu       dancer heavydutyboots [hurricane, quiverdance, revelationdance, roost] ttype=fighting
INFO     	       vigoroth  vitalspirit  choicespecs [bodyslam, bulkup, earthquake, slackoff] ttype=ground
INFO     Sampling 4 unrevealed pokemon
INFO     	   basculegionf adaptability  assaultvest [flipturn, hydropump, shadowball, wavecrash] ttype=water
INFO     	         flygon     levitate   choiceband [earthquake, outrage, stoneedge, uturn] ttype=steel
INFO     	       salazzle    corrosion    leftovers [flamethrower, protect, substitute, toxic] ttype=grass
INFO     	       smeargle     owntempo    focussash [ceaselessedge, spore, stickyweb, whirlwind] ttype=ghost
INFO     Initializing per-node neural priors callback (Abra model)...
INFO     Neural callback already initialized
INFO     Per-node neural priors enabled
INFO     Searching for a move using PUCT MCTS with neural priors...
INFO     Sampling 2 battles at 500ms each
INFO     Computing neural priors for all battles...
INFO     Initialized StateTranslator with TeamPreviewObservationSpace
INFO     Initializing LocalPolicyProvider with model: Abra
INFO     Loading pretrained Abra model...
INFO     CUDA not available - overriding FlashAttention with VanillaAttention
[91mWarning: Using unofficial VanillaAttention implementation[0m


 		 AMAGO v3.1
            	 -------------------------
            	 Agent: MultiTaskAgent
            		 Max Sequence Length: 200
            		 TstepEncoder Type: MetamonTstepEncoder
            		 TrajEncoder Type: TformerTrajEncoder
            		 Total Parameters: 57,535,116
            		 Offline Loss Weight: 1.0
            		 Online Loss Weight: 0.0
            		 Mixed Precision: NO
            		 Checkpoint Path: /Users/yadureddy/Documents/GitHub/clean/pokeagent_ac_mcts/.metamon_cache/pretrained_models/models--jakegrigsby--metamon/snapshots/c5d1cb9abb6747066a325228845a5a8af3d12139/abra/abra/ckpts
            	 Environment:
            		 DummyAsyncVectorEnv(Gym Env x 1)
            		 Exploration Type: None
            	 Dataset: DoNothingDataset
            	 Accelerate Processes: 1 


INFO     Successfully loaded Abra model
ERROR    Error translating battle to observation: 
WARNING  Failed to get priors for battle: 
ERROR    Error translating battle to observation: 
WARNING  Failed to get priors for battle: 
INFO     Successfully computed neural priors for 0/2 battles
INFO     Using PUCT-guided move selection (priors integrated during search)...
INFO     Policy 0: switch kingdra visited 21.45% avg_score=0.178 sample_chance_multiplier=0.5
INFO     Policy 1: switch kingdra visited 19.23% avg_score=0.174 sample_chance_multiplier=0.5
INFO     Considered Choices:
INFO     	20.343%: switch kingdra
INFO     	16.782%: gigadrain
INFO     	16.308%: sleeppowder
INFO     	15.996%: quiverdance
INFO     	15.641%: terablast
INFO     Choice: gigadrain
INFO     Updated oricoriosensu's min speed to 68
INFO     oricoriosensu used two different moves - it cannot have a choice item
INFO     oricoriosensu used a normal move, removing normalgem from possible items
INFO     Setting oricoriosensu's last used move: revelationdance
INFO     oricoriosensu used a damaging move - not guessing lifeorb anymore
INFO     oricoriosensu did 48.28% damage to lilligant with revelationdance
INFO     Sampling battle 0
INFO     	  oricoriosensu       dancer heavydutyboots [hurricane, quiverdance, revelationdance, roost] ttype=fighting
INFO     	       vigoroth  vitalspirit  choicespecs [bodyslam, bulkup, earthquake, slackoff] ttype=ground
INFO     Sampling 4 unrevealed pokemon
INFO     	      gholdengo   goodasgold    leftovers [makeitrain, recover, shadowball, thunderwave] ttype=steel
INFO     	       orthworm   eartheater    leftovers [bodypress, heavyslam, spikes, stealthrock] ttype=fighting
INFO     	         dodrio    earlybird   choiceband [bravebird, drillrun, knockoff, quickattack] ttype=ground
INFO     	      volcanion  waterabsorb  choicescarf [earthpower, flamethrower, sludgebomb, steameruption] ttype=ground
INFO     Sampling battle 1
INFO     	  oricoriosensu       dancer heavydutyboots [hurricane, quiverdance, revelationdance, roost] ttype=fighting
INFO     	       vigoroth  vitalspirit  choicespecs [bodyslam, bulkup, earthquake, slackoff] ttype=ground
INFO     Sampling 4 unrevealed pokemon
INFO     	       cyclizar  regenerator heavydutyboots [dracometeor, knockoff, shedtail, taunt] ttype=fairy
INFO     	       cobalion    justified    leftovers [bodypress, ironhead, stealthrock, stoneedge] ttype=ghost
INFO     	        lanturn   voltabsorb  choicespecs [icebeam, scald, thunderbolt, voltswitch] ttype=flying
INFO     	     skeledirge      unaware heavydutyboots [hex, slackoff, torchsong, willowisp] ttype=fairy
INFO     Initializing per-node neural priors callback (Abra model)...
INFO     Neural callback already initialized
INFO     Per-node neural priors enabled
INFO     Searching for a move using PUCT MCTS with neural priors...
INFO     Sampling 2 battles at 500ms each
INFO     Computing neural priors for all battles...
INFO     Initialized StateTranslator with TeamPreviewObservationSpace
INFO     Initializing LocalPolicyProvider with model: Abra
INFO     Loading pretrained Abra model...
INFO     CUDA not available - overriding FlashAttention with VanillaAttention
[91mWarning: Using unofficial VanillaAttention implementation[0m


 		 AMAGO v3.1
            	 -------------------------
            	 Agent: MultiTaskAgent
            		 Max Sequence Length: 200
            		 TstepEncoder Type: MetamonTstepEncoder
            		 TrajEncoder Type: TformerTrajEncoder
            		 Total Parameters: 57,535,116
            		 Offline Loss Weight: 1.0
            		 Online Loss Weight: 0.0
            		 Mixed Precision: NO
            		 Checkpoint Path: /Users/yadureddy/Documents/GitHub/clean/pokeagent_ac_mcts/.metamon_cache/pretrained_models/models--jakegrigsby--metamon/snapshots/c5d1cb9abb6747066a325228845a5a8af3d12139/abra/abra/ckpts
            	 Environment:
            		 DummyAsyncVectorEnv(Gym Env x 1)
            		 Exploration Type: None
            	 Dataset: DoNothingDataset
            	 Accelerate Processes: 1 


INFO     Successfully loaded Abra model
ERROR    Error translating battle to observation: 
WARNING  Failed to get priors for battle: 
ERROR    Error translating battle to observation: 
WARNING  Failed to get priors for battle: 
INFO     Successfully computed neural priors for 0/2 battles
INFO     Using PUCT-guided move selection (priors integrated during search)...
INFO     Policy 0: switch golurk visited 71.04% avg_score=0.234 sample_chance_multiplier=0.5
INFO     Policy 1: switch forretress visited 36.21% avg_score=0.212 sample_chance_multiplier=0.5
INFO     Considered Choices:
INFO     	53.166%: switch golurk
INFO     Choice: switch golurk
INFO     golurk switched in, adding intimidate to impossible abilities
INFO     golurk switched in, adding pressure to impossible abilities
INFO     golurk switched in, adding neutralizinggas to impossible abilities
INFO     golurk switched in, adding sandstream to impossible abilities
INFO     golurk switched in, adding drought to impossible abilities
INFO     golurk switched in, adding drizzle to impossible abilities
INFO     golurk switched in, adding snowwarning to impossible abilities
INFO     golurk switched in, adding boosterenergy to impossible items
INFO     golurk switched in, adding airballoon to impossible items
INFO     
INFO     Turn: 13
INFO     Sampling battle 0
INFO     	  oricoriosensu       dancer heavydutyboots [hurricane, quiverdance, revelationdance, roost] ttype=ghost
INFO     	       vigoroth  vitalspirit  choicespecs [bodyslam, bulkup, earthquake, slackoff] ttype=ground
INFO     Sampling 4 unrevealed pokemon
INFO     	       lycanroc     sandrush      lifeorb [closecombat, psychicfangs, stoneedge, swordsdance] ttype=fighting
INFO     	         flygon     levitate   choiceband [earthquake, outrage, stoneedge, uturn] ttype=steel
INFO     	          entei   innerfocus   choiceband [extremespeed, flareblitz, sacredfire, stompingtantrum] ttype=normal
INFO     	   persianalola      furcoat    leftovers [darkpulse, hypnosis, nastyplot, powergem] ttype=dark
INFO     Sampling battle 1
INFO     	  oricoriosensu       dancer heavydutyboots [hurricane, quiverdance, revelationdance, roost] ttype=fighting
INFO     	       vigoroth  vitalspirit  choicespecs [bodyslam, bulkup, earthquake, slackoff] ttype=ground
INFO     Sampling 4 unrevealed pokemon
INFO     	       tsareena queenlymajesty   choiceband [highjumpkick, powerwhip, tripleaxel, uturn] ttype=fighting
INFO     	       qwilfish   intimidate heavydutyboots [flipturn, gunkshot, painsplit, thunderwave] ttype=grass
INFO     	      metagross    clearbody    leftovers [bulletpunch, earthquake, heavyslam, stealthrock] ttype=water
INFO     	        falinks      defiant      lifeorb [closecombat, ironhead, knockoff, noretreat] ttype=dark
INFO     Initializing per-node neural priors callback (Abra model)...
INFO     Neural callback already initialized
INFO     Per-node neural priors enabled
INFO     Searching for a move using PUCT MCTS with neural priors...
INFO     Sampling 2 battles at 500ms each
INFO     Computing neural priors for all battles...
INFO     Initialized StateTranslator with TeamPreviewObservationSpace
INFO     Initializing LocalPolicyProvider with model: Abra
INFO     Loading pretrained Abra model...
INFO     CUDA not available - overriding FlashAttention with VanillaAttention
[91mWarning: Using unofficial VanillaAttention implementation[0m


 		 AMAGO v3.1
            	 -------------------------
            	 Agent: MultiTaskAgent
            		 Max Sequence Length: 200
            		 TstepEncoder Type: MetamonTstepEncoder
            		 TrajEncoder Type: TformerTrajEncoder
            		 Total Parameters: 57,535,116
            		 Offline Loss Weight: 1.0
            		 Online Loss Weight: 0.0
            		 Mixed Precision: NO
            		 Checkpoint Path: /Users/yadureddy/Documents/GitHub/clean/pokeagent_ac_mcts/.metamon_cache/pretrained_models/models--jakegrigsby--metamon/snapshots/c5d1cb9abb6747066a325228845a5a8af3d12139/abra/abra/ckpts
            	 Environment:
            		 DummyAsyncVectorEnv(Gym Env x 1)
            		 Exploration Type: None
            	 Dataset: DoNothingDataset
            	 Accelerate Processes: 1 


INFO     Successfully loaded Abra model
ERROR    Error translating battle to observation: 
WARNING  Failed to get priors for battle: 
ERROR    Error translating battle to observation: 
WARNING  Failed to get priors for battle: 
INFO     Successfully computed neural priors for 0/2 battles
INFO     Using PUCT-guided move selection (priors integrated during search)...
INFO     Policy 0: poltergeist visited 61.74% avg_score=0.224 sample_chance_multiplier=0.5
INFO     Policy 1: poltergeist visited 83.91% avg_score=0.253 sample_chance_multiplier=0.5
INFO     Considered Choices:
INFO     	72.823%: poltergeist
INFO     Choice: poltergeist
INFO     Updated oricoriosensu's min speed to 96
INFO     oricoriosensu already has the move revelationdance. Decrementing the PP by 1
INFO     oricoriosensu used a normal move, removing normalgem from possible items
INFO     Setting oricoriosensu's last used move: revelationdance
INFO     oricoriosensu used a damaging move - not guessing lifeorb anymore
INFO     oricoriosensu did 95.62% damage to golurk with revelationdance
INFO     golurk already has the move poltergeist. Decrementing the PP by 1
INFO     golurk used a ghost move, removing ghostgem from possible items
INFO     Setting golurk's last used move: poltergeist
INFO     golurk used a damaging move - not guessing lifeorb anymore
INFO     golurk did 100.0% damage to oricoriosensu with poltergeist
INFO     oricoriosensu has the item heavydutyboots
INFO     Setting golurk's item to: lifeorb
INFO     oricoriosensu has less than maxhp during upkeep, no longer guessing leftovers or blacksludge
INFO     Sampling battle 0
INFO     	  oricoriosensu       dancer heavydutyboots [hurricane, quiverdance, revelationdance, roost] ttype=ghost
INFO     	       vigoroth  vitalspirit  choicespecs [bodyslam, bulkup, earthquake, slackoff] ttype=ground
INFO     Sampling 4 unrevealed pokemon
INFO     	          hoopa     magician      lifeorb [focusblast, nastyplot, psychic, shadowball] ttype=ghost
INFO     	        slaking       truant   choiceband [doubleedge, earthquake, gigaimpact, knockoff] ttype=ground
INFO     	      glastrier chillingneigh heavydutyboots [closecombat, heavyslam, iciclecrash, swordsdance] ttype=fighting
INFO     	        mesprit     levitate  choicescarf [dazzlinggleam, psychic, shadowball, thunderbolt] ttype=electric
INFO     Sampling battle 1
INFO     	  oricoriosensu       dancer heavydutyboots [hurricane, quiverdance, revelationdance, roost] ttype=fighting
INFO     	       vigoroth  vitalspirit  choicespecs [bodyslam, bulkup, earthquake, slackoff] ttype=ground
INFO     Sampling 4 unrevealed pokemon
INFO     	         eiscue      iceface  sitrusberry [bellydrum, icespinner, liquidation, terablast] ttype=ground
INFO     	       grafaiai  poisontouch  assaultvest [gunkshot, knockoff, superfang, uturn] ttype=dark
INFO     	  slowkinggalar  regenerator heavydutyboots [chillyreception, psyshock, slackoff, sludgebomb] ttype=dark
INFO     	      dragapult   cursedbody heavydutyboots [dragondarts, hex, uturn, willowisp] ttype=fairy
INFO     Initializing per-node neural priors callback (Abra model)...
INFO     Neural callback already initialized
INFO     Per-node neural priors enabled
INFO     Searching for a move using PUCT MCTS with neural priors...
INFO     Sampling 2 battles at 500ms each
INFO     Computing neural priors for all battles...
INFO     Initialized StateTranslator with TeamPreviewObservationSpace
INFO     Initializing LocalPolicyProvider with model: Abra
INFO     Loading pretrained Abra model...
INFO     CUDA not available - overriding FlashAttention with VanillaAttention
[91mWarning: Using unofficial VanillaAttention implementation[0m


 		 AMAGO v3.1
            	 -------------------------
            	 Agent: MultiTaskAgent
            		 Max Sequence Length: 200
            		 TstepEncoder Type: MetamonTstepEncoder
            		 TrajEncoder Type: TformerTrajEncoder
            		 Total Parameters: 57,535,116
            		 Offline Loss Weight: 1.0
            		 Online Loss Weight: 0.0
            		 Mixed Precision: NO
            		 Checkpoint Path: /Users/yadureddy/Documents/GitHub/clean/pokeagent_ac_mcts/.metamon_cache/pretrained_models/models--jakegrigsby--metamon/snapshots/c5d1cb9abb6747066a325228845a5a8af3d12139/abra/abra/ckpts
            	 Environment:
            		 DummyAsyncVectorEnv(Gym Env x 1)
            		 Exploration Type: None
            	 Dataset: DoNothingDataset
            	 Accelerate Processes: 1 


INFO     Successfully loaded Abra model
ERROR    Error translating battle to observation: 
WARNING  Failed to get priors for battle: 
ERROR    Error translating battle to observation: 
WARNING  Failed to get priors for battle: 
INFO     Successfully computed neural priors for 0/2 battles
INFO     Using PUCT-guided move selection (priors integrated during search)...
INFO     Policy 0: switch forretress visited 76.26% avg_score=0.345 sample_chance_multiplier=0.5
INFO     Policy 1: switch metagross visited 55.86% avg_score=0.322 sample_chance_multiplier=0.5
INFO     Considered Choices:
INFO     	48.615%: switch forretress
INFO     Choice: switch forretress
INFO     Opponent has switched - clearing the last used move
INFO     keldeoresolute switched in, adding intimidate to impossible abilities
INFO     keldeoresolute switched in, adding pressure to impossible abilities
INFO     keldeoresolute switched in, adding neutralizinggas to impossible abilities
INFO     keldeoresolute switched in, adding sandstream to impossible abilities
INFO     keldeoresolute switched in, adding drought to impossible abilities
INFO     keldeoresolute switched in, adding drizzle to impossible abilities
INFO     keldeoresolute switched in, adding snowwarning to impossible abilities
INFO     keldeoresolute switched in, adding boosterenergy to impossible items
INFO     keldeoresolute switched in, adding airballoon to impossible items
INFO     keldeoresolute was affected by toxicspikes, it cannot have heavydutyboots
INFO     keldeoresolute got status: psn
INFO     No longer guessing lumberry because keldeoresolute got status psn
INFO     
INFO     Turn: 14
INFO     Sampling battle 0
INFO     	 keldeoresolute    justified      lifeorb [calmmind, hydropump, secretsword, vacuumwave] ttype=water
INFO     	       vigoroth  vitalspirit  choicespecs [bodyslam, bulkup, earthquake, slackoff] ttype=ground
INFO     Sampling 3 unrevealed pokemon
INFO     	 giratinaorigin     levitate griseouscore [defog, dracometeor, poltergeist, shadowsneak] ttype=dragon
INFO     	      rampardos   sheerforce  choicescarf [earthquake, firepunch, headsmash, rockslide] ttype=fire
INFO     	taurospaldeablaze   intimidate   choiceband [closecombat, flareblitz, stoneedge, wildcharge] ttype=fighting
INFO     Sampling battle 1
INFO     	 keldeoresolute    justified      lifeorb [calmmind, hydropump, secretsword, vacuumwave] ttype=fighting
INFO     	       vigoroth  vitalspirit  choicespecs [bodyslam, bulkup, earthquake, slackoff] ttype=ground
INFO     Sampling 3 unrevealed pokemon
INFO     	       qwilfish   intimidate    leftovers [gunkshot, spikes, thunderwave, waterfall] ttype=grass
INFO     	        carbink       sturdy    leftovers [bodypress, irondefense, moonblast, rockpolish] ttype=fighting
INFO     	    meowscarada      protean    focussash [flowertrick, knockoff, toxicspikes, tripleaxel] ttype=dark
INFO     Sampling battle 2
INFO     	 keldeoresolute    justified    leftovers [calmmind, hydropump, secretsword, substitute] ttype=steel
INFO     	       vigoroth  vitalspirit  choicespecs [bodyslam, bulkup, earthquake, slackoff] ttype=ground
INFO     Sampling 3 unrevealed pokemon
INFO     	       tornadus    prankster heavydutyboots [bleakwindstorm, focusblast, grassknot, nastyplot] ttype=fighting
INFO     	         klefki    prankster    leftovers [dazzlinggleam, foulplay, spikes, thunderwave] ttype=water
INFO     	    sandyshocks protosynthesis heavydutyboots [earthpower, stealthrock, thunderbolt, voltswitch] ttype=grass
INFO     Sampling battle 3
INFO     	 keldeoresolute    justified  choicespecs [flipturn, hydropump, secretsword, vacuumwave] ttype=water
INFO     	       vigoroth  vitalspirit  choicespecs [bodyslam, bulkup, earthquake, slackoff] ttype=ground
INFO     Sampling 3 unrevealed pokemon
INFO     	    raichualola  surgesurfer  choicespecs [grassknot, psyshock, surf, thunderbolt] ttype=water
INFO     	        moltres    flamebody heavydutyboots [bravebird, fireblast, roost, uturn] ttype=steel
INFO     	         latios     levitate  choicespecs [aurasphere, dracometeor, flipturn, lusterpurge] ttype=psychic
INFO     Initializing per-node neural priors callback (Abra model)...
INFO     Neural callback already initialized
INFO     Per-node neural priors enabled
INFO     Searching for a move using PUCT MCTS with neural priors...
INFO     Sampling 4 battles at 250ms each
INFO     Computing neural priors for all battles...
INFO     Initialized StateTranslator with TeamPreviewObservationSpace
INFO     Initializing LocalPolicyProvider with model: Abra
INFO     Loading pretrained Abra model...
INFO     CUDA not available - overriding FlashAttention with VanillaAttention
[91mWarning: Using unofficial VanillaAttention implementation[0m


 		 AMAGO v3.1
            	 -------------------------
            	 Agent: MultiTaskAgent
            		 Max Sequence Length: 200
            		 TstepEncoder Type: MetamonTstepEncoder
            		 TrajEncoder Type: TformerTrajEncoder
            		 Total Parameters: 57,535,116
            		 Offline Loss Weight: 1.0
            		 Online Loss Weight: 0.0
            		 Mixed Precision: NO
            		 Checkpoint Path: /Users/yadureddy/Documents/GitHub/clean/pokeagent_ac_mcts/.metamon_cache/pretrained_models/models--jakegrigsby--metamon/snapshots/c5d1cb9abb6747066a325228845a5a8af3d12139/abra/abra/ckpts
            	 Environment:
            		 DummyAsyncVectorEnv(Gym Env x 1)
            		 Exploration Type: None
            	 Dataset: DoNothingDataset
            	 Accelerate Processes: 1 


INFO     Successfully loaded Abra model
ERROR    Error translating battle to observation: 
WARNING  Failed to get priors for battle: 
ERROR    Error translating battle to observation: 
WARNING  Failed to get priors for battle: 
ERROR    Error translating battle to observation: 
WARNING  Failed to get priors for battle: 
ERROR    Error translating battle to observation: 
WARNING  Failed to get priors for battle: 
INFO     Successfully computed neural priors for 0/4 battles
INFO     Using PUCT-guided move selection (priors integrated during search)...
INFO     Policy 0: rapidspin visited 60.34% avg_score=0.46 sample_chance_multiplier=0.25
INFO     Policy 1: rapidspin visited 62.58% avg_score=0.452 sample_chance_multiplier=0.25
INFO     Policy 2: voltswitch visited 43.18% avg_score=0.351 sample_chance_multiplier=0.25
INFO     Policy 3: voltswitch visited 27.88% avg_score=0.376 sample_chance_multiplier=0.25
INFO     Considered Choices:
INFO     	41.502%: rapidspin
INFO     Choice: rapidspin
INFO     keldeoresolute used a water move, removing watergem from possible items
INFO     Setting keldeoresolute's last used move: hydropump
INFO     keldeoresolute used a damaging move - not guessing lifeorb anymore
INFO     keldeoresolute did 68.44% damage to forretress with hydropump
INFO     Setting forretress's item to: leftovers
INFO     keldeoresolute has less than maxhp during upkeep, no longer guessing leftovers or blacksludge
INFO     
INFO     Turn: 15
INFO     Sampling battle 0
INFO     	 keldeoresolute    justified  choicescarf [airslash, flipturn, hydropump, secretsword] ttype=fighting
INFO     	       vigoroth  vitalspirit  choicespecs [bodyslam, bulkup, earthquake, slackoff] ttype=ground
INFO     Sampling 3 unrevealed pokemon
INFO     	       enamorus     contrary heavydutyboots [playrough, superpower, taunt, zenheadbutt] ttype=fighting
INFO     	      trevenant  naturalcure      lifeorb [drainpunch, hornleech, poltergeist, trickroom] ttype=fighting
INFO     	     perrserker steelyspirit   choiceband [closecombat, ironhead, knockoff, uturn] ttype=steel
INFO     Sampling battle 1
INFO     	 keldeoresolute    justified  choicescarf [airslash, flipturn, hydropump, secretsword] ttype=fighting
INFO     	       vigoroth  vitalspirit  choicespecs [bodyslam, bulkup, earthquake, slackoff] ttype=ground
INFO     Sampling 3 unrevealed pokemon
INFO     	    gougingfire protosynthesis heavydutyboots [dragondance, heatcrash, morningsun, outrage] ttype=fairy
INFO     	     oinkologne     thickfat    leftovers [bodyslam, curse, highhorsepower, lashout] ttype=ground
INFO     	         golurk      noguard      lifeorb [dynamicpunch, earthquake, poltergeist, stealthrock] ttype=ground
INFO     Initializing per-node neural priors callback (Abra model)...
INFO     Neural callback already initialized
INFO     Per-node neural priors enabled
INFO     Searching for a move using PUCT MCTS with neural priors...
INFO     Sampling 2 battles at 500ms each
INFO     Computing neural priors for all battles...
INFO     Initialized StateTranslator with TeamPreviewObservationSpace
INFO     Initializing LocalPolicyProvider with model: Abra
INFO     Loading pretrained Abra model...
INFO     CUDA not available - overriding FlashAttention with VanillaAttention
[91mWarning: Using unofficial VanillaAttention implementation[0m


 		 AMAGO v3.1
            	 -------------------------
            	 Agent: MultiTaskAgent
            		 Max Sequence Length: 200
            		 TstepEncoder Type: MetamonTstepEncoder
            		 TrajEncoder Type: TformerTrajEncoder
            		 Total Parameters: 57,535,116
            		 Offline Loss Weight: 1.0
            		 Online Loss Weight: 0.0
            		 Mixed Precision: NO
            		 Checkpoint Path: /Users/yadureddy/Documents/GitHub/clean/pokeagent_ac_mcts/.metamon_cache/pretrained_models/models--jakegrigsby--metamon/snapshots/c5d1cb9abb6747066a325228845a5a8af3d12139/abra/abra/ckpts
            	 Environment:
            		 DummyAsyncVectorEnv(Gym Env x 1)
            		 Exploration Type: None
            	 Dataset: DoNothingDataset
            	 Accelerate Processes: 1 


INFO     Successfully loaded Abra model
ERROR    Error translating battle to observation: 
WARNING  Failed to get priors for battle: 
ERROR    Error translating battle to observation: 
WARNING  Failed to get priors for battle: 
INFO     Successfully computed neural priors for 0/2 battles
INFO     Using PUCT-guided move selection (priors integrated during search)...
INFO     Policy 0: toxicspikes visited 41.38% avg_score=0.48 sample_chance_multiplier=0.5
INFO     Policy 1: ironhead visited 35.93% avg_score=0.553 sample_chance_multiplier=0.5
INFO     Considered Choices:
INFO     	31.648%: ironhead
INFO     	29.34%: toxicspikes
INFO     Choice: toxicspikes
INFO     Updated keldeoresolute's min speed to 57
INFO     keldeoresolute used two different moves - it cannot have a choice item
INFO     keldeoresolute using calmmind makes it unlikely to have a choice item. Setting can_have_choice_item to False
INFO     keldeoresolute used a status-move. Adding `assaultvest` to impossible items
INFO     Setting keldeoresolute's last used move: calmmind
INFO     keldeoresolute's special-attack was boosted by 1 to 1
INFO     keldeoresolute's special-defense was boosted by 1 to 1
INFO     forretress already has the move toxicspikes. Decrementing the PP by 1
INFO     forretress used a status-move. Adding `assaultvest` to impossible items
INFO     Setting forretress's last used move: toxicspikes
INFO     Incremented side condition toxicspikes to 2 for keldeoresolute
INFO     Setting keldeoresolute's item to: leftovers
INFO     Setting forretress's item to: leftovers
INFO     keldeoresolute has less than maxhp during upkeep, no longer guessing leftovers or blacksludge
INFO     
INFO     Turn: 16
INFO     Sampling battle 0
INFO     	 keldeoresolute    justified    leftovers [calmmind, hydropump, secretsword, substitute] ttype=steel
INFO     	       vigoroth  vitalspirit  choicespecs [bodyslam, bulkup, earthquake, slackoff] ttype=ground
INFO     Sampling 3 unrevealed pokemon
INFO     	      gardevoir        trace      lifeorb [calmmind, focusblast, moonblast, psychic] ttype=fighting
INFO     	      metagross    clearbody  choicescarf [earthquake, heavyslam, knockoff, psychicfangs] ttype=water
INFO     	         dialga     pressure    leftovers [dracometeor, fireblast, heavyslam, stealthrock] ttype=dragon
INFO     Sampling battle 1
INFO     	 keldeoresolute    justified    leftovers [calmmind, hydropump, secretsword, substitute] ttype=steel
INFO     	       vigoroth  vitalspirit  choicespecs [bodyslam, bulkup, earthquake, slackoff] ttype=ground
INFO     Sampling 3 unrevealed pokemon
INFO     	       cacturne  waterabsorb      lifeorb [drainpunch, seedbomb, suckerpunch, swordsdance] ttype=dark
INFO     	       koraidon orichalcumpulse   choiceband [closecombat, flareblitz, outrage, uturn] ttype=fire
INFO     	        luvdisc    swiftswim heavydutyboots [endeavor, substitute, surf, whirlpool] ttype=ground
INFO     Initializing per-node neural priors callback (Abra model)...
INFO     Neural callback already initialized
INFO     Per-node neural priors enabled
INFO     Searching for a move using PUCT MCTS with neural priors...
INFO     Sampling 2 battles at 500ms each
INFO     Computing neural priors for all battles...
INFO     Initialized StateTranslator with TeamPreviewObservationSpace
INFO     Initializing LocalPolicyProvider with model: Abra
INFO     Loading pretrained Abra model...
INFO     CUDA not available - overriding FlashAttention with VanillaAttention
[91mWarning: Using unofficial VanillaAttention implementation[0m


 		 AMAGO v3.1
            	 -------------------------
            	 Agent: MultiTaskAgent
            		 Max Sequence Length: 200
            		 TstepEncoder Type: MetamonTstepEncoder
            		 TrajEncoder Type: TformerTrajEncoder
            		 Total Parameters: 57,535,116
            		 Offline Loss Weight: 1.0
            		 Online Loss Weight: 0.0
            		 Mixed Precision: NO
            		 Checkpoint Path: /Users/yadureddy/Documents/GitHub/clean/pokeagent_ac_mcts/.metamon_cache/pretrained_models/models--jakegrigsby--metamon/snapshots/c5d1cb9abb6747066a325228845a5a8af3d12139/abra/abra/ckpts
            	 Environment:
            		 DummyAsyncVectorEnv(Gym Env x 1)
            		 Exploration Type: None
            	 Dataset: DoNothingDataset
            	 Accelerate Processes: 1 


INFO     Successfully loaded Abra model
ERROR    Error translating battle to observation: 
WARNING  Failed to get priors for battle: 
ERROR    Error translating battle to observation: 
WARNING  Failed to get priors for battle: 
INFO     Successfully computed neural priors for 0/2 battles
INFO     Using PUCT-guided move selection (priors integrated during search)...
INFO     Policy 0: voltswitch visited 45.03% avg_score=0.23 sample_chance_multiplier=0.5
INFO     Policy 1: voltswitch visited 32.0% avg_score=0.216 sample_chance_multiplier=0.5
INFO     Considered Choices:
INFO     	38.517%: voltswitch
INFO     Choice: voltswitch
INFO     Updated keldeoresolute's min speed to 57
INFO     keldeoresolute already has the move calmmind. Decrementing the PP by 1
INFO     keldeoresolute using calmmind makes it unlikely to have a choice item. Setting can_have_choice_item to False
INFO     keldeoresolute used a status-move. Adding `assaultvest` to impossible items
INFO     Setting keldeoresolute's last used move: calmmind
INFO     keldeoresolute's special-attack was boosted by 1 to 2
INFO     keldeoresolute's special-defense was boosted by 1 to 2
INFO     forretress already has the move voltswitch. Decrementing the PP by 1
INFO     forretress used a electric move, removing electricgem from possible items
INFO     Setting forretress's last used move: voltswitch
INFO     forretress used a damaging move - not guessing lifeorb anymore
INFO     forretress did 14.000000000000002% damage to keldeoresolute with voltswitch
INFO     Sampling battle 0
INFO     	 keldeoresolute    justified    leftovers [calmmind, hydropump, secretsword, substitute] ttype=steel
INFO     	       vigoroth  vitalspirit  choicespecs [bodyslam, bulkup, earthquake, slackoff] ttype=ground
INFO     Sampling 3 unrevealed pokemon
INFO     	      meowsticf  competitive      lifeorb [darkpulse, nastyplot, psyshock, thunderbolt] ttype=electric
INFO     	     whimsicott    prankster    leftovers [encore, leechseed, moonblast, substitute] ttype=steel
INFO     	        dugtrio    arenatrap      lifeorb [earthquake, stoneedge, suckerpunch, swordsdance] ttype=flying
INFO     Sampling battle 1
INFO     	 keldeoresolute    justified    leftovers [calmmind, hydropump, secretsword, substitute] ttype=steel
INFO     	       vigoroth  vitalspirit  choicespecs [bodyslam, bulkup, earthquake, slackoff] ttype=ground
INFO     Sampling 3 unrevealed pokemon
INFO     	         rhydon lightningrod     eviolite [earthquake, megahorn, stoneedge, swordsdance] ttype=water
INFO     	      arceusbug    multitype  insectplate [calmmind, fireblast, judgment, recover] ttype=fire
INFO     	    arceusghost    multitype  spookyplate [calmmind, focusblast, judgment, recover] ttype=fighting
INFO     Initializing per-node neural priors callback (Abra model)...
INFO     Neural callback already initialized
INFO     Per-node neural priors enabled
INFO     Searching for a move using PUCT MCTS with neural priors...
INFO     Sampling 2 battles at 500ms each
INFO     Computing neural priors for all battles...
INFO     Initialized StateTranslator with TeamPreviewObservationSpace
INFO     Initializing LocalPolicyProvider with model: Abra
INFO     Loading pretrained Abra model...
INFO     CUDA not available - overriding FlashAttention with VanillaAttention
[91mWarning: Using unofficial VanillaAttention implementation[0m


 		 AMAGO v3.1
            	 -------------------------
            	 Agent: MultiTaskAgent
            		 Max Sequence Length: 200
            		 TstepEncoder Type: MetamonTstepEncoder
            		 TrajEncoder Type: TformerTrajEncoder
            		 Total Parameters: 57,535,116
            		 Offline Loss Weight: 1.0
            		 Online Loss Weight: 0.0
            		 Mixed Precision: NO
            		 Checkpoint Path: /Users/yadureddy/Documents/GitHub/clean/pokeagent_ac_mcts/.metamon_cache/pretrained_models/models--jakegrigsby--metamon/snapshots/c5d1cb9abb6747066a325228845a5a8af3d12139/abra/abra/ckpts
            	 Environment:
            		 DummyAsyncVectorEnv(Gym Env x 1)
            		 Exploration Type: None
            	 Dataset: DoNothingDataset
            	 Accelerate Processes: 1 


INFO     Successfully loaded Abra model
ERROR    Error translating battle to observation: 
WARNING  Failed to get priors for battle: 
ERROR    Error translating battle to observation: 
WARNING  Failed to get priors for battle: 
INFO     Successfully computed neural priors for 0/2 battles
INFO     Using PUCT-guided move selection (priors integrated during search)...
INFO     Policy 0: switch metagross visited 88.21% avg_score=0.189 sample_chance_multiplier=0.5
INFO     Policy 1: switch metagross visited 88.23% avg_score=0.182 sample_chance_multiplier=0.5
INFO     Considered Choices:
INFO     	88.219%: switch metagross
INFO     Choice: switch metagross
INFO     metagross switched in, adding intimidate to impossible abilities
INFO     metagross switched in, adding pressure to impossible abilities
INFO     metagross switched in, adding neutralizinggas to impossible abilities
INFO     metagross switched in, adding sandstream to impossible abilities
INFO     metagross switched in, adding drought to impossible abilities
INFO     metagross switched in, adding drizzle to impossible abilities
INFO     metagross switched in, adding snowwarning to impossible abilities
INFO     metagross switched in, adding boosterenergy to impossible items
INFO     metagross switched in, adding airballoon to impossible items
INFO     Setting keldeoresolute's item to: leftovers
INFO     keldeoresolute has less than maxhp during upkeep, no longer guessing leftovers or blacksludge
INFO     
INFO     Turn: 17
INFO     Sampling battle 0
INFO     	 keldeoresolute    justified    leftovers [calmmind, hydropump, secretsword, substitute] ttype=steel
INFO     	       vigoroth  vitalspirit  choicespecs [bodyslam, bulkup, earthquake, slackoff] ttype=ground
INFO     Sampling 3 unrevealed pokemon
INFO     	       swampert      torrent    leftovers [earthquake, flipturn, knockoff, yawn] ttype=steel
INFO     	      infernape        blaze   choiceband [closecombat, flareblitz, knockoff, machpunch] ttype=fighting
INFO     	       alcremie    aromaveil    leftovers [acidarmor, calmmind, dazzlinggleam, recover] ttype=poison
INFO     Sampling battle 1
INFO     	 keldeoresolute    justified    leftovers [calmmind, hydropump, secretsword, substitute] ttype=steel
INFO     	       vigoroth  vitalspirit  choicespecs [bodyslam, bulkup, earthquake, slackoff] ttype=ground
INFO     Sampling 3 unrevealed pokemon
INFO     	        avalugg       sturdy heavydutyboots [avalanche, bodypress, curse, recover] ttype=fighting
INFO     	       mukalola  poisontouch  assaultvest [icepunch, knockoff, poisonjab, shadowsneak] ttype=dark
INFO     	        luvdisc    swiftswim heavydutyboots [endeavor, substitute, surf, whirlpool] ttype=ground
INFO     Initializing per-node neural priors callback (Abra model)...
INFO     Neural callback already initialized
INFO     Per-node neural priors enabled
INFO     Searching for a move using PUCT MCTS with neural priors...
INFO     Sampling 2 battles at 500ms each
INFO     Computing neural priors for all battles...
INFO     Initialized StateTranslator with TeamPreviewObservationSpace
INFO     Initializing LocalPolicyProvider with model: Abra
INFO     Loading pretrained Abra model...
INFO     CUDA not available - overriding FlashAttention with VanillaAttention
[91mWarning: Using unofficial VanillaAttention implementation[0m


 		 AMAGO v3.1
            	 -------------------------
            	 Agent: MultiTaskAgent
            		 Max Sequence Length: 200
            		 TstepEncoder Type: MetamonTstepEncoder
            		 TrajEncoder Type: TformerTrajEncoder
            		 Total Parameters: 57,535,116
            		 Offline Loss Weight: 1.0
            		 Online Loss Weight: 0.0
            		 Mixed Precision: NO
            		 Checkpoint Path: /Users/yadureddy/Documents/GitHub/clean/pokeagent_ac_mcts/.metamon_cache/pretrained_models/models--jakegrigsby--metamon/snapshots/c5d1cb9abb6747066a325228845a5a8af3d12139/abra/abra/ckpts
            	 Environment:
            		 DummyAsyncVectorEnv(Gym Env x 1)
            		 Exploration Type: None
            	 Dataset: DoNothingDataset
            	 Accelerate Processes: 1 


INFO     Successfully loaded Abra model
ERROR    Error translating battle to observation: 
WARNING  Failed to get priors for battle: 
ERROR    Error translating battle to observation: 
WARNING  Failed to get priors for battle: 
INFO     Successfully computed neural priors for 0/2 battles
INFO     Using PUCT-guided move selection (priors integrated during search)...
INFO     Policy 0: switch forretress visited 22.94% avg_score=0.079 sample_chance_multiplier=0.5
INFO     Policy 1: earthquake visited 22.98% avg_score=0.081 sample_chance_multiplier=0.5
INFO     Considered Choices:
INFO     	20.137%: earthquake
INFO     	18.795%: heavyslam
INFO     	16.547%: switch kingdra
INFO     	16.136%: switch forretress
INFO     Choice: heavyslam
INFO     Updated keldeoresolute's min speed to 156
INFO     keldeoresolute already has the move hydropump. Decrementing the PP by 1
INFO     keldeoresolute used two different moves - it cannot have a choice item
INFO     keldeoresolute used a water move, removing watergem from possible items
INFO     Setting keldeoresolute's last used move: hydropump
INFO     keldeoresolute used a damaging move - not guessing lifeorb anymore
INFO     keldeoresolute did 100.0% damage to metagross with hydropump
INFO     Setting keldeoresolute's item to: leftovers
INFO     keldeoresolute has less than maxhp during upkeep, no longer guessing leftovers or blacksludge
INFO     Sampling battle 0
INFO     	 keldeoresolute    justified    leftovers [calmmind, hydropump, secretsword, substitute] ttype=steel
INFO     	       vigoroth  vitalspirit  choicespecs [bodyslam, bulkup, earthquake, slackoff] ttype=ground
INFO     Sampling 3 unrevealed pokemon
INFO     	       tinkaton  moldbreaker      lifeorb [gigatonhammer, knockoff, playrough, swordsdance] ttype=steel
INFO     	        breloom   technician      lifeorb [bulletseed, machpunch, rocktomb, swordsdance] ttype=fighting
INFO     	      registeel    clearbody    leftovers [bodypress, irondefense, ironhead, thunderwave] ttype=fighting
INFO     Sampling battle 1
INFO     	 keldeoresolute    justified    leftovers [calmmind, hydropump, secretsword, substitute] ttype=steel
INFO     	       vigoroth  vitalspirit  choicespecs [bodyslam, bulkup, earthquake, slackoff] ttype=ground
INFO     Sampling 3 unrevealed pokemon
INFO     	        dedenne   cheekpouch  sitrusberry [dazzlinggleam, nuzzle, superfang, thunderbolt] ttype=flying
INFO     	     mabosstiff     stakeout  choicescarf [crunch, playrough, psychicfangs, wildcharge] ttype=dark
INFO     	      eternatus     pressure    powerherb [dynamaxcannon, fireblast, meteorbeam, sludgebomb] ttype=poison
INFO     Initializing per-node neural priors callback (Abra model)...
INFO     Neural callback already initialized
INFO     Per-node neural priors enabled
INFO     Searching for a move using PUCT MCTS with neural priors...
INFO     Sampling 2 battles at 500ms each
INFO     Computing neural priors for all battles...
INFO     Initialized StateTranslator with TeamPreviewObservationSpace
INFO     Initializing LocalPolicyProvider with model: Abra
INFO     Loading pretrained Abra model...
INFO     CUDA not available - overriding FlashAttention with VanillaAttention
[91mWarning: Using unofficial VanillaAttention implementation[0m


 		 AMAGO v3.1
            	 -------------------------
            	 Agent: MultiTaskAgent
            		 Max Sequence Length: 200
            		 TstepEncoder Type: MetamonTstepEncoder
            		 TrajEncoder Type: TformerTrajEncoder
            		 Total Parameters: 57,535,116
            		 Offline Loss Weight: 1.0
            		 Online Loss Weight: 0.0
            		 Mixed Precision: NO
            		 Checkpoint Path: /Users/yadureddy/Documents/GitHub/clean/pokeagent_ac_mcts/.metamon_cache/pretrained_models/models--jakegrigsby--metamon/snapshots/c5d1cb9abb6747066a325228845a5a8af3d12139/abra/abra/ckpts
            	 Environment:
            		 DummyAsyncVectorEnv(Gym Env x 1)
            		 Exploration Type: None
            	 Dataset: DoNothingDataset
            	 Accelerate Processes: 1 


INFO     Successfully loaded Abra model
ERROR    Error translating battle to observation: 
WARNING  Failed to get priors for battle: 
ERROR    Error translating battle to observation: 
WARNING  Failed to get priors for battle: 
INFO     Successfully computed neural priors for 0/2 battles
INFO     Using PUCT-guided move selection (priors integrated during search)...
INFO     Policy 0: switch forretress visited 50.07% avg_score=0.005 sample_chance_multiplier=0.5
INFO     Policy 1: switch forretress visited 50.05% avg_score=0.005 sample_chance_multiplier=0.5
INFO     Considered Choices:
INFO     	50.061%: switch forretress
INFO     	49.939%: switch kingdra
INFO     Choice: switch forretress
INFO     
INFO     Turn: 18
INFO     Sampling battle 0
INFO     	 keldeoresolute    justified    leftovers [calmmind, hydropump, secretsword, substitute] ttype=steel
INFO     	       vigoroth  vitalspirit  choicespecs [bodyslam, bulkup, earthquake, slackoff] ttype=ground
INFO     Sampling 3 unrevealed pokemon
INFO     	      lilligant     owntempo      lifeorb [alluringvoice, petaldance, quiverdance, sleeppowder] ttype=grass
INFO     	     arceusdark    multitype   dreadplate [calmmind, judgment, recover, sludgebomb] ttype=poison
INFO     	         mewtwo      unnerve      lifeorb [aurasphere, fireblast, nastyplot, psystrike] ttype=fire
INFO     Sampling battle 1
INFO     	 keldeoresolute    justified    leftovers [calmmind, hydropump, secretsword, substitute] ttype=steel
INFO     	       vigoroth  vitalspirit  choicespecs [bodyslam, bulkup, earthquake, slackoff] ttype=ground
INFO     Sampling 3 unrevealed pokemon
INFO     	      azumarill    hugepower  sitrusberry [aquajet, bellydrum, liquidation, playrough] ttype=water
INFO     	        spidops     stakeout heavydutyboots [circlethrow, knockoff, spikes, toxicspikes] ttype=ghost
INFO     	       sawsbuck  serenegrace      lifeorb [headbutt, highhorsepower, hornleech, swordsdance] ttype=normal
INFO     Initializing per-node neural priors callback (Abra model)...
INFO     Neural callback already initialized
INFO     Per-node neural priors enabled
INFO     Searching for a move using PUCT MCTS with neural priors...
INFO     Sampling 2 battles at 500ms each
INFO     Computing neural priors for all battles...
INFO     Initialized StateTranslator with TeamPreviewObservationSpace
INFO     Initializing LocalPolicyProvider with model: Abra
INFO     Loading pretrained Abra model...
INFO     CUDA not available - overriding FlashAttention with VanillaAttention
[91mWarning: Using unofficial VanillaAttention implementation[0m


 		 AMAGO v3.1
            	 -------------------------
            	 Agent: MultiTaskAgent
            		 Max Sequence Length: 200
            		 TstepEncoder Type: MetamonTstepEncoder
            		 TrajEncoder Type: TformerTrajEncoder
            		 Total Parameters: 57,535,116
            		 Offline Loss Weight: 1.0
            		 Online Loss Weight: 0.0
            		 Mixed Precision: NO
            		 Checkpoint Path: /Users/yadureddy/Documents/GitHub/clean/pokeagent_ac_mcts/.metamon_cache/pretrained_models/models--jakegrigsby--metamon/snapshots/c5d1cb9abb6747066a325228845a5a8af3d12139/abra/abra/ckpts
            	 Environment:
            		 DummyAsyncVectorEnv(Gym Env x 1)
            		 Exploration Type: None
            	 Dataset: DoNothingDataset
            	 Accelerate Processes: 1 


INFO     Successfully loaded Abra model
ERROR    Error translating battle to observation: 
WARNING  Failed to get priors for battle: 
ERROR    Error translating battle to observation: 
WARNING  Failed to get priors for battle: 
INFO     Successfully computed neural priors for 0/2 battles
INFO     Using PUCT-guided move selection (priors integrated during search)...
INFO     Policy 0: rapidspin visited 20.48% avg_score=0.003 sample_chance_multiplier=0.5
INFO     Policy 1: ironhead visited 20.87% avg_score=0.003 sample_chance_multiplier=0.5
INFO     Considered Choices:
INFO     	20.608%: ironhead
INFO     	20.477%: switch kingdra
INFO     	19.883%: voltswitch
INFO     	19.844%: rapidspin
INFO     	19.188%: toxicspikes
INFO     Choice: ironhead
INFO     Updated keldeoresolute's min speed to 156
INFO     keldeoresolute used two different moves - it cannot have a choice item
INFO     keldeoresolute used a fighting move, removing fightinggem from possible items
INFO     Setting keldeoresolute's last used move: secretsword
INFO     keldeoresolute used a damaging move - not guessing lifeorb anymore
INFO     keldeoresolute did 39.92% damage to forretress with secretsword
INFO     Setting keldeoresolute's item to: leftovers
INFO     keldeoresolute has less than maxhp during upkeep, no longer guessing leftovers or blacksludge
INFO     Sampling battle 0
INFO     	 keldeoresolute    justified    leftovers [calmmind, hydropump, secretsword, substitute] ttype=steel
INFO     	       vigoroth  vitalspirit  choicespecs [bodyslam, bulkup, earthquake, slackoff] ttype=ground
INFO     Sampling 3 unrevealed pokemon
INFO     	squawkabillyblue         guts     flameorb [bravebird, facade, quickattack, uturn] ttype=normal
INFO     	         palkia     pressure  lustrousorb [fireblast, hydropump, spacialrend, thunderwave] ttype=fire
INFO     	      gholdengo   goodasgold    leftovers [makeitrain, recover, shadowball, thunderwave] ttype=dark
INFO     Sampling battle 1
INFO     	 keldeoresolute    justified    leftovers [calmmind, hydropump, secretsword, substitute] ttype=steel
INFO     	       vigoroth  vitalspirit  choicespecs [bodyslam, bulkup, earthquake, slackoff] ttype=ground
INFO     Sampling 3 unrevealed pokemon
INFO     	      metagross    clearbody   choiceband [bulletpunch, earthquake, heavyslam, psychicfangs] ttype=water
INFO     	      cramorant  gulpmissile heavydutyboots [bravebird, defog, roost, surf] ttype=ground
INFO     	      mismagius     levitate      lifeorb [dazzlinggleam, nastyplot, shadowball, thunderbolt] ttype=fairy
INFO     Initializing per-node neural priors callback (Abra model)...
INFO     Neural callback already initialized
INFO     Per-node neural priors enabled
INFO     Searching for a move using PUCT MCTS with neural priors...
INFO     Sampling 2 battles at 500ms each
INFO     Computing neural priors for all battles...
INFO     Initialized StateTranslator with TeamPreviewObservationSpace
INFO     Initializing LocalPolicyProvider with model: Abra
INFO     Loading pretrained Abra model...
INFO     CUDA not available - overriding FlashAttention with VanillaAttention
[91mWarning: Using unofficial VanillaAttention implementation[0m


 		 AMAGO v3.1
            	 -------------------------
            	 Agent: MultiTaskAgent
            		 Max Sequence Length: 200
            		 TstepEncoder Type: MetamonTstepEncoder
            		 TrajEncoder Type: TformerTrajEncoder
            		 Total Parameters: 57,535,116
            		 Offline Loss Weight: 1.0
            		 Online Loss Weight: 0.0
            		 Mixed Precision: NO
            		 Checkpoint Path: /Users/yadureddy/Documents/GitHub/clean/pokeagent_ac_mcts/.metamon_cache/pretrained_models/models--jakegrigsby--metamon/snapshots/c5d1cb9abb6747066a325228845a5a8af3d12139/abra/abra/ckpts
            	 Environment:
            		 DummyAsyncVectorEnv(Gym Env x 1)
            		 Exploration Type: None
            	 Dataset: DoNothingDataset
            	 Accelerate Processes: 1 


INFO     Successfully loaded Abra model
ERROR    Error translating battle to observation: 
WARNING  Failed to get priors for battle: 
ERROR    Error translating battle to observation: 
WARNING  Failed to get priors for battle: 
INFO     Successfully computed neural priors for 0/2 battles
INFO     Using PUCT-guided move selection (priors integrated during search)...
INFO     Policy 0: switch kingdra visited 100.0% avg_score=0.001 sample_chance_multiplier=0.5
INFO     Policy 1: switch kingdra visited 100.0% avg_score=0.001 sample_chance_multiplier=0.5
INFO     Considered Choices:
INFO     	100.0%: switch kingdra
INFO     Choice: switch kingdra
INFO     kingdra switched in, adding intimidate to impossible abilities
INFO     kingdra switched in, adding pressure to impossible abilities
INFO     kingdra switched in, adding neutralizinggas to impossible abilities
INFO     kingdra switched in, adding sandstream to impossible abilities
INFO     kingdra switched in, adding drought to impossible abilities
INFO     kingdra switched in, adding drizzle to impossible abilities
INFO     kingdra switched in, adding snowwarning to impossible abilities
INFO     kingdra switched in, adding boosterenergy to impossible items
INFO     kingdra switched in, adding airballoon to impossible items
INFO     
INFO     Turn: 19
INFO     Sampling battle 0
INFO     	 keldeoresolute    justified    leftovers [calmmind, hydropump, secretsword, substitute] ttype=steel
INFO     	       vigoroth  vitalspirit  choicespecs [bodyslam, bulkup, earthquake, slackoff] ttype=ground
INFO     Sampling 3 unrevealed pokemon
INFO     	      pachirisu   voltabsorb  assaultvest [nuzzle, superfang, thunderbolt, uturn] ttype=flying
INFO     	         palkia     pressure  lustrousorb [dracometeor, fireblast, hydropump, thunderwave] ttype=water
INFO     	     golemalola    galvanize   choiceband [doubleedge, earthquake, explosion, stoneedge] ttype=ground
INFO     Sampling battle 1
INFO     	 keldeoresolute    justified    leftovers [calmmind, hydropump, secretsword, substitute] ttype=steel
INFO     	       vigoroth  vitalspirit  choicespecs [bodyslam, bulkup, earthquake, slackoff] ttype=ground
INFO     Sampling 3 unrevealed pokemon
INFO     	       empoleon  competitive    leftovers [flipturn, roost, surf, yawn] ttype=grass
INFO     	 oricoriopompom       dancer heavydutyboots [hurricane, quiverdance, revelationdance, roost] ttype=ground
INFO     	 electrodehisui       static      lifeorb [leafstorm, taunt, thunderbolt, voltswitch] ttype=electric
INFO     Initializing per-node neural priors callback (Abra model)...
INFO     Neural callback already initialized
INFO     Per-node neural priors enabled
INFO     Searching for a move using PUCT MCTS with neural priors...
INFO     Sampling 2 battles at 500ms each
INFO     Computing neural priors for all battles...
INFO     Initialized StateTranslator with TeamPreviewObservationSpace
INFO     Initializing LocalPolicyProvider with model: Abra
INFO     Loading pretrained Abra model...
INFO     CUDA not available - overriding FlashAttention with VanillaAttention
[91mWarning: Using unofficial VanillaAttention implementation[0m


 		 AMAGO v3.1
            	 -------------------------
            	 Agent: MultiTaskAgent
            		 Max Sequence Length: 200
            		 TstepEncoder Type: MetamonTstepEncoder
            		 TrajEncoder Type: TformerTrajEncoder
            		 Total Parameters: 57,535,116
            		 Offline Loss Weight: 1.0
            		 Online Loss Weight: 0.0
            		 Mixed Precision: NO
            		 Checkpoint Path: /Users/yadureddy/Documents/GitHub/clean/pokeagent_ac_mcts/.metamon_cache/pretrained_models/models--jakegrigsby--metamon/snapshots/c5d1cb9abb6747066a325228845a5a8af3d12139/abra/abra/ckpts
            	 Environment:
            		 DummyAsyncVectorEnv(Gym Env x 1)
            		 Exploration Type: None
            	 Dataset: DoNothingDataset
            	 Accelerate Processes: 1 


INFO     Successfully loaded Abra model
ERROR    Error translating battle to observation: 
WARNING  Failed to get priors for battle: 
ERROR    Error translating battle to observation: 
WARNING  Failed to get priors for battle: 
INFO     Successfully computed neural priors for 0/2 battles
INFO     Using PUCT-guided move selection (priors integrated during search)...
INFO     Policy 0: hurricane visited 30.63% avg_score=0.001 sample_chance_multiplier=0.5
INFO     Policy 1: hurricane visited 30.71% avg_score=0.001 sample_chance_multiplier=0.5
INFO     Considered Choices:
INFO     	30.67%: hurricane
INFO     	24.109%: dracometeor
INFO     	23.776%: raindance
INFO     Choice: hurricane
INFO     Winner: VanillaMCTS
INFO     Lost with team: None
INFO     W: 2	L: 3
