INFO     Logging in...
INFO     Logging in to local server...
INFO     Searching for ranked gen9randombattle match
INFO     Initialized battle-gen9randombattle-39 against: VanillaMCTS
INFO     Opponent has switched - clearing the last used move
INFO     rotomfan switched in, adding intimidate to impossible abilities
INFO     rotomfan switched in, adding pressure to impossible abilities
INFO     rotomfan switched in, adding neutralizinggas to impossible abilities
INFO     rotomfan switched in, adding sandstream to impossible abilities
INFO     rotomfan switched in, adding drought to impossible abilities
INFO     rotomfan switched in, adding drizzle to impossible abilities
INFO     rotomfan switched in, adding snowwarning to impossible abilities
INFO     rotomfan switched in, adding boosterenergy to impossible items
INFO     rotomfan switched in, adding airballoon to impossible items
INFO     
INFO     Turn: 1
INFO     Sampling battle 0
INFO     	       rotomfan     levitate heavydutyboots [airslash, thunderbolt, voltswitch, willowisp] ttype=steel
INFO     Sampling 5 unrevealed pokemon
INFO     	         goodra    sapsipper  assaultvest [dracometeor, fireblast, powerwhip, scald] ttype=steel
INFO     	       reshiram   turboblaze heavydutyboots [blueflare, dracometeor, dragontail, willowisp] ttype=fire
INFO     	      ninetales      drought heavydutyboots [fireblast, nastyplot, scorchingsands, solarbeam] ttype=grass
INFO     	        flamigo      scrappy  choicescarf [bravebird, closecombat, throatchop, uturn] ttype=fighting
INFO     	        okidogi   toxicchain  assaultvest [drainpunch, gunkshot, knockoff, psychicfangs] ttype=dark
INFO     Sampling battle 1
INFO     	       rotomfan     levitate heavydutyboots [airslash, nastyplot, thunderbolt, willowisp] ttype=steel
INFO     Sampling 5 unrevealed pokemon
INFO     	       vaporeon  waterabsorb    leftovers [flipturn, protect, scald, wish] ttype=ghost
INFO     	       oricorio       dancer heavydutyboots [hurricane, quiverdance, revelationdance, roost] ttype=ground
INFO     	        glaceon      icebody heavydutyboots [freezedry, mudshot, protect, wish] ttype=ground
INFO     	      cresselia     levitate    leftovers [calmmind, moonlight, psyshock, thunderbolt] ttype=electric
INFO     	     annihilape      defiant  chestoberry [bulkup, drainpunch, ragefist, rest] ttype=ghost
INFO     Sampling battle 2
INFO     	       rotomfan     levitate heavydutyboots [airslash, nastyplot, thunderbolt, willowisp] ttype=steel
INFO     Sampling 5 unrevealed pokemon
WARNING  ghost is not a known move
INFO     	          ditto     imposter  choicescarf [transform]
INFO     	       sneasler     unburden    whiteherb [acrobatics, closecombat, gunkshot, swordsdance] ttype=flying
INFO     	        sylveon     pixilate    leftovers [calmmind, hypervoice, protect, wish] ttype=steel
INFO     	    meowscarada      protean    focussash [flowertrick, knockoff, toxicspikes, tripleaxel] ttype=dark
INFO     	       torterra     overgrow   loadeddice [bulletseed, headlongrush, rockblast, shellsmash] ttype=grass
INFO     Sampling battle 3
INFO     	       rotomfan     levitate heavydutyboots [airslash, thunderbolt, voltswitch, willowisp] ttype=electric
INFO     Sampling 5 unrevealed pokemon
INFO     	       chienpao  swordofruin   choiceband [iceshard, iciclecrash, sacredsword, throatchop] ttype=dark
INFO     	        ogerpon      defiant heavydutyboots [ivycudgel, knockoff, synthesis, uturn] ttype=grass
INFO     	   arceusflying    multitype     skyplate [calmmind, earthpower, judgment, recover] ttype=ground
INFO     	        dedenne   cheekpouch  sitrusberry [dazzlinggleam, superfang, thunderbolt, uturn] ttype=flying
INFO     	   dialgaorigin     pressure adamantcrystal [dracometeor, flashcannon, stealthrock, thunderwave] ttype=dragon
INFO     Sampling battle 4
INFO     	       rotomfan     levitate heavydutyboots [airslash, thunderbolt, voltswitch, willowisp] ttype=steel
INFO     Sampling 5 unrevealed pokemon
INFO     	       miraidon hadronengine    leftovers [calmmind, dracometeor, electrodrift, substitute] ttype=electric
INFO     	       koraidon orichalcumpulse   loadeddice [collisioncourse, flareblitz, scaleshot, swordsdance] ttype=fire
INFO     	        drednaw   shellarmor    whiteherb [earthquake, liquidation, shellsmash, stoneedge] ttype=ground
INFO     	       overqwil   intimidate      lifeorb [crunch, gunkshot, liquidation, swordsdance] ttype=water
INFO     	        manaphy    hydration    leftovers [energyball, hydropump, icebeam, tailglow] ttype=water
INFO     Sampling battle 5
INFO     	       rotomfan     levitate heavydutyboots [airslash, nastyplot, thunderbolt, willowisp] ttype=steel
INFO     Sampling 5 unrevealed pokemon
INFO     	  braviaryhisui   tintedlens  choicespecs [esperwing, hurricane, uturn, vacuumwave] ttype=fairy
INFO     	       bronzong     levitate    leftovers [earthquake, hypnosis, ironhead, psychic] ttype=water
INFO     	        flareon         guts     toxicorb [facade, flareblitz, quickattack, trailblaze] ttype=normal
INFO     	         phione    hydration    leftovers [grassknot, icebeam, scald, takeheart] ttype=steel
INFO     	       swampert      torrent    leftovers [earthquake, flipturn, icebeam, roar] ttype=poison
INFO     Sampling battle 6
INFO     	       rotomfan     levitate heavydutyboots [airslash, thunderbolt, voltswitch, willowisp] ttype=electric
INFO     Sampling 5 unrevealed pokemon
INFO     	      zamazenta dauntlessshield    leftovers [bodypress, crunch, irondefense, ironhead] ttype=steel
INFO     	      spectrier    grimneigh    leftovers [darkpulse, nastyplot, shadowball, substitute] ttype=dark
INFO     	       clodsire      unaware    leftovers [earthquake, gunkshot, recover, spikes] ttype=steel
INFO     	      ninetales      drought heavydutyboots [fireblast, nastyplot, scorchingsands, solarbeam] ttype=grass
INFO     	       magearna    soulheart    leftovers [flashcannon, fleurcannon, painsplit, voltswitch] ttype=fairy
INFO     Sampling battle 7
INFO     	       rotomfan     levitate heavydutyboots [airslash, thunderbolt, voltswitch, willowisp] ttype=electric
INFO     Sampling 5 unrevealed pokemon
INFO     	         goodra    sapsipper  assaultvest [dracometeor, dragontail, earthquake, fireblast] ttype=ground
INFO     	   greninjabond   battlebond      lifeorb [darkpulse, gunkshot, hydropump, icebeam] ttype=poison
INFO     	       espathra   speedboost    leftovers [calmmind, dazzlinggleam, roost, storedpower] ttype=fairy
INFO     	        milotic  competitive    leftovers [haze, icebeam, recover, scald] ttype=dragon
INFO     	   avalugghisui       sturdy heavydutyboots [avalanche, rapidspin, recover, stoneedge] ttype=flying
INFO     Searching for a move using PUCT MCTS with neural priors...
INFO     Sampling 8 battles at 250ms each
INFO     Computing neural priors for all battles...
INFO     Initialized StateTranslator with TeamPreviewObservationSpace
INFO     Initializing LocalPolicyProvider with model: Minikazam
Gym has been unmaintained since 2022 and does not support NumPy 2.0 amongst other critical functionality.
Please upgrade to Gymnasium, the maintained drop-in replacement of Gym, or contact the authors of your software and request that they upgrade.
Users of this version of Gym should be able to simply replace 'import gym' with 'import gymnasium as gym' in the vast majority of cases.
See the migration guide at https://gymnasium.farama.org/introduction/migration_guide/ for additional information.
INFO     Loading pretrained Minikazam model...


 		 AMAGO v3.1
            	 -------------------------
            	 Agent: Agent
            		 Max Sequence Length: 64
            		 TstepEncoder Type: MetamonPerceiverTstepEncoder
            		 TrajEncoder Type: GRUTrajEncoder
            		 Total Parameters: 4,761,778
            		 Offline Loss Weight: 1.0
            		 Online Loss Weight: 0.0
            		 Mixed Precision: NO
            		 Checkpoint Path: /Users/yadureddy/Documents/GitHub/clean/pokeagent_ac_mcts/.metamon_cache/pretrained_models/models--jakegrigsby--metamon/snapshots/c5d1cb9abb6747066a325228845a5a8af3d12139/minikazam/minikazam/ckpts
            	 Environment:
            		 DummyAsyncVectorEnv(Gym Env x 1)
            		 Exploration Type: None
            	 Dataset: DoNothingDataset
            	 Accelerate Processes: 1 


INFO     Successfully loaded Minikazam model
ERROR    Error translating battle to observation: 
WARNING  Failed to get priors for battle: 
ERROR    Error translating battle to observation: 
WARNING  Failed to get priors for battle: 
ERROR    Error translating battle to observation: 
WARNING  Failed to get priors for battle: 
ERROR    Error translating battle to observation: 
WARNING  Failed to get priors for battle: 
ERROR    Error translating battle to observation: 
WARNING  Failed to get priors for battle: 
ERROR    Error translating battle to observation: 
WARNING  Failed to get priors for battle: 
ERROR    Error translating battle to observation: 
WARNING  Failed to get priors for battle: 
ERROR    Error translating battle to observation: 
WARNING  Failed to get priors for battle: 
INFO     Successfully computed neural priors for 0/8 battles
INFO     Using PUCT-guided move selection (priors integrated during search)...
INFO     Policy 0: switch weezing visited 40.33% avg_score=0.332 sample_chance_multiplier=0.125
INFO     Policy 1: crunch visited 74.59% avg_score=0.245 sample_chance_multiplier=0.125
INFO     Policy 2: switch weezing visited 77.83% avg_score=0.267 sample_chance_multiplier=0.125
INFO     Policy 3: crunch visited 37.86% avg_score=0.353 sample_chance_multiplier=0.125
INFO     Policy 4: psychicfangs visited 72.36% avg_score=0.253 sample_chance_multiplier=0.125
INFO     Policy 5: crunch visited 59.81% avg_score=0.282 sample_chance_multiplier=0.125
INFO     Policy 6: switch electrodehisui visited 66.15% avg_score=0.33 sample_chance_multiplier=0.125
INFO     Policy 7: switch electrodehisui visited 53.34% avg_score=0.328 sample_chance_multiplier=0.125
INFO     Considered Choices:
INFO     	27.218%: crunch
INFO     	24.083%: switch electrodehisui
INFO     Choice: switch electrodehisui
INFO     electrodehisui switched in, adding intimidate to impossible abilities
INFO     electrodehisui switched in, adding pressure to impossible abilities
INFO     electrodehisui switched in, adding neutralizinggas to impossible abilities
INFO     electrodehisui switched in, adding sandstream to impossible abilities
INFO     electrodehisui switched in, adding drought to impossible abilities
INFO     electrodehisui switched in, adding drizzle to impossible abilities
INFO     electrodehisui switched in, adding snowwarning to impossible abilities
INFO     electrodehisui switched in, adding boosterenergy to impossible items
INFO     electrodehisui switched in, adding airballoon to impossible items
INFO     rotomfan used a status-move. Adding `assaultvest` to impossible items
INFO     Setting rotomfan's last used move: willowisp
INFO     electrodehisui got status: brn
INFO     No longer guessing lumberry because electrodehisui got status brn
INFO     
INFO     Turn: 2
INFO     Sampling battle 0
INFO     	       rotomfan     levitate heavydutyboots [airslash, nastyplot, thunderbolt, willowisp] ttype=steel
INFO     Sampling 5 unrevealed pokemon
INFO     	       chimecho     levitate    leftovers [encore, healbell, psychicnoise, recover] ttype=poison
INFO     	        blissey  naturalcure    leftovers [seismictoss, softboiled, stealthrock, thunderwave] ttype=poison
INFO     	  arceuspsychic    multitype    mindplate [bodypress, cosmicpower, recover, storedpower] ttype=steel
INFO     	    ironvaliant   quarkdrive      lifeorb [closecombat, encore, knockoff, moonblast] ttype=fighting
INFO     	        gliscor   poisonheal     toxicorb [earthquake, knockoff, protect, toxicspikes] ttype=water
INFO     Sampling battle 1
INFO     	       rotomfan     levitate heavydutyboots [airslash, nastyplot, thunderbolt, willowisp] ttype=electric
INFO     Sampling 5 unrevealed pokemon
INFO     	       lycanroc     sandrush      lifeorb [closecombat, stealthrock, stoneedge, taunt] ttype=fighting
INFO     	       ludicolo    swiftswim  choicespecs [gigadrain, hydropump, icebeam, leafstorm] ttype=grass
INFO     	         goodra    sapsipper  assaultvest [dracometeor, fireblast, knockoff, powerwhip] ttype=fire
INFO     	       braviary      defiant heavydutyboots [bravebird, bulkup, closecombat, roost] ttype=fighting
INFO     	        bisharp      defiant     eviolite [ironhead, stealthrock, suckerpunch, throatchop] ttype=ghost
INFO     Sampling battle 2
INFO     	       rotomfan     levitate heavydutyboots [airslash, nastyplot, thunderbolt, willowisp] ttype=electric
INFO     Sampling 5 unrevealed pokemon
INFO     	   dugtrioalola tanglinghair      lifeorb [earthquake, ironhead, stealthrock, suckerpunch] ttype=steel
INFO     	       landorus   sheerforce      lifeorb [earthpower, nastyplot, psychic, sludgewave] ttype=poison
INFO     	        avalugg       sturdy heavydutyboots [avalanche, bodypress, curse, recover] ttype=fighting
INFO     	       dachsbun wellbakedbody    leftovers [playrough, protect, stompingtantrum, wish] ttype=steel
INFO     	      zebstrika    sapsipper      lifeorb [highhorsepower, overheat, supercellslam, voltswitch] ttype=ground
INFO     Sampling battle 3
INFO     	       rotomfan     levitate heavydutyboots [airslash, thunderbolt, voltswitch, willowisp] ttype=electric
INFO     Sampling 5 unrevealed pokemon
INFO     	       skuntank    aftermath  assaultvest [fireblast, gunkshot, knockoff, suckerpunch] ttype=dark
INFO     	        heatran    flashfire   airballoon [earthpower, flashcannon, magmastorm, stealthrock] ttype=flying
INFO     	         klefki    prankster    leftovers [dazzlinggleam, foulplay, spikes, thunderwave] ttype=water
INFO     	        malamar     contrary    leftovers [knockoff, rest, sleeptalk, superpower] ttype=steel
INFO     	      salamence   intimidate heavydutyboots [dragondance, dualwingbeat, earthquake, outrage] ttype=steel
INFO     Searching for a move using PUCT MCTS with neural priors...
INFO     Sampling 4 battles at 500ms each
INFO     Computing neural priors for all battles...
INFO     Initialized StateTranslator with TeamPreviewObservationSpace
INFO     Initializing LocalPolicyProvider with model: Minikazam
INFO     Loading pretrained Minikazam model...


 		 AMAGO v3.1
            	 -------------------------
            	 Agent: Agent
            		 Max Sequence Length: 64
            		 TstepEncoder Type: MetamonPerceiverTstepEncoder
            		 TrajEncoder Type: GRUTrajEncoder
            		 Total Parameters: 4,761,778
            		 Offline Loss Weight: 1.0
            		 Online Loss Weight: 0.0
            		 Mixed Precision: NO
            		 Checkpoint Path: /Users/yadureddy/Documents/GitHub/clean/pokeagent_ac_mcts/.metamon_cache/pretrained_models/models--jakegrigsby--metamon/snapshots/c5d1cb9abb6747066a325228845a5a8af3d12139/minikazam/minikazam/ckpts
            	 Environment:
            		 DummyAsyncVectorEnv(Gym Env x 1)
            		 Exploration Type: None
            	 Dataset: DoNothingDataset
            	 Accelerate Processes: 1 


INFO     Successfully loaded Minikazam model
ERROR    Error translating battle to observation: 
WARNING  Failed to get priors for battle: 
ERROR    Error translating battle to observation: 
WARNING  Failed to get priors for battle: 
ERROR    Error translating battle to observation: 
WARNING  Failed to get priors for battle: 
ERROR    Error translating battle to observation: 
WARNING  Failed to get priors for battle: 
INFO     Successfully computed neural priors for 0/4 battles
INFO     Using PUCT-guided move selection (priors integrated during search)...
INFO     Policy 0: thunderbolt visited 67.37% avg_score=0.332 sample_chance_multiplier=0.25
INFO     Policy 1: thunderbolt visited 92.05% avg_score=0.298 sample_chance_multiplier=0.25
INFO     Policy 2: thunderbolt visited 67.69% avg_score=0.374 sample_chance_multiplier=0.25
INFO     Policy 3: thunderbolt visited 58.79% avg_score=0.346 sample_chance_multiplier=0.25
INFO     Considered Choices:
INFO     	71.476%: thunderbolt
INFO     Choice: thunderbolt
INFO     Updated rotomfan's max speed to 311
INFO     electrodehisui already has the move thunderbolt. Decrementing the PP by 1
INFO     electrodehisui used a electric move, removing electricgem from possible items
INFO     Setting electrodehisui's last used move: thunderbolt
INFO     electrodehisui used a damaging move - not guessing lifeorb anymore
INFO     electrodehisui did 42.0% damage to rotomfan with thunderbolt
INFO     Setting electrodehisui's item to: lifeorb
INFO     rotomfan used two different moves - it cannot have a choice item
INFO     rotomfan using nastyplot makes it unlikely to have a choice item. Setting can_have_choice_item to False
INFO     rotomfan used a status-move. Adding `assaultvest` to impossible items
INFO     Setting rotomfan's last used move: nastyplot
INFO     rotomfan's special-attack was boosted by 2 to 2
INFO     rotomfan has less than maxhp during upkeep, no longer guessing leftovers or blacksludge
INFO     
INFO     Turn: 3
INFO     Sampling battle 0
INFO     	       rotomfan     levitate heavydutyboots [airslash, nastyplot, thunderbolt, willowisp] ttype=steel
INFO     Sampling 5 unrevealed pokemon
INFO     	        flamigo      scrappy      lifeorb [bravebird, closecombat, swordsdance, throatchop] ttype=steel
INFO     	      rillaboom  grassysurge      lifeorb [grassyglide, highhorsepower, swordsdance, woodhammer] ttype=grass
INFO     	          hypno     insomnia    leftovers [encore, knockoff, psychicnoise, toxic] ttype=steel
INFO     	       samurott      torrent  assaultvest [grassknot, hydropump, icebeam, knockoff] ttype=water
INFO     	     wigglytuff  competitive    leftovers [alluringvoice, fireblast, protect, wish] ttype=poison
INFO     Sampling battle 1
INFO     	       rotomfan     levitate heavydutyboots [airslash, nastyplot, thunderbolt, willowisp] ttype=electric
INFO     Sampling 5 unrevealed pokemon
INFO     	       dusknoir        frisk    leftovers [painsplit, poltergeist, shadowsneak, willowisp] ttype=dark
INFO     	       bronzong     levitate    leftovers [earthquake, hypnosis, ironhead, psychic] ttype=electric
INFO     	        flareon         guts     toxicorb [facade, flareblitz, quickattack, trailblaze] ttype=normal
INFO     	      cryogonal     levitate heavydutyboots [flashcannon, freezedry, haze, recover] ttype=poison
INFO     	       mudsdale      stamina    leftovers [earthquake, heavyslam, stealthrock, stoneedge] ttype=steel
INFO     Sampling battle 2
INFO     	       rotomfan     levitate heavydutyboots [airslash, nastyplot, thunderbolt, willowisp] ttype=steel
INFO     Sampling 5 unrevealed pokemon
INFO     	         deoxys     pressure      lifeorb [extremespeed, knockoff, psychoboost, superpower] ttype=fighting
INFO     	         palkia     pressure  choicescarf [dracometeor, fireblast, hydropump, spacialrend] ttype=fire
INFO     	   weezinggalar     levitate    leftovers [fireblast, gunkshot, painsplit, strangesteam] ttype=steel
INFO     	 ninetalesalola  snowwarning    lightclay [auroraveil, blizzard, freezedry, moonblast] ttype=steel
INFO     	      cramorant  gulpmissile heavydutyboots [bravebird, defog, roost, surf] ttype=ground
INFO     Sampling battle 3
INFO     	       rotomfan     levitate heavydutyboots [airslash, nastyplot, thunderbolt, willowisp] ttype=steel
INFO     Sampling 5 unrevealed pokemon
INFO     	  arceuspsychic    multitype    mindplate [bodypress, cosmicpower, recover, storedpower] ttype=steel
INFO     	      hatterene  magicbounce  assaultvest [drainingkiss, mysticalfire, nuzzle, psychic] ttype=fairy
INFO     	        dugtrio    arenatrap   choiceband [earthquake, stoneedge, suckerpunch, throatchop] ttype=ground
INFO     	       empoleon  competitive    leftovers [knockoff, roost, surf, yawn] ttype=grass
INFO     	       blaziken   speedboost      lifeorb [closecombat, flareblitz, protect, swordsdance] ttype=fighting
INFO     Searching for a move using PUCT MCTS with neural priors...
INFO     Sampling 4 battles at 500ms each
INFO     Computing neural priors for all battles...
INFO     Initialized StateTranslator with TeamPreviewObservationSpace
INFO     Initializing LocalPolicyProvider with model: Minikazam
INFO     Loading pretrained Minikazam model...


 		 AMAGO v3.1
            	 -------------------------
            	 Agent: Agent
            		 Max Sequence Length: 64
            		 TstepEncoder Type: MetamonPerceiverTstepEncoder
            		 TrajEncoder Type: GRUTrajEncoder
            		 Total Parameters: 4,761,778
            		 Offline Loss Weight: 1.0
            		 Online Loss Weight: 0.0
            		 Mixed Precision: NO
            		 Checkpoint Path: /Users/yadureddy/Documents/GitHub/clean/pokeagent_ac_mcts/.metamon_cache/pretrained_models/models--jakegrigsby--metamon/snapshots/c5d1cb9abb6747066a325228845a5a8af3d12139/minikazam/minikazam/ckpts
            	 Environment:
            		 DummyAsyncVectorEnv(Gym Env x 1)
            		 Exploration Type: None
            	 Dataset: DoNothingDataset
            	 Accelerate Processes: 1 


INFO     Successfully loaded Minikazam model
ERROR    Error translating battle to observation: 
WARNING  Failed to get priors for battle: 
ERROR    Error translating battle to observation: 
WARNING  Failed to get priors for battle: 
ERROR    Error translating battle to observation: 
WARNING  Failed to get priors for battle: 
ERROR    Error translating battle to observation: 
WARNING  Failed to get priors for battle: 
INFO     Successfully computed neural priors for 0/4 battles
INFO     Using PUCT-guided move selection (priors integrated during search)...
INFO     Policy 0: thunderbolt visited 94.71% avg_score=0.4 sample_chance_multiplier=0.25
INFO     Policy 1: voltswitch visited 93.15% avg_score=0.414 sample_chance_multiplier=0.25
INFO     Policy 2: voltswitch visited 84.64% avg_score=0.367 sample_chance_multiplier=0.25
INFO     Policy 3: thunderbolt visited 85.61% avg_score=0.371 sample_chance_multiplier=0.25
INFO     Considered Choices:
INFO     	49.277%: thunderbolt
INFO     	47.701%: voltswitch
INFO     Choice: voltswitch
INFO     electrodehisui already has the move voltswitch. Decrementing the PP by 1
INFO     electrodehisui used a electric move, removing electricgem from possible items
INFO     Setting electrodehisui's last used move: voltswitch
INFO     electrodehisui used a damaging move - not guessing lifeorb anymore
INFO     electrodehisui did 34.0% damage to rotomfan with voltswitch
INFO     Setting electrodehisui's item to: lifeorb
INFO     Sampling battle 0
INFO     	       rotomfan     levitate heavydutyboots [airslash, nastyplot, thunderbolt, willowisp] ttype=electric
INFO     Sampling 5 unrevealed pokemon
INFO     	      vespiquen     pressure heavydutyboots [hurricane, roost, spikes, uturn] ttype=steel
INFO     	         zacian intrepidsword   choiceband [closecombat, playrough, psychicfangs, wildcharge] ttype=fighting
INFO     	     ironleaves   quarkdrive      lifeorb [closecombat, leafblade, psyblade, swordsdance] ttype=fighting
INFO     	       grafaiai  poisontouch  assaultvest [gunkshot, knockoff, superfang, uturn] ttype=dark
INFO     	       cloyster    skilllink    whiteherb [hydropump, iciclespear, rockblast, shellsmash] ttype=ice
INFO     Sampling battle 1
INFO     	       rotomfan     levitate heavydutyboots [airslash, nastyplot, thunderbolt, willowisp] ttype=steel
INFO     Sampling 5 unrevealed pokemon
INFO     	     pincurchin electricsurge    leftovers [discharge, recover, scald, spikes] ttype=water
INFO     	      arceusice    multitype  icicleplate [calmmind, earthpower, judgment, recover] ttype=ground
INFO     	         latios     levitate      souldew [aurasphere, calmmind, dracometeor, lusterpurge] ttype=dragon
INFO     	      tyranitar   sandstream  assaultvest [earthquake, icebeam, knockoff, stoneedge] ttype=ghost
INFO     	        donphan       sturdy  assaultvest [earthquake, iceshard, icespinner, rapidspin] ttype=dragon
INFO     Sampling battle 2
INFO     	       rotomfan     levitate heavydutyboots [airslash, nastyplot, thunderbolt, willowisp] ttype=electric
INFO     Sampling 5 unrevealed pokemon
INFO     	       lycanroc     sandrush      lifeorb [closecombat, crunch, stoneedge, swordsdance] ttype=fighting
INFO     	         emboar     reckless  assaultvest [closecombat, flareblitz, scald, suckerpunch] ttype=water
INFO     	       houndoom    flashfire heavydutyboots [darkpulse, fireblast, nastyplot, suckerpunch] ttype=fire
INFO     	      hitmontop   intimidate  assaultvest [closecombat, rapidspin, stoneedge, suckerpunch] ttype=steel
INFO     	       braviary      defiant heavydutyboots [bravebird, bulkup, closecombat, roost] ttype=steel
INFO     Sampling battle 3
INFO     	       rotomfan     levitate heavydutyboots [airslash, nastyplot, thunderbolt, willowisp] ttype=electric
INFO     Sampling 5 unrevealed pokemon
INFO     	     typhlosion        blaze  choicespecs [eruption, fireblast, focusblast, scorchingsands] ttype=fire
INFO     	      rotomwash     levitate    leftovers [hydropump, thunderbolt, voltswitch, willowisp] ttype=electric
INFO     	        leafeon  chlorophyll      lifeorb [doubleedge, knockoff, leafblade, swordsdance] ttype=normal
INFO     	       magearna    soulheart  choicespecs [aurasphere, flashcannon, fleurcannon, voltswitch] ttype=water
INFO     	      regigigas    slowstart    leftovers [bodyslam, knockoff, protect, substitute] ttype=poison
INFO     Searching for a move using PUCT MCTS with neural priors...
INFO     Sampling 4 battles at 500ms each
INFO     Computing neural priors for all battles...
INFO     Initialized StateTranslator with TeamPreviewObservationSpace
INFO     Initializing LocalPolicyProvider with model: Minikazam
INFO     Loading pretrained Minikazam model...


 		 AMAGO v3.1
            	 -------------------------
            	 Agent: Agent
            		 Max Sequence Length: 64
            		 TstepEncoder Type: MetamonPerceiverTstepEncoder
            		 TrajEncoder Type: GRUTrajEncoder
            		 Total Parameters: 4,761,778
            		 Offline Loss Weight: 1.0
            		 Online Loss Weight: 0.0
            		 Mixed Precision: NO
            		 Checkpoint Path: /Users/yadureddy/Documents/GitHub/clean/pokeagent_ac_mcts/.metamon_cache/pretrained_models/models--jakegrigsby--metamon/snapshots/c5d1cb9abb6747066a325228845a5a8af3d12139/minikazam/minikazam/ckpts
            	 Environment:
            		 DummyAsyncVectorEnv(Gym Env x 1)
            		 Exploration Type: None
            	 Dataset: DoNothingDataset
            	 Accelerate Processes: 1 


INFO     Successfully loaded Minikazam model
ERROR    Error translating battle to observation: 
WARNING  Failed to get priors for battle: 
ERROR    Error translating battle to observation: 
WARNING  Failed to get priors for battle: 
ERROR    Error translating battle to observation: 
WARNING  Failed to get priors for battle: 
ERROR    Error translating battle to observation: 
WARNING  Failed to get priors for battle: 
INFO     Successfully computed neural priors for 0/4 battles
INFO     Using PUCT-guided move selection (priors integrated during search)...
INFO     Policy 0: switch indeedee visited 92.93% avg_score=0.283 sample_chance_multiplier=0.25
INFO     Policy 1: switch mabosstiff visited 68.11% avg_score=0.272 sample_chance_multiplier=0.25
INFO     Policy 2: switch arbok visited 47.26% avg_score=0.255 sample_chance_multiplier=0.25
INFO     Policy 3: switch arbok visited 44.72% avg_score=0.24 sample_chance_multiplier=0.25
INFO     Considered Choices:
INFO     	37.112%: switch indeedee
INFO     	28.806%: switch mabosstiff
INFO     Choice: switch indeedee
INFO     indeedee switched in, adding intimidate to impossible abilities
INFO     indeedee switched in, adding pressure to impossible abilities
INFO     indeedee switched in, adding neutralizinggas to impossible abilities
INFO     indeedee switched in, adding sandstream to impossible abilities
INFO     indeedee switched in, adding drought to impossible abilities
INFO     indeedee switched in, adding drizzle to impossible abilities
INFO     indeedee switched in, adding snowwarning to impossible abilities
INFO     indeedee switched in, adding boosterenergy to impossible items
INFO     indeedee switched in, adding airballoon to impossible items
INFO     Setting the field to psychicterrain
INFO     rotomfan used two different moves - it cannot have a choice item
INFO     rotomfan used a flying move, removing flyinggem from possible items
INFO     Setting rotomfan's last used move: airslash
INFO     rotomfan used a damaging move - not guessing lifeorb anymore
INFO     rotomfan did 64.29% damage to indeedee with airslash
INFO     psychicterrain turns remaining: 4
INFO     rotomfan has less than maxhp during upkeep, no longer guessing leftovers or blacksludge
INFO     
INFO     Turn: 4
INFO     Sampling battle 0
INFO     	       rotomfan     levitate heavydutyboots [airslash, nastyplot, thunderbolt, willowisp] ttype=steel
INFO     Sampling 5 unrevealed pokemon
INFO     	   brambleghast    windrider heavydutyboots [poltergeist, powerwhip, rapidspin, spikes] ttype=water
INFO     	   greninjabond   battlebond      lifeorb [darkpulse, gunkshot, hydropump, icebeam] ttype=water
INFO     	         swalot   liquidooze    leftovers [clearsmog, encore, knockoff, sludgebomb] ttype=dark
INFO     	    arceusgrass    multitype  meadowplate [calmmind, earthpower, icebeam, judgment] ttype=ground
INFO     	      volcanion  waterabsorb  assaultvest [earthpower, flamecharge, flamethrower, steameruption] ttype=ground
INFO     Sampling battle 1
INFO     	       rotomfan     levitate heavydutyboots [airslash, nastyplot, thunderbolt, willowisp] ttype=steel
INFO     Sampling 5 unrevealed pokemon
INFO     	       skuntank    aftermath    focussash [fireblast, gunkshot, knockoff, toxicspikes] ttype=dark
INFO     	          chiyu  beadsofruin  choicespecs [darkpulse, flamethrower, overheat, psychic] ttype=fire
INFO     	   crabominable     ironfist   choiceband [closecombat, earthquake, gunkshot, icehammer] ttype=fighting
INFO     	      volcarona        swarm heavydutyboots [bugbuzz, fireblast, morningsun, quiverdance] ttype=fire
INFO     	     ironleaves   quarkdrive      lifeorb [closecombat, leafblade, psyblade, swordsdance] ttype=fighting
INFO     Sampling battle 2
INFO     	       rotomfan     levitate heavydutyboots [airslash, nastyplot, thunderbolt, willowisp] ttype=electric
INFO     Sampling 5 unrevealed pokemon
INFO     	      charizard        blaze heavydutyboots [dragondance, earthquake, flareblitz, outrage] ttype=dragon
INFO     	       sceptile     overgrow      lifeorb [earthquake, gigadrain, rockslide, shedtail] ttype=steel
INFO     	    meowscarada      protean      lifeorb [flowertrick, knockoff, toxicspikes, tripleaxel] ttype=dark
INFO     	     ironthorns   quarkdrive  choicescarf [earthquake, icepunch, stoneedge, wildcharge] ttype=flying
INFO     	    slitherwing protosynthesis      lifeorb [closecombat, firstimpression, uturn, wildcharge] ttype=electric
INFO     Sampling battle 3
INFO     	       rotomfan     levitate heavydutyboots [airslash, nastyplot, thunderbolt, willowisp] ttype=steel
INFO     Sampling 5 unrevealed pokemon
INFO     	         raikou     pressure  choicespecs [scald, shadowball, thunderbolt, voltswitch] ttype=electric
INFO     	ogerponwellspring  waterabsorb wellspringmask [ivycudgel, playrough, powerwhip, swordsdance] ttype=water
INFO     	        toxapex  regenerator  rockyhelmet [haze, liquidation, recover, toxicspikes] ttype=flying
INFO     	       houndoom    flashfire heavydutyboots [darkpulse, fireblast, sludgebomb, suckerpunch] ttype=fire
INFO     	        falinks      defiant      lifeorb [closecombat, ironhead, knockoff, noretreat] ttype=dark
INFO     Searching for a move using PUCT MCTS with neural priors...
INFO     Sampling 4 battles at 500ms each
INFO     Computing neural priors for all battles...
INFO     Initialized StateTranslator with TeamPreviewObservationSpace
INFO     Initializing LocalPolicyProvider with model: Minikazam
INFO     Loading pretrained Minikazam model...


 		 AMAGO v3.1
            	 -------------------------
            	 Agent: Agent
            		 Max Sequence Length: 64
            		 TstepEncoder Type: MetamonPerceiverTstepEncoder
            		 TrajEncoder Type: GRUTrajEncoder
            		 Total Parameters: 4,761,778
            		 Offline Loss Weight: 1.0
            		 Online Loss Weight: 0.0
            		 Mixed Precision: NO
            		 Checkpoint Path: /Users/yadureddy/Documents/GitHub/clean/pokeagent_ac_mcts/.metamon_cache/pretrained_models/models--jakegrigsby--metamon/snapshots/c5d1cb9abb6747066a325228845a5a8af3d12139/minikazam/minikazam/ckpts
            	 Environment:
            		 DummyAsyncVectorEnv(Gym Env x 1)
            		 Exploration Type: None
            	 Dataset: DoNothingDataset
            	 Accelerate Processes: 1 


INFO     Successfully loaded Minikazam model
ERROR    Error translating battle to observation: 
WARNING  Failed to get priors for battle: 
ERROR    Error translating battle to observation: 
WARNING  Failed to get priors for battle: 
ERROR    Error translating battle to observation: 
WARNING  Failed to get priors for battle: 
ERROR    Error translating battle to observation: 
WARNING  Failed to get priors for battle: 
INFO     Successfully computed neural priors for 0/4 battles
INFO     Using PUCT-guided move selection (priors integrated during search)...
INFO     Policy 0: expandingforce visited 93.92% avg_score=0.589 sample_chance_multiplier=0.25
INFO     Policy 1: hypervoice visited 77.16% avg_score=0.414 sample_chance_multiplier=0.25
INFO     Policy 2: shadowball visited 59.72% avg_score=0.691 sample_chance_multiplier=0.25
INFO     Policy 3: hypervoice visited 70.13% avg_score=0.464 sample_chance_multiplier=0.25
INFO     Considered Choices:
INFO     	43.87%: hypervoice
INFO     Choice: hypervoice
INFO     Opponent has switched - clearing the last used move
INFO     heatran switched in, adding intimidate to impossible abilities
INFO     heatran switched in, adding pressure to impossible abilities
INFO     heatran switched in, adding neutralizinggas to impossible abilities
INFO     heatran switched in, adding sandstream to impossible abilities
INFO     heatran switched in, adding drought to impossible abilities
INFO     heatran switched in, adding drizzle to impossible abilities
INFO     heatran switched in, adding snowwarning to impossible abilities
INFO     heatran switched in, adding boosterenergy to impossible items
INFO     heatran switched in, adding airballoon to impossible items
INFO     Setting heatran's item to airballoon
INFO     indeedee already has the move hypervoice. Decrementing the PP by 1
INFO     indeedee used a normal move, removing normalgem from possible items
INFO     Setting indeedee's last used move: hypervoice
INFO     indeedee used a damaging move - not guessing lifeorb anymore
INFO     indeedee did 26.0% damage to heatran with hypervoice
INFO     Removing heatran's item: airballoon
INFO     Setting heatran's removed item to airballoon
INFO     psychicterrain turns remaining: 3
INFO     heatran has less than maxhp during upkeep, no longer guessing leftovers or blacksludge
INFO     
INFO     Turn: 5
INFO     Sampling battle 0
INFO     	        heatran    flashfire         None [earthpower, flashcannon, magmastorm, stealthrock] ttype=flying
INFO     	       rotomfan     levitate heavydutyboots [airslash, nastyplot, thunderbolt, willowisp] ttype=electric
INFO     Sampling 4 unrevealed pokemon
INFO     	       illumise    prankster heavydutyboots [bugbuzz, encore, roost, thunderwave] ttype=steel
INFO     	       dusknoir        frisk    leftovers [painsplit, poltergeist, shadowsneak, willowisp] ttype=dark
INFO     	     ironleaves   quarkdrive      lifeorb [closecombat, leafblade, psyblade, swordsdance] ttype=fighting
INFO     	 electrodehisui       static      lifeorb [leafstorm, taunt, thunderbolt, thunderwave] ttype=electric
INFO     Sampling battle 1
INFO     	        heatran    flashfire         None [earthpower, heavyslam, lavaplume, stealthrock] ttype=flying
INFO     	       rotomfan     levitate heavydutyboots [airslash, nastyplot, thunderbolt, willowisp] ttype=steel
INFO     Sampling 4 unrevealed pokemon
INFO     	      cryogonal     levitate heavydutyboots [flashcannon, freezedry, haze, recover] ttype=poison
INFO     	        grumpig     thickfat    leftovers [dazzlinggleam, earthpower, nastyplot, psychic] ttype=fairy
INFO     	    oinkolognef     thickfat    leftovers [curse, doubleedge, highhorsepower, lashout] ttype=ground
INFO     	     forretress       sturdy    leftovers [ironhead, rapidspin, stealthrock, voltswitch] ttype=water
INFO     Sampling battle 2
INFO     	        heatran    flashfire         None [earthpower, heavyslam, lavaplume, stealthrock] ttype=grass
INFO     	       rotomfan     levitate heavydutyboots [airslash, nastyplot, thunderbolt, willowisp] ttype=steel
INFO     Sampling 4 unrevealed pokemon
INFO     	      rillaboom  grassysurge   choiceband [grassyglide, knockoff, uturn, woodhammer] ttype=grass
INFO     	      rotomwash     levitate    leftovers [hydropump, painsplit, thunderbolt, voltswitch] ttype=electric
INFO     	      infernape        blaze      lifeorb [closecombat, grassknot, knockoff, overheat] ttype=fighting
INFO     	        flamigo      scrappy   choiceband [bravebird, closecombat, throatchop, uturn] ttype=fighting
INFO     Sampling battle 3
INFO     	        heatran    flashfire         None [earthpower, heavyslam, lavaplume, stealthrock] ttype=flying
INFO     	       rotomfan     levitate heavydutyboots [airslash, nastyplot, thunderbolt, willowisp] ttype=steel
INFO     Sampling 4 unrevealed pokemon
INFO     	    fluttermane protosynthesis  choicespecs [moonblast, mysticalfire, shadowball, thunderbolt] ttype=fairy
INFO     	       samurott      torrent      lifeorb [knockoff, liquidation, sacredsword, swordsdance] ttype=dark
INFO     	         espeon  magicbounce      lifeorb [alluringvoice, calmmind, morningsun, psyshock] ttype=fairy
INFO     	        yanmega   speedboost heavydutyboots [airslash, bugbuzz, protect, terablast] ttype=ground
INFO     Sampling battle 4
INFO     	        heatran    flashfire         None [earthpower, heavyslam, magmastorm, stealthrock] ttype=grass
INFO     	       rotomfan     levitate heavydutyboots [airslash, nastyplot, thunderbolt, willowisp] ttype=steel
INFO     Sampling 4 unrevealed pokemon
INFO     	         gogoat    sapsipper    leftovers [bulkup, earthquake, hornleech, milkdrink] ttype=water
INFO     	       meowstic    prankster    lightclay [lightscreen, psychicnoise, reflect, thunderwave] ttype=fairy
INFO     	      palossand watercompaction    leftovers [earthpower, shadowball, shoreup, stealthrock] ttype=poison
INFO     	         arceus    multitype    leftovers [extremespeed, recover, shadowclaw, swordsdance] ttype=ghost
INFO     Sampling battle 5
INFO     	        heatran    flashfire         None [earthpower, heavyslam, magmastorm, stealthrock] ttype=flying
INFO     	       rotomfan     levitate heavydutyboots [airslash, nastyplot, thunderbolt, willowisp] ttype=electric
INFO     Sampling 4 unrevealed pokemon
INFO     	     victreebel  chlorophyll      lifeorb [powerwhip, sludgewave, sunnyday, weatherball] ttype=fire
INFO     	        luvdisc    swiftswim heavydutyboots [endeavor, substitute, surf, whirlpool] ttype=ghost
INFO     	         dialga     pressure    leftovers [dracometeor, fireblast, heavyslam, stealthrock] ttype=flying
INFO     	      garganacl purifyingsalt    leftovers [bodypress, irondefense, recover, saltcure] ttype=dragon
INFO     Sampling battle 6
INFO     	        heatran    flashfire         None [earthpower, heavyslam, magmastorm, stealthrock] ttype=flying
INFO     	       rotomfan     levitate heavydutyboots [airslash, nastyplot, thunderbolt, willowisp] ttype=electric
INFO     Sampling 4 unrevealed pokemon
INFO     	 keldeoresolute    justified  choicespecs [flipturn, hydropump, secretsword, vacuumwave] ttype=fighting
INFO     	      zebstrika    sapsipper      lifeorb [highhorsepower, overheat, supercellslam, voltswitch] ttype=ground
INFO     	  zaciancrowned intrepidsword  rustedsword [behemothblade, closecombat, playrough, swordsdance] ttype=fighting
INFO     	     gothitelle    shadowtag    leftovers [calmmind, darkpulse, psychicnoise, thunderbolt] ttype=ground
INFO     Sampling battle 7
INFO     	        heatran    flashfire         None [earthpower, flashcannon, lavaplume, stealthrock] ttype=flying
INFO     	       rotomfan     levitate heavydutyboots [airslash, nastyplot, thunderbolt, willowisp] ttype=electric
INFO     Sampling 4 unrevealed pokemon
INFO     	         zarude    leafguard   choiceband [closecombat, knockoff, powerwhip, uturn] ttype=grass
INFO     	      terrakion    justified   choiceband [closecombat, earthquake, quickattack, stoneedge] ttype=fighting
INFO     	       skuntank    aftermath    focussash [fireblast, gunkshot, knockoff, toxicspikes] ttype=dark
INFO     	         phione    hydration    leftovers [grassknot, icebeam, scald, takeheart] ttype=grass
INFO     Searching for a move using PUCT MCTS with neural priors...
INFO     Sampling 8 battles at 250ms each
INFO     Computing neural priors for all battles...
INFO     Initialized StateTranslator with TeamPreviewObservationSpace
INFO     Initializing LocalPolicyProvider with model: Minikazam
INFO     Loading pretrained Minikazam model...


 		 AMAGO v3.1
            	 -------------------------
            	 Agent: Agent
            		 Max Sequence Length: 64
            		 TstepEncoder Type: MetamonPerceiverTstepEncoder
            		 TrajEncoder Type: GRUTrajEncoder
            		 Total Parameters: 4,761,778
            		 Offline Loss Weight: 1.0
            		 Online Loss Weight: 0.0
            		 Mixed Precision: NO
            		 Checkpoint Path: /Users/yadureddy/Documents/GitHub/clean/pokeagent_ac_mcts/.metamon_cache/pretrained_models/models--jakegrigsby--metamon/snapshots/c5d1cb9abb6747066a325228845a5a8af3d12139/minikazam/minikazam/ckpts
            	 Environment:
            		 DummyAsyncVectorEnv(Gym Env x 1)
            		 Exploration Type: None
            	 Dataset: DoNothingDataset
            	 Accelerate Processes: 1 


INFO     Successfully loaded Minikazam model
ERROR    Error translating battle to observation: 
WARNING  Failed to get priors for battle: 
ERROR    Error translating battle to observation: 
WARNING  Failed to get priors for battle: 
ERROR    Error translating battle to observation: 
WARNING  Failed to get priors for battle: 
ERROR    Error translating battle to observation: 
WARNING  Failed to get priors for battle: 
ERROR    Error translating battle to observation: 
WARNING  Failed to get priors for battle: 
ERROR    Error translating battle to observation: 
WARNING  Failed to get priors for battle: 
ERROR    Error translating battle to observation: 
WARNING  Failed to get priors for battle: 
ERROR    Error translating battle to observation: 
WARNING  Failed to get priors for battle: 
INFO     Successfully computed neural priors for 0/8 battles
INFO     Using PUCT-guided move selection (priors integrated during search)...
INFO     Policy 0: hypervoice visited 55.41% avg_score=0.23 sample_chance_multiplier=0.125
INFO     Policy 1: hypervoice visited 62.25% avg_score=0.211 sample_chance_multiplier=0.125
INFO     Policy 2: hypervoice visited 59.71% avg_score=0.223 sample_chance_multiplier=0.125
INFO     Policy 3: hypervoice visited 78.69% avg_score=0.224 sample_chance_multiplier=0.125
INFO     Policy 4: switch arbok visited 73.33% avg_score=0.231 sample_chance_multiplier=0.125
INFO     Policy 5: switch arbok visited 39.88% avg_score=0.227 sample_chance_multiplier=0.125
INFO     Policy 6: switch arbok visited 56.95% avg_score=0.223 sample_chance_multiplier=0.125
INFO     Policy 7: hypervoice visited 64.35% avg_score=0.229 sample_chance_multiplier=0.125
INFO     Considered Choices:
INFO     	48.777%: hypervoice
INFO     Choice: hypervoice
INFO     Updated heatran's max speed to 208
INFO     indeedee already has the move hypervoice. Decrementing the PP by 1
INFO     indeedee used a normal move, removing normalgem from possible items
INFO     Setting indeedee's last used move: hypervoice
INFO     indeedee used a damaging move - not guessing lifeorb anymore
INFO     indeedee did 25.0% damage to heatran with hypervoice
INFO     heatran used a status-move. Adding `assaultvest` to impossible items
INFO     Setting heatran's last used move: stealthrock
INFO     Incremented side condition stealthrock to 1 for indeedee
INFO     psychicterrain turns remaining: 2
INFO     heatran has less than maxhp during upkeep, no longer guessing leftovers or blacksludge
INFO     
INFO     Turn: 6
INFO     Sampling battle 0
INFO     	        heatran    flashfire         None [earthpower, heavyslam, magmastorm, stealthrock] ttype=grass
INFO     	       rotomfan     levitate heavydutyboots [airslash, nastyplot, thunderbolt, willowisp] ttype=steel
INFO     Sampling 4 unrevealed pokemon
INFO     	       lycanroc     sandrush      lifeorb [accelerock, closecombat, stealthrock, stoneedge] ttype=fighting
INFO     	      cramorant  gulpmissile heavydutyboots [bravebird, defog, roost, surf] ttype=ground
INFO     	       necrozma   prismarmor      lifeorb [dragondance, earthquake, knockoff, photongeyser] ttype=steel
INFO     	     ironbundle   quarkdrive heavydutyboots [encore, flipturn, freezedry, hydropump] ttype=water
INFO     Sampling battle 1
INFO     	        heatran    flashfire         None [earthpower, heavyslam, lavaplume, stealthrock] ttype=grass
INFO     	       rotomfan     levitate heavydutyboots [airslash, nastyplot, thunderbolt, willowisp] ttype=electric
INFO     Sampling 4 unrevealed pokemon
INFO     	        leafeon  chlorophyll      lifeorb [doubleedge, knockoff, leafblade, swordsdance] ttype=dark
INFO     	        blissey  naturalcure    leftovers [seismictoss, softboiled, stealthrock, thunderwave] ttype=poison
INFO     	      rampardos   sheerforce  choicescarf [earthquake, firepunch, headsmash, rockslide] ttype=rock
INFO     	      honchkrow        moxie heavydutyboots [bravebird, heatwave, suckerpunch, uturn] ttype=dark
INFO     Sampling battle 2
INFO     	        heatran    flashfire         None [earthpower, heavyslam, lavaplume, stealthrock] ttype=grass
INFO     	       rotomfan     levitate heavydutyboots [airslash, nastyplot, thunderbolt, willowisp] ttype=steel
INFO     Sampling 4 unrevealed pokemon
INFO     	   moltresgalar      berserk  chestoberry [fierywrath, hurricane, nastyplot, rest] ttype=dark
INFO     	    slitherwing protosynthesis   choiceband [closecombat, earthquake, flareblitz, uturn] ttype=fire
INFO     	         flygon     levitate     lumberry [dragondance, earthquake, outrage, stoneedge] ttype=steel
INFO     	      bellibolt electromorphosis    leftovers [muddywater, slackoff, thunderbolt, toxic] ttype=electric
INFO     Sampling battle 3
INFO     	        heatran    flashfire         None [earthpower, flashcannon, lavaplume, stealthrock] ttype=grass
INFO     	       rotomfan     levitate heavydutyboots [airslash, nastyplot, thunderbolt, willowisp] ttype=electric
INFO     Sampling 4 unrevealed pokemon
INFO     	         flygon     levitate  choicescarf [earthquake, outrage, stoneedge, uturn] ttype=rock
INFO     	   avalugghisui       sturdy heavydutyboots [avalanche, bodypress, recover, stoneedge] ttype=flying
INFO     	      honchkrow        moxie heavydutyboots [bravebird, heatwave, lashout, suckerpunch] ttype=flying
INFO     	     oinkologne     thickfat    leftovers [curse, doubleedge, highhorsepower, lashout] ttype=ground
INFO     Searching for a move using PUCT MCTS with neural priors...
INFO     Sampling 4 battles at 500ms each
INFO     Computing neural priors for all battles...
INFO     Initialized StateTranslator with TeamPreviewObservationSpace
INFO     Initializing LocalPolicyProvider with model: Minikazam
INFO     Loading pretrained Minikazam model...


 		 AMAGO v3.1
            	 -------------------------
            	 Agent: Agent
            		 Max Sequence Length: 64
            		 TstepEncoder Type: MetamonPerceiverTstepEncoder
            		 TrajEncoder Type: GRUTrajEncoder
            		 Total Parameters: 4,761,778
            		 Offline Loss Weight: 1.0
            		 Online Loss Weight: 0.0
            		 Mixed Precision: NO
            		 Checkpoint Path: /Users/yadureddy/Documents/GitHub/clean/pokeagent_ac_mcts/.metamon_cache/pretrained_models/models--jakegrigsby--metamon/snapshots/c5d1cb9abb6747066a325228845a5a8af3d12139/minikazam/minikazam/ckpts
            	 Environment:
            		 DummyAsyncVectorEnv(Gym Env x 1)
            		 Exploration Type: None
            	 Dataset: DoNothingDataset
            	 Accelerate Processes: 1 


INFO     Successfully loaded Minikazam model
ERROR    Error translating battle to observation: 
WARNING  Failed to get priors for battle: 
ERROR    Error translating battle to observation: 
WARNING  Failed to get priors for battle: 
ERROR    Error translating battle to observation: 
WARNING  Failed to get priors for battle: 
ERROR    Error translating battle to observation: 
WARNING  Failed to get priors for battle: 
INFO     Successfully computed neural priors for 0/4 battles
INFO     Using PUCT-guided move selection (priors integrated during search)...
INFO     Policy 0: switch electrodehisui visited 52.56% avg_score=0.275 sample_chance_multiplier=0.25
INFO     Policy 1: hypervoice visited 84.52% avg_score=0.234 sample_chance_multiplier=0.25
INFO     Policy 2: hypervoice visited 38.9% avg_score=0.235 sample_chance_multiplier=0.25
INFO     Policy 3: hypervoice visited 91.22% avg_score=0.236 sample_chance_multiplier=0.25
INFO     Considered Choices:
INFO     	60.191%: hypervoice
INFO     Choice: hypervoice
INFO     Opponent has switched - clearing the last used move
INFO     brambleghast switched in, adding intimidate to impossible abilities
INFO     brambleghast switched in, adding pressure to impossible abilities
INFO     brambleghast switched in, adding neutralizinggas to impossible abilities
INFO     brambleghast switched in, adding sandstream to impossible abilities
INFO     brambleghast switched in, adding drought to impossible abilities
INFO     brambleghast switched in, adding drizzle to impossible abilities
INFO     brambleghast switched in, adding snowwarning to impossible abilities
INFO     brambleghast switched in, adding boosterenergy to impossible items
INFO     brambleghast switched in, adding airballoon to impossible items
INFO     indeedee already has the move hypervoice. Decrementing the PP by 1
INFO     indeedee used a normal move, removing normalgem from possible items
INFO     Setting indeedee's last used move: hypervoice
INFO     indeedee used a damaging move - not guessing lifeorb anymore
INFO     psychicterrain turns remaining: 1
INFO     
INFO     Turn: 7
INFO     Sampling battle 0
INFO     	   brambleghast    windrider heavydutyboots [poltergeist, powerwhip, rapidspin, strengthsap] ttype=steel
INFO     	       rotomfan     levitate heavydutyboots [airslash, nastyplot, thunderbolt, willowisp] ttype=electric
INFO     	        heatran    flashfire         None [earthpower, flashcannon, magmastorm, stealthrock] ttype=grass
INFO     Sampling 3 unrevealed pokemon
INFO     	      exeggutor      harvest  sitrusberry [leechseed, psychicnoise, sleeppowder, substitute] ttype=steel
INFO     	      mamoswine     thickfat   choiceband [earthquake, iceshard, iciclecrash, knockoff] ttype=ground
INFO     	        blissey  naturalcure    leftovers [healbell, seismictoss, softboiled, thunderwave] ttype=steel
INFO     Sampling battle 1
INFO     	   brambleghast    windrider heavydutyboots [poltergeist, powerwhip, rapidspin, spikes] ttype=steel
INFO     	       rotomfan     levitate heavydutyboots [airslash, nastyplot, thunderbolt, willowisp] ttype=electric
INFO     	        heatran    flashfire         None [earthpower, heavyslam, magmastorm, stealthrock] ttype=flying
INFO     Sampling 3 unrevealed pokemon
INFO     	     mabosstiff     stakeout   choiceband [crunch, playrough, psychicfangs, wildcharge] ttype=dark
INFO     	    gougingfire protosynthesis heavydutyboots [dragondance, earthquake, heatcrash, outrage] ttype=ground
INFO     	           uxie     levitate    leftovers [encore, knockoff, psychicnoise, thunderwave] ttype=steel
INFO     Sampling battle 2
INFO     	   brambleghast    windrider heavydutyboots [poltergeist, powerwhip, rapidspin, strengthsap] ttype=water
INFO     	       rotomfan     levitate heavydutyboots [airslash, nastyplot, thunderbolt, willowisp] ttype=electric
INFO     	        heatran    flashfire         None [earthpower, flashcannon, lavaplume, stealthrock] ttype=flying
INFO     Sampling 3 unrevealed pokemon
INFO     	       overqwil   intimidate   choiceband [aquajet, crunch, gunkshot, liquidation] ttype=water
INFO     	    dudunsparce      rattled    leftovers [boomburst, calmmind, roost, shadowball] ttype=ghost
INFO     	         comfey       triage    leftovers [calmmind, drainingkiss, gigadrain, storedpower] ttype=poison
INFO     Sampling battle 3
INFO     	   brambleghast    windrider    leftovers [leechseed, poltergeist, powerwhip, substitute] ttype=water
INFO     	       rotomfan     levitate heavydutyboots [airslash, nastyplot, thunderbolt, willowisp] ttype=electric
INFO     	        heatran    flashfire         None [earthpower, flashcannon, lavaplume, stealthrock] ttype=flying
INFO     Sampling 3 unrevealed pokemon
INFO     	   squawkabilly         guts     flameorb [bravebird, facade, quickattack, uturn] ttype=normal
INFO     	      reuniclus   magicguard      lifeorb [calmmind, focusblast, psyshock, recover] ttype=fighting
INFO     	  zaciancrowned intrepidsword  rustedsword [behemothblade, closecombat, playrough, swordsdance] ttype=fighting
INFO     Sampling battle 4
INFO     	   brambleghast    windrider    leftovers [poltergeist, powerwhip, spikes, strengthsap] ttype=steel
INFO     	       rotomfan     levitate heavydutyboots [airslash, nastyplot, thunderbolt, willowisp] ttype=steel
INFO     	        heatran    flashfire         None [earthpower, heavyslam, lavaplume, stealthrock] ttype=grass
INFO     Sampling 3 unrevealed pokemon
INFO     	       tornadus    prankster heavydutyboots [bleakwindstorm, grassknot, heatwave, nastyplot] ttype=fire
INFO     	       zangoose   toxicboost     toxicorb [closecombat, facade, knockoff, swordsdance] ttype=normal
INFO     	       froslass   cursedbody     widelens [destinybond, poltergeist, taunt, tripleaxel] ttype=ice
INFO     Sampling battle 5
INFO     	   brambleghast    windrider    leftovers [leechseed, poltergeist, powerwhip, substitute] ttype=fairy
INFO     	       rotomfan     levitate heavydutyboots [airslash, nastyplot, thunderbolt, willowisp] ttype=steel
INFO     	        heatran    flashfire         None [earthpower, heavyslam, magmastorm, stealthrock] ttype=grass
INFO     Sampling 3 unrevealed pokemon
INFO     	      tyranitar   sandstream    leftovers [knockoff, stealthrock, stoneedge, thunderwave] ttype=rock
INFO     	        okidogi   toxicchain    leftovers [bulkup, drainpunch, gunkshot, knockoff] ttype=dark
INFO     	     wigglytuff  competitive    leftovers [dazzlinggleam, fireblast, knockoff, thunderwave] ttype=steel
INFO     Sampling battle 6
INFO     	   brambleghast    windrider    leftovers [poltergeist, powerwhip, spikes, strengthsap] ttype=steel
INFO     	       rotomfan     levitate heavydutyboots [airslash, nastyplot, thunderbolt, willowisp] ttype=steel
INFO     	        heatran    flashfire         None [earthpower, flashcannon, lavaplume, stealthrock] ttype=grass
INFO     Sampling 3 unrevealed pokemon
INFO     	        pikachu lightningrod    lightball [fakeout, surf, voltswitch, volttackle] ttype=water
INFO     	       venomoth   tintedlens heavydutyboots [bugbuzz, quiverdance, sleeppowder, sludgewave] ttype=steel
INFO     	   arceusdragon    multitype   dracoplate [calmmind, fireblast, judgment, recover] ttype=fire
INFO     Sampling battle 7
INFO     	   brambleghast    windrider    leftovers [leechseed, poltergeist, powerwhip, substitute] ttype=water
INFO     	       rotomfan     levitate heavydutyboots [airslash, nastyplot, thunderbolt, willowisp] ttype=electric
INFO     	        heatran    flashfire         None [earthpower, heavyslam, magmastorm, stealthrock] ttype=flying
INFO     Sampling 3 unrevealed pokemon
INFO     	         kyurem     pressure  choicespecs [dracometeor, earthpower, freezedry, icebeam] ttype=ground
INFO     	       porygon2     download     eviolite [recover, shadowball, terablast, thunderwave] ttype=fairy
INFO     	      bellibolt electromorphosis    leftovers [muddywater, slackoff, thunderbolt, toxic] ttype=water
INFO     Searching for a move using PUCT MCTS with neural priors...
INFO     Sampling 8 battles at 250ms each
INFO     Computing neural priors for all battles...
INFO     Initialized StateTranslator with TeamPreviewObservationSpace
INFO     Initializing LocalPolicyProvider with model: Minikazam
INFO     Loading pretrained Minikazam model...


 		 AMAGO v3.1
            	 -------------------------
            	 Agent: Agent
            		 Max Sequence Length: 64
            		 TstepEncoder Type: MetamonPerceiverTstepEncoder
            		 TrajEncoder Type: GRUTrajEncoder
            		 Total Parameters: 4,761,778
            		 Offline Loss Weight: 1.0
            		 Online Loss Weight: 0.0
            		 Mixed Precision: NO
            		 Checkpoint Path: /Users/yadureddy/Documents/GitHub/clean/pokeagent_ac_mcts/.metamon_cache/pretrained_models/models--jakegrigsby--metamon/snapshots/c5d1cb9abb6747066a325228845a5a8af3d12139/minikazam/minikazam/ckpts
            	 Environment:
            		 DummyAsyncVectorEnv(Gym Env x 1)
            		 Exploration Type: None
            	 Dataset: DoNothingDataset
            	 Accelerate Processes: 1 


INFO     Successfully loaded Minikazam model
ERROR    Error translating battle to observation: 
WARNING  Failed to get priors for battle: 
ERROR    Error translating battle to observation: 
WARNING  Failed to get priors for battle: 
ERROR    Error translating battle to observation: 
WARNING  Failed to get priors for battle: 
ERROR    Error translating battle to observation: 
WARNING  Failed to get priors for battle: 
ERROR    Error translating battle to observation: 
WARNING  Failed to get priors for battle: 
ERROR    Error translating battle to observation: 
WARNING  Failed to get priors for battle: 
ERROR    Error translating battle to observation: 
WARNING  Failed to get priors for battle: 
ERROR    Error translating battle to observation: 
WARNING  Failed to get priors for battle: 
INFO     Successfully computed neural priors for 0/8 battles
INFO     Using PUCT-guided move selection (priors integrated during search)...
INFO     Policy 0: switch weezing visited 43.83% avg_score=0.337 sample_chance_multiplier=0.125
INFO     Policy 1: switch masquerain visited 30.81% avg_score=0.268 sample_chance_multiplier=0.125
INFO     Policy 2: switch weezing visited 65.89% avg_score=0.343 sample_chance_multiplier=0.125
INFO     Policy 3: switch weezing visited 46.94% avg_score=0.23 sample_chance_multiplier=0.125
INFO     Policy 4: switch weezing visited 46.13% avg_score=0.282 sample_chance_multiplier=0.125
INFO     Policy 5: switch masquerain visited 49.98% avg_score=0.301 sample_chance_multiplier=0.125
INFO     Policy 6: switch weezing visited 39.33% avg_score=0.282 sample_chance_multiplier=0.125
INFO     Policy 7: hypervoice visited 71.7% avg_score=0.327 sample_chance_multiplier=0.125
INFO     Considered Choices:
INFO     	33.64%: switch weezing
INFO     Choice: switch weezing
INFO     weezing switched in, adding intimidate to impossible abilities
INFO     weezing switched in, adding pressure to impossible abilities
INFO     weezing switched in, adding neutralizinggas to impossible abilities
INFO     weezing switched in, adding sandstream to impossible abilities
INFO     weezing switched in, adding drought to impossible abilities
INFO     weezing switched in, adding drizzle to impossible abilities
INFO     weezing switched in, adding snowwarning to impossible abilities
INFO     weezing switched in, adding boosterenergy to impossible items
INFO     weezing switched in, adding airballoon to impossible items
INFO     brambleghast using substitute makes it unlikely to have a choice item. Setting can_have_choice_item to False
INFO     brambleghast used a status-move. Adding `assaultvest` to impossible items
INFO     Setting brambleghast's last used move: substitute
INFO     Starting the volatile status substitute on brambleghast
INFO     brambleghast started a substitute - setting substitute_hit to False
INFO     Setting brambleghast's item to: leftovers
INFO     Setting weezing's item to: leftovers
INFO     Setting the field to None
INFO     brambleghast has less than maxhp during upkeep, no longer guessing leftovers or blacksludge
INFO     
INFO     Turn: 8
INFO     Sampling battle 0
INFO     	   brambleghast    windrider    leftovers [leechseed, poltergeist, powerwhip, substitute] ttype=fairy
INFO     	       rotomfan     levitate heavydutyboots [airslash, nastyplot, thunderbolt, willowisp] ttype=electric
INFO     	        heatran    flashfire         None [earthpower, heavyslam, magmastorm, stealthrock] ttype=flying
INFO     Sampling 3 unrevealed pokemon
INFO     	      poliwrath  waterabsorb    leftovers [bulkup, drainpunch, knockoff, liquidation] ttype=water
INFO     	     skeledirge      unaware heavydutyboots [hex, slackoff, torchsong, willowisp] ttype=fairy
INFO     	       frosmoth    icescales heavydutyboots [bugbuzz, gigadrain, icebeam, quiverdance] ttype=water
INFO     Sampling battle 1
INFO     	   brambleghast    windrider    leftovers [leechseed, poltergeist, powerwhip, substitute] ttype=steel
INFO     	       rotomfan     levitate heavydutyboots [airslash, nastyplot, thunderbolt, willowisp] ttype=steel
INFO     	        heatran    flashfire         None [earthpower, heavyslam, magmastorm, stealthrock] ttype=flying
INFO     Sampling 3 unrevealed pokemon
INFO     	      honchkrow        moxie heavydutyboots [bravebird, lashout, suckerpunch, thunderwave] ttype=flying
INFO     	       skuntank    aftermath    focussash [fireblast, gunkshot, knockoff, toxicspikes] ttype=dark
INFO     	       smeargle   technician     widelens [populationbomb, powertrip, shellsmash, spore] ttype=normal
INFO     Sampling battle 2
INFO     	   brambleghast    windrider    leftovers [leechseed, poltergeist, powerwhip, substitute] ttype=water
INFO     	       rotomfan     levitate heavydutyboots [airslash, nastyplot, thunderbolt, willowisp] ttype=electric
INFO     	        heatran    flashfire         None [earthpower, flashcannon, lavaplume, stealthrock] ttype=grass
INFO     Sampling 3 unrevealed pokemon
INFO     	        malamar     contrary  chestoberry [knockoff, psychocut, rest, superpower] ttype=poison
INFO     	        chansey  naturalcure     eviolite [healbell, seismictoss, softboiled, thunderwave] ttype=poison
INFO     	       reshiram   turboblaze heavydutyboots [blueflare, dracometeor, earthpower, willowisp] ttype=fire
INFO     Sampling battle 3
INFO     	   brambleghast    windrider    leftovers [leechseed, poltergeist, powerwhip, substitute] ttype=water
INFO     	       rotomfan     levitate heavydutyboots [airslash, nastyplot, thunderbolt, willowisp] ttype=electric
INFO     	        heatran    flashfire         None [earthpower, heavyslam, lavaplume, stealthrock] ttype=grass
INFO     Sampling 3 unrevealed pokemon
INFO     	     pincurchin electricsurge    leftovers [curse, liquidation, recover, zingzap] ttype=grass
INFO     	       floatzel    waterveil    leftovers [bulkup, icespinner, taunt, wavecrash] ttype=steel
INFO     	     tentacruel   liquidooze    leftovers [flipturn, sludgebomb, surf, toxic] ttype=flying
INFO     Searching for a move using PUCT MCTS with neural priors...
INFO     Sampling 4 battles at 500ms each
INFO     Computing neural priors for all battles...
INFO     Initialized StateTranslator with TeamPreviewObservationSpace
INFO     Initializing LocalPolicyProvider with model: Minikazam
INFO     Loading pretrained Minikazam model...


 		 AMAGO v3.1
            	 -------------------------
            	 Agent: Agent
            		 Max Sequence Length: 64
            		 TstepEncoder Type: MetamonPerceiverTstepEncoder
            		 TrajEncoder Type: GRUTrajEncoder
            		 Total Parameters: 4,761,778
            		 Offline Loss Weight: 1.0
            		 Online Loss Weight: 0.0
            		 Mixed Precision: NO
            		 Checkpoint Path: /Users/yadureddy/Documents/GitHub/clean/pokeagent_ac_mcts/.metamon_cache/pretrained_models/models--jakegrigsby--metamon/snapshots/c5d1cb9abb6747066a325228845a5a8af3d12139/minikazam/minikazam/ckpts
            	 Environment:
            		 DummyAsyncVectorEnv(Gym Env x 1)
            		 Exploration Type: None
            	 Dataset: DoNothingDataset
            	 Accelerate Processes: 1 


INFO     Successfully loaded Minikazam model
ERROR    Error translating battle to observation: 
WARNING  Failed to get priors for battle: 
ERROR    Error translating battle to observation: 
WARNING  Failed to get priors for battle: 
ERROR    Error translating battle to observation: 
WARNING  Failed to get priors for battle: 
ERROR    Error translating battle to observation: 
WARNING  Failed to get priors for battle: 
INFO     Successfully computed neural priors for 0/4 battles
INFO     Using PUCT-guided move selection (priors integrated during search)...
INFO     Policy 0: sludgebomb visited 80.29% avg_score=0.376 sample_chance_multiplier=0.25
INFO     Policy 1: fireblast visited 92.99% avg_score=0.368 sample_chance_multiplier=0.25
INFO     Policy 2: sludgebomb visited 67.02% avg_score=0.378 sample_chance_multiplier=0.25
INFO     Policy 3: sludgebomb visited 76.53% avg_score=0.358 sample_chance_multiplier=0.25
INFO     Considered Choices:
INFO     	57.234%: sludgebomb
INFO     Choice: sludgebomb
INFO     Updated brambleghast's min speed to 156
INFO     brambleghast used two different moves - it cannot have a choice item
INFO     brambleghast used a status-move. Adding `assaultvest` to impossible items
INFO     Setting brambleghast's last used move: leechseed
INFO     Starting the volatile status leechseed on weezing
INFO     weezing already has the move sludgebomb. Decrementing the PP by 1
INFO     weezing used a poison move, removing poisongem from possible items
INFO     Setting weezing's last used move: sludgebomb
INFO     weezing used a damaging move - not guessing lifeorb anymore
INFO     Substitute ended for brambleghast
INFO     Removing the volatile status substitute from brambleghast
INFO     Setting brambleghast's item to: leftovers
INFO     Setting weezing's item to: leftovers
INFO     
INFO     Turn: 9
INFO     Sampling battle 0
INFO     	   brambleghast    windrider    leftovers [leechseed, poltergeist, powerwhip, substitute] ttype=fairy
INFO     	       rotomfan     levitate heavydutyboots [airslash, nastyplot, thunderbolt, willowisp] ttype=electric
INFO     	        heatran    flashfire         None [earthpower, flashcannon, lavaplume, stealthrock] ttype=grass
INFO     Sampling 3 unrevealed pokemon
INFO     	       landorus   sheerforce      lifeorb [earthpower, nastyplot, psychic, sludgewave] ttype=poison
INFO     	         pyroar      unnerve heavydutyboots [darkpulse, fireblast, hypervoice, willowisp] ttype=fire
INFO     	      spectrier    grimneigh      lifeorb [drainingkiss, nastyplot, shadowball, willowisp] ttype=fairy
INFO     Sampling battle 1
INFO     	   brambleghast    windrider    leftovers [leechseed, poltergeist, powerwhip, substitute] ttype=water
INFO     	       rotomfan     levitate heavydutyboots [airslash, nastyplot, thunderbolt, willowisp] ttype=electric
INFO     	        heatran    flashfire         None [earthpower, flashcannon, lavaplume, stealthrock] ttype=flying
INFO     Sampling 3 unrevealed pokemon
INFO     	        florges   flowerveil    leftovers [calmmind, moonblast, synthesis, terablast] ttype=ground
INFO     	        malamar     contrary    leftovers [knockoff, rest, sleeptalk, superpower] ttype=fighting
INFO     	   slowbrogalar  regenerator  assaultvest [fireblast, foulplay, psychic, shellsidearm] ttype=poison
INFO     Sampling battle 2
INFO     	   brambleghast    windrider    leftovers [leechseed, poltergeist, powerwhip, substitute] ttype=water
INFO     	       rotomfan     levitate heavydutyboots [airslash, nastyplot, thunderbolt, willowisp] ttype=electric
INFO     	        heatran    flashfire         None [earthpower, flashcannon, magmastorm, stealthrock] ttype=flying
INFO     Sampling 3 unrevealed pokemon
INFO     	         pawmot   voltabsorb   leppaberry [closecombat, doubleshock, nuzzle, revivalblessing] ttype=electric
INFO     	        flamigo      scrappy      lifeorb [bravebird, closecombat, roost, swordsdance] ttype=fighting
INFO     	       chimecho     levitate    leftovers [encore, healbell, psychicnoise, recover] ttype=poison
INFO     Sampling battle 3
INFO     	   brambleghast    windrider    leftovers [leechseed, poltergeist, powerwhip, substitute] ttype=fairy
INFO     	       rotomfan     levitate heavydutyboots [airslash, nastyplot, thunderbolt, willowisp] ttype=electric
INFO     	        heatran    flashfire         None [earthpower, flashcannon, lavaplume, stealthrock] ttype=flying
INFO     Sampling 3 unrevealed pokemon
INFO     	         espeon  magicbounce      lifeorb [alluringvoice, morningsun, psyshock, shadowball] ttype=psychic
INFO     	      zamazenta dauntlessshield   choiceband [closecombat, ironhead, psychicfangs, stoneedge] ttype=steel
INFO     	       zangoose   toxicboost     toxicorb [closecombat, facade, knockoff, swordsdance] ttype=normal
INFO     Searching for a move using PUCT MCTS with neural priors...
INFO     Sampling 4 battles at 500ms each
INFO     Computing neural priors for all battles...
INFO     Initialized StateTranslator with TeamPreviewObservationSpace
INFO     Initializing LocalPolicyProvider with model: Minikazam
INFO     Loading pretrained Minikazam model...


 		 AMAGO v3.1
            	 -------------------------
            	 Agent: Agent
            		 Max Sequence Length: 64
            		 TstepEncoder Type: MetamonPerceiverTstepEncoder
            		 TrajEncoder Type: GRUTrajEncoder
            		 Total Parameters: 4,761,778
            		 Offline Loss Weight: 1.0
            		 Online Loss Weight: 0.0
            		 Mixed Precision: NO
            		 Checkpoint Path: /Users/yadureddy/Documents/GitHub/clean/pokeagent_ac_mcts/.metamon_cache/pretrained_models/models--jakegrigsby--metamon/snapshots/c5d1cb9abb6747066a325228845a5a8af3d12139/minikazam/minikazam/ckpts
            	 Environment:
            		 DummyAsyncVectorEnv(Gym Env x 1)
            		 Exploration Type: None
            	 Dataset: DoNothingDataset
            	 Accelerate Processes: 1 


INFO     Successfully loaded Minikazam model
ERROR    Error translating battle to observation: 
WARNING  Failed to get priors for battle: 
ERROR    Error translating battle to observation: 
WARNING  Failed to get priors for battle: 
ERROR    Error translating battle to observation: 
WARNING  Failed to get priors for battle: 
ERROR    Error translating battle to observation: 
WARNING  Failed to get priors for battle: 
INFO     Successfully computed neural priors for 0/4 battles
INFO     Using PUCT-guided move selection (priors integrated during search)...
INFO     Policy 0: sludgebomb visited 77.44% avg_score=0.356 sample_chance_multiplier=0.25
INFO     Policy 1: switch indeedee visited 30.72% avg_score=0.366 sample_chance_multiplier=0.25
INFO     Policy 2: sludgebomb visited 33.35% avg_score=0.39 sample_chance_multiplier=0.25
INFO     Policy 3: switch mabosstiff visited 49.71% avg_score=0.332 sample_chance_multiplier=0.25
INFO     Considered Choices:
INFO     	28.868%: sludgebomb
INFO     Choice: sludgebomb
INFO     Updated brambleghast's min speed to 156
INFO     brambleghast already has the move substitute. Decrementing the PP by 1
INFO     brambleghast used two different moves - it cannot have a choice item
INFO     brambleghast using substitute makes it unlikely to have a choice item. Setting can_have_choice_item to False
INFO     brambleghast used a status-move. Adding `assaultvest` to impossible items
INFO     Setting brambleghast's last used move: substitute
INFO     Starting the volatile status substitute on brambleghast
INFO     brambleghast started a substitute - setting substitute_hit to False
INFO     weezing already has the move sludgebomb. Decrementing the PP by 1
INFO     weezing used a poison move, removing poisongem from possible items
INFO     Setting weezing's last used move: sludgebomb
INFO     weezing used a damaging move - not guessing lifeorb anymore
INFO     Substitute ended for brambleghast
INFO     Removing the volatile status substitute from brambleghast
INFO     Setting brambleghast's item to: leftovers
INFO     Setting weezing's item to: leftovers
INFO     brambleghast has less than maxhp during upkeep, no longer guessing leftovers or blacksludge
INFO     
INFO     Turn: 10
INFO     Sampling battle 0
INFO     	   brambleghast    windrider    leftovers [leechseed, poltergeist, powerwhip, substitute] ttype=water
INFO     	       rotomfan     levitate heavydutyboots [airslash, nastyplot, thunderbolt, willowisp] ttype=steel
INFO     	        heatran    flashfire         None [earthpower, heavyslam, magmastorm, stealthrock] ttype=grass
INFO     Sampling 3 unrevealed pokemon
INFO     	        flareon         guts     toxicorb [facade, flareblitz, trailblaze, willowisp] ttype=normal
INFO     	       samurott      torrent  assaultvest [flipturn, grassknot, hydropump, sacredsword] ttype=grass
INFO     	       lycanroc     sandrush      lifeorb [closecombat, crunch, stoneedge, swordsdance] ttype=fighting
INFO     Sampling battle 1
INFO     	   brambleghast    windrider    leftovers [leechseed, poltergeist, powerwhip, substitute] ttype=steel
INFO     	       rotomfan     levitate heavydutyboots [airslash, nastyplot, thunderbolt, willowisp] ttype=electric
INFO     	        heatran    flashfire         None [earthpower, flashcannon, magmastorm, stealthrock] ttype=flying
INFO     Sampling 3 unrevealed pokemon
INFO     	        shaymin  naturalcure    leftovers [airslash, earthpower, seedflare, synthesis] ttype=ground
INFO     	      indeedeef psychicsurge      lifeorb [calmmind, dazzlinggleam, hypervoice, psychic] ttype=fairy
INFO     	      mamoswine     thickfat      lifeorb [earthquake, iceshard, iciclecrash, stealthrock] ttype=ground
INFO     Sampling battle 2
INFO     	   brambleghast    windrider    leftovers [leechseed, poltergeist, powerwhip, substitute] ttype=fairy
INFO     	       rotomfan     levitate heavydutyboots [airslash, nastyplot, thunderbolt, willowisp] ttype=electric
INFO     	        heatran    flashfire         None [earthpower, flashcannon, magmastorm, stealthrock] ttype=flying
INFO     Sampling 3 unrevealed pokemon
INFO     	         zacian intrepidsword      lifeorb [closecombat, crunch, playrough, swordsdance] ttype=fighting
INFO     	   deoxysattack     pressure      lifeorb [extremespeed, knockoff, psychoboost, superpower] ttype=fighting
INFO     	        flamigo      scrappy   choiceband [bravebird, closecombat, throatchop, uturn] ttype=fighting
INFO     Sampling battle 3
INFO     	   brambleghast    windrider    leftovers [leechseed, poltergeist, powerwhip, substitute] ttype=fairy
INFO     	       rotomfan     levitate heavydutyboots [airslash, nastyplot, thunderbolt, willowisp] ttype=electric
INFO     	        heatran    flashfire         None [earthpower, flashcannon, lavaplume, stealthrock] ttype=flying
INFO     Sampling 3 unrevealed pokemon
INFO     	        pikachu lightningrod    lightball [knockoff, playrough, surf, volttackle] ttype=water
INFO     	       giratina     pressure    leftovers [calmmind, dragonpulse, rest, sleeptalk] ttype=fairy
INFO     	      terapagos    terashift heavydutyboots [calmmind, darkpulse, rapidspin, terastarstorm] ttype=stellar
INFO     Searching for a move using PUCT MCTS with neural priors...
INFO     Sampling 4 battles at 500ms each
INFO     Computing neural priors for all battles...
INFO     Initialized StateTranslator with TeamPreviewObservationSpace
INFO     Initializing LocalPolicyProvider with model: Minikazam
INFO     Loading pretrained Minikazam model...


 		 AMAGO v3.1
            	 -------------------------
            	 Agent: Agent
            		 Max Sequence Length: 64
            		 TstepEncoder Type: MetamonPerceiverTstepEncoder
            		 TrajEncoder Type: GRUTrajEncoder
            		 Total Parameters: 4,761,778
            		 Offline Loss Weight: 1.0
            		 Online Loss Weight: 0.0
            		 Mixed Precision: NO
            		 Checkpoint Path: /Users/yadureddy/Documents/GitHub/clean/pokeagent_ac_mcts/.metamon_cache/pretrained_models/models--jakegrigsby--metamon/snapshots/c5d1cb9abb6747066a325228845a5a8af3d12139/minikazam/minikazam/ckpts
            	 Environment:
            		 DummyAsyncVectorEnv(Gym Env x 1)
            		 Exploration Type: None
            	 Dataset: DoNothingDataset
            	 Accelerate Processes: 1 


INFO     Successfully loaded Minikazam model
ERROR    Error translating battle to observation: 
WARNING  Failed to get priors for battle: 
ERROR    Error translating battle to observation: 
WARNING  Failed to get priors for battle: 
ERROR    Error translating battle to observation: 
WARNING  Failed to get priors for battle: 
ERROR    Error translating battle to observation: 
WARNING  Failed to get priors for battle: 
INFO     Successfully computed neural priors for 0/4 battles
INFO     Using PUCT-guided move selection (priors integrated during search)...
INFO     Policy 0: sludgebomb visited 63.89% avg_score=0.374 sample_chance_multiplier=0.25
INFO     Policy 1: switch indeedee visited 46.11% avg_score=0.385 sample_chance_multiplier=0.25
INFO     Policy 2: switch masquerain visited 38.41% avg_score=0.357 sample_chance_multiplier=0.25
INFO     Policy 3: switch indeedee visited 30.64% avg_score=0.361 sample_chance_multiplier=0.25
INFO     Considered Choices:
INFO     	24.246%: switch indeedee
INFO     	20.224%: switch masquerain
INFO     	18.763%: sludgebomb
INFO     Choice: sludgebomb
INFO     Updated brambleghast's min speed to 156
INFO     brambleghast already has the move substitute. Decrementing the PP by 1
INFO     brambleghast using substitute makes it unlikely to have a choice item. Setting can_have_choice_item to False
INFO     brambleghast used a status-move. Adding `assaultvest` to impossible items
INFO     Setting brambleghast's last used move: substitute
INFO     Starting the volatile status substitute on brambleghast
INFO     brambleghast started a substitute - setting substitute_hit to False
INFO     weezing already has the move sludgebomb. Decrementing the PP by 1
INFO     weezing used a poison move, removing poisongem from possible items
INFO     Setting weezing's last used move: sludgebomb
INFO     weezing used a damaging move - not guessing lifeorb anymore
INFO     Substitute ended for brambleghast
INFO     Removing the volatile status substitute from brambleghast
INFO     Setting brambleghast's item to: leftovers
INFO     Setting weezing's item to: leftovers
INFO     brambleghast has less than maxhp during upkeep, no longer guessing leftovers or blacksludge
INFO     
INFO     Turn: 11
INFO     Sampling battle 0
INFO     	   brambleghast    windrider    leftovers [leechseed, poltergeist, powerwhip, substitute] ttype=water
INFO     	       rotomfan     levitate heavydutyboots [airslash, nastyplot, thunderbolt, willowisp] ttype=electric
INFO     	        heatran    flashfire         None [earthpower, heavyslam, lavaplume, stealthrock] ttype=grass
INFO     Sampling 3 unrevealed pokemon
INFO     	       articuno     pressure heavydutyboots [bravebird, freezedry, haze, roost] ttype=ground
INFO     	lycanrocmidnight      noguard      lifeorb [closecombat, stealthrock, stoneedge, suckerpunch] ttype=fighting
INFO     	       oranguru   innerfocus  choicespecs [focusblast, hypervoice, psyshock, trick] ttype=psychic
INFO     Sampling battle 1
INFO     	   brambleghast    windrider    leftovers [leechseed, poltergeist, powerwhip, substitute] ttype=steel
INFO     	       rotomfan     levitate heavydutyboots [airslash, nastyplot, thunderbolt, willowisp] ttype=steel
INFO     	        heatran    flashfire         None [earthpower, heavyslam, lavaplume, stealthrock] ttype=flying
INFO     Sampling 3 unrevealed pokemon
INFO     	taurospaldeaaqua      cudchew  sitrusberry [bulkup, closecombat, liquidation, substitute] ttype=water
INFO     	      lilligant  chlorophyll      lifeorb [gigadrain, quiverdance, sleeppowder, terablast] ttype=rock
INFO     	       maushold   technician     widelens [bite, encore, populationbomb, tidyup] ttype=ghost
INFO     Sampling battle 2
INFO     	   brambleghast    windrider    leftovers [leechseed, poltergeist, powerwhip, substitute] ttype=fairy
INFO     	       rotomfan     levitate heavydutyboots [airslash, nastyplot, thunderbolt, willowisp] ttype=electric
INFO     	        heatran    flashfire         None [earthpower, flashcannon, magmastorm, stealthrock] ttype=grass
INFO     Sampling 3 unrevealed pokemon
INFO     	 giratinaorigin     levitate griseouscore [defog, dracometeor, poltergeist, willowisp] ttype=ghost
INFO     	       cloyster    skilllink    whiteherb [hydropump, iciclespear, rockblast, shellsmash] ttype=rock
INFO     	       meloetta  serenegrace      lifeorb [calmmind, focusblast, hypervoice, psyshock] ttype=psychic
INFO     Sampling battle 3
INFO     	   brambleghast    windrider    leftovers [leechseed, poltergeist, powerwhip, substitute] ttype=water
INFO     	       rotomfan     levitate heavydutyboots [airslash, nastyplot, thunderbolt, willowisp] ttype=electric
INFO     	        heatran    flashfire         None [earthpower, heavyslam, lavaplume, stealthrock] ttype=grass
INFO     Sampling 3 unrevealed pokemon
INFO     	       zangoose   toxicboost     toxicorb [closecombat, facade, knockoff, swordsdance] ttype=normal
INFO     	    arceusghost    multitype  spookyplate [calmmind, focusblast, judgment, recover] ttype=ghost
INFO     	       empoleon  competitive    leftovers [knockoff, roost, stealthrock, surf] ttype=flying
INFO     Searching for a move using PUCT MCTS with neural priors...
INFO     Sampling 4 battles at 500ms each
INFO     Computing neural priors for all battles...
INFO     Initialized StateTranslator with TeamPreviewObservationSpace
INFO     Initializing LocalPolicyProvider with model: Minikazam
INFO     Loading pretrained Minikazam model...


 		 AMAGO v3.1
            	 -------------------------
            	 Agent: Agent
            		 Max Sequence Length: 64
            		 TstepEncoder Type: MetamonPerceiverTstepEncoder
            		 TrajEncoder Type: GRUTrajEncoder
            		 Total Parameters: 4,761,778
            		 Offline Loss Weight: 1.0
            		 Online Loss Weight: 0.0
            		 Mixed Precision: NO
            		 Checkpoint Path: /Users/yadureddy/Documents/GitHub/clean/pokeagent_ac_mcts/.metamon_cache/pretrained_models/models--jakegrigsby--metamon/snapshots/c5d1cb9abb6747066a325228845a5a8af3d12139/minikazam/minikazam/ckpts
            	 Environment:
            		 DummyAsyncVectorEnv(Gym Env x 1)
            		 Exploration Type: None
            	 Dataset: DoNothingDataset
            	 Accelerate Processes: 1 


INFO     Successfully loaded Minikazam model
ERROR    Error translating battle to observation: 
WARNING  Failed to get priors for battle: 
ERROR    Error translating battle to observation: 
WARNING  Failed to get priors for battle: 
ERROR    Error translating battle to observation: 
WARNING  Failed to get priors for battle: 
ERROR    Error translating battle to observation: 
WARNING  Failed to get priors for battle: 
INFO     Successfully computed neural priors for 0/4 battles
INFO     Using PUCT-guided move selection (priors integrated during search)...
INFO     Policy 0: painsplit visited 29.55% avg_score=0.323 sample_chance_multiplier=0.25
INFO     Policy 1: switch masquerain visited 58.0% avg_score=0.39 sample_chance_multiplier=0.25
INFO     Policy 2: switch masquerain visited 71.04% avg_score=0.369 sample_chance_multiplier=0.25
INFO     Policy 3: willowisp visited 43.1% avg_score=0.326 sample_chance_multiplier=0.25
INFO     Considered Choices:
INFO     	33.055%: switch masquerain
INFO     Choice: switch masquerain
INFO     masquerain switched in, adding intimidate to impossible abilities
INFO     masquerain switched in, adding pressure to impossible abilities
INFO     masquerain switched in, adding neutralizinggas to impossible abilities
INFO     masquerain switched in, adding sandstream to impossible abilities
INFO     masquerain switched in, adding drought to impossible abilities
INFO     masquerain switched in, adding drizzle to impossible abilities
INFO     masquerain switched in, adding snowwarning to impossible abilities
INFO     masquerain switched in, adding boosterenergy to impossible items
INFO     masquerain switched in, adding airballoon to impossible items
INFO     Setting masquerain's ability to intimidate
INFO     brambleghast's attack was unboosted by 1 to -1
INFO     brambleghast already has the move substitute. Decrementing the PP by 1
INFO     brambleghast using substitute makes it unlikely to have a choice item. Setting can_have_choice_item to False
INFO     brambleghast used a status-move. Adding `assaultvest` to impossible items
INFO     Setting brambleghast's last used move: substitute
INFO     Starting the volatile status substitute on brambleghast
INFO     brambleghast started a substitute - setting substitute_hit to False
INFO     Setting brambleghast's item to: leftovers
INFO     brambleghast has less than maxhp during upkeep, no longer guessing leftovers or blacksludge
INFO     
INFO     Turn: 12
INFO     Sampling battle 0
INFO     	   brambleghast    windrider    leftovers [leechseed, poltergeist, powerwhip, substitute] ttype=steel
INFO     	       rotomfan     levitate heavydutyboots [airslash, nastyplot, thunderbolt, willowisp] ttype=electric
INFO     	        heatran    flashfire         None [earthpower, heavyslam, lavaplume, stealthrock] ttype=grass
INFO     Sampling 3 unrevealed pokemon
INFO     	      azumarill    hugepower   choiceband [aquajet, icespinner, liquidation, playrough] ttype=water
INFO     	        drednaw    swiftswim    whiteherb [earthquake, liquidation, shellsmash, stoneedge] ttype=water
INFO     	           uxie     levitate    leftovers [encore, knockoff, psychicnoise, stealthrock] ttype=dark
INFO     Sampling battle 1
INFO     	   brambleghast    windrider    leftovers [leechseed, poltergeist, powerwhip, substitute] ttype=steel
INFO     	       rotomfan     levitate heavydutyboots [airslash, nastyplot, thunderbolt, willowisp] ttype=steel
INFO     	        heatran    flashfire         None [earthpower, flashcannon, lavaplume, stealthrock] ttype=grass
INFO     Sampling 3 unrevealed pokemon
INFO     	       cacturne  waterabsorb      lifeorb [knockoff, leafstorm, spikes, suckerpunch] ttype=grass
INFO     	       vaporeon  waterabsorb    leftovers [protect, roar, scald, wish] ttype=ghost
INFO     	        gurdurr         guts     eviolite [defog, drainpunch, knockoff, machpunch] ttype=steel
INFO     Sampling battle 2
INFO     	   brambleghast    windrider    leftovers [leechseed, poltergeist, powerwhip, substitute] ttype=water
INFO     	       rotomfan     levitate heavydutyboots [airslash, nastyplot, thunderbolt, willowisp] ttype=electric
INFO     	        heatran    flashfire         None [earthpower, heavyslam, lavaplume, stealthrock] ttype=flying
INFO     Sampling 3 unrevealed pokemon
INFO     	     bombirdier rockypayload heavydutyboots [bravebird, knockoff, roost, stoneedge] ttype=rock
INFO     	     gothitelle    shadowtag    leftovers [calmmind, focusblast, psychicnoise, thunderbolt] ttype=electric
INFO     	         phione    hydration    leftovers [rest, scald, sleeptalk, takeheart] ttype=steel
INFO     Sampling battle 3
INFO     	   brambleghast    windrider    leftovers [leechseed, poltergeist, powerwhip, substitute] ttype=fairy
INFO     	       rotomfan     levitate heavydutyboots [airslash, nastyplot, thunderbolt, willowisp] ttype=electric
INFO     	        heatran    flashfire         None [earthpower, heavyslam, lavaplume, stealthrock] ttype=grass
INFO     Sampling 3 unrevealed pokemon
INFO     	   moltresgalar      berserk weaknesspolicy [agility, fierywrath, hurricane, nastyplot] ttype=steel
INFO     	       arcanine   intimidate heavydutyboots [closecombat, extremespeed, flareblitz, morningsun] ttype=fighting
INFO     	       vaporeon  waterabsorb    leftovers [icebeam, protect, scald, wish] ttype=ghost
INFO     Searching for a move using PUCT MCTS with neural priors...
INFO     Sampling 4 battles at 500ms each
INFO     Computing neural priors for all battles...
INFO     Initialized StateTranslator with TeamPreviewObservationSpace
INFO     Initializing LocalPolicyProvider with model: Minikazam
INFO     Loading pretrained Minikazam model...


 		 AMAGO v3.1
            	 -------------------------
            	 Agent: Agent
            		 Max Sequence Length: 64
            		 TstepEncoder Type: MetamonPerceiverTstepEncoder
            		 TrajEncoder Type: GRUTrajEncoder
            		 Total Parameters: 4,761,778
            		 Offline Loss Weight: 1.0
            		 Online Loss Weight: 0.0
            		 Mixed Precision: NO
            		 Checkpoint Path: /Users/yadureddy/Documents/GitHub/clean/pokeagent_ac_mcts/.metamon_cache/pretrained_models/models--jakegrigsby--metamon/snapshots/c5d1cb9abb6747066a325228845a5a8af3d12139/minikazam/minikazam/ckpts
            	 Environment:
            		 DummyAsyncVectorEnv(Gym Env x 1)
            		 Exploration Type: None
            	 Dataset: DoNothingDataset
            	 Accelerate Processes: 1 


INFO     Successfully loaded Minikazam model
ERROR    Error translating battle to observation: 
WARNING  Failed to get priors for battle: 
ERROR    Error translating battle to observation: 
WARNING  Failed to get priors for battle: 
ERROR    Error translating battle to observation: 
WARNING  Failed to get priors for battle: 
ERROR    Error translating battle to observation: 
WARNING  Failed to get priors for battle: 
INFO     Successfully computed neural priors for 0/4 battles
INFO     Using PUCT-guided move selection (priors integrated during search)...
INFO     Policy 0: bugbuzz visited 52.77% avg_score=0.271 sample_chance_multiplier=0.25
INFO     Policy 1: hydropump visited 38.37% avg_score=0.347 sample_chance_multiplier=0.25
INFO     Policy 2: bugbuzz visited 89.5% avg_score=0.326 sample_chance_multiplier=0.25
INFO     Policy 3: bugbuzz visited 41.99% avg_score=0.253 sample_chance_multiplier=0.25
INFO     Considered Choices:
INFO     	55.17%: bugbuzz
INFO     Choice: bugbuzz
INFO     Updated brambleghast's min speed to 189
INFO     brambleghast used two different moves - it cannot have a choice item
INFO     brambleghast used a ghost move, removing ghostgem from possible items
INFO     Setting brambleghast's last used move: poltergeist
INFO     brambleghast used a damaging move - not guessing lifeorb anymore
INFO     brambleghast did 43.56% damage to masquerain with poltergeist
INFO     masquerain has the item heavydutyboots
INFO     masquerain already has the move bugbuzz. Decrementing the PP by 1
INFO     masquerain used a bug move, removing buggem from possible items
INFO     Setting masquerain's last used move: bugbuzz
INFO     masquerain used a damaging move - not guessing lifeorb anymore
INFO     masquerain did 49.0% damage to brambleghast with bugbuzz
INFO     brambleghast's special-defense was unboosted by 1 to -1
INFO     Setting brambleghast's item to: leftovers
INFO     brambleghast has less than maxhp during upkeep, no longer guessing leftovers or blacksludge
INFO     
INFO     Turn: 13
INFO     Sampling battle 0
INFO     	   brambleghast    windrider    leftovers [leechseed, poltergeist, powerwhip, substitute] ttype=fairy
INFO     	       rotomfan     levitate heavydutyboots [airslash, nastyplot, thunderbolt, willowisp] ttype=electric
INFO     	        heatran    flashfire         None [earthpower, heavyslam, lavaplume, stealthrock] ttype=flying
INFO     Sampling 3 unrevealed pokemon
INFO     	        noivern  infiltrator  choicespecs [boomburst, dracometeor, hurricane, uturn] ttype=normal
INFO     	        weavile   pickpocket   choiceband [iceshard, knockoff, lowkick, tripleaxel] ttype=fighting
INFO     	   dugtrioalola tanglinghair      lifeorb [earthquake, ironhead, stealthrock, stoneedge] ttype=steel
INFO     Sampling battle 1
INFO     	   brambleghast    windrider    leftovers [leechseed, poltergeist, powerwhip, substitute] ttype=fairy
INFO     	       rotomfan     levitate heavydutyboots [airslash, nastyplot, thunderbolt, willowisp] ttype=steel
INFO     	        heatran    flashfire         None [earthpower, heavyslam, magmastorm, stealthrock] ttype=grass
INFO     Sampling 3 unrevealed pokemon
INFO     	       skarmory       sturdy    leftovers [bravebird, roost, spikes, stealthrock] ttype=dragon
INFO     	ursalunabloodmoon     mindseye    leftovers [bloodmoon, calmmind, moonlight, vacuumwave] ttype=normal
INFO     	      garganacl purifyingsalt    leftovers [bodypress, irondefense, recover, saltcure] ttype=dragon
INFO     Sampling battle 2
INFO     	   brambleghast    windrider    leftovers [leechseed, poltergeist, powerwhip, substitute] ttype=steel
INFO     	       rotomfan     levitate heavydutyboots [airslash, nastyplot, thunderbolt, willowisp] ttype=electric
INFO     	        heatran    flashfire         None [earthpower, heavyslam, lavaplume, stealthrock] ttype=grass
INFO     Sampling 3 unrevealed pokemon
INFO     	         raichu lightningrod  assaultvest [grassknot, nuzzle, surf, thunderbolt] ttype=water
INFO     	   weezinggalar     levitate    leftovers [defog, gunkshot, strangesteam, willowisp] ttype=steel
INFO     	       cinccino   technician   loadeddice [bulletseed, tailslap, tripleaxel, uturn] ttype=grass
INFO     Sampling battle 3
INFO     	   brambleghast    windrider    leftovers [leechseed, poltergeist, powerwhip, substitute] ttype=steel
INFO     	       rotomfan     levitate heavydutyboots [airslash, nastyplot, thunderbolt, willowisp] ttype=steel
INFO     	        heatran    flashfire         None [earthpower, flashcannon, magmastorm, stealthrock] ttype=flying
INFO     Sampling 3 unrevealed pokemon
INFO     	     arceusrock    multitype   stoneplate [calmmind, fireblast, judgment, recover] ttype=dragon
INFO     	      toxicroak      dryskin      lifeorb [closecombat, earthquake, gunkshot, swordsdance] ttype=fighting
INFO     	urshifurapidstrike   unseenfist   choiceband [closecombat, icespinner, surgingstrikes, uturn] ttype=water
INFO     Searching for a move using PUCT MCTS with neural priors...
INFO     Sampling 4 battles at 500ms each
INFO     Computing neural priors for all battles...
INFO     Initialized StateTranslator with TeamPreviewObservationSpace
INFO     Initializing LocalPolicyProvider with model: Minikazam
INFO     Loading pretrained Minikazam model...


 		 AMAGO v3.1
            	 -------------------------
            	 Agent: Agent
            		 Max Sequence Length: 64
            		 TstepEncoder Type: MetamonPerceiverTstepEncoder
            		 TrajEncoder Type: GRUTrajEncoder
            		 Total Parameters: 4,761,778
            		 Offline Loss Weight: 1.0
            		 Online Loss Weight: 0.0
            		 Mixed Precision: NO
            		 Checkpoint Path: /Users/yadureddy/Documents/GitHub/clean/pokeagent_ac_mcts/.metamon_cache/pretrained_models/models--jakegrigsby--metamon/snapshots/c5d1cb9abb6747066a325228845a5a8af3d12139/minikazam/minikazam/ckpts
            	 Environment:
            		 DummyAsyncVectorEnv(Gym Env x 1)
            		 Exploration Type: None
            	 Dataset: DoNothingDataset
            	 Accelerate Processes: 1 


INFO     Successfully loaded Minikazam model
ERROR    Error translating battle to observation: 
WARNING  Failed to get priors for battle: 
ERROR    Error translating battle to observation: 
WARNING  Failed to get priors for battle: 
ERROR    Error translating battle to observation: 
WARNING  Failed to get priors for battle: 
ERROR    Error translating battle to observation: 
WARNING  Failed to get priors for battle: 
INFO     Successfully computed neural priors for 0/4 battles
INFO     Using PUCT-guided move selection (priors integrated during search)...
INFO     Policy 0: bugbuzz visited 84.1% avg_score=0.268 sample_chance_multiplier=0.25
INFO     Policy 1: bugbuzz visited 50.9% avg_score=0.313 sample_chance_multiplier=0.25
INFO     Policy 2: bugbuzz visited 93.16% avg_score=0.311 sample_chance_multiplier=0.25
INFO     Policy 3: hydropump visited 73.15% avg_score=0.278 sample_chance_multiplier=0.25
INFO     Considered Choices:
INFO     	58.267%: bugbuzz
INFO     Choice: bugbuzz
INFO     Updated brambleghast's min speed to 189
INFO     brambleghast already has the move poltergeist. Decrementing the PP by 1
INFO     brambleghast used a ghost move, removing ghostgem from possible items
INFO     Setting brambleghast's last used move: poltergeist
INFO     brambleghast used a damaging move - not guessing lifeorb anymore
INFO     brambleghast did 47.73% damage to masquerain with poltergeist
INFO     masquerain has the item heavydutyboots
INFO     masquerain already has the move bugbuzz. Decrementing the PP by 1
INFO     masquerain used a bug move, removing buggem from possible items
INFO     Setting masquerain's last used move: bugbuzz
INFO     masquerain used a damaging move - not guessing lifeorb anymore
INFO     masquerain did 28.000000000000004% damage to brambleghast with bugbuzz
INFO     brambleghast has less than maxhp during upkeep, no longer guessing leftovers or blacksludge
INFO     Opponent has switched - clearing the last used move
INFO     tinkaton switched in, adding intimidate to impossible abilities
INFO     tinkaton switched in, adding pressure to impossible abilities
INFO     tinkaton switched in, adding neutralizinggas to impossible abilities
INFO     tinkaton switched in, adding sandstream to impossible abilities
INFO     tinkaton switched in, adding drought to impossible abilities
INFO     tinkaton switched in, adding drizzle to impossible abilities
INFO     tinkaton switched in, adding snowwarning to impossible abilities
INFO     tinkaton switched in, adding boosterenergy to impossible items
INFO     tinkaton switched in, adding airballoon to impossible items
INFO     Setting tinkaton's ability to moldbreaker
INFO     
INFO     Turn: 14
INFO     Sampling battle 0
INFO     	       tinkaton  moldbreaker    leftovers [gigatonhammer, playrough, protect, swordsdance] ttype=steel
INFO     	       rotomfan     levitate heavydutyboots [airslash, nastyplot, thunderbolt, willowisp] ttype=electric
INFO     	        heatran    flashfire         None [earthpower, heavyslam, magmastorm, stealthrock] ttype=grass
INFO     Sampling 2 unrevealed pokemon
INFO     	      ceruledge    weakarmor heavydutyboots [bitterblade, poltergeist, shadowsneak, swordsdance] ttype=fire
INFO     	       espathra   speedboost    leftovers [calmmind, dazzlinggleam, storedpower, substitute] ttype=fairy
INFO     Sampling battle 1
INFO     	       tinkaton  moldbreaker    leftovers [gigatonhammer, knockoff, playrough, thunderwave] ttype=water
INFO     	       rotomfan     levitate heavydutyboots [airslash, nastyplot, thunderbolt, willowisp] ttype=electric
INFO     	        heatran    flashfire         None [earthpower, heavyslam, magmastorm, stealthrock] ttype=flying
INFO     Sampling 2 unrevealed pokemon
INFO     	        suicune     pressure    leftovers [calmmind, icebeam, scald, substitute] ttype=steel
INFO     	      clawitzer megalauncher  choicespecs [darkpulse, dragonpulse, icebeam, waterpulse] ttype=dark
INFO     Sampling battle 2
INFO     	       tinkaton  moldbreaker    leftovers [gigatonhammer, playrough, protect, swordsdance] ttype=steel
INFO     	       rotomfan     levitate heavydutyboots [airslash, nastyplot, thunderbolt, willowisp] ttype=electric
INFO     	        heatran    flashfire         None [earthpower, heavyslam, lavaplume, stealthrock] ttype=grass
INFO     Sampling 2 unrevealed pokemon
INFO     	 giratinaorigin     levitate griseouscore [defog, dracometeor, poltergeist, willowisp] ttype=dragon
INFO     	         regice    clearbody heavydutyboots [bodypress, icebeam, thunderbolt, thunderwave] ttype=electric
INFO     Sampling battle 3
INFO     	       tinkaton  moldbreaker    leftovers [encore, gigatonhammer, knockoff, playrough] ttype=water
INFO     	       rotomfan     levitate heavydutyboots [airslash, nastyplot, thunderbolt, willowisp] ttype=electric
INFO     	        heatran    flashfire         None [earthpower, flashcannon, magmastorm, stealthrock] ttype=flying
INFO     Sampling 2 unrevealed pokemon
INFO     	        gurdurr         guts     eviolite [bulkup, drainpunch, knockoff, machpunch] ttype=steel
INFO     	           hooh  regenerator heavydutyboots [bravebird, earthquake, recover, sacredfire] ttype=ground
INFO     Searching for a move using PUCT MCTS with neural priors...
INFO     Sampling 4 battles at 500ms each
INFO     Computing neural priors for all battles...
INFO     Initialized StateTranslator with TeamPreviewObservationSpace
INFO     Initializing LocalPolicyProvider with model: Minikazam
INFO     Loading pretrained Minikazam model...


 		 AMAGO v3.1
            	 -------------------------
            	 Agent: Agent
            		 Max Sequence Length: 64
            		 TstepEncoder Type: MetamonPerceiverTstepEncoder
            		 TrajEncoder Type: GRUTrajEncoder
            		 Total Parameters: 4,761,778
            		 Offline Loss Weight: 1.0
            		 Online Loss Weight: 0.0
            		 Mixed Precision: NO
            		 Checkpoint Path: /Users/yadureddy/Documents/GitHub/clean/pokeagent_ac_mcts/.metamon_cache/pretrained_models/models--jakegrigsby--metamon/snapshots/c5d1cb9abb6747066a325228845a5a8af3d12139/minikazam/minikazam/ckpts
            	 Environment:
            		 DummyAsyncVectorEnv(Gym Env x 1)
            		 Exploration Type: None
            	 Dataset: DoNothingDataset
            	 Accelerate Processes: 1 


INFO     Successfully loaded Minikazam model
ERROR    Error translating battle to observation: 
WARNING  Failed to get priors for battle: 
ERROR    Error translating battle to observation: 
WARNING  Failed to get priors for battle: 
ERROR    Error translating battle to observation: 
WARNING  Failed to get priors for battle: 
ERROR    Error translating battle to observation: 
WARNING  Failed to get priors for battle: 
INFO     Successfully computed neural priors for 0/4 battles
INFO     Using PUCT-guided move selection (priors integrated during search)...
INFO     Policy 0: hydropump visited 22.89% avg_score=0.162 sample_chance_multiplier=0.25
INFO     Policy 1: switch weezing visited 69.89% avg_score=0.258 sample_chance_multiplier=0.25
INFO     Policy 2: switch indeedee visited 34.03% avg_score=0.181 sample_chance_multiplier=0.25
INFO     Policy 3: switch weezing visited 37.1% avg_score=0.263 sample_chance_multiplier=0.25
INFO     Considered Choices:
INFO     	34.264%: switch weezing
INFO     Choice: switch weezing
INFO     tinkaton used a steel move, removing steelgem from possible items
INFO     Setting tinkaton's last used move: gigatonhammer
INFO     tinkaton used a damaging move - not guessing lifeorb anymore
INFO     tinkaton did 48.84% damage to weezing with gigatonhammer
INFO     Setting tinkaton's item to: lifeorb
INFO     Setting weezing's item to: leftovers
INFO     tinkaton has less than maxhp during upkeep, no longer guessing leftovers or blacksludge
INFO     
INFO     Turn: 15
INFO     Sampling battle 0
INFO     	       tinkaton  moldbreaker      lifeorb [gigatonhammer, knockoff, playrough, swordsdance] ttype=steel
INFO     	       rotomfan     levitate heavydutyboots [airslash, nastyplot, thunderbolt, willowisp] ttype=electric
INFO     	        heatran    flashfire         None [earthpower, heavyslam, lavaplume, stealthrock] ttype=grass
INFO     Sampling 2 unrevealed pokemon
INFO     	     scovillain  chlorophyll    leftovers [flamethrower, leechseed, protect, substitute] ttype=steel
INFO     	       alcremie    aromaveil    leftovers [acidarmor, calmmind, dazzlinggleam, recover] ttype=poison
INFO     Sampling battle 1
INFO     	       tinkaton  moldbreaker      lifeorb [gigatonhammer, knockoff, playrough, swordsdance] ttype=steel
INFO     	       rotomfan     levitate heavydutyboots [airslash, nastyplot, thunderbolt, willowisp] ttype=steel
INFO     	        heatran    flashfire         None [earthpower, flashcannon, magmastorm, stealthrock] ttype=flying
INFO     Sampling 2 unrevealed pokemon
INFO     	         kyogre      drizzle    leftovers [calmmind, icebeam, originpulse, thunder] ttype=dragon
INFO     	       mukalola  poisontouch  assaultvest [icepunch, knockoff, poisonjab, shadowsneak] ttype=dark
INFO     Sampling battle 2
INFO     	       tinkaton  moldbreaker      lifeorb [gigatonhammer, knockoff, playrough, swordsdance] ttype=steel
INFO     	       rotomfan     levitate heavydutyboots [airslash, nastyplot, thunderbolt, willowisp] ttype=electric
INFO     	        heatran    flashfire         None [earthpower, heavyslam, magmastorm, stealthrock] ttype=flying
INFO     Sampling 2 unrevealed pokemon
INFO     	         raichu lightningrod    focussash [grassknot, nastyplot, surf, thunderbolt] ttype=grass
INFO     	       porygon2     download     eviolite [discharge, icebeam, recover, triattack] ttype=ghost
INFO     Sampling battle 3
INFO     	       tinkaton  moldbreaker      lifeorb [gigatonhammer, knockoff, playrough, swordsdance] ttype=steel
INFO     	       rotomfan     levitate heavydutyboots [airslash, nastyplot, thunderbolt, willowisp] ttype=electric
INFO     	        heatran    flashfire         None [earthpower, heavyslam, lavaplume, stealthrock] ttype=grass
INFO     Sampling 2 unrevealed pokemon
INFO     	        flamigo      scrappy  choicescarf [bravebird, closecombat, throatchop, uturn] ttype=fighting
INFO     	      ceruledge    weakarmor heavydutyboots [bitterblade, closecombat, poltergeist, swordsdance] ttype=ghost
INFO     Searching for a move using PUCT MCTS with neural priors...
INFO     Sampling 4 battles at 500ms each
INFO     Computing neural priors for all battles...
INFO     Initialized StateTranslator with TeamPreviewObservationSpace
INFO     Initializing LocalPolicyProvider with model: Minikazam
INFO     Loading pretrained Minikazam model...


 		 AMAGO v3.1
            	 -------------------------
            	 Agent: Agent
            		 Max Sequence Length: 64
            		 TstepEncoder Type: MetamonPerceiverTstepEncoder
            		 TrajEncoder Type: GRUTrajEncoder
            		 Total Parameters: 4,761,778
            		 Offline Loss Weight: 1.0
            		 Online Loss Weight: 0.0
            		 Mixed Precision: NO
            		 Checkpoint Path: /Users/yadureddy/Documents/GitHub/clean/pokeagent_ac_mcts/.metamon_cache/pretrained_models/models--jakegrigsby--metamon/snapshots/c5d1cb9abb6747066a325228845a5a8af3d12139/minikazam/minikazam/ckpts
            	 Environment:
            		 DummyAsyncVectorEnv(Gym Env x 1)
            		 Exploration Type: None
            	 Dataset: DoNothingDataset
            	 Accelerate Processes: 1 


INFO     Successfully loaded Minikazam model
ERROR    Error translating battle to observation: 
WARNING  Failed to get priors for battle: 
ERROR    Error translating battle to observation: 
WARNING  Failed to get priors for battle: 
ERROR    Error translating battle to observation: 
WARNING  Failed to get priors for battle: 
ERROR    Error translating battle to observation: 
WARNING  Failed to get priors for battle: 
INFO     Successfully computed neural priors for 0/4 battles
INFO     Using PUCT-guided move selection (priors integrated during search)...
INFO     Policy 0: painsplit visited 67.66% avg_score=0.363 sample_chance_multiplier=0.25
INFO     Policy 1: painsplit visited 81.58% avg_score=0.396 sample_chance_multiplier=0.25
INFO     Policy 2: fireblast visited 51.3% avg_score=0.407 sample_chance_multiplier=0.25
INFO     Policy 3: switch indeedee visited 59.16% avg_score=0.404 sample_chance_multiplier=0.25
INFO     Considered Choices:
INFO     	48.414%: painsplit
INFO     Choice: painsplit
INFO     Opponent has switched - clearing the last used move
INFO     weezing already has the move painsplit. Decrementing the PP by 1
INFO     weezing used a status-move. Adding `assaultvest` to impossible items
INFO     Setting weezing's last used move: painsplit
INFO     Setting weezing's item to: leftovers
INFO     heatran has less than maxhp during upkeep, no longer guessing leftovers or blacksludge
INFO     
INFO     Turn: 16
INFO     Sampling battle 0
INFO     	        heatran    flashfire         None [earthpower, heavyslam, lavaplume, stealthrock] ttype=flying
INFO     	       rotomfan     levitate heavydutyboots [airslash, nastyplot, thunderbolt, willowisp] ttype=steel
INFO     	       tinkaton  moldbreaker      lifeorb [gigatonhammer, knockoff, playrough, swordsdance] ttype=steel
INFO     Sampling 2 unrevealed pokemon
INFO     	   persianalola      furcoat      lifeorb [darkpulse, nastyplot, powergem, thunderbolt] ttype=electric
INFO     	      zamazenta dauntlessshield   choiceband [closecombat, ironhead, psychicfangs, stoneedge] ttype=steel
INFO     Sampling battle 1
INFO     	        heatran    flashfire         None [earthpower, flashcannon, magmastorm, stealthrock] ttype=grass
INFO     	       rotomfan     levitate heavydutyboots [airslash, nastyplot, thunderbolt, willowisp] ttype=electric
INFO     	       tinkaton  moldbreaker      lifeorb [gigatonhammer, knockoff, playrough, swordsdance] ttype=steel
INFO     Sampling 2 unrevealed pokemon
INFO     	        lanturn   voltabsorb  choicespecs [icebeam, scald, thunderbolt, voltswitch] ttype=flying
INFO     	 decidueyehisui      scrappy    leftovers [leafblade, roost, suckerpunch, triplearrows] ttype=water
INFO     Sampling battle 2
INFO     	        heatran    flashfire         None [earthpower, flashcannon, magmastorm, stealthrock] ttype=flying
INFO     	       rotomfan     levitate heavydutyboots [airslash, nastyplot, thunderbolt, willowisp] ttype=electric
INFO     	       tinkaton  moldbreaker      lifeorb [gigatonhammer, knockoff, playrough, swordsdance] ttype=steel
INFO     Sampling 2 unrevealed pokemon
INFO     	       froslass   cursedbody     widelens [poltergeist, spikes, tripleaxel, willowisp] ttype=ghost
INFO     	          chiyu  beadsofruin heavydutyboots [darkpulse, fireblast, nastyplot, willowisp] ttype=dark
INFO     Sampling battle 3
INFO     	        heatran    flashfire         None [earthpower, heavyslam, magmastorm, stealthrock] ttype=flying
INFO     	       rotomfan     levitate heavydutyboots [airslash, nastyplot, thunderbolt, willowisp] ttype=electric
INFO     	       tinkaton  moldbreaker      lifeorb [gigatonhammer, knockoff, playrough, swordsdance] ttype=steel
INFO     Sampling 2 unrevealed pokemon
INFO     	     typhlosion        blaze  choicescarf [eruption, fireblast, focusblast, scorchingsands] ttype=fire
INFO     	    arceusghost    multitype  spookyplate [focusblast, judgment, recover, willowisp] ttype=fighting
INFO     Searching for a move using PUCT MCTS with neural priors...
INFO     Sampling 4 battles at 500ms each
INFO     Computing neural priors for all battles...
INFO     Initialized StateTranslator with TeamPreviewObservationSpace
INFO     Initializing LocalPolicyProvider with model: Minikazam
INFO     Loading pretrained Minikazam model...


 		 AMAGO v3.1
            	 -------------------------
            	 Agent: Agent
            		 Max Sequence Length: 64
            		 TstepEncoder Type: MetamonPerceiverTstepEncoder
            		 TrajEncoder Type: GRUTrajEncoder
            		 Total Parameters: 4,761,778
            		 Offline Loss Weight: 1.0
            		 Online Loss Weight: 0.0
            		 Mixed Precision: NO
            		 Checkpoint Path: /Users/yadureddy/Documents/GitHub/clean/pokeagent_ac_mcts/.metamon_cache/pretrained_models/models--jakegrigsby--metamon/snapshots/c5d1cb9abb6747066a325228845a5a8af3d12139/minikazam/minikazam/ckpts
            	 Environment:
            		 DummyAsyncVectorEnv(Gym Env x 1)
            		 Exploration Type: None
            	 Dataset: DoNothingDataset
            	 Accelerate Processes: 1 


INFO     Successfully loaded Minikazam model
ERROR    Error translating battle to observation: 
WARNING  Failed to get priors for battle: 
ERROR    Error translating battle to observation: 
WARNING  Failed to get priors for battle: 
ERROR    Error translating battle to observation: 
WARNING  Failed to get priors for battle: 
ERROR    Error translating battle to observation: 
WARNING  Failed to get priors for battle: 
INFO     Successfully computed neural priors for 0/4 battles
INFO     Using PUCT-guided move selection (priors integrated during search)...
INFO     Policy 0: painsplit visited 36.05% avg_score=0.214 sample_chance_multiplier=0.25
INFO     Policy 1: painsplit visited 31.5% avg_score=0.234 sample_chance_multiplier=0.25
INFO     Policy 2: painsplit visited 29.91% avg_score=0.228 sample_chance_multiplier=0.25
INFO     Policy 3: switch masquerain visited 32.91% avg_score=0.246 sample_chance_multiplier=0.25
INFO     Considered Choices:
INFO     	26.749%: painsplit
INFO     Choice: painsplit
INFO     Opponent has switched - clearing the last used move
INFO     Setting tinkaton's ability to moldbreaker
INFO     weezing already has the move painsplit. Decrementing the PP by 1
INFO     weezing used a status-move. Adding `assaultvest` to impossible items
INFO     Setting weezing's last used move: painsplit
INFO     Setting weezing's item to: leftovers
INFO     tinkaton has less than maxhp during upkeep, no longer guessing leftovers or blacksludge
INFO     
INFO     Turn: 17
INFO     Sampling battle 0
INFO     	       tinkaton  moldbreaker      lifeorb [gigatonhammer, knockoff, playrough, swordsdance] ttype=steel
INFO     	       rotomfan     levitate heavydutyboots [airslash, nastyplot, thunderbolt, willowisp] ttype=electric
INFO     	        heatran    flashfire         None [earthpower, flashcannon, lavaplume, stealthrock] ttype=flying
INFO     Sampling 2 unrevealed pokemon
INFO     	  qwilfishhisui   intimidate     eviolite [crunch, gunkshot, spikes, toxicspikes] ttype=flying
INFO     	     gothitelle    shadowtag    leftovers [calmmind, darkpulse, focusblast, psychicnoise] ttype=fairy
INFO     Sampling battle 1
INFO     	       tinkaton  moldbreaker      lifeorb [gigatonhammer, knockoff, playrough, swordsdance] ttype=steel
INFO     	       rotomfan     levitate heavydutyboots [airslash, nastyplot, thunderbolt, willowisp] ttype=steel
INFO     	        heatran    flashfire         None [earthpower, heavyslam, magmastorm, stealthrock] ttype=flying
INFO     Sampling 2 unrevealed pokemon
INFO     	        seviper  infiltrator  choicescarf [flamethrower, gigadrain, gunkshot, switcheroo] ttype=fire
INFO     	       maushold   technician     widelens [bite, encore, populationbomb, tidyup] ttype=ghost
INFO     Sampling battle 2
INFO     	       tinkaton  moldbreaker      lifeorb [gigatonhammer, knockoff, playrough, swordsdance] ttype=steel
INFO     	       rotomfan     levitate heavydutyboots [airslash, nastyplot, thunderbolt, willowisp] ttype=electric
INFO     	        heatran    flashfire         None [earthpower, heavyslam, magmastorm, stealthrock] ttype=flying
INFO     Sampling 2 unrevealed pokemon
INFO     	     arceusfire    multitype   flameplate [earthquake, extremespeed, flareblitz, swordsdance] ttype=ground
INFO     	      crawdaunt adaptability   choiceband [aquajet, closecombat, crabhammer, knockoff] ttype=fighting
INFO     Sampling battle 3
INFO     	       tinkaton  moldbreaker      lifeorb [gigatonhammer, knockoff, playrough, swordsdance] ttype=steel
INFO     	       rotomfan     levitate heavydutyboots [airslash, nastyplot, thunderbolt, willowisp] ttype=electric
INFO     	        heatran    flashfire         None [earthpower, heavyslam, lavaplume, stealthrock] ttype=flying
INFO     Sampling 2 unrevealed pokemon
INFO     	      clawitzer megalauncher  assaultvest [darkpulse, dragonpulse, uturn, waterpulse] ttype=dragon
INFO     	        banette     insomnia      lifeorb [gunkshot, poltergeist, shadowsneak, swordsdance] ttype=ghost
INFO     Searching for a move using PUCT MCTS with neural priors...
INFO     Sampling 4 battles at 500ms each
INFO     Computing neural priors for all battles...
INFO     Initialized StateTranslator with TeamPreviewObservationSpace
INFO     Initializing LocalPolicyProvider with model: Minikazam
INFO     Loading pretrained Minikazam model...


 		 AMAGO v3.1
            	 -------------------------
            	 Agent: Agent
            		 Max Sequence Length: 64
            		 TstepEncoder Type: MetamonPerceiverTstepEncoder
            		 TrajEncoder Type: GRUTrajEncoder
            		 Total Parameters: 4,761,778
            		 Offline Loss Weight: 1.0
            		 Online Loss Weight: 0.0
            		 Mixed Precision: NO
            		 Checkpoint Path: /Users/yadureddy/Documents/GitHub/clean/pokeagent_ac_mcts/.metamon_cache/pretrained_models/models--jakegrigsby--metamon/snapshots/c5d1cb9abb6747066a325228845a5a8af3d12139/minikazam/minikazam/ckpts
            	 Environment:
            		 DummyAsyncVectorEnv(Gym Env x 1)
            		 Exploration Type: None
            	 Dataset: DoNothingDataset
            	 Accelerate Processes: 1 


INFO     Successfully loaded Minikazam model
ERROR    Error translating battle to observation: 
WARNING  Failed to get priors for battle: 
ERROR    Error translating battle to observation: 
WARNING  Failed to get priors for battle: 
ERROR    Error translating battle to observation: 
WARNING  Failed to get priors for battle: 
ERROR    Error translating battle to observation: 
WARNING  Failed to get priors for battle: 
INFO     Successfully computed neural priors for 0/4 battles
INFO     Using PUCT-guided move selection (priors integrated during search)...
INFO     Policy 0: switch indeedee visited 53.54% avg_score=0.268 sample_chance_multiplier=0.25
INFO     Policy 1: switch arbok visited 69.87% avg_score=0.329 sample_chance_multiplier=0.25
INFO     Policy 2: switch arbok visited 35.53% avg_score=0.323 sample_chance_multiplier=0.25
INFO     Policy 3: switch indeedee visited 28.15% avg_score=0.29 sample_chance_multiplier=0.25
INFO     Considered Choices:
INFO     	34.579%: switch arbok
INFO     Choice: switch arbok
INFO     Opponent has switched - clearing the last used move
INFO     arbok switched in, adding intimidate to impossible abilities
INFO     arbok switched in, adding pressure to impossible abilities
INFO     arbok switched in, adding neutralizinggas to impossible abilities
INFO     arbok switched in, adding sandstream to impossible abilities
INFO     arbok switched in, adding drought to impossible abilities
INFO     arbok switched in, adding drizzle to impossible abilities
INFO     arbok switched in, adding snowwarning to impossible abilities
INFO     arbok switched in, adding boosterenergy to impossible items
INFO     arbok switched in, adding airballoon to impossible items
INFO     Setting arbok's ability to intimidate
INFO     heatran's attack was unboosted by 1 to -1
INFO     heatran has less than maxhp during upkeep, no longer guessing leftovers or blacksludge
INFO     
INFO     Turn: 18
INFO     Sampling battle 0
INFO     	        heatran    flashfire         None [earthpower, flashcannon, magmastorm, stealthrock] ttype=flying
INFO     	       rotomfan     levitate heavydutyboots [airslash, nastyplot, thunderbolt, willowisp] ttype=electric
INFO     	       tinkaton  moldbreaker      lifeorb [gigatonhammer, knockoff, playrough, swordsdance] ttype=steel
INFO     Sampling 2 unrevealed pokemon
INFO     	       braviary      defiant heavydutyboots [bravebird, bulkup, closecombat, roost] ttype=fighting
INFO     	          hoopa     magician  choicescarf [focusblast, psyshock, shadowball, trick] ttype=psychic
INFO     Sampling battle 1
INFO     	        heatran    flashfire         None [earthpower, flashcannon, lavaplume, stealthrock] ttype=grass
INFO     	       rotomfan     levitate heavydutyboots [airslash, nastyplot, thunderbolt, willowisp] ttype=steel
INFO     	       tinkaton  moldbreaker      lifeorb [gigatonhammer, knockoff, playrough, swordsdance] ttype=steel
INFO     Sampling 2 unrevealed pokemon
INFO     	          hoopa     magician      lifeorb [focusblast, nastyplot, psychic, shadowball] ttype=psychic
INFO     	       reshiram   turboblaze heavydutyboots [blueflare, dracometeor, earthpower, willowisp] ttype=fire
INFO     Sampling battle 2
INFO     	        heatran    flashfire         None [earthpower, heavyslam, magmastorm, stealthrock] ttype=grass
INFO     	       rotomfan     levitate heavydutyboots [airslash, nastyplot, thunderbolt, willowisp] ttype=steel
INFO     	       tinkaton  moldbreaker      lifeorb [gigatonhammer, knockoff, playrough, swordsdance] ttype=steel
INFO     Sampling 2 unrevealed pokemon
INFO     	 arceusfighting    multitype    fistplate [bodypress, irondefense, recover, shadowball] ttype=steel
INFO     	        palafin   zerotohero    leftovers [bulkup, drainpunch, jetpunch, wavecrash] ttype=steel
INFO     Sampling battle 3
INFO     	        heatran    flashfire         None [earthpower, heavyslam, lavaplume, stealthrock] ttype=flying
INFO     	       rotomfan     levitate heavydutyboots [airslash, nastyplot, thunderbolt, willowisp] ttype=electric
INFO     	       tinkaton  moldbreaker      lifeorb [gigatonhammer, knockoff, playrough, swordsdance] ttype=steel
INFO     Sampling 2 unrevealed pokemon
INFO     	       camerupt    solidrock    leftovers [earthquake, overheat, roar, willowisp] ttype=water
INFO     	    arceusfairy    multitype   pixieplate [calmmind, earthpower, judgment, recover] ttype=steel
INFO     Searching for a move using PUCT MCTS with neural priors...
INFO     Sampling 4 battles at 500ms each
INFO     Computing neural priors for all battles...
INFO     Initialized StateTranslator with TeamPreviewObservationSpace
INFO     Initializing LocalPolicyProvider with model: Minikazam
INFO     Loading pretrained Minikazam model...


 		 AMAGO v3.1
            	 -------------------------
            	 Agent: Agent
            		 Max Sequence Length: 64
            		 TstepEncoder Type: MetamonPerceiverTstepEncoder
            		 TrajEncoder Type: GRUTrajEncoder
            		 Total Parameters: 4,761,778
            		 Offline Loss Weight: 1.0
            		 Online Loss Weight: 0.0
            		 Mixed Precision: NO
            		 Checkpoint Path: /Users/yadureddy/Documents/GitHub/clean/pokeagent_ac_mcts/.metamon_cache/pretrained_models/models--jakegrigsby--metamon/snapshots/c5d1cb9abb6747066a325228845a5a8af3d12139/minikazam/minikazam/ckpts
            	 Environment:
            		 DummyAsyncVectorEnv(Gym Env x 1)
            		 Exploration Type: None
            	 Dataset: DoNothingDataset
            	 Accelerate Processes: 1 


INFO     Successfully loaded Minikazam model
ERROR    Error translating battle to observation: 
WARNING  Failed to get priors for battle: 
ERROR    Error translating battle to observation: 
WARNING  Failed to get priors for battle: 
ERROR    Error translating battle to observation: 
WARNING  Failed to get priors for battle: 
ERROR    Error translating battle to observation: 
WARNING  Failed to get priors for battle: 
INFO     Successfully computed neural priors for 0/4 battles
INFO     Using PUCT-guided move selection (priors integrated during search)...
INFO     Policy 0: earthquake visited 85.59% avg_score=0.225 sample_chance_multiplier=0.25
INFO     Policy 1: earthquake visited 83.35% avg_score=0.219 sample_chance_multiplier=0.25
INFO     Policy 2: gunkshot visited 28.24% avg_score=0.266 sample_chance_multiplier=0.25
INFO     Policy 3: earthquake visited 49.74% avg_score=0.244 sample_chance_multiplier=0.25
INFO     Considered Choices:
INFO     	59.824%: earthquake
INFO     Choice: earthquake
INFO     arbok already has the move earthquake. Decrementing the PP by 1
INFO     arbok used a ground move, removing groundgem from possible items
INFO     Setting arbok's last used move: earthquake
INFO     arbok used a damaging move - not guessing lifeorb anymore
INFO     arbok did 34.0% damage to heatran with earthquake
INFO     Setting arbok's item to: lifeorb
INFO     heatran has less than maxhp during upkeep, no longer guessing leftovers or blacksludge
INFO     Opponent has switched - clearing the last used move
INFO     Setting tinkaton's ability to moldbreaker
INFO     
INFO     Turn: 19
INFO     Sampling battle 0
INFO     	       tinkaton  moldbreaker      lifeorb [gigatonhammer, knockoff, playrough, swordsdance] ttype=steel
INFO     	       rotomfan     levitate heavydutyboots [airslash, nastyplot, thunderbolt, willowisp] ttype=electric
INFO     Sampling 2 unrevealed pokemon
INFO     	       giratina     pressure    leftovers [defog, dragontail, rest, shadowball] ttype=fairy
INFO     	        snorlax     thickfat    leftovers [bodyslam, crunch, curse, earthquake] ttype=poison
INFO     Sampling battle 1
INFO     	       tinkaton  moldbreaker      lifeorb [gigatonhammer, knockoff, playrough, swordsdance] ttype=steel
INFO     	       rotomfan     levitate heavydutyboots [airslash, nastyplot, thunderbolt, willowisp] ttype=steel
INFO     Sampling 2 unrevealed pokemon
INFO     	          hoopa     magician  choicescarf [focusblast, psychic, shadowball, trick] ttype=fighting
INFO     	      cramorant  gulpmissile heavydutyboots [bravebird, defog, roost, surf] ttype=ground
INFO     Sampling battle 2
INFO     	       tinkaton  moldbreaker      lifeorb [gigatonhammer, knockoff, playrough, swordsdance] ttype=steel
INFO     	       rotomfan     levitate heavydutyboots [airslash, nastyplot, thunderbolt, willowisp] ttype=electric
INFO     Sampling 2 unrevealed pokemon
INFO     	     baxcalibur thermalexchange   choiceband [earthquake, glaiverush, iceshard, iciclecrash] ttype=ground
INFO     	      volcanion  waterabsorb heavydutyboots [flamethrower, haze, sludgebomb, steameruption] ttype=water
INFO     Sampling battle 3
INFO     	       tinkaton  moldbreaker      lifeorb [gigatonhammer, knockoff, playrough, swordsdance] ttype=steel
INFO     	       rotomfan     levitate heavydutyboots [airslash, nastyplot, thunderbolt, willowisp] ttype=electric
INFO     Sampling 2 unrevealed pokemon
INFO     	     gothitelle    shadowtag    leftovers [calmmind, focusblast, psychicnoise, thunderbolt] ttype=fighting
INFO     	squawkabillyyellow       hustle   choiceband [bravebird, doubleedge, foulplay, quickattack] ttype=normal
INFO     Searching for a move using PUCT MCTS with neural priors...
INFO     Sampling 4 battles at 500ms each
INFO     Computing neural priors for all battles...
INFO     Initialized StateTranslator with TeamPreviewObservationSpace
INFO     Initializing LocalPolicyProvider with model: Minikazam
INFO     Loading pretrained Minikazam model...


 		 AMAGO v3.1
            	 -------------------------
            	 Agent: Agent
            		 Max Sequence Length: 64
            		 TstepEncoder Type: MetamonPerceiverTstepEncoder
            		 TrajEncoder Type: GRUTrajEncoder
            		 Total Parameters: 4,761,778
            		 Offline Loss Weight: 1.0
            		 Online Loss Weight: 0.0
            		 Mixed Precision: NO
            		 Checkpoint Path: /Users/yadureddy/Documents/GitHub/clean/pokeagent_ac_mcts/.metamon_cache/pretrained_models/models--jakegrigsby--metamon/snapshots/c5d1cb9abb6747066a325228845a5a8af3d12139/minikazam/minikazam/ckpts
            	 Environment:
            		 DummyAsyncVectorEnv(Gym Env x 1)
            		 Exploration Type: None
            	 Dataset: DoNothingDataset
            	 Accelerate Processes: 1 


INFO     Successfully loaded Minikazam model
ERROR    Error translating battle to observation: 
WARNING  Failed to get priors for battle: 
ERROR    Error translating battle to observation: 
WARNING  Failed to get priors for battle: 
ERROR    Error translating battle to observation: 
WARNING  Failed to get priors for battle: 
ERROR    Error translating battle to observation: 
WARNING  Failed to get priors for battle: 
INFO     Successfully computed neural priors for 0/4 battles
INFO     Using PUCT-guided move selection (priors integrated during search)...
INFO     Policy 0: switch weezing visited 58.85% avg_score=0.237 sample_chance_multiplier=0.25
INFO     Policy 1: switch weezing visited 50.32% avg_score=0.242 sample_chance_multiplier=0.25
INFO     Policy 2: switch masquerain visited 61.54% avg_score=0.221 sample_chance_multiplier=0.25
INFO     Policy 3: switch weezing visited 63.27% avg_score=0.245 sample_chance_multiplier=0.25
INFO     Considered Choices:
INFO     	45.799%: switch weezing
INFO     Choice: switch weezing
INFO     tinkaton already has the move gigatonhammer. Decrementing the PP by 1
INFO     tinkaton used a steel move, removing steelgem from possible items
INFO     Setting tinkaton's last used move: gigatonhammer
INFO     tinkaton used a damaging move - not guessing lifeorb anymore
INFO     tinkaton did 48.449999999999996% damage to weezing with gigatonhammer
INFO     Setting tinkaton's item to: lifeorb
INFO     Setting weezing's item to: leftovers
INFO     tinkaton has less than maxhp during upkeep, no longer guessing leftovers or blacksludge
INFO     
INFO     Turn: 20
INFO     Sampling battle 0
INFO     	       tinkaton  moldbreaker      lifeorb [gigatonhammer, knockoff, playrough, swordsdance] ttype=steel
INFO     	       rotomfan     levitate heavydutyboots [airslash, nastyplot, thunderbolt, willowisp] ttype=electric
INFO     Sampling 2 unrevealed pokemon
INFO     	       torterra     overgrow   loadeddice [bulletseed, headlongrush, rockblast, shellsmash] ttype=rock
INFO     	        snorlax     thickfat  chestoberry [bodyslam, crunch, curse, rest] ttype=poison
INFO     Sampling battle 1
INFO     	       tinkaton  moldbreaker      lifeorb [gigatonhammer, knockoff, playrough, swordsdance] ttype=steel
INFO     	       rotomfan     levitate heavydutyboots [airslash, nastyplot, thunderbolt, willowisp] ttype=steel
INFO     Sampling 2 unrevealed pokemon
INFO     	      mamoswine     thickfat      lifeorb [earthquake, iceshard, iciclecrash, stealthrock] ttype=ground
INFO     	          entei   innerfocus   choiceband [extremespeed, flareblitz, sacredfire, stompingtantrum] ttype=normal
INFO     Sampling battle 2
INFO     	       tinkaton  moldbreaker      lifeorb [gigatonhammer, knockoff, playrough, swordsdance] ttype=steel
INFO     	       rotomfan     levitate heavydutyboots [airslash, nastyplot, thunderbolt, willowisp] ttype=steel
INFO     Sampling 2 unrevealed pokemon
INFO     	 electrodehisui       static      lifeorb [leafstorm, thunderbolt, thunderwave, voltswitch] ttype=electric
INFO     	          arbok   intimidate    focussash [earthquake, glare, gunkshot, toxicspikes] ttype=ground
INFO     Sampling battle 3
INFO     	       tinkaton  moldbreaker      lifeorb [gigatonhammer, knockoff, playrough, swordsdance] ttype=steel
INFO     	       rotomfan     levitate heavydutyboots [airslash, nastyplot, thunderbolt, willowisp] ttype=steel
INFO     Sampling 2 unrevealed pokemon
INFO     	    polteageist   cursedbody    whiteherb [shadowball, shellsmash, strengthsap, terablast] ttype=fighting
INFO     	         plusle lightningrod      lifeorb [alluringvoice, encore, nastyplot, thunderbolt] ttype=fairy
INFO     Searching for a move using PUCT MCTS with neural priors...
INFO     Sampling 4 battles at 500ms each
INFO     Computing neural priors for all battles...
INFO     Initialized StateTranslator with TeamPreviewObservationSpace
INFO     Initializing LocalPolicyProvider with model: Minikazam
INFO     Loading pretrained Minikazam model...


 		 AMAGO v3.1
            	 -------------------------
            	 Agent: Agent
            		 Max Sequence Length: 64
            		 TstepEncoder Type: MetamonPerceiverTstepEncoder
            		 TrajEncoder Type: GRUTrajEncoder
            		 Total Parameters: 4,761,778
            		 Offline Loss Weight: 1.0
            		 Online Loss Weight: 0.0
            		 Mixed Precision: NO
            		 Checkpoint Path: /Users/yadureddy/Documents/GitHub/clean/pokeagent_ac_mcts/.metamon_cache/pretrained_models/models--jakegrigsby--metamon/snapshots/c5d1cb9abb6747066a325228845a5a8af3d12139/minikazam/minikazam/ckpts
            	 Environment:
            		 DummyAsyncVectorEnv(Gym Env x 1)
            		 Exploration Type: None
            	 Dataset: DoNothingDataset
            	 Accelerate Processes: 1 


INFO     Successfully loaded Minikazam model
ERROR    Error translating battle to observation: 
WARNING  Failed to get priors for battle: 
ERROR    Error translating battle to observation: 
WARNING  Failed to get priors for battle: 
ERROR    Error translating battle to observation: 
WARNING  Failed to get priors for battle: 
ERROR    Error translating battle to observation: 
WARNING  Failed to get priors for battle: 
INFO     Successfully computed neural priors for 0/4 battles
INFO     Using PUCT-guided move selection (priors integrated during search)...
INFO     Policy 0: fireblast visited 62.92% avg_score=0.483 sample_chance_multiplier=0.25
INFO     Policy 1: fireblast visited 41.28% avg_score=0.471 sample_chance_multiplier=0.25
INFO     Policy 2: fireblast visited 80.72% avg_score=0.506 sample_chance_multiplier=0.25
INFO     Policy 3: switch masquerain visited 68.75% avg_score=0.294 sample_chance_multiplier=0.25
INFO     Considered Choices:
INFO     	46.633%: fireblast
INFO     Choice: fireblast
INFO     Updated tinkaton's min speed to 156
INFO     tinkaton used two different moves - it cannot have a choice item
INFO     tinkaton used a dark move, removing darkgem from possible items
INFO     Setting tinkaton's last used move: knockoff
INFO     tinkaton used a damaging move - not guessing lifeorb anymore
INFO     tinkaton did 20.16% damage to weezing with knockoff
WARNING  Would remove all possibilities, not removing any
WARNING  actual_damage_dealt=52.0128
INFO     Removing weezing's item: leftovers
INFO     Setting weezing's removed item to leftovers
INFO     Knockoff removed weezing's item
INFO     Setting tinkaton's item to: lifeorb
INFO     tinkaton has less than maxhp during upkeep, no longer guessing leftovers or blacksludge
INFO     Sampling battle 0
INFO     	       tinkaton  moldbreaker      lifeorb [gigatonhammer, knockoff, playrough, swordsdance] ttype=steel
INFO     	       rotomfan     levitate heavydutyboots [airslash, nastyplot, thunderbolt, willowisp] ttype=electric
INFO     Sampling 2 unrevealed pokemon
INFO     	       chienpao  swordofruin   choiceband [crunch, iceshard, iciclecrash, sacredsword] ttype=dark
INFO     	      azumarill    hugepower   choiceband [aquajet, knockoff, liquidation, playrough] ttype=water
INFO     Sampling battle 1
INFO     	       tinkaton  moldbreaker      lifeorb [gigatonhammer, knockoff, playrough, swordsdance] ttype=steel
INFO     	       rotomfan     levitate heavydutyboots [airslash, nastyplot, thunderbolt, willowisp] ttype=steel
INFO     Sampling 2 unrevealed pokemon
INFO     	       oricorio       dancer heavydutyboots [hurricane, quiverdance, revelationdance, roost] ttype=ground
INFO     	        dugtrio    arenatrap    focussash [earthquake, stoneedge, suckerpunch, swordsdance] ttype=dark
INFO     Sampling battle 2
INFO     	       tinkaton  moldbreaker      lifeorb [gigatonhammer, knockoff, playrough, swordsdance] ttype=steel
INFO     	       rotomfan     levitate heavydutyboots [airslash, nastyplot, thunderbolt, willowisp] ttype=electric
INFO     Sampling 2 unrevealed pokemon
INFO     	        florges   flowerveil    leftovers [calmmind, moonblast, protect, wish] ttype=steel
INFO     	      hippowdon   sandstream  rockyhelmet [earthquake, slackoff, stealthrock, whirlwind] ttype=dragon
INFO     Sampling battle 3
INFO     	       tinkaton  moldbreaker      lifeorb [gigatonhammer, knockoff, playrough, swordsdance] ttype=steel
INFO     	       rotomfan     levitate heavydutyboots [airslash, nastyplot, thunderbolt, willowisp] ttype=electric
INFO     Sampling 2 unrevealed pokemon
INFO     	       enamorus    cutecharm heavydutyboots [calmmind, earthpower, moonblast, mysticalfire] ttype=ground
INFO     	         luxray         guts     flameorb [facade, playrough, supercellslam, trailblaze] ttype=normal
INFO     Searching for a move using PUCT MCTS with neural priors...
INFO     Sampling 4 battles at 500ms each
INFO     Computing neural priors for all battles...
INFO     Initialized StateTranslator with TeamPreviewObservationSpace
INFO     Initializing LocalPolicyProvider with model: Minikazam
INFO     Loading pretrained Minikazam model...


 		 AMAGO v3.1
            	 -------------------------
            	 Agent: Agent
            		 Max Sequence Length: 64
            		 TstepEncoder Type: MetamonPerceiverTstepEncoder
            		 TrajEncoder Type: GRUTrajEncoder
            		 Total Parameters: 4,761,778
            		 Offline Loss Weight: 1.0
            		 Online Loss Weight: 0.0
            		 Mixed Precision: NO
            		 Checkpoint Path: /Users/yadureddy/Documents/GitHub/clean/pokeagent_ac_mcts/.metamon_cache/pretrained_models/models--jakegrigsby--metamon/snapshots/c5d1cb9abb6747066a325228845a5a8af3d12139/minikazam/minikazam/ckpts
            	 Environment:
            		 DummyAsyncVectorEnv(Gym Env x 1)
            		 Exploration Type: None
            	 Dataset: DoNothingDataset
            	 Accelerate Processes: 1 


INFO     Successfully loaded Minikazam model
ERROR    Error translating battle to observation: 
WARNING  Failed to get priors for battle: 
ERROR    Error translating battle to observation: 
WARNING  Failed to get priors for battle: 
ERROR    Error translating battle to observation: 
WARNING  Failed to get priors for battle: 
ERROR    Error translating battle to observation: 
WARNING  Failed to get priors for battle: 
INFO     Successfully computed neural priors for 0/4 battles
INFO     Using PUCT-guided move selection (priors integrated during search)...
INFO     Policy 0: switch indeedee visited 88.39% avg_score=0.348 sample_chance_multiplier=0.25
INFO     Policy 1: switch masquerain visited 68.21% avg_score=0.327 sample_chance_multiplier=0.25
INFO     Policy 2: switch electrodehisui visited 39.55% avg_score=0.302 sample_chance_multiplier=0.25
INFO     Policy 3: switch masquerain visited 63.13% avg_score=0.279 sample_chance_multiplier=0.25
INFO     Considered Choices:
INFO     	39.379%: switch indeedee
INFO     	39.108%: switch masquerain
INFO     Choice: switch indeedee
INFO     Setting the field to psychicterrain
INFO     
INFO     Turn: 21
INFO     Sampling battle 0
INFO     	       tinkaton  moldbreaker      lifeorb [gigatonhammer, knockoff, playrough, swordsdance] ttype=steel
INFO     	       rotomfan     levitate heavydutyboots [airslash, nastyplot, thunderbolt, willowisp] ttype=steel
INFO     Sampling 2 unrevealed pokemon
INFO     	      poliwrath  waterabsorb    leftovers [bulkup, drainpunch, icepunch, liquidation] ttype=steel
INFO     	   squawkabilly         guts     flameorb [bravebird, facade, quickattack, uturn] ttype=normal
INFO     Sampling battle 1
INFO     	       tinkaton  moldbreaker      lifeorb [gigatonhammer, knockoff, playrough, swordsdance] ttype=steel
INFO     	       rotomfan     levitate heavydutyboots [airslash, nastyplot, thunderbolt, willowisp] ttype=steel
INFO     Sampling 2 unrevealed pokemon
INFO     	      bellibolt electromorphosis    leftovers [muddywater, slackoff, thunderbolt, toxic] ttype=water
INFO     	squawkabillywhite       hustle   choiceband [bravebird, doubleedge, foulplay, quickattack] ttype=flying
INFO     Sampling battle 2
INFO     	       tinkaton  moldbreaker      lifeorb [gigatonhammer, knockoff, playrough, swordsdance] ttype=steel
INFO     	       rotomfan     levitate heavydutyboots [airslash, nastyplot, thunderbolt, willowisp] ttype=electric
INFO     Sampling 2 unrevealed pokemon
INFO     	      regigigas    slowstart    leftovers [bodyslam, knockoff, protect, substitute] ttype=poison
INFO     	        yanmega   tintedlens  choicespecs [airslash, bugbuzz, gigadrain, uturn] ttype=bug
INFO     Sampling battle 3
INFO     	       tinkaton  moldbreaker      lifeorb [gigatonhammer, knockoff, playrough, swordsdance] ttype=steel
INFO     	       rotomfan     levitate heavydutyboots [airslash, nastyplot, thunderbolt, willowisp] ttype=electric
INFO     Sampling 2 unrevealed pokemon
INFO     	       ampharos       static  assaultvest [dazzlinggleam, dragontail, thunderbolt, voltswitch] ttype=fairy
INFO     	 arceusfighting    multitype    fistplate [bodypress, cosmicpower, recover, storedpower] ttype=steel
INFO     Searching for a move using PUCT MCTS with neural priors...
INFO     Sampling 4 battles at 500ms each
INFO     Computing neural priors for all battles...
INFO     Initialized StateTranslator with TeamPreviewObservationSpace
INFO     Initializing LocalPolicyProvider with model: Minikazam
INFO     Loading pretrained Minikazam model...


 		 AMAGO v3.1
            	 -------------------------
            	 Agent: Agent
            		 Max Sequence Length: 64
            		 TstepEncoder Type: MetamonPerceiverTstepEncoder
            		 TrajEncoder Type: GRUTrajEncoder
            		 Total Parameters: 4,761,778
            		 Offline Loss Weight: 1.0
            		 Online Loss Weight: 0.0
            		 Mixed Precision: NO
            		 Checkpoint Path: /Users/yadureddy/Documents/GitHub/clean/pokeagent_ac_mcts/.metamon_cache/pretrained_models/models--jakegrigsby--metamon/snapshots/c5d1cb9abb6747066a325228845a5a8af3d12139/minikazam/minikazam/ckpts
            	 Environment:
            		 DummyAsyncVectorEnv(Gym Env x 1)
            		 Exploration Type: None
            	 Dataset: DoNothingDataset
            	 Accelerate Processes: 1 


INFO     Successfully loaded Minikazam model
ERROR    Error translating battle to observation: 
WARNING  Failed to get priors for battle: 
ERROR    Error translating battle to observation: 
WARNING  Failed to get priors for battle: 
ERROR    Error translating battle to observation: 
WARNING  Failed to get priors for battle: 
ERROR    Error translating battle to observation: 
WARNING  Failed to get priors for battle: 
INFO     Successfully computed neural priors for 0/4 battles
INFO     Using PUCT-guided move selection (priors integrated during search)...
INFO     Policy 0: expandingforce visited 98.99% avg_score=0.539 sample_chance_multiplier=0.25
INFO     Policy 1: expandingforce visited 87.98% avg_score=0.516 sample_chance_multiplier=0.25
INFO     Policy 2: expandingforce visited 99.11% avg_score=0.543 sample_chance_multiplier=0.25
INFO     Policy 3: expandingforce visited 97.34% avg_score=0.448 sample_chance_multiplier=0.25
INFO     Considered Choices:
INFO     	95.854%: expandingforce
INFO     Choice: expandingforce
INFO     Updated tinkaton's max speed to 208
INFO     indeedee already has the move expandingforce. Decrementing the PP by 1
INFO     indeedee used a psychic move, removing psychicgem from possible items
INFO     Setting indeedee's last used move: expandingforce
INFO     indeedee used a damaging move - not guessing lifeorb anymore
INFO     indeedee did 41.0% damage to tinkaton with expandingforce
WARNING  Would remove all possibilities, not removing any
WARNING  actual_damage_dealt=112.33999999999999
INFO     tinkaton used two different moves - it cannot have a choice item
INFO     tinkaton using swordsdance makes it unlikely to have a choice item. Setting can_have_choice_item to False
INFO     tinkaton used a status-move. Adding `assaultvest` to impossible items
INFO     Setting tinkaton's last used move: swordsdance
INFO     tinkaton's attack was boosted by 2 to 2
INFO     psychicterrain turns remaining: 4
INFO     tinkaton has less than maxhp during upkeep, no longer guessing leftovers or blacksludge
INFO     
INFO     Turn: 22
INFO     Sampling battle 0
INFO     	       tinkaton  moldbreaker      lifeorb [gigatonhammer, knockoff, playrough, swordsdance] ttype=steel
INFO     	       rotomfan     levitate heavydutyboots [airslash, nastyplot, thunderbolt, willowisp] ttype=electric
INFO     Sampling 2 unrevealed pokemon
INFO     	         golurk      noguard      lifeorb [dynamicpunch, earthquake, poltergeist, stealthrock] ttype=ghost
INFO     	        darkrai    baddreams      lifeorb [darkpulse, hypnosis, nastyplot, sludgebomb] ttype=poison
INFO     Sampling battle 1
INFO     	       tinkaton  moldbreaker      lifeorb [gigatonhammer, knockoff, playrough, swordsdance] ttype=steel
INFO     	       rotomfan     levitate heavydutyboots [airslash, nastyplot, thunderbolt, willowisp] ttype=steel
INFO     Sampling 2 unrevealed pokemon
INFO     	necrozmadawnwings   prismarmor    leftovers [calmmind, moongeistbeam, moonlight, photongeyser] ttype=fairy
INFO     	   palkiaorigin     pressure lustrousglobe [fireblast, hydropump, spacialrend, thunderwave] ttype=fire
INFO     Sampling battle 2
INFO     	       tinkaton  moldbreaker      lifeorb [gigatonhammer, knockoff, playrough, swordsdance] ttype=steel
INFO     	       rotomfan     levitate heavydutyboots [airslash, nastyplot, thunderbolt, willowisp] ttype=electric
INFO     Sampling 2 unrevealed pokemon
INFO     	    brutebonnet protosynthesis    leftovers [crunch, seedbomb, spore, suckerpunch] ttype=poison
INFO     	     incineroar   intimidate  assaultvest [closecombat, knockoff, overheat, uturn] ttype=water
INFO     Sampling battle 3
INFO     	       tinkaton  moldbreaker      lifeorb [gigatonhammer, knockoff, playrough, swordsdance] ttype=steel
INFO     	       rotomfan     levitate heavydutyboots [airslash, nastyplot, thunderbolt, willowisp] ttype=electric
INFO     Sampling 2 unrevealed pokemon
INFO     	    deoxysspeed     pressure    focussash [knockoff, psychoboost, stealthrock, taunt] ttype=dark
INFO     	            muk  poisontouch    leftovers [gunkshot, haze, knockoff, shadowsneak] ttype=dark
INFO     Searching for a move using PUCT MCTS with neural priors...
INFO     Sampling 4 battles at 500ms each
INFO     Computing neural priors for all battles...
INFO     Initialized StateTranslator with TeamPreviewObservationSpace
INFO     Initializing LocalPolicyProvider with model: Minikazam
INFO     Loading pretrained Minikazam model...


 		 AMAGO v3.1
            	 -------------------------
            	 Agent: Agent
            		 Max Sequence Length: 64
            		 TstepEncoder Type: MetamonPerceiverTstepEncoder
            		 TrajEncoder Type: GRUTrajEncoder
            		 Total Parameters: 4,761,778
            		 Offline Loss Weight: 1.0
            		 Online Loss Weight: 0.0
            		 Mixed Precision: NO
            		 Checkpoint Path: /Users/yadureddy/Documents/GitHub/clean/pokeagent_ac_mcts/.metamon_cache/pretrained_models/models--jakegrigsby--metamon/snapshots/c5d1cb9abb6747066a325228845a5a8af3d12139/minikazam/minikazam/ckpts
            	 Environment:
            		 DummyAsyncVectorEnv(Gym Env x 1)
            		 Exploration Type: None
            	 Dataset: DoNothingDataset
            	 Accelerate Processes: 1 


INFO     Successfully loaded Minikazam model
ERROR    Error translating battle to observation: 
WARNING  Failed to get priors for battle: 
ERROR    Error translating battle to observation: 
WARNING  Failed to get priors for battle: 
ERROR    Error translating battle to observation: 
WARNING  Failed to get priors for battle: 
ERROR    Error translating battle to observation: 
WARNING  Failed to get priors for battle: 
INFO     Successfully computed neural priors for 0/4 battles
INFO     Using PUCT-guided move selection (priors integrated during search)...
INFO     Policy 0: switch arbok visited 43.08% avg_score=0.449 sample_chance_multiplier=0.25
INFO     Policy 1: switch electrodehisui visited 37.61% avg_score=0.485 sample_chance_multiplier=0.25
INFO     Policy 2: switch masquerain visited 39.33% avg_score=0.467 sample_chance_multiplier=0.25
INFO     Policy 3: expandingforce visited 98.35% avg_score=0.656 sample_chance_multiplier=0.25
INFO     Considered Choices:
INFO     	31.561%: expandingforce
INFO     Choice: expandingforce
INFO     Opponent has switched - clearing the last used move
INFO     tropius switched in, adding intimidate to impossible abilities
INFO     tropius switched in, adding pressure to impossible abilities
INFO     tropius switched in, adding neutralizinggas to impossible abilities
INFO     tropius switched in, adding sandstream to impossible abilities
INFO     tropius switched in, adding drought to impossible abilities
INFO     tropius switched in, adding drizzle to impossible abilities
INFO     tropius switched in, adding snowwarning to impossible abilities
INFO     tropius switched in, adding boosterenergy to impossible items
INFO     tropius switched in, adding airballoon to impossible items
INFO     indeedee already has the move expandingforce. Decrementing the PP by 1
INFO     indeedee used a psychic move, removing psychicgem from possible items
INFO     Setting indeedee's last used move: expandingforce
INFO     indeedee used a damaging move - not guessing lifeorb anymore
INFO     indeedee did 69.0% damage to tropius with expandingforce
WARNING  Would remove all possibilities, not removing any
WARNING  actual_damage_dealt=226.32
INFO     Removing tropius's item: sitrusberry
INFO     Setting tropius's removed item to sitrusberry
INFO     Setting tropius's item to sitrusberry
INFO     psychicterrain turns remaining: 3
INFO     tropius has less than maxhp during upkeep, no longer guessing leftovers or blacksludge
INFO     
INFO     Turn: 23
INFO     Sampling battle 0
INFO     	        tropius      harvest  sitrusberry [airslash, leechseed, protect, substitute] ttype=steel
INFO     	       rotomfan     levitate heavydutyboots [airslash, nastyplot, thunderbolt, willowisp] ttype=steel
INFO     	       tinkaton  moldbreaker      lifeorb [gigatonhammer, knockoff, playrough, swordsdance] ttype=steel
INFO     Sampling 1 unrevealed pokemon
INFO     	       politoed      drizzle    leftovers [encore, haze, icebeam, surf] ttype=water
INFO     Sampling battle 1
INFO     	        tropius      harvest  sitrusberry [dragondance, dualwingbeat, earthquake, leafblade] ttype=ground
INFO     	       rotomfan     levitate heavydutyboots [airslash, nastyplot, thunderbolt, willowisp] ttype=steel
INFO     	       tinkaton  moldbreaker      lifeorb [gigatonhammer, knockoff, playrough, swordsdance] ttype=steel
INFO     Sampling 1 unrevealed pokemon
INFO     	       indeedee psychicsurge      lifeorb [calmmind, dazzlinggleam, expandingforce, hypervoice] ttype=psychic
INFO     Sampling battle 2
INFO     	        tropius      harvest  sitrusberry [airslash, leechseed, protect, substitute] ttype=steel
INFO     	       rotomfan     levitate heavydutyboots [airslash, nastyplot, thunderbolt, willowisp] ttype=steel
INFO     	       tinkaton  moldbreaker      lifeorb [gigatonhammer, knockoff, playrough, swordsdance] ttype=steel
INFO     Sampling 1 unrevealed pokemon
INFO     	      tyranitar   sandstream    leftovers [knockoff, stealthrock, stoneedge, thunderwave] ttype=rock
INFO     Sampling battle 3
INFO     	        tropius      harvest  sitrusberry [airslash, leechseed, protect, substitute] ttype=steel
INFO     	       rotomfan     levitate heavydutyboots [airslash, nastyplot, thunderbolt, willowisp] ttype=electric
INFO     	       tinkaton  moldbreaker      lifeorb [gigatonhammer, knockoff, playrough, swordsdance] ttype=steel
INFO     Sampling 1 unrevealed pokemon
INFO     	         swalot   liquidooze  assaultvest [earthquake, icebeam, knockoff, sludgebomb] ttype=dark
INFO     Searching for a move using PUCT MCTS with neural priors...
INFO     Sampling 4 battles at 500ms each
INFO     Computing neural priors for all battles...
INFO     Initialized StateTranslator with TeamPreviewObservationSpace
INFO     Initializing LocalPolicyProvider with model: Minikazam
INFO     Loading pretrained Minikazam model...


 		 AMAGO v3.1
            	 -------------------------
            	 Agent: Agent
            		 Max Sequence Length: 64
            		 TstepEncoder Type: MetamonPerceiverTstepEncoder
            		 TrajEncoder Type: GRUTrajEncoder
            		 Total Parameters: 4,761,778
            		 Offline Loss Weight: 1.0
            		 Online Loss Weight: 0.0
            		 Mixed Precision: NO
            		 Checkpoint Path: /Users/yadureddy/Documents/GitHub/clean/pokeagent_ac_mcts/.metamon_cache/pretrained_models/models--jakegrigsby--metamon/snapshots/c5d1cb9abb6747066a325228845a5a8af3d12139/minikazam/minikazam/ckpts
            	 Environment:
            		 DummyAsyncVectorEnv(Gym Env x 1)
            		 Exploration Type: None
            	 Dataset: DoNothingDataset
            	 Accelerate Processes: 1 


INFO     Successfully loaded Minikazam model
ERROR    Error translating battle to observation: 
WARNING  Failed to get priors for battle: 
ERROR    Error translating battle to observation: 
WARNING  Failed to get priors for battle: 
ERROR    Error translating battle to observation: 
WARNING  Failed to get priors for battle: 
ERROR    Error translating battle to observation: 
WARNING  Failed to get priors for battle: 
INFO     Successfully computed neural priors for 0/4 battles
INFO     Using PUCT-guided move selection (priors integrated during search)...
INFO     Policy 0: expandingforce visited 95.9% avg_score=0.417 sample_chance_multiplier=0.25
INFO     Policy 1: expandingforce visited 82.6% avg_score=0.371 sample_chance_multiplier=0.25
INFO     Policy 2: switch masquerain visited 44.97% avg_score=0.263 sample_chance_multiplier=0.25
INFO     Policy 3: expandingforce visited 87.34% avg_score=0.377 sample_chance_multiplier=0.25
INFO     Considered Choices:
INFO     	69.794%: expandingforce
INFO     Choice: expandingforce
INFO     Opponent has switched - clearing the last used move
INFO     Setting tinkaton's ability to moldbreaker
INFO     indeedee already has the move expandingforce. Decrementing the PP by 1
INFO     indeedee used a psychic move, removing psychicgem from possible items
INFO     Setting indeedee's last used move: expandingforce
INFO     indeedee used a damaging move - not guessing lifeorb anymore
INFO     indeedee did 4.0% damage to tinkaton with expandingforce
INFO     psychicterrain turns remaining: 2
INFO     tinkaton has less than maxhp during upkeep, no longer guessing leftovers or blacksludge
INFO     Opponent has switched - clearing the last used move
INFO     dudunsparce switched in, adding intimidate to impossible abilities
INFO     dudunsparce switched in, adding pressure to impossible abilities
INFO     dudunsparce switched in, adding neutralizinggas to impossible abilities
INFO     dudunsparce switched in, adding sandstream to impossible abilities
INFO     dudunsparce switched in, adding drought to impossible abilities
INFO     dudunsparce switched in, adding drizzle to impossible abilities
INFO     dudunsparce switched in, adding snowwarning to impossible abilities
INFO     dudunsparce switched in, adding boosterenergy to impossible items
INFO     dudunsparce switched in, adding airballoon to impossible items
INFO     
INFO     Turn: 24
INFO     Sampling battle 0
INFO     	    dudunsparce      rattled    leftovers [boomburst, calmmind, roost, shadowball] ttype=ghost
INFO     	       rotomfan     levitate heavydutyboots [airslash, nastyplot, thunderbolt, willowisp] ttype=electric
INFO     	        tropius      harvest  sitrusberry [dragondance, dualwingbeat, earthquake, synthesis] ttype=ground
INFO     Sampling battle 1
INFO     	    dudunsparce      rattled    leftovers [boomburst, calmmind, earthpower, roost] ttype=fairy
INFO     	       rotomfan     levitate heavydutyboots [airslash, nastyplot, thunderbolt, willowisp] ttype=electric
INFO     	        tropius      harvest  sitrusberry [airslash, leechseed, protect, substitute] ttype=steel
INFO     Sampling battle 2
INFO     	    dudunsparce  serenegrace    leftovers [earthquake, glare, headbutt, roost] ttype=ground
INFO     	       rotomfan     levitate heavydutyboots [airslash, nastyplot, thunderbolt, willowisp] ttype=electric
INFO     	        tropius      harvest  sitrusberry [airslash, leechseed, protect, substitute] ttype=steel
INFO     Sampling battle 3
INFO     	    dudunsparce      rattled    leftovers [boomburst, calmmind, earthpower, roost] ttype=fairy
INFO     	       rotomfan     levitate heavydutyboots [airslash, nastyplot, thunderbolt, willowisp] ttype=steel
INFO     	        tropius      harvest  sitrusberry [airslash, leechseed, protect, substitute] ttype=steel
INFO     Searching for a move using PUCT MCTS with neural priors...
INFO     Sampling 4 battles at 500ms each
INFO     Computing neural priors for all battles...
INFO     Initialized StateTranslator with TeamPreviewObservationSpace
INFO     Initializing LocalPolicyProvider with model: Minikazam
INFO     Loading pretrained Minikazam model...


 		 AMAGO v3.1
            	 -------------------------
            	 Agent: Agent
            		 Max Sequence Length: 64
            		 TstepEncoder Type: MetamonPerceiverTstepEncoder
            		 TrajEncoder Type: GRUTrajEncoder
            		 Total Parameters: 4,761,778
            		 Offline Loss Weight: 1.0
            		 Online Loss Weight: 0.0
            		 Mixed Precision: NO
            		 Checkpoint Path: /Users/yadureddy/Documents/GitHub/clean/pokeagent_ac_mcts/.metamon_cache/pretrained_models/models--jakegrigsby--metamon/snapshots/c5d1cb9abb6747066a325228845a5a8af3d12139/minikazam/minikazam/ckpts
            	 Environment:
            		 DummyAsyncVectorEnv(Gym Env x 1)
            		 Exploration Type: None
            	 Dataset: DoNothingDataset
            	 Accelerate Processes: 1 


INFO     Successfully loaded Minikazam model
ERROR    Error translating battle to observation: 
WARNING  Failed to get priors for battle: 
ERROR    Error translating battle to observation: 
WARNING  Failed to get priors for battle: 
ERROR    Error translating battle to observation: 
WARNING  Failed to get priors for battle: 
ERROR    Error translating battle to observation: 
WARNING  Failed to get priors for battle: 
INFO     Successfully computed neural priors for 0/4 battles
INFO     Using PUCT-guided move selection (priors integrated during search)...
INFO     Policy 0: expandingforce visited 99.41% avg_score=0.562 sample_chance_multiplier=0.25
INFO     Policy 1: expandingforce visited 97.41% avg_score=0.407 sample_chance_multiplier=0.25
INFO     Policy 2: expandingforce visited 98.45% avg_score=0.465 sample_chance_multiplier=0.25
INFO     Policy 3: expandingforce visited 98.12% avg_score=0.423 sample_chance_multiplier=0.25
INFO     Considered Choices:
INFO     	98.35%: expandingforce
INFO     Choice: expandingforce
INFO     Updated dudunsparce's max speed to 208
INFO     indeedee already has the move expandingforce. Decrementing the PP by 1
INFO     indeedee used a psychic move, removing psychicgem from possible items
INFO     Setting indeedee's last used move: expandingforce
INFO     indeedee used a damaging move - not guessing lifeorb anymore
INFO     indeedee did 83.0% damage to dudunsparce with expandingforce
WARNING  Would remove all possibilities, not removing any
WARNING  actual_damage_dealt=284.69
INFO     dudunsparce used a normal move, removing normalgem from possible items
INFO     Setting dudunsparce's last used move: boomburst
INFO     dudunsparce used a damaging move - not guessing lifeorb anymore
INFO     dudunsparce did 23.53% damage to indeedee with boomburst
INFO     Setting dudunsparce's item to: leftovers
INFO     psychicterrain turns remaining: 1
INFO     dudunsparce has less than maxhp during upkeep, no longer guessing leftovers or blacksludge
INFO     Sampling battle 0
INFO     	    dudunsparce      rattled    leftovers [boomburst, calmmind, earthpower, roost] ttype=ghost
INFO     	       rotomfan     levitate heavydutyboots [airslash, nastyplot, thunderbolt, willowisp] ttype=electric
INFO     	        tropius      harvest  sitrusberry [airslash, leechseed, protect, substitute] ttype=steel
INFO     Sampling battle 1
INFO     	    dudunsparce      rattled    leftovers [boomburst, calmmind, roost, shadowball] ttype=ghost
INFO     	       rotomfan     levitate heavydutyboots [airslash, nastyplot, thunderbolt, willowisp] ttype=steel
INFO     	        tropius      harvest  sitrusberry [airslash, leechseed, protect, substitute] ttype=steel
INFO     Sampling battle 2
INFO     	    dudunsparce      rattled    leftovers [boomburst, calmmind, earthpower, roost] ttype=fairy
INFO     	       rotomfan     levitate heavydutyboots [airslash, nastyplot, thunderbolt, willowisp] ttype=steel
INFO     	        tropius      harvest  sitrusberry [airslash, leechseed, protect, substitute] ttype=steel
INFO     Sampling battle 3
INFO     	    dudunsparce      rattled    leftovers [boomburst, calmmind, roost, shadowball] ttype=ghost
INFO     	       rotomfan     levitate heavydutyboots [airslash, nastyplot, thunderbolt, willowisp] ttype=electric
INFO     	        tropius      harvest  sitrusberry [dragondance, dualwingbeat, earthquake, leafblade] ttype=ground
INFO     Searching for a move using PUCT MCTS with neural priors...
INFO     Sampling 4 battles at 500ms each
INFO     Computing neural priors for all battles...
INFO     Initialized StateTranslator with TeamPreviewObservationSpace
INFO     Initializing LocalPolicyProvider with model: Minikazam
INFO     Loading pretrained Minikazam model...


 		 AMAGO v3.1
            	 -------------------------
            	 Agent: Agent
            		 Max Sequence Length: 64
            		 TstepEncoder Type: MetamonPerceiverTstepEncoder
            		 TrajEncoder Type: GRUTrajEncoder
            		 Total Parameters: 4,761,778
            		 Offline Loss Weight: 1.0
            		 Online Loss Weight: 0.0
            		 Mixed Precision: NO
            		 Checkpoint Path: /Users/yadureddy/Documents/GitHub/clean/pokeagent_ac_mcts/.metamon_cache/pretrained_models/models--jakegrigsby--metamon/snapshots/c5d1cb9abb6747066a325228845a5a8af3d12139/minikazam/minikazam/ckpts
            	 Environment:
            		 DummyAsyncVectorEnv(Gym Env x 1)
            		 Exploration Type: None
            	 Dataset: DoNothingDataset
            	 Accelerate Processes: 1 


INFO     Successfully loaded Minikazam model
ERROR    Error translating battle to observation: 
WARNING  Failed to get priors for battle: 
ERROR    Error translating battle to observation: 
WARNING  Failed to get priors for battle: 
ERROR    Error translating battle to observation: 
WARNING  Failed to get priors for battle: 
ERROR    Error translating battle to observation: 
WARNING  Failed to get priors for battle: 
INFO     Successfully computed neural priors for 0/4 battles
INFO     Using PUCT-guided move selection (priors integrated during search)...
INFO     Policy 0: switch mabosstiff visited 81.98% avg_score=0.348 sample_chance_multiplier=0.25
INFO     Policy 1: switch masquerain visited 51.17% avg_score=0.327 sample_chance_multiplier=0.25
INFO     Policy 2: switch mabosstiff visited 89.31% avg_score=0.353 sample_chance_multiplier=0.25
INFO     Policy 3: switch masquerain visited 48.89% avg_score=0.34 sample_chance_multiplier=0.25
INFO     Considered Choices:
INFO     	51.476%: switch mabosstiff
INFO     Choice: switch mabosstiff
INFO     mabosstiff switched in, adding intimidate to impossible abilities
INFO     mabosstiff switched in, adding pressure to impossible abilities
INFO     mabosstiff switched in, adding neutralizinggas to impossible abilities
INFO     mabosstiff switched in, adding sandstream to impossible abilities
INFO     mabosstiff switched in, adding drought to impossible abilities
INFO     mabosstiff switched in, adding drizzle to impossible abilities
INFO     mabosstiff switched in, adding snowwarning to impossible abilities
INFO     mabosstiff switched in, adding boosterenergy to impossible items
INFO     mabosstiff switched in, adding airballoon to impossible items
INFO     
INFO     Turn: 25
INFO     Sampling battle 0
INFO     	    dudunsparce      rattled    leftovers [boomburst, calmmind, roost, shadowball] ttype=ghost
INFO     	       rotomfan     levitate heavydutyboots [airslash, nastyplot, thunderbolt, willowisp] ttype=electric
INFO     	        tropius      harvest  sitrusberry [airslash, leechseed, protect, substitute] ttype=steel
INFO     Sampling battle 1
INFO     	    dudunsparce      rattled    leftovers [boomburst, calmmind, earthpower, roost] ttype=ghost
INFO     	       rotomfan     levitate heavydutyboots [airslash, nastyplot, thunderbolt, willowisp] ttype=steel
INFO     	        tropius      harvest  sitrusberry [airslash, leechseed, protect, substitute] ttype=steel
INFO     Sampling battle 2
INFO     	    dudunsparce      rattled    leftovers [boomburst, calmmind, earthpower, roost] ttype=ghost
INFO     	       rotomfan     levitate heavydutyboots [airslash, nastyplot, thunderbolt, willowisp] ttype=electric
INFO     	        tropius      harvest  sitrusberry [airslash, leechseed, protect, substitute] ttype=steel
INFO     Sampling battle 3
INFO     	    dudunsparce      rattled    leftovers [boomburst, calmmind, roost, shadowball] ttype=ghost
INFO     	       rotomfan     levitate heavydutyboots [airslash, nastyplot, thunderbolt, willowisp] ttype=electric
INFO     	        tropius      harvest  sitrusberry [dragondance, dualwingbeat, earthquake, synthesis] ttype=ground
INFO     Searching for a move using PUCT MCTS with neural priors...
INFO     Sampling 4 battles at 500ms each
INFO     Computing neural priors for all battles...
INFO     Initialized StateTranslator with TeamPreviewObservationSpace
INFO     Initializing LocalPolicyProvider with model: Minikazam
INFO     Loading pretrained Minikazam model...


 		 AMAGO v3.1
            	 -------------------------
            	 Agent: Agent
            		 Max Sequence Length: 64
            		 TstepEncoder Type: MetamonPerceiverTstepEncoder
            		 TrajEncoder Type: GRUTrajEncoder
            		 Total Parameters: 4,761,778
            		 Offline Loss Weight: 1.0
            		 Online Loss Weight: 0.0
            		 Mixed Precision: NO
            		 Checkpoint Path: /Users/yadureddy/Documents/GitHub/clean/pokeagent_ac_mcts/.metamon_cache/pretrained_models/models--jakegrigsby--metamon/snapshots/c5d1cb9abb6747066a325228845a5a8af3d12139/minikazam/minikazam/ckpts
            	 Environment:
            		 DummyAsyncVectorEnv(Gym Env x 1)
            		 Exploration Type: None
            	 Dataset: DoNothingDataset
            	 Accelerate Processes: 1 


INFO     Successfully loaded Minikazam model
ERROR    Error translating battle to observation: 
WARNING  Failed to get priors for battle: 
ERROR    Error translating battle to observation: 
WARNING  Failed to get priors for battle: 
ERROR    Error translating battle to observation: 
WARNING  Failed to get priors for battle: 
ERROR    Error translating battle to observation: 
WARNING  Failed to get priors for battle: 
INFO     Successfully computed neural priors for 0/4 battles
INFO     Using PUCT-guided move selection (priors integrated during search)...
INFO     Policy 0: crunch visited 35.28% avg_score=0.437 sample_chance_multiplier=0.25
INFO     Policy 1: crunch visited 33.29% avg_score=0.437 sample_chance_multiplier=0.25
INFO     Policy 2: switch electrodehisui visited 53.91% avg_score=0.319 sample_chance_multiplier=0.25
INFO     Policy 3: crunch visited 39.57% avg_score=0.336 sample_chance_multiplier=0.25
INFO     Considered Choices:
INFO     	30.376%: crunch
INFO     	22.879%: psychicfangs
INFO     Choice: crunch
INFO     Opponent has switched - clearing the last used move
INFO     mabosstiff already has the move crunch. Decrementing the PP by 1
INFO     mabosstiff used a dark move, removing darkgem from possible items
INFO     Setting mabosstiff's last used move: crunch
INFO     mabosstiff used a damaging move - not guessing lifeorb anymore
INFO     mabosstiff did 24.0% damage to rotomfan with crunch
INFO     Setting the field to None
INFO     rotomfan has less than maxhp during upkeep, no longer guessing leftovers or blacksludge
INFO     Opponent has switched - clearing the last used move
INFO     
INFO     Turn: 26
INFO     Sampling battle 0
INFO     	        tropius      harvest  sitrusberry [airslash, leechseed, protect, substitute] ttype=steel
INFO     	    dudunsparce      rattled    leftovers [boomburst, calmmind, earthpower, roost] ttype=ghost
INFO     Sampling battle 1
INFO     	        tropius      harvest  sitrusberry [dragondance, dualwingbeat, earthquake, synthesis] ttype=ground
INFO     	    dudunsparce      rattled    leftovers [boomburst, calmmind, earthpower, roost] ttype=fairy
INFO     Sampling battle 2
INFO     	        tropius      harvest  sitrusberry [airslash, leechseed, protect, substitute] ttype=steel
INFO     	    dudunsparce      rattled    leftovers [boomburst, calmmind, roost, shadowball] ttype=ghost
INFO     Sampling battle 3
INFO     	        tropius      harvest  sitrusberry [dragondance, dualwingbeat, earthquake, leafblade] ttype=ground
INFO     	    dudunsparce      rattled    leftovers [boomburst, calmmind, earthpower, roost] ttype=fairy
INFO     Searching for a move using PUCT MCTS with neural priors...
INFO     Sampling 4 battles at 500ms each
INFO     Computing neural priors for all battles...
INFO     Initialized StateTranslator with TeamPreviewObservationSpace
INFO     Initializing LocalPolicyProvider with model: Minikazam
INFO     Loading pretrained Minikazam model...


 		 AMAGO v3.1
            	 -------------------------
            	 Agent: Agent
            		 Max Sequence Length: 64
            		 TstepEncoder Type: MetamonPerceiverTstepEncoder
            		 TrajEncoder Type: GRUTrajEncoder
            		 Total Parameters: 4,761,778
            		 Offline Loss Weight: 1.0
            		 Online Loss Weight: 0.0
            		 Mixed Precision: NO
            		 Checkpoint Path: /Users/yadureddy/Documents/GitHub/clean/pokeagent_ac_mcts/.metamon_cache/pretrained_models/models--jakegrigsby--metamon/snapshots/c5d1cb9abb6747066a325228845a5a8af3d12139/minikazam/minikazam/ckpts
            	 Environment:
            		 DummyAsyncVectorEnv(Gym Env x 1)
            		 Exploration Type: None
            	 Dataset: DoNothingDataset
            	 Accelerate Processes: 1 


INFO     Successfully loaded Minikazam model
ERROR    Error translating battle to observation: 
WARNING  Failed to get priors for battle: 
ERROR    Error translating battle to observation: 
WARNING  Failed to get priors for battle: 
ERROR    Error translating battle to observation: 
WARNING  Failed to get priors for battle: 
ERROR    Error translating battle to observation: 
WARNING  Failed to get priors for battle: 
INFO     Successfully computed neural priors for 0/4 battles
INFO     Using PUCT-guided move selection (priors integrated during search)...
INFO     Policy 0: crunch visited 91.1% avg_score=0.248 sample_chance_multiplier=0.25
INFO     Policy 1: crunch visited 50.64% avg_score=0.203 sample_chance_multiplier=0.25
INFO     Policy 2: crunch visited 44.73% avg_score=0.21 sample_chance_multiplier=0.25
INFO     Policy 3: crunch visited 76.3% avg_score=0.211 sample_chance_multiplier=0.25
INFO     Considered Choices:
INFO     	65.693%: crunch
INFO     Choice: crunch
INFO     Updated tropius's max speed to 292
INFO     mabosstiff already has the move crunch. Decrementing the PP by 1
INFO     mabosstiff used a dark move, removing darkgem from possible items
INFO     Setting mabosstiff's last used move: crunch
INFO     mabosstiff used a damaging move - not guessing lifeorb anymore
INFO     mabosstiff did 47.0% damage to tropius with crunch
WARNING  Would remove all possibilities, not removing any
WARNING  actual_damage_dealt=154.16
INFO     Removing tropius's item: sitrusberry
INFO     tropius using dragondance makes it unlikely to have a choice item. Setting can_have_choice_item to False
INFO     tropius used a status-move. Adding `assaultvest` to impossible items
INFO     Setting tropius's last used move: dragondance
INFO     tropius's attack was boosted by 1 to 1
INFO     tropius's speed was boosted by 1 to 1
INFO     tropius has less than maxhp during upkeep, no longer guessing leftovers or blacksludge
INFO     
INFO     Turn: 27
INFO     Sampling battle 0
INFO     	        tropius      harvest         None [dragondance, dualwingbeat, earthquake, leafblade] ttype=ground
INFO     	    dudunsparce      rattled    leftovers [boomburst, calmmind, roost, shadowball] ttype=ghost
INFO     Sampling battle 1
INFO     	        tropius      harvest         None [dragondance, dualwingbeat, earthquake, leafblade] ttype=ground
INFO     	    dudunsparce      rattled    leftovers [boomburst, calmmind, roost, shadowball] ttype=ghost
INFO     Sampling battle 2
INFO     	        tropius      harvest         None [dragondance, dualwingbeat, earthquake, leafblade] ttype=ground
INFO     	    dudunsparce      rattled    leftovers [boomburst, calmmind, roost, shadowball] ttype=ghost
INFO     Sampling battle 3
INFO     	        tropius      harvest         None [dragondance, dualwingbeat, earthquake, synthesis] ttype=ground
INFO     	    dudunsparce      rattled    leftovers [boomburst, calmmind, earthpower, roost] ttype=ghost
INFO     Searching for a move using PUCT MCTS with neural priors...
INFO     Sampling 4 battles at 500ms each
INFO     Computing neural priors for all battles...
INFO     Initialized StateTranslator with TeamPreviewObservationSpace
INFO     Initializing LocalPolicyProvider with model: Minikazam
INFO     Loading pretrained Minikazam model...


 		 AMAGO v3.1
            	 -------------------------
            	 Agent: Agent
            		 Max Sequence Length: 64
            		 TstepEncoder Type: MetamonPerceiverTstepEncoder
            		 TrajEncoder Type: GRUTrajEncoder
            		 Total Parameters: 4,761,778
            		 Offline Loss Weight: 1.0
            		 Online Loss Weight: 0.0
            		 Mixed Precision: NO
            		 Checkpoint Path: /Users/yadureddy/Documents/GitHub/clean/pokeagent_ac_mcts/.metamon_cache/pretrained_models/models--jakegrigsby--metamon/snapshots/c5d1cb9abb6747066a325228845a5a8af3d12139/minikazam/minikazam/ckpts
            	 Environment:
            		 DummyAsyncVectorEnv(Gym Env x 1)
            		 Exploration Type: None
            	 Dataset: DoNothingDataset
            	 Accelerate Processes: 1 


INFO     Successfully loaded Minikazam model
ERROR    Error translating battle to observation: 
WARNING  Failed to get priors for battle: 
ERROR    Error translating battle to observation: 
WARNING  Failed to get priors for battle: 
ERROR    Error translating battle to observation: 
WARNING  Failed to get priors for battle: 
ERROR    Error translating battle to observation: 
WARNING  Failed to get priors for battle: 
INFO     Successfully computed neural priors for 0/4 battles
INFO     Using PUCT-guided move selection (priors integrated during search)...
INFO     Policy 0: crunch visited 95.23% avg_score=0.376 sample_chance_multiplier=0.25
INFO     Policy 1: crunch visited 96.65% avg_score=0.389 sample_chance_multiplier=0.25
INFO     Policy 2: crunch visited 71.12% avg_score=0.331 sample_chance_multiplier=0.25
INFO     Policy 3: crunch visited 59.9% avg_score=0.263 sample_chance_multiplier=0.25
INFO     Considered Choices:
INFO     	80.725%: crunch
INFO     Choice: crunch
INFO     Updated tropius's max speed to 195
INFO     mabosstiff already has the move crunch. Decrementing the PP by 1
INFO     mabosstiff used a dark move, removing darkgem from possible items
INFO     Setting mabosstiff's last used move: crunch
INFO     mabosstiff used a damaging move - not guessing lifeorb anymore
INFO     mabosstiff did 32.0% damage to tropius with crunch
INFO     tropius's defense was unboosted by 1 to -1
INFO     tropius used two different moves - it cannot have a choice item
INFO     tropius used a status-move. Adding `assaultvest` to impossible items
INFO     Setting tropius's last used move: synthesis
INFO     Setting tropius's item to sitrusberry
INFO     tropius has less than maxhp during upkeep, no longer guessing leftovers or blacksludge
INFO     
INFO     Turn: 28
INFO     Sampling battle 0
INFO     	        tropius      harvest  sitrusberry [dragondance, dualwingbeat, earthquake, synthesis] ttype=ground
INFO     	    dudunsparce      rattled    leftovers [boomburst, calmmind, roost, shadowball] ttype=ghost
INFO     Sampling battle 1
INFO     	        tropius      harvest  sitrusberry [dragondance, dualwingbeat, earthquake, synthesis] ttype=ground
INFO     	    dudunsparce      rattled    leftovers [boomburst, calmmind, earthpower, roost] ttype=ghost
INFO     Sampling battle 2
INFO     	        tropius      harvest  sitrusberry [dragondance, dualwingbeat, earthquake, synthesis] ttype=ground
INFO     	    dudunsparce      rattled    leftovers [boomburst, calmmind, roost, shadowball] ttype=ghost
INFO     Sampling battle 3
INFO     	        tropius      harvest  sitrusberry [dragondance, dualwingbeat, earthquake, synthesis] ttype=ground
INFO     	    dudunsparce      rattled    leftovers [boomburst, calmmind, roost, shadowball] ttype=ghost
INFO     Searching for a move using PUCT MCTS with neural priors...
INFO     Sampling 4 battles at 500ms each
INFO     Computing neural priors for all battles...
INFO     Initialized StateTranslator with TeamPreviewObservationSpace
INFO     Initializing LocalPolicyProvider with model: Minikazam
INFO     Loading pretrained Minikazam model...


 		 AMAGO v3.1
            	 -------------------------
            	 Agent: Agent
            		 Max Sequence Length: 64
            		 TstepEncoder Type: MetamonPerceiverTstepEncoder
            		 TrajEncoder Type: GRUTrajEncoder
            		 Total Parameters: 4,761,778
            		 Offline Loss Weight: 1.0
            		 Online Loss Weight: 0.0
            		 Mixed Precision: NO
            		 Checkpoint Path: /Users/yadureddy/Documents/GitHub/clean/pokeagent_ac_mcts/.metamon_cache/pretrained_models/models--jakegrigsby--metamon/snapshots/c5d1cb9abb6747066a325228845a5a8af3d12139/minikazam/minikazam/ckpts
            	 Environment:
            		 DummyAsyncVectorEnv(Gym Env x 1)
            		 Exploration Type: None
            	 Dataset: DoNothingDataset
            	 Accelerate Processes: 1 


INFO     Successfully loaded Minikazam model
ERROR    Error translating battle to observation: 
WARNING  Failed to get priors for battle: 
ERROR    Error translating battle to observation: 
WARNING  Failed to get priors for battle: 
ERROR    Error translating battle to observation: 
WARNING  Failed to get priors for battle: 
ERROR    Error translating battle to observation: 
WARNING  Failed to get priors for battle: 
INFO     Successfully computed neural priors for 0/4 battles
INFO     Using PUCT-guided move selection (priors integrated during search)...
INFO     Policy 0: crunch visited 48.69% avg_score=0.259 sample_chance_multiplier=0.25
INFO     Policy 1: crunch visited 95.58% avg_score=0.265 sample_chance_multiplier=0.25
INFO     Policy 2: crunch visited 86.7% avg_score=0.263 sample_chance_multiplier=0.25
INFO     Policy 3: crunch visited 75.48% avg_score=0.255 sample_chance_multiplier=0.25
INFO     Considered Choices:
INFO     	76.609%: crunch
INFO     Choice: crunch
INFO     Updated tropius's max speed to 195
INFO     mabosstiff already has the move crunch. Decrementing the PP by 1
INFO     mabosstiff used a dark move, removing darkgem from possible items
INFO     Setting mabosstiff's last used move: crunch
INFO     mabosstiff used a damaging move - not guessing lifeorb anymore
INFO     mabosstiff did 48.0% damage to tropius with crunch
INFO     Removing tropius's item: sitrusberry
INFO     tropius already has the move synthesis. Decrementing the PP by 1
INFO     tropius used a status-move. Adding `assaultvest` to impossible items
INFO     Setting tropius's last used move: synthesis
INFO     Setting tropius's item to sitrusberry
INFO     tropius has less than maxhp during upkeep, no longer guessing leftovers or blacksludge
INFO     
INFO     Turn: 29
INFO     Sampling battle 0
INFO     	        tropius      harvest  sitrusberry [dragondance, dualwingbeat, earthquake, synthesis] ttype=ground
INFO     	    dudunsparce      rattled    leftovers [boomburst, calmmind, earthpower, roost] ttype=fairy
INFO     Sampling battle 1
INFO     	        tropius      harvest  sitrusberry [dragondance, dualwingbeat, earthquake, synthesis] ttype=ground
INFO     	    dudunsparce      rattled    leftovers [boomburst, calmmind, earthpower, roost] ttype=ghost
INFO     Sampling battle 2
INFO     	        tropius      harvest  sitrusberry [dragondance, dualwingbeat, earthquake, synthesis] ttype=ground
INFO     	    dudunsparce      rattled    leftovers [boomburst, calmmind, roost, shadowball] ttype=ghost
INFO     Sampling battle 3
INFO     	        tropius      harvest  sitrusberry [dragondance, dualwingbeat, earthquake, synthesis] ttype=ground
INFO     	    dudunsparce      rattled    leftovers [boomburst, calmmind, earthpower, roost] ttype=ghost
INFO     Searching for a move using PUCT MCTS with neural priors...
INFO     Sampling 4 battles at 500ms each
INFO     Computing neural priors for all battles...
INFO     Initialized StateTranslator with TeamPreviewObservationSpace
INFO     Initializing LocalPolicyProvider with model: Minikazam
INFO     Loading pretrained Minikazam model...


 		 AMAGO v3.1
            	 -------------------------
            	 Agent: Agent
            		 Max Sequence Length: 64
            		 TstepEncoder Type: MetamonPerceiverTstepEncoder
            		 TrajEncoder Type: GRUTrajEncoder
            		 Total Parameters: 4,761,778
            		 Offline Loss Weight: 1.0
            		 Online Loss Weight: 0.0
            		 Mixed Precision: NO
            		 Checkpoint Path: /Users/yadureddy/Documents/GitHub/clean/pokeagent_ac_mcts/.metamon_cache/pretrained_models/models--jakegrigsby--metamon/snapshots/c5d1cb9abb6747066a325228845a5a8af3d12139/minikazam/minikazam/ckpts
            	 Environment:
            		 DummyAsyncVectorEnv(Gym Env x 1)
            		 Exploration Type: None
            	 Dataset: DoNothingDataset
            	 Accelerate Processes: 1 


INFO     Successfully loaded Minikazam model
ERROR    Error translating battle to observation: 
WARNING  Failed to get priors for battle: 
ERROR    Error translating battle to observation: 
WARNING  Failed to get priors for battle: 
ERROR    Error translating battle to observation: 
WARNING  Failed to get priors for battle: 
ERROR    Error translating battle to observation: 
WARNING  Failed to get priors for battle: 
INFO     Successfully computed neural priors for 0/4 battles
INFO     Using PUCT-guided move selection (priors integrated during search)...
INFO     Policy 0: crunch visited 77.25% avg_score=0.248 sample_chance_multiplier=0.25
INFO     Policy 1: crunch visited 94.77% avg_score=0.272 sample_chance_multiplier=0.25
INFO     Policy 2: crunch visited 94.76% avg_score=0.277 sample_chance_multiplier=0.25
INFO     Policy 3: crunch visited 88.14% avg_score=0.256 sample_chance_multiplier=0.25
INFO     Considered Choices:
INFO     	88.73%: crunch
INFO     Choice: crunch
INFO     Updated tropius's max speed to 195
INFO     mabosstiff already has the move crunch. Decrementing the PP by 1
INFO     mabosstiff used a dark move, removing darkgem from possible items
INFO     Setting mabosstiff's last used move: crunch
INFO     mabosstiff used a damaging move - not guessing lifeorb anymore
INFO     mabosstiff did 45.0% damage to tropius with crunch
INFO     Removing tropius's item: sitrusberry
INFO     tropius already has the move dragondance. Decrementing the PP by 1
INFO     tropius used two different moves - it cannot have a choice item
INFO     tropius using dragondance makes it unlikely to have a choice item. Setting can_have_choice_item to False
INFO     tropius used a status-move. Adding `assaultvest` to impossible items
INFO     Setting tropius's last used move: dragondance
INFO     tropius's attack was boosted by 1 to 2
INFO     tropius's speed was boosted by 1 to 2
INFO     tropius has less than maxhp during upkeep, no longer guessing leftovers or blacksludge
INFO     
INFO     Turn: 30
INFO     Sampling battle 0
INFO     	        tropius      harvest         None [dragondance, dualwingbeat, earthquake, synthesis] ttype=ground
INFO     	    dudunsparce      rattled    leftovers [boomburst, calmmind, roost, shadowball] ttype=ghost
INFO     Sampling battle 1
INFO     	        tropius      harvest         None [dragondance, dualwingbeat, earthquake, synthesis] ttype=ground
INFO     	    dudunsparce      rattled    leftovers [boomburst, calmmind, roost, shadowball] ttype=ghost
INFO     Sampling battle 2
INFO     	        tropius      harvest         None [dragondance, dualwingbeat, earthquake, synthesis] ttype=ground
INFO     	    dudunsparce      rattled    leftovers [boomburst, calmmind, roost, shadowball] ttype=ghost
INFO     Sampling battle 3
INFO     	        tropius      harvest         None [dragondance, dualwingbeat, earthquake, synthesis] ttype=ground
INFO     	    dudunsparce      rattled    leftovers [boomburst, calmmind, earthpower, roost] ttype=fairy
INFO     Searching for a move using PUCT MCTS with neural priors...
INFO     Sampling 4 battles at 500ms each
INFO     Computing neural priors for all battles...
INFO     Initialized StateTranslator with TeamPreviewObservationSpace
INFO     Initializing LocalPolicyProvider with model: Minikazam
INFO     Loading pretrained Minikazam model...


 		 AMAGO v3.1
            	 -------------------------
            	 Agent: Agent
            		 Max Sequence Length: 64
            		 TstepEncoder Type: MetamonPerceiverTstepEncoder
            		 TrajEncoder Type: GRUTrajEncoder
            		 Total Parameters: 4,761,778
            		 Offline Loss Weight: 1.0
            		 Online Loss Weight: 0.0
            		 Mixed Precision: NO
            		 Checkpoint Path: /Users/yadureddy/Documents/GitHub/clean/pokeagent_ac_mcts/.metamon_cache/pretrained_models/models--jakegrigsby--metamon/snapshots/c5d1cb9abb6747066a325228845a5a8af3d12139/minikazam/minikazam/ckpts
            	 Environment:
            		 DummyAsyncVectorEnv(Gym Env x 1)
            		 Exploration Type: None
            	 Dataset: DoNothingDataset
            	 Accelerate Processes: 1 


INFO     Successfully loaded Minikazam model
ERROR    Error translating battle to observation: 
WARNING  Failed to get priors for battle: 
ERROR    Error translating battle to observation: 
WARNING  Failed to get priors for battle: 
ERROR    Error translating battle to observation: 
WARNING  Failed to get priors for battle: 
ERROR    Error translating battle to observation: 
WARNING  Failed to get priors for battle: 
INFO     Successfully computed neural priors for 0/4 battles
INFO     Using PUCT-guided move selection (priors integrated during search)...
INFO     Policy 0: crunch visited 93.4% avg_score=0.304 sample_chance_multiplier=0.25
INFO     Policy 1: crunch visited 92.48% avg_score=0.275 sample_chance_multiplier=0.25
INFO     Policy 2: crunch visited 76.95% avg_score=0.306 sample_chance_multiplier=0.25
INFO     Policy 3: crunch visited 56.46% avg_score=0.297 sample_chance_multiplier=0.25
INFO     Considered Choices:
INFO     	79.824%: crunch
INFO     Choice: crunch
INFO     Updated tropius's max speed to 145
INFO     mabosstiff already has the move crunch. Decrementing the PP by 1
INFO     mabosstiff used a dark move, removing darkgem from possible items
INFO     Setting mabosstiff's last used move: crunch
INFO     mabosstiff used a damaging move - not guessing lifeorb anymore
INFO     mabosstiff did 43.0% damage to tropius with crunch
INFO     tropius already has the move dragondance. Decrementing the PP by 1
INFO     tropius using dragondance makes it unlikely to have a choice item. Setting can_have_choice_item to False
INFO     tropius used a status-move. Adding `assaultvest` to impossible items
INFO     Setting tropius's last used move: dragondance
INFO     tropius's attack was boosted by 1 to 3
INFO     tropius's speed was boosted by 1 to 3
INFO     tropius has less than maxhp during upkeep, no longer guessing leftovers or blacksludge
INFO     
INFO     Turn: 31
INFO     Sampling battle 0
INFO     	        tropius      harvest         None [dragondance, dualwingbeat, earthquake, synthesis] ttype=ground
INFO     	    dudunsparce      rattled    leftovers [boomburst, calmmind, earthpower, roost] ttype=fairy
INFO     Sampling battle 1
INFO     	        tropius      harvest         None [dragondance, dualwingbeat, earthquake, synthesis] ttype=ground
INFO     	    dudunsparce      rattled    leftovers [boomburst, calmmind, roost, shadowball] ttype=ghost
INFO     Sampling battle 2
INFO     	        tropius      harvest         None [dragondance, dualwingbeat, earthquake, synthesis] ttype=ground
INFO     	    dudunsparce      rattled    leftovers [boomburst, calmmind, earthpower, roost] ttype=ghost
INFO     Sampling battle 3
INFO     	        tropius      harvest         None [dragondance, dualwingbeat, earthquake, synthesis] ttype=ground
INFO     	    dudunsparce      rattled    leftovers [boomburst, calmmind, roost, shadowball] ttype=ghost
INFO     Searching for a move using PUCT MCTS with neural priors...
INFO     Sampling 4 battles at 500ms each
INFO     Computing neural priors for all battles...
INFO     Initialized StateTranslator with TeamPreviewObservationSpace
INFO     Initializing LocalPolicyProvider with model: Minikazam
INFO     Loading pretrained Minikazam model...


 		 AMAGO v3.1
            	 -------------------------
            	 Agent: Agent
            		 Max Sequence Length: 64
            		 TstepEncoder Type: MetamonPerceiverTstepEncoder
            		 TrajEncoder Type: GRUTrajEncoder
            		 Total Parameters: 4,761,778
            		 Offline Loss Weight: 1.0
            		 Online Loss Weight: 0.0
            		 Mixed Precision: NO
            		 Checkpoint Path: /Users/yadureddy/Documents/GitHub/clean/pokeagent_ac_mcts/.metamon_cache/pretrained_models/models--jakegrigsby--metamon/snapshots/c5d1cb9abb6747066a325228845a5a8af3d12139/minikazam/minikazam/ckpts
            	 Environment:
            		 DummyAsyncVectorEnv(Gym Env x 1)
            		 Exploration Type: None
            	 Dataset: DoNothingDataset
            	 Accelerate Processes: 1 


INFO     Successfully loaded Minikazam model
ERROR    Error translating battle to observation: 
WARNING  Failed to get priors for battle: 
ERROR    Error translating battle to observation: 
WARNING  Failed to get priors for battle: 
ERROR    Error translating battle to observation: 
WARNING  Failed to get priors for battle: 
ERROR    Error translating battle to observation: 
WARNING  Failed to get priors for battle: 
INFO     Successfully computed neural priors for 0/4 battles
INFO     Using PUCT-guided move selection (priors integrated during search)...
INFO     Policy 0: crunch visited 97.7% avg_score=0.298 sample_chance_multiplier=0.25
INFO     Policy 1: crunch visited 97.83% avg_score=0.303 sample_chance_multiplier=0.25
INFO     Policy 2: crunch visited 97.73% avg_score=0.3 sample_chance_multiplier=0.25
INFO     Policy 3: crunch visited 97.55% avg_score=0.296 sample_chance_multiplier=0.25
INFO     Considered Choices:
INFO     	97.7%: crunch
INFO     Choice: crunch
INFO     Updated tropius's min speed to 117
INFO     tropius already has the move synthesis. Decrementing the PP by 1
INFO     tropius used two different moves - it cannot have a choice item
INFO     tropius used a status-move. Adding `assaultvest` to impossible items
INFO     Setting tropius's last used move: synthesis
INFO     mabosstiff already has the move crunch. Decrementing the PP by 1
INFO     mabosstiff used a dark move, removing darkgem from possible items
INFO     Setting mabosstiff's last used move: crunch
INFO     mabosstiff used a damaging move - not guessing lifeorb anymore
INFO     mabosstiff did 50.0% damage to tropius with crunch
INFO     tropius's defense was unboosted by 1 to -2
INFO     Setting tropius's item to sitrusberry
INFO     tropius has less than maxhp during upkeep, no longer guessing leftovers or blacksludge
INFO     Removing tropius's item: sitrusberry
INFO     
INFO     Turn: 32
INFO     Sampling battle 0
INFO     	        tropius      harvest         None [dragondance, dualwingbeat, earthquake, synthesis] ttype=ground
INFO     	    dudunsparce      rattled    leftovers [boomburst, calmmind, roost, shadowball] ttype=ghost
INFO     Sampling battle 1
INFO     	        tropius      harvest         None [dragondance, dualwingbeat, earthquake, synthesis] ttype=ground
INFO     	    dudunsparce      rattled    leftovers [boomburst, calmmind, earthpower, roost] ttype=ghost
INFO     Sampling battle 2
INFO     	        tropius      harvest         None [dragondance, dualwingbeat, earthquake, synthesis] ttype=ground
INFO     	    dudunsparce      rattled    leftovers [boomburst, calmmind, earthpower, roost] ttype=fairy
INFO     Sampling battle 3
INFO     	        tropius      harvest         None [dragondance, dualwingbeat, earthquake, synthesis] ttype=ground
INFO     	    dudunsparce      rattled    leftovers [boomburst, calmmind, earthpower, roost] ttype=fairy
INFO     Searching for a move using PUCT MCTS with neural priors...
INFO     Sampling 4 battles at 500ms each
INFO     Computing neural priors for all battles...
INFO     Initialized StateTranslator with TeamPreviewObservationSpace
INFO     Initializing LocalPolicyProvider with model: Minikazam
INFO     Loading pretrained Minikazam model...


 		 AMAGO v3.1
            	 -------------------------
            	 Agent: Agent
            		 Max Sequence Length: 64
            		 TstepEncoder Type: MetamonPerceiverTstepEncoder
            		 TrajEncoder Type: GRUTrajEncoder
            		 Total Parameters: 4,761,778
            		 Offline Loss Weight: 1.0
            		 Online Loss Weight: 0.0
            		 Mixed Precision: NO
            		 Checkpoint Path: /Users/yadureddy/Documents/GitHub/clean/pokeagent_ac_mcts/.metamon_cache/pretrained_models/models--jakegrigsby--metamon/snapshots/c5d1cb9abb6747066a325228845a5a8af3d12139/minikazam/minikazam/ckpts
            	 Environment:
            		 DummyAsyncVectorEnv(Gym Env x 1)
            		 Exploration Type: None
            	 Dataset: DoNothingDataset
            	 Accelerate Processes: 1 


INFO     Successfully loaded Minikazam model
ERROR    Error translating battle to observation: 
WARNING  Failed to get priors for battle: 
ERROR    Error translating battle to observation: 
WARNING  Failed to get priors for battle: 
ERROR    Error translating battle to observation: 
WARNING  Failed to get priors for battle: 
ERROR    Error translating battle to observation: 
WARNING  Failed to get priors for battle: 
INFO     Successfully computed neural priors for 0/4 battles
INFO     Using PUCT-guided move selection (priors integrated during search)...
INFO     Policy 0: crunch visited 98.87% avg_score=0.393 sample_chance_multiplier=0.25
INFO     Policy 1: crunch visited 98.94% avg_score=0.401 sample_chance_multiplier=0.25
INFO     Policy 2: crunch visited 98.85% avg_score=0.388 sample_chance_multiplier=0.25
INFO     Policy 3: crunch visited 98.87% avg_score=0.386 sample_chance_multiplier=0.25
INFO     Considered Choices:
INFO     	98.879%: crunch
INFO     Choice: crunch
INFO     Opponent has switched - clearing the last used move
INFO     mabosstiff already has the move crunch. Decrementing the PP by 1
INFO     mabosstiff used a dark move, removing darkgem from possible items
INFO     Setting mabosstiff's last used move: crunch
INFO     mabosstiff used a damaging move - not guessing lifeorb anymore
INFO     mabosstiff did 23.0% damage to dudunsparce with crunch
INFO     dudunsparce has less than maxhp during upkeep, no longer guessing leftovers or blacksludge
INFO     Opponent has switched - clearing the last used move
INFO     
INFO     Turn: 33
INFO     Sampling battle 0
INFO     	        tropius      harvest         None [dragondance, dualwingbeat, earthquake, synthesis] ttype=ground
INFO     Sampling battle 1
INFO     	        tropius      harvest         None [dragondance, dualwingbeat, earthquake, synthesis] ttype=ground
INFO     Sampling battle 2
INFO     	        tropius      harvest         None [dragondance, dualwingbeat, earthquake, synthesis] ttype=ground
INFO     Sampling battle 3
INFO     	        tropius      harvest         None [dragondance, dualwingbeat, earthquake, synthesis] ttype=ground
INFO     Searching for a move using PUCT MCTS with neural priors...
INFO     Sampling 4 battles at 500ms each
INFO     Computing neural priors for all battles...
INFO     Initialized StateTranslator with TeamPreviewObservationSpace
INFO     Initializing LocalPolicyProvider with model: Minikazam
INFO     Loading pretrained Minikazam model...


 		 AMAGO v3.1
            	 -------------------------
            	 Agent: Agent
            		 Max Sequence Length: 64
            		 TstepEncoder Type: MetamonPerceiverTstepEncoder
            		 TrajEncoder Type: GRUTrajEncoder
            		 Total Parameters: 4,761,778
            		 Offline Loss Weight: 1.0
            		 Online Loss Weight: 0.0
            		 Mixed Precision: NO
            		 Checkpoint Path: /Users/yadureddy/Documents/GitHub/clean/pokeagent_ac_mcts/.metamon_cache/pretrained_models/models--jakegrigsby--metamon/snapshots/c5d1cb9abb6747066a325228845a5a8af3d12139/minikazam/minikazam/ckpts
            	 Environment:
            		 DummyAsyncVectorEnv(Gym Env x 1)
            		 Exploration Type: None
            	 Dataset: DoNothingDataset
            	 Accelerate Processes: 1 


INFO     Successfully loaded Minikazam model
ERROR    Error translating battle to observation: 
WARNING  Failed to get priors for battle: 
ERROR    Error translating battle to observation: 
WARNING  Failed to get priors for battle: 
ERROR    Error translating battle to observation: 
WARNING  Failed to get priors for battle: 
ERROR    Error translating battle to observation: 
WARNING  Failed to get priors for battle: 
INFO     Successfully computed neural priors for 0/4 battles
INFO     Using PUCT-guided move selection (priors integrated during search)...
INFO     Policy 0: crunch visited 94.02% avg_score=0.344 sample_chance_multiplier=0.25
INFO     Policy 1: crunch visited 61.24% avg_score=0.355 sample_chance_multiplier=0.25
INFO     Policy 2: crunch visited 95.76% avg_score=0.341 sample_chance_multiplier=0.25
INFO     Policy 3: crunch visited 75.68% avg_score=0.345 sample_chance_multiplier=0.25
INFO     Considered Choices:
INFO     	81.675%: crunch
INFO     Choice: crunch
INFO     Updated tropius's max speed to 145
INFO     mabosstiff already has the move crunch. Decrementing the PP by 1
INFO     mabosstiff used a dark move, removing darkgem from possible items
INFO     Setting mabosstiff's last used move: crunch
INFO     mabosstiff used a damaging move - not guessing lifeorb anymore
INFO     mabosstiff did 33.0% damage to tropius with crunch
INFO     tropius already has the move synthesis. Decrementing the PP by 1
INFO     tropius used a status-move. Adding `assaultvest` to impossible items
INFO     Setting tropius's last used move: synthesis
INFO     Setting tropius's item to sitrusberry
INFO     tropius has less than maxhp during upkeep, no longer guessing leftovers or blacksludge
INFO     
INFO     Turn: 34
INFO     Sampling battle 0
INFO     	        tropius      harvest  sitrusberry [dragondance, dualwingbeat, earthquake, synthesis] ttype=ground
INFO     Sampling battle 1
INFO     	        tropius      harvest  sitrusberry [dragondance, dualwingbeat, earthquake, synthesis] ttype=ground
INFO     Sampling battle 2
INFO     	        tropius      harvest  sitrusberry [dragondance, dualwingbeat, earthquake, synthesis] ttype=ground
INFO     Sampling battle 3
INFO     	        tropius      harvest  sitrusberry [dragondance, dualwingbeat, earthquake, synthesis] ttype=ground
INFO     Searching for a move using PUCT MCTS with neural priors...
INFO     Sampling 4 battles at 500ms each
INFO     Computing neural priors for all battles...
INFO     Initialized StateTranslator with TeamPreviewObservationSpace
INFO     Initializing LocalPolicyProvider with model: Minikazam
INFO     Loading pretrained Minikazam model...


 		 AMAGO v3.1
            	 -------------------------
            	 Agent: Agent
            		 Max Sequence Length: 64
            		 TstepEncoder Type: MetamonPerceiverTstepEncoder
            		 TrajEncoder Type: GRUTrajEncoder
            		 Total Parameters: 4,761,778
            		 Offline Loss Weight: 1.0
            		 Online Loss Weight: 0.0
            		 Mixed Precision: NO
            		 Checkpoint Path: /Users/yadureddy/Documents/GitHub/clean/pokeagent_ac_mcts/.metamon_cache/pretrained_models/models--jakegrigsby--metamon/snapshots/c5d1cb9abb6747066a325228845a5a8af3d12139/minikazam/minikazam/ckpts
            	 Environment:
            		 DummyAsyncVectorEnv(Gym Env x 1)
            		 Exploration Type: None
            	 Dataset: DoNothingDataset
            	 Accelerate Processes: 1 


INFO     Successfully loaded Minikazam model
ERROR    Error translating battle to observation: 
WARNING  Failed to get priors for battle: 
ERROR    Error translating battle to observation: 
WARNING  Failed to get priors for battle: 
ERROR    Error translating battle to observation: 
WARNING  Failed to get priors for battle: 
ERROR    Error translating battle to observation: 
WARNING  Failed to get priors for battle: 
INFO     Successfully computed neural priors for 0/4 battles
INFO     Using PUCT-guided move selection (priors integrated during search)...
INFO     Policy 0: crunch visited 92.33% avg_score=0.258 sample_chance_multiplier=0.25
INFO     Policy 1: crunch visited 73.04% avg_score=0.263 sample_chance_multiplier=0.25
INFO     Policy 2: crunch visited 91.27% avg_score=0.259 sample_chance_multiplier=0.25
INFO     Policy 3: crunch visited 92.86% avg_score=0.252 sample_chance_multiplier=0.25
INFO     Considered Choices:
INFO     	87.375%: crunch
INFO     Choice: crunch
INFO     Updated tropius's max speed to 145
INFO     mabosstiff already has the move crunch. Decrementing the PP by 1
INFO     mabosstiff used a dark move, removing darkgem from possible items
INFO     Setting mabosstiff's last used move: crunch
INFO     mabosstiff used a damaging move - not guessing lifeorb anymore
INFO     mabosstiff did 47.0% damage to tropius with crunch
WARNING  Would remove all possibilities, not removing any
WARNING  actual_damage_dealt=154.16
INFO     Removing tropius's item: sitrusberry
INFO     tropius already has the move dragondance. Decrementing the PP by 1
INFO     tropius used two different moves - it cannot have a choice item
INFO     tropius using dragondance makes it unlikely to have a choice item. Setting can_have_choice_item to False
INFO     tropius used a status-move. Adding `assaultvest` to impossible items
INFO     Setting tropius's last used move: dragondance
INFO     tropius's attack was boosted by 1 to 1
INFO     tropius's speed was boosted by 1 to 1
INFO     tropius has less than maxhp during upkeep, no longer guessing leftovers or blacksludge
INFO     
INFO     Turn: 35
INFO     Sampling battle 0
INFO     	        tropius      harvest         None [dragondance, dualwingbeat, earthquake, synthesis] ttype=ground
INFO     Sampling battle 1
INFO     	        tropius      harvest         None [dragondance, dualwingbeat, earthquake, synthesis] ttype=ground
INFO     Sampling battle 2
INFO     	        tropius      harvest         None [dragondance, dualwingbeat, earthquake, synthesis] ttype=ground
INFO     Sampling battle 3
INFO     	        tropius      harvest         None [dragondance, dualwingbeat, earthquake, synthesis] ttype=ground
INFO     Searching for a move using PUCT MCTS with neural priors...
INFO     Sampling 4 battles at 500ms each
INFO     Computing neural priors for all battles...
INFO     Initialized StateTranslator with TeamPreviewObservationSpace
INFO     Initializing LocalPolicyProvider with model: Minikazam
INFO     Loading pretrained Minikazam model...


 		 AMAGO v3.1
            	 -------------------------
            	 Agent: Agent
            		 Max Sequence Length: 64
            		 TstepEncoder Type: MetamonPerceiverTstepEncoder
            		 TrajEncoder Type: GRUTrajEncoder
            		 Total Parameters: 4,761,778
            		 Offline Loss Weight: 1.0
            		 Online Loss Weight: 0.0
            		 Mixed Precision: NO
            		 Checkpoint Path: /Users/yadureddy/Documents/GitHub/clean/pokeagent_ac_mcts/.metamon_cache/pretrained_models/models--jakegrigsby--metamon/snapshots/c5d1cb9abb6747066a325228845a5a8af3d12139/minikazam/minikazam/ckpts
            	 Environment:
            		 DummyAsyncVectorEnv(Gym Env x 1)
            		 Exploration Type: None
            	 Dataset: DoNothingDataset
            	 Accelerate Processes: 1 


INFO     Successfully loaded Minikazam model
ERROR    Error translating battle to observation: 
WARNING  Failed to get priors for battle: 
ERROR    Error translating battle to observation: 
WARNING  Failed to get priors for battle: 
ERROR    Error translating battle to observation: 
WARNING  Failed to get priors for battle: 
ERROR    Error translating battle to observation: 
WARNING  Failed to get priors for battle: 
INFO     Successfully computed neural priors for 0/4 battles
INFO     Using PUCT-guided move selection (priors integrated during search)...
INFO     Policy 0: crunch visited 93.27% avg_score=0.296 sample_chance_multiplier=0.25
INFO     Policy 1: crunch visited 94.77% avg_score=0.288 sample_chance_multiplier=0.25
INFO     Policy 2: switch arbok visited 43.9% avg_score=0.318 sample_chance_multiplier=0.25
INFO     Policy 3: crunch visited 97.12% avg_score=0.313 sample_chance_multiplier=0.25
INFO     Considered Choices:
INFO     	78.608%: crunch
INFO     Choice: crunch
INFO     Updated tropius's max speed to 145
INFO     mabosstiff already has the move crunch. Decrementing the PP by 1
INFO     mabosstiff used a dark move, removing darkgem from possible items
INFO     Setting mabosstiff's last used move: crunch
INFO     mabosstiff used a damaging move - not guessing lifeorb anymore
INFO     mabosstiff did 32.0% damage to tropius with crunch
INFO     tropius already has the move synthesis. Decrementing the PP by 1
INFO     tropius used two different moves - it cannot have a choice item
INFO     tropius used a status-move. Adding `assaultvest` to impossible items
INFO     Setting tropius's last used move: synthesis
INFO     Setting tropius's item to sitrusberry
INFO     tropius has less than maxhp during upkeep, no longer guessing leftovers or blacksludge
INFO     
INFO     Turn: 36
INFO     Sampling battle 0
INFO     	        tropius      harvest  sitrusberry [dragondance, dualwingbeat, earthquake, synthesis] ttype=ground
INFO     Sampling battle 1
INFO     	        tropius      harvest  sitrusberry [dragondance, dualwingbeat, earthquake, synthesis] ttype=ground
INFO     Sampling battle 2
INFO     	        tropius      harvest  sitrusberry [dragondance, dualwingbeat, earthquake, synthesis] ttype=ground
INFO     Sampling battle 3
INFO     	        tropius      harvest  sitrusberry [dragondance, dualwingbeat, earthquake, synthesis] ttype=ground
INFO     Searching for a move using PUCT MCTS with neural priors...
INFO     Sampling 4 battles at 500ms each
INFO     Computing neural priors for all battles...
INFO     Initialized StateTranslator with TeamPreviewObservationSpace
INFO     Initializing LocalPolicyProvider with model: Minikazam
INFO     Loading pretrained Minikazam model...


 		 AMAGO v3.1
            	 -------------------------
            	 Agent: Agent
            		 Max Sequence Length: 64
            		 TstepEncoder Type: MetamonPerceiverTstepEncoder
            		 TrajEncoder Type: GRUTrajEncoder
            		 Total Parameters: 4,761,778
            		 Offline Loss Weight: 1.0
            		 Online Loss Weight: 0.0
            		 Mixed Precision: NO
            		 Checkpoint Path: /Users/yadureddy/Documents/GitHub/clean/pokeagent_ac_mcts/.metamon_cache/pretrained_models/models--jakegrigsby--metamon/snapshots/c5d1cb9abb6747066a325228845a5a8af3d12139/minikazam/minikazam/ckpts
            	 Environment:
            		 DummyAsyncVectorEnv(Gym Env x 1)
            		 Exploration Type: None
            	 Dataset: DoNothingDataset
            	 Accelerate Processes: 1 


INFO     Successfully loaded Minikazam model
ERROR    Error translating battle to observation: 
WARNING  Failed to get priors for battle: 
ERROR    Error translating battle to observation: 
WARNING  Failed to get priors for battle: 
ERROR    Error translating battle to observation: 
WARNING  Failed to get priors for battle: 
ERROR    Error translating battle to observation: 
WARNING  Failed to get priors for battle: 
INFO     Successfully computed neural priors for 0/4 battles
INFO     Using PUCT-guided move selection (priors integrated during search)...
INFO     Policy 0: crunch visited 92.94% avg_score=0.243 sample_chance_multiplier=0.25
INFO     Policy 1: crunch visited 93.48% avg_score=0.264 sample_chance_multiplier=0.25
INFO     Policy 2: crunch visited 61.36% avg_score=0.244 sample_chance_multiplier=0.25
INFO     Policy 3: crunch visited 84.08% avg_score=0.228 sample_chance_multiplier=0.25
INFO     Considered Choices:
INFO     	82.963%: crunch
INFO     Choice: crunch
INFO     Updated tropius's max speed to 145
INFO     mabosstiff already has the move crunch. Decrementing the PP by 1
INFO     mabosstiff used a dark move, removing darkgem from possible items
INFO     Setting mabosstiff's last used move: crunch
INFO     mabosstiff used a damaging move - not guessing lifeorb anymore
INFO     mabosstiff did 32.0% damage to tropius with crunch
INFO     Removing tropius's item: sitrusberry
INFO     tropius already has the move synthesis. Decrementing the PP by 1
INFO     tropius used a status-move. Adding `assaultvest` to impossible items
INFO     Setting tropius's last used move: synthesis
INFO     Setting tropius's item to sitrusberry
INFO     tropius has less than maxhp during upkeep, no longer guessing leftovers or blacksludge
INFO     
INFO     Turn: 37
INFO     Sampling battle 0
INFO     	        tropius      harvest  sitrusberry [dragondance, dualwingbeat, earthquake, synthesis] ttype=ground
INFO     Sampling battle 1
INFO     	        tropius      harvest  sitrusberry [dragondance, dualwingbeat, earthquake, synthesis] ttype=ground
INFO     Sampling battle 2
INFO     	        tropius      harvest  sitrusberry [dragondance, dualwingbeat, earthquake, synthesis] ttype=ground
INFO     Sampling battle 3
INFO     	        tropius      harvest  sitrusberry [dragondance, dualwingbeat, earthquake, synthesis] ttype=ground
INFO     Searching for a move using PUCT MCTS with neural priors...
INFO     Sampling 4 battles at 500ms each
INFO     Computing neural priors for all battles...
INFO     Initialized StateTranslator with TeamPreviewObservationSpace
INFO     Initializing LocalPolicyProvider with model: Minikazam
INFO     Loading pretrained Minikazam model...


 		 AMAGO v3.1
            	 -------------------------
            	 Agent: Agent
            		 Max Sequence Length: 64
            		 TstepEncoder Type: MetamonPerceiverTstepEncoder
            		 TrajEncoder Type: GRUTrajEncoder
            		 Total Parameters: 4,761,778
            		 Offline Loss Weight: 1.0
            		 Online Loss Weight: 0.0
            		 Mixed Precision: NO
            		 Checkpoint Path: /Users/yadureddy/Documents/GitHub/clean/pokeagent_ac_mcts/.metamon_cache/pretrained_models/models--jakegrigsby--metamon/snapshots/c5d1cb9abb6747066a325228845a5a8af3d12139/minikazam/minikazam/ckpts
            	 Environment:
            		 DummyAsyncVectorEnv(Gym Env x 1)
            		 Exploration Type: None
            	 Dataset: DoNothingDataset
            	 Accelerate Processes: 1 


INFO     Successfully loaded Minikazam model
ERROR    Error translating battle to observation: 
WARNING  Failed to get priors for battle: 
ERROR    Error translating battle to observation: 
WARNING  Failed to get priors for battle: 
ERROR    Error translating battle to observation: 
WARNING  Failed to get priors for battle: 
ERROR    Error translating battle to observation: 
WARNING  Failed to get priors for battle: 
INFO     Successfully computed neural priors for 0/4 battles
INFO     Using PUCT-guided move selection (priors integrated during search)...
INFO     Policy 0: crunch visited 68.0% avg_score=0.215 sample_chance_multiplier=0.25
INFO     Policy 1: switch arbok visited 50.84% avg_score=0.225 sample_chance_multiplier=0.25
INFO     Policy 2: switch masquerain visited 77.59% avg_score=0.237 sample_chance_multiplier=0.25
INFO     Policy 3: switch masquerain visited 53.46% avg_score=0.214 sample_chance_multiplier=0.25
INFO     Considered Choices:
INFO     	46.099%: switch masquerain
INFO     Choice: switch masquerain
INFO     Setting masquerain's ability to intimidate
INFO     tropius's attack was unboosted by 1 to 0
INFO     tropius already has the move dragondance. Decrementing the PP by 1
INFO     tropius used two different moves - it cannot have a choice item
INFO     tropius using dragondance makes it unlikely to have a choice item. Setting can_have_choice_item to False
INFO     tropius used a status-move. Adding `assaultvest` to impossible items
INFO     Setting tropius's last used move: dragondance
INFO     tropius's attack was boosted by 1 to 1
INFO     tropius's speed was boosted by 1 to 2
INFO     tropius has less than maxhp during upkeep, no longer guessing leftovers or blacksludge
INFO     
INFO     Turn: 38
INFO     Sampling battle 0
INFO     	        tropius      harvest  sitrusberry [dragondance, dualwingbeat, earthquake, synthesis] ttype=ground
INFO     Sampling battle 1
INFO     	        tropius      harvest  sitrusberry [dragondance, dualwingbeat, earthquake, synthesis] ttype=ground
INFO     Sampling battle 2
INFO     	        tropius      harvest  sitrusberry [dragondance, dualwingbeat, earthquake, synthesis] ttype=ground
INFO     Sampling battle 3
INFO     	        tropius      harvest  sitrusberry [dragondance, dualwingbeat, earthquake, synthesis] ttype=ground
INFO     Searching for a move using PUCT MCTS with neural priors...
INFO     Sampling 4 battles at 500ms each
INFO     Computing neural priors for all battles...
INFO     Initialized StateTranslator with TeamPreviewObservationSpace
INFO     Initializing LocalPolicyProvider with model: Minikazam
INFO     Loading pretrained Minikazam model...


 		 AMAGO v3.1
            	 -------------------------
            	 Agent: Agent
            		 Max Sequence Length: 64
            		 TstepEncoder Type: MetamonPerceiverTstepEncoder
            		 TrajEncoder Type: GRUTrajEncoder
            		 Total Parameters: 4,761,778
            		 Offline Loss Weight: 1.0
            		 Online Loss Weight: 0.0
            		 Mixed Precision: NO
            		 Checkpoint Path: /Users/yadureddy/Documents/GitHub/clean/pokeagent_ac_mcts/.metamon_cache/pretrained_models/models--jakegrigsby--metamon/snapshots/c5d1cb9abb6747066a325228845a5a8af3d12139/minikazam/minikazam/ckpts
            	 Environment:
            		 DummyAsyncVectorEnv(Gym Env x 1)
            		 Exploration Type: None
            	 Dataset: DoNothingDataset
            	 Accelerate Processes: 1 


INFO     Successfully loaded Minikazam model
ERROR    Error translating battle to observation: 
WARNING  Failed to get priors for battle: 
ERROR    Error translating battle to observation: 
WARNING  Failed to get priors for battle: 
ERROR    Error translating battle to observation: 
WARNING  Failed to get priors for battle: 
ERROR    Error translating battle to observation: 
WARNING  Failed to get priors for battle: 
INFO     Successfully computed neural priors for 0/4 battles
INFO     Using PUCT-guided move selection (priors integrated during search)...
INFO     Policy 0: switch electrodehisui visited 50.34% avg_score=0.27 sample_chance_multiplier=0.25
INFO     Policy 1: switch electrodehisui visited 55.04% avg_score=0.245 sample_chance_multiplier=0.25
INFO     Policy 2: switch electrodehisui visited 61.67% avg_score=0.252 sample_chance_multiplier=0.25
INFO     Policy 3: switch electrodehisui visited 56.74% avg_score=0.25 sample_chance_multiplier=0.25
INFO     Considered Choices:
INFO     	55.947%: switch electrodehisui
INFO     Choice: switch electrodehisui
INFO     tropius used two different moves - it cannot have a choice item
INFO     tropius used a flying move, removing flyinggem from possible items
INFO     Setting tropius's last used move: dualwingbeat
INFO     tropius used a damaging move - not guessing lifeorb anymore
INFO     tropius did 26.02% damage to electrodehisui with dualwingbeat
INFO     tropius has less than maxhp during upkeep, no longer guessing leftovers or blacksludge
INFO     Sampling battle 0
INFO     	        tropius      harvest  sitrusberry [dragondance, dualwingbeat, earthquake, synthesis] ttype=ground
INFO     Sampling battle 1
INFO     	        tropius      harvest  sitrusberry [dragondance, dualwingbeat, earthquake, synthesis] ttype=ground
INFO     Sampling battle 2
INFO     	        tropius      harvest  sitrusberry [dragondance, dualwingbeat, earthquake, synthesis] ttype=ground
INFO     Sampling battle 3
INFO     	        tropius      harvest  sitrusberry [dragondance, dualwingbeat, earthquake, synthesis] ttype=ground
INFO     Searching for a move using PUCT MCTS with neural priors...
INFO     Sampling 4 battles at 500ms each
INFO     Computing neural priors for all battles...
INFO     Initialized StateTranslator with TeamPreviewObservationSpace
INFO     Initializing LocalPolicyProvider with model: Minikazam
INFO     Loading pretrained Minikazam model...


 		 AMAGO v3.1
            	 -------------------------
            	 Agent: Agent
            		 Max Sequence Length: 64
            		 TstepEncoder Type: MetamonPerceiverTstepEncoder
            		 TrajEncoder Type: GRUTrajEncoder
            		 Total Parameters: 4,761,778
            		 Offline Loss Weight: 1.0
            		 Online Loss Weight: 0.0
            		 Mixed Precision: NO
            		 Checkpoint Path: /Users/yadureddy/Documents/GitHub/clean/pokeagent_ac_mcts/.metamon_cache/pretrained_models/models--jakegrigsby--metamon/snapshots/c5d1cb9abb6747066a325228845a5a8af3d12139/minikazam/minikazam/ckpts
            	 Environment:
            		 DummyAsyncVectorEnv(Gym Env x 1)
            		 Exploration Type: None
            	 Dataset: DoNothingDataset
            	 Accelerate Processes: 1 


INFO     Successfully loaded Minikazam model
ERROR    Error translating battle to observation: 
WARNING  Failed to get priors for battle: 
ERROR    Error translating battle to observation: 
WARNING  Failed to get priors for battle: 
ERROR    Error translating battle to observation: 
WARNING  Failed to get priors for battle: 
ERROR    Error translating battle to observation: 
WARNING  Failed to get priors for battle: 
INFO     Successfully computed neural priors for 0/4 battles
INFO     Using PUCT-guided move selection (priors integrated during search)...
INFO     Policy 0: switch masquerain visited 73.99% avg_score=0.346 sample_chance_multiplier=0.25
INFO     Policy 1: switch arbok visited 98.06% avg_score=0.472 sample_chance_multiplier=0.25
INFO     Policy 2: switch masquerain visited 74.43% avg_score=0.366 sample_chance_multiplier=0.25
INFO     Policy 3: switch arbok visited 96.08% avg_score=0.412 sample_chance_multiplier=0.25
INFO     Considered Choices:
INFO     	59.839%: switch arbok
INFO     Choice: switch arbok
INFO     Setting arbok's ability to intimidate
INFO     tropius's attack was unboosted by 1 to 0
INFO     
INFO     Turn: 39
INFO     Sampling battle 0
INFO     	        tropius      harvest  sitrusberry [dragondance, dualwingbeat, earthquake, synthesis] ttype=ground
INFO     Sampling battle 1
INFO     	        tropius      harvest  sitrusberry [dragondance, dualwingbeat, earthquake, synthesis] ttype=ground
INFO     Sampling battle 2
INFO     	        tropius      harvest  sitrusberry [dragondance, dualwingbeat, earthquake, synthesis] ttype=ground
INFO     Sampling battle 3
INFO     	        tropius      harvest  sitrusberry [dragondance, dualwingbeat, earthquake, synthesis] ttype=ground
INFO     Searching for a move using PUCT MCTS with neural priors...
INFO     Sampling 4 battles at 500ms each
INFO     Computing neural priors for all battles...
INFO     Initialized StateTranslator with TeamPreviewObservationSpace
INFO     Initializing LocalPolicyProvider with model: Minikazam
INFO     Loading pretrained Minikazam model...


 		 AMAGO v3.1
            	 -------------------------
            	 Agent: Agent
            		 Max Sequence Length: 64
            		 TstepEncoder Type: MetamonPerceiverTstepEncoder
            		 TrajEncoder Type: GRUTrajEncoder
            		 Total Parameters: 4,761,778
            		 Offline Loss Weight: 1.0
            		 Online Loss Weight: 0.0
            		 Mixed Precision: NO
            		 Checkpoint Path: /Users/yadureddy/Documents/GitHub/clean/pokeagent_ac_mcts/.metamon_cache/pretrained_models/models--jakegrigsby--metamon/snapshots/c5d1cb9abb6747066a325228845a5a8af3d12139/minikazam/minikazam/ckpts
            	 Environment:
            		 DummyAsyncVectorEnv(Gym Env x 1)
            		 Exploration Type: None
            	 Dataset: DoNothingDataset
            	 Accelerate Processes: 1 


INFO     Successfully loaded Minikazam model
ERROR    Error translating battle to observation: 
WARNING  Failed to get priors for battle: 
ERROR    Error translating battle to observation: 
WARNING  Failed to get priors for battle: 
ERROR    Error translating battle to observation: 
WARNING  Failed to get priors for battle: 
ERROR    Error translating battle to observation: 
WARNING  Failed to get priors for battle: 
INFO     Successfully computed neural priors for 0/4 battles
INFO     Using PUCT-guided move selection (priors integrated during search)...
INFO     Policy 0: switch masquerain visited 75.88% avg_score=0.28 sample_chance_multiplier=0.25
INFO     Policy 1: gunkshot visited 95.51% avg_score=0.456 sample_chance_multiplier=0.25
INFO     Policy 2: gunkshot visited 97.48% avg_score=0.36 sample_chance_multiplier=0.25
INFO     Policy 3: gunkshot visited 95.15% avg_score=0.334 sample_chance_multiplier=0.25
INFO     Considered Choices:
INFO     	77.12%: gunkshot
INFO     Choice: gunkshot
INFO     Winner: NeuralMCTS
INFO     Won with team: None
INFO     W: 1	L: 0
INFO     Searching for ranked gen9randombattle match
INFO     Initialized battle-gen9randombattle-40 against: VanillaMCTS
INFO     Opponent has switched - clearing the last used move
INFO     exeggutor switched in, adding intimidate to impossible abilities
INFO     exeggutor switched in, adding pressure to impossible abilities
INFO     exeggutor switched in, adding neutralizinggas to impossible abilities
INFO     exeggutor switched in, adding sandstream to impossible abilities
INFO     exeggutor switched in, adding drought to impossible abilities
INFO     exeggutor switched in, adding drizzle to impossible abilities
INFO     exeggutor switched in, adding snowwarning to impossible abilities
INFO     exeggutor switched in, adding boosterenergy to impossible items
INFO     exeggutor switched in, adding airballoon to impossible items
INFO     
INFO     Turn: 1
INFO     Sampling battle 0
INFO     	      exeggutor      harvest  sitrusberry [calmmind, gigadrain, psychic, substitute] ttype=steel
INFO     Sampling 5 unrevealed pokemon
INFO     	        dedenne   cheekpouch  sitrusberry [dazzlinggleam, superfang, thunderbolt, uturn] ttype=flying
INFO     	       magearna    soulheart    leftovers [flashcannon, fleurcannon, thunderwave, voltswitch] ttype=fairy
INFO     	      vespiquen     pressure heavydutyboots [hurricane, roost, toxic, uturn] ttype=steel
INFO     	        donphan       sturdy    leftovers [earthquake, iceshard, icespinner, stealthrock] ttype=water
INFO     	      garganacl purifyingsalt    leftovers [earthquake, recover, saltcure, stealthrock] ttype=dragon
INFO     Sampling battle 1
INFO     	      exeggutor      harvest  sitrusberry [leechseed, protect, psychicnoise, substitute] ttype=steel
INFO     Sampling 5 unrevealed pokemon
INFO     	        drednaw   shellarmor    whiteherb [earthquake, liquidation, shellsmash, stoneedge] ttype=water
INFO     	       greedent   cheekpouch  sitrusberry [doubleedge, earthquake, knockoff, swordsdance] ttype=ground
INFO     	    sandyshocks protosynthesis heavydutyboots [earthpower, spikes, thunderbolt, voltswitch] ttype=electric
INFO     	enamorustherian     overcoat  assaultvest [earthpower, moonblast, mysticalfire, superpower] ttype=fairy
INFO     	  arcaninehisui     rockhead heavydutyboots [extremespeed, flareblitz, headsmash, morningsun] ttype=grass
INFO     Sampling battle 2
INFO     	      exeggutor      harvest  sitrusberry [calmmind, gigadrain, psychic, substitute] ttype=steel
INFO     Sampling 5 unrevealed pokemon
INFO     	    sandyshocks protosynthesis heavydutyboots [earthpower, spikes, thunderbolt, voltswitch] ttype=electric
INFO     	       miraidon hadronengine  choicespecs [dracometeor, electrodrift, overheat, voltswitch] ttype=electric
INFO     	         furret        frisk      lifeorb [brickbreak, doubleedge, knockoff, tidyup] ttype=ghost
INFO     	      mismagius     levitate    leftovers [nastyplot, shadowball, substitute, thunderbolt] ttype=electric
INFO     	        milotic  competitive    leftovers [haze, icebeam, recover, scald] ttype=dragon
INFO     Sampling battle 3
INFO     	      exeggutor      harvest  sitrusberry [calmmind, gigadrain, psyshock, substitute] ttype=steel
INFO     Sampling 5 unrevealed pokemon
INFO     	     bombirdier     bigpecks heavydutyboots [bravebird, knockoff, roost, stealthrock] ttype=dark
INFO     	     perrserker   toughclaws      lifeorb [closecombat, ironhead, knockoff, stealthrock] ttype=fighting
INFO     	        flapple       hustle     lumberry [dragondance, gravapple, outrage, terablast] ttype=fire
INFO     	      terrakion    justified   choiceband [closecombat, earthquake, quickattack, stoneedge] ttype=fighting
INFO     	        golduck    swiftswim      lifeorb [grassknot, hydropump, icebeam, nastyplot] ttype=grass
INFO     Sampling battle 4
INFO     	      exeggutor      harvest  sitrusberry [leechseed, protect, psychicnoise, substitute] ttype=steel
INFO     Sampling 5 unrevealed pokemon
INFO     	      regieleki   transistor       magnet [rapidspin, terablast, thunderbolt, voltswitch] ttype=ice
INFO     	squawkabillywhite       hustle   choiceband [bravebird, doubleedge, foulplay, quickattack] ttype=normal
INFO     	       leavanny  chlorophyll   loadeddice [bulletseed, knockoff, swordsdance, tripleaxel] ttype=ghost
INFO     	      indeedeef psychicsurge      lifeorb [calmmind, hypervoice, psychic, shadowball] ttype=psychic
INFO     	        diancie    clearbody    leftovers [bodypress, diamondstorm, moonblast, stealthrock] ttype=fighting
INFO     Sampling battle 5
INFO     	      exeggutor      harvest  sitrusberry [leechseed, psychicnoise, sludgebomb, substitute] ttype=steel
INFO     Sampling 5 unrevealed pokemon
INFO     	   moltresgalar      berserk  chestoberry [fierywrath, hurricane, nastyplot, rest] ttype=dark
INFO     	        haxorus  moldbreaker     lumberry [dragondance, earthquake, ironhead, outrage] ttype=steel
INFO     	      kingambit supremeoverlord    leftovers [ironhead, kowtowcleave, suckerpunch, swordsdance] ttype=flying
INFO     	      farigiraf    sapsipper    leftovers [bodyslam, protect, psychicnoise, wish] ttype=water
INFO     	urshifurapidstrike   unseenfist  choicescarf [closecombat, icespinner, surgingstrikes, uturn] ttype=water
INFO     Sampling battle 6
INFO     	      exeggutor      harvest  sitrusberry [leechseed, psychic, sleeppowder, substitute] ttype=steel
INFO     Sampling 5 unrevealed pokemon
INFO     	    deoxysspeed     pressure    leftovers [psychoboost, spikes, stealthrock, taunt] ttype=ghost
INFO     	     toxtricity     punkrock  throatspray [boomburst, gunkshot, overdrive, shiftgear] ttype=normal
INFO     	       lumineon   stormdrain heavydutyboots [encore, hydropump, icebeam, uturn] ttype=ground
INFO     	        volbeat    prankster heavydutyboots [encore, roost, thunderwave, uturn] ttype=water
INFO     	         kyogre      drizzle    leftovers [calmmind, icebeam, originpulse, thunder] ttype=steel
INFO     Sampling battle 7
INFO     	      exeggutor      harvest  sitrusberry [leechseed, psychicnoise, sludgebomb, substitute] ttype=steel
INFO     Sampling 5 unrevealed pokemon
INFO     	         raikou     pressure    leftovers [calmmind, scald, shadowball, thunderbolt] ttype=electric
INFO     	       greedent   cheekpouch  sitrusberry [bodyslam, earthquake, knockoff, swordsdance] ttype=ghost
INFO     	        flapple       hustle     lumberry [dragondance, gravapple, outrage, suckerpunch] ttype=dragon
INFO     	         regice    clearbody heavydutyboots [icebeam, rest, sleeptalk, thunderbolt] ttype=electric
INFO     	        ambipom   technician   choiceband [doubleedge, knockoff, tripleaxel, uturn] ttype=ice
INFO     Searching for a move using PUCT MCTS with neural priors...
INFO     Sampling 8 battles at 250ms each
INFO     Computing neural priors for all battles...
INFO     Initialized StateTranslator with TeamPreviewObservationSpace
INFO     Initializing LocalPolicyProvider with model: Minikazam
INFO     Loading pretrained Minikazam model...


 		 AMAGO v3.1
            	 -------------------------
            	 Agent: Agent
            		 Max Sequence Length: 64
            		 TstepEncoder Type: MetamonPerceiverTstepEncoder
            		 TrajEncoder Type: GRUTrajEncoder
            		 Total Parameters: 4,761,778
            		 Offline Loss Weight: 1.0
            		 Online Loss Weight: 0.0
            		 Mixed Precision: NO
            		 Checkpoint Path: /Users/yadureddy/Documents/GitHub/clean/pokeagent_ac_mcts/.metamon_cache/pretrained_models/models--jakegrigsby--metamon/snapshots/c5d1cb9abb6747066a325228845a5a8af3d12139/minikazam/minikazam/ckpts
            	 Environment:
            		 DummyAsyncVectorEnv(Gym Env x 1)
            		 Exploration Type: None
            	 Dataset: DoNothingDataset
            	 Accelerate Processes: 1 


INFO     Successfully loaded Minikazam model
ERROR    Error translating battle to observation: 
WARNING  Failed to get priors for battle: 
ERROR    Error translating battle to observation: 
WARNING  Failed to get priors for battle: 
ERROR    Error translating battle to observation: 
WARNING  Failed to get priors for battle: 
ERROR    Error translating battle to observation: 
WARNING  Failed to get priors for battle: 
ERROR    Error translating battle to observation: 
WARNING  Failed to get priors for battle: 
ERROR    Error translating battle to observation: 
WARNING  Failed to get priors for battle: 
ERROR    Error translating battle to observation: 
WARNING  Failed to get priors for battle: 
ERROR    Error translating battle to observation: 
WARNING  Failed to get priors for battle: 
INFO     Successfully computed neural priors for 0/8 battles
INFO     Using PUCT-guided move selection (priors integrated during search)...
INFO     Policy 0: switch archaludon visited 34.14% avg_score=0.479 sample_chance_multiplier=0.125
INFO     Policy 1: heatcrash visited 87.47% avg_score=0.496 sample_chance_multiplier=0.125
INFO     Policy 2: switch lokix visited 42.81% avg_score=0.495 sample_chance_multiplier=0.125
INFO     Policy 3: switch azelf visited 74.15% avg_score=0.505 sample_chance_multiplier=0.125
INFO     Policy 4: heatcrash visited 92.36% avg_score=0.568 sample_chance_multiplier=0.125
INFO     Policy 5: heatcrash visited 40.99% avg_score=0.518 sample_chance_multiplier=0.125
INFO     Policy 6: switch trevenant visited 92.24% avg_score=0.566 sample_chance_multiplier=0.125
INFO     Policy 7: heatcrash visited 94.83% avg_score=0.599 sample_chance_multiplier=0.125
INFO     Considered Choices:
INFO     	40.748%: heatcrash
INFO     Choice: heatcrash
INFO     Updated exeggutor's max speed to 179
INFO     stonjourner already has the move heatcrash. Decrementing the PP by 1
INFO     stonjourner used a fire move, removing firegem from possible items
INFO     Setting stonjourner's last used move: heatcrash
INFO     stonjourner used a damaging move - not guessing lifeorb anymore
INFO     stonjourner did 82.0% damage to exeggutor with heatcrash
INFO     Removing exeggutor's item: sitrusberry
INFO     Setting exeggutor's removed item to sitrusberry
INFO     Setting stonjourner's item to: lifeorb
INFO     exeggutor used a psychic move, removing psychicgem from possible items
INFO     Setting exeggutor's last used move: psychic
INFO     exeggutor used a damaging move - not guessing lifeorb anymore
INFO     exeggutor did 86.67% damage to stonjourner with psychic
INFO     exeggutor has less than maxhp during upkeep, no longer guessing leftovers or blacksludge
INFO     
INFO     Turn: 2
INFO     Sampling battle 0
INFO     	      exeggutor      harvest         None [leechseed, psychic, sleeppowder, substitute] ttype=steel
INFO     Sampling 5 unrevealed pokemon
INFO     	      amoonguss  regenerator  rockyhelmet [gigadrain, sludgebomb, spore, toxic] ttype=water
INFO     	    raichualola  surgesurfer  choicespecs [grassknot, psychic, surf, thunderbolt] ttype=grass
INFO     	       mienshao     reckless   choiceband [highjumpkick, knockoff, poisonjab, stoneedge] ttype=fighting
INFO     	        zoroark     illusion  choicespecs [darkpulse, flamethrower, psychic, sludgebomb] ttype=poison
INFO     	     grimmsnarl    prankster    leftovers [partingshot, spiritbreak, suckerpunch, taunt] ttype=steel
INFO     Sampling battle 1
INFO     	      exeggutor      harvest         None [leechseed, psychic, sludgebomb, substitute] ttype=steel
INFO     Sampling 5 unrevealed pokemon
INFO     	        heatran    flashfire   airballoon [earthpower, flashcannon, magmastorm, stealthrock] ttype=flying
INFO     	       ampharos       static  assaultvest [dazzlinggleam, dragontail, thunderbolt, voltswitch] ttype=fairy
INFO     	  arceuspsychic    multitype    mindplate [bodypress, cosmicpower, recover, storedpower] ttype=steel
INFO     	      primarina  liquidvoice    leftovers [calmmind, drainingkiss, moonblast, psychicnoise] ttype=fairy
INFO     	       torterra     overgrow   loadeddice [bulletseed, headlongrush, rockblast, shellsmash] ttype=ground
INFO     Sampling battle 2
INFO     	      exeggutor      harvest         None [calmmind, gigadrain, psychic, substitute] ttype=steel
INFO     Sampling 5 unrevealed pokemon
INFO     	     misdreavus     levitate     eviolite [calmmind, drainingkiss, shadowball, willowisp] ttype=fairy
INFO     	      magnezone     analytic    leftovers [bodypress, discharge, flashcannon, irondefense] ttype=fighting
INFO     	  braviaryhisui   sheerforce      lifeorb [agility, heatwave, hurricane, psychic] ttype=steel
INFO     	      rhyperior    solidrock   choiceband [earthquake, icepunch, megahorn, stoneedge] ttype=grass
INFO     	        beartic    swiftswim heavydutyboots [aquajet, earthquake, iciclecrash, swordsdance] ttype=ground
INFO     Sampling battle 3
INFO     	      exeggutor      harvest         None [leechseed, psychic, sludgebomb, substitute] ttype=steel
INFO     Sampling 5 unrevealed pokemon
INFO     	      rillaboom  grassysurge      lifeorb [grassyglide, knockoff, swordsdance, woodhammer] ttype=grass
INFO     	        snorlax     thickfat    leftovers [bodyslam, crunch, curse, earthquake] ttype=poison
INFO     	        ariados     insomnia heavydutyboots [megahorn, poisonjab, stickyweb, toxicspikes] ttype=ghost
INFO     	       granbull   intimidate    leftovers [earthquake, playrough, roar, thunderwave] ttype=ground
INFO     	       smeargle     owntempo    focussash [ceaselessedge, spore, stealthrock, whirlwind] ttype=ghost
INFO     Searching for a move using PUCT MCTS with neural priors...
INFO     Sampling 4 battles at 500ms each
INFO     Computing neural priors for all battles...
INFO     Initialized StateTranslator with TeamPreviewObservationSpace
INFO     Initializing LocalPolicyProvider with model: Minikazam
INFO     Loading pretrained Minikazam model...


 		 AMAGO v3.1
            	 -------------------------
            	 Agent: Agent
            		 Max Sequence Length: 64
            		 TstepEncoder Type: MetamonPerceiverTstepEncoder
            		 TrajEncoder Type: GRUTrajEncoder
            		 Total Parameters: 4,761,778
            		 Offline Loss Weight: 1.0
            		 Online Loss Weight: 0.0
            		 Mixed Precision: NO
            		 Checkpoint Path: /Users/yadureddy/Documents/GitHub/clean/pokeagent_ac_mcts/.metamon_cache/pretrained_models/models--jakegrigsby--metamon/snapshots/c5d1cb9abb6747066a325228845a5a8af3d12139/minikazam/minikazam/ckpts
            	 Environment:
            		 DummyAsyncVectorEnv(Gym Env x 1)
            		 Exploration Type: None
            	 Dataset: DoNothingDataset
            	 Accelerate Processes: 1 


INFO     Successfully loaded Minikazam model
ERROR    Error translating battle to observation: 
WARNING  Failed to get priors for battle: 
ERROR    Error translating battle to observation: 
WARNING  Failed to get priors for battle: 
ERROR    Error translating battle to observation: 
WARNING  Failed to get priors for battle: 
ERROR    Error translating battle to observation: 
WARNING  Failed to get priors for battle: 
INFO     Successfully computed neural priors for 0/4 battles
INFO     Using PUCT-guided move selection (priors integrated during search)...
INFO     Policy 0: heatcrash visited 95.9% avg_score=0.564 sample_chance_multiplier=0.25
INFO     Policy 1: stoneedge visited 78.72% avg_score=0.492 sample_chance_multiplier=0.25
INFO     Policy 2: earthquake visited 36.65% avg_score=0.485 sample_chance_multiplier=0.25
INFO     Policy 3: stoneedge visited 98.53% avg_score=0.612 sample_chance_multiplier=0.25
INFO     Considered Choices:
INFO     	51.165%: stoneedge
INFO     Choice: stoneedge
INFO     Opponent has switched - clearing the last used move
INFO     palossand switched in, adding intimidate to impossible abilities
INFO     palossand switched in, adding pressure to impossible abilities
INFO     palossand switched in, adding neutralizinggas to impossible abilities
INFO     palossand switched in, adding sandstream to impossible abilities
INFO     palossand switched in, adding drought to impossible abilities
INFO     palossand switched in, adding drizzle to impossible abilities
INFO     palossand switched in, adding snowwarning to impossible abilities
INFO     palossand switched in, adding boosterenergy to impossible items
INFO     palossand switched in, adding airballoon to impossible items
INFO     stonjourner already has the move stoneedge. Decrementing the PP by 1
INFO     stonjourner used a rock move, removing rockgem from possible items
INFO     Setting stonjourner's last used move: stoneedge
INFO     stonjourner used a damaging move - not guessing lifeorb anymore
INFO     stonjourner did 26.0% damage to palossand with stoneedge
INFO     Setting stonjourner's item to: lifeorb
INFO     Setting palossand's item to: leftovers
INFO     palossand has less than maxhp during upkeep, no longer guessing leftovers or blacksludge
INFO     Sampling battle 0
INFO     	      palossand watercompaction    leftovers [earthpower, shadowball, shoreup, stealthrock] ttype=poison
INFO     	      exeggutor      harvest         None [leechseed, psychic, sludgebomb, substitute] ttype=steel
INFO     Sampling 4 unrevealed pokemon
INFO     	        palafin   zerotohero    leftovers [bulkup, drainpunch, jetpunch, wavecrash] ttype=dragon
INFO     	         swanna    hydration heavydutyboots [bravebird, defog, hydropump, roost] ttype=ground
INFO     	        haxorus  moldbreaker     lumberry [closecombat, dragondance, ironhead, outrage] ttype=steel
INFO     	       vigoroth  vitalspirit     eviolite [bodyslam, bulkup, earthquake, slackoff] ttype=ground
INFO     Sampling battle 1
INFO     	      palossand watercompaction    leftovers [earthpower, shadowball, shoreup, sludgebomb] ttype=poison
INFO     	      exeggutor      harvest         None [calmmind, gigadrain, psychic, substitute] ttype=steel
INFO     Sampling 4 unrevealed pokemon
INFO     	       lycanroc     sandrush      lifeorb [closecombat, stealthrock, stoneedge, taunt] ttype=fighting
INFO     	         eiscue      iceface  sitrusberry [bellydrum, icespinner, ironhead, liquidation] ttype=water
INFO     	     wigglytuff  competitive    leftovers [alluringvoice, knockoff, protect, wish] ttype=steel
INFO     	     archaludon      stamina  assaultvest [bodypress, dracometeor, flashcannon, thunderbolt] ttype=fighting
INFO     Sampling battle 2
INFO     	      palossand watercompaction    leftovers [earthpower, shadowball, shoreup, stealthrock] ttype=poison
INFO     	      exeggutor      harvest         None [calmmind, gigadrain, psychic, substitute] ttype=steel
INFO     Sampling 4 unrevealed pokemon
INFO     	         goodra    sapsipper  assaultvest [dracometeor, powerwhip, scald, sludgebomb] ttype=steel
INFO     	 arceuselectric    multitype     zapplate [calmmind, icebeam, judgment, recover] ttype=electric
INFO     	   persianalola      furcoat      lifeorb [darkpulse, nastyplot, powergem, thunderbolt] ttype=electric
INFO     	         kyogre      drizzle    leftovers [calmmind, icebeam, originpulse, thunder] ttype=steel
INFO     Sampling battle 3
INFO     	      palossand watercompaction    leftovers [earthpower, shadowball, shoreup, sludgebomb] ttype=water
INFO     	      exeggutor      harvest         None [calmmind, gigadrain, psychic, substitute] ttype=steel
INFO     Sampling 4 unrevealed pokemon
INFO     	       rayquaza      airlock heavydutyboots [dragonascent, earthquake, extremespeed, swordsdance] ttype=normal
INFO     	   slowbrogalar  regenerator  assaultvest [earthquake, foulplay, psychic, shellsidearm] ttype=poison
INFO     	     scovillain  chlorophyll    leftovers [flamethrower, leechseed, protect, substitute] ttype=steel
INFO     	       tinkaton  moldbreaker    leftovers [gigatonhammer, playrough, protect, swordsdance] ttype=steel
INFO     Sampling battle 4
INFO     	      palossand watercompaction    leftovers [earthpower, shadowball, shoreup, sludgebomb] ttype=water
INFO     	      exeggutor      harvest         None [calmmind, gigadrain, psychic, substitute] ttype=steel
INFO     Sampling 4 unrevealed pokemon
INFO     	necrozmaduskmane   prismarmor weaknesspolicy [dragondance, earthquake, photongeyser, sunsteelstrike] ttype=steel
INFO     	        shaymin  naturalcure    leftovers [airslash, earthpower, seedflare, synthesis] ttype=ground
INFO     	        sableye    prankster    leftovers [encore, knockoff, recover, thunderwave] ttype=poison
INFO     	       alcremie    aromaveil    leftovers [acidarmor, calmmind, dazzlinggleam, recover] ttype=steel
INFO     Sampling battle 5
INFO     	      palossand watercompaction    leftovers [earthpower, shadowball, shoreup, sludgebomb] ttype=water
INFO     	      exeggutor      harvest         None [leechseed, psychic, sludgebomb, substitute] ttype=steel
INFO     Sampling 4 unrevealed pokemon
INFO     	    arceuswater    multitype  splashplate [icebeam, judgment, recover, willowisp] ttype=steel
INFO     	        golduck    cloudnine    leftovers [encore, grassknot, hydropump, nastyplot] ttype=water
INFO     	     chandelure    flashfire heavydutyboots [calmmind, energyball, fireblast, shadowball] ttype=grass
INFO     	      dragonite   multiscale heavydutyboots [dragondance, earthquake, ironhead, outrage] ttype=steel
INFO     Sampling battle 6
INFO     	      palossand watercompaction    leftovers [earthpower, shadowball, shoreup, stealthrock] ttype=water
INFO     	      exeggutor      harvest         None [calmmind, gigadrain, psychic, substitute] ttype=steel
INFO     Sampling 4 unrevealed pokemon
INFO     	       vikavolt     levitate heavydutyboots [bugbuzz, energyball, stickyweb, thunderbolt] ttype=electric
INFO     	            muk  poisontouch  assaultvest [drainpunch, gunkshot, knockoff, shadowsneak] ttype=dark
INFO     	       venusaur  chlorophyll    leftovers [earthpower, energyball, sludgebomb, synthesis] ttype=steel
INFO     	       dachsbun wellbakedbody    leftovers [bodypress, playrough, protect, wish] ttype=steel
INFO     Sampling battle 7
INFO     	      palossand watercompaction    leftovers [earthpower, shadowball, shoreup, sludgebomb] ttype=poison
INFO     	      exeggutor      harvest         None [calmmind, gigadrain, psychic, substitute] ttype=steel
INFO     Sampling 4 unrevealed pokemon
INFO     	         raikou     pressure  choicespecs [scald, shadowball, thunderbolt, voltswitch] ttype=electric
INFO     	     eelektross     levitate  assaultvest [discharge, dragontail, flamethrower, uturn] ttype=steel
INFO     	     kricketune   technician    focussash [knockoff, pounce, stickyweb, taunt] ttype=ghost
INFO     	    zapdosgalar      defiant  choicescarf [bravebird, closecombat, knockoff, uturn] ttype=fighting
INFO     Searching for a move using PUCT MCTS with neural priors...
INFO     Sampling 8 battles at 250ms each
INFO     Computing neural priors for all battles...
INFO     Initialized StateTranslator with TeamPreviewObservationSpace
INFO     Initializing LocalPolicyProvider with model: Minikazam
INFO     Loading pretrained Minikazam model...


 		 AMAGO v3.1
            	 -------------------------
            	 Agent: Agent
            		 Max Sequence Length: 64
            		 TstepEncoder Type: MetamonPerceiverTstepEncoder
            		 TrajEncoder Type: GRUTrajEncoder
            		 Total Parameters: 4,761,778
            		 Offline Loss Weight: 1.0
            		 Online Loss Weight: 0.0
            		 Mixed Precision: NO
            		 Checkpoint Path: /Users/yadureddy/Documents/GitHub/clean/pokeagent_ac_mcts/.metamon_cache/pretrained_models/models--jakegrigsby--metamon/snapshots/c5d1cb9abb6747066a325228845a5a8af3d12139/minikazam/minikazam/ckpts
            	 Environment:
            		 DummyAsyncVectorEnv(Gym Env x 1)
            		 Exploration Type: None
            	 Dataset: DoNothingDataset
            	 Accelerate Processes: 1 


INFO     Successfully loaded Minikazam model
ERROR    Error translating battle to observation: 
WARNING  Failed to get priors for battle: 
ERROR    Error translating battle to observation: 
WARNING  Failed to get priors for battle: 
ERROR    Error translating battle to observation: 
WARNING  Failed to get priors for battle: 
ERROR    Error translating battle to observation: 
WARNING  Failed to get priors for battle: 
ERROR    Error translating battle to observation: 
WARNING  Failed to get priors for battle: 
ERROR    Error translating battle to observation: 
WARNING  Failed to get priors for battle: 
ERROR    Error translating battle to observation: 
WARNING  Failed to get priors for battle: 
ERROR    Error translating battle to observation: 
WARNING  Failed to get priors for battle: 
INFO     Successfully computed neural priors for 0/8 battles
INFO     Using PUCT-guided move selection (priors integrated during search)...
INFO     Policy 0: switch trevenant visited 97.74% avg_score=0.521 sample_chance_multiplier=0.125
INFO     Policy 1: switch trevenant visited 97.7% avg_score=0.505 sample_chance_multiplier=0.125
INFO     Policy 2: switch trevenant visited 97.1% avg_score=0.502 sample_chance_multiplier=0.125
INFO     Policy 3: switch trevenant visited 97.36% avg_score=0.49 sample_chance_multiplier=0.125
INFO     Policy 4: switch trevenant visited 97.44% avg_score=0.503 sample_chance_multiplier=0.125
INFO     Policy 5: switch trevenant visited 97.48% avg_score=0.497 sample_chance_multiplier=0.125
INFO     Policy 6: switch trevenant visited 97.71% avg_score=0.489 sample_chance_multiplier=0.125
INFO     Policy 7: switch trevenant visited 87.09% avg_score=0.431 sample_chance_multiplier=0.125
INFO     Considered Choices:
INFO     	96.203%: switch trevenant
INFO     Choice: switch trevenant
INFO     trevenant switched in, adding intimidate to impossible abilities
INFO     trevenant switched in, adding pressure to impossible abilities
INFO     trevenant switched in, adding neutralizinggas to impossible abilities
INFO     trevenant switched in, adding sandstream to impossible abilities
INFO     trevenant switched in, adding drought to impossible abilities
INFO     trevenant switched in, adding drizzle to impossible abilities
INFO     trevenant switched in, adding snowwarning to impossible abilities
INFO     trevenant switched in, adding boosterenergy to impossible items
INFO     trevenant switched in, adding airballoon to impossible items
INFO     
INFO     Turn: 3
INFO     Sampling battle 0
INFO     	      palossand watercompaction    leftovers [earthpower, shadowball, shoreup, stealthrock] ttype=poison
INFO     	      exeggutor      harvest         None [calmmind, gigadrain, psychic, substitute] ttype=steel
INFO     Sampling 4 unrevealed pokemon
INFO     	      registeel    clearbody  chestoberry [bodypress, irondefense, ironhead, rest] ttype=fighting
INFO     	       camerupt    solidrock    leftovers [earthquake, overheat, stealthrock, willowisp] ttype=water
INFO     	      pachirisu   voltabsorb  assaultvest [nuzzle, superfang, thunderbolt, uturn] ttype=flying
INFO     	       clefable   magicguard      lifeorb [knockoff, moonblast, moonlight, thunderwave] ttype=steel
INFO     Sampling battle 1
INFO     	      palossand watercompaction    leftovers [earthpower, shadowball, shoreup, stealthrock] ttype=poison
INFO     	      exeggutor      harvest         None [leechseed, psychic, sleeppowder, substitute] ttype=steel
INFO     Sampling 4 unrevealed pokemon
INFO     	  braviaryhisui   tintedlens  choicespecs [esperwing, hurricane, uturn, vacuumwave] ttype=fighting
INFO     	      passimian      defiant   choiceband [closecombat, knockoff, rockslide, uturn] ttype=fighting
INFO     	     toxtricity     punkrock  choicescarf [boomburst, overdrive, sludgewave, voltswitch] ttype=normal
INFO     	      pachirisu   voltabsorb  assaultvest [nuzzle, superfang, thunderbolt, uturn] ttype=flying
INFO     Sampling battle 2
INFO     	      palossand watercompaction    leftovers [earthpower, shadowball, shoreup, sludgebomb] ttype=water
INFO     	      exeggutor      harvest         None [calmmind, gigadrain, psychic, substitute] ttype=steel
INFO     Sampling 4 unrevealed pokemon
INFO     	 lilliganthisui       hustle      lifeorb [closecombat, leafblade, sleeppowder, victorydance] ttype=fighting
INFO     	         lapras  waterabsorb heavydutyboots [freezedry, rest, sleeptalk, sparklingaria] ttype=poison
INFO     	      reuniclus   magicguard      lifeorb [calmmind, focusblast, psyshock, recover] ttype=steel
INFO     	     feraligatr   sheerforce      lifeorb [crunch, dragondance, icepunch, liquidation] ttype=steel
INFO     Sampling battle 3
INFO     	      palossand watercompaction    leftovers [earthpower, shadowball, shoreup, sludgebomb] ttype=poison
INFO     	      exeggutor      harvest         None [leechseed, psychic, sludgebomb, substitute] ttype=steel
INFO     Sampling 4 unrevealed pokemon
INFO     	      cryogonal     levitate heavydutyboots [flashcannon, freezedry, haze, recover] ttype=poison
INFO     	      dragapult   cursedbody heavydutyboots [dragondarts, hex, uturn, willowisp] ttype=dragon
INFO     	       politoed      drizzle    leftovers [haze, hydropump, hypnosis, icebeam] ttype=steel
INFO     	      volcanion  waterabsorb  assaultvest [flamecharge, flamethrower, sludgebomb, steameruption] ttype=fire
INFO     Sampling battle 4
INFO     	      palossand watercompaction    leftovers [earthpower, shadowball, shoreup, sludgebomb] ttype=poison
INFO     	      exeggutor      harvest         None [calmmind, gigadrain, psychic, substitute] ttype=steel
INFO     Sampling 4 unrevealed pokemon
INFO     	     toxtricity     punkrock  choicescarf [boomburst, overdrive, sludgewave, voltswitch] ttype=normal
INFO     	   greninjabond   battlebond      lifeorb [darkpulse, gunkshot, hydropump, icebeam] ttype=water
INFO     	     archaludon      stamina  assaultvest [bodypress, dracometeor, flashcannon, thunderbolt] ttype=fighting
INFO     	    arceussteel    multitype    ironplate [earthquake, judgment, recover, willowisp] ttype=ghost
INFO     Sampling battle 5
INFO     	      palossand watercompaction    leftovers [earthpower, shadowball, shoreup, stealthrock] ttype=water
INFO     	      exeggutor      harvest         None [leechseed, psychic, sleeppowder, substitute] ttype=steel
INFO     Sampling 4 unrevealed pokemon
INFO     	      toucannon      keeneye heavydutyboots [beakblast, boomburst, roost, uturn] ttype=steel
INFO     	      electrode   soundproof      lifeorb [explosion, foulplay, thunderbolt, thunderwave] ttype=electric
INFO     	          rotom     levitate  choicescarf [shadowball, thunderbolt, trick, voltswitch] ttype=electric
INFO     	        persian   technician    silkscarf [doubleedge, fakeout, knockoff, uturn] ttype=normal
INFO     Sampling battle 6
INFO     	      palossand watercompaction    leftovers [earthpower, shadowball, shoreup, stealthrock] ttype=water
INFO     	      exeggutor      harvest         None [calmmind, gigadrain, psychic, substitute] ttype=steel
INFO     Sampling 4 unrevealed pokemon
INFO     	      dragonite   multiscale heavydutyboots [dragondance, earthquake, outrage, roost] ttype=steel
INFO     	   lycanrocdusk   toughclaws   choiceband [accelerock, closecombat, psychicfangs, stoneedge] ttype=fighting
INFO     	     arceusrock    multitype   stoneplate [calmmind, earthpower, judgment, recover] ttype=ground
INFO     	   arceuspoison    multitype   toxicplate [dragondance, earthquake, flareblitz, gunkshot] ttype=ground
INFO     Sampling battle 7
INFO     	      palossand watercompaction    leftovers [earthpower, shadowball, shoreup, sludgebomb] ttype=poison
INFO     	      exeggutor      harvest         None [calmmind, gigadrain, psychic, substitute] ttype=steel
INFO     Sampling 4 unrevealed pokemon
INFO     	        suicune     pressure    leftovers [calmmind, icebeam, scald, substitute] ttype=steel
INFO     	      indeedeef psychicsurge  choicespecs [dazzlinggleam, hypervoice, psychic, shadowball] ttype=psychic
INFO     	      araquanid  waterbubble heavydutyboots [hydropump, leechlife, liquidation, stickyweb] ttype=ground
INFO     	      dragonite   multiscale heavydutyboots [dragondance, earthquake, outrage, terablast] ttype=flying
INFO     Searching for a move using PUCT MCTS with neural priors...
INFO     Sampling 8 battles at 250ms each
INFO     Computing neural priors for all battles...
INFO     Initialized StateTranslator with TeamPreviewObservationSpace
INFO     Initializing LocalPolicyProvider with model: Minikazam
INFO     Loading pretrained Minikazam model...


 		 AMAGO v3.1
            	 -------------------------
            	 Agent: Agent
            		 Max Sequence Length: 64
            		 TstepEncoder Type: MetamonPerceiverTstepEncoder
            		 TrajEncoder Type: GRUTrajEncoder
            		 Total Parameters: 4,761,778
            		 Offline Loss Weight: 1.0
            		 Online Loss Weight: 0.0
            		 Mixed Precision: NO
            		 Checkpoint Path: /Users/yadureddy/Documents/GitHub/clean/pokeagent_ac_mcts/.metamon_cache/pretrained_models/models--jakegrigsby--metamon/snapshots/c5d1cb9abb6747066a325228845a5a8af3d12139/minikazam/minikazam/ckpts
            	 Environment:
            		 DummyAsyncVectorEnv(Gym Env x 1)
            		 Exploration Type: None
            	 Dataset: DoNothingDataset
            	 Accelerate Processes: 1 


INFO     Successfully loaded Minikazam model
ERROR    Error translating battle to observation: 
WARNING  Failed to get priors for battle: 
ERROR    Error translating battle to observation: 
WARNING  Failed to get priors for battle: 
ERROR    Error translating battle to observation: 
WARNING  Failed to get priors for battle: 
ERROR    Error translating battle to observation: 
WARNING  Failed to get priors for battle: 
ERROR    Error translating battle to observation: 
WARNING  Failed to get priors for battle: 
ERROR    Error translating battle to observation: 
WARNING  Failed to get priors for battle: 
ERROR    Error translating battle to observation: 
WARNING  Failed to get priors for battle: 
ERROR    Error translating battle to observation: 
WARNING  Failed to get priors for battle: 
INFO     Successfully computed neural priors for 0/8 battles
INFO     Using PUCT-guided move selection (priors integrated during search)...
INFO     Policy 0: poltergeist visited 34.19% avg_score=0.522 sample_chance_multiplier=0.125
INFO     Policy 1: willowisp visited 41.19% avg_score=0.508 sample_chance_multiplier=0.125
INFO     Policy 2: willowisp visited 52.33% avg_score=0.527 sample_chance_multiplier=0.125
INFO     Policy 3: willowisp visited 47.87% avg_score=0.495 sample_chance_multiplier=0.125
INFO     Policy 4: willowisp visited 51.65% avg_score=0.517 sample_chance_multiplier=0.125
INFO     Policy 5: willowisp visited 38.67% avg_score=0.513 sample_chance_multiplier=0.125
INFO     Policy 6: hornleech visited 53.34% avg_score=0.512 sample_chance_multiplier=0.125
INFO     Policy 7: willowisp visited 37.77% avg_score=0.489 sample_chance_multiplier=0.125
INFO     Considered Choices:
INFO     	39.961%: willowisp
INFO     	30.865%: hornleech
INFO     Choice: willowisp
INFO     Opponent has switched - clearing the last used move
INFO     trevenant already has the move willowisp. Decrementing the PP by 1
INFO     trevenant used a status-move. Adding `assaultvest` to impossible items
INFO     Setting trevenant's last used move: willowisp
INFO     exeggutor got status: brn
INFO     No longer guessing lumberry because exeggutor got status brn
INFO     Setting exeggutor's item to sitrusberry
INFO     exeggutor has less than maxhp during upkeep, no longer guessing leftovers or blacksludge
INFO     Removing exeggutor's item: sitrusberry
INFO     
INFO     Turn: 4
INFO     Sampling battle 0
INFO     	      exeggutor      harvest         None [leechseed, psychic, sludgebomb, substitute] ttype=steel
INFO     	      palossand watercompaction    leftovers [earthpower, shadowball, shoreup, stealthrock] ttype=water
INFO     Sampling 4 unrevealed pokemon
INFO     	taurospaldeacombat   intimidate   choiceband [closecombat, earthquake, stoneedge, throatchop] ttype=dark
INFO     	      tyranitar   sandstream  assaultvest [dragontail, icebeam, knockoff, stoneedge] ttype=ghost
INFO     	 keldeoresolute    justified  choicespecs [airslash, hydropump, secretsword, vacuumwave] ttype=fighting
INFO     	         zacian intrepidsword   choiceband [closecombat, playrough, psychicfangs, wildcharge] ttype=fighting
INFO     Sampling battle 1
INFO     	      exeggutor      harvest         None [calmmind, gigadrain, psychic, substitute] ttype=steel
INFO     	      palossand watercompaction    leftovers [earthpower, shadowball, shoreup, sludgebomb] ttype=poison
INFO     Sampling 4 unrevealed pokemon
INFO     	        bisharp      defiant     eviolite [ironhead, suckerpunch, swordsdance, throatchop] ttype=ghost
INFO     	       tsareena queenlymajesty  choicescarf [highjumpkick, knockoff, powerwhip, uturn] ttype=steel
INFO     	       camerupt    solidrock    leftovers [earthquake, overheat, roar, willowisp] ttype=water
INFO     	        bruxish    strongjaw  choicescarf [flipturn, icefang, psychicfangs, wavecrash] ttype=psychic
INFO     Sampling battle 2
INFO     	      exeggutor      harvest         None [calmmind, gigadrain, psychic, substitute] ttype=steel
INFO     	      palossand watercompaction    leftovers [earthpower, shadowball, shoreup, stealthrock] ttype=water
INFO     Sampling 4 unrevealed pokemon
INFO     	      heracross        moxie  choicescarf [closecombat, earthquake, knockoff, megahorn] ttype=bug
INFO     	      hippowdon   sandstream    leftovers [earthquake, slackoff, stoneedge, whirlwind] ttype=dragon
INFO     	          azelf     levitate  assaultvest [explosion, fireblast, knockoff, psychic] ttype=fire
INFO     	          chiyu  beadsofruin heavydutyboots [darkpulse, fireblast, nastyplot, willowisp] ttype=fire
INFO     Sampling battle 3
INFO     	      exeggutor      harvest         None [leechseed, psychic, sludgebomb, substitute] ttype=steel
INFO     	      palossand watercompaction    leftovers [earthpower, shadowball, shoreup, stealthrock] ttype=water
INFO     Sampling 4 unrevealed pokemon
INFO     	      revavroom       filter      lifeorb [gunkshot, highhorsepower, ironhead, shiftgear] ttype=ground
INFO     	         lunala shadowshield    leftovers [calmmind, focusblast, moongeistbeam, moonlight] ttype=fighting
INFO     	      pachirisu   voltabsorb heavydutyboots [discharge, encore, superfang, uturn] ttype=flying
INFO     	     masquerain   intimidate heavydutyboots [bugbuzz, hurricane, hydropump, stickyweb] ttype=ground
INFO     Searching for a move using PUCT MCTS with neural priors...
INFO     Sampling 4 battles at 500ms each
INFO     Computing neural priors for all battles...
INFO     Initialized StateTranslator with TeamPreviewObservationSpace
INFO     Initializing LocalPolicyProvider with model: Minikazam
INFO     Loading pretrained Minikazam model...


 		 AMAGO v3.1
            	 -------------------------
            	 Agent: Agent
            		 Max Sequence Length: 64
            		 TstepEncoder Type: MetamonPerceiverTstepEncoder
            		 TrajEncoder Type: GRUTrajEncoder
            		 Total Parameters: 4,761,778
            		 Offline Loss Weight: 1.0
            		 Online Loss Weight: 0.0
            		 Mixed Precision: NO
            		 Checkpoint Path: /Users/yadureddy/Documents/GitHub/clean/pokeagent_ac_mcts/.metamon_cache/pretrained_models/models--jakegrigsby--metamon/snapshots/c5d1cb9abb6747066a325228845a5a8af3d12139/minikazam/minikazam/ckpts
            	 Environment:
            		 DummyAsyncVectorEnv(Gym Env x 1)
            		 Exploration Type: None
            	 Dataset: DoNothingDataset
            	 Accelerate Processes: 1 


INFO     Successfully loaded Minikazam model
ERROR    Error translating battle to observation: 
WARNING  Failed to get priors for battle: 
ERROR    Error translating battle to observation: 
WARNING  Failed to get priors for battle: 
ERROR    Error translating battle to observation: 
WARNING  Failed to get priors for battle: 
ERROR    Error translating battle to observation: 
WARNING  Failed to get priors for battle: 
INFO     Successfully computed neural priors for 0/4 battles
INFO     Using PUCT-guided move selection (priors integrated during search)...
INFO     Policy 0: switch azelf visited 42.95% avg_score=0.473 sample_chance_multiplier=0.25
INFO     Policy 1: switch azelf visited 44.41% avg_score=0.503 sample_chance_multiplier=0.25
INFO     Policy 2: switch lokix visited 63.27% avg_score=0.474 sample_chance_multiplier=0.25
INFO     Policy 3: switch azelf visited 57.14% avg_score=0.417 sample_chance_multiplier=0.25
INFO     Considered Choices:
INFO     	40.025%: switch azelf
INFO     Choice: switch azelf
INFO     azelf switched in, adding intimidate to impossible abilities
INFO     azelf switched in, adding pressure to impossible abilities
INFO     azelf switched in, adding neutralizinggas to impossible abilities
INFO     azelf switched in, adding sandstream to impossible abilities
INFO     azelf switched in, adding drought to impossible abilities
INFO     azelf switched in, adding drizzle to impossible abilities
INFO     azelf switched in, adding snowwarning to impossible abilities
INFO     azelf switched in, adding boosterenergy to impossible items
INFO     azelf switched in, adding airballoon to impossible items
INFO     exeggutor already has the move psychic. Decrementing the PP by 1
INFO     exeggutor used a psychic move, removing psychicgem from possible items
INFO     Setting exeggutor's last used move: psychic
INFO     exeggutor used a damaging move - not guessing lifeorb anymore
INFO     exeggutor did 18.68% damage to azelf with psychic
INFO     exeggutor has less than maxhp during upkeep, no longer guessing leftovers or blacksludge
INFO     
INFO     Turn: 5
INFO     Sampling battle 0
INFO     	      exeggutor      harvest         None [calmmind, gigadrain, psychic, substitute] ttype=steel
INFO     	      palossand watercompaction    leftovers [earthpower, shadowball, shoreup, stealthrock] ttype=poison
INFO     Sampling 4 unrevealed pokemon
INFO     	       lurantis     contrary    leftovers [knockoff, leafstorm, superpower, synthesis] ttype=fighting
INFO     	        dedenne   cheekpouch  sitrusberry [dazzlinggleam, nuzzle, superfang, thunderbolt] ttype=flying
INFO     	      regigigas    slowstart    leftovers [bodyslam, knockoff, rest, sleeptalk] ttype=ghost
INFO     	      rampardos   sheerforce      lifeorb [earthquake, firepunch, rockslide, zenheadbutt] ttype=fire
INFO     Sampling battle 1
INFO     	      exeggutor      harvest         None [calmmind, gigadrain, psychic, substitute] ttype=steel
INFO     	      palossand watercompaction    leftovers [earthpower, shadowball, shoreup, sludgebomb] ttype=poison
INFO     Sampling 4 unrevealed pokemon
INFO     	          arbok   intimidate    focussash [earthquake, gunkshot, suckerpunch, toxicspikes] ttype=ground
INFO     	       ironmoth   quarkdrive heavydutyboots [energyball, fireblast, morningsun, sludgewave] ttype=fire
INFO     	      ironhands   quarkdrive  assaultvest [drainpunch, heavyslam, voltswitch, wildcharge] ttype=electric
INFO     	        dipplin   stickyhold     eviolite [dragonpulse, gigadrain, recover, suckerpunch] ttype=steel
INFO     Sampling battle 2
INFO     	      exeggutor      harvest         None [leechseed, psychic, sleeppowder, substitute] ttype=steel
INFO     	      palossand watercompaction    leftovers [earthpower, shadowball, shoreup, sludgebomb] ttype=water
INFO     Sampling 4 unrevealed pokemon
INFO     	       blaziken   speedboost      lifeorb [closecombat, flareblitz, protect, swordsdance] ttype=fighting
INFO     	       delibird       hustle heavydutyboots [bravebird, drillrun, icespinner, spikes] ttype=ground
INFO     	          entei   innerfocus   choiceband [extremespeed, flareblitz, sacredfire, stoneedge] ttype=fire
INFO     	       pelipper      drizzle heavydutyboots [hurricane, hydropump, roost, uturn] ttype=ground
INFO     Sampling battle 3
INFO     	      exeggutor      harvest         None [calmmind, gigadrain, psychic, substitute] ttype=steel
INFO     	      palossand watercompaction    leftovers [earthpower, shadowball, shoreup, stealthrock] ttype=water
INFO     Sampling 4 unrevealed pokemon
INFO     	      ninetales      drought heavydutyboots [fireblast, nastyplot, scorchingsands, solarbeam] ttype=fire
INFO     	       mukalola  poisontouch  assaultvest [drainpunch, knockoff, poisonjab, shadowsneak] ttype=dark
INFO     	       maushold   technician     widelens [bite, encore, populationbomb, tidyup] ttype=ghost
INFO     	      hatterene  magicbounce  assaultvest [drainingkiss, mysticalfire, nuzzle, psychic] ttype=fairy
INFO     Searching for a move using PUCT MCTS with neural priors...
INFO     Sampling 4 battles at 500ms each
INFO     Computing neural priors for all battles...
INFO     Initialized StateTranslator with TeamPreviewObservationSpace
INFO     Initializing LocalPolicyProvider with model: Minikazam
INFO     Loading pretrained Minikazam model...


 		 AMAGO v3.1
            	 -------------------------
            	 Agent: Agent
            		 Max Sequence Length: 64
            		 TstepEncoder Type: MetamonPerceiverTstepEncoder
            		 TrajEncoder Type: GRUTrajEncoder
            		 Total Parameters: 4,761,778
            		 Offline Loss Weight: 1.0
            		 Online Loss Weight: 0.0
            		 Mixed Precision: NO
            		 Checkpoint Path: /Users/yadureddy/Documents/GitHub/clean/pokeagent_ac_mcts/.metamon_cache/pretrained_models/models--jakegrigsby--metamon/snapshots/c5d1cb9abb6747066a325228845a5a8af3d12139/minikazam/minikazam/ckpts
            	 Environment:
            		 DummyAsyncVectorEnv(Gym Env x 1)
            		 Exploration Type: None
            	 Dataset: DoNothingDataset
            	 Accelerate Processes: 1 


INFO     Successfully loaded Minikazam model
ERROR    Error translating battle to observation: 
WARNING  Failed to get priors for battle: 
ERROR    Error translating battle to observation: 
WARNING  Failed to get priors for battle: 
ERROR    Error translating battle to observation: 
WARNING  Failed to get priors for battle: 
ERROR    Error translating battle to observation: 
WARNING  Failed to get priors for battle: 
INFO     Successfully computed neural priors for 0/4 battles
INFO     Using PUCT-guided move selection (priors integrated during search)...
INFO     Policy 0: uturn visited 94.57% avg_score=0.576 sample_chance_multiplier=0.25
INFO     Policy 1: psychic visited 75.82% avg_score=0.496 sample_chance_multiplier=0.25
INFO     Policy 2: psychic visited 85.18% avg_score=0.527 sample_chance_multiplier=0.25
INFO     Policy 3: uturn visited 70.96% avg_score=0.559 sample_chance_multiplier=0.25
INFO     Considered Choices:
INFO     	44.992%: uturn
INFO     	43.356%: psychic
INFO     Choice: psychic
INFO     Opponent has switched - clearing the last used move
INFO     azelf already has the move psychic. Decrementing the PP by 1
INFO     azelf used a psychic move, removing psychicgem from possible items
INFO     Setting azelf's last used move: psychic
INFO     azelf used a damaging move - not guessing lifeorb anymore
INFO     azelf did 41.0% damage to palossand with psychic
INFO     Setting palossand's item to: leftovers
INFO     palossand has less than maxhp during upkeep, no longer guessing leftovers or blacksludge
INFO     
INFO     Turn: 6
INFO     Sampling battle 0
INFO     	      palossand watercompaction    leftovers [earthpower, shadowball, shoreup, sludgebomb] ttype=water
INFO     	      exeggutor      harvest         None [leechseed, psychic, sleeppowder, substitute] ttype=steel
INFO     Sampling 4 unrevealed pokemon
INFO     	       ironmoth   quarkdrive heavydutyboots [fireblast, morningsun, sludgewave, toxicspikes] ttype=fire
INFO     	      hatterene  magicbounce  assaultvest [drainingkiss, mysticalfire, nuzzle, psychicnoise] ttype=fairy
INFO     	        shaymin  naturalcure    leftovers [airslash, leechseed, seedflare, substitute] ttype=steel
INFO     	     baxcalibur thermalexchange   choiceband [earthquake, glaiverush, iceshard, iciclecrash] ttype=ground
INFO     Sampling battle 1
INFO     	      palossand watercompaction    leftovers [earthpower, shadowball, shoreup, sludgebomb] ttype=poison
INFO     	      exeggutor      harvest         None [leechseed, psychic, sleeppowder, substitute] ttype=steel
INFO     Sampling 4 unrevealed pokemon
INFO     	      gholdengo   goodasgold  choicescarf [focusblast, makeitrain, shadowball, trick] ttype=ghost
INFO     	         komala     comatose  assaultvest [bodyslam, knockoff, rapidspin, uturn] ttype=ghost
INFO     	         plusle lightningrod      lifeorb [alluringvoice, grassknot, nastyplot, thunderbolt] ttype=fairy
INFO     	    slitherwing protosynthesis      lifeorb [closecombat, earthquake, firstimpression, wildcharge] ttype=bug
INFO     Sampling battle 2
INFO     	      palossand watercompaction    leftovers [earthpower, shadowball, shoreup, sludgebomb] ttype=water
INFO     	      exeggutor      harvest         None [calmmind, gigadrain, psychic, substitute] ttype=steel
INFO     Sampling 4 unrevealed pokemon
INFO     	        morpeko hungerswitch    leftovers [aurawheel, knockoff, protect, rapidspin] ttype=electric
INFO     	    corviknight  mirrorarmor    leftovers [bodypress, bravebird, roost, uturn] ttype=dragon
INFO     	         gengar   cursedbody      lifeorb [focusblast, nastyplot, shadowball, sludgewave] ttype=dark
INFO     	     conkeldurr         guts     flameorb [closecombat, facade, knockoff, machpunch] ttype=normal
INFO     Sampling battle 3
INFO     	      palossand watercompaction    leftovers [earthpower, shadowball, shoreup, sludgebomb] ttype=water
INFO     	      exeggutor      harvest         None [calmmind, gigadrain, psychic, substitute] ttype=steel
INFO     Sampling 4 unrevealed pokemon
INFO     	    kyuremwhite   turboblaze  choicescarf [dracometeor, freezedry, fusionflare, icebeam] ttype=fire
INFO     	         komala     comatose   choiceband [doubleedge, knockoff, superpower, woodhammer] ttype=grass
INFO     	       illumise    prankster heavydutyboots [bugbuzz, encore, roost, thunderwave] ttype=water
INFO     	     mabosstiff     stakeout  choicescarf [crunch, playrough, psychicfangs, wildcharge] ttype=dark
INFO     Sampling battle 4
INFO     	      palossand watercompaction    leftovers [earthpower, shadowball, shoreup, stealthrock] ttype=water
INFO     	      exeggutor      harvest         None [leechseed, psychic, sludgebomb, substitute] ttype=steel
INFO     Sampling 4 unrevealed pokemon
INFO     	        gallade    sharpness  choicescarf [leafblade, nightslash, psychocut, sacredsword] ttype=dark
INFO     	       oricorio       dancer heavydutyboots [hurricane, quiverdance, revelationdance, roost] ttype=ground
INFO     	       smeargle     owntempo    focussash [ceaselessedge, spore, stickyweb, whirlwind] ttype=ghost
INFO     	       sneasler  poisontouch   choiceband [closecombat, direclaw, throatchop, uturn] ttype=fighting
INFO     Sampling battle 5
INFO     	      palossand watercompaction    leftovers [earthpower, shadowball, shoreup, sludgebomb] ttype=water
INFO     	      exeggutor      harvest         None [calmmind, gigadrain, psychic, substitute] ttype=steel
INFO     Sampling 4 unrevealed pokemon
INFO     	    fezandipiti   toxicchain    leftovers [beatup, gunkshot, moonblast, roost] ttype=steel
INFO     	       venomoth   tintedlens heavydutyboots [bugbuzz, quiverdance, sleeppowder, sludgewave] ttype=bug
INFO     	 sandslashalola    slushrush  assaultvest [ironhead, knockoff, rapidspin, tripleaxel] ttype=water
INFO     	        lanturn   voltabsorb    leftovers [scald, thunderbolt, thunderwave, voltswitch] ttype=flying
INFO     Sampling battle 6
INFO     	      palossand watercompaction    leftovers [earthpower, shadowball, shoreup, sludgebomb] ttype=poison
INFO     	      exeggutor      harvest         None [leechseed, psychic, sludgebomb, substitute] ttype=steel
INFO     Sampling 4 unrevealed pokemon
INFO     	       sneasler     unburden    whiteherb [acrobatics, closecombat, direclaw, swordsdance] ttype=flying
INFO     	    sandyshocks protosynthesis    leftovers [earthpower, spikes, stealthrock, thunderbolt] ttype=electric
INFO     	      pecharunt poisonpuppeteer    leftovers [malignantchain, nastyplot, recover, shadowball] ttype=dark
INFO     	       lumineon   stormdrain heavydutyboots [encore, hydropump, icebeam, uturn] ttype=steel
INFO     Sampling battle 7
INFO     	      palossand watercompaction    leftovers [earthpower, shadowball, shoreup, sludgebomb] ttype=water
INFO     	      exeggutor      harvest         None [calmmind, gigadrain, psychic, substitute] ttype=steel
INFO     Sampling 4 unrevealed pokemon
INFO     	     talonflame    flamebody heavydutyboots [bravebird, defog, overheat, roost] ttype=ground
INFO     	       cinccino   technician   loadeddice [bulletseed, tailslap, tidyup, tripleaxel] ttype=normal
INFO     	        flareon         guts     toxicorb [facade, flareblitz, quickattack, trailblaze] ttype=normal
INFO     	squawkabillyyellow       hustle heavydutyboots [bravebird, foulplay, partingshot, quickattack] ttype=flying
INFO     Searching for a move using PUCT MCTS with neural priors...
INFO     Sampling 8 battles at 250ms each
INFO     Computing neural priors for all battles...
INFO     Initialized StateTranslator with TeamPreviewObservationSpace
INFO     Initializing LocalPolicyProvider with model: Minikazam
INFO     Loading pretrained Minikazam model...


 		 AMAGO v3.1
            	 -------------------------
            	 Agent: Agent
            		 Max Sequence Length: 64
            		 TstepEncoder Type: MetamonPerceiverTstepEncoder
            		 TrajEncoder Type: GRUTrajEncoder
            		 Total Parameters: 4,761,778
            		 Offline Loss Weight: 1.0
            		 Online Loss Weight: 0.0
            		 Mixed Precision: NO
            		 Checkpoint Path: /Users/yadureddy/Documents/GitHub/clean/pokeagent_ac_mcts/.metamon_cache/pretrained_models/models--jakegrigsby--metamon/snapshots/c5d1cb9abb6747066a325228845a5a8af3d12139/minikazam/minikazam/ckpts
            	 Environment:
            		 DummyAsyncVectorEnv(Gym Env x 1)
            		 Exploration Type: None
            	 Dataset: DoNothingDataset
            	 Accelerate Processes: 1 


INFO     Successfully loaded Minikazam model
ERROR    Error translating battle to observation: 
WARNING  Failed to get priors for battle: 
ERROR    Error translating battle to observation: 
WARNING  Failed to get priors for battle: 
ERROR    Error translating battle to observation: 
WARNING  Failed to get priors for battle: 
ERROR    Error translating battle to observation: 
WARNING  Failed to get priors for battle: 
ERROR    Error translating battle to observation: 
WARNING  Failed to get priors for battle: 
ERROR    Error translating battle to observation: 
WARNING  Failed to get priors for battle: 
ERROR    Error translating battle to observation: 
WARNING  Failed to get priors for battle: 
ERROR    Error translating battle to observation: 
WARNING  Failed to get priors for battle: 
INFO     Successfully computed neural priors for 0/8 battles
INFO     Using PUCT-guided move selection (priors integrated during search)...
INFO     Policy 0: psychic visited 78.15% avg_score=0.421 sample_chance_multiplier=0.125
INFO     Policy 1: psychic visited 86.18% avg_score=0.446 sample_chance_multiplier=0.125
INFO     Policy 2: psychic visited 89.42% avg_score=0.406 sample_chance_multiplier=0.125
INFO     Policy 3: psychic visited 72.86% avg_score=0.397 sample_chance_multiplier=0.125
INFO     Policy 4: psychic visited 68.43% avg_score=0.38 sample_chance_multiplier=0.125
INFO     Policy 5: psychic visited 77.07% avg_score=0.432 sample_chance_multiplier=0.125
INFO     Policy 6: psychic visited 81.61% avg_score=0.449 sample_chance_multiplier=0.125
INFO     Policy 7: psychic visited 92.69% avg_score=0.394 sample_chance_multiplier=0.125
INFO     Considered Choices:
INFO     	80.801%: psychic
INFO     Choice: psychic
INFO     Updated palossand's max speed to 236
INFO     azelf already has the move psychic. Decrementing the PP by 1
INFO     azelf used a psychic move, removing psychicgem from possible items
INFO     Setting azelf's last used move: psychic
INFO     azelf used a damaging move - not guessing lifeorb anymore
INFO     azelf did 41.0% damage to palossand with psychic
INFO     palossand used a status-move. Adding `assaultvest` to impossible items
INFO     Setting palossand's last used move: shoreup
INFO     Setting palossand's item to: leftovers
INFO     palossand has less than maxhp during upkeep, no longer guessing leftovers or blacksludge
INFO     
INFO     Turn: 7
INFO     Sampling battle 0
INFO     	      palossand watercompaction    leftovers [earthpower, shadowball, shoreup, sludgebomb] ttype=water
INFO     	      exeggutor      harvest         None [calmmind, gigadrain, psychic, substitute] ttype=steel
INFO     Sampling 4 unrevealed pokemon
INFO     	        ariados     insomnia heavydutyboots [knockoff, megahorn, poisonjab, stickyweb] ttype=ghost
INFO     	      hatterene  magicbounce    leftovers [calmmind, drainingkiss, mysticalfire, psychic] ttype=steel
INFO     	      thundurus      defiant              [acrobatics, grassknot, thunderbolt, uturn] ttype=steel
INFO     	     talonflame    flamebody heavydutyboots [bravebird, defog, overheat, roost] ttype=ground
INFO     Sampling battle 1
INFO     	      palossand watercompaction    leftovers [earthpower, shadowball, shoreup, sludgebomb] ttype=water
INFO     	      exeggutor      harvest         None [calmmind, gigadrain, psychic, substitute] ttype=steel
INFO     Sampling 4 unrevealed pokemon
INFO     	       rayquaza      airlock heavydutyboots [dragonascent, dragondance, earthquake, outrage] ttype=steel
INFO     	      primarina      torrent    leftovers [calmmind, drainingkiss, psychic, sparklingaria] ttype=fairy
INFO     	      heracross        moxie  choicescarf [closecombat, knockoff, megahorn, stoneedge] ttype=fighting
INFO     	       oranguru   innerfocus      lifeorb [focusblast, hypervoice, nastyplot, psyshock] ttype=normal
INFO     Sampling battle 2
INFO     	      palossand watercompaction    leftovers [earthpower, shadowball, shoreup, sludgebomb] ttype=poison
INFO     	      exeggutor      harvest         None [calmmind, gigadrain, psychic, substitute] ttype=steel
INFO     Sampling 4 unrevealed pokemon
INFO     	      spiritomb  infiltrator    leftovers [foulplay, poltergeist, shadowsneak, toxic] ttype=ghost
INFO     	 oricoriopompom       dancer heavydutyboots [hurricane, quiverdance, revelationdance, roost] ttype=ground
INFO     	 arceuselectric    multitype     zapplate [calmmind, icebeam, judgment, recover] ttype=electric
INFO     	        flareon         guts     toxicorb [facade, flareblitz, quickattack, trailblaze] ttype=normal
INFO     Sampling battle 3
INFO     	      palossand watercompaction    leftovers [earthpower, shadowball, shoreup, sludgebomb] ttype=water
INFO     	      exeggutor      harvest         None [calmmind, gigadrain, psychic, substitute] ttype=steel
INFO     Sampling 4 unrevealed pokemon
INFO     	       qwilfish   intimidate heavydutyboots [flipturn, gunkshot, painsplit, toxic] ttype=grass
INFO     	       venusaur     overgrow    leftovers [earthpower, energyball, sludgebomb, synthesis] ttype=water
INFO     	       cobalion    justified    leftovers [bodypress, irondefense, ironhead, thunderwave] ttype=water
INFO     	         furret        frisk   choiceband [doubleedge, knockoff, trick, uturn] ttype=ghost
INFO     Searching for a move using PUCT MCTS with neural priors...
INFO     Sampling 4 battles at 500ms each
INFO     Computing neural priors for all battles...
INFO     Initialized StateTranslator with TeamPreviewObservationSpace
INFO     Initializing LocalPolicyProvider with model: Minikazam
INFO     Loading pretrained Minikazam model...


 		 AMAGO v3.1
            	 -------------------------
            	 Agent: Agent
            		 Max Sequence Length: 64
            		 TstepEncoder Type: MetamonPerceiverTstepEncoder
            		 TrajEncoder Type: GRUTrajEncoder
            		 Total Parameters: 4,761,778
            		 Offline Loss Weight: 1.0
            		 Online Loss Weight: 0.0
            		 Mixed Precision: NO
            		 Checkpoint Path: /Users/yadureddy/Documents/GitHub/clean/pokeagent_ac_mcts/.metamon_cache/pretrained_models/models--jakegrigsby--metamon/snapshots/c5d1cb9abb6747066a325228845a5a8af3d12139/minikazam/minikazam/ckpts
            	 Environment:
            		 DummyAsyncVectorEnv(Gym Env x 1)
            		 Exploration Type: None
            	 Dataset: DoNothingDataset
            	 Accelerate Processes: 1 


INFO     Successfully loaded Minikazam model
ERROR    Error translating battle to observation: 
WARNING  Failed to get priors for battle: 
ERROR    Error translating battle to observation: 
WARNING  Failed to get priors for battle: 
ERROR    Error translating battle to observation: 
WARNING  Failed to get priors for battle: 
ERROR    Error translating battle to observation: 
WARNING  Failed to get priors for battle: 
INFO     Successfully computed neural priors for 0/4 battles
INFO     Using PUCT-guided move selection (priors integrated during search)...
INFO     Policy 0: switch trevenant visited 42.06% avg_score=0.408 sample_chance_multiplier=0.25
INFO     Policy 1: switch trevenant visited 31.87% avg_score=0.411 sample_chance_multiplier=0.25
INFO     Policy 2: uturn visited 30.42% avg_score=0.432 sample_chance_multiplier=0.25
INFO     Policy 3: uturn visited 38.81% avg_score=0.419 sample_chance_multiplier=0.25
INFO     Considered Choices:
INFO     	31.573%: uturn
INFO     	31.45%: switch trevenant
INFO     	24.345%: psychic
INFO     Choice: psychic
INFO     Updated palossand's max speed to 236
INFO     azelf already has the move psychic. Decrementing the PP by 1
INFO     azelf used a psychic move, removing psychicgem from possible items
INFO     Setting azelf's last used move: psychic
INFO     azelf used a damaging move - not guessing lifeorb anymore
INFO     azelf did 37.0% damage to palossand with psychic
INFO     palossand already has the move shoreup. Decrementing the PP by 1
INFO     palossand used a status-move. Adding `assaultvest` to impossible items
INFO     Setting palossand's last used move: shoreup
INFO     Setting palossand's item to: leftovers
INFO     palossand has less than maxhp during upkeep, no longer guessing leftovers or blacksludge
INFO     
INFO     Turn: 8
INFO     Sampling battle 0
INFO     	      palossand watercompaction    leftovers [earthpower, shadowball, shoreup, sludgebomb] ttype=poison
INFO     	      exeggutor      harvest         None [calmmind, gigadrain, psychic, substitute] ttype=steel
INFO     Sampling 4 unrevealed pokemon
INFO     	    sandyshocks protosynthesis heavydutyboots [earthpower, stealthrock, thunderbolt, voltswitch] ttype=ground
INFO     	       salazzle    corrosion    leftovers [flamethrower, protect, substitute, toxic] ttype=flying
INFO     	          arbok   intimidate    focussash [glare, gunkshot, knockoff, toxicspikes] ttype=dark
INFO     	      poliwrath  waterabsorb  assaultvest [circlethrow, closecombat, knockoff, liquidation] ttype=steel
INFO     Sampling battle 1
INFO     	      palossand watercompaction    leftovers [earthpower, shadowball, shoreup, stealthrock] ttype=water
INFO     	      exeggutor      harvest         None [leechseed, psychic, sleeppowder, substitute] ttype=steel
INFO     Sampling 4 unrevealed pokemon
INFO     	        delphox        blaze  choicescarf [fireblast, focusblast, grassknot, psyshock] ttype=fire
INFO     	     victreebel  chlorophyll      lifeorb [powerwhip, sleeppowder, sludgewave, suckerpunch] ttype=grass
INFO     	       arcanine   intimidate heavydutyboots [extremespeed, flareblitz, morningsun, roar] ttype=normal
INFO     	       maushold   technician     widelens [bite, encore, populationbomb, tidyup] ttype=normal
INFO     Sampling battle 2
INFO     	      palossand watercompaction    leftovers [earthpower, shadowball, shoreup, sludgebomb] ttype=water
INFO     	      exeggutor      harvest         None [leechseed, psychic, sludgebomb, substitute] ttype=steel
INFO     Sampling 4 unrevealed pokemon
INFO     	         lapras  waterabsorb heavydutyboots [freezedry, rest, sleeptalk, sparklingaria] ttype=ground
INFO     	        gurdurr         guts     eviolite [bulkup, drainpunch, knockoff, machpunch] ttype=steel
INFO     	       camerupt    solidrock    leftovers [earthquake, overheat, roar, stealthrock] ttype=water
INFO     	       ludicolo    swiftswim      lifeorb [gigadrain, hydropump, icebeam, raindance] ttype=water
INFO     Sampling battle 3
INFO     	      palossand watercompaction    leftovers [earthpower, shadowball, shoreup, stealthrock] ttype=poison
INFO     	      exeggutor      harvest         None [leechseed, psychic, sleeppowder, substitute] ttype=steel
INFO     Sampling 4 unrevealed pokemon
INFO     	    basculegion adaptability  assaultvest [aquajet, flipturn, shadowball, wavecrash] ttype=water
INFO     	        ariados     insomnia    focussash [megahorn, poisonjab, stickyweb, toxicspikes] ttype=ghost
INFO     	        flapple       hustle   choiceband [gravapple, outrage, suckerpunch, uturn] ttype=dragon
INFO     	      volcanion  waterabsorb heavydutyboots [flamethrower, haze, sludgebomb, steameruption] ttype=water
INFO     Searching for a move using PUCT MCTS with neural priors...
INFO     Sampling 4 battles at 500ms each
INFO     Computing neural priors for all battles...
INFO     Initialized StateTranslator with TeamPreviewObservationSpace
INFO     Initializing LocalPolicyProvider with model: Minikazam
INFO     Loading pretrained Minikazam model...


 		 AMAGO v3.1
            	 -------------------------
            	 Agent: Agent
            		 Max Sequence Length: 64
            		 TstepEncoder Type: MetamonPerceiverTstepEncoder
            		 TrajEncoder Type: GRUTrajEncoder
            		 Total Parameters: 4,761,778
            		 Offline Loss Weight: 1.0
            		 Online Loss Weight: 0.0
            		 Mixed Precision: NO
            		 Checkpoint Path: /Users/yadureddy/Documents/GitHub/clean/pokeagent_ac_mcts/.metamon_cache/pretrained_models/models--jakegrigsby--metamon/snapshots/c5d1cb9abb6747066a325228845a5a8af3d12139/minikazam/minikazam/ckpts
            	 Environment:
            		 DummyAsyncVectorEnv(Gym Env x 1)
            		 Exploration Type: None
            	 Dataset: DoNothingDataset
            	 Accelerate Processes: 1 


INFO     Successfully loaded Minikazam model
ERROR    Error translating battle to observation: 
WARNING  Failed to get priors for battle: 
ERROR    Error translating battle to observation: 
WARNING  Failed to get priors for battle: 
ERROR    Error translating battle to observation: 
WARNING  Failed to get priors for battle: 
ERROR    Error translating battle to observation: 
WARNING  Failed to get priors for battle: 
INFO     Successfully computed neural priors for 0/4 battles
INFO     Using PUCT-guided move selection (priors integrated during search)...
INFO     Policy 0: psychic visited 88.2% avg_score=0.383 sample_chance_multiplier=0.25
INFO     Policy 1: psychic visited 89.39% avg_score=0.348 sample_chance_multiplier=0.25
INFO     Policy 2: psychic visited 85.85% avg_score=0.399 sample_chance_multiplier=0.25
INFO     Policy 3: psychic visited 91.02% avg_score=0.368 sample_chance_multiplier=0.25
INFO     Considered Choices:
INFO     	88.612%: psychic
INFO     Choice: psychic
INFO     Updated palossand's max speed to 236
INFO     azelf already has the move psychic. Decrementing the PP by 1
INFO     azelf used a psychic move, removing psychicgem from possible items
INFO     Setting azelf's last used move: psychic
INFO     azelf used a damaging move - not guessing lifeorb anymore
INFO     azelf did 37.0% damage to palossand with psychic
INFO     palossand used two different moves - it cannot have a choice item
INFO     palossand used a ghost move, removing ghostgem from possible items
INFO     Setting palossand's last used move: shadowball
INFO     palossand used a damaging move - not guessing lifeorb anymore
INFO     palossand did 56.81% damage to azelf with shadowball
INFO     Setting palossand's item to: leftovers
INFO     palossand has less than maxhp during upkeep, no longer guessing leftovers or blacksludge
INFO     
INFO     Turn: 9
INFO     Sampling battle 0
INFO     	      palossand watercompaction    leftovers [earthpower, shadowball, shoreup, stealthrock] ttype=poison
INFO     	      exeggutor      harvest         None [calmmind, gigadrain, psychic, substitute] ttype=steel
INFO     Sampling 4 unrevealed pokemon
INFO     	squawkabillywhite       hustle   choiceband [bravebird, doubleedge, foulplay, quickattack] ttype=normal
INFO     	        seviper  infiltrator      lifeorb [gigadrain, glare, gunkshot, knockoff] ttype=grass
INFO     	        persian   technician    silkscarf [doubleedge, fakeout, knockoff, uturn] ttype=normal
INFO     	        mimikyu     disguise      lifeorb [playrough, shadowsneak, swordsdance, woodhammer] ttype=grass
INFO     Sampling battle 1
INFO     	      palossand watercompaction    leftovers [earthpower, shadowball, shoreup, sludgebomb] ttype=poison
INFO     	      exeggutor      harvest         None [calmmind, gigadrain, psychic, substitute] ttype=steel
INFO     Sampling 4 unrevealed pokemon
INFO     	      zamazenta dauntlessshield  chestoberry [bodypress, irondefense, rest, stoneedge] ttype=fighting
INFO     	      bastiodon   soundproof  chestoberry [bodypress, foulplay, irondefense, rest] ttype=fighting
INFO     	        jolteon   voltabsorb  choicespecs [alluringvoice, shadowball, thunderbolt, voltswitch] ttype=electric
INFO     	      excadrill  moldbreaker  assaultvest [earthquake, ironhead, rapidspin, rockslide] ttype=water
INFO     Sampling battle 2
INFO     	      palossand watercompaction    leftovers [earthpower, shadowball, shoreup, sludgebomb] ttype=water
INFO     	      exeggutor      harvest         None [leechseed, psychic, sludgebomb, substitute] ttype=steel
INFO     Sampling 4 unrevealed pokemon
INFO     	      regidrago   dragonsmaw  choicescarf [dracometeor, dragonenergy, earthquake, outrage] ttype=dragon
INFO     	  zaciancrowned intrepidsword  rustedsword [behemothblade, closecombat, playrough, swordsdance] ttype=fighting
INFO     	        suicune     pressure    leftovers [calmmind, rest, scald, sleeptalk] ttype=dragon
INFO     	    ironboulder   quarkdrive      lifeorb [closecombat, mightycleave, swordsdance, zenheadbutt] ttype=fighting
INFO     Sampling battle 3
INFO     	      palossand watercompaction    leftovers [earthpower, shadowball, shoreup, sludgebomb] ttype=water
INFO     	      exeggutor      harvest         None [calmmind, gigadrain, psychic, substitute] ttype=steel
INFO     Sampling 4 unrevealed pokemon
INFO     	         arceus    multitype    leftovers [extremespeed, recover, shadowclaw, swordsdance] ttype=ghost
INFO     	     oinkologne     thickfat    leftovers [curse, doubleedge, highhorsepower, lashout] ttype=ground
INFO     	       medicham    purepower   choiceband [bulletpunch, closecombat, poisonjab, zenheadbutt] ttype=fighting
INFO     	      serperior     contrary      lifeorb [dragonpulse, glare, leafstorm, synthesis] ttype=water
INFO     Searching for a move using PUCT MCTS with neural priors...
INFO     Sampling 4 battles at 500ms each
INFO     Computing neural priors for all battles...
INFO     Initialized StateTranslator with TeamPreviewObservationSpace
INFO     Initializing LocalPolicyProvider with model: Minikazam
INFO     Loading pretrained Minikazam model...


 		 AMAGO v3.1
            	 -------------------------
            	 Agent: Agent
            		 Max Sequence Length: 64
            		 TstepEncoder Type: MetamonPerceiverTstepEncoder
            		 TrajEncoder Type: GRUTrajEncoder
            		 Total Parameters: 4,761,778
            		 Offline Loss Weight: 1.0
            		 Online Loss Weight: 0.0
            		 Mixed Precision: NO
            		 Checkpoint Path: /Users/yadureddy/Documents/GitHub/clean/pokeagent_ac_mcts/.metamon_cache/pretrained_models/models--jakegrigsby--metamon/snapshots/c5d1cb9abb6747066a325228845a5a8af3d12139/minikazam/minikazam/ckpts
            	 Environment:
            		 DummyAsyncVectorEnv(Gym Env x 1)
            		 Exploration Type: None
            	 Dataset: DoNothingDataset
            	 Accelerate Processes: 1 


INFO     Successfully loaded Minikazam model
ERROR    Error translating battle to observation: 
WARNING  Failed to get priors for battle: 
ERROR    Error translating battle to observation: 
WARNING  Failed to get priors for battle: 
ERROR    Error translating battle to observation: 
WARNING  Failed to get priors for battle: 
ERROR    Error translating battle to observation: 
WARNING  Failed to get priors for battle: 
INFO     Successfully computed neural priors for 0/4 battles
INFO     Using PUCT-guided move selection (priors integrated during search)...
INFO     Policy 0: switch trevenant visited 62.71% avg_score=0.411 sample_chance_multiplier=0.25
INFO     Policy 1: psychic visited 93.76% avg_score=0.428 sample_chance_multiplier=0.25
INFO     Policy 2: psychic visited 56.71% avg_score=0.415 sample_chance_multiplier=0.25
INFO     Policy 3: psychic visited 90.74% avg_score=0.449 sample_chance_multiplier=0.25
INFO     Considered Choices:
INFO     	65.214%: psychic
INFO     Choice: psychic
INFO     Updated palossand's max speed to 236
INFO     azelf already has the move psychic. Decrementing the PP by 1
INFO     azelf used a psychic move, removing psychicgem from possible items
INFO     Setting azelf's last used move: psychic
INFO     azelf used a damaging move - not guessing lifeorb anymore
INFO     azelf did 39.0% damage to palossand with psychic
INFO     palossand already has the move shoreup. Decrementing the PP by 1
INFO     palossand used two different moves - it cannot have a choice item
INFO     palossand used a status-move. Adding `assaultvest` to impossible items
INFO     Setting palossand's last used move: shoreup
INFO     Setting palossand's item to: leftovers
INFO     palossand has less than maxhp during upkeep, no longer guessing leftovers or blacksludge
INFO     
INFO     Turn: 10
INFO     Sampling battle 0
INFO     	      palossand watercompaction    leftovers [earthpower, shadowball, shoreup, stealthrock] ttype=poison
INFO     	      exeggutor      harvest         None [calmmind, gigadrain, psychic, substitute] ttype=steel
INFO     Sampling 4 unrevealed pokemon
INFO     	        bruxish    strongjaw  choicescarf [crunch, icefang, psychicfangs, wavecrash] ttype=psychic
INFO     	     toedscruel myceliummight    leftovers [earthpower, leafstorm, rapidspin, toxic] ttype=water
INFO     	      tatsugiri   stormdrain heavydutyboots [dracometeor, nastyplot, rapidspin, surf] ttype=water
INFO     	    slitherwing protosynthesis      lifeorb [closecombat, firstimpression, uturn, wildcharge] ttype=electric
INFO     Sampling battle 1
INFO     	      palossand watercompaction    leftovers [earthpower, shadowball, shoreup, sludgebomb] ttype=poison
INFO     	      exeggutor      harvest         None [leechseed, psychic, sludgebomb, substitute] ttype=steel
INFO     Sampling 4 unrevealed pokemon
INFO     	      indeedeef psychicsurge      lifeorb [calmmind, hypervoice, psychic, shadowball] ttype=psychic
INFO     	     shayminsky  serenegrace    leftovers [airslash, leechseed, seedflare, substitute] ttype=steel
INFO     	     galvantula compoundeyes heavydutyboots [bugbuzz, stickyweb, thunder, voltswitch] ttype=electric
INFO     	  samurotthisui    sharpness   choiceband [ceaselessedge, razorshell, sacredsword, suckerpunch] ttype=poison
INFO     Sampling battle 2
INFO     	      palossand watercompaction    leftovers [earthpower, shadowball, shoreup, stealthrock] ttype=poison
INFO     	      exeggutor      harvest         None [leechseed, psychic, sleeppowder, substitute] ttype=steel
INFO     Sampling 4 unrevealed pokemon
INFO     	         minior  shieldsdown    whiteherb [acrobatics, earthquake, powergem, shellsmash] ttype=steel
INFO     	        spidops     stakeout heavydutyboots [knockoff, stickyweb, toxicspikes, uturn] ttype=ghost
INFO     	         luxray   intimidate  assaultvest [icefang, playrough, voltswitch, wildcharge] ttype=fairy
INFO     	       froslass   cursedbody     widelens [poltergeist, spikes, tripleaxel, willowisp] ttype=ghost
INFO     Sampling battle 3
INFO     	      palossand watercompaction    leftovers [earthpower, shadowball, shoreup, sludgebomb] ttype=water
INFO     	      exeggutor      harvest         None [leechseed, psychic, sleeppowder, substitute] ttype=steel
INFO     Sampling 4 unrevealed pokemon
INFO     	        dedenne   cheekpouch  sitrusberry [dazzlinggleam, nuzzle, thunderbolt, uturn] ttype=flying
INFO     	        sableye    prankster    leftovers [encore, knockoff, recover, thunderwave] ttype=steel
INFO     	  deoxysdefense     pressure    leftovers [psychicnoise, recover, spikes, teleport] ttype=steel
INFO     	     krookodile   intimidate   choiceband [earthquake, gunkshot, knockoff, stoneedge] ttype=ground
INFO     Searching for a move using PUCT MCTS with neural priors...
INFO     Sampling 4 battles at 500ms each
INFO     Computing neural priors for all battles...
INFO     Initialized StateTranslator with TeamPreviewObservationSpace
INFO     Initializing LocalPolicyProvider with model: Minikazam
INFO     Loading pretrained Minikazam model...


 		 AMAGO v3.1
            	 -------------------------
            	 Agent: Agent
            		 Max Sequence Length: 64
            		 TstepEncoder Type: MetamonPerceiverTstepEncoder
            		 TrajEncoder Type: GRUTrajEncoder
            		 Total Parameters: 4,761,778
            		 Offline Loss Weight: 1.0
            		 Online Loss Weight: 0.0
            		 Mixed Precision: NO
            		 Checkpoint Path: /Users/yadureddy/Documents/GitHub/clean/pokeagent_ac_mcts/.metamon_cache/pretrained_models/models--jakegrigsby--metamon/snapshots/c5d1cb9abb6747066a325228845a5a8af3d12139/minikazam/minikazam/ckpts
            	 Environment:
            		 DummyAsyncVectorEnv(Gym Env x 1)
            		 Exploration Type: None
            	 Dataset: DoNothingDataset
            	 Accelerate Processes: 1 


INFO     Successfully loaded Minikazam model
ERROR    Error translating battle to observation: 
WARNING  Failed to get priors for battle: 
ERROR    Error translating battle to observation: 
WARNING  Failed to get priors for battle: 
ERROR    Error translating battle to observation: 
WARNING  Failed to get priors for battle: 
ERROR    Error translating battle to observation: 
WARNING  Failed to get priors for battle: 
INFO     Successfully computed neural priors for 0/4 battles
INFO     Using PUCT-guided move selection (priors integrated during search)...
INFO     Policy 0: psychic visited 37.74% avg_score=0.456 sample_chance_multiplier=0.25
INFO     Policy 1: psychic visited 77.69% avg_score=0.447 sample_chance_multiplier=0.25
INFO     Policy 2: uturn visited 30.31% avg_score=0.433 sample_chance_multiplier=0.25
INFO     Policy 3: psychic visited 72.47% avg_score=0.459 sample_chance_multiplier=0.25
INFO     Considered Choices:
INFO     	54.315%: psychic
INFO     Choice: psychic
INFO     Updated palossand's max speed to 236
INFO     azelf already has the move psychic. Decrementing the PP by 1
INFO     azelf used a psychic move, removing psychicgem from possible items
INFO     Setting azelf's last used move: psychic
INFO     azelf used a damaging move - not guessing lifeorb anymore
INFO     azelf did 57.99999999999999% damage to palossand with psychic
WARNING  Would remove all possibilities, not removing any
WARNING  actual_damage_dealt=171.67999999999998
INFO     palossand already has the move shoreup. Decrementing the PP by 1
INFO     palossand used a status-move. Adding `assaultvest` to impossible items
INFO     Setting palossand's last used move: shoreup
INFO     Setting palossand's item to: leftovers
INFO     palossand has less than maxhp during upkeep, no longer guessing leftovers or blacksludge
INFO     
INFO     Turn: 11
INFO     Sampling battle 0
INFO     	      palossand watercompaction    leftovers [earthpower, shadowball, shoreup, stealthrock] ttype=water
INFO     	      exeggutor      harvest         None [leechseed, psychic, sludgebomb, substitute] ttype=steel
INFO     Sampling 4 unrevealed pokemon
INFO     	      eternatus     pressure  rockyhelmet [dynamaxcannon, flamethrower, recover, toxic] ttype=dragon
INFO     	      volcanion  waterabsorb  choicespecs [earthpower, flamethrower, sludgebomb, steameruption] ttype=ground
INFO     	       dachsbun wellbakedbody    leftovers [playrough, protect, stompingtantrum, wish] ttype=steel
INFO     	        bisharp      defiant     eviolite [ironhead, suckerpunch, swordsdance, throatchop] ttype=ghost
INFO     Sampling battle 1
INFO     	      palossand watercompaction    leftovers [earthpower, shadowball, shoreup, stealthrock] ttype=poison
INFO     	      exeggutor      harvest         None [leechseed, psychic, sludgebomb, substitute] ttype=steel
INFO     Sampling 4 unrevealed pokemon
INFO     	        ogerpon      defiant heavydutyboots [encore, ivycudgel, superpower, uturn] ttype=grass
INFO     	    arceusghost    multitype  spookyplate [calmmind, focusblast, judgment, recover] ttype=fighting
INFO     	         glalie   innerfocus heavydutyboots [disable, earthquake, freezedry, taunt] ttype=ground
INFO     	    stonjourner    powerspot      lifeorb [earthquake, heatcrash, stealthrock, stoneedge] ttype=fire
INFO     Sampling battle 2
INFO     	      palossand watercompaction    leftovers [earthpower, shadowball, shoreup, sludgebomb] ttype=water
INFO     	      exeggutor      harvest         None [calmmind, gigadrain, psychic, substitute] ttype=steel
INFO     Sampling 4 unrevealed pokemon
INFO     	      thundurus    prankster heavydutyboots [grassknot, thunderbolt, thunderwave, uturn] ttype=grass
INFO     	      cramorant  gulpmissile heavydutyboots [bravebird, defog, roost, surf] ttype=ground
INFO     	         comfey       triage    leftovers [calmmind, drainingkiss, gigadrain, storedpower] ttype=fairy
INFO     	     toxtricity     punkrock  throatspray [boomburst, gunkshot, overdrive, shiftgear] ttype=normal
INFO     Sampling battle 3
INFO     	      palossand watercompaction    leftovers [earthpower, shadowball, shoreup, sludgebomb] ttype=poison
INFO     	      exeggutor      harvest         None [calmmind, gigadrain, psychic, substitute] ttype=steel
INFO     Sampling 4 unrevealed pokemon
INFO     	      rotomwash     levitate    leftovers [hydropump, painsplit, thunderbolt, voltswitch] ttype=electric
INFO     	        flapple       hustle     widelens [dragondance, gravapple, outrage, terablast] ttype=fire
INFO     	   avalugghisui       sturdy heavydutyboots [avalanche, rapidspin, recover, stoneedge] ttype=ghost
INFO     	  calyrexshadow asone(spectrier)  choicespecs [astralbarrage, pollenpuff, psyshock, trick] ttype=ghost
INFO     Searching for a move using PUCT MCTS with neural priors...
INFO     Sampling 4 battles at 500ms each
INFO     Computing neural priors for all battles...
INFO     Initialized StateTranslator with TeamPreviewObservationSpace
INFO     Initializing LocalPolicyProvider with model: Minikazam
INFO     Loading pretrained Minikazam model...


 		 AMAGO v3.1
            	 -------------------------
            	 Agent: Agent
            		 Max Sequence Length: 64
            		 TstepEncoder Type: MetamonPerceiverTstepEncoder
            		 TrajEncoder Type: GRUTrajEncoder
            		 Total Parameters: 4,761,778
            		 Offline Loss Weight: 1.0
            		 Online Loss Weight: 0.0
            		 Mixed Precision: NO
            		 Checkpoint Path: /Users/yadureddy/Documents/GitHub/clean/pokeagent_ac_mcts/.metamon_cache/pretrained_models/models--jakegrigsby--metamon/snapshots/c5d1cb9abb6747066a325228845a5a8af3d12139/minikazam/minikazam/ckpts
            	 Environment:
            		 DummyAsyncVectorEnv(Gym Env x 1)
            		 Exploration Type: None
            	 Dataset: DoNothingDataset
            	 Accelerate Processes: 1 


INFO     Successfully loaded Minikazam model
ERROR    Error translating battle to observation: 
WARNING  Failed to get priors for battle: 
ERROR    Error translating battle to observation: 
WARNING  Failed to get priors for battle: 
ERROR    Error translating battle to observation: 
WARNING  Failed to get priors for battle: 
ERROR    Error translating battle to observation: 
WARNING  Failed to get priors for battle: 
INFO     Successfully computed neural priors for 0/4 battles
INFO     Using PUCT-guided move selection (priors integrated during search)...
INFO     Policy 0: switch trevenant visited 44.89% avg_score=0.361 sample_chance_multiplier=0.25
INFO     Policy 1: psychic visited 36.22% avg_score=0.437 sample_chance_multiplier=0.25
INFO     Policy 2: psychic visited 95.11% avg_score=0.477 sample_chance_multiplier=0.25
INFO     Policy 3: psychic visited 60.78% avg_score=0.457 sample_chance_multiplier=0.25
INFO     Considered Choices:
INFO     	52.327%: psychic
INFO     Choice: psychic
INFO     Updated palossand's max speed to 236
INFO     azelf already has the move psychic. Decrementing the PP by 1
INFO     azelf used a psychic move, removing psychicgem from possible items
INFO     Setting azelf's last used move: psychic
INFO     azelf used a damaging move - not guessing lifeorb anymore
INFO     azelf did 41.0% damage to palossand with psychic
INFO     palossand already has the move shoreup. Decrementing the PP by 1
INFO     palossand used a status-move. Adding `assaultvest` to impossible items
INFO     Setting palossand's last used move: shoreup
INFO     Setting palossand's item to: leftovers
INFO     palossand has less than maxhp during upkeep, no longer guessing leftovers or blacksludge
INFO     
INFO     Turn: 12
INFO     Sampling battle 0
INFO     	      palossand watercompaction    leftovers [earthpower, shadowball, shoreup, sludgebomb] ttype=water
INFO     	      exeggutor      harvest         None [leechseed, psychic, sludgebomb, substitute] ttype=steel
INFO     Sampling 4 unrevealed pokemon
INFO     	          chiyu  beadsofruin  choicescarf [darkpulse, flamethrower, overheat, psychic] ttype=dark
INFO     	      rampardos   sheerforce      lifeorb [earthquake, firepunch, rockslide, zenheadbutt] ttype=psychic
INFO     	         raichu lightningrod  assaultvest [focusblast, grassknot, knockoff, thunderbolt] ttype=grass
INFO     	      sinistcha    heatproof    leftovers [calmmind, matchagotcha, shadowball, strengthsap] ttype=steel
INFO     Sampling battle 1
INFO     	      palossand watercompaction    leftovers [earthpower, shadowball, shoreup, sludgebomb] ttype=water
INFO     	      exeggutor      harvest         None [leechseed, psychic, sludgebomb, substitute] ttype=steel
INFO     Sampling 4 unrevealed pokemon
INFO     	         lunala shadowshield    leftovers [calmmind, focusblast, moongeistbeam, moonlight] ttype=fighting
INFO     	        falinks      defiant      lifeorb [closecombat, ironhead, knockoff, noretreat] ttype=dark
INFO     	      electrode    aftermath heavydutyboots [explosion, thunderbolt, thunderwave, voltswitch] ttype=electric
INFO     	       articuno     pressure heavydutyboots [bravebird, freezedry, roost, uturn] ttype=ground
INFO     Sampling battle 2
INFO     	      palossand watercompaction    leftovers [earthpower, shadowball, shoreup, sludgebomb] ttype=poison
INFO     	      exeggutor      harvest         None [leechseed, psychic, sludgebomb, substitute] ttype=steel
INFO     Sampling 4 unrevealed pokemon
INFO     	       lumineon   stormdrain heavydutyboots [encore, hydropump, icebeam, uturn] ttype=steel
INFO     	        sableye    prankster    leftovers [encore, knockoff, recover, thunderwave] ttype=steel
INFO     	         swalot   liquidooze  assaultvest [clearsmog, icebeam, knockoff, sludgebomb] ttype=dark
INFO     	       alcremie    aromaveil    leftovers [acidarmor, calmmind, dazzlinggleam, recover] ttype=poison
INFO     Sampling battle 3
INFO     	      palossand watercompaction    leftovers [earthpower, shadowball, shoreup, sludgebomb] ttype=water
INFO     	      exeggutor      harvest         None [leechseed, psychic, sleeppowder, substitute] ttype=steel
INFO     Sampling 4 unrevealed pokemon
INFO     	          rotom     levitate      lifeorb [shadowball, thunderbolt, voltswitch, willowisp] ttype=ghost
INFO     	        sylveon     pixilate    leftovers [calmmind, hypervoice, protect, wish] ttype=steel
INFO     	       mukalola  poisontouch  assaultvest [icepunch, knockoff, poisonjab, shadowsneak] ttype=dark
INFO     	urshifurapidstrike   unseenfist   choiceband [aquajet, closecombat, icespinner, surgingstrikes] ttype=water
INFO     Searching for a move using PUCT MCTS with neural priors...
INFO     Sampling 4 battles at 500ms each
INFO     Computing neural priors for all battles...
INFO     Initialized StateTranslator with TeamPreviewObservationSpace
INFO     Initializing LocalPolicyProvider with model: Minikazam
INFO     Loading pretrained Minikazam model...


 		 AMAGO v3.1
            	 -------------------------
            	 Agent: Agent
            		 Max Sequence Length: 64
            		 TstepEncoder Type: MetamonPerceiverTstepEncoder
            		 TrajEncoder Type: GRUTrajEncoder
            		 Total Parameters: 4,761,778
            		 Offline Loss Weight: 1.0
            		 Online Loss Weight: 0.0
            		 Mixed Precision: NO
            		 Checkpoint Path: /Users/yadureddy/Documents/GitHub/clean/pokeagent_ac_mcts/.metamon_cache/pretrained_models/models--jakegrigsby--metamon/snapshots/c5d1cb9abb6747066a325228845a5a8af3d12139/minikazam/minikazam/ckpts
            	 Environment:
            		 DummyAsyncVectorEnv(Gym Env x 1)
            		 Exploration Type: None
            	 Dataset: DoNothingDataset
            	 Accelerate Processes: 1 


INFO     Successfully loaded Minikazam model
ERROR    Error translating battle to observation: 
WARNING  Failed to get priors for battle: 
ERROR    Error translating battle to observation: 
WARNING  Failed to get priors for battle: 
ERROR    Error translating battle to observation: 
WARNING  Failed to get priors for battle: 
ERROR    Error translating battle to observation: 
WARNING  Failed to get priors for battle: 
INFO     Successfully computed neural priors for 0/4 battles
INFO     Using PUCT-guided move selection (priors integrated during search)...
INFO     Policy 0: psychic visited 71.54% avg_score=0.397 sample_chance_multiplier=0.25
INFO     Policy 1: psychic visited 62.02% avg_score=0.433 sample_chance_multiplier=0.25
INFO     Policy 2: psychic visited 70.59% avg_score=0.472 sample_chance_multiplier=0.25
INFO     Policy 3: psychic visited 71.8% avg_score=0.47 sample_chance_multiplier=0.25
INFO     Considered Choices:
INFO     	68.987%: psychic
INFO     Choice: psychic
INFO     Updated palossand's max speed to 236
INFO     azelf already has the move psychic. Decrementing the PP by 1
INFO     azelf used a psychic move, removing psychicgem from possible items
INFO     Setting azelf's last used move: psychic
INFO     azelf used a damaging move - not guessing lifeorb anymore
INFO     azelf did 41.0% damage to palossand with psychic
INFO     palossand used two different moves - it cannot have a choice item
INFO     palossand used a status-move. Adding `assaultvest` to impossible items
INFO     Setting palossand's last used move: stealthrock
INFO     Incremented side condition stealthrock to 1 for azelf
INFO     Setting palossand's item to: leftovers
INFO     palossand has less than maxhp during upkeep, no longer guessing leftovers or blacksludge
INFO     
INFO     Turn: 13
INFO     Sampling battle 0
INFO     	      palossand watercompaction    leftovers [earthpower, shadowball, shoreup, stealthrock] ttype=poison
INFO     	      exeggutor      harvest         None [calmmind, gigadrain, psychic, substitute] ttype=steel
INFO     Sampling 4 unrevealed pokemon
INFO     	    arceuswater    multitype  splashplate [icebeam, judgment, recover, willowisp] ttype=steel
INFO     	       overqwil   intimidate   loadeddice [crunch, gunkshot, scaleshot, swordsdance] ttype=dragon
INFO     	    arceusgrass    multitype  meadowplate [calmmind, earthpower, icebeam, judgment] ttype=ground
INFO     	     archaludon      stamina  assaultvest [bodypress, dracometeor, flashcannon, thunderbolt] ttype=fighting
INFO     Sampling battle 1
INFO     	      palossand watercompaction    leftovers [earthpower, shadowball, shoreup, stealthrock] ttype=poison
INFO     	      exeggutor      harvest         None [leechseed, psychic, sludgebomb, substitute] ttype=steel
INFO     Sampling 4 unrevealed pokemon
INFO     	         emboar     reckless    leftovers [bulkup, drainpunch, flareblitz, trailblaze] ttype=grass
INFO     	        golduck    cloudnine  choicespecs [flipturn, grassknot, hydropump, icebeam] ttype=water
INFO     	      mismagius     levitate  choicespecs [dazzlinggleam, mysticalfire, shadowball, trick] ttype=fire
INFO     	       greedent   cheekpouch  sitrusberry [doubleedge, earthquake, knockoff, swordsdance] ttype=ground
INFO     Sampling battle 2
INFO     	      palossand watercompaction    leftovers [earthpower, shadowball, shoreup, stealthrock] ttype=poison
INFO     	      exeggutor      harvest         None [leechseed, psychic, sleeppowder, substitute] ttype=steel
INFO     Sampling 4 unrevealed pokemon
INFO     	    corviknight     pressure  rockyhelmet [bravebird, defog, roost, uturn] ttype=dragon
INFO     	   slowbrogalar  regenerator  assaultvest [foulplay, psychic, shellsidearm, surf] ttype=water
INFO     	    roaringmoon protosynthesis     lumberry [dragondance, ironhead, knockoff, outrage] ttype=steel
INFO     	      terrakion    justified   choiceband [closecombat, earthquake, quickattack, stoneedge] ttype=ground
INFO     Sampling battle 3
INFO     	      palossand watercompaction    leftovers [earthpower, shadowball, shoreup, stealthrock] ttype=poison
INFO     	      exeggutor      harvest         None [calmmind, gigadrain, psychic, substitute] ttype=steel
INFO     Sampling 4 unrevealed pokemon
INFO     	   zoroarkhisui     illusion  choicespecs [bittermalice, flamethrower, focusblast, hypervoice] ttype=fighting
INFO     	    arceussteel    multitype    ironplate [calmmind, earthpower, judgment, recover] ttype=ghost
INFO     	       pelipper      drizzle heavydutyboots [hurricane, hydropump, knockoff, roost] ttype=ground
INFO     	      clawitzer megalauncher  assaultvest [darkpulse, dragonpulse, uturn, waterpulse] ttype=dragon
INFO     Searching for a move using PUCT MCTS with neural priors...
INFO     Sampling 4 battles at 500ms each
INFO     Computing neural priors for all battles...
INFO     Initialized StateTranslator with TeamPreviewObservationSpace
INFO     Initializing LocalPolicyProvider with model: Minikazam
INFO     Loading pretrained Minikazam model...


 		 AMAGO v3.1
            	 -------------------------
            	 Agent: Agent
            		 Max Sequence Length: 64
            		 TstepEncoder Type: MetamonPerceiverTstepEncoder
            		 TrajEncoder Type: GRUTrajEncoder
            		 Total Parameters: 4,761,778
            		 Offline Loss Weight: 1.0
            		 Online Loss Weight: 0.0
            		 Mixed Precision: NO
            		 Checkpoint Path: /Users/yadureddy/Documents/GitHub/clean/pokeagent_ac_mcts/.metamon_cache/pretrained_models/models--jakegrigsby--metamon/snapshots/c5d1cb9abb6747066a325228845a5a8af3d12139/minikazam/minikazam/ckpts
            	 Environment:
            		 DummyAsyncVectorEnv(Gym Env x 1)
            		 Exploration Type: None
            	 Dataset: DoNothingDataset
            	 Accelerate Processes: 1 


INFO     Successfully loaded Minikazam model
ERROR    Error translating battle to observation: 
WARNING  Failed to get priors for battle: 
ERROR    Error translating battle to observation: 
WARNING  Failed to get priors for battle: 
ERROR    Error translating battle to observation: 
WARNING  Failed to get priors for battle: 
ERROR    Error translating battle to observation: 
WARNING  Failed to get priors for battle: 
INFO     Successfully computed neural priors for 0/4 battles
INFO     Using PUCT-guided move selection (priors integrated during search)...
INFO     Policy 0: psychic visited 95.15% avg_score=0.376 sample_chance_multiplier=0.25
INFO     Policy 1: psychic visited 86.31% avg_score=0.388 sample_chance_multiplier=0.25
INFO     Policy 2: psychic visited 97.23% avg_score=0.433 sample_chance_multiplier=0.25
INFO     Policy 3: psychic visited 91.01% avg_score=0.391 sample_chance_multiplier=0.25
INFO     Considered Choices:
INFO     	92.425%: psychic
INFO     Choice: psychic
INFO     Updated palossand's max speed to 236
INFO     azelf already has the move psychic. Decrementing the PP by 1
INFO     azelf used a psychic move, removing psychicgem from possible items
INFO     Setting azelf's last used move: psychic
INFO     azelf used a damaging move - not guessing lifeorb anymore
INFO     azelf did 37.0% damage to palossand with psychic
INFO     palossand already has the move shoreup. Decrementing the PP by 1
INFO     palossand used two different moves - it cannot have a choice item
INFO     palossand used a status-move. Adding `assaultvest` to impossible items
INFO     Setting palossand's last used move: shoreup
INFO     Setting palossand's item to: leftovers
INFO     palossand has less than maxhp during upkeep, no longer guessing leftovers or blacksludge
INFO     
INFO     Turn: 14
INFO     Sampling battle 0
INFO     	      palossand watercompaction    leftovers [earthpower, shadowball, shoreup, stealthrock] ttype=water
INFO     	      exeggutor      harvest         None [calmmind, gigadrain, psychic, substitute] ttype=steel
INFO     Sampling 4 unrevealed pokemon
INFO     	typhlosionhisui        blaze    leftovers [calmmind, fireblast, shadowball, substitute] ttype=fire
INFO     	      bellossom  chlorophyll    leftovers [gigadrain, quiverdance, strengthsap, terablast] ttype=fire
INFO     	    slitherwing protosynthesis      lifeorb [closecombat, earthquake, firstimpression, wildcharge] ttype=electric
INFO     	       clefable   magicguard      lifeorb [calmmind, fireblast, moonblast, moonlight] ttype=fire
INFO     Sampling battle 1
INFO     	      palossand watercompaction    leftovers [earthpower, shadowball, shoreup, stealthrock] ttype=water
INFO     	      exeggutor      harvest         None [leechseed, psychic, sludgebomb, substitute] ttype=steel
INFO     Sampling 4 unrevealed pokemon
INFO     	        seviper  infiltrator      lifeorb [earthquake, flamethrower, gunkshot, knockoff] ttype=ground
INFO     	       ribombee   shielddust heavydutyboots [bugbuzz, moonblast, stickyweb, uturn] ttype=ghost
INFO     	      ninetales      drought heavydutyboots [fireblast, nastyplot, scorchingsands, solarbeam] ttype=grass
INFO     	       bronzong     levitate  chestoberry [bodypress, irondefense, psychicnoise, rest] ttype=fighting
INFO     Sampling battle 2
INFO     	      palossand watercompaction    leftovers [earthpower, shadowball, shoreup, stealthrock] ttype=water
INFO     	      exeggutor      harvest         None [calmmind, gigadrain, psychic, substitute] ttype=steel
INFO     Sampling 4 unrevealed pokemon
INFO     	       necrozma   prismarmor    leftovers [calmmind, earthpower, moonlight, photongeyser] ttype=ground
INFO     	      magmortar    flamebody heavydutyboots [earthquake, fireblast, focusblast, knockoff] ttype=fighting
INFO     	        flareon         guts     toxicorb [facade, flareblitz, trailblaze, willowisp] ttype=normal
INFO     	       cinccino   technician   loadeddice [bulletseed, tailslap, tripleaxel, uturn] ttype=grass
INFO     Sampling battle 3
INFO     	      palossand watercompaction    leftovers [earthpower, shadowball, shoreup, stealthrock] ttype=poison
INFO     	      exeggutor      harvest         None [calmmind, gigadrain, psychic, substitute] ttype=steel
INFO     Sampling 4 unrevealed pokemon
INFO     	       vivillon compoundeyes heavydutyboots [bugbuzz, hurricane, quiverdance, sleeppowder] ttype=flying
INFO     	      piloswine     thickfat     eviolite [earthquake, iceshard, iciclecrash, roar] ttype=poison
INFO     	   basculegionf adaptability  choicespecs [flipturn, hydropump, icebeam, shadowball] ttype=water
INFO     	         plusle lightningrod      lifeorb [alluringvoice, encore, nastyplot, thunderbolt] ttype=electric
INFO     Searching for a move using PUCT MCTS with neural priors...
INFO     Sampling 4 battles at 500ms each
INFO     Computing neural priors for all battles...
INFO     Initialized StateTranslator with TeamPreviewObservationSpace
INFO     Initializing LocalPolicyProvider with model: Minikazam
INFO     Loading pretrained Minikazam model...


 		 AMAGO v3.1
            	 -------------------------
            	 Agent: Agent
            		 Max Sequence Length: 64
            		 TstepEncoder Type: MetamonPerceiverTstepEncoder
            		 TrajEncoder Type: GRUTrajEncoder
            		 Total Parameters: 4,761,778
            		 Offline Loss Weight: 1.0
            		 Online Loss Weight: 0.0
            		 Mixed Precision: NO
            		 Checkpoint Path: /Users/yadureddy/Documents/GitHub/clean/pokeagent_ac_mcts/.metamon_cache/pretrained_models/models--jakegrigsby--metamon/snapshots/c5d1cb9abb6747066a325228845a5a8af3d12139/minikazam/minikazam/ckpts
            	 Environment:
            		 DummyAsyncVectorEnv(Gym Env x 1)
            		 Exploration Type: None
            	 Dataset: DoNothingDataset
            	 Accelerate Processes: 1 


INFO     Successfully loaded Minikazam model
ERROR    Error translating battle to observation: 
WARNING  Failed to get priors for battle: 
ERROR    Error translating battle to observation: 
WARNING  Failed to get priors for battle: 
ERROR    Error translating battle to observation: 
WARNING  Failed to get priors for battle: 
ERROR    Error translating battle to observation: 
WARNING  Failed to get priors for battle: 
INFO     Successfully computed neural priors for 0/4 battles
INFO     Using PUCT-guided move selection (priors integrated during search)...
INFO     Policy 0: psychic visited 48.74% avg_score=0.407 sample_chance_multiplier=0.25
INFO     Policy 1: psychic visited 61.29% avg_score=0.381 sample_chance_multiplier=0.25
INFO     Policy 2: psychic visited 74.58% avg_score=0.396 sample_chance_multiplier=0.25
INFO     Policy 3: psychic visited 53.85% avg_score=0.439 sample_chance_multiplier=0.25
INFO     Considered Choices:
INFO     	59.612%: psychic
INFO     Choice: psychic
INFO     Updated palossand's max speed to 236
INFO     azelf already has the move psychic. Decrementing the PP by 1
INFO     azelf used a psychic move, removing psychicgem from possible items
INFO     Setting azelf's last used move: psychic
INFO     azelf used a damaging move - not guessing lifeorb anymore
INFO     azelf did 38.0% damage to palossand with psychic
INFO     palossand already has the move shoreup. Decrementing the PP by 1
INFO     palossand used a status-move. Adding `assaultvest` to impossible items
INFO     Setting palossand's last used move: shoreup
INFO     Setting palossand's item to: leftovers
INFO     palossand has less than maxhp during upkeep, no longer guessing leftovers or blacksludge
INFO     
INFO     Turn: 15
INFO     Sampling battle 0
INFO     	      palossand watercompaction    leftovers [earthpower, shadowball, shoreup, stealthrock] ttype=water
INFO     	      exeggutor      harvest         None [leechseed, psychic, sludgebomb, substitute] ttype=steel
INFO     Sampling 4 unrevealed pokemon
INFO     	       inteleon      torrent  choicespecs [darkpulse, hydropump, icebeam, uturn] ttype=water
INFO     	       lurantis     contrary  assaultvest [knockoff, leafstorm, leechlife, superpower] ttype=steel
INFO     	        okidogi   toxicchain  assaultvest [drainpunch, gunkshot, knockoff, psychicfangs] ttype=dark
INFO     	    arceusfairy    multitype   pixieplate [calmmind, earthpower, judgment, recover] ttype=steel
INFO     Sampling battle 1
INFO     	      palossand watercompaction    leftovers [earthpower, shadowball, shoreup, stealthrock] ttype=water
INFO     	      exeggutor      harvest         None [calmmind, gigadrain, psychic, substitute] ttype=steel
INFO     Sampling 4 unrevealed pokemon
INFO     	         minior  shieldsdown    whiteherb [acrobatics, earthquake, powergem, shellsmash] ttype=ground
INFO     	       oranguru   innerfocus  choicespecs [focusblast, hypervoice, psyshock, thunderbolt] ttype=electric
INFO     	      terapagos    terashift  chestoberry [calmmind, darkpulse, rest, terastarstorm] ttype=stellar
INFO     	       samurott      torrent  assaultvest [flipturn, grassknot, hydropump, knockoff] ttype=water
INFO     Sampling battle 2
INFO     	      palossand watercompaction    leftovers [earthpower, shadowball, shoreup, stealthrock] ttype=water
INFO     	      exeggutor      harvest         None [calmmind, gigadrain, psychic, substitute] ttype=steel
INFO     Sampling 4 unrevealed pokemon
INFO     	      hitmontop   intimidate   choiceband [closecombat, earthquake, stoneedge, suckerpunch] ttype=steel
INFO     	      zebstrika    sapsipper      lifeorb [highhorsepower, overheat, supercellslam, voltswitch] ttype=ground
INFO     	       regirock    clearbody    leftovers [bodypress, irondefense, stoneedge, thunderwave] ttype=fighting
INFO     	       tinkaton  moldbreaker    leftovers [gigatonhammer, knockoff, playrough, thunderwave] ttype=water
INFO     Sampling battle 3
INFO     	      palossand watercompaction    leftovers [earthpower, shadowball, shoreup, stealthrock] ttype=water
INFO     	      exeggutor      harvest         None [leechseed, psychic, sleeppowder, substitute] ttype=steel
INFO     Sampling 4 unrevealed pokemon
INFO     	     annihilape      defiant    leftovers [bulkup, drainpunch, gunkshot, ragefist] ttype=steel
INFO     	         tauros   sheerforce      lifeorb [bodyslam, closecombat, earthquake, throatchop] ttype=fighting
INFO     	    kilowattrel   voltabsorb heavydutyboots [discharge, hurricane, roost, uturn] ttype=water
INFO     	         pawmot   voltabsorb   leppaberry [closecombat, doubleshock, nuzzle, revivalblessing] ttype=electric
INFO     Searching for a move using PUCT MCTS with neural priors...
INFO     Sampling 4 battles at 500ms each
INFO     Computing neural priors for all battles...
INFO     Initialized StateTranslator with TeamPreviewObservationSpace
INFO     Initializing LocalPolicyProvider with model: Minikazam
INFO     Loading pretrained Minikazam model...


 		 AMAGO v3.1
            	 -------------------------
            	 Agent: Agent
            		 Max Sequence Length: 64
            		 TstepEncoder Type: MetamonPerceiverTstepEncoder
            		 TrajEncoder Type: GRUTrajEncoder
            		 Total Parameters: 4,761,778
            		 Offline Loss Weight: 1.0
            		 Online Loss Weight: 0.0
            		 Mixed Precision: NO
            		 Checkpoint Path: /Users/yadureddy/Documents/GitHub/clean/pokeagent_ac_mcts/.metamon_cache/pretrained_models/models--jakegrigsby--metamon/snapshots/c5d1cb9abb6747066a325228845a5a8af3d12139/minikazam/minikazam/ckpts
            	 Environment:
            		 DummyAsyncVectorEnv(Gym Env x 1)
            		 Exploration Type: None
            	 Dataset: DoNothingDataset
            	 Accelerate Processes: 1 


INFO     Successfully loaded Minikazam model
ERROR    Error translating battle to observation: 
WARNING  Failed to get priors for battle: 
ERROR    Error translating battle to observation: 
WARNING  Failed to get priors for battle: 
ERROR    Error translating battle to observation: 
WARNING  Failed to get priors for battle: 
ERROR    Error translating battle to observation: 
WARNING  Failed to get priors for battle: 
INFO     Successfully computed neural priors for 0/4 battles
INFO     Using PUCT-guided move selection (priors integrated during search)...
INFO     Policy 0: switch trevenant visited 33.46% avg_score=0.445 sample_chance_multiplier=0.25
INFO     Policy 1: switch trevenant visited 37.83% avg_score=0.471 sample_chance_multiplier=0.25
INFO     Policy 2: psychic visited 90.16% avg_score=0.472 sample_chance_multiplier=0.25
INFO     Policy 3: psychic visited 42.89% avg_score=0.503 sample_chance_multiplier=0.25
INFO     Considered Choices:
INFO     	44.829%: psychic
INFO     Choice: psychic
INFO     Updated palossand's max speed to 236
INFO     azelf already has the move psychic. Decrementing the PP by 1
INFO     azelf used a psychic move, removing psychicgem from possible items
INFO     Setting azelf's last used move: psychic
INFO     azelf used a damaging move - not guessing lifeorb anymore
INFO     azelf did 42.0% damage to palossand with psychic
INFO     palossand already has the move shadowball. Decrementing the PP by 1
INFO     palossand used two different moves - it cannot have a choice item
INFO     palossand used a ghost move, removing ghostgem from possible items
INFO     Setting palossand's last used move: shadowball
INFO     palossand used a damaging move - not guessing lifeorb anymore
INFO     palossand did 24.51% damage to azelf with shadowball
INFO     Setting palossand's item to: leftovers
INFO     palossand has less than maxhp during upkeep, no longer guessing leftovers or blacksludge
INFO     Sampling battle 0
INFO     	      palossand watercompaction    leftovers [earthpower, shadowball, shoreup, stealthrock] ttype=poison
INFO     	      exeggutor      harvest         None [leechseed, psychic, sludgebomb, substitute] ttype=steel
INFO     Sampling 4 unrevealed pokemon
INFO     	     tentacruel   liquidooze    leftovers [haze, rapidspin, sludgebomb, surf] ttype=grass
INFO     	      girafarig    sapsipper     eviolite [nastyplot, psychic, shadowball, thunderbolt] ttype=electric
INFO     	     scovillain  chlorophyll heavydutyboots [energyball, fireblast, stompingtantrum, sunnyday] ttype=fire
INFO     	       delibird       hustle heavydutyboots [bravebird, drillrun, iceshard, icespinner] ttype=ice
INFO     Sampling battle 1
INFO     	      palossand watercompaction    leftovers [earthpower, shadowball, shoreup, stealthrock] ttype=water
INFO     	      exeggutor      harvest         None [leechseed, psychic, sleeppowder, substitute] ttype=steel
INFO     Sampling 4 unrevealed pokemon
INFO     	       quagsire      unaware    leftovers [earthquake, icebeam, recover, toxic] ttype=poison
INFO     	        kleavor    sharpness heavydutyboots [closecombat, defog, stoneaxe, xscissor] ttype=bug
INFO     	        noivern  infiltrator heavydutyboots [boomburst, dracometeor, hurricane, roost] ttype=normal
INFO     	     golemalola    galvanize      lifeorb [doubleedge, earthquake, rockpolish, stoneedge] ttype=grass
INFO     Sampling battle 2
INFO     	      palossand watercompaction    leftovers [earthpower, shadowball, shoreup, stealthrock] ttype=poison
INFO     	      exeggutor      harvest         None [leechseed, psychic, sludgebomb, substitute] ttype=steel
INFO     Sampling 4 unrevealed pokemon
INFO     	        dondozo      unaware    leftovers [curse, rest, sleeptalk, wavecrash] ttype=dragon
INFO     	      gholdengo   goodasgold    leftovers [makeitrain, nastyplot, recover, shadowball] ttype=water
INFO     	     pincurchin electricsurge    leftovers [curse, liquidation, recover, zingzap] ttype=grass
INFO     	        weezing     levitate    leftovers [fireblast, gunkshot, painsplit, willowisp] ttype=steel
INFO     Sampling battle 3
INFO     	      palossand watercompaction    leftovers [earthpower, shadowball, shoreup, stealthrock] ttype=poison
INFO     	      exeggutor      harvest         None [calmmind, gigadrain, psychic, substitute] ttype=steel
INFO     Sampling 4 unrevealed pokemon
INFO     	        leafeon  chlorophyll      lifeorb [doubleedge, knockoff, leafblade, swordsdance] ttype=dark
INFO     	       sneasler  poisontouch   choiceband [closecombat, direclaw, throatchop, uturn] ttype=dark
INFO     	       zangoose   toxicboost     toxicorb [closecombat, facade, knockoff, swordsdance] ttype=normal
INFO     	     irontreads   quarkdrive  assaultvest [earthquake, ironhead, knockoff, voltswitch] ttype=water
INFO     Searching for a move using PUCT MCTS with neural priors...
INFO     Sampling 4 battles at 500ms each
INFO     Computing neural priors for all battles...
INFO     Initialized StateTranslator with TeamPreviewObservationSpace
INFO     Initializing LocalPolicyProvider with model: Minikazam
INFO     Loading pretrained Minikazam model...


 		 AMAGO v3.1
            	 -------------------------
            	 Agent: Agent
            		 Max Sequence Length: 64
            		 TstepEncoder Type: MetamonPerceiverTstepEncoder
            		 TrajEncoder Type: GRUTrajEncoder
            		 Total Parameters: 4,761,778
            		 Offline Loss Weight: 1.0
            		 Online Loss Weight: 0.0
            		 Mixed Precision: NO
            		 Checkpoint Path: /Users/yadureddy/Documents/GitHub/clean/pokeagent_ac_mcts/.metamon_cache/pretrained_models/models--jakegrigsby--metamon/snapshots/c5d1cb9abb6747066a325228845a5a8af3d12139/minikazam/minikazam/ckpts
            	 Environment:
            		 DummyAsyncVectorEnv(Gym Env x 1)
            		 Exploration Type: None
            	 Dataset: DoNothingDataset
            	 Accelerate Processes: 1 


INFO     Successfully loaded Minikazam model
ERROR    Error translating battle to observation: 
WARNING  Failed to get priors for battle: 
ERROR    Error translating battle to observation: 
WARNING  Failed to get priors for battle: 
ERROR    Error translating battle to observation: 
WARNING  Failed to get priors for battle: 
ERROR    Error translating battle to observation: 
WARNING  Failed to get priors for battle: 
INFO     Successfully computed neural priors for 0/4 battles
INFO     Using PUCT-guided move selection (priors integrated during search)...
INFO     Policy 0: switch donphan visited 37.2% avg_score=0.374 sample_chance_multiplier=0.25
INFO     Policy 1: switch trevenant visited 99.01% avg_score=0.548 sample_chance_multiplier=0.25
INFO     Policy 2: switch trevenant visited 98.78% avg_score=0.521 sample_chance_multiplier=0.25
INFO     Policy 3: switch trevenant visited 98.87% avg_score=0.566 sample_chance_multiplier=0.25
INFO     Considered Choices:
INFO     	82.292%: switch trevenant
INFO     Choice: switch trevenant
INFO     
INFO     Turn: 16
INFO     Sampling battle 0
INFO     	      palossand watercompaction    leftovers [earthpower, shadowball, shoreup, stealthrock] ttype=poison
INFO     	      exeggutor      harvest         None [calmmind, gigadrain, psychic, substitute] ttype=steel
INFO     Sampling 4 unrevealed pokemon
INFO     	 electrodehisui   soundproof      lifeorb [gigadrain, taunt, thunderbolt, voltswitch] ttype=electric
INFO     	     toxtricity     punkrock  choicescarf [boomburst, overdrive, sludgewave, voltswitch] ttype=normal
INFO     	   slowbrogalar  regenerator  assaultvest [earthquake, psychic, shellsidearm, surf] ttype=ground
INFO     	         zacian intrepidsword   choiceband [closecombat, crunch, playrough, wildcharge] ttype=fighting
INFO     Sampling battle 1
INFO     	      palossand watercompaction    leftovers [earthpower, shadowball, shoreup, stealthrock] ttype=water
INFO     	      exeggutor      harvest         None [calmmind, gigadrain, psychic, substitute] ttype=steel
INFO     Sampling 4 unrevealed pokemon
INFO     	       cinccino   technician   loadeddice [bulletseed, tailslap, tripleaxel, uturn] ttype=grass
INFO     	        beartic    swiftswim   choiceband [aquajet, closecombat, earthquake, iciclecrash] ttype=fighting
INFO     	         glalie   innerfocus heavydutyboots [disable, earthquake, freezedry, taunt] ttype=water
INFO     	  braviaryhisui   tintedlens  choicespecs [esperwing, hurricane, uturn, vacuumwave] ttype=fighting
INFO     Sampling battle 2
INFO     	      palossand watercompaction    leftovers [earthpower, shadowball, shoreup, stealthrock] ttype=water
INFO     	      exeggutor      harvest         None [leechseed, psychic, sludgebomb, substitute] ttype=steel
INFO     Sampling 4 unrevealed pokemon
INFO     	          hypno     insomnia    leftovers [encore, knockoff, psychicnoise, toxic] ttype=dark
INFO     	   greninjabond   battlebond      lifeorb [darkpulse, gunkshot, hydropump, icebeam] ttype=poison
INFO     	     pincurchin electricsurge    leftovers [recover, scald, spikes, thunderbolt] ttype=water
INFO     	        tropius      harvest  sitrusberry [airslash, leechseed, protect, substitute] ttype=steel
INFO     Sampling battle 3
INFO     	      palossand watercompaction    leftovers [earthpower, shadowball, shoreup, stealthrock] ttype=water
INFO     	      exeggutor      harvest         None [calmmind, gigadrain, psychic, substitute] ttype=steel
INFO     Sampling 4 unrevealed pokemon
INFO     	        glaceon      icebody heavydutyboots [calmmind, freezedry, protect, wish] ttype=water
INFO     	        suicune     pressure    leftovers [calmmind, rest, scald, sleeptalk] ttype=steel
INFO     	       chienpao  swordofruin heavydutyboots [iciclecrash, sacredsword, swordsdance, throatchop] ttype=dark
INFO     	     houndstone       fluffy   choiceband [bodypress, poltergeist, shadowsneak, trick] ttype=fighting
INFO     Searching for a move using PUCT MCTS with neural priors...
INFO     Sampling 4 battles at 500ms each
INFO     Computing neural priors for all battles...
INFO     Initialized StateTranslator with TeamPreviewObservationSpace
INFO     Initializing LocalPolicyProvider with model: Minikazam
INFO     Loading pretrained Minikazam model...


 		 AMAGO v3.1
            	 -------------------------
            	 Agent: Agent
            		 Max Sequence Length: 64
            		 TstepEncoder Type: MetamonPerceiverTstepEncoder
            		 TrajEncoder Type: GRUTrajEncoder
            		 Total Parameters: 4,761,778
            		 Offline Loss Weight: 1.0
            		 Online Loss Weight: 0.0
            		 Mixed Precision: NO
            		 Checkpoint Path: /Users/yadureddy/Documents/GitHub/clean/pokeagent_ac_mcts/.metamon_cache/pretrained_models/models--jakegrigsby--metamon/snapshots/c5d1cb9abb6747066a325228845a5a8af3d12139/minikazam/minikazam/ckpts
            	 Environment:
            		 DummyAsyncVectorEnv(Gym Env x 1)
            		 Exploration Type: None
            	 Dataset: DoNothingDataset
            	 Accelerate Processes: 1 


INFO     Successfully loaded Minikazam model
ERROR    Error translating battle to observation: 
WARNING  Failed to get priors for battle: 
ERROR    Error translating battle to observation: 
WARNING  Failed to get priors for battle: 
ERROR    Error translating battle to observation: 
WARNING  Failed to get priors for battle: 
ERROR    Error translating battle to observation: 
WARNING  Failed to get priors for battle: 
INFO     Successfully computed neural priors for 0/4 battles
INFO     Using PUCT-guided move selection (priors integrated during search)...
INFO     Policy 0: switch archaludon visited 48.03% avg_score=0.585 sample_chance_multiplier=0.25
INFO     Policy 1: hornleech visited 70.95% avg_score=0.467 sample_chance_multiplier=0.25
INFO     Policy 2: poltergeist visited 71.88% avg_score=0.564 sample_chance_multiplier=0.25
INFO     Policy 3: hornleech visited 44.41% avg_score=0.461 sample_chance_multiplier=0.25
INFO     Considered Choices:
INFO     	36.243%: hornleech
INFO     	29.998%: poltergeist
INFO     Choice: poltergeist
INFO     Opponent has switched - clearing the last used move
INFO     typhlosion switched in, adding intimidate to impossible abilities
INFO     typhlosion switched in, adding pressure to impossible abilities
INFO     typhlosion switched in, adding neutralizinggas to impossible abilities
INFO     typhlosion switched in, adding sandstream to impossible abilities
INFO     typhlosion switched in, adding drought to impossible abilities
INFO     typhlosion switched in, adding drizzle to impossible abilities
INFO     typhlosion switched in, adding snowwarning to impossible abilities
INFO     typhlosion switched in, adding boosterenergy to impossible items
INFO     typhlosion switched in, adding airballoon to impossible items
INFO     trevenant already has the move poltergeist. Decrementing the PP by 1
INFO     trevenant used a ghost move, removing ghostgem from possible items
INFO     Setting trevenant's last used move: poltergeist
INFO     trevenant used a damaging move - not guessing lifeorb anymore
INFO     trevenant did 77.0% damage to typhlosion with poltergeist
INFO     typhlosion has the item choicespecs
INFO     Setting trevenant's item to: lifeorb
INFO     typhlosion has less than maxhp during upkeep, no longer guessing leftovers or blacksludge
INFO     
INFO     Turn: 17
INFO     Sampling battle 0
INFO     	     typhlosion    flashfire  choicespecs [eruption, fireblast, focusblast, scorchingsands] ttype=fire
INFO     	      exeggutor      harvest         None [leechseed, psychic, sleeppowder, substitute] ttype=steel
INFO     	      palossand watercompaction    leftovers [earthpower, shadowball, shoreup, stealthrock] ttype=water
INFO     Sampling 3 unrevealed pokemon
INFO     	     golemalola    galvanize   choiceband [doubleedge, earthquake, explosion, stoneedge] ttype=grass
INFO     	       samurott      torrent  assaultvest [aquajet, hydropump, knockoff, sacredsword] ttype=dark
INFO     	   arceusflying    multitype     skyplate [calmmind, earthpower, judgment, recover] ttype=steel
INFO     Sampling battle 1
INFO     	     typhlosion    flashfire  choicespecs [eruption, fireblast, focusblast, scorchingsands] ttype=fire
INFO     	      exeggutor      harvest         None [leechseed, psychic, sleeppowder, substitute] ttype=steel
INFO     	      palossand watercompaction    leftovers [earthpower, shadowball, shoreup, stealthrock] ttype=poison
INFO     Sampling 3 unrevealed pokemon
INFO     	       porygonz adaptability  choicespecs [icebeam, shadowball, thunderbolt, triattack] ttype=ghost
INFO     	      bellossom  chlorophyll    leftovers [gigadrain, quiverdance, strengthsap, terablast] ttype=rock
INFO     	       cloyster    skilllink    whiteherb [hydropump, iciclespear, rockblast, shellsmash] ttype=rock
INFO     Sampling battle 2
INFO     	     typhlosion        blaze  choicespecs [eruption, fireblast, focusblast, scorchingsands] ttype=fire
INFO     	      exeggutor      harvest         None [leechseed, psychic, sludgebomb, substitute] ttype=steel
INFO     	      palossand watercompaction    leftovers [earthpower, shadowball, shoreup, stealthrock] ttype=poison
INFO     Sampling 3 unrevealed pokemon
INFO     	       clodsire  waterabsorb    leftovers [earthquake, poisonjab, recover, toxicspikes] ttype=steel
INFO     	       chimecho     levitate    leftovers [calmmind, dazzlinggleam, psychicnoise, recover] ttype=electric
INFO     	         dialga     pressure    leftovers [dracometeor, fireblast, heavyslam, stealthrock] ttype=dragon
INFO     Sampling battle 3
INFO     	     typhlosion        blaze  choicespecs [eruption, fireblast, focusblast, scorchingsands] ttype=fire
INFO     	      exeggutor      harvest         None [calmmind, gigadrain, psychic, substitute] ttype=steel
INFO     	      palossand watercompaction    leftovers [earthpower, shadowball, shoreup, stealthrock] ttype=water
INFO     Sampling 3 unrevealed pokemon
INFO     	      hydreigon     levitate  choicespecs [darkpulse, dracometeor, fireblast, flashcannon] ttype=dark
INFO     	       indeedee psychicsurge      lifeorb [calmmind, dazzlinggleam, expandingforce, hypervoice] ttype=psychic
INFO     	    walkingwake protosynthesis      lifeorb [dracometeor, flamethrower, hydrosteam, sunnyday] ttype=fire
INFO     Sampling battle 4
INFO     	     typhlosion        blaze  choicespecs [eruption, fireblast, focusblast, scorchingsands] ttype=fire
INFO     	      exeggutor      harvest         None [calmmind, gigadrain, psychic, substitute] ttype=steel
INFO     	      palossand watercompaction    leftovers [earthpower, shadowball, shoreup, stealthrock] ttype=poison
INFO     Sampling 3 unrevealed pokemon
INFO     	         dialga     pressure    leftovers [dracometeor, fireblast, heavyslam, thunderwave] ttype=steel
INFO     	   weezinggalar     levitate    leftovers [gunkshot, painsplit, strangesteam, willowisp] ttype=steel
INFO     	       froslass   cursedbody     widelens [destinybond, poltergeist, taunt, tripleaxel] ttype=ghost
INFO     Sampling battle 5
INFO     	     typhlosion    flashfire  choicespecs [eruption, fireblast, focusblast, scorchingsands] ttype=fire
INFO     	      exeggutor      harvest         None [calmmind, gigadrain, psychic, substitute] ttype=steel
INFO     	      palossand watercompaction    leftovers [earthpower, shadowball, shoreup, stealthrock] ttype=poison
INFO     Sampling 3 unrevealed pokemon
INFO     	       overqwil   intimidate      lifeorb [crunch, gunkshot, liquidation, swordsdance] ttype=water
INFO     	        milotic  competitive    leftovers [dragontail, icebeam, recover, scald] ttype=steel
INFO     	    polteageist   cursedbody    whiteherb [shadowball, shellsmash, storedpower, strengthsap] ttype=psychic
INFO     Sampling battle 6
INFO     	     typhlosion    flashfire  choicespecs [eruption, fireblast, focusblast, scorchingsands] ttype=fire
INFO     	      exeggutor      harvest         None [leechseed, psychic, sleeppowder, substitute] ttype=steel
INFO     	      palossand watercompaction    leftovers [earthpower, shadowball, shoreup, stealthrock] ttype=poison
INFO     Sampling 3 unrevealed pokemon
INFO     	        milotic  competitive    leftovers [dragontail, icebeam, recover, scald] ttype=dragon
INFO     	      rillaboom  grassysurge      lifeorb [grassyglide, knockoff, swordsdance, woodhammer] ttype=grass
INFO     	       grafaiai  poisontouch      lifeorb [gunkshot, knockoff, lowkick, swordsdance] ttype=dark
INFO     Sampling battle 7
INFO     	     typhlosion    flashfire  choicespecs [eruption, fireblast, focusblast, scorchingsands] ttype=fire
INFO     	      exeggutor      harvest         None [calmmind, gigadrain, psychic, substitute] ttype=steel
INFO     	      palossand watercompaction    leftovers [earthpower, shadowball, shoreup, stealthrock] ttype=poison
INFO     Sampling 3 unrevealed pokemon
INFO     	        scrafty     shedskin    leftovers [bulkup, drainpunch, knockoff, rest] ttype=poison
INFO     	        slaking       truant   choiceband [doubleedge, earthquake, gigaimpact, knockoff] ttype=normal
INFO     	 oricoriopompom       dancer heavydutyboots [hurricane, quiverdance, revelationdance, roost] ttype=ground
INFO     Searching for a move using PUCT MCTS with neural priors...
INFO     Sampling 8 battles at 250ms each
INFO     Computing neural priors for all battles...
INFO     Initialized StateTranslator with TeamPreviewObservationSpace
INFO     Initializing LocalPolicyProvider with model: Minikazam
INFO     Loading pretrained Minikazam model...


 		 AMAGO v3.1
            	 -------------------------
            	 Agent: Agent
            		 Max Sequence Length: 64
            		 TstepEncoder Type: MetamonPerceiverTstepEncoder
            		 TrajEncoder Type: GRUTrajEncoder
            		 Total Parameters: 4,761,778
            		 Offline Loss Weight: 1.0
            		 Online Loss Weight: 0.0
            		 Mixed Precision: NO
            		 Checkpoint Path: /Users/yadureddy/Documents/GitHub/clean/pokeagent_ac_mcts/.metamon_cache/pretrained_models/models--jakegrigsby--metamon/snapshots/c5d1cb9abb6747066a325228845a5a8af3d12139/minikazam/minikazam/ckpts
            	 Environment:
            		 DummyAsyncVectorEnv(Gym Env x 1)
            		 Exploration Type: None
            	 Dataset: DoNothingDataset
            	 Accelerate Processes: 1 


INFO     Successfully loaded Minikazam model
ERROR    Error translating battle to observation: 
WARNING  Failed to get priors for battle: 
ERROR    Error translating battle to observation: 
WARNING  Failed to get priors for battle: 
ERROR    Error translating battle to observation: 
WARNING  Failed to get priors for battle: 
ERROR    Error translating battle to observation: 
WARNING  Failed to get priors for battle: 
ERROR    Error translating battle to observation: 
WARNING  Failed to get priors for battle: 
ERROR    Error translating battle to observation: 
WARNING  Failed to get priors for battle: 
ERROR    Error translating battle to observation: 
WARNING  Failed to get priors for battle: 
ERROR    Error translating battle to observation: 
WARNING  Failed to get priors for battle: 
INFO     Successfully computed neural priors for 0/8 battles
INFO     Using PUCT-guided move selection (priors integrated during search)...
INFO     Policy 0: drainpunch visited 36.91% avg_score=0.189 sample_chance_multiplier=0.125
INFO     Policy 1: drainpunch visited 54.33% avg_score=0.17 sample_chance_multiplier=0.125
INFO     Policy 2: hornleech visited 86.89% avg_score=0.252 sample_chance_multiplier=0.125
INFO     Policy 3: drainpunch visited 31.31% avg_score=0.171 sample_chance_multiplier=0.125
INFO     Policy 4: drainpunch visited 69.23% avg_score=0.235 sample_chance_multiplier=0.125
INFO     Policy 5: hornleech visited 53.71% avg_score=0.186 sample_chance_multiplier=0.125
INFO     Policy 6: drainpunch visited 60.86% avg_score=0.261 sample_chance_multiplier=0.125
INFO     Policy 7: hornleech visited 51.94% avg_score=0.234 sample_chance_multiplier=0.125
INFO     Considered Choices:
INFO     	41.071%: hornleech
INFO     	40.788%: drainpunch
INFO     Choice: hornleech
INFO     Updated typhlosion's min speed to 150
INFO     typhlosion used a fire move, removing firegem from possible items
INFO     Setting typhlosion's last used move: fireblast
INFO     typhlosion used a damaging move - not guessing lifeorb anymore
INFO     typhlosion did 77.7% damage to trevenant with fireblast
INFO     typhlosion has less than maxhp during upkeep, no longer guessing leftovers or blacksludge
INFO     Sampling battle 0
INFO     	     typhlosion        blaze  choicespecs [eruption, fireblast, focusblast, scorchingsands] ttype=fire
INFO     	      exeggutor      harvest         None [calmmind, gigadrain, psychic, substitute] ttype=steel
INFO     	      palossand watercompaction    leftovers [earthpower, shadowball, shoreup, stealthrock] ttype=poison
INFO     Sampling 3 unrevealed pokemon
INFO     	    ironjugulis   quarkdrive  choicespecs [darkpulse, earthpower, hurricane, hydropump] ttype=dark
INFO     	        wyrdeer   intimidate    leftovers [earthquake, megahorn, psychicnoise, thunderwave] ttype=ground
INFO     	         zacian intrepidsword      lifeorb [closecombat, playrough, swordsdance, wildcharge] ttype=fighting
INFO     Sampling battle 1
INFO     	     typhlosion        blaze  choicespecs [eruption, fireblast, focusblast, scorchingsands] ttype=fire
INFO     	      exeggutor      harvest         None [calmmind, gigadrain, psychic, substitute] ttype=steel
INFO     	      palossand watercompaction    leftovers [earthpower, shadowball, shoreup, stealthrock] ttype=poison
INFO     Sampling 3 unrevealed pokemon
INFO     	     gothitelle    shadowtag    leftovers [calmmind, darkpulse, psychicnoise, thunderbolt] ttype=ground
INFO     	     copperajah   heavymetal   choiceband [earthquake, heavyslam, stoneedge, superpower] ttype=steel
INFO     	      toxicroak      dryskin      lifeorb [closecombat, gunkshot, knockoff, swordsdance] ttype=dark
INFO     Sampling battle 2
INFO     	     typhlosion        blaze  choicespecs [eruption, fireblast, focusblast, scorchingsands] ttype=fire
INFO     	      exeggutor      harvest         None [leechseed, psychic, sludgebomb, substitute] ttype=steel
INFO     	      palossand watercompaction    leftovers [earthpower, shadowball, shoreup, stealthrock] ttype=poison
INFO     Sampling 3 unrevealed pokemon
INFO     	         pawmot   voltabsorb      lifeorb [closecombat, doubleshock, knockoff, revivalblessing] ttype=electric
INFO     	        luvdisc    swiftswim heavydutyboots [endeavor, substitute, surf, whirlpool] ttype=ground
INFO     	        okidogi   toxicchain    leftovers [bulkup, drainpunch, gunkshot, knockoff] ttype=dark
INFO     Sampling battle 3
INFO     	     typhlosion        blaze  choicespecs [eruption, fireblast, focusblast, scorchingsands] ttype=fire
INFO     	      exeggutor      harvest         None [calmmind, gigadrain, psychic, substitute] ttype=steel
INFO     	      palossand watercompaction    leftovers [earthpower, shadowball, shoreup, stealthrock] ttype=water
INFO     Sampling 3 unrevealed pokemon
INFO     	        moltres    flamebody heavydutyboots [bravebird, fireblast, roost, scorchingsands] ttype=ground
INFO     	        mimikyu     disguise      lifeorb [playrough, shadowclaw, shadowsneak, swordsdance] ttype=ghost
INFO     	tornadustherian  regenerator  choicespecs [bleakwindstorm, focusblast, grassknot, uturn] ttype=flying
INFO     Searching for a move using PUCT MCTS with neural priors...
INFO     Sampling 4 battles at 500ms each
INFO     Computing neural priors for all battles...
INFO     Initialized StateTranslator with TeamPreviewObservationSpace
INFO     Initializing LocalPolicyProvider with model: Minikazam
INFO     Loading pretrained Minikazam model...


 		 AMAGO v3.1
            	 -------------------------
            	 Agent: Agent
            		 Max Sequence Length: 64
            		 TstepEncoder Type: MetamonPerceiverTstepEncoder
            		 TrajEncoder Type: GRUTrajEncoder
            		 Total Parameters: 4,761,778
            		 Offline Loss Weight: 1.0
            		 Online Loss Weight: 0.0
            		 Mixed Precision: NO
            		 Checkpoint Path: /Users/yadureddy/Documents/GitHub/clean/pokeagent_ac_mcts/.metamon_cache/pretrained_models/models--jakegrigsby--metamon/snapshots/c5d1cb9abb6747066a325228845a5a8af3d12139/minikazam/minikazam/ckpts
            	 Environment:
            		 DummyAsyncVectorEnv(Gym Env x 1)
            		 Exploration Type: None
            	 Dataset: DoNothingDataset
            	 Accelerate Processes: 1 


INFO     Successfully loaded Minikazam model
ERROR    Error translating battle to observation: 
WARNING  Failed to get priors for battle: 
ERROR    Error translating battle to observation: 
WARNING  Failed to get priors for battle: 
ERROR    Error translating battle to observation: 
WARNING  Failed to get priors for battle: 
ERROR    Error translating battle to observation: 
WARNING  Failed to get priors for battle: 
INFO     Successfully computed neural priors for 0/4 battles
INFO     Using PUCT-guided move selection (priors integrated during search)...
INFO     Policy 0: switch lokix visited 98.78% avg_score=0.321 sample_chance_multiplier=0.25
INFO     Policy 1: switch lokix visited 99.32% avg_score=0.421 sample_chance_multiplier=0.25
INFO     Policy 2: switch lokix visited 95.42% avg_score=0.248 sample_chance_multiplier=0.25
INFO     Policy 3: switch lokix visited 96.9% avg_score=0.248 sample_chance_multiplier=0.25
INFO     Considered Choices:
INFO     	97.608%: switch lokix
INFO     Choice: switch lokix
INFO     lokix switched in, adding intimidate to impossible abilities
INFO     lokix switched in, adding pressure to impossible abilities
INFO     lokix switched in, adding neutralizinggas to impossible abilities
INFO     lokix switched in, adding sandstream to impossible abilities
INFO     lokix switched in, adding drought to impossible abilities
INFO     lokix switched in, adding drizzle to impossible abilities
INFO     lokix switched in, adding snowwarning to impossible abilities
INFO     lokix switched in, adding boosterenergy to impossible items
INFO     lokix switched in, adding airballoon to impossible items
INFO     
INFO     Turn: 18
INFO     Sampling battle 0
INFO     	     typhlosion        blaze  choicespecs [eruption, fireblast, focusblast, scorchingsands] ttype=fire
INFO     	      exeggutor      harvest         None [leechseed, psychic, sludgebomb, substitute] ttype=steel
INFO     	      palossand watercompaction    leftovers [earthpower, shadowball, shoreup, stealthrock] ttype=water
INFO     Sampling 3 unrevealed pokemon
INFO     	     archaludon      stamina     lumberry [earthquake, ironhead, outrage, swordsdance] ttype=ground
INFO     	  oricoriosensu       dancer heavydutyboots [hurricane, quiverdance, revelationdance, roost] ttype=fighting
INFO     	       glimmora  toxicdebris    focussash [earthpower, powergem, sludgewave, stealthrock] ttype=ground
INFO     Sampling battle 1
INFO     	     typhlosion    flashfire  choicespecs [eruption, fireblast, focusblast, scorchingsands] ttype=fire
INFO     	      exeggutor      harvest         None [calmmind, gigadrain, psychic, substitute] ttype=steel
INFO     	      palossand watercompaction    leftovers [earthpower, shadowball, shoreup, stealthrock] ttype=water
INFO     Sampling 3 unrevealed pokemon
INFO     	      toucannon    skilllink heavydutyboots [beakblast, boomburst, bulletseed, roost] ttype=steel
INFO     	        sableye    prankster    leftovers [encore, knockoff, recover, thunderwave] ttype=poison
INFO     	      glastrier chillingneigh heavydutyboots [closecombat, highhorsepower, iciclecrash, swordsdance] ttype=fighting
INFO     Sampling battle 2
INFO     	     typhlosion        blaze  choicespecs [eruption, fireblast, focusblast, scorchingsands] ttype=fire
INFO     	      exeggutor      harvest         None [calmmind, gigadrain, psychic, substitute] ttype=steel
INFO     	      palossand watercompaction    leftovers [earthpower, shadowball, shoreup, stealthrock] ttype=water
INFO     Sampling 3 unrevealed pokemon
INFO     	         komala     comatose   choiceband [doubleedge, knockoff, superpower, uturn] ttype=fighting
INFO     	       arcanine   intimidate heavydutyboots [closecombat, extremespeed, flareblitz, morningsun] ttype=normal
INFO     	         gogoat    sapsipper    leftovers [bulkup, hornleech, milkdrink, rockslide] ttype=water
INFO     Sampling battle 3
INFO     	     typhlosion    flashfire  choicespecs [eruption, fireblast, focusblast, scorchingsands] ttype=fire
INFO     	      exeggutor      harvest         None [calmmind, gigadrain, psychic, substitute] ttype=steel
INFO     	      palossand watercompaction    leftovers [earthpower, shadowball, shoreup, stealthrock] ttype=water
INFO     Sampling 3 unrevealed pokemon
INFO     	   squawkabilly         guts     flameorb [bravebird, facade, protect, quickattack] ttype=normal
INFO     	 ninetalesalola  snowwarning heavydutyboots [blizzard, encore, moonblast, nastyplot] ttype=water
INFO     	      excadrill  moldbreaker  assaultvest [earthquake, ironhead, rapidspin, rockslide] ttype=grass
INFO     Searching for a move using PUCT MCTS with neural priors...
INFO     Sampling 4 battles at 500ms each
INFO     Computing neural priors for all battles...
INFO     Initialized StateTranslator with TeamPreviewObservationSpace
INFO     Initializing LocalPolicyProvider with model: Minikazam
INFO     Loading pretrained Minikazam model...


 		 AMAGO v3.1
            	 -------------------------
            	 Agent: Agent
            		 Max Sequence Length: 64
            		 TstepEncoder Type: MetamonPerceiverTstepEncoder
            		 TrajEncoder Type: GRUTrajEncoder
            		 Total Parameters: 4,761,778
            		 Offline Loss Weight: 1.0
            		 Online Loss Weight: 0.0
            		 Mixed Precision: NO
            		 Checkpoint Path: /Users/yadureddy/Documents/GitHub/clean/pokeagent_ac_mcts/.metamon_cache/pretrained_models/models--jakegrigsby--metamon/snapshots/c5d1cb9abb6747066a325228845a5a8af3d12139/minikazam/minikazam/ckpts
            	 Environment:
            		 DummyAsyncVectorEnv(Gym Env x 1)
            		 Exploration Type: None
            	 Dataset: DoNothingDataset
            	 Accelerate Processes: 1 


INFO     Successfully loaded Minikazam model
ERROR    Error translating battle to observation: 
WARNING  Failed to get priors for battle: 
ERROR    Error translating battle to observation: 
WARNING  Failed to get priors for battle: 
ERROR    Error translating battle to observation: 
WARNING  Failed to get priors for battle: 
ERROR    Error translating battle to observation: 
WARNING  Failed to get priors for battle: 
INFO     Successfully computed neural priors for 0/4 battles
INFO     Using PUCT-guided move selection (priors integrated during search)...
INFO     Policy 0: suckerpunch visited 96.75% avg_score=0.271 sample_chance_multiplier=0.25
INFO     Policy 1: suckerpunch visited 94.28% avg_score=0.256 sample_chance_multiplier=0.25
INFO     Policy 2: suckerpunch visited 97.32% avg_score=0.427 sample_chance_multiplier=0.25
INFO     Policy 3: suckerpunch visited 54.35% avg_score=0.177 sample_chance_multiplier=0.25
INFO     Considered Choices:
INFO     	85.676%: suckerpunch
INFO     Choice: suckerpunch
INFO     Opponent has switched - clearing the last used move
INFO     granbull switched in, adding intimidate to impossible abilities
INFO     granbull switched in, adding pressure to impossible abilities
INFO     granbull switched in, adding neutralizinggas to impossible abilities
INFO     granbull switched in, adding sandstream to impossible abilities
INFO     granbull switched in, adding drought to impossible abilities
INFO     granbull switched in, adding drizzle to impossible abilities
INFO     granbull switched in, adding snowwarning to impossible abilities
INFO     granbull switched in, adding boosterenergy to impossible items
INFO     granbull switched in, adding airballoon to impossible items
INFO     Setting granbull's ability to intimidate
INFO     lokix's attack was unboosted by 1 to -1
INFO     lokix already has the move suckerpunch. Decrementing the PP by 1
INFO     lokix used a dark move, removing darkgem from possible items
INFO     Setting lokix's last used move: suckerpunch
INFO     lokix used a damaging move - not guessing lifeorb anymore
INFO     
INFO     Turn: 19
INFO     Sampling battle 0
INFO     	       granbull   intimidate    leftovers [earthquake, encore, playrough, thunderwave] ttype=ground
INFO     	      exeggutor      harvest         None [calmmind, gigadrain, psychic, substitute] ttype=steel
INFO     	      palossand watercompaction    leftovers [earthpower, shadowball, shoreup, stealthrock] ttype=water
INFO     	     typhlosion        blaze  choicespecs [eruption, fireblast, focusblast, scorchingsands] ttype=fire
INFO     Sampling 2 unrevealed pokemon
INFO     	      dragonite   multiscale heavydutyboots [dragondance, earthquake, outrage, terablast] ttype=flying
INFO     	      mismagius     levitate  choicespecs [energyball, mysticalfire, shadowball, trick] ttype=fire
INFO     Sampling battle 1
INFO     	       granbull   intimidate    leftovers [earthquake, playrough, roar, thunderwave] ttype=ground
INFO     	      exeggutor      harvest         None [calmmind, gigadrain, psychic, substitute] ttype=steel
INFO     	      palossand watercompaction    leftovers [earthpower, shadowball, shoreup, stealthrock] ttype=poison
INFO     	     typhlosion        blaze  choicespecs [eruption, fireblast, focusblast, scorchingsands] ttype=fire
INFO     Sampling 2 unrevealed pokemon
INFO     	       drifblim     unburden  sitrusberry [airslash, calmmind, shadowball, strengthsap] ttype=ghost
INFO     	         palkia     pressure  choicescarf [dracometeor, fireblast, hydropump, spacialrend] ttype=dragon
INFO     Sampling battle 2
INFO     	       granbull   intimidate    leftovers [earthquake, playrough, roar, thunderwave] ttype=ground
INFO     	      exeggutor      harvest         None [calmmind, gigadrain, psychic, substitute] ttype=steel
INFO     	      palossand watercompaction    leftovers [earthpower, shadowball, shoreup, stealthrock] ttype=water
INFO     	     typhlosion    flashfire  choicespecs [eruption, fireblast, focusblast, scorchingsands] ttype=fire
INFO     Sampling 2 unrevealed pokemon
INFO     	      dunsparce  serenegrace     eviolite [bodyslam, coil, earthquake, roost] ttype=ground
INFO     	          golem       sturdy weaknesspolicy [earthquake, explosion, rockpolish, stoneedge] ttype=grass
INFO     Sampling battle 3
INFO     	       granbull   intimidate    leftovers [earthquake, playrough, roar, thunderwave] ttype=ground
INFO     	      exeggutor      harvest         None [leechseed, psychic, sludgebomb, substitute] ttype=steel
INFO     	      palossand watercompaction    leftovers [earthpower, shadowball, shoreup, stealthrock] ttype=water
INFO     	     typhlosion    flashfire  choicespecs [eruption, fireblast, focusblast, scorchingsands] ttype=fire
INFO     Sampling 2 unrevealed pokemon
INFO     	        volbeat    prankster heavydutyboots [encore, lunge, roost, thunderwave] ttype=water
INFO     	   dugtrioalola tanglinghair      lifeorb [earthquake, ironhead, stoneedge, swordsdance] ttype=ground
INFO     Searching for a move using PUCT MCTS with neural priors...
INFO     Sampling 4 battles at 500ms each
INFO     Computing neural priors for all battles...
INFO     Initialized StateTranslator with TeamPreviewObservationSpace
INFO     Initializing LocalPolicyProvider with model: Minikazam
INFO     Loading pretrained Minikazam model...


 		 AMAGO v3.1
            	 -------------------------
            	 Agent: Agent
            		 Max Sequence Length: 64
            		 TstepEncoder Type: MetamonPerceiverTstepEncoder
            		 TrajEncoder Type: GRUTrajEncoder
            		 Total Parameters: 4,761,778
            		 Offline Loss Weight: 1.0
            		 Online Loss Weight: 0.0
            		 Mixed Precision: NO
            		 Checkpoint Path: /Users/yadureddy/Documents/GitHub/clean/pokeagent_ac_mcts/.metamon_cache/pretrained_models/models--jakegrigsby--metamon/snapshots/c5d1cb9abb6747066a325228845a5a8af3d12139/minikazam/minikazam/ckpts
            	 Environment:
            		 DummyAsyncVectorEnv(Gym Env x 1)
            		 Exploration Type: None
            	 Dataset: DoNothingDataset
            	 Accelerate Processes: 1 


INFO     Successfully loaded Minikazam model
ERROR    Error translating battle to observation: 
WARNING  Failed to get priors for battle: 
ERROR    Error translating battle to observation: 
WARNING  Failed to get priors for battle: 
ERROR    Error translating battle to observation: 
WARNING  Failed to get priors for battle: 
ERROR    Error translating battle to observation: 
WARNING  Failed to get priors for battle: 
INFO     Successfully computed neural priors for 0/4 battles
INFO     Using PUCT-guided move selection (priors integrated during search)...
INFO     Policy 0: switch donphan visited 89.67% avg_score=0.49 sample_chance_multiplier=0.25
INFO     Policy 1: switch archaludon visited 42.37% avg_score=0.368 sample_chance_multiplier=0.25
INFO     Policy 2: switch donphan visited 97.16% avg_score=0.691 sample_chance_multiplier=0.25
INFO     Policy 3: switch donphan visited 63.29% avg_score=0.471 sample_chance_multiplier=0.25
INFO     Considered Choices:
INFO     	67.398%: switch donphan
INFO     Choice: switch donphan
INFO     donphan switched in, adding intimidate to impossible abilities
INFO     donphan switched in, adding pressure to impossible abilities
INFO     donphan switched in, adding neutralizinggas to impossible abilities
INFO     donphan switched in, adding sandstream to impossible abilities
INFO     donphan switched in, adding drought to impossible abilities
INFO     donphan switched in, adding drizzle to impossible abilities
INFO     donphan switched in, adding snowwarning to impossible abilities
INFO     donphan switched in, adding boosterenergy to impossible items
INFO     donphan switched in, adding airballoon to impossible items
INFO     granbull used a status-move. Adding `assaultvest` to impossible items
INFO     Setting granbull's last used move: thunderwave
INFO     Setting donphan's item to: leftovers
INFO     
INFO     Turn: 20
INFO     Sampling battle 0
INFO     	       granbull   intimidate    leftovers [earthquake, encore, playrough, thunderwave] ttype=ground
INFO     	      exeggutor      harvest         None [leechseed, psychic, sludgebomb, substitute] ttype=steel
INFO     	      palossand watercompaction    leftovers [earthpower, shadowball, shoreup, stealthrock] ttype=poison
INFO     	     typhlosion        blaze  choicespecs [eruption, fireblast, focusblast, scorchingsands] ttype=fire
INFO     Sampling 2 unrevealed pokemon
INFO     	       venomoth   tintedlens heavydutyboots [bugbuzz, quiverdance, sleeppowder, sludgewave] ttype=poison
INFO     	   deoxysattack     pressure      lifeorb [icebeam, knockoff, psychoboost, superpower] ttype=dark
INFO     Sampling battle 1
INFO     	       granbull   intimidate    leftovers [earthquake, playrough, roar, thunderwave] ttype=ground
INFO     	      exeggutor      harvest         None [leechseed, psychic, sludgebomb, substitute] ttype=steel
INFO     	      palossand watercompaction    leftovers [earthpower, shadowball, shoreup, stealthrock] ttype=water
INFO     	     typhlosion        blaze  choicespecs [eruption, fireblast, focusblast, scorchingsands] ttype=fire
INFO     Sampling 2 unrevealed pokemon
INFO     	    arceussteel    multitype    ironplate [calmmind, earthpower, judgment, recover] ttype=ghost
INFO     	        wugtrio        gooey   choiceband [aquajet, liquidation, stompingtantrum, throatchop] ttype=dark
INFO     Sampling battle 2
INFO     	       granbull   intimidate    leftovers [earthquake, encore, playrough, thunderwave] ttype=ground
INFO     	      exeggutor      harvest         None [leechseed, psychic, sludgebomb, substitute] ttype=steel
INFO     	      palossand watercompaction    leftovers [earthpower, shadowball, shoreup, stealthrock] ttype=water
INFO     	     typhlosion        blaze  choicespecs [eruption, fireblast, focusblast, scorchingsands] ttype=fire
INFO     Sampling 2 unrevealed pokemon
INFO     	     tentacruel   liquidooze    leftovers [flipturn, sludgebomb, surf, toxicspikes] ttype=flying
INFO     	         dialga     pressure    leftovers [dracometeor, fireblast, heavyslam, thunderwave] ttype=flying
INFO     Sampling battle 3
INFO     	       granbull   intimidate    leftovers [earthquake, playrough, roar, thunderwave] ttype=ground
INFO     	      exeggutor      harvest         None [calmmind, gigadrain, psychic, substitute] ttype=steel
INFO     	      palossand watercompaction    leftovers [earthpower, shadowball, shoreup, stealthrock] ttype=water
INFO     	     typhlosion        blaze  choicespecs [eruption, fireblast, focusblast, scorchingsands] ttype=fire
INFO     Sampling 2 unrevealed pokemon
INFO     	       sunflora  chlorophyll      lifeorb [earthpower, solarbeam, sunnyday, weatherball] ttype=fire
INFO     	      ironcrown   quarkdrive    leftovers [calmmind, focusblast, psyshock, tachyoncutter] ttype=steel
INFO     Searching for a move using PUCT MCTS with neural priors...
INFO     Sampling 4 battles at 500ms each
INFO     Computing neural priors for all battles...
INFO     Initialized StateTranslator with TeamPreviewObservationSpace
INFO     Initializing LocalPolicyProvider with model: Minikazam
INFO     Loading pretrained Minikazam model...


 		 AMAGO v3.1
            	 -------------------------
            	 Agent: Agent
            		 Max Sequence Length: 64
            		 TstepEncoder Type: MetamonPerceiverTstepEncoder
            		 TrajEncoder Type: GRUTrajEncoder
            		 Total Parameters: 4,761,778
            		 Offline Loss Weight: 1.0
            		 Online Loss Weight: 0.0
            		 Mixed Precision: NO
            		 Checkpoint Path: /Users/yadureddy/Documents/GitHub/clean/pokeagent_ac_mcts/.metamon_cache/pretrained_models/models--jakegrigsby--metamon/snapshots/c5d1cb9abb6747066a325228845a5a8af3d12139/minikazam/minikazam/ckpts
            	 Environment:
            		 DummyAsyncVectorEnv(Gym Env x 1)
            		 Exploration Type: None
            	 Dataset: DoNothingDataset
            	 Accelerate Processes: 1 


INFO     Successfully loaded Minikazam model
ERROR    Error translating battle to observation: 
WARNING  Failed to get priors for battle: 
ERROR    Error translating battle to observation: 
WARNING  Failed to get priors for battle: 
ERROR    Error translating battle to observation: 
WARNING  Failed to get priors for battle: 
ERROR    Error translating battle to observation: 
WARNING  Failed to get priors for battle: 
INFO     Successfully computed neural priors for 0/4 battles
INFO     Using PUCT-guided move selection (priors integrated during search)...
INFO     Policy 0: earthquake visited 91.73% avg_score=0.457 sample_chance_multiplier=0.25
INFO     Policy 1: earthquake visited 89.72% avg_score=0.471 sample_chance_multiplier=0.25
INFO     Policy 2: earthquake visited 96.9% avg_score=0.532 sample_chance_multiplier=0.25
INFO     Policy 3: earthquake visited 84.59% avg_score=0.436 sample_chance_multiplier=0.25
INFO     Considered Choices:
INFO     	90.734%: earthquake
INFO     Choice: earthquake
INFO     Opponent has switched - clearing the last used move
INFO     dondozo switched in, adding intimidate to impossible abilities
INFO     dondozo switched in, adding pressure to impossible abilities
INFO     dondozo switched in, adding neutralizinggas to impossible abilities
INFO     dondozo switched in, adding sandstream to impossible abilities
INFO     dondozo switched in, adding drought to impossible abilities
INFO     dondozo switched in, adding drizzle to impossible abilities
INFO     dondozo switched in, adding snowwarning to impossible abilities
INFO     dondozo switched in, adding boosterenergy to impossible items
INFO     dondozo switched in, adding airballoon to impossible items
INFO     donphan already has the move earthquake. Decrementing the PP by 1
INFO     donphan used a ground move, removing groundgem from possible items
INFO     Setting donphan's last used move: earthquake
INFO     donphan used a damaging move - not guessing lifeorb anymore
INFO     donphan did 30.0% damage to dondozo with earthquake
INFO     Setting dondozo's item to: leftovers
INFO     dondozo has less than maxhp during upkeep, no longer guessing leftovers or blacksludge
INFO     
INFO     Turn: 21
INFO     Sampling battle 0
INFO     	        dondozo      unaware    leftovers [curse, rest, sleeptalk, wavecrash] ttype=fairy
INFO     	      exeggutor      harvest         None [leechseed, psychic, sludgebomb, substitute] ttype=steel
INFO     	      palossand watercompaction    leftovers [earthpower, shadowball, shoreup, stealthrock] ttype=poison
INFO     	     typhlosion    flashfire  choicespecs [eruption, fireblast, focusblast, scorchingsands] ttype=fire
INFO     	       granbull   intimidate    leftovers [earthquake, encore, playrough, thunderwave] ttype=ground
INFO     Sampling 1 unrevealed pokemon
INFO     	       blaziken   speedboost      lifeorb [closecombat, flareblitz, knockoff, swordsdance] ttype=dark
INFO     Sampling battle 1
INFO     	        dondozo      unaware    leftovers [curse, rest, sleeptalk, wavecrash] ttype=fairy
INFO     	      exeggutor      harvest         None [leechseed, psychic, sludgebomb, substitute] ttype=steel
INFO     	      palossand watercompaction    leftovers [earthpower, shadowball, shoreup, stealthrock] ttype=water
INFO     	     typhlosion        blaze  choicespecs [eruption, fireblast, focusblast, scorchingsands] ttype=fire
INFO     	       granbull   intimidate    leftovers [earthquake, encore, playrough, thunderwave] ttype=ground
INFO     Sampling 1 unrevealed pokemon
INFO     	        avalugg       sturdy heavydutyboots [avalanche, bodypress, rapidspin, recover] ttype=fighting
INFO     Sampling battle 2
INFO     	        dondozo      unaware    leftovers [curse, rest, sleeptalk, wavecrash] ttype=fairy
INFO     	      exeggutor      harvest         None [calmmind, gigadrain, psychic, substitute] ttype=steel
INFO     	      palossand watercompaction    leftovers [earthpower, shadowball, shoreup, stealthrock] ttype=water
INFO     	     typhlosion    flashfire  choicespecs [eruption, fireblast, focusblast, scorchingsands] ttype=fire
INFO     	       granbull   intimidate    leftovers [earthquake, playrough, roar, thunderwave] ttype=ground
INFO     Sampling 1 unrevealed pokemon
INFO     	          azelf     levitate  choicespecs [dazzlinggleam, psyshock, thunderbolt, trick] ttype=fairy
INFO     Sampling battle 3
INFO     	        dondozo      unaware    leftovers [curse, rest, sleeptalk, wavecrash] ttype=fairy
INFO     	      exeggutor      harvest         None [calmmind, gigadrain, psychic, substitute] ttype=steel
INFO     	      palossand watercompaction    leftovers [earthpower, shadowball, shoreup, stealthrock] ttype=water
INFO     	     typhlosion    flashfire  choicespecs [eruption, fireblast, focusblast, scorchingsands] ttype=fire
INFO     	       granbull   intimidate    leftovers [earthquake, playrough, roar, thunderwave] ttype=ground
INFO     Sampling 1 unrevealed pokemon
INFO     	  braviaryhisui   tintedlens heavydutyboots [defog, esperwing, hurricane, roost] ttype=psychic
INFO     Searching for a move using PUCT MCTS with neural priors...
INFO     Sampling 4 battles at 500ms each
INFO     Computing neural priors for all battles...
INFO     Initialized StateTranslator with TeamPreviewObservationSpace
INFO     Initializing LocalPolicyProvider with model: Minikazam
INFO     Loading pretrained Minikazam model...


 		 AMAGO v3.1
            	 -------------------------
            	 Agent: Agent
            		 Max Sequence Length: 64
            		 TstepEncoder Type: MetamonPerceiverTstepEncoder
            		 TrajEncoder Type: GRUTrajEncoder
            		 Total Parameters: 4,761,778
            		 Offline Loss Weight: 1.0
            		 Online Loss Weight: 0.0
            		 Mixed Precision: NO
            		 Checkpoint Path: /Users/yadureddy/Documents/GitHub/clean/pokeagent_ac_mcts/.metamon_cache/pretrained_models/models--jakegrigsby--metamon/snapshots/c5d1cb9abb6747066a325228845a5a8af3d12139/minikazam/minikazam/ckpts
            	 Environment:
            		 DummyAsyncVectorEnv(Gym Env x 1)
            		 Exploration Type: None
            	 Dataset: DoNothingDataset
            	 Accelerate Processes: 1 


INFO     Successfully loaded Minikazam model
ERROR    Error translating battle to observation: 
WARNING  Failed to get priors for battle: 
ERROR    Error translating battle to observation: 
WARNING  Failed to get priors for battle: 
ERROR    Error translating battle to observation: 
WARNING  Failed to get priors for battle: 
ERROR    Error translating battle to observation: 
WARNING  Failed to get priors for battle: 
INFO     Successfully computed neural priors for 0/4 battles
INFO     Using PUCT-guided move selection (priors integrated during search)...
INFO     Policy 0: stealthrock visited 52.9% avg_score=0.472 sample_chance_multiplier=0.25
INFO     Policy 1: earthquake visited 49.2% avg_score=0.447 sample_chance_multiplier=0.25
INFO     Policy 2: earthquake visited 74.29% avg_score=0.516 sample_chance_multiplier=0.25
INFO     Policy 3: stealthrock visited 40.57% avg_score=0.424 sample_chance_multiplier=0.25
INFO     Considered Choices:
INFO     	37.89%: earthquake
INFO     	33.922%: stealthrock
INFO     Choice: stealthrock
INFO     Updated dondozo's max speed to 132
INFO     donphan already has the move stealthrock. Decrementing the PP by 1
INFO     donphan used a status-move. Adding `assaultvest` to impossible items
INFO     Setting donphan's last used move: stealthrock
INFO     Incremented side condition stealthrock to 1 for dondozo
INFO     dondozo used a water move, removing watergem from possible items
INFO     Setting dondozo's last used move: wavecrash
INFO     dondozo used a damaging move - not guessing lifeorb anymore
INFO     dondozo did 61.11% damage to donphan with wavecrash
INFO     Setting donphan's item to: leftovers
INFO     Setting dondozo's item to: leftovers
INFO     dondozo has less than maxhp during upkeep, no longer guessing leftovers or blacksludge
INFO     
INFO     Turn: 22
INFO     Sampling battle 0
INFO     	        dondozo      unaware    leftovers [curse, rest, sleeptalk, wavecrash] ttype=dragon
INFO     	      exeggutor      harvest         None [leechseed, psychic, sleeppowder, substitute] ttype=steel
INFO     	      palossand watercompaction    leftovers [earthpower, shadowball, shoreup, stealthrock] ttype=poison
INFO     	     typhlosion    flashfire  choicespecs [eruption, fireblast, focusblast, scorchingsands] ttype=fire
INFO     	       granbull   intimidate    leftovers [earthquake, playrough, roar, thunderwave] ttype=ground
INFO     Sampling 1 unrevealed pokemon
INFO     	       drifblim    aftermath heavydutyboots [airslash, defog, shadowball, strengthsap] ttype=ghost
INFO     Sampling battle 1
INFO     	        dondozo      unaware    leftovers [curse, rest, sleeptalk, wavecrash] ttype=dragon
INFO     	      exeggutor      harvest         None [leechseed, psychic, sludgebomb, substitute] ttype=steel
INFO     	      palossand watercompaction    leftovers [earthpower, shadowball, shoreup, stealthrock] ttype=poison
INFO     	     typhlosion        blaze  choicespecs [eruption, fireblast, focusblast, scorchingsands] ttype=fire
INFO     	       granbull   intimidate    leftovers [earthquake, playrough, roar, thunderwave] ttype=ground
INFO     Sampling 1 unrevealed pokemon
INFO     	        ogerpon      defiant      lifeorb [ivycudgel, knockoff, superpower, synthesis] ttype=grass
INFO     Sampling battle 2
INFO     	        dondozo      unaware    leftovers [curse, rest, sleeptalk, wavecrash] ttype=fairy
INFO     	      exeggutor      harvest         None [calmmind, gigadrain, psychic, substitute] ttype=steel
INFO     	      palossand watercompaction    leftovers [earthpower, shadowball, shoreup, stealthrock] ttype=poison
INFO     	     typhlosion        blaze  choicespecs [eruption, fireblast, focusblast, scorchingsands] ttype=fire
INFO     	       granbull   intimidate    leftovers [earthquake, playrough, roar, thunderwave] ttype=ground
INFO     Sampling 1 unrevealed pokemon
INFO     	      volcanion  waterabsorb  choicespecs [earthpower, flamethrower, sludgebomb, steameruption] ttype=water
INFO     Sampling battle 3
INFO     	        dondozo      unaware    leftovers [curse, rest, sleeptalk, wavecrash] ttype=fairy
INFO     	      exeggutor      harvest         None [calmmind, gigadrain, psychic, substitute] ttype=steel
INFO     	      palossand watercompaction    leftovers [earthpower, shadowball, shoreup, stealthrock] ttype=poison
INFO     	     typhlosion        blaze  choicespecs [eruption, fireblast, focusblast, scorchingsands] ttype=fire
INFO     	       granbull   intimidate    leftovers [earthquake, encore, playrough, thunderwave] ttype=ground
INFO     Sampling 1 unrevealed pokemon
INFO     	       ampharos       static  assaultvest [dazzlinggleam, discharge, dragontail, voltswitch] ttype=fairy
INFO     Searching for a move using PUCT MCTS with neural priors...
INFO     Sampling 4 battles at 500ms each
INFO     Computing neural priors for all battles...
INFO     Initialized StateTranslator with TeamPreviewObservationSpace
INFO     Initializing LocalPolicyProvider with model: Minikazam
INFO     Loading pretrained Minikazam model...


 		 AMAGO v3.1
            	 -------------------------
            	 Agent: Agent
            		 Max Sequence Length: 64
            		 TstepEncoder Type: MetamonPerceiverTstepEncoder
            		 TrajEncoder Type: GRUTrajEncoder
            		 Total Parameters: 4,761,778
            		 Offline Loss Weight: 1.0
            		 Online Loss Weight: 0.0
            		 Mixed Precision: NO
            		 Checkpoint Path: /Users/yadureddy/Documents/GitHub/clean/pokeagent_ac_mcts/.metamon_cache/pretrained_models/models--jakegrigsby--metamon/snapshots/c5d1cb9abb6747066a325228845a5a8af3d12139/minikazam/minikazam/ckpts
            	 Environment:
            		 DummyAsyncVectorEnv(Gym Env x 1)
            		 Exploration Type: None
            	 Dataset: DoNothingDataset
            	 Accelerate Processes: 1 


INFO     Successfully loaded Minikazam model
ERROR    Error translating battle to observation: 
WARNING  Failed to get priors for battle: 
ERROR    Error translating battle to observation: 
WARNING  Failed to get priors for battle: 
ERROR    Error translating battle to observation: 
WARNING  Failed to get priors for battle: 
ERROR    Error translating battle to observation: 
WARNING  Failed to get priors for battle: 
INFO     Successfully computed neural priors for 0/4 battles
INFO     Using PUCT-guided move selection (priors integrated during search)...
INFO     Policy 0: earthquake visited 63.76% avg_score=0.445 sample_chance_multiplier=0.25
INFO     Policy 1: rapidspin visited 38.07% avg_score=0.411 sample_chance_multiplier=0.25
INFO     Policy 2: earthquake visited 42.07% avg_score=0.461 sample_chance_multiplier=0.25
INFO     Policy 3: switch archaludon visited 35.03% avg_score=0.408 sample_chance_multiplier=0.25
INFO     Considered Choices:
INFO     	35.05%: earthquake
INFO     	28.4%: rapidspin
INFO     Choice: earthquake
INFO     Updated dondozo's max speed to 132
INFO     donphan already has the move earthquake. Decrementing the PP by 1
INFO     donphan used a ground move, removing groundgem from possible items
INFO     Setting donphan's last used move: earthquake
INFO     donphan used a damaging move - not guessing lifeorb anymore
INFO     donphan did 28.999999999999996% damage to dondozo with earthquake
INFO     dondozo already has the move wavecrash. Decrementing the PP by 1
INFO     dondozo used a water move, removing watergem from possible items
INFO     Setting dondozo's last used move: wavecrash
INFO     dondozo used a damaging move - not guessing lifeorb anymore
INFO     dondozo did 45.14% damage to donphan with wavecrash
INFO     Setting dondozo's item to: leftovers
INFO     dondozo has less than maxhp during upkeep, no longer guessing leftovers or blacksludge
INFO     Sampling battle 0
INFO     	        dondozo      unaware    leftovers [curse, rest, sleeptalk, wavecrash] ttype=fairy
INFO     	      exeggutor      harvest         None [calmmind, gigadrain, psychic, substitute] ttype=steel
INFO     	      palossand watercompaction    leftovers [earthpower, shadowball, shoreup, stealthrock] ttype=poison
INFO     	     typhlosion        blaze  choicespecs [eruption, fireblast, focusblast, scorchingsands] ttype=fire
INFO     	       granbull   intimidate    leftovers [earthquake, playrough, roar, thunderwave] ttype=ground
INFO     Sampling 1 unrevealed pokemon
INFO     	    basculegion adaptability  assaultvest [aquajet, flipturn, shadowball, wavecrash] ttype=water
INFO     Sampling battle 1
INFO     	        dondozo      unaware    leftovers [curse, rest, sleeptalk, wavecrash] ttype=dragon
INFO     	      exeggutor      harvest         None [calmmind, gigadrain, psychic, substitute] ttype=steel
INFO     	      palossand watercompaction    leftovers [earthpower, shadowball, shoreup, stealthrock] ttype=water
INFO     	     typhlosion    flashfire  choicespecs [eruption, fireblast, focusblast, scorchingsands] ttype=fire
INFO     	       granbull   intimidate    leftovers [earthquake, playrough, roar, thunderwave] ttype=ground
INFO     Sampling 1 unrevealed pokemon
INFO     	        diancie    clearbody    leftovers [bodypress, diamondstorm, moonblast, stealthrock] ttype=fighting
INFO     Sampling battle 2
INFO     	        dondozo      unaware    leftovers [curse, rest, sleeptalk, wavecrash] ttype=fairy
INFO     	      exeggutor      harvest         None [calmmind, gigadrain, psychic, substitute] ttype=steel
INFO     	      palossand watercompaction    leftovers [earthpower, shadowball, shoreup, stealthrock] ttype=poison
INFO     	     typhlosion    flashfire  choicespecs [eruption, fireblast, focusblast, scorchingsands] ttype=fire
INFO     	       granbull   intimidate    leftovers [earthquake, encore, playrough, thunderwave] ttype=ground
INFO     Sampling 1 unrevealed pokemon
INFO     	        volbeat    prankster heavydutyboots [encore, lunge, roost, thunderwave] ttype=steel
INFO     Sampling battle 3
INFO     	        dondozo      unaware    leftovers [curse, rest, sleeptalk, wavecrash] ttype=dragon
INFO     	      exeggutor      harvest         None [calmmind, gigadrain, psychic, substitute] ttype=steel
INFO     	      palossand watercompaction    leftovers [earthpower, shadowball, shoreup, stealthrock] ttype=water
INFO     	     typhlosion        blaze  choicespecs [eruption, fireblast, focusblast, scorchingsands] ttype=fire
INFO     	       granbull   intimidate    leftovers [earthquake, playrough, roar, thunderwave] ttype=ground
INFO     Sampling 1 unrevealed pokemon
INFO     	      pecharunt poisonpuppeteer  rockyhelmet [malignantchain, partingshot, recover, shadowball] ttype=dark
INFO     Searching for a move using PUCT MCTS with neural priors...
INFO     Sampling 4 battles at 500ms each
INFO     Computing neural priors for all battles...
INFO     Initialized StateTranslator with TeamPreviewObservationSpace
INFO     Initializing LocalPolicyProvider with model: Minikazam
INFO     Loading pretrained Minikazam model...


 		 AMAGO v3.1
            	 -------------------------
            	 Agent: Agent
            		 Max Sequence Length: 64
            		 TstepEncoder Type: MetamonPerceiverTstepEncoder
            		 TrajEncoder Type: GRUTrajEncoder
            		 Total Parameters: 4,761,778
            		 Offline Loss Weight: 1.0
            		 Online Loss Weight: 0.0
            		 Mixed Precision: NO
            		 Checkpoint Path: /Users/yadureddy/Documents/GitHub/clean/pokeagent_ac_mcts/.metamon_cache/pretrained_models/models--jakegrigsby--metamon/snapshots/c5d1cb9abb6747066a325228845a5a8af3d12139/minikazam/minikazam/ckpts
            	 Environment:
            		 DummyAsyncVectorEnv(Gym Env x 1)
            		 Exploration Type: None
            	 Dataset: DoNothingDataset
            	 Accelerate Processes: 1 


INFO     Successfully loaded Minikazam model
ERROR    Error translating battle to observation: 
WARNING  Failed to get priors for battle: 
ERROR    Error translating battle to observation: 
WARNING  Failed to get priors for battle: 
ERROR    Error translating battle to observation: 
WARNING  Failed to get priors for battle: 
ERROR    Error translating battle to observation: 
WARNING  Failed to get priors for battle: 
INFO     Successfully computed neural priors for 0/4 battles
INFO     Using PUCT-guided move selection (priors integrated during search)...
INFO     Policy 0: switch archaludon visited 98.93% avg_score=0.522 sample_chance_multiplier=0.25
INFO     Policy 1: switch archaludon visited 99.06% avg_score=0.533 sample_chance_multiplier=0.25
INFO     Policy 2: switch lokix visited 75.69% avg_score=0.379 sample_chance_multiplier=0.25
INFO     Policy 3: switch lokix visited 79.21% avg_score=0.381 sample_chance_multiplier=0.25
INFO     Considered Choices:
INFO     	60.771%: switch archaludon
INFO     Choice: switch archaludon
INFO     archaludon switched in, adding intimidate to impossible abilities
INFO     archaludon switched in, adding pressure to impossible abilities
INFO     archaludon switched in, adding neutralizinggas to impossible abilities
INFO     archaludon switched in, adding sandstream to impossible abilities
INFO     archaludon switched in, adding drought to impossible abilities
INFO     archaludon switched in, adding drizzle to impossible abilities
INFO     archaludon switched in, adding snowwarning to impossible abilities
INFO     archaludon switched in, adding boosterenergy to impossible items
INFO     archaludon switched in, adding airballoon to impossible items
INFO     
INFO     Turn: 23
INFO     Sampling battle 0
INFO     	        dondozo      unaware    leftovers [curse, rest, sleeptalk, wavecrash] ttype=fairy
INFO     	      exeggutor      harvest         None [calmmind, gigadrain, psychic, substitute] ttype=steel
INFO     	      palossand watercompaction    leftovers [earthpower, shadowball, shoreup, stealthrock] ttype=poison
INFO     	     typhlosion    flashfire  choicespecs [eruption, fireblast, focusblast, scorchingsands] ttype=fire
INFO     	       granbull   intimidate    leftovers [earthquake, encore, playrough, thunderwave] ttype=ground
INFO     Sampling 1 unrevealed pokemon
INFO     	          klawf   angershell  sitrusberry [crabhammer, highhorsepower, stoneedge, swordsdance] ttype=water
INFO     Sampling battle 1
INFO     	        dondozo      unaware    leftovers [curse, rest, sleeptalk, wavecrash] ttype=fairy
INFO     	      exeggutor      harvest         None [leechseed, psychic, sleeppowder, substitute] ttype=steel
INFO     	      palossand watercompaction    leftovers [earthpower, shadowball, shoreup, stealthrock] ttype=poison
INFO     	     typhlosion        blaze  choicespecs [eruption, fireblast, focusblast, scorchingsands] ttype=fire
INFO     	       granbull   intimidate    leftovers [earthquake, encore, playrough, thunderwave] ttype=ground
INFO     Sampling 1 unrevealed pokemon
INFO     	   arceusground    multitype   earthplate [earthquake, extremespeed, stoneedge, swordsdance] ttype=normal
INFO     Sampling battle 2
INFO     	        dondozo      unaware    leftovers [curse, rest, sleeptalk, wavecrash] ttype=dragon
INFO     	      exeggutor      harvest         None [calmmind, gigadrain, psychic, substitute] ttype=steel
INFO     	      palossand watercompaction    leftovers [earthpower, shadowball, shoreup, stealthrock] ttype=water
INFO     	     typhlosion    flashfire  choicespecs [eruption, fireblast, focusblast, scorchingsands] ttype=fire
INFO     	       granbull   intimidate    leftovers [earthquake, playrough, roar, thunderwave] ttype=ground
INFO     Sampling 1 unrevealed pokemon
INFO     	         plusle lightningrod      lifeorb [encore, grassknot, nastyplot, thunderbolt] ttype=grass
INFO     Sampling battle 3
INFO     	        dondozo      unaware    leftovers [curse, rest, sleeptalk, wavecrash] ttype=dragon
INFO     	      exeggutor      harvest         None [calmmind, gigadrain, psychic, substitute] ttype=steel
INFO     	      palossand watercompaction    leftovers [earthpower, shadowball, shoreup, stealthrock] ttype=poison
INFO     	     typhlosion    flashfire  choicespecs [eruption, fireblast, focusblast, scorchingsands] ttype=fire
INFO     	       granbull   intimidate    leftovers [earthquake, playrough, roar, thunderwave] ttype=ground
INFO     Sampling 1 unrevealed pokemon
INFO     	       enamorus    cutecharm    leftovers [calmmind, earthpower, moonblast, substitute] ttype=ground
INFO     Searching for a move using PUCT MCTS with neural priors...
INFO     Sampling 4 battles at 500ms each
INFO     Computing neural priors for all battles...
INFO     Initialized StateTranslator with TeamPreviewObservationSpace
INFO     Initializing LocalPolicyProvider with model: Minikazam
INFO     Loading pretrained Minikazam model...


 		 AMAGO v3.1
            	 -------------------------
            	 Agent: Agent
            		 Max Sequence Length: 64
            		 TstepEncoder Type: MetamonPerceiverTstepEncoder
            		 TrajEncoder Type: GRUTrajEncoder
            		 Total Parameters: 4,761,778
            		 Offline Loss Weight: 1.0
            		 Online Loss Weight: 0.0
            		 Mixed Precision: NO
            		 Checkpoint Path: /Users/yadureddy/Documents/GitHub/clean/pokeagent_ac_mcts/.metamon_cache/pretrained_models/models--jakegrigsby--metamon/snapshots/c5d1cb9abb6747066a325228845a5a8af3d12139/minikazam/minikazam/ckpts
            	 Environment:
            		 DummyAsyncVectorEnv(Gym Env x 1)
            		 Exploration Type: None
            	 Dataset: DoNothingDataset
            	 Accelerate Processes: 1 


INFO     Successfully loaded Minikazam model
ERROR    Error translating battle to observation: 
WARNING  Failed to get priors for battle: 
ERROR    Error translating battle to observation: 
WARNING  Failed to get priors for battle: 
ERROR    Error translating battle to observation: 
WARNING  Failed to get priors for battle: 
ERROR    Error translating battle to observation: 
WARNING  Failed to get priors for battle: 
INFO     Successfully computed neural priors for 0/4 battles
INFO     Using PUCT-guided move selection (priors integrated during search)...
INFO     Policy 0: swordsdance visited 71.3% avg_score=0.555 sample_chance_multiplier=0.25
INFO     Policy 1: swordsdance visited 36.33% avg_score=0.097 sample_chance_multiplier=0.25
INFO     Policy 2: earthquake visited 53.85% avg_score=0.507 sample_chance_multiplier=0.25
INFO     Policy 3: earthquake visited 48.54% avg_score=0.505 sample_chance_multiplier=0.25
INFO     Considered Choices:
INFO     	34.634%: earthquake
INFO     	31.582%: swordsdance
INFO     	30.417%: ironhead
INFO     Choice: ironhead
INFO     Opponent has switched - clearing the last used move
INFO     grumpig switched in, adding intimidate to impossible abilities
INFO     grumpig switched in, adding pressure to impossible abilities
INFO     grumpig switched in, adding neutralizinggas to impossible abilities
INFO     grumpig switched in, adding sandstream to impossible abilities
INFO     grumpig switched in, adding drought to impossible abilities
INFO     grumpig switched in, adding drizzle to impossible abilities
INFO     grumpig switched in, adding snowwarning to impossible abilities
INFO     grumpig switched in, adding boosterenergy to impossible items
INFO     grumpig switched in, adding airballoon to impossible items
INFO     grumpig was affected by stealthrock, it cannot have heavydutyboots
INFO     archaludon already has the move ironhead. Decrementing the PP by 1
INFO     archaludon used a steel move, removing steelgem from possible items
INFO     Setting archaludon's last used move: ironhead
INFO     archaludon used a damaging move - not guessing lifeorb anymore
INFO     archaludon did 30.0% damage to grumpig with ironhead
INFO     grumpig has less than maxhp during upkeep, no longer guessing leftovers or blacksludge
INFO     
INFO     Turn: 24
INFO     Sampling battle 0
INFO     	        grumpig     thickfat  choicescarf [earthpower, focusblast, psyshock, trick] ttype=ground
INFO     	      exeggutor      harvest         None [leechseed, psychic, sleeppowder, substitute] ttype=steel
INFO     	      palossand watercompaction    leftovers [earthpower, shadowball, shoreup, stealthrock] ttype=poison
INFO     	     typhlosion        blaze  choicespecs [eruption, fireblast, focusblast, scorchingsands] ttype=fire
INFO     	       granbull   intimidate    leftovers [earthquake, playrough, roar, thunderwave] ttype=ground
INFO     	        dondozo      unaware    leftovers [curse, rest, sleeptalk, wavecrash] ttype=fairy
INFO     Sampling battle 1
INFO     	        grumpig     thickfat  choicescarf [focusblast, psyshock, shadowball, trick] ttype=fighting
INFO     	      exeggutor      harvest         None [leechseed, psychic, sludgebomb, substitute] ttype=steel
INFO     	      palossand watercompaction    leftovers [earthpower, shadowball, shoreup, stealthrock] ttype=water
INFO     	     typhlosion    flashfire  choicespecs [eruption, fireblast, focusblast, scorchingsands] ttype=fire
INFO     	       granbull   intimidate    leftovers [earthquake, encore, playrough, thunderwave] ttype=ground
INFO     	        dondozo      unaware    leftovers [curse, rest, sleeptalk, wavecrash] ttype=fairy
INFO     Sampling battle 2
INFO     	        grumpig     thickfat  choicescarf [earthpower, psyshock, shadowball, trick] ttype=ground
INFO     	      exeggutor      harvest         None [leechseed, psychic, sludgebomb, substitute] ttype=steel
INFO     	      palossand watercompaction    leftovers [earthpower, shadowball, shoreup, stealthrock] ttype=poison
INFO     	     typhlosion    flashfire  choicespecs [eruption, fireblast, focusblast, scorchingsands] ttype=fire
INFO     	       granbull   intimidate    leftovers [earthquake, playrough, roar, thunderwave] ttype=ground
INFO     	        dondozo      unaware    leftovers [curse, rest, sleeptalk, wavecrash] ttype=fairy
INFO     Sampling battle 3
INFO     	        grumpig     thickfat  choicescarf [earthpower, focusblast, psychic, trick] ttype=psychic
INFO     	      exeggutor      harvest         None [calmmind, gigadrain, psychic, substitute] ttype=steel
INFO     	      palossand watercompaction    leftovers [earthpower, shadowball, shoreup, stealthrock] ttype=poison
INFO     	     typhlosion        blaze  choicespecs [eruption, fireblast, focusblast, scorchingsands] ttype=fire
INFO     	       granbull   intimidate    leftovers [earthquake, playrough, roar, thunderwave] ttype=ground
INFO     	        dondozo      unaware    leftovers [curse, rest, sleeptalk, wavecrash] ttype=dragon
INFO     Searching for a move using PUCT MCTS with neural priors...
INFO     Sampling 4 battles at 500ms each
INFO     Computing neural priors for all battles...
INFO     Initialized StateTranslator with TeamPreviewObservationSpace
INFO     Initializing LocalPolicyProvider with model: Minikazam
INFO     Loading pretrained Minikazam model...


 		 AMAGO v3.1
            	 -------------------------
            	 Agent: Agent
            		 Max Sequence Length: 64
            		 TstepEncoder Type: MetamonPerceiverTstepEncoder
            		 TrajEncoder Type: GRUTrajEncoder
            		 Total Parameters: 4,761,778
            		 Offline Loss Weight: 1.0
            		 Online Loss Weight: 0.0
            		 Mixed Precision: NO
            		 Checkpoint Path: /Users/yadureddy/Documents/GitHub/clean/pokeagent_ac_mcts/.metamon_cache/pretrained_models/models--jakegrigsby--metamon/snapshots/c5d1cb9abb6747066a325228845a5a8af3d12139/minikazam/minikazam/ckpts
            	 Environment:
            		 DummyAsyncVectorEnv(Gym Env x 1)
            		 Exploration Type: None
            	 Dataset: DoNothingDataset
            	 Accelerate Processes: 1 


INFO     Successfully loaded Minikazam model
ERROR    Error translating battle to observation: 
WARNING  Failed to get priors for battle: 
ERROR    Error translating battle to observation: 
WARNING  Failed to get priors for battle: 
ERROR    Error translating battle to observation: 
WARNING  Failed to get priors for battle: 
ERROR    Error translating battle to observation: 
WARNING  Failed to get priors for battle: 
INFO     Successfully computed neural priors for 0/4 battles
INFO     Using PUCT-guided move selection (priors integrated during search)...
INFO     Policy 0: switch lokix visited 69.37% avg_score=0.177 sample_chance_multiplier=0.25
INFO     Policy 1: switch lokix visited 66.17% avg_score=0.184 sample_chance_multiplier=0.25
INFO     Policy 2: switch lokix visited 97.92% avg_score=0.365 sample_chance_multiplier=0.25
INFO     Policy 3: switch lokix visited 64.02% avg_score=0.177 sample_chance_multiplier=0.25
INFO     Considered Choices:
INFO     	74.37%: switch lokix
INFO     Choice: switch lokix
INFO     grumpig used a fighting move, removing fightinggem from possible items
INFO     Setting grumpig's last used move: focusblast
INFO     grumpig used a damaging move - not guessing lifeorb anymore
INFO     grumpig did 50.6% damage to lokix with focusblast
INFO     grumpig has less than maxhp during upkeep, no longer guessing leftovers or blacksludge
INFO     Sampling battle 0
INFO     	        grumpig     thickfat  choicescarf [focusblast, psychic, shadowball, trick] ttype=fighting
INFO     	      exeggutor      harvest         None [calmmind, gigadrain, psychic, substitute] ttype=steel
INFO     	      palossand watercompaction    leftovers [earthpower, shadowball, shoreup, stealthrock] ttype=water
INFO     	     typhlosion        blaze  choicespecs [eruption, fireblast, focusblast, scorchingsands] ttype=fire
INFO     	       granbull   intimidate    leftovers [earthquake, playrough, roar, thunderwave] ttype=ground
INFO     	        dondozo      unaware    leftovers [curse, rest, sleeptalk, wavecrash] ttype=fairy
INFO     Sampling battle 1
INFO     	        grumpig     thickfat  choicescarf [earthpower, focusblast, psychic, trick] ttype=fighting
INFO     	      exeggutor      harvest         None [calmmind, gigadrain, psychic, substitute] ttype=steel
INFO     	      palossand watercompaction    leftovers [earthpower, shadowball, shoreup, stealthrock] ttype=water
INFO     	     typhlosion    flashfire  choicespecs [eruption, fireblast, focusblast, scorchingsands] ttype=fire
INFO     	       granbull   intimidate    leftovers [earthquake, encore, playrough, thunderwave] ttype=ground
INFO     	        dondozo      unaware    leftovers [curse, rest, sleeptalk, wavecrash] ttype=fairy
INFO     Sampling battle 2
INFO     	        grumpig     thickfat  choicespecs [earthpower, focusblast, psychic, shadowball] ttype=psychic
INFO     	      exeggutor      harvest         None [leechseed, psychic, sleeppowder, substitute] ttype=steel
INFO     	      palossand watercompaction    leftovers [earthpower, shadowball, shoreup, stealthrock] ttype=poison
INFO     	     typhlosion    flashfire  choicespecs [eruption, fireblast, focusblast, scorchingsands] ttype=fire
INFO     	       granbull   intimidate    leftovers [earthquake, playrough, roar, thunderwave] ttype=ground
INFO     	        dondozo      unaware    leftovers [curse, rest, sleeptalk, wavecrash] ttype=dragon
INFO     Sampling battle 3
INFO     	        grumpig     thickfat  choicespecs [earthpower, focusblast, psychic, shadowball] ttype=psychic
INFO     	      exeggutor      harvest         None [calmmind, gigadrain, psychic, substitute] ttype=steel
INFO     	      palossand watercompaction    leftovers [earthpower, shadowball, shoreup, stealthrock] ttype=poison
INFO     	     typhlosion    flashfire  choicespecs [eruption, fireblast, focusblast, scorchingsands] ttype=fire
INFO     	       granbull   intimidate    leftovers [earthquake, encore, playrough, thunderwave] ttype=ground
INFO     	        dondozo      unaware    leftovers [curse, rest, sleeptalk, wavecrash] ttype=dragon
INFO     Searching for a move using PUCT MCTS with neural priors...
INFO     Sampling 4 battles at 500ms each
INFO     Computing neural priors for all battles...
INFO     Initialized StateTranslator with TeamPreviewObservationSpace
INFO     Initializing LocalPolicyProvider with model: Minikazam
INFO     Loading pretrained Minikazam model...


 		 AMAGO v3.1
            	 -------------------------
            	 Agent: Agent
            		 Max Sequence Length: 64
            		 TstepEncoder Type: MetamonPerceiverTstepEncoder
            		 TrajEncoder Type: GRUTrajEncoder
            		 Total Parameters: 4,761,778
            		 Offline Loss Weight: 1.0
            		 Online Loss Weight: 0.0
            		 Mixed Precision: NO
            		 Checkpoint Path: /Users/yadureddy/Documents/GitHub/clean/pokeagent_ac_mcts/.metamon_cache/pretrained_models/models--jakegrigsby--metamon/snapshots/c5d1cb9abb6747066a325228845a5a8af3d12139/minikazam/minikazam/ckpts
            	 Environment:
            		 DummyAsyncVectorEnv(Gym Env x 1)
            		 Exploration Type: None
            	 Dataset: DoNothingDataset
            	 Accelerate Processes: 1 


INFO     Successfully loaded Minikazam model
ERROR    Error translating battle to observation: 
WARNING  Failed to get priors for battle: 
ERROR    Error translating battle to observation: 
WARNING  Failed to get priors for battle: 
ERROR    Error translating battle to observation: 
WARNING  Failed to get priors for battle: 
ERROR    Error translating battle to observation: 
WARNING  Failed to get priors for battle: 
INFO     Successfully computed neural priors for 0/4 battles
INFO     Using PUCT-guided move selection (priors integrated during search)...
INFO     Policy 0: switch archaludon visited 100.0% avg_score=0.081 sample_chance_multiplier=0.25
INFO     Policy 1: switch archaludon visited 100.0% avg_score=0.082 sample_chance_multiplier=0.25
INFO     Policy 2: switch archaludon visited 100.0% avg_score=0.006 sample_chance_multiplier=0.25
INFO     Policy 3: switch archaludon visited 100.0% avg_score=0.011 sample_chance_multiplier=0.25
INFO     Considered Choices:
INFO     	100.0%: switch archaludon
INFO     Choice: switch archaludon
INFO     
INFO     Turn: 25
INFO     Sampling battle 0
INFO     	        grumpig     thickfat  choicespecs [earthpower, focusblast, psychic, shadowball] ttype=ghost
INFO     	      exeggutor      harvest         None [leechseed, psychic, sludgebomb, substitute] ttype=steel
INFO     	      palossand watercompaction    leftovers [earthpower, shadowball, shoreup, stealthrock] ttype=water
INFO     	     typhlosion        blaze  choicespecs [eruption, fireblast, focusblast, scorchingsands] ttype=fire
INFO     	       granbull   intimidate    leftovers [earthquake, encore, playrough, thunderwave] ttype=ground
INFO     	        dondozo      unaware    leftovers [curse, rest, sleeptalk, wavecrash] ttype=fairy
INFO     Sampling battle 1
INFO     	        grumpig     thickfat  choicespecs [earthpower, focusblast, psychic, shadowball] ttype=ground
INFO     	      exeggutor      harvest         None [leechseed, psychic, sludgebomb, substitute] ttype=steel
INFO     	      palossand watercompaction    leftovers [earthpower, shadowball, shoreup, stealthrock] ttype=poison
INFO     	     typhlosion        blaze  choicespecs [eruption, fireblast, focusblast, scorchingsands] ttype=fire
INFO     	       granbull   intimidate    leftovers [earthquake, encore, playrough, thunderwave] ttype=ground
INFO     	        dondozo      unaware    leftovers [curse, rest, sleeptalk, wavecrash] ttype=fairy
INFO     Sampling battle 2
INFO     	        grumpig     thickfat  choicescarf [focusblast, psyshock, shadowball, trick] ttype=ghost
INFO     	      exeggutor      harvest         None [calmmind, gigadrain, psychic, substitute] ttype=steel
INFO     	      palossand watercompaction    leftovers [earthpower, shadowball, shoreup, stealthrock] ttype=water
INFO     	     typhlosion        blaze  choicespecs [eruption, fireblast, focusblast, scorchingsands] ttype=fire
INFO     	       granbull   intimidate    leftovers [earthquake, encore, playrough, thunderwave] ttype=ground
INFO     	        dondozo      unaware    leftovers [curse, rest, sleeptalk, wavecrash] ttype=fairy
INFO     Sampling battle 3
INFO     	        grumpig     thickfat  choicespecs [earthpower, focusblast, psychic, shadowball] ttype=psychic
INFO     	      exeggutor      harvest         None [leechseed, psychic, sleeppowder, substitute] ttype=steel
INFO     	      palossand watercompaction    leftovers [earthpower, shadowball, shoreup, stealthrock] ttype=water
INFO     	     typhlosion    flashfire  choicespecs [eruption, fireblast, focusblast, scorchingsands] ttype=fire
INFO     	       granbull   intimidate    leftovers [earthquake, encore, playrough, thunderwave] ttype=ground
INFO     	        dondozo      unaware    leftovers [curse, rest, sleeptalk, wavecrash] ttype=fairy
INFO     Searching for a move using PUCT MCTS with neural priors...
INFO     Sampling 4 battles at 500ms each
INFO     Computing neural priors for all battles...
INFO     Initialized StateTranslator with TeamPreviewObservationSpace
INFO     Initializing LocalPolicyProvider with model: Minikazam
INFO     Loading pretrained Minikazam model...


 		 AMAGO v3.1
            	 -------------------------
            	 Agent: Agent
            		 Max Sequence Length: 64
            		 TstepEncoder Type: MetamonPerceiverTstepEncoder
            		 TrajEncoder Type: GRUTrajEncoder
            		 Total Parameters: 4,761,778
            		 Offline Loss Weight: 1.0
            		 Online Loss Weight: 0.0
            		 Mixed Precision: NO
            		 Checkpoint Path: /Users/yadureddy/Documents/GitHub/clean/pokeagent_ac_mcts/.metamon_cache/pretrained_models/models--jakegrigsby--metamon/snapshots/c5d1cb9abb6747066a325228845a5a8af3d12139/minikazam/minikazam/ckpts
            	 Environment:
            		 DummyAsyncVectorEnv(Gym Env x 1)
            		 Exploration Type: None
            	 Dataset: DoNothingDataset
            	 Accelerate Processes: 1 


INFO     Successfully loaded Minikazam model
ERROR    Error translating battle to observation: 
WARNING  Failed to get priors for battle: 
ERROR    Error translating battle to observation: 
WARNING  Failed to get priors for battle: 
ERROR    Error translating battle to observation: 
WARNING  Failed to get priors for battle: 
ERROR    Error translating battle to observation: 
WARNING  Failed to get priors for battle: 
INFO     Successfully computed neural priors for 0/4 battles
INFO     Using PUCT-guided move selection (priors integrated during search)...
INFO     Policy 0: ironhead visited 33.7% avg_score=0.011 sample_chance_multiplier=0.25
INFO     Policy 1: swordsdance visited 57.7% avg_score=0.006 sample_chance_multiplier=0.25
INFO     Policy 2: swordsdance visited 97.77% avg_score=0.072 sample_chance_multiplier=0.25
INFO     Policy 3: swordsdance visited 53.29% avg_score=0.006 sample_chance_multiplier=0.25
INFO     Considered Choices:
INFO     	60.361%: swordsdance
INFO     Choice: swordsdance
INFO     Winner: VanillaMCTS
INFO     Lost with team: None
INFO     W: 1	L: 1
INFO     Searching for ranked gen9randombattle match
INFO     Initialized battle-gen9randombattle-41 against: VanillaMCTS
INFO     Opponent has switched - clearing the last used move
INFO     swanna switched in, adding intimidate to impossible abilities
INFO     swanna switched in, adding pressure to impossible abilities
INFO     swanna switched in, adding neutralizinggas to impossible abilities
INFO     swanna switched in, adding sandstream to impossible abilities
INFO     swanna switched in, adding drought to impossible abilities
INFO     swanna switched in, adding drizzle to impossible abilities
INFO     swanna switched in, adding snowwarning to impossible abilities
INFO     swanna switched in, adding boosterenergy to impossible items
INFO     swanna switched in, adding airballoon to impossible items
INFO     
INFO     Turn: 1
INFO     Sampling battle 0
INFO     	         swanna    hydration heavydutyboots [bravebird, defog, hydropump, roost] ttype=ground
INFO     Sampling 5 unrevealed pokemon
INFO     	  articunogalar  competitive heavydutyboots [calmmind, freezingglare, hurricane, recover] ttype=steel
INFO     	     toxtricity     punkrock  choicescarf [boomburst, overdrive, sludgewave, voltswitch] ttype=normal
INFO     	       samurott      torrent  assaultvest [grassknot, hydropump, knockoff, megahorn] ttype=dark
INFO     	       ribombee   shielddust heavydutyboots [bugbuzz, moonblast, stunspore, uturn] ttype=ghost
INFO     	       ampharos       static      lifeorb [agility, dazzlinggleam, focusblast, thunderbolt] ttype=fairy
INFO     Sampling battle 1
INFO     	         swanna    hydration heavydutyboots [bravebird, defog, hydropump, roost] ttype=ground
INFO     Sampling 5 unrevealed pokemon
INFO     	   arceusflying    multitype     skyplate [calmmind, earthpower, judgment, recover] ttype=ground
INFO     	      reuniclus   magicguard      lifeorb [calmmind, focusblast, psyshock, recover] ttype=fighting
INFO     	       chienpao  swordofruin   choiceband [crunch, iceshard, iciclecrash, sacredsword] ttype=ice
INFO     	  slowkinggalar  regenerator    leftovers [psychicnoise, slackoff, sludgebomb, toxicspikes] ttype=dark
INFO     	      poliwrath    swiftswim      lifeorb [closecombat, knockoff, liquidation, raindance] ttype=fighting
INFO     Sampling battle 2
INFO     	         swanna    hydration heavydutyboots [bravebird, defog, hydropump, roost] ttype=ground
INFO     Sampling 5 unrevealed pokemon
INFO     	    meowscarada      protean heavydutyboots [flowertrick, knockoff, toxicspikes, uturn] ttype=grass
INFO     	        kingdra    swiftswim      lifeorb [dracometeor, hurricane, raindance, wavecrash] ttype=water
INFO     	    arceusfairy    multitype   pixieplate [calmmind, earthpower, judgment, recover] ttype=ground
INFO     	        mesprit     levitate    leftovers [encore, psychicnoise, thunderwave, uturn] ttype=electric
INFO     	  calyrexshadow asone(spectrier)  choicespecs [astralbarrage, pollenpuff, psyshock, trick] ttype=dark
INFO     Sampling battle 3
INFO     	         swanna    hydration heavydutyboots [bravebird, defog, hydropump, roost] ttype=ground
INFO     Sampling 5 unrevealed pokemon
INFO     	        avalugg       sturdy heavydutyboots [avalanche, bodypress, rapidspin, recover] ttype=fighting
INFO     	      thundurus    prankster              [acrobatics, thunderbolt, thunderwave, uturn] ttype=steel
INFO     	      reuniclus   magicguard      lifeorb [calmmind, focusblast, psyshock, recover] ttype=fighting
INFO     	      pecharunt poisonpuppeteer  rockyhelmet [malignantchain, partingshot, recover, shadowball] ttype=dark
INFO     	 lilliganthisui       hustle      lifeorb [closecombat, icespinner, leafblade, victorydance] ttype=fighting
INFO     Sampling battle 4
INFO     	         swanna    hydration heavydutyboots [bravebird, defog, hydropump, roost] ttype=ground
INFO     Sampling 5 unrevealed pokemon
INFO     	       greedent   cheekpouch  sitrusberry [bodyslam, earthquake, knockoff, swordsdance] ttype=ghost
INFO     	        groudon      drought    leftovers [heatcrash, precipiceblades, spikes, stoneedge] ttype=fire
INFO     	     bombirdier rockypayload  choicescarf [bravebird, knockoff, stoneedge, uturn] ttype=rock
INFO     	        shaymin  naturalcure    leftovers [airslash, leechseed, seedflare, substitute] ttype=steel
INFO     	      bellibolt electromorphosis    leftovers [muddywater, slackoff, thunderbolt, voltswitch] ttype=water
INFO     Sampling battle 5
INFO     	         swanna    hydration heavydutyboots [bravebird, defog, hydropump, roost] ttype=ground
INFO     Sampling 5 unrevealed pokemon
INFO     	       cyclizar  regenerator heavydutyboots [dracometeor, knockoff, rapidspin, shedtail] ttype=steel
INFO     	       granbull   intimidate    leftovers [earthquake, playrough, roar, thunderwave] ttype=ground
INFO     	      hippowdon   sandstream    leftovers [earthquake, slackoff, stealthrock, whirlwind] ttype=steel
INFO     	       chienpao  swordofruin   choiceband [iceshard, iciclecrash, sacredsword, throatchop] ttype=fighting
INFO     	        morpeko hungerswitch heavydutyboots [aurawheel, partingshot, protect, rapidspin] ttype=electric
INFO     Sampling battle 6
INFO     	         swanna    hydration heavydutyboots [bravebird, defog, hydropump, roost] ttype=ground
INFO     Sampling 5 unrevealed pokemon
INFO     	        torkoal      drought heavydutyboots [lavaplume, rapidspin, solarbeam, stealthrock] ttype=grass
INFO     	      metagross    clearbody   choiceband [bulletpunch, earthquake, heavyslam, psychicfangs] ttype=water
INFO     	       tornadus    prankster heavydutyboots [bleakwindstorm, focusblast, heatwave, nastyplot] ttype=flying
INFO     	        donphan       sturdy    leftovers [earthquake, iceshard, rapidspin, stealthrock] ttype=steel
INFO     	      crawdaunt adaptability      lifeorb [aquajet, crabhammer, dragondance, knockoff] ttype=water
INFO     Sampling battle 7
INFO     	         swanna    hydration heavydutyboots [bravebird, defog, hydropump, roost] ttype=ground
INFO     Sampling 5 unrevealed pokemon
INFO     	   avalugghisui       sturdy heavydutyboots [avalanche, bodypress, recover, stoneedge] ttype=flying
INFO     	        sylveon     pixilate    leftovers [calmmind, hypervoice, protect, wish] ttype=steel
INFO     	    kyuremblack     teravolt   loadeddice [dragondance, iciclespear, scaleshot, terablast] ttype=ground
INFO     	 lilliganthisui       hustle      lifeorb [closecombat, leafblade, sleeppowder, victorydance] ttype=fighting
INFO     	       empoleon  competitive    leftovers [icebeam, roost, stealthrock, surf] ttype=grass
INFO     Searching for a move using PUCT MCTS with neural priors...
INFO     Sampling 8 battles at 250ms each
INFO     Computing neural priors for all battles...
INFO     Initialized StateTranslator with TeamPreviewObservationSpace
INFO     Initializing LocalPolicyProvider with model: Minikazam
INFO     Loading pretrained Minikazam model...


 		 AMAGO v3.1
            	 -------------------------
            	 Agent: Agent
            		 Max Sequence Length: 64
            		 TstepEncoder Type: MetamonPerceiverTstepEncoder
            		 TrajEncoder Type: GRUTrajEncoder
            		 Total Parameters: 4,761,778
            		 Offline Loss Weight: 1.0
            		 Online Loss Weight: 0.0
            		 Mixed Precision: NO
            		 Checkpoint Path: /Users/yadureddy/Documents/GitHub/clean/pokeagent_ac_mcts/.metamon_cache/pretrained_models/models--jakegrigsby--metamon/snapshots/c5d1cb9abb6747066a325228845a5a8af3d12139/minikazam/minikazam/ckpts
            	 Environment:
            		 DummyAsyncVectorEnv(Gym Env x 1)
            		 Exploration Type: None
            	 Dataset: DoNothingDataset
            	 Accelerate Processes: 1 


INFO     Successfully loaded Minikazam model
ERROR    Error translating battle to observation: 
WARNING  Failed to get priors for battle: 
ERROR    Error translating battle to observation: 
WARNING  Failed to get priors for battle: 
ERROR    Error translating battle to observation: 
WARNING  Failed to get priors for battle: 
ERROR    Error translating battle to observation: 
WARNING  Failed to get priors for battle: 
ERROR    Error translating battle to observation: 
WARNING  Failed to get priors for battle: 
ERROR    Error translating battle to observation: 
WARNING  Failed to get priors for battle: 
ERROR    Error translating battle to observation: 
WARNING  Failed to get priors for battle: 
ERROR    Error translating battle to observation: 
WARNING  Failed to get priors for battle: 
INFO     Successfully computed neural priors for 0/8 battles
INFO     Using PUCT-guided move selection (priors integrated during search)...
INFO     Policy 0: nastyplot visited 96.34% avg_score=0.483 sample_chance_multiplier=0.125
INFO     Policy 1: nastyplot visited 39.63% avg_score=0.346 sample_chance_multiplier=0.125
INFO     Policy 2: thunderbolt visited 20.32% avg_score=0.459 sample_chance_multiplier=0.125
INFO     Policy 3: thunderbolt visited 45.59% avg_score=0.391 sample_chance_multiplier=0.125
INFO     Policy 4: nastyplot visited 71.2% avg_score=0.524 sample_chance_multiplier=0.125
INFO     Policy 5: switch bombirdier visited 37.27% avg_score=0.324 sample_chance_multiplier=0.125
INFO     Policy 6: thunderbolt visited 82.43% avg_score=0.403 sample_chance_multiplier=0.125
INFO     Policy 7: switch perrserker visited 49.33% avg_score=0.353 sample_chance_multiplier=0.125
INFO     Considered Choices:
INFO     	32.083%: nastyplot
INFO     Choice: nastyplot
INFO     Opponent has switched - clearing the last used move
INFO     sableye switched in, adding intimidate to impossible abilities
INFO     sableye switched in, adding pressure to impossible abilities
INFO     sableye switched in, adding neutralizinggas to impossible abilities
INFO     sableye switched in, adding sandstream to impossible abilities
INFO     sableye switched in, adding drought to impossible abilities
INFO     sableye switched in, adding drizzle to impossible abilities
INFO     sableye switched in, adding snowwarning to impossible abilities
INFO     sableye switched in, adding boosterenergy to impossible items
INFO     sableye switched in, adding airballoon to impossible items
INFO     meowsticf already has the move nastyplot. Decrementing the PP by 1
INFO     meowsticf using nastyplot makes it unlikely to have a choice item. Setting can_have_choice_item to False
INFO     meowsticf used a status-move. Adding `assaultvest` to impossible items
INFO     Setting meowsticf's last used move: nastyplot
INFO     meowsticf's special-attack was boosted by 2 to 2
INFO     
INFO     Turn: 2
INFO     Sampling battle 0
INFO     	        sableye    prankster    leftovers [encore, knockoff, recover, thunderwave] ttype=steel
INFO     	         swanna    hydration heavydutyboots [bravebird, hydropump, knockoff, roost] ttype=ground
INFO     Sampling 4 unrevealed pokemon
INFO     	   dialgaorigin     pressure adamantcrystal [dracometeor, flashcannon, stealthrock, thunderwave] ttype=steel
INFO     	         furret        frisk   choiceband [doubleedge, knockoff, trick, uturn] ttype=normal
INFO     	       venomoth   tintedlens heavydutyboots [bugbuzz, quiverdance, sleeppowder, sludgewave] ttype=steel
INFO     	      zebstrika    sapsipper      lifeorb [highhorsepower, overheat, supercellslam, voltswitch] ttype=ground
INFO     Sampling battle 1
INFO     	        sableye    prankster    leftovers [encore, knockoff, recover, thunderwave] ttype=poison
INFO     	         swanna    hydration heavydutyboots [bravebird, defog, hydropump, roost] ttype=ground
INFO     Sampling 4 unrevealed pokemon
INFO     	     copperajah   heavymetal   choiceband [heavyslam, knockoff, stoneedge, superpower] ttype=steel
INFO     	        toxapex  regenerator    leftovers [haze, liquidation, recover, toxic] ttype=grass
INFO     	      spectrier    grimneigh    leftovers [darkpulse, nastyplot, shadowball, substitute] ttype=dark
INFO     	landorustherian   intimidate    leftovers [earthquake, stealthrock, stoneedge, taunt] ttype=water
INFO     Sampling battle 2
INFO     	        sableye    prankster    leftovers [encore, knockoff, recover, willowisp] ttype=poison
INFO     	         swanna    hydration heavydutyboots [bravebird, defog, hydropump, roost] ttype=ground
INFO     Sampling 4 unrevealed pokemon
INFO     	      bellossom  chlorophyll    leftovers [gigadrain, moonblast, quiverdance, strengthsap] ttype=fairy
INFO     	    fluttermane protosynthesis      lifeorb [calmmind, moonblast, mysticalfire, shadowball] ttype=fire
INFO     	       oricorio       dancer heavydutyboots [hurricane, quiverdance, revelationdance, roost] ttype=ground
INFO     	    gougingfire protosynthesis heavydutyboots [dragondance, earthquake, heatcrash, outrage] ttype=ground
INFO     Sampling battle 3
INFO     	        sableye    prankster    leftovers [encore, knockoff, recover, thunderwave] ttype=steel
INFO     	         swanna    hydration heavydutyboots [bravebird, defog, hydropump, roost] ttype=ground
INFO     Sampling 4 unrevealed pokemon
INFO     	        okidogi   toxicchain  assaultvest [drainpunch, gunkshot, highhorsepower, knockoff] ttype=dark
INFO     	        dewgong     thickfat heavydutyboots [encore, icebeam, knockoff, surf] ttype=steel
INFO     	       dusknoir        frisk      lifeorb [earthquake, painsplit, poltergeist, shadowsneak] ttype=ground
INFO     	     toedscruel myceliummight    leftovers [earthpower, gigadrain, knockoff, toxic] ttype=water
INFO     Sampling battle 4
INFO     	        sableye    prankster    leftovers [encore, knockoff, recover, thunderwave] ttype=steel
INFO     	         swanna    hydration heavydutyboots [bravebird, defog, hydropump, roost] ttype=ground
INFO     Sampling 4 unrevealed pokemon
INFO     	      mismagius     levitate  choicespecs [energyball, mysticalfire, shadowball, thunderbolt] ttype=ghost
INFO     	     ragingbolt protosynthesis boosterenergy [calmmind, dragonpulse, thunderbolt, thunderclap] ttype=electric
INFO     	      azumarill    hugepower   choiceband [aquajet, liquidation, playrough, superpower] ttype=water
INFO     	        yanmega   tintedlens  choicespecs [airslash, bugbuzz, gigadrain, uturn] ttype=bug
INFO     Sampling battle 5
INFO     	        sableye    prankster    leftovers [encore, knockoff, recover, willowisp] ttype=poison
INFO     	         swanna    hydration heavydutyboots [bravebird, defog, hydropump, roost] ttype=ground
INFO     Sampling 4 unrevealed pokemon
INFO     	         zapdos       static heavydutyboots [heatwave, hurricane, roost, thunderbolt] ttype=electric
INFO     	     krookodile   intimidate      lifeorb [earthquake, gunkshot, knockoff, stealthrock] ttype=ground
INFO     	       ludicolo    swiftswim      lifeorb [gigadrain, hydropump, icebeam, raindance] ttype=steel
INFO     	   arceusdragon    multitype   dracoplate [calmmind, fireblast, judgment, recover] ttype=fire
INFO     Sampling battle 6
INFO     	        sableye    prankster    leftovers [encore, knockoff, recover, willowisp] ttype=steel
INFO     	         swanna    hydration heavydutyboots [bravebird, defog, hydropump, roost] ttype=ground
INFO     Sampling 4 unrevealed pokemon
INFO     	       miraidon hadronengine  choicespecs [dracometeor, electrodrift, overheat, voltswitch] ttype=electric
INFO     	         palkia     pressure  lustrousorb [fireblast, hydropump, spacialrend, thunderwave] ttype=fire
INFO     	       orthworm   eartheater    leftovers [bodypress, heavyslam, spikes, stealthrock] ttype=fighting
INFO     	      arceusbug    multitype  insectplate [calmmind, fireblast, judgment, recover] ttype=fire
INFO     Sampling battle 7
INFO     	        sableye    prankster    leftovers [encore, knockoff, recover, willowisp] ttype=steel
INFO     	         swanna    hydration heavydutyboots [bravebird, defog, hydropump, roost] ttype=ground
INFO     Sampling 4 unrevealed pokemon
INFO     	        leafeon  chlorophyll    leftovers [knockoff, leafblade, substitute, swordsdance] ttype=dark
INFO     	      rotomheat     levitate heavydutyboots [nastyplot, overheat, painsplit, thunderbolt] ttype=electric
INFO     	       camerupt    solidrock    leftovers [earthquake, overheat, roar, willowisp] ttype=water
INFO     	        altaria  naturalcure heavydutyboots [bravebird, earthquake, roost, willowisp] ttype=steel
INFO     Searching for a move using PUCT MCTS with neural priors...
INFO     Sampling 8 battles at 250ms each
INFO     Computing neural priors for all battles...
INFO     Initialized StateTranslator with TeamPreviewObservationSpace
INFO     Initializing LocalPolicyProvider with model: Minikazam
INFO     Loading pretrained Minikazam model...


 		 AMAGO v3.1
            	 -------------------------
            	 Agent: Agent
            		 Max Sequence Length: 64
            		 TstepEncoder Type: MetamonPerceiverTstepEncoder
            		 TrajEncoder Type: GRUTrajEncoder
            		 Total Parameters: 4,761,778
            		 Offline Loss Weight: 1.0
            		 Online Loss Weight: 0.0
            		 Mixed Precision: NO
            		 Checkpoint Path: /Users/yadureddy/Documents/GitHub/clean/pokeagent_ac_mcts/.metamon_cache/pretrained_models/models--jakegrigsby--metamon/snapshots/c5d1cb9abb6747066a325228845a5a8af3d12139/minikazam/minikazam/ckpts
            	 Environment:
            		 DummyAsyncVectorEnv(Gym Env x 1)
            		 Exploration Type: None
            	 Dataset: DoNothingDataset
            	 Accelerate Processes: 1 


INFO     Successfully loaded Minikazam model
ERROR    Error translating battle to observation: 
WARNING  Failed to get priors for battle: 
ERROR    Error translating battle to observation: 
WARNING  Failed to get priors for battle: 
ERROR    Error translating battle to observation: 
WARNING  Failed to get priors for battle: 
ERROR    Error translating battle to observation: 
WARNING  Failed to get priors for battle: 
ERROR    Error translating battle to observation: 
WARNING  Failed to get priors for battle: 
ERROR    Error translating battle to observation: 
WARNING  Failed to get priors for battle: 
ERROR    Error translating battle to observation: 
WARNING  Failed to get priors for battle: 
ERROR    Error translating battle to observation: 
WARNING  Failed to get priors for battle: 
INFO     Successfully computed neural priors for 0/8 battles
INFO     Using PUCT-guided move selection (priors integrated during search)...
INFO     Policy 0: switch fluttermane visited 28.93% avg_score=0.269 sample_chance_multiplier=0.125
INFO     Policy 1: switch perrserker visited 45.88% avg_score=0.274 sample_chance_multiplier=0.125
INFO     Policy 2: switch perrserker visited 46.2% avg_score=0.229 sample_chance_multiplier=0.125
INFO     Policy 3: switch fluttermane visited 50.78% avg_score=0.307 sample_chance_multiplier=0.125
INFO     Policy 4: switch fluttermane visited 54.03% avg_score=0.27 sample_chance_multiplier=0.125
INFO     Policy 5: switch fluttermane visited 49.94% avg_score=0.277 sample_chance_multiplier=0.125
INFO     Policy 6: switch fluttermane visited 22.8% avg_score=0.228 sample_chance_multiplier=0.125
INFO     Policy 7: switch hypno visited 46.28% avg_score=0.238 sample_chance_multiplier=0.125
INFO     Considered Choices:
INFO     	31.423%: switch fluttermane
INFO     Choice: switch fluttermane
INFO     fluttermane switched in, adding intimidate to impossible abilities
INFO     fluttermane switched in, adding pressure to impossible abilities
INFO     fluttermane switched in, adding neutralizinggas to impossible abilities
INFO     fluttermane switched in, adding sandstream to impossible abilities
INFO     fluttermane switched in, adding drought to impossible abilities
INFO     fluttermane switched in, adding drizzle to impossible abilities
INFO     fluttermane switched in, adding snowwarning to impossible abilities
INFO     fluttermane switched in, adding boosterenergy to impossible items
INFO     fluttermane switched in, adding airballoon to impossible items
INFO     sableye used a status-move. Adding `assaultvest` to impossible items
INFO     Setting sableye's last used move: encore
INFO     
INFO     Turn: 3
INFO     Sampling battle 0
INFO     	        sableye    prankster    leftovers [encore, knockoff, recover, thunderwave] ttype=poison
INFO     	         swanna    hydration heavydutyboots [bravebird, hydropump, knockoff, roost] ttype=ground
INFO     Sampling 4 unrevealed pokemon
INFO     	      hatterene  magicbounce  assaultvest [drainingkiss, mysticalfire, nuzzle, psychicnoise] ttype=steel
INFO     	    oricoriopau       dancer heavydutyboots [hurricane, quiverdance, revelationdance, roost] ttype=ground
INFO     	       orthworm   eartheater  chestoberry [bodypress, coil, irontail, rest] ttype=fighting
INFO     	      gholdengo   goodasgold  choicescarf [focusblast, makeitrain, shadowball, trick] ttype=steel
INFO     Sampling battle 1
INFO     	        sableye    prankster    leftovers [encore, knockoff, recover, willowisp] ttype=steel
INFO     	         swanna    hydration heavydutyboots [bravebird, hydropump, knockoff, roost] ttype=ground
INFO     Sampling 4 unrevealed pokemon
INFO     	      electrode    aftermath heavydutyboots [taunt, thunderbolt, thunderwave, voltswitch] ttype=electric
INFO     	         latios     levitate  choicespecs [aurasphere, dracometeor, flipturn, lusterpurge] ttype=dragon
INFO     	       samurott      torrent  assaultvest [grassknot, hydropump, icebeam, knockoff] ttype=grass
INFO     	      vileplume  effectspore    leftovers [gigadrain, sleeppowder, sludgebomb, strengthsap] ttype=water
INFO     Sampling battle 2
INFO     	        sableye    prankster    leftovers [encore, knockoff, recover, willowisp] ttype=steel
INFO     	         swanna    hydration heavydutyboots [bravebird, defog, hydropump, roost] ttype=ground
INFO     Sampling 4 unrevealed pokemon
INFO     	         kyogre      drizzle    leftovers [calmmind, icebeam, originpulse, thunder] ttype=steel
INFO     	taurospaldeacombat   intimidate      lifeorb [bulkup, closecombat, ironhead, throatchop] ttype=dark
INFO     	        mesprit     levitate  assaultvest [drainpunch, knockoff, psychicnoise, thunderbolt] ttype=dark
INFO     	      infernape     ironfist   choiceband [closecombat, flareblitz, gunkshot, machpunch] ttype=fighting
INFO     Sampling battle 3
INFO     	        sableye    prankster    leftovers [encore, knockoff, recover, thunderwave] ttype=poison
INFO     	         swanna    hydration heavydutyboots [bravebird, defog, hydropump, roost] ttype=ground
INFO     Sampling 4 unrevealed pokemon
INFO     	    meowscarada      protean heavydutyboots [flowertrick, knockoff, toxicspikes, uturn] ttype=grass
INFO     	       dusknoir        frisk      lifeorb [earthquake, painsplit, poltergeist, shadowsneak] ttype=ghost
INFO     	    arceussteel    multitype    ironplate [earthquake, judgment, recover, willowisp] ttype=ghost
INFO     	        pikachu lightningrod    lightball [knockoff, surf, voltswitch, volttackle] ttype=water
INFO     Searching for a move using PUCT MCTS with neural priors...
INFO     Sampling 4 battles at 500ms each
INFO     Computing neural priors for all battles...
INFO     Initialized StateTranslator with TeamPreviewObservationSpace
INFO     Initializing LocalPolicyProvider with model: Minikazam
INFO     Loading pretrained Minikazam model...


 		 AMAGO v3.1
            	 -------------------------
            	 Agent: Agent
            		 Max Sequence Length: 64
            		 TstepEncoder Type: MetamonPerceiverTstepEncoder
            		 TrajEncoder Type: GRUTrajEncoder
            		 Total Parameters: 4,761,778
            		 Offline Loss Weight: 1.0
            		 Online Loss Weight: 0.0
            		 Mixed Precision: NO
            		 Checkpoint Path: /Users/yadureddy/Documents/GitHub/clean/pokeagent_ac_mcts/.metamon_cache/pretrained_models/models--jakegrigsby--metamon/snapshots/c5d1cb9abb6747066a325228845a5a8af3d12139/minikazam/minikazam/ckpts
            	 Environment:
            		 DummyAsyncVectorEnv(Gym Env x 1)
            		 Exploration Type: None
            	 Dataset: DoNothingDataset
            	 Accelerate Processes: 1 


INFO     Successfully loaded Minikazam model
ERROR    Error translating battle to observation: 
WARNING  Failed to get priors for battle: 
ERROR    Error translating battle to observation: 
WARNING  Failed to get priors for battle: 
ERROR    Error translating battle to observation: 
WARNING  Failed to get priors for battle: 
ERROR    Error translating battle to observation: 
WARNING  Failed to get priors for battle: 
INFO     Successfully computed neural priors for 0/4 battles
INFO     Using PUCT-guided move selection (priors integrated during search)...
INFO     Policy 0: thunderbolt visited 64.99% avg_score=0.614 sample_chance_multiplier=0.25
INFO     Policy 1: thunderbolt visited 77.87% avg_score=0.486 sample_chance_multiplier=0.25
INFO     Policy 2: thunderbolt visited 84.22% avg_score=0.443 sample_chance_multiplier=0.25
INFO     Policy 3: thunderbolt visited 38.23% avg_score=0.431 sample_chance_multiplier=0.25
INFO     Considered Choices:
INFO     	66.327%: thunderbolt
INFO     Choice: thunderbolt
INFO     Opponent has switched - clearing the last used move
INFO     regirock switched in, adding intimidate to impossible abilities
INFO     regirock switched in, adding pressure to impossible abilities
INFO     regirock switched in, adding neutralizinggas to impossible abilities
INFO     regirock switched in, adding sandstream to impossible abilities
INFO     regirock switched in, adding drought to impossible abilities
INFO     regirock switched in, adding drizzle to impossible abilities
INFO     regirock switched in, adding snowwarning to impossible abilities
INFO     regirock switched in, adding boosterenergy to impossible items
INFO     regirock switched in, adding airballoon to impossible items
INFO     fluttermane already has the move thunderbolt. Decrementing the PP by 1
INFO     fluttermane used a electric move, removing electricgem from possible items
INFO     Setting fluttermane's last used move: thunderbolt
INFO     fluttermane used a damaging move - not guessing lifeorb anymore
INFO     fluttermane did 50.0% damage to regirock with thunderbolt
WARNING  Would remove all possibilities, not removing any
WARNING  actual_damage_dealt=134.0
INFO     regirock has less than maxhp during upkeep, no longer guessing leftovers or blacksludge
INFO     
INFO     Turn: 4
INFO     Sampling battle 0
INFO     	       regirock    clearbody  chestoberry [bodypress, irondefense, rest, stoneedge] ttype=fighting
INFO     	         swanna    hydration heavydutyboots [bravebird, defog, hydropump, roost] ttype=ground
INFO     	        sableye    prankster    leftovers [encore, knockoff, recover, willowisp] ttype=steel
INFO     Sampling 3 unrevealed pokemon
INFO     	       grafaiai  poisontouch      lifeorb [gunkshot, knockoff, lowkick, swordsdance] ttype=dark
INFO     	        dewgong     thickfat heavydutyboots [encore, icebeam, knockoff, surf] ttype=poison
INFO     	        moltres    flamebody heavydutyboots [bravebird, fireblast, roost, scorchingsands] ttype=dragon
INFO     Sampling battle 1
INFO     	       regirock    clearbody  chestoberry [bodypress, curse, rest, stoneedge] ttype=fighting
INFO     	         swanna    hydration heavydutyboots [bravebird, defog, hydropump, roost] ttype=ground
INFO     	        sableye    prankster    leftovers [encore, knockoff, recover, willowisp] ttype=steel
INFO     Sampling 3 unrevealed pokemon
INFO     	         espeon  magicbounce  choicespecs [alluringvoice, psyshock, shadowball, trick] ttype=fairy
INFO     	       frosmoth    icescales heavydutyboots [bugbuzz, gigadrain, icebeam, quiverdance] ttype=water
INFO     	       lurantis     contrary  assaultvest [knockoff, leafstorm, leechlife, superpower] ttype=steel
INFO     Sampling battle 2
INFO     	       regirock    clearbody  chestoberry [bodypress, irondefense, rest, stoneedge] ttype=fighting
INFO     	         swanna    hydration heavydutyboots [bravebird, defog, hydropump, roost] ttype=ground
INFO     	        sableye    prankster    leftovers [encore, knockoff, recover, willowisp] ttype=steel
INFO     Sampling 3 unrevealed pokemon
INFO     	      regigigas    slowstart    leftovers [bodyslam, knockoff, rest, sleeptalk] ttype=ghost
INFO     	      spectrier    grimneigh      lifeorb [drainingkiss, nastyplot, shadowball, willowisp] ttype=fairy
INFO     	      vileplume  effectspore    leftovers [gigadrain, sleeppowder, sludgebomb, strengthsap] ttype=water
INFO     Sampling battle 3
INFO     	       regirock    clearbody  chestoberry [bodypress, irondefense, rest, stoneedge] ttype=fighting
INFO     	         swanna    hydration heavydutyboots [bravebird, hydropump, knockoff, roost] ttype=ground
INFO     	        sableye    prankster    leftovers [encore, knockoff, recover, thunderwave] ttype=steel
INFO     Sampling 3 unrevealed pokemon
INFO     	         mewtwo      unnerve      lifeorb [fireblast, nastyplot, psystrike, recover] ttype=fire
INFO     	    kyuremwhite   turboblaze  choicescarf [dracometeor, earthpower, freezedry, fusionflare] ttype=dragon
INFO     	      heracross        moxie   choiceband [closecombat, knockoff, megahorn, stoneedge] ttype=bug
INFO     Sampling battle 4
INFO     	       regirock    clearbody  chestoberry [bodypress, irondefense, rest, stoneedge] ttype=fighting
INFO     	         swanna    hydration heavydutyboots [bravebird, defog, hydropump, roost] ttype=ground
INFO     	        sableye    prankster    leftovers [encore, knockoff, recover, thunderwave] ttype=poison
INFO     Sampling 3 unrevealed pokemon
INFO     	       grafaiai  poisontouch  assaultvest [gunkshot, knockoff, superfang, uturn] ttype=dark
INFO     	   avalugghisui       sturdy heavydutyboots [avalanche, rapidspin, recover, stoneedge] ttype=flying
INFO     	      hitmonlee     reckless   choiceband [highjumpkick, knockoff, machpunch, stoneedge] ttype=fighting
INFO     Sampling battle 5
INFO     	       regirock    clearbody  chestoberry [bodypress, irondefense, rest, stoneedge] ttype=fighting
INFO     	         swanna    hydration heavydutyboots [bravebird, defog, hydropump, roost] ttype=ground
INFO     	        sableye    prankster    leftovers [encore, knockoff, recover, willowisp] ttype=steel
INFO     Sampling 3 unrevealed pokemon
INFO     	    walkingwake protosynthesis  choicespecs [dracometeor, flamethrower, flipturn, hydropump] ttype=fire
INFO     	       overqwil   intimidate   choiceband [aquajet, crunch, gunkshot, liquidation] ttype=water
INFO     	         regice    clearbody heavydutyboots [icebeam, rest, sleeptalk, thunderbolt] ttype=electric
INFO     Sampling battle 6
INFO     	       regirock    clearbody  chestoberry [bodypress, curse, rest, stoneedge] ttype=fighting
INFO     	         swanna    hydration heavydutyboots [bravebird, defog, hydropump, roost] ttype=ground
INFO     	        sableye    prankster    leftovers [encore, knockoff, recover, willowisp] ttype=steel
INFO     Sampling 3 unrevealed pokemon
INFO     	  qwilfishhisui   intimidate     eviolite [crunch, gunkshot, taunt, toxicspikes] ttype=flying
INFO     	        persian       limber   choiceband [doubleedge, knockoff, switcheroo, uturn] ttype=normal
INFO     	         glalie   innerfocus heavydutyboots [disable, earthquake, freezedry, spikes] ttype=water
INFO     Sampling battle 7
INFO     	       regirock    clearbody  chestoberry [bodypress, irondefense, rest, stoneedge] ttype=fighting
INFO     	         swanna    hydration heavydutyboots [bravebird, defog, hydropump, roost] ttype=ground
INFO     	        sableye    prankster    leftovers [encore, knockoff, recover, thunderwave] ttype=poison
INFO     Sampling 3 unrevealed pokemon
INFO     	  oricoriosensu       dancer heavydutyboots [hurricane, quiverdance, revelationdance, roost] ttype=ghost
INFO     	      passimian      defiant  choicescarf [closecombat, gunkshot, knockoff, uturn] ttype=poison
INFO     	      mightyena   intimidate    leftovers [crunch, poisonfang, suckerpunch, taunt] ttype=poison
INFO     Searching for a move using PUCT MCTS with neural priors...
INFO     Sampling 8 battles at 250ms each
INFO     Computing neural priors for all battles...
INFO     Initialized StateTranslator with TeamPreviewObservationSpace
INFO     Initializing LocalPolicyProvider with model: Minikazam
INFO     Loading pretrained Minikazam model...


 		 AMAGO v3.1
            	 -------------------------
            	 Agent: Agent
            		 Max Sequence Length: 64
            		 TstepEncoder Type: MetamonPerceiverTstepEncoder
            		 TrajEncoder Type: GRUTrajEncoder
            		 Total Parameters: 4,761,778
            		 Offline Loss Weight: 1.0
            		 Online Loss Weight: 0.0
            		 Mixed Precision: NO
            		 Checkpoint Path: /Users/yadureddy/Documents/GitHub/clean/pokeagent_ac_mcts/.metamon_cache/pretrained_models/models--jakegrigsby--metamon/snapshots/c5d1cb9abb6747066a325228845a5a8af3d12139/minikazam/minikazam/ckpts
            	 Environment:
            		 DummyAsyncVectorEnv(Gym Env x 1)
            		 Exploration Type: None
            	 Dataset: DoNothingDataset
            	 Accelerate Processes: 1 


INFO     Successfully loaded Minikazam model
ERROR    Error translating battle to observation: 
WARNING  Failed to get priors for battle: 
ERROR    Error translating battle to observation: 
WARNING  Failed to get priors for battle: 
ERROR    Error translating battle to observation: 
WARNING  Failed to get priors for battle: 
ERROR    Error translating battle to observation: 
WARNING  Failed to get priors for battle: 
ERROR    Error translating battle to observation: 
WARNING  Failed to get priors for battle: 
ERROR    Error translating battle to observation: 
WARNING  Failed to get priors for battle: 
ERROR    Error translating battle to observation: 
WARNING  Failed to get priors for battle: 
ERROR    Error translating battle to observation: 
WARNING  Failed to get priors for battle: 
INFO     Successfully computed neural priors for 0/8 battles
INFO     Using PUCT-guided move selection (priors integrated during search)...
INFO     Policy 0: switch hypno visited 48.73% avg_score=0.309 sample_chance_multiplier=0.125
INFO     Policy 1: switch perrserker visited 63.44% avg_score=0.28 sample_chance_multiplier=0.125
INFO     Policy 2: switch meowsticf visited 67.97% avg_score=0.323 sample_chance_multiplier=0.125
INFO     Policy 3: switch perrserker visited 32.53% avg_score=0.296 sample_chance_multiplier=0.125
INFO     Policy 4: switch hypno visited 57.11% avg_score=0.308 sample_chance_multiplier=0.125
INFO     Policy 5: switch hypno visited 40.89% avg_score=0.299 sample_chance_multiplier=0.125
INFO     Policy 6: switch orthworm visited 31.84% avg_score=0.316 sample_chance_multiplier=0.125
INFO     Policy 7: switch perrserker visited 49.6% avg_score=0.312 sample_chance_multiplier=0.125
INFO     Considered Choices:
INFO     	27.446%: switch perrserker
INFO     	25.605%: switch hypno
INFO     	23.156%: switch meowsticf
INFO     Choice: switch perrserker
INFO     perrserker switched in, adding intimidate to impossible abilities
INFO     perrserker switched in, adding pressure to impossible abilities
INFO     perrserker switched in, adding neutralizinggas to impossible abilities
INFO     perrserker switched in, adding sandstream to impossible abilities
INFO     perrserker switched in, adding drought to impossible abilities
INFO     perrserker switched in, adding drizzle to impossible abilities
INFO     perrserker switched in, adding snowwarning to impossible abilities
INFO     perrserker switched in, adding boosterenergy to impossible items
INFO     perrserker switched in, adding airballoon to impossible items
INFO     regirock used a status-move. Adding `assaultvest` to impossible items
INFO     Setting regirock's last used move: rest
INFO     Setting rest_turns to 3 for regirock
INFO     regirock got status: slp
INFO     No longer guessing lumberry because regirock got status slp
INFO     Removing regirock's item: chestoberry
INFO     Setting regirock's removed item to chestoberry
INFO     regirock is being cured of sleep, setting rest_turns & sleep_turns to 0
INFO     
INFO     Turn: 5
INFO     Sampling battle 0
INFO     	       regirock    clearbody         None [bodypress, irondefense, rest, stoneedge] ttype=fighting
INFO     	         swanna    hydration heavydutyboots [bravebird, defog, hydropump, roost] ttype=ground
INFO     	        sableye    prankster    leftovers [encore, knockoff, recover, willowisp] ttype=steel
INFO     Sampling 3 unrevealed pokemon
INFO     	      probopass   magnetpull  chestoberry [bodypress, flashcannon, irondefense, rest] ttype=fighting
INFO     	       camerupt    solidrock    leftovers [earthquake, overheat, stealthrock, willowisp] ttype=grass
INFO     	     misdreavus     levitate     eviolite [calmmind, drainingkiss, shadowball, willowisp] ttype=fairy
INFO     Sampling battle 1
INFO     	       regirock    clearbody         None [bodypress, curse, rest, stoneedge] ttype=fighting
INFO     	         swanna    hydration heavydutyboots [bravebird, defog, hydropump, roost] ttype=ground
INFO     	        sableye    prankster    leftovers [encore, knockoff, recover, willowisp] ttype=poison
INFO     Sampling 3 unrevealed pokemon
INFO     	     screamtail protosynthesis    leftovers [encore, playrough, protect, wish] ttype=poison
INFO     	      meowsticf  competitive      lifeorb [alluringvoice, darkpulse, nastyplot, psyshock] ttype=fairy
INFO     	lycanrocmidnight      noguard      lifeorb [closecombat, stoneedge, suckerpunch, swordsdance] ttype=fighting
INFO     Sampling battle 2
INFO     	       regirock    clearbody         None [bodypress, curse, rest, stoneedge] ttype=fighting
INFO     	         swanna    hydration heavydutyboots [bravebird, defog, hydropump, roost] ttype=ground
INFO     	        sableye    prankster    leftovers [encore, knockoff, recover, willowisp] ttype=poison
INFO     Sampling 3 unrevealed pokemon
INFO     	      volcanion  waterabsorb  assaultvest [flamecharge, flamethrower, sludgebomb, steameruption] ttype=water
INFO     	      armarouge    weakarmor  choicespecs [armorcannon, energyball, focusblast, psyshock] ttype=fighting
INFO     	        darkrai    baddreams    leftovers [darkpulse, nastyplot, sludgebomb, substitute] ttype=poison
INFO     Sampling battle 3
INFO     	       regirock    clearbody         None [bodypress, irondefense, rest, stoneedge] ttype=fighting
INFO     	         swanna    hydration heavydutyboots [bravebird, defog, hydropump, roost] ttype=ground
INFO     	        sableye    prankster    leftovers [encore, knockoff, recover, thunderwave] ttype=steel
INFO     Sampling 3 unrevealed pokemon
INFO     	    arceusgrass    multitype  meadowplate [calmmind, fireblast, judgment, recover] ttype=fire
INFO     	       floatzel    waterveil   choiceband [crunch, flipturn, icespinner, wavecrash] ttype=water
INFO     	        urshifu   unseenfist      lifeorb [closecombat, poisonjab, swordsdance, wickedblow] ttype=poison
INFO     Searching for a move using PUCT MCTS with neural priors...
INFO     Sampling 4 battles at 500ms each
INFO     Computing neural priors for all battles...
INFO     Initialized StateTranslator with TeamPreviewObservationSpace
INFO     Initializing LocalPolicyProvider with model: Minikazam
INFO     Loading pretrained Minikazam model...


 		 AMAGO v3.1
            	 -------------------------
            	 Agent: Agent
            		 Max Sequence Length: 64
            		 TstepEncoder Type: MetamonPerceiverTstepEncoder
            		 TrajEncoder Type: GRUTrajEncoder
            		 Total Parameters: 4,761,778
            		 Offline Loss Weight: 1.0
            		 Online Loss Weight: 0.0
            		 Mixed Precision: NO
            		 Checkpoint Path: /Users/yadureddy/Documents/GitHub/clean/pokeagent_ac_mcts/.metamon_cache/pretrained_models/models--jakegrigsby--metamon/snapshots/c5d1cb9abb6747066a325228845a5a8af3d12139/minikazam/minikazam/ckpts
            	 Environment:
            		 DummyAsyncVectorEnv(Gym Env x 1)
            		 Exploration Type: None
            	 Dataset: DoNothingDataset
            	 Accelerate Processes: 1 


INFO     Successfully loaded Minikazam model
ERROR    Error translating battle to observation: 
WARNING  Failed to get priors for battle: 
ERROR    Error translating battle to observation: 
WARNING  Failed to get priors for battle: 
ERROR    Error translating battle to observation: 
WARNING  Failed to get priors for battle: 
ERROR    Error translating battle to observation: 
WARNING  Failed to get priors for battle: 
INFO     Successfully computed neural priors for 0/4 battles
INFO     Using PUCT-guided move selection (priors integrated during search)...
INFO     Policy 0: uturn visited 58.0% avg_score=0.421 sample_chance_multiplier=0.25
INFO     Policy 1: ironhead visited 72.33% avg_score=0.503 sample_chance_multiplier=0.25
INFO     Policy 2: switch fluttermane visited 42.48% avg_score=0.282 sample_chance_multiplier=0.25
INFO     Policy 3: uturn visited 41.15% avg_score=0.457 sample_chance_multiplier=0.25
INFO     Considered Choices:
INFO     	34.068%: ironhead
INFO     	34.051%: uturn
INFO     Choice: ironhead
INFO     Opponent has switched - clearing the last used move
INFO     perrserker already has the move ironhead. Decrementing the PP by 1
INFO     perrserker used a steel move, removing steelgem from possible items
INFO     Setting perrserker's last used move: ironhead
INFO     perrserker used a damaging move - not guessing lifeorb anymore
INFO     perrserker did 46.0% damage to swanna with ironhead
INFO     swanna has less than maxhp during upkeep, no longer guessing leftovers or blacksludge
INFO     
INFO     Turn: 6
INFO     Sampling battle 0
INFO     	         swanna    hydration heavydutyboots [bravebird, defog, hydropump, roost] ttype=ground
INFO     	        sableye    prankster    leftovers [encore, knockoff, recover, thunderwave] ttype=steel
INFO     	       regirock    clearbody         None [bodypress, irondefense, rest, stoneedge] ttype=fighting
INFO     Sampling 3 unrevealed pokemon
INFO     	      alomomola  regenerator  rockyhelmet [flipturn, protect, scald, wish] ttype=steel
INFO     	      eternatus     pressure  rockyhelmet [dynamaxcannon, flamethrower, recover, toxic] ttype=water
INFO     	  oricoriosensu       dancer heavydutyboots [hurricane, quiverdance, revelationdance, roost] ttype=fighting
INFO     Sampling battle 1
INFO     	         swanna    hydration heavydutyboots [bravebird, defog, hydropump, roost] ttype=ground
INFO     	        sableye    prankster    leftovers [encore, knockoff, recover, thunderwave] ttype=poison
INFO     	       regirock    clearbody         None [bodypress, curse, rest, stoneedge] ttype=fighting
INFO     Sampling 3 unrevealed pokemon
INFO     	     whimsicott    prankster heavydutyboots [gigadrain, moonblast, stunspore, uturn] ttype=steel
INFO     	         pyroar      unnerve heavydutyboots [darkpulse, fireblast, hypervoice, workup] ttype=fire
INFO     	      magnezone   magnetpull  choicescarf [bodypress, flashcannon, thunderbolt, voltswitch] ttype=fighting
INFO     Sampling battle 2
INFO     	         swanna    hydration heavydutyboots [bravebird, defog, hydropump, roost] ttype=ground
INFO     	        sableye    prankster    leftovers [encore, knockoff, recover, willowisp] ttype=steel
INFO     	       regirock    clearbody         None [bodypress, irondefense, rest, stoneedge] ttype=fighting
INFO     Sampling 3 unrevealed pokemon
INFO     	    corviknight     pressure    leftovers [bravebird, defog, roost, uturn] ttype=dragon
INFO     	    arceuswater    multitype  splashplate [calmmind, icebeam, judgment, recover] ttype=steel
INFO     	       arcanine   intimidate heavydutyboots [extremespeed, flareblitz, morningsun, roar] ttype=normal
INFO     Sampling battle 3
INFO     	         swanna    hydration heavydutyboots [bravebird, defog, hydropump, roost] ttype=ground
INFO     	        sableye    prankster    leftovers [encore, knockoff, recover, willowisp] ttype=steel
INFO     	       regirock    clearbody         None [bodypress, irondefense, rest, stoneedge] ttype=fighting
INFO     Sampling 3 unrevealed pokemon
INFO     	thundurustherian   voltabsorb  choicespecs [grassknot, sludgewave, thunderbolt, voltswitch] ttype=poison
INFO     	            muk  poisontouch   choiceband [drainpunch, gunkshot, knockoff, shadowsneak] ttype=dark
INFO     	      rampardos   sheerforce  choicescarf [earthquake, firepunch, headsmash, rockslide] ttype=fire
INFO     Sampling battle 4
INFO     	         swanna    hydration heavydutyboots [bravebird, defog, hydropump, roost] ttype=ground
INFO     	        sableye    prankster    leftovers [encore, knockoff, recover, thunderwave] ttype=poison
INFO     	       regirock    clearbody         None [bodypress, irondefense, rest, stoneedge] ttype=fighting
INFO     Sampling 3 unrevealed pokemon
INFO     	         minior  shieldsdown    whiteherb [acrobatics, earthquake, powergem, shellsmash] ttype=water
INFO     	       sawsbuck    sapsipper      lifeorb [doubleedge, highhorsepower, hornleech, swordsdance] ttype=ground
INFO     	         espeon  magicbounce      lifeorb [alluringvoice, calmmind, psyshock, shadowball] ttype=psychic
INFO     Sampling battle 5
INFO     	         swanna    hydration heavydutyboots [bravebird, hydropump, knockoff, roost] ttype=ground
INFO     	        sableye    prankster    leftovers [encore, knockoff, recover, willowisp] ttype=steel
INFO     	       regirock    clearbody         None [bodypress, irondefense, rest, stoneedge] ttype=fighting
INFO     Sampling 3 unrevealed pokemon
INFO     	         tauros   sheerforce      lifeorb [bodyslam, closecombat, throatchop, zenheadbutt] ttype=psychic
INFO     	         dodrio    earlybird heavydutyboots [bravebird, drillrun, knockoff, swordsdance] ttype=flying
INFO     	     arceusrock    multitype   stoneplate [earthquake, recover, stoneedge, swordsdance] ttype=ground
INFO     Sampling battle 6
INFO     	         swanna    hydration heavydutyboots [bravebird, defog, hydropump, roost] ttype=ground
INFO     	        sableye    prankster    leftovers [encore, knockoff, recover, willowisp] ttype=poison
INFO     	       regirock    clearbody         None [bodypress, irondefense, rest, stoneedge] ttype=fighting
INFO     Sampling 3 unrevealed pokemon
INFO     	       samurott      torrent  assaultvest [flipturn, hydropump, knockoff, sacredsword] ttype=water
INFO     	       sunflora  chlorophyll  choicespecs [dazzlinggleam, earthpower, leafstorm, sludgebomb] ttype=fairy
INFO     	lycanrocmidnight      noguard      lifeorb [closecombat, knockoff, stoneedge, swordsdance] ttype=fighting
INFO     Sampling battle 7
INFO     	         swanna    hydration heavydutyboots [bravebird, defog, hydropump, roost] ttype=ground
INFO     	        sableye    prankster    leftovers [encore, knockoff, recover, thunderwave] ttype=poison
INFO     	       regirock    clearbody         None [bodypress, irondefense, rest, stoneedge] ttype=fighting
INFO     Sampling 3 unrevealed pokemon
INFO     	    polteageist   cursedbody    whiteherb [shadowball, shellsmash, strengthsap, terablast] ttype=fighting
INFO     	       venusaur     overgrow    leftovers [energyball, knockoff, sludgebomb, synthesis] ttype=water
INFO     	      meowsticf  competitive      lifeorb [alluringvoice, darkpulse, nastyplot, psychic] ttype=fairy
INFO     Searching for a move using PUCT MCTS with neural priors...
INFO     Sampling 8 battles at 250ms each
INFO     Computing neural priors for all battles...
INFO     Initialized StateTranslator with TeamPreviewObservationSpace
INFO     Initializing LocalPolicyProvider with model: Minikazam
INFO     Loading pretrained Minikazam model...


 		 AMAGO v3.1
            	 -------------------------
            	 Agent: Agent
            		 Max Sequence Length: 64
            		 TstepEncoder Type: MetamonPerceiverTstepEncoder
            		 TrajEncoder Type: GRUTrajEncoder
            		 Total Parameters: 4,761,778
            		 Offline Loss Weight: 1.0
            		 Online Loss Weight: 0.0
            		 Mixed Precision: NO
            		 Checkpoint Path: /Users/yadureddy/Documents/GitHub/clean/pokeagent_ac_mcts/.metamon_cache/pretrained_models/models--jakegrigsby--metamon/snapshots/c5d1cb9abb6747066a325228845a5a8af3d12139/minikazam/minikazam/ckpts
            	 Environment:
            		 DummyAsyncVectorEnv(Gym Env x 1)
            		 Exploration Type: None
            	 Dataset: DoNothingDataset
            	 Accelerate Processes: 1 


INFO     Successfully loaded Minikazam model
ERROR    Error translating battle to observation: 
WARNING  Failed to get priors for battle: 
ERROR    Error translating battle to observation: 
WARNING  Failed to get priors for battle: 
ERROR    Error translating battle to observation: 
WARNING  Failed to get priors for battle: 
ERROR    Error translating battle to observation: 
WARNING  Failed to get priors for battle: 
ERROR    Error translating battle to observation: 
WARNING  Failed to get priors for battle: 
ERROR    Error translating battle to observation: 
WARNING  Failed to get priors for battle: 
ERROR    Error translating battle to observation: 
WARNING  Failed to get priors for battle: 
ERROR    Error translating battle to observation: 
WARNING  Failed to get priors for battle: 
INFO     Successfully computed neural priors for 0/8 battles
INFO     Using PUCT-guided move selection (priors integrated during search)...
INFO     Policy 0: ironhead visited 43.25% avg_score=0.337 sample_chance_multiplier=0.125
INFO     Policy 1: ironhead visited 48.19% avg_score=0.292 sample_chance_multiplier=0.125
INFO     Policy 2: switch hypno visited 44.13% avg_score=0.313 sample_chance_multiplier=0.125
INFO     Policy 3: ironhead visited 32.76% avg_score=0.31 sample_chance_multiplier=0.125
INFO     Policy 4: switch hypno visited 60.08% avg_score=0.307 sample_chance_multiplier=0.125
INFO     Policy 5: ironhead visited 61.15% avg_score=0.33 sample_chance_multiplier=0.125
INFO     Policy 6: ironhead visited 47.32% avg_score=0.318 sample_chance_multiplier=0.125
INFO     Policy 7: ironhead visited 64.84% avg_score=0.29 sample_chance_multiplier=0.125
INFO     Considered Choices:
INFO     	44.446%: ironhead
INFO     Choice: ironhead
INFO     Updated swanna's min speed to 140
INFO     swanna used a water move, removing watergem from possible items
INFO     Setting swanna's last used move: hydropump
INFO     swanna used a damaging move - not guessing lifeorb anymore
INFO     swanna did 50.56% damage to perrserker with hydropump
WARNING  Would remove all possibilities, not removing any
WARNING  actual_damage_dealt=136.0064
INFO     perrserker already has the move ironhead. Decrementing the PP by 1
INFO     perrserker used a steel move, removing steelgem from possible items
INFO     Setting perrserker's last used move: ironhead
INFO     perrserker used a damaging move - not guessing lifeorb anymore
INFO     perrserker did 51.0% damage to swanna with ironhead
INFO     swanna has less than maxhp during upkeep, no longer guessing leftovers or blacksludge
INFO     
INFO     Turn: 7
INFO     Sampling battle 0
INFO     	         swanna    hydration heavydutyboots [bravebird, hydropump, knockoff, roost] ttype=ground
INFO     	        sableye    prankster    leftovers [encore, knockoff, recover, thunderwave] ttype=steel
INFO     	       regirock    clearbody         None [bodypress, irondefense, rest, stoneedge] ttype=fighting
INFO     Sampling 3 unrevealed pokemon
INFO     	        manaphy    hydration    leftovers [energyball, hydropump, icebeam, tailglow] ttype=water
INFO     	         espeon  magicbounce      lifeorb [alluringvoice, calmmind, morningsun, psyshock] ttype=psychic
INFO     	          hypno     insomnia    leftovers [focusblast, protect, psychicnoise, toxic] ttype=steel
INFO     Sampling battle 1
INFO     	         swanna    hydration heavydutyboots [bravebird, defog, hydropump, roost] ttype=ground
INFO     	        sableye    prankster    leftovers [encore, knockoff, recover, willowisp] ttype=poison
INFO     	       regirock    clearbody         None [bodypress, irondefense, rest, stoneedge] ttype=fighting
INFO     Sampling 3 unrevealed pokemon
INFO     	     arceusrock    multitype   stoneplate [calmmind, fireblast, judgment, recover] ttype=dragon
INFO     	       whiscash    oblivious    leftovers [earthquake, icebeam, spikes, stealthrock] ttype=ghost
INFO     	         zacian intrepidsword   choiceband [closecombat, playrough, psychicfangs, wildcharge] ttype=fighting
INFO     Sampling battle 2
INFO     	         swanna    hydration heavydutyboots [bravebird, defog, hydropump, roost] ttype=ground
INFO     	        sableye    prankster    leftovers [encore, knockoff, recover, thunderwave] ttype=steel
INFO     	       regirock    clearbody         None [bodypress, irondefense, rest, stoneedge] ttype=fighting
INFO     Sampling 3 unrevealed pokemon
INFO     	       swampert      torrent    leftovers [earthquake, flipturn, knockoff, stealthrock] ttype=poison
INFO     	      exeggutor      harvest  sitrusberry [leechseed, psychicnoise, sludgebomb, substitute] ttype=steel
INFO     	      tyranitar   sandstream  assaultvest [dragontail, icebeam, knockoff, stoneedge] ttype=rock
INFO     Sampling battle 3
INFO     	         swanna    hydration heavydutyboots [bravebird, hydropump, knockoff, roost] ttype=ground
INFO     	        sableye    prankster    leftovers [encore, knockoff, recover, thunderwave] ttype=steel
INFO     	       regirock    clearbody         None [bodypress, irondefense, rest, stoneedge] ttype=fighting
INFO     Sampling 3 unrevealed pokemon
INFO     	       vivillon compoundeyes heavydutyboots [bugbuzz, hurricane, quiverdance, sleeppowder] ttype=flying
INFO     	        blissey  naturalcure    leftovers [seismictoss, softboiled, stealthrock, thunderwave] ttype=fairy
INFO     	     golemalola    galvanize   choiceband [doubleedge, earthquake, explosion, stoneedge] ttype=ground
INFO     Searching for a move using PUCT MCTS with neural priors...
INFO     Sampling 4 battles at 500ms each
INFO     Computing neural priors for all battles...
INFO     Initialized StateTranslator with TeamPreviewObservationSpace
INFO     Initializing LocalPolicyProvider with model: Minikazam
INFO     Loading pretrained Minikazam model...


 		 AMAGO v3.1
            	 -------------------------
            	 Agent: Agent
            		 Max Sequence Length: 64
            		 TstepEncoder Type: MetamonPerceiverTstepEncoder
            		 TrajEncoder Type: GRUTrajEncoder
            		 Total Parameters: 4,761,778
            		 Offline Loss Weight: 1.0
            		 Online Loss Weight: 0.0
            		 Mixed Precision: NO
            		 Checkpoint Path: /Users/yadureddy/Documents/GitHub/clean/pokeagent_ac_mcts/.metamon_cache/pretrained_models/models--jakegrigsby--metamon/snapshots/c5d1cb9abb6747066a325228845a5a8af3d12139/minikazam/minikazam/ckpts
            	 Environment:
            		 DummyAsyncVectorEnv(Gym Env x 1)
            		 Exploration Type: None
            	 Dataset: DoNothingDataset
            	 Accelerate Processes: 1 


INFO     Successfully loaded Minikazam model
ERROR    Error translating battle to observation: 
WARNING  Failed to get priors for battle: 
ERROR    Error translating battle to observation: 
WARNING  Failed to get priors for battle: 
ERROR    Error translating battle to observation: 
WARNING  Failed to get priors for battle: 
ERROR    Error translating battle to observation: 
WARNING  Failed to get priors for battle: 
INFO     Successfully computed neural priors for 0/4 battles
INFO     Using PUCT-guided move selection (priors integrated during search)...
INFO     Policy 0: switch hypno visited 78.41% avg_score=0.282 sample_chance_multiplier=0.25
INFO     Policy 1: switch hypno visited 63.29% avg_score=0.264 sample_chance_multiplier=0.25
INFO     Policy 2: switch hypno visited 41.77% avg_score=0.285 sample_chance_multiplier=0.25
INFO     Policy 3: switch hypno visited 42.13% avg_score=0.257 sample_chance_multiplier=0.25
INFO     Considered Choices:
INFO     	56.401%: switch hypno
INFO     Choice: switch hypno
INFO     hypno switched in, adding intimidate to impossible abilities
INFO     hypno switched in, adding pressure to impossible abilities
INFO     hypno switched in, adding neutralizinggas to impossible abilities
INFO     hypno switched in, adding sandstream to impossible abilities
INFO     hypno switched in, adding drought to impossible abilities
INFO     hypno switched in, adding drizzle to impossible abilities
INFO     hypno switched in, adding snowwarning to impossible abilities
INFO     hypno switched in, adding boosterenergy to impossible items
INFO     hypno switched in, adding airballoon to impossible items
INFO     swanna already has the move hydropump. Decrementing the PP by 1
INFO     swanna used a water move, removing watergem from possible items
INFO     Setting swanna's last used move: hydropump
INFO     swanna used a damaging move - not guessing lifeorb anymore
INFO     swanna did 28.89% damage to hypno with hydropump
INFO     Setting hypno's item to: leftovers
INFO     swanna has less than maxhp during upkeep, no longer guessing leftovers or blacksludge
INFO     
INFO     Turn: 8
INFO     Sampling battle 0
INFO     	         swanna    hydration heavydutyboots [bravebird, defog, hydropump, roost] ttype=ground
INFO     	        sableye    prankster    leftovers [encore, knockoff, recover, willowisp] ttype=steel
INFO     	       regirock    clearbody         None [bodypress, irondefense, rest, stoneedge] ttype=fighting
INFO     Sampling 3 unrevealed pokemon
INFO     	      dragonite   multiscale heavydutyboots [dragondance, earthquake, outrage, roost] ttype=steel
INFO     	        wugtrio        gooey   choiceband [aquajet, liquidation, stompingtantrum, throatchop] ttype=ground
INFO     	        spidops     stakeout heavydutyboots [circlethrow, knockoff, stickyweb, toxicspikes] ttype=ghost
INFO     Sampling battle 1
INFO     	         swanna    hydration heavydutyboots [bravebird, defog, hydropump, roost] ttype=ground
INFO     	        sableye    prankster    leftovers [encore, knockoff, recover, willowisp] ttype=steel
INFO     	       regirock    clearbody         None [bodypress, irondefense, rest, stoneedge] ttype=fighting
INFO     Sampling 3 unrevealed pokemon
INFO     	   arceuspoison    multitype   toxicplate [dragondance, earthquake, gunkshot, liquidation] ttype=ground
INFO     	       landorus   sheerforce      lifeorb [earthpower, focusblast, psychic, stealthrock] ttype=ground
INFO     	        shiftry    windrider heavydutyboots [defog, knockoff, leafstorm, suckerpunch] ttype=dark
INFO     Sampling battle 2
INFO     	         swanna    hydration heavydutyboots [bravebird, hydropump, knockoff, roost] ttype=ground
INFO     	        sableye    prankster    leftovers [encore, knockoff, recover, willowisp] ttype=steel
INFO     	       regirock    clearbody         None [bodypress, irondefense, rest, stoneedge] ttype=fighting
INFO     Sampling 3 unrevealed pokemon
INFO     	enamorustherian     overcoat weaknesspolicy [agility, earthpower, moonblast, mysticalfire] ttype=ground
INFO     	      rhyperior    solidrock weaknesspolicy [earthquake, megahorn, rockpolish, stoneedge] ttype=bug
INFO     	      bellossom  chlorophyll    leftovers [gigadrain, moonblast, quiverdance, strengthsap] ttype=fairy
INFO     Sampling battle 3
INFO     	         swanna    hydration heavydutyboots [bravebird, defog, hydropump, roost] ttype=ground
INFO     	        sableye    prankster    leftovers [encore, knockoff, recover, thunderwave] ttype=steel
INFO     	       regirock    clearbody         None [bodypress, curse, rest, stoneedge] ttype=fighting
INFO     Sampling 3 unrevealed pokemon
INFO     	   moltresgalar      berserk  chestoberry [fierywrath, hurricane, nastyplot, rest] ttype=dark
INFO     	        avalugg       sturdy heavydutyboots [avalanche, bodypress, curse, recover] ttype=fighting
INFO     	        shaymin  naturalcure    leftovers [airslash, earthpower, seedflare, synthesis] ttype=steel
INFO     Searching for a move using PUCT MCTS with neural priors...
INFO     Sampling 4 battles at 500ms each
INFO     Computing neural priors for all battles...
INFO     Initialized StateTranslator with TeamPreviewObservationSpace
INFO     Initializing LocalPolicyProvider with model: Minikazam
INFO     Loading pretrained Minikazam model...


 		 AMAGO v3.1
            	 -------------------------
            	 Agent: Agent
            		 Max Sequence Length: 64
            		 TstepEncoder Type: MetamonPerceiverTstepEncoder
            		 TrajEncoder Type: GRUTrajEncoder
            		 Total Parameters: 4,761,778
            		 Offline Loss Weight: 1.0
            		 Online Loss Weight: 0.0
            		 Mixed Precision: NO
            		 Checkpoint Path: /Users/yadureddy/Documents/GitHub/clean/pokeagent_ac_mcts/.metamon_cache/pretrained_models/models--jakegrigsby--metamon/snapshots/c5d1cb9abb6747066a325228845a5a8af3d12139/minikazam/minikazam/ckpts
            	 Environment:
            		 DummyAsyncVectorEnv(Gym Env x 1)
            		 Exploration Type: None
            	 Dataset: DoNothingDataset
            	 Accelerate Processes: 1 


INFO     Successfully loaded Minikazam model
ERROR    Error translating battle to observation: 
WARNING  Failed to get priors for battle: 
ERROR    Error translating battle to observation: 
WARNING  Failed to get priors for battle: 
ERROR    Error translating battle to observation: 
WARNING  Failed to get priors for battle: 
ERROR    Error translating battle to observation: 
WARNING  Failed to get priors for battle: 
INFO     Successfully computed neural priors for 0/4 battles
INFO     Using PUCT-guided move selection (priors integrated during search)...
INFO     Policy 0: toxic visited 43.09% avg_score=0.203 sample_chance_multiplier=0.25
INFO     Policy 1: psychicnoise visited 50.37% avg_score=0.353 sample_chance_multiplier=0.25
INFO     Policy 2: switch perrserker visited 57.41% avg_score=0.314 sample_chance_multiplier=0.25
INFO     Policy 3: toxic visited 67.5% avg_score=0.341 sample_chance_multiplier=0.25
INFO     Considered Choices:
INFO     	42.975%: toxic
INFO     Choice: toxic
INFO     Updated swanna's min speed to 181
INFO     swanna used two different moves - it cannot have a choice item
INFO     swanna used a flying move, removing flyinggem from possible items
INFO     Setting swanna's last used move: bravebird
INFO     swanna used a damaging move - not guessing lifeorb anymore
INFO     swanna did 46.67% damage to hypno with bravebird
INFO     hypno already has the move toxic. Decrementing the PP by 1
INFO     hypno used a status-move. Adding `assaultvest` to impossible items
INFO     Setting hypno's last used move: toxic
INFO     Setting hypno's item to: leftovers
INFO     swanna has less than maxhp during upkeep, no longer guessing leftovers or blacksludge
INFO     Opponent has switched - clearing the last used move
INFO     calyrexice switched in, adding intimidate to impossible abilities
INFO     calyrexice switched in, adding pressure to impossible abilities
INFO     calyrexice switched in, adding neutralizinggas to impossible abilities
INFO     calyrexice switched in, adding sandstream to impossible abilities
INFO     calyrexice switched in, adding drought to impossible abilities
INFO     calyrexice switched in, adding drizzle to impossible abilities
INFO     calyrexice switched in, adding snowwarning to impossible abilities
INFO     calyrexice switched in, adding boosterenergy to impossible items
INFO     calyrexice switched in, adding airballoon to impossible items
INFO     Setting calyrexice's ability to asoneglastrier
INFO     calyrexice has the ability asoneglastrier, will not change to unnerve
INFO     Setting calyrexice's ability to asoneglastrier
INFO     
INFO     Turn: 9
INFO     Sampling battle 0
INFO     	     calyrexice asoneglastrier heavydutyboots [closecombat, glaciallance, highhorsepower, trickroom] ttype=fighting
INFO     	        sableye    prankster    leftovers [encore, knockoff, recover, thunderwave] ttype=poison
INFO     	       regirock    clearbody         None [bodypress, irondefense, rest, stoneedge] ttype=fighting
INFO     Sampling 2 unrevealed pokemon
INFO     	      rillaboom  grassysurge      lifeorb [grassyglide, knockoff, swordsdance, woodhammer] ttype=grass
INFO     	     chesnaught  bulletproof    leftovers [bodypress, spikes, synthesis, woodhammer] ttype=steel
INFO     Sampling battle 1
INFO     	     calyrexice asoneglastrier heavydutyboots [closecombat, glaciallance, highhorsepower, trickroom] ttype=ground
INFO     	        sableye    prankster    leftovers [encore, knockoff, recover, willowisp] ttype=poison
INFO     	       regirock    clearbody         None [bodypress, curse, rest, stoneedge] ttype=fighting
INFO     Sampling 2 unrevealed pokemon
INFO     	        spidops     stakeout heavydutyboots [knockoff, stickyweb, toxicspikes, uturn] ttype=ghost
INFO     	 arceuselectric    multitype     zapplate [calmmind, icebeam, judgment, recover] ttype=ice
INFO     Sampling battle 2
INFO     	     calyrexice asoneglastrier weaknesspolicy [agility, closecombat, glaciallance, highhorsepower] ttype=ground
INFO     	        sableye    prankster    leftovers [encore, knockoff, recover, thunderwave] ttype=poison
INFO     	       regirock    clearbody         None [bodypress, irondefense, rest, stoneedge] ttype=fighting
INFO     Sampling 2 unrevealed pokemon
INFO     	       clodsire      unaware    leftovers [earthquake, gunkshot, recover, toxic] ttype=flying
INFO     	     mabosstiff     stakeout  choicescarf [crunch, playrough, psychicfangs, wildcharge] ttype=dark
INFO     Sampling battle 3
INFO     	     calyrexice asoneglastrier heavydutyboots [closecombat, glaciallance, highhorsepower, trickroom] ttype=ground
INFO     	        sableye    prankster    leftovers [encore, knockoff, recover, willowisp] ttype=steel
INFO     	       regirock    clearbody         None [bodypress, irondefense, rest, stoneedge] ttype=fighting
INFO     Sampling 2 unrevealed pokemon
INFO     	       rotommow     levitate  choicescarf [leafstorm, thunderbolt, trick, voltswitch] ttype=grass
INFO     	   zoroarkhisui     illusion  choicespecs [bittermalice, focusblast, hypervoice, trick] ttype=normal
INFO     Searching for a move using PUCT MCTS with neural priors...
INFO     Sampling 4 battles at 500ms each
INFO     Computing neural priors for all battles...
INFO     Initialized StateTranslator with TeamPreviewObservationSpace
INFO     Initializing LocalPolicyProvider with model: Minikazam
INFO     Loading pretrained Minikazam model...


 		 AMAGO v3.1
            	 -------------------------
            	 Agent: Agent
            		 Max Sequence Length: 64
            		 TstepEncoder Type: MetamonPerceiverTstepEncoder
            		 TrajEncoder Type: GRUTrajEncoder
            		 Total Parameters: 4,761,778
            		 Offline Loss Weight: 1.0
            		 Online Loss Weight: 0.0
            		 Mixed Precision: NO
            		 Checkpoint Path: /Users/yadureddy/Documents/GitHub/clean/pokeagent_ac_mcts/.metamon_cache/pretrained_models/models--jakegrigsby--metamon/snapshots/c5d1cb9abb6747066a325228845a5a8af3d12139/minikazam/minikazam/ckpts
            	 Environment:
            		 DummyAsyncVectorEnv(Gym Env x 1)
            		 Exploration Type: None
            	 Dataset: DoNothingDataset
            	 Accelerate Processes: 1 


INFO     Successfully loaded Minikazam model
ERROR    Error translating battle to observation: 
WARNING  Failed to get priors for battle: 
ERROR    Error translating battle to observation: 
WARNING  Failed to get priors for battle: 
ERROR    Error translating battle to observation: 
WARNING  Failed to get priors for battle: 
ERROR    Error translating battle to observation: 
WARNING  Failed to get priors for battle: 
INFO     Successfully computed neural priors for 0/4 battles
INFO     Using PUCT-guided move selection (priors integrated during search)...
INFO     Policy 0: switch orthworm visited 94.77% avg_score=0.382 sample_chance_multiplier=0.25
INFO     Policy 1: encore visited 43.05% avg_score=0.186 sample_chance_multiplier=0.25
INFO     Policy 2: toxic visited 60.14% avg_score=0.31 sample_chance_multiplier=0.25
INFO     Policy 3: knockoff visited 50.56% avg_score=0.332 sample_chance_multiplier=0.25
INFO     Considered Choices:
INFO     	33.375%: switch orthworm
INFO     Choice: switch orthworm
INFO     orthworm switched in, adding intimidate to impossible abilities
INFO     orthworm switched in, adding pressure to impossible abilities
INFO     orthworm switched in, adding neutralizinggas to impossible abilities
INFO     orthworm switched in, adding sandstream to impossible abilities
INFO     orthworm switched in, adding drought to impossible abilities
INFO     orthworm switched in, adding drizzle to impossible abilities
INFO     orthworm switched in, adding snowwarning to impossible abilities
INFO     orthworm switched in, adding boosterenergy to impossible items
INFO     orthworm switched in, adding airballoon to impossible items
INFO     calyrexice used a status-move. Adding `assaultvest` to impossible items
INFO     Setting calyrexice's last used move: trickroom
INFO     Setting trickroom
INFO     Trick Room turns remaining: 4
INFO     
INFO     Turn: 10
INFO     Sampling battle 0
INFO     	     calyrexice asoneglastrier heavydutyboots [closecombat, glaciallance, highhorsepower, trickroom] ttype=fighting
INFO     	        sableye    prankster    leftovers [encore, knockoff, recover, thunderwave] ttype=steel
INFO     	       regirock    clearbody         None [bodypress, curse, rest, stoneedge] ttype=fighting
INFO     Sampling 2 unrevealed pokemon
INFO     	        lanturn   voltabsorb  choicespecs [icebeam, scald, thunderbolt, voltswitch] ttype=flying
INFO     	         furret        frisk   choiceband [doubleedge, knockoff, trick, uturn] ttype=ghost
INFO     Sampling battle 1
INFO     	     calyrexice asoneglastrier heavydutyboots [closecombat, glaciallance, highhorsepower, trickroom] ttype=ground
INFO     	        sableye    prankster    leftovers [encore, knockoff, recover, willowisp] ttype=poison
INFO     	       regirock    clearbody         None [bodypress, irondefense, rest, stoneedge] ttype=fighting
INFO     Sampling 2 unrevealed pokemon
INFO     	      ironhands   quarkdrive  assaultvest [closecombat, fakeout, thunderpunch, voltswitch] ttype=fighting
INFO     	         plusle lightningrod      lifeorb [alluringvoice, encore, nastyplot, thunderbolt] ttype=electric
INFO     Sampling battle 2
INFO     	     calyrexice asoneglastrier heavydutyboots [closecombat, glaciallance, highhorsepower, trickroom] ttype=ground
INFO     	        sableye    prankster    leftovers [encore, knockoff, recover, thunderwave] ttype=poison
INFO     	       regirock    clearbody         None [bodypress, irondefense, rest, stoneedge] ttype=fighting
INFO     Sampling 2 unrevealed pokemon
INFO     	       drifblim    aftermath heavydutyboots [airslash, defog, shadowball, strengthsap] ttype=ghost
INFO     	      heracross        moxie   choiceband [closecombat, earthquake, megahorn, stoneedge] ttype=rock
INFO     Sampling battle 3
INFO     	     calyrexice asoneglastrier heavydutyboots [closecombat, glaciallance, highhorsepower, trickroom] ttype=fighting
INFO     	        sableye    prankster    leftovers [encore, knockoff, recover, thunderwave] ttype=poison
INFO     	       regirock    clearbody         None [bodypress, irondefense, rest, stoneedge] ttype=fighting
INFO     Sampling 2 unrevealed pokemon
INFO     	         swalot   liquidooze    leftovers [earthquake, gunkshot, knockoff, swordsdance] ttype=ground
INFO     	      poliwrath  waterabsorb    leftovers [bulkup, drainpunch, knockoff, liquidation] ttype=water
INFO     Searching for a move using PUCT MCTS with neural priors...
INFO     Sampling 4 battles at 500ms each
INFO     Computing neural priors for all battles...
INFO     Initialized StateTranslator with TeamPreviewObservationSpace
INFO     Initializing LocalPolicyProvider with model: Minikazam
INFO     Loading pretrained Minikazam model...


 		 AMAGO v3.1
            	 -------------------------
            	 Agent: Agent
            		 Max Sequence Length: 64
            		 TstepEncoder Type: MetamonPerceiverTstepEncoder
            		 TrajEncoder Type: GRUTrajEncoder
            		 Total Parameters: 4,761,778
            		 Offline Loss Weight: 1.0
            		 Online Loss Weight: 0.0
            		 Mixed Precision: NO
            		 Checkpoint Path: /Users/yadureddy/Documents/GitHub/clean/pokeagent_ac_mcts/.metamon_cache/pretrained_models/models--jakegrigsby--metamon/snapshots/c5d1cb9abb6747066a325228845a5a8af3d12139/minikazam/minikazam/ckpts
            	 Environment:
            		 DummyAsyncVectorEnv(Gym Env x 1)
            		 Exploration Type: None
            	 Dataset: DoNothingDataset
            	 Accelerate Processes: 1 


INFO     Successfully loaded Minikazam model
ERROR    Error translating battle to observation: 
WARNING  Failed to get priors for battle: 
ERROR    Error translating battle to observation: 
WARNING  Failed to get priors for battle: 
ERROR    Error translating battle to observation: 
WARNING  Failed to get priors for battle: 
ERROR    Error translating battle to observation: 
WARNING  Failed to get priors for battle: 
INFO     Successfully computed neural priors for 0/4 battles
INFO     Using PUCT-guided move selection (priors integrated during search)...
INFO     Policy 0: switch hypno visited 61.41% avg_score=0.256 sample_chance_multiplier=0.25
INFO     Policy 1: bodypress visited 92.14% avg_score=0.335 sample_chance_multiplier=0.25
INFO     Policy 2: switch fluttermane visited 31.29% avg_score=0.387 sample_chance_multiplier=0.25
INFO     Policy 3: switch meowsticf visited 23.79% avg_score=0.365 sample_chance_multiplier=0.25
INFO     Considered Choices:
INFO     	33.623%: bodypress
INFO     Choice: bodypress
INFO     Updated calyrexice's max speed to 165
INFO     calyrexice used two different moves - it cannot have a choice item
INFO     calyrexice used a fighting move, removing fightinggem from possible items
INFO     Setting calyrexice's last used move: closecombat
INFO     calyrexice used a damaging move - not guessing lifeorb anymore
INFO     calyrexice did 44.36% damage to orthworm with closecombat
INFO     calyrexice's defense was unboosted by 1 to -1
INFO     calyrexice's special-defense was unboosted by 1 to -1
INFO     orthworm already has the move bodypress. Decrementing the PP by 1
INFO     orthworm used a fighting move, removing fightinggem from possible items
INFO     Setting orthworm's last used move: bodypress
INFO     orthworm used a damaging move - not guessing lifeorb anymore
INFO     orthworm did 36.0% damage to calyrexice with bodypress
INFO     Trick Room turns remaining: 3
INFO     calyrexice has less than maxhp during upkeep, no longer guessing leftovers or blacksludge
INFO     
INFO     Turn: 11
INFO     Sampling battle 0
INFO     	     calyrexice asoneglastrier heavydutyboots [closecombat, glaciallance, highhorsepower, trickroom] ttype=fighting
INFO     	        sableye    prankster    leftovers [encore, knockoff, recover, willowisp] ttype=poison
INFO     	       regirock    clearbody         None [bodypress, irondefense, rest, stoneedge] ttype=fighting
INFO     Sampling 2 unrevealed pokemon
INFO     	        slowbro  regenerator  assaultvest [bodypress, fireblast, futuresight, scald] ttype=fairy
INFO     	      mismagius     levitate  choicespecs [mysticalfire, shadowball, thunderbolt, trick] ttype=ghost
INFO     Sampling battle 1
INFO     	     calyrexice asoneglastrier heavydutyboots [closecombat, glaciallance, highhorsepower, trickroom] ttype=ground
INFO     	        sableye    prankster    leftovers [encore, knockoff, recover, willowisp] ttype=poison
INFO     	       regirock    clearbody         None [bodypress, curse, rest, stoneedge] ttype=fighting
INFO     Sampling 2 unrevealed pokemon
INFO     	         lunala shadowshield    leftovers [calmmind, moonblast, moongeistbeam, moonlight] ttype=fairy
INFO     	   greninjabond   battlebond      lifeorb [darkpulse, gunkshot, hydropump, icebeam] ttype=water
INFO     Sampling battle 2
INFO     	     calyrexice asoneglastrier heavydutyboots [closecombat, glaciallance, highhorsepower, trickroom] ttype=ground
INFO     	        sableye    prankster    leftovers [encore, knockoff, recover, thunderwave] ttype=poison
INFO     	       regirock    clearbody         None [bodypress, irondefense, rest, stoneedge] ttype=fighting
INFO     Sampling 2 unrevealed pokemon
INFO     	        heatran    flashfire  assaultvest [earthpower, flashcannon, heavyslam, magmastorm] ttype=flying
INFO     	       rayquaza      airlock heavydutyboots [dragonascent, dragondance, earthquake, outrage] ttype=flying
INFO     Sampling battle 3
INFO     	     calyrexice asoneglastrier heavydutyboots [closecombat, glaciallance, highhorsepower, trickroom] ttype=ground
INFO     	        sableye    prankster    leftovers [encore, knockoff, recover, willowisp] ttype=poison
INFO     	       regirock    clearbody         None [bodypress, irondefense, rest, stoneedge] ttype=fighting
INFO     Sampling 2 unrevealed pokemon
WARNING  steel is not a known move
INFO     	          ditto     imposter  choicescarf [transform]
INFO     	taurospaldeaaqua      cudchew  sitrusberry [bulkup, closecombat, liquidation, substitute] ttype=steel
INFO     Searching for a move using PUCT MCTS with neural priors...
INFO     Sampling 4 battles at 500ms each
INFO     Computing neural priors for all battles...
INFO     Initialized StateTranslator with TeamPreviewObservationSpace
INFO     Initializing LocalPolicyProvider with model: Minikazam
INFO     Loading pretrained Minikazam model...


 		 AMAGO v3.1
            	 -------------------------
            	 Agent: Agent
            		 Max Sequence Length: 64
            		 TstepEncoder Type: MetamonPerceiverTstepEncoder
            		 TrajEncoder Type: GRUTrajEncoder
            		 Total Parameters: 4,761,778
            		 Offline Loss Weight: 1.0
            		 Online Loss Weight: 0.0
            		 Mixed Precision: NO
            		 Checkpoint Path: /Users/yadureddy/Documents/GitHub/clean/pokeagent_ac_mcts/.metamon_cache/pretrained_models/models--jakegrigsby--metamon/snapshots/c5d1cb9abb6747066a325228845a5a8af3d12139/minikazam/minikazam/ckpts
            	 Environment:
            		 DummyAsyncVectorEnv(Gym Env x 1)
            		 Exploration Type: None
            	 Dataset: DoNothingDataset
            	 Accelerate Processes: 1 


INFO     Successfully loaded Minikazam model
ERROR    Error translating battle to observation: 
WARNING  Failed to get priors for battle: 
ERROR    Error translating battle to observation: 
WARNING  Failed to get priors for battle: 
ERROR    Error translating battle to observation: 
WARNING  Failed to get priors for battle: 
ERROR    Error translating battle to observation: 
WARNING  Failed to get priors for battle: 
INFO     Successfully computed neural priors for 0/4 battles
INFO     Using PUCT-guided move selection (priors integrated during search)...
INFO     Policy 0: rest visited 45.0% avg_score=0.315 sample_chance_multiplier=0.25
INFO     Policy 1: rest visited 36.29% avg_score=0.248 sample_chance_multiplier=0.25
INFO     Policy 2: irontail visited 42.75% avg_score=0.257 sample_chance_multiplier=0.25
INFO     Policy 3: rest visited 35.15% avg_score=0.387 sample_chance_multiplier=0.25
INFO     Considered Choices:
INFO     	32.512%: rest
INFO     Choice: rest
INFO     Opponent has switched - clearing the last used move
INFO     cloyster switched in, adding intimidate to impossible abilities
INFO     cloyster switched in, adding pressure to impossible abilities
INFO     cloyster switched in, adding neutralizinggas to impossible abilities
INFO     cloyster switched in, adding sandstream to impossible abilities
INFO     cloyster switched in, adding drought to impossible abilities
INFO     cloyster switched in, adding drizzle to impossible abilities
INFO     cloyster switched in, adding snowwarning to impossible abilities
INFO     cloyster switched in, adding boosterenergy to impossible items
INFO     cloyster switched in, adding airballoon to impossible items
INFO     orthworm already has the move rest. Decrementing the PP by 1
INFO     orthworm used a status-move. Adding `assaultvest` to impossible items
INFO     Setting orthworm's last used move: rest
INFO     Setting rest_turns to 3 for orthworm
INFO     orthworm got status: slp
INFO     No longer guessing lumberry because orthworm got status slp
INFO     Removing orthworm's item: chestoberry
INFO     Setting orthworm's removed item to chestoberry
INFO     orthworm is being cured of sleep, setting rest_turns & sleep_turns to 0
INFO     Trick Room turns remaining: 2
INFO     
INFO     Turn: 12
INFO     Sampling battle 0
INFO     	       cloyster    skilllink    whiteherb [drillrun, iciclespear, rockblast, shellsmash] ttype=ground
INFO     	        sableye    prankster    leftovers [encore, knockoff, recover, willowisp] ttype=steel
INFO     	       regirock    clearbody         None [bodypress, curse, rest, stoneedge] ttype=fighting
INFO     	     calyrexice asoneglastrier heavydutyboots [closecombat, glaciallance, highhorsepower, trickroom] ttype=fighting
INFO     Sampling 1 unrevealed pokemon
INFO     	    zapdosgalar      defiant   choiceband [bravebird, closecombat, knockoff, uturn] ttype=steel
INFO     Sampling battle 1
INFO     	       cloyster    skilllink    whiteherb [drillrun, iciclespear, rockblast, shellsmash] ttype=ground
INFO     	        sableye    prankster    leftovers [encore, knockoff, recover, thunderwave] ttype=steel
INFO     	       regirock    clearbody         None [bodypress, irondefense, rest, stoneedge] ttype=fighting
INFO     	     calyrexice asoneglastrier heavydutyboots [closecombat, glaciallance, highhorsepower, trickroom] ttype=fighting
INFO     Sampling 1 unrevealed pokemon
INFO     	      bellossom  chlorophyll    leftovers [gigadrain, quiverdance, sludgebomb, strengthsap] ttype=poison
INFO     Sampling battle 2
INFO     	       cloyster    skilllink    whiteherb [hydropump, iciclespear, rockblast, shellsmash] ttype=rock
INFO     	        sableye    prankster    leftovers [encore, knockoff, recover, thunderwave] ttype=steel
INFO     	       regirock    clearbody         None [bodypress, curse, rest, stoneedge] ttype=fighting
INFO     	     calyrexice asoneglastrier heavydutyboots [closecombat, glaciallance, highhorsepower, trickroom] ttype=fighting
INFO     Sampling 1 unrevealed pokemon
INFO     	   arceusdragon    multitype   dracoplate [calmmind, fireblast, judgment, sludgebomb] ttype=fire
INFO     Sampling battle 3
INFO     	       cloyster    skilllink    whiteherb [drillrun, iciclespear, rockblast, shellsmash] ttype=ground
INFO     	        sableye    prankster    leftovers [encore, knockoff, recover, willowisp] ttype=poison
INFO     	       regirock    clearbody         None [bodypress, irondefense, rest, stoneedge] ttype=fighting
INFO     	     calyrexice asoneglastrier heavydutyboots [closecombat, glaciallance, highhorsepower, trickroom] ttype=ground
INFO     Sampling 1 unrevealed pokemon
INFO     	    fezandipiti   toxicchain    leftovers [gunkshot, playrough, swordsdance, terablast] ttype=ground
INFO     Searching for a move using PUCT MCTS with neural priors...
INFO     Sampling 4 battles at 500ms each
INFO     Computing neural priors for all battles...
INFO     Initialized StateTranslator with TeamPreviewObservationSpace
INFO     Initializing LocalPolicyProvider with model: Minikazam
INFO     Loading pretrained Minikazam model...


 		 AMAGO v3.1
            	 -------------------------
            	 Agent: Agent
            		 Max Sequence Length: 64
            		 TstepEncoder Type: MetamonPerceiverTstepEncoder
            		 TrajEncoder Type: GRUTrajEncoder
            		 Total Parameters: 4,761,778
            		 Offline Loss Weight: 1.0
            		 Online Loss Weight: 0.0
            		 Mixed Precision: NO
            		 Checkpoint Path: /Users/yadureddy/Documents/GitHub/clean/pokeagent_ac_mcts/.metamon_cache/pretrained_models/models--jakegrigsby--metamon/snapshots/c5d1cb9abb6747066a325228845a5a8af3d12139/minikazam/minikazam/ckpts
            	 Environment:
            		 DummyAsyncVectorEnv(Gym Env x 1)
            		 Exploration Type: None
            	 Dataset: DoNothingDataset
            	 Accelerate Processes: 1 


INFO     Successfully loaded Minikazam model
ERROR    Error translating battle to observation: 
WARNING  Failed to get priors for battle: 
ERROR    Error translating battle to observation: 
WARNING  Failed to get priors for battle: 
ERROR    Error translating battle to observation: 
WARNING  Failed to get priors for battle: 
ERROR    Error translating battle to observation: 
WARNING  Failed to get priors for battle: 
INFO     Successfully computed neural priors for 0/4 battles
INFO     Using PUCT-guided move selection (priors integrated during search)...
INFO     Policy 0: bodypress visited 29.98% avg_score=0.277 sample_chance_multiplier=0.25
INFO     Policy 1: bodypress visited 79.68% avg_score=0.299 sample_chance_multiplier=0.25
INFO     Policy 2: switch hypno visited 47.78% avg_score=0.257 sample_chance_multiplier=0.25
INFO     Policy 3: switch fluttermane visited 60.16% avg_score=0.285 sample_chance_multiplier=0.25
INFO     Considered Choices:
INFO     	30.697%: switch fluttermane
INFO     	28.533%: bodypress
INFO     Choice: bodypress
INFO     Updated cloyster's max speed to 165
INFO     cloyster used a water move, removing watergem from possible items
INFO     Setting cloyster's last used move: hydropump
INFO     cloyster used a damaging move - not guessing lifeorb anymore
INFO     cloyster did 48.870000000000005% damage to orthworm with hydropump
INFO     orthworm already has the move bodypress. Decrementing the PP by 1
INFO     orthworm used a fighting move, removing fightinggem from possible items
INFO     Setting orthworm's last used move: bodypress
INFO     orthworm used a damaging move - not guessing lifeorb anymore
INFO     orthworm did 47.0% damage to cloyster with bodypress
INFO     Trick Room turns remaining: 1
INFO     cloyster has less than maxhp during upkeep, no longer guessing leftovers or blacksludge
INFO     
INFO     Turn: 13
INFO     Sampling battle 0
INFO     	       cloyster    skilllink    whiteherb [hydropump, iciclespear, rockblast, shellsmash] ttype=rock
INFO     	        sableye    prankster    leftovers [encore, knockoff, recover, thunderwave] ttype=poison
INFO     	       regirock    clearbody         None [bodypress, irondefense, rest, stoneedge] ttype=fighting
INFO     	     calyrexice asoneglastrier heavydutyboots [closecombat, glaciallance, highhorsepower, trickroom] ttype=fighting
INFO     Sampling 1 unrevealed pokemon
INFO     	       sceptile     overgrow      lifeorb [focusblast, gigadrain, rockslide, shedtail] ttype=steel
INFO     Sampling battle 1
INFO     	       cloyster    skilllink    whiteherb [hydropump, iciclespear, rockblast, shellsmash] ttype=rock
INFO     	        sableye    prankster    leftovers [encore, knockoff, recover, thunderwave] ttype=steel
INFO     	       regirock    clearbody         None [bodypress, irondefense, rest, stoneedge] ttype=fighting
INFO     	     calyrexice asoneglastrier heavydutyboots [closecombat, glaciallance, highhorsepower, trickroom] ttype=fighting
INFO     Sampling 1 unrevealed pokemon
INFO     	      spiritomb  infiltrator    leftovers [foulplay, poltergeist, shadowsneak, willowisp] ttype=ghost
INFO     Sampling battle 2
INFO     	       cloyster    skilllink    whiteherb [hydropump, iciclespear, rockblast, shellsmash] ttype=rock
INFO     	        sableye    prankster    leftovers [encore, knockoff, recover, thunderwave] ttype=steel
INFO     	       regirock    clearbody         None [bodypress, irondefense, rest, stoneedge] ttype=fighting
INFO     	     calyrexice asoneglastrier heavydutyboots [closecombat, glaciallance, highhorsepower, trickroom] ttype=ground
INFO     Sampling 1 unrevealed pokemon
INFO     	       sneasler     unburden    whiteherb [acrobatics, closecombat, gunkshot, swordsdance] ttype=flying
INFO     Sampling battle 3
INFO     	       cloyster    skilllink    whiteherb [hydropump, iciclespear, rockblast, shellsmash] ttype=ice
INFO     	        sableye    prankster    leftovers [encore, knockoff, recover, thunderwave] ttype=steel
INFO     	       regirock    clearbody         None [bodypress, irondefense, rest, stoneedge] ttype=fighting
INFO     	     calyrexice asoneglastrier heavydutyboots [closecombat, glaciallance, highhorsepower, trickroom] ttype=ground
INFO     Sampling 1 unrevealed pokemon
INFO     	      regigigas    slowstart    leftovers [bodyslam, knockoff, protect, substitute] ttype=ghost
INFO     Searching for a move using PUCT MCTS with neural priors...
INFO     Sampling 4 battles at 500ms each
INFO     Computing neural priors for all battles...
INFO     Initialized StateTranslator with TeamPreviewObservationSpace
INFO     Initializing LocalPolicyProvider with model: Minikazam
INFO     Loading pretrained Minikazam model...


 		 AMAGO v3.1
            	 -------------------------
            	 Agent: Agent
            		 Max Sequence Length: 64
            		 TstepEncoder Type: MetamonPerceiverTstepEncoder
            		 TrajEncoder Type: GRUTrajEncoder
            		 Total Parameters: 4,761,778
            		 Offline Loss Weight: 1.0
            		 Online Loss Weight: 0.0
            		 Mixed Precision: NO
            		 Checkpoint Path: /Users/yadureddy/Documents/GitHub/clean/pokeagent_ac_mcts/.metamon_cache/pretrained_models/models--jakegrigsby--metamon/snapshots/c5d1cb9abb6747066a325228845a5a8af3d12139/minikazam/minikazam/ckpts
            	 Environment:
            		 DummyAsyncVectorEnv(Gym Env x 1)
            		 Exploration Type: None
            	 Dataset: DoNothingDataset
            	 Accelerate Processes: 1 


INFO     Successfully loaded Minikazam model
ERROR    Error translating battle to observation: 
WARNING  Failed to get priors for battle: 
ERROR    Error translating battle to observation: 
WARNING  Failed to get priors for battle: 
ERROR    Error translating battle to observation: 
WARNING  Failed to get priors for battle: 
ERROR    Error translating battle to observation: 
WARNING  Failed to get priors for battle: 
INFO     Successfully computed neural priors for 0/4 battles
INFO     Using PUCT-guided move selection (priors integrated during search)...
INFO     Policy 0: switch meowsticf visited 56.58% avg_score=0.337 sample_chance_multiplier=0.25
INFO     Policy 1: switch meowsticf visited 60.57% avg_score=0.313 sample_chance_multiplier=0.25
INFO     Policy 2: coil visited 40.51% avg_score=0.236 sample_chance_multiplier=0.25
INFO     Policy 3: switch perrserker visited 70.77% avg_score=0.328 sample_chance_multiplier=0.25
INFO     Considered Choices:
INFO     	32.887%: switch meowsticf
INFO     Choice: switch meowsticf
INFO     meowsticf switched in, adding intimidate to impossible abilities
INFO     meowsticf switched in, adding pressure to impossible abilities
INFO     meowsticf switched in, adding neutralizinggas to impossible abilities
INFO     meowsticf switched in, adding sandstream to impossible abilities
INFO     meowsticf switched in, adding drought to impossible abilities
INFO     meowsticf switched in, adding drizzle to impossible abilities
INFO     meowsticf switched in, adding snowwarning to impossible abilities
INFO     meowsticf switched in, adding boosterenergy to impossible items
INFO     meowsticf switched in, adding airballoon to impossible items
INFO     cloyster already has the move hydropump. Decrementing the PP by 1
INFO     cloyster used a water move, removing watergem from possible items
INFO     Setting cloyster's last used move: hydropump
INFO     cloyster used a damaging move - not guessing lifeorb anymore
INFO     cloyster did 37.91% damage to meowsticf with hydropump
INFO     Removing trick room
INFO     cloyster has less than maxhp during upkeep, no longer guessing leftovers or blacksludge
INFO     
INFO     Turn: 14
INFO     Sampling battle 0
INFO     	       cloyster    skilllink    whiteherb [hydropump, iciclespear, rockblast, shellsmash] ttype=ice
INFO     	        sableye    prankster    leftovers [encore, knockoff, recover, willowisp] ttype=poison
INFO     	       regirock    clearbody         None [bodypress, irondefense, rest, stoneedge] ttype=fighting
INFO     	     calyrexice asoneglastrier heavydutyboots [closecombat, glaciallance, highhorsepower, trickroom] ttype=fighting
INFO     Sampling 1 unrevealed pokemon
INFO     	       clodsire      unaware    leftovers [earthquake, gunkshot, recover, spikes] ttype=steel
INFO     Sampling battle 1
INFO     	       cloyster    skilllink    whiteherb [hydropump, iciclespear, rockblast, shellsmash] ttype=ice
INFO     	        sableye    prankster    leftovers [encore, knockoff, recover, willowisp] ttype=poison
INFO     	       regirock    clearbody         None [bodypress, irondefense, rest, stoneedge] ttype=fighting
INFO     	     calyrexice asoneglastrier heavydutyboots [closecombat, glaciallance, highhorsepower, trickroom] ttype=fighting
INFO     Sampling 1 unrevealed pokemon
INFO     	     pincurchin electricsurge    leftovers [curse, liquidation, recover, zingzap] ttype=grass
INFO     Sampling battle 2
INFO     	       cloyster    skilllink    whiteherb [hydropump, iciclespear, rockblast, shellsmash] ttype=rock
INFO     	        sableye    prankster    leftovers [encore, knockoff, recover, thunderwave] ttype=poison
INFO     	       regirock    clearbody         None [bodypress, irondefense, rest, stoneedge] ttype=fighting
INFO     	     calyrexice asoneglastrier heavydutyboots [closecombat, glaciallance, highhorsepower, trickroom] ttype=fighting
INFO     Sampling 1 unrevealed pokemon
INFO     	         latias     levitate      souldew [calmmind, dracometeor, psyshock, recover] ttype=steel
INFO     Sampling battle 3
INFO     	       cloyster    skilllink    whiteherb [hydropump, iciclespear, rockblast, shellsmash] ttype=rock
INFO     	        sableye    prankster    leftovers [encore, knockoff, recover, willowisp] ttype=poison
INFO     	       regirock    clearbody         None [bodypress, irondefense, rest, stoneedge] ttype=fighting
INFO     	     calyrexice asoneglastrier heavydutyboots [closecombat, glaciallance, highhorsepower, trickroom] ttype=ground
INFO     Sampling 1 unrevealed pokemon
INFO     	      bellibolt electromorphosis    leftovers [muddywater, slackoff, thunderbolt, voltswitch] ttype=water
INFO     Searching for a move using PUCT MCTS with neural priors...
INFO     Sampling 4 battles at 500ms each
INFO     Computing neural priors for all battles...
INFO     Initialized StateTranslator with TeamPreviewObservationSpace
INFO     Initializing LocalPolicyProvider with model: Minikazam
INFO     Loading pretrained Minikazam model...


 		 AMAGO v3.1
            	 -------------------------
            	 Agent: Agent
            		 Max Sequence Length: 64
            		 TstepEncoder Type: MetamonPerceiverTstepEncoder
            		 TrajEncoder Type: GRUTrajEncoder
            		 Total Parameters: 4,761,778
            		 Offline Loss Weight: 1.0
            		 Online Loss Weight: 0.0
            		 Mixed Precision: NO
            		 Checkpoint Path: /Users/yadureddy/Documents/GitHub/clean/pokeagent_ac_mcts/.metamon_cache/pretrained_models/models--jakegrigsby--metamon/snapshots/c5d1cb9abb6747066a325228845a5a8af3d12139/minikazam/minikazam/ckpts
            	 Environment:
            		 DummyAsyncVectorEnv(Gym Env x 1)
            		 Exploration Type: None
            	 Dataset: DoNothingDataset
            	 Accelerate Processes: 1 


INFO     Successfully loaded Minikazam model
ERROR    Error translating battle to observation: 
WARNING  Failed to get priors for battle: 
ERROR    Error translating battle to observation: 
WARNING  Failed to get priors for battle: 
ERROR    Error translating battle to observation: 
WARNING  Failed to get priors for battle: 
ERROR    Error translating battle to observation: 
WARNING  Failed to get priors for battle: 
INFO     Successfully computed neural priors for 0/4 battles
INFO     Using PUCT-guided move selection (priors integrated during search)...
INFO     Policy 0: switch perrserker visited 52.58% avg_score=0.47 sample_chance_multiplier=0.25
INFO     Policy 1: nastyplot visited 45.85% avg_score=0.232 sample_chance_multiplier=0.25
INFO     Policy 2: alluringvoice visited 42.2% avg_score=0.389 sample_chance_multiplier=0.25
INFO     Policy 3: thunderbolt visited 30.9% avg_score=0.439 sample_chance_multiplier=0.25
INFO     Considered Choices:
INFO     	18.415%: switch perrserker
INFO     	17.631%: alluringvoice
INFO     	16.267%: thunderbolt
INFO     	16.19%: nastyplot
INFO     	16.161%: psychic
INFO     Choice: psychic
INFO     Opponent has switched - clearing the last used move
INFO     meowsticf already has the move psychic. Decrementing the PP by 1
INFO     meowsticf used a psychic move, removing psychicgem from possible items
INFO     Setting meowsticf's last used move: psychic
INFO     meowsticf used a damaging move - not guessing lifeorb anymore
INFO     meowsticf did 40.0% damage to regirock with psychic
INFO     Setting meowsticf's item to: lifeorb
INFO     regirock has less than maxhp during upkeep, no longer guessing leftovers or blacksludge
INFO     
INFO     Turn: 15
INFO     Sampling battle 0
INFO     	       regirock    clearbody         None [bodypress, irondefense, rest, stoneedge] ttype=fighting
INFO     	        sableye    prankster    leftovers [encore, knockoff, recover, thunderwave] ttype=steel
INFO     	     calyrexice asoneglastrier heavydutyboots [closecombat, glaciallance, highhorsepower, trickroom] ttype=fighting
INFO     	       cloyster    skilllink    whiteherb [hydropump, iciclespear, rockblast, shellsmash] ttype=ice
INFO     Sampling 1 unrevealed pokemon
INFO     	          azelf     levitate  choicespecs [fireblast, psychic, thunderbolt, trick] ttype=fire
INFO     Sampling battle 1
INFO     	       regirock    clearbody         None [bodypress, curse, rest, stoneedge] ttype=fighting
INFO     	        sableye    prankster    leftovers [encore, knockoff, recover, thunderwave] ttype=steel
INFO     	     calyrexice asoneglastrier heavydutyboots [closecombat, glaciallance, highhorsepower, trickroom] ttype=fighting
INFO     	       cloyster    skilllink    whiteherb [hydropump, iciclespear, rockblast, shellsmash] ttype=rock
INFO     Sampling 1 unrevealed pokemon
INFO     	       grafaiai  poisontouch  assaultvest [gunkshot, knockoff, superfang, uturn] ttype=dark
INFO     Sampling battle 2
INFO     	       regirock    clearbody         None [bodypress, irondefense, rest, stoneedge] ttype=fighting
INFO     	        sableye    prankster    leftovers [encore, knockoff, recover, willowisp] ttype=steel
INFO     	     calyrexice asoneglastrier heavydutyboots [closecombat, glaciallance, highhorsepower, trickroom] ttype=fighting
INFO     	       cloyster    skilllink    whiteherb [hydropump, iciclespear, rockblast, shellsmash] ttype=ice
INFO     Sampling 1 unrevealed pokemon
INFO     	      bastiodon   soundproof  chestoberry [bodypress, foulplay, irondefense, rest] ttype=fighting
INFO     Sampling battle 3
INFO     	       regirock    clearbody         None [bodypress, irondefense, rest, stoneedge] ttype=fighting
INFO     	        sableye    prankster    leftovers [encore, knockoff, recover, willowisp] ttype=poison
INFO     	     calyrexice asoneglastrier heavydutyboots [closecombat, glaciallance, highhorsepower, trickroom] ttype=fighting
INFO     	       cloyster    skilllink    whiteherb [hydropump, iciclespear, rockblast, shellsmash] ttype=rock
INFO     Sampling 1 unrevealed pokemon
INFO     	      ironcrown   quarkdrive    leftovers [calmmind, focusblast, psyshock, tachyoncutter] ttype=steel
INFO     Searching for a move using PUCT MCTS with neural priors...
INFO     Sampling 4 battles at 500ms each
INFO     Computing neural priors for all battles...
INFO     Initialized StateTranslator with TeamPreviewObservationSpace
INFO     Initializing LocalPolicyProvider with model: Minikazam
INFO     Loading pretrained Minikazam model...


 		 AMAGO v3.1
            	 -------------------------
            	 Agent: Agent
            		 Max Sequence Length: 64
            		 TstepEncoder Type: MetamonPerceiverTstepEncoder
            		 TrajEncoder Type: GRUTrajEncoder
            		 Total Parameters: 4,761,778
            		 Offline Loss Weight: 1.0
            		 Online Loss Weight: 0.0
            		 Mixed Precision: NO
            		 Checkpoint Path: /Users/yadureddy/Documents/GitHub/clean/pokeagent_ac_mcts/.metamon_cache/pretrained_models/models--jakegrigsby--metamon/snapshots/c5d1cb9abb6747066a325228845a5a8af3d12139/minikazam/minikazam/ckpts
            	 Environment:
            		 DummyAsyncVectorEnv(Gym Env x 1)
            		 Exploration Type: None
            	 Dataset: DoNothingDataset
            	 Accelerate Processes: 1 


INFO     Successfully loaded Minikazam model
ERROR    Error translating battle to observation: 
WARNING  Failed to get priors for battle: 
ERROR    Error translating battle to observation: 
WARNING  Failed to get priors for battle: 
ERROR    Error translating battle to observation: 
WARNING  Failed to get priors for battle: 
ERROR    Error translating battle to observation: 
WARNING  Failed to get priors for battle: 
INFO     Successfully computed neural priors for 0/4 battles
INFO     Using PUCT-guided move selection (priors integrated during search)...
INFO     Policy 0: psychic visited 44.78% avg_score=0.356 sample_chance_multiplier=0.25
INFO     Policy 1: thunderbolt visited 40.91% avg_score=0.348 sample_chance_multiplier=0.25
INFO     Policy 2: thunderbolt visited 83.38% avg_score=0.379 sample_chance_multiplier=0.25
INFO     Policy 3: switch orthworm visited 27.16% avg_score=0.332 sample_chance_multiplier=0.25
INFO     Considered Choices:
INFO     	39.925%: thunderbolt
INFO     Choice: thunderbolt
INFO     Updated regirock's max speed to 236
INFO     meowsticf already has the move thunderbolt. Decrementing the PP by 1
INFO     meowsticf used a electric move, removing electricgem from possible items
INFO     Setting meowsticf's last used move: thunderbolt
INFO     meowsticf used a damaging move - not guessing lifeorb anymore
INFO     meowsticf did 26.0% damage to regirock with thunderbolt
INFO     Setting meowsticf's item to: lifeorb
INFO     regirock used a rock move, removing rockgem from possible items
INFO     Setting regirock's last used move: stoneedge
INFO     regirock used a damaging move - not guessing lifeorb anymore
INFO     regirock has less than maxhp during upkeep, no longer guessing leftovers or blacksludge
INFO     
INFO     Turn: 16
INFO     Sampling battle 0
INFO     	       regirock    clearbody         None [bodypress, curse, rest, stoneedge] ttype=fighting
INFO     	        sableye    prankster    leftovers [encore, knockoff, recover, thunderwave] ttype=steel
INFO     	     calyrexice asoneglastrier heavydutyboots [closecombat, glaciallance, highhorsepower, trickroom] ttype=ground
INFO     	       cloyster    skilllink    whiteherb [hydropump, iciclespear, rockblast, shellsmash] ttype=rock
INFO     Sampling 1 unrevealed pokemon
INFO     	       solgaleo fullmetalbody weaknesspolicy [earthquake, flamecharge, knockoff, sunsteelstrike] ttype=dark
INFO     Sampling battle 1
INFO     	       regirock    clearbody         None [bodypress, irondefense, rest, stoneedge] ttype=fighting
INFO     	        sableye    prankster    leftovers [encore, knockoff, recover, willowisp] ttype=steel
INFO     	     calyrexice asoneglastrier heavydutyboots [closecombat, glaciallance, highhorsepower, trickroom] ttype=fighting
INFO     	       cloyster    skilllink    whiteherb [hydropump, iciclespear, rockblast, shellsmash] ttype=rock
INFO     Sampling 1 unrevealed pokemon
INFO     	       tsareena queenlymajesty  assaultvest [highjumpkick, powerwhip, rapidspin, tripleaxel] ttype=steel
INFO     Sampling battle 2
INFO     	       regirock    clearbody         None [bodypress, curse, rest, stoneedge] ttype=fighting
INFO     	        sableye    prankster    leftovers [encore, knockoff, recover, willowisp] ttype=poison
INFO     	     calyrexice asoneglastrier heavydutyboots [closecombat, glaciallance, highhorsepower, trickroom] ttype=ground
INFO     	       cloyster    skilllink    whiteherb [hydropump, iciclespear, rockblast, shellsmash] ttype=ice
INFO     Sampling 1 unrevealed pokemon
INFO     	    sandyshocks protosynthesis    leftovers [earthpower, spikes, thunderbolt, thunderwave] ttype=electric
INFO     Sampling battle 3
INFO     	       regirock    clearbody         None [bodypress, curse, rest, stoneedge] ttype=fighting
INFO     	        sableye    prankster    leftovers [encore, knockoff, recover, willowisp] ttype=steel
INFO     	     calyrexice asoneglastrier heavydutyboots [closecombat, glaciallance, highhorsepower, trickroom] ttype=ground
INFO     	       cloyster    skilllink    whiteherb [hydropump, iciclespear, rockblast, shellsmash] ttype=rock
INFO     Sampling 1 unrevealed pokemon
INFO     	          minun   voltabsorb      lifeorb [encore, grassknot, nastyplot, thunderbolt] ttype=electric
INFO     Searching for a move using PUCT MCTS with neural priors...
INFO     Sampling 4 battles at 500ms each
INFO     Computing neural priors for all battles...
INFO     Initialized StateTranslator with TeamPreviewObservationSpace
INFO     Initializing LocalPolicyProvider with model: Minikazam
INFO     Loading pretrained Minikazam model...


 		 AMAGO v3.1
            	 -------------------------
            	 Agent: Agent
            		 Max Sequence Length: 64
            		 TstepEncoder Type: MetamonPerceiverTstepEncoder
            		 TrajEncoder Type: GRUTrajEncoder
            		 Total Parameters: 4,761,778
            		 Offline Loss Weight: 1.0
            		 Online Loss Weight: 0.0
            		 Mixed Precision: NO
            		 Checkpoint Path: /Users/yadureddy/Documents/GitHub/clean/pokeagent_ac_mcts/.metamon_cache/pretrained_models/models--jakegrigsby--metamon/snapshots/c5d1cb9abb6747066a325228845a5a8af3d12139/minikazam/minikazam/ckpts
            	 Environment:
            		 DummyAsyncVectorEnv(Gym Env x 1)
            		 Exploration Type: None
            	 Dataset: DoNothingDataset
            	 Accelerate Processes: 1 


INFO     Successfully loaded Minikazam model
ERROR    Error translating battle to observation: 
WARNING  Failed to get priors for battle: 
ERROR    Error translating battle to observation: 
WARNING  Failed to get priors for battle: 
ERROR    Error translating battle to observation: 
WARNING  Failed to get priors for battle: 
ERROR    Error translating battle to observation: 
WARNING  Failed to get priors for battle: 
INFO     Successfully computed neural priors for 0/4 battles
INFO     Using PUCT-guided move selection (priors integrated during search)...
INFO     Policy 0: alluringvoice visited 50.16% avg_score=0.331 sample_chance_multiplier=0.25
INFO     Policy 1: psychic visited 36.79% avg_score=0.38 sample_chance_multiplier=0.25
INFO     Policy 2: switch perrserker visited 72.22% avg_score=0.322 sample_chance_multiplier=0.25
INFO     Policy 3: switch fluttermane visited 31.58% avg_score=0.351 sample_chance_multiplier=0.25
INFO     Considered Choices:
INFO     	21.555%: switch perrserker
INFO     	16.906%: alluringvoice
INFO     Choice: switch perrserker
INFO     regirock already has the move stoneedge. Decrementing the PP by 1
INFO     regirock used a rock move, removing rockgem from possible items
INFO     Setting regirock's last used move: stoneedge
INFO     regirock used a damaging move - not guessing lifeorb anymore
INFO     regirock did 15.61% damage to perrserker with stoneedge
INFO     regirock has less than maxhp during upkeep, no longer guessing leftovers or blacksludge
INFO     
INFO     Turn: 17
INFO     Sampling battle 0
INFO     	       regirock    clearbody         None [bodypress, irondefense, rest, stoneedge] ttype=fighting
INFO     	        sableye    prankster    leftovers [encore, knockoff, recover, willowisp] ttype=poison
INFO     	     calyrexice asoneglastrier heavydutyboots [closecombat, glaciallance, highhorsepower, trickroom] ttype=ground
INFO     	       cloyster    skilllink    whiteherb [hydropump, iciclespear, rockblast, shellsmash] ttype=ice
INFO     Sampling 1 unrevealed pokemon
INFO     	      metagross    clearbody    leftovers [earthquake, heavyslam, knockoff, stealthrock] ttype=water
INFO     Sampling battle 1
INFO     	       regirock    clearbody         None [bodypress, curse, rest, stoneedge] ttype=fighting
INFO     	        sableye    prankster    leftovers [encore, knockoff, recover, thunderwave] ttype=steel
INFO     	     calyrexice asoneglastrier heavydutyboots [closecombat, glaciallance, highhorsepower, trickroom] ttype=ground
INFO     	       cloyster    skilllink    whiteherb [hydropump, iciclespear, rockblast, shellsmash] ttype=ice
INFO     Sampling 1 unrevealed pokemon
INFO     	         zarude    leafguard      lifeorb [closecombat, knockoff, powerwhip, swordsdance] ttype=fighting
INFO     Sampling battle 2
INFO     	       regirock    clearbody         None [bodypress, curse, rest, stoneedge] ttype=fighting
INFO     	        sableye    prankster    leftovers [encore, knockoff, recover, thunderwave] ttype=steel
INFO     	     calyrexice asoneglastrier heavydutyboots [closecombat, glaciallance, highhorsepower, trickroom] ttype=ground
INFO     	       cloyster    skilllink    whiteherb [hydropump, iciclespear, rockblast, shellsmash] ttype=ice
INFO     Sampling 1 unrevealed pokemon
INFO     	        donphan       sturdy  assaultvest [earthquake, iceshard, knockoff, rapidspin] ttype=dragon
INFO     Sampling battle 3
INFO     	       regirock    clearbody         None [bodypress, irondefense, rest, stoneedge] ttype=fighting
INFO     	        sableye    prankster    leftovers [encore, knockoff, recover, thunderwave] ttype=steel
INFO     	     calyrexice asoneglastrier heavydutyboots [closecombat, glaciallance, highhorsepower, trickroom] ttype=fighting
INFO     	       cloyster    skilllink    whiteherb [hydropump, iciclespear, rockblast, shellsmash] ttype=ice
INFO     Sampling 1 unrevealed pokemon
INFO     	      serperior     contrary      lifeorb [glare, leafstorm, synthesis, terablast] ttype=rock
INFO     Searching for a move using PUCT MCTS with neural priors...
INFO     Sampling 4 battles at 500ms each
INFO     Computing neural priors for all battles...
INFO     Initialized StateTranslator with TeamPreviewObservationSpace
INFO     Initializing LocalPolicyProvider with model: Minikazam
INFO     Loading pretrained Minikazam model...


 		 AMAGO v3.1
            	 -------------------------
            	 Agent: Agent
            		 Max Sequence Length: 64
            		 TstepEncoder Type: MetamonPerceiverTstepEncoder
            		 TrajEncoder Type: GRUTrajEncoder
            		 Total Parameters: 4,761,778
            		 Offline Loss Weight: 1.0
            		 Online Loss Weight: 0.0
            		 Mixed Precision: NO
            		 Checkpoint Path: /Users/yadureddy/Documents/GitHub/clean/pokeagent_ac_mcts/.metamon_cache/pretrained_models/models--jakegrigsby--metamon/snapshots/c5d1cb9abb6747066a325228845a5a8af3d12139/minikazam/minikazam/ckpts
            	 Environment:
            		 DummyAsyncVectorEnv(Gym Env x 1)
            		 Exploration Type: None
            	 Dataset: DoNothingDataset
            	 Accelerate Processes: 1 


INFO     Successfully loaded Minikazam model
ERROR    Error translating battle to observation: 
WARNING  Failed to get priors for battle: 
ERROR    Error translating battle to observation: 
WARNING  Failed to get priors for battle: 
ERROR    Error translating battle to observation: 
WARNING  Failed to get priors for battle: 
ERROR    Error translating battle to observation: 
WARNING  Failed to get priors for battle: 
INFO     Successfully computed neural priors for 0/4 battles
INFO     Using PUCT-guided move selection (priors integrated during search)...
INFO     Policy 0: ironhead visited 83.7% avg_score=0.337 sample_chance_multiplier=0.25
INFO     Policy 1: ironhead visited 93.51% avg_score=0.453 sample_chance_multiplier=0.25
INFO     Policy 2: ironhead visited 96.46% avg_score=0.483 sample_chance_multiplier=0.25
INFO     Policy 3: uturn visited 49.44% avg_score=0.431 sample_chance_multiplier=0.25
INFO     Considered Choices:
INFO     	78.04%: ironhead
INFO     Choice: ironhead
INFO     perrserker already has the move ironhead. Decrementing the PP by 1
INFO     perrserker used a steel move, removing steelgem from possible items
INFO     Setting perrserker's last used move: ironhead
INFO     perrserker used a damaging move - not guessing lifeorb anymore
INFO     perrserker did 34.0% damage to regirock with ironhead
INFO     regirock has less than maxhp during upkeep, no longer guessing leftovers or blacksludge
INFO     Opponent has switched - clearing the last used move
INFO     
INFO     Turn: 18
INFO     Sampling battle 0
INFO     	       cloyster    skilllink    whiteherb [hydropump, iciclespear, rockblast, shellsmash] ttype=rock
INFO     	        sableye    prankster    leftovers [encore, knockoff, recover, thunderwave] ttype=poison
INFO     	     calyrexice asoneglastrier heavydutyboots [closecombat, glaciallance, highhorsepower, trickroom] ttype=fighting
INFO     Sampling 1 unrevealed pokemon
INFO     	         lunala shadowshield    leftovers [calmmind, moonblast, moongeistbeam, moonlight] ttype=fairy
INFO     Sampling battle 1
INFO     	       cloyster    skilllink    whiteherb [hydropump, iciclespear, rockblast, shellsmash] ttype=ice
INFO     	        sableye    prankster    leftovers [encore, knockoff, recover, willowisp] ttype=steel
INFO     	     calyrexice asoneglastrier heavydutyboots [closecombat, glaciallance, highhorsepower, trickroom] ttype=ground
INFO     Sampling 1 unrevealed pokemon
INFO     	     conkeldurr         guts     flameorb [closecombat, facade, knockoff, machpunch] ttype=normal
INFO     Sampling battle 2
INFO     	       cloyster    skilllink    whiteherb [hydropump, iciclespear, rockblast, shellsmash] ttype=rock
INFO     	        sableye    prankster    leftovers [encore, knockoff, recover, willowisp] ttype=steel
INFO     	     calyrexice asoneglastrier heavydutyboots [closecombat, glaciallance, highhorsepower, trickroom] ttype=fighting
INFO     Sampling 1 unrevealed pokemon
INFO     	        malamar     contrary  chestoberry [knockoff, psychocut, rest, superpower] ttype=steel
INFO     Sampling battle 3
INFO     	       cloyster    skilllink    whiteherb [hydropump, iciclespear, rockblast, shellsmash] ttype=ice
INFO     	        sableye    prankster    leftovers [encore, knockoff, recover, thunderwave] ttype=steel
INFO     	     calyrexice asoneglastrier heavydutyboots [closecombat, glaciallance, highhorsepower, trickroom] ttype=ground
INFO     Sampling 1 unrevealed pokemon
INFO     	    zapdosgalar      defiant   choiceband [bravebird, closecombat, knockoff, uturn] ttype=fighting
INFO     Searching for a move using PUCT MCTS with neural priors...
INFO     Sampling 4 battles at 500ms each
INFO     Computing neural priors for all battles...
INFO     Initialized StateTranslator with TeamPreviewObservationSpace
INFO     Initializing LocalPolicyProvider with model: Minikazam
INFO     Loading pretrained Minikazam model...


 		 AMAGO v3.1
            	 -------------------------
            	 Agent: Agent
            		 Max Sequence Length: 64
            		 TstepEncoder Type: MetamonPerceiverTstepEncoder
            		 TrajEncoder Type: GRUTrajEncoder
            		 Total Parameters: 4,761,778
            		 Offline Loss Weight: 1.0
            		 Online Loss Weight: 0.0
            		 Mixed Precision: NO
            		 Checkpoint Path: /Users/yadureddy/Documents/GitHub/clean/pokeagent_ac_mcts/.metamon_cache/pretrained_models/models--jakegrigsby--metamon/snapshots/c5d1cb9abb6747066a325228845a5a8af3d12139/minikazam/minikazam/ckpts
            	 Environment:
            		 DummyAsyncVectorEnv(Gym Env x 1)
            		 Exploration Type: None
            	 Dataset: DoNothingDataset
            	 Accelerate Processes: 1 


INFO     Successfully loaded Minikazam model
ERROR    Error translating battle to observation: 
WARNING  Failed to get priors for battle: 
ERROR    Error translating battle to observation: 
WARNING  Failed to get priors for battle: 
ERROR    Error translating battle to observation: 
WARNING  Failed to get priors for battle: 
ERROR    Error translating battle to observation: 
WARNING  Failed to get priors for battle: 
INFO     Successfully computed neural priors for 0/4 battles
INFO     Using PUCT-guided move selection (priors integrated during search)...
INFO     Policy 0: switch fluttermane visited 55.66% avg_score=0.285 sample_chance_multiplier=0.25
INFO     Policy 1: ironhead visited 45.01% avg_score=0.337 sample_chance_multiplier=0.25
INFO     Policy 2: ironhead visited 85.06% avg_score=0.373 sample_chance_multiplier=0.25
INFO     Policy 3: ironhead visited 46.33% avg_score=0.364 sample_chance_multiplier=0.25
INFO     Considered Choices:
INFO     	48.505%: ironhead
INFO     Choice: ironhead
INFO     Updated cloyster's min speed to 140
INFO     cloyster already has the move hydropump. Decrementing the PP by 1
INFO     cloyster used a water move, removing watergem from possible items
INFO     Setting cloyster's last used move: hydropump
INFO     cloyster used a damaging move - not guessing lifeorb anymore
INFO     cloyster did 33.83% damage to perrserker with hydropump
INFO     cloyster has less than maxhp during upkeep, no longer guessing leftovers or blacksludge
INFO     Sampling battle 0
INFO     	       cloyster    skilllink    whiteherb [hydropump, iciclespear, rockblast, shellsmash] ttype=ice
INFO     	        sableye    prankster    leftovers [encore, knockoff, recover, willowisp] ttype=steel
INFO     	     calyrexice asoneglastrier heavydutyboots [closecombat, glaciallance, highhorsepower, trickroom] ttype=ground
INFO     Sampling 1 unrevealed pokemon
INFO     	     hitmonchan     ironfist      lifeorb [drainpunch, knockoff, machpunch, swordsdance] ttype=dark
INFO     Sampling battle 1
INFO     	       cloyster    skilllink    whiteherb [hydropump, iciclespear, rockblast, shellsmash] ttype=ice
INFO     	        sableye    prankster    leftovers [encore, knockoff, recover, willowisp] ttype=poison
INFO     	     calyrexice asoneglastrier heavydutyboots [closecombat, glaciallance, highhorsepower, trickroom] ttype=fighting
INFO     Sampling 1 unrevealed pokemon
INFO     	        weezing     levitate    leftovers [fireblast, gunkshot, painsplit, willowisp] ttype=steel
INFO     Sampling battle 2
INFO     	       cloyster    skilllink    whiteherb [hydropump, iciclespear, rockblast, shellsmash] ttype=ice
INFO     	        sableye    prankster    leftovers [encore, knockoff, recover, willowisp] ttype=poison
INFO     	     calyrexice asoneglastrier heavydutyboots [closecombat, glaciallance, highhorsepower, trickroom] ttype=fighting
INFO     Sampling 1 unrevealed pokemon
INFO     	     eelektross     levitate  assaultvest [closecombat, discharge, dragontail, uturn] ttype=poison
INFO     Sampling battle 3
INFO     	       cloyster    skilllink    whiteherb [hydropump, iciclespear, rockblast, shellsmash] ttype=rock
INFO     	        sableye    prankster    leftovers [encore, knockoff, recover, willowisp] ttype=steel
INFO     	     calyrexice asoneglastrier heavydutyboots [closecombat, glaciallance, highhorsepower, trickroom] ttype=fighting
INFO     Sampling 1 unrevealed pokemon
INFO     	      hatterene  magicbounce    leftovers [calmmind, drainingkiss, mysticalfire, psyshock] ttype=fairy
INFO     Searching for a move using PUCT MCTS with neural priors...
INFO     Sampling 4 battles at 500ms each
INFO     Computing neural priors for all battles...
INFO     Initialized StateTranslator with TeamPreviewObservationSpace
INFO     Initializing LocalPolicyProvider with model: Minikazam
INFO     Loading pretrained Minikazam model...


 		 AMAGO v3.1
            	 -------------------------
            	 Agent: Agent
            		 Max Sequence Length: 64
            		 TstepEncoder Type: MetamonPerceiverTstepEncoder
            		 TrajEncoder Type: GRUTrajEncoder
            		 Total Parameters: 4,761,778
            		 Offline Loss Weight: 1.0
            		 Online Loss Weight: 0.0
            		 Mixed Precision: NO
            		 Checkpoint Path: /Users/yadureddy/Documents/GitHub/clean/pokeagent_ac_mcts/.metamon_cache/pretrained_models/models--jakegrigsby--metamon/snapshots/c5d1cb9abb6747066a325228845a5a8af3d12139/minikazam/minikazam/ckpts
            	 Environment:
            		 DummyAsyncVectorEnv(Gym Env x 1)
            		 Exploration Type: None
            	 Dataset: DoNothingDataset
            	 Accelerate Processes: 1 


INFO     Successfully loaded Minikazam model
ERROR    Error translating battle to observation: 
WARNING  Failed to get priors for battle: 
ERROR    Error translating battle to observation: 
WARNING  Failed to get priors for battle: 
ERROR    Error translating battle to observation: 
WARNING  Failed to get priors for battle: 
ERROR    Error translating battle to observation: 
WARNING  Failed to get priors for battle: 
INFO     Successfully computed neural priors for 0/4 battles
INFO     Using PUCT-guided move selection (priors integrated during search)...
INFO     Policy 0: switch meowsticf visited 52.1% avg_score=0.424 sample_chance_multiplier=0.25
INFO     Policy 1: switch hypno visited 43.81% avg_score=0.421 sample_chance_multiplier=0.25
INFO     Policy 2: switch fluttermane visited 68.59% avg_score=0.37 sample_chance_multiplier=0.25
INFO     Policy 3: switch fluttermane visited 88.84% avg_score=0.366 sample_chance_multiplier=0.25
INFO     Considered Choices:
INFO     	53.758%: switch fluttermane
INFO     Choice: switch fluttermane
INFO     
INFO     Turn: 19
INFO     Sampling battle 0
INFO     	       cloyster    skilllink    whiteherb [hydropump, iciclespear, rockblast, shellsmash] ttype=ice
INFO     	        sableye    prankster    leftovers [encore, knockoff, recover, willowisp] ttype=steel
INFO     	     calyrexice asoneglastrier heavydutyboots [closecombat, glaciallance, highhorsepower, trickroom] ttype=fighting
INFO     Sampling 1 unrevealed pokemon
INFO     	       meganium     overgrow    leftovers [energyball, knockoff, leechseed, synthesis] ttype=water
INFO     Sampling battle 1
INFO     	       cloyster    skilllink    whiteherb [hydropump, iciclespear, rockblast, shellsmash] ttype=ice
INFO     	        sableye    prankster    leftovers [encore, knockoff, recover, thunderwave] ttype=steel
INFO     	     calyrexice asoneglastrier heavydutyboots [closecombat, glaciallance, highhorsepower, trickroom] ttype=ground
INFO     Sampling 1 unrevealed pokemon
INFO     	      zamazenta dauntlessshield    leftovers [bodypress, irondefense, ironhead, stoneedge] ttype=fighting
INFO     Sampling battle 2
INFO     	       cloyster    skilllink    whiteherb [hydropump, iciclespear, rockblast, shellsmash] ttype=ice
INFO     	        sableye    prankster    leftovers [encore, knockoff, recover, thunderwave] ttype=poison
INFO     	     calyrexice asoneglastrier heavydutyboots [closecombat, glaciallance, highhorsepower, trickroom] ttype=fighting
INFO     Sampling 1 unrevealed pokemon
INFO     	      bellibolt electromorphosis    leftovers [muddywater, slackoff, thunderbolt, toxic] ttype=water
INFO     Sampling battle 3
INFO     	       cloyster    skilllink    whiteherb [hydropump, iciclespear, rockblast, shellsmash] ttype=rock
INFO     	        sableye    prankster    leftovers [encore, knockoff, recover, thunderwave] ttype=steel
INFO     	     calyrexice asoneglastrier heavydutyboots [closecombat, glaciallance, highhorsepower, trickroom] ttype=fighting
INFO     Sampling 1 unrevealed pokemon
INFO     	      palossand watercompaction    leftovers [earthpower, shadowball, shoreup, stealthrock] ttype=water
INFO     Searching for a move using PUCT MCTS with neural priors...
INFO     Sampling 4 battles at 500ms each
INFO     Computing neural priors for all battles...
INFO     Initialized StateTranslator with TeamPreviewObservationSpace
INFO     Initializing LocalPolicyProvider with model: Minikazam
INFO     Loading pretrained Minikazam model...


 		 AMAGO v3.1
            	 -------------------------
            	 Agent: Agent
            		 Max Sequence Length: 64
            		 TstepEncoder Type: MetamonPerceiverTstepEncoder
            		 TrajEncoder Type: GRUTrajEncoder
            		 Total Parameters: 4,761,778
            		 Offline Loss Weight: 1.0
            		 Online Loss Weight: 0.0
            		 Mixed Precision: NO
            		 Checkpoint Path: /Users/yadureddy/Documents/GitHub/clean/pokeagent_ac_mcts/.metamon_cache/pretrained_models/models--jakegrigsby--metamon/snapshots/c5d1cb9abb6747066a325228845a5a8af3d12139/minikazam/minikazam/ckpts
            	 Environment:
            		 DummyAsyncVectorEnv(Gym Env x 1)
            		 Exploration Type: None
            	 Dataset: DoNothingDataset
            	 Accelerate Processes: 1 


INFO     Successfully loaded Minikazam model
ERROR    Error translating battle to observation: 
WARNING  Failed to get priors for battle: 
ERROR    Error translating battle to observation: 
WARNING  Failed to get priors for battle: 
ERROR    Error translating battle to observation: 
WARNING  Failed to get priors for battle: 
ERROR    Error translating battle to observation: 
WARNING  Failed to get priors for battle: 
INFO     Successfully computed neural priors for 0/4 battles
INFO     Using PUCT-guided move selection (priors integrated during search)...
INFO     Policy 0: moonblast visited 65.43% avg_score=0.428 sample_chance_multiplier=0.25
INFO     Policy 1: switch hypno visited 63.34% avg_score=0.426 sample_chance_multiplier=0.25
INFO     Policy 2: moonblast visited 93.93% avg_score=0.47 sample_chance_multiplier=0.25
INFO     Policy 3: shadowball visited 80.18% avg_score=0.373 sample_chance_multiplier=0.25
INFO     Considered Choices:
INFO     	43.519%: moonblast
INFO     Choice: moonblast
INFO     Opponent has switched - clearing the last used move
INFO     Setting calyrexice's ability to asoneglastrier
INFO     calyrexice has the ability asoneglastrier, will not change to unnerve
INFO     Setting calyrexice's ability to asoneglastrier
INFO     fluttermane already has the move moonblast. Decrementing the PP by 1
INFO     fluttermane used a fairy move, removing fairygem from possible items
INFO     Setting fluttermane's last used move: moonblast
INFO     fluttermane used a damaging move - not guessing lifeorb anymore
INFO     fluttermane did 48.0% damage to calyrexice with moonblast
INFO     calyrexice has less than maxhp during upkeep, no longer guessing leftovers or blacksludge
INFO     
INFO     Turn: 20
INFO     Sampling battle 0
INFO     	     calyrexice asoneglastrier heavydutyboots [closecombat, glaciallance, highhorsepower, trickroom] ttype=ground
INFO     	        sableye    prankster    leftovers [encore, knockoff, recover, thunderwave] ttype=steel
INFO     	       cloyster    skilllink    whiteherb [hydropump, iciclespear, rockblast, shellsmash] ttype=ice
INFO     Sampling 1 unrevealed pokemon
INFO     	zamazentacrowned dauntlessshield rustedshield [bodypress, heavyslam, irondefense, stoneedge] ttype=fighting
INFO     Sampling battle 1
INFO     	     calyrexice asoneglastrier heavydutyboots [closecombat, glaciallance, highhorsepower, trickroom] ttype=fighting
INFO     	        sableye    prankster    leftovers [encore, knockoff, recover, thunderwave] ttype=poison
INFO     	       cloyster    skilllink    whiteherb [hydropump, iciclespear, rockblast, shellsmash] ttype=ice
INFO     Sampling 1 unrevealed pokemon
INFO     	         zekrom     teravolt    leftovers [boltstrike, dragondance, outrage, substitute] ttype=electric
INFO     Sampling battle 2
INFO     	     calyrexice asoneglastrier heavydutyboots [closecombat, glaciallance, highhorsepower, trickroom] ttype=ground
INFO     	        sableye    prankster    leftovers [encore, knockoff, recover, willowisp] ttype=poison
INFO     	       cloyster    skilllink    whiteherb [hydropump, iciclespear, rockblast, shellsmash] ttype=rock
INFO     Sampling 1 unrevealed pokemon
INFO     	        dugtrio    arenatrap      lifeorb [earthquake, stoneedge, suckerpunch, swordsdance] ttype=ghost
INFO     Sampling battle 3
INFO     	     calyrexice asoneglastrier heavydutyboots [closecombat, glaciallance, highhorsepower, trickroom] ttype=fighting
INFO     	        sableye    prankster    leftovers [encore, knockoff, recover, willowisp] ttype=poison
INFO     	       cloyster    skilllink    whiteherb [hydropump, iciclespear, rockblast, shellsmash] ttype=rock
INFO     Sampling 1 unrevealed pokemon
INFO     	        calyrex      unnerve    leftovers [encore, gigadrain, leechseed, psychic] ttype=steel
INFO     Searching for a move using PUCT MCTS with neural priors...
INFO     Sampling 4 battles at 500ms each
INFO     Computing neural priors for all battles...
INFO     Initialized StateTranslator with TeamPreviewObservationSpace
INFO     Initializing LocalPolicyProvider with model: Minikazam
INFO     Loading pretrained Minikazam model...


 		 AMAGO v3.1
            	 -------------------------
            	 Agent: Agent
            		 Max Sequence Length: 64
            		 TstepEncoder Type: MetamonPerceiverTstepEncoder
            		 TrajEncoder Type: GRUTrajEncoder
            		 Total Parameters: 4,761,778
            		 Offline Loss Weight: 1.0
            		 Online Loss Weight: 0.0
            		 Mixed Precision: NO
            		 Checkpoint Path: /Users/yadureddy/Documents/GitHub/clean/pokeagent_ac_mcts/.metamon_cache/pretrained_models/models--jakegrigsby--metamon/snapshots/c5d1cb9abb6747066a325228845a5a8af3d12139/minikazam/minikazam/ckpts
            	 Environment:
            		 DummyAsyncVectorEnv(Gym Env x 1)
            		 Exploration Type: None
            	 Dataset: DoNothingDataset
            	 Accelerate Processes: 1 


INFO     Successfully loaded Minikazam model
ERROR    Error translating battle to observation: 
WARNING  Failed to get priors for battle: 
ERROR    Error translating battle to observation: 
WARNING  Failed to get priors for battle: 
ERROR    Error translating battle to observation: 
WARNING  Failed to get priors for battle: 
ERROR    Error translating battle to observation: 
WARNING  Failed to get priors for battle: 
INFO     Successfully computed neural priors for 0/4 battles
INFO     Using PUCT-guided move selection (priors integrated during search)...
INFO     Policy 0: moonblast visited 91.69% avg_score=0.321 sample_chance_multiplier=0.25
INFO     Policy 1: moonblast visited 95.64% avg_score=0.4 sample_chance_multiplier=0.25
INFO     Policy 2: switch hypno visited 53.39% avg_score=0.356 sample_chance_multiplier=0.25
INFO     Policy 3: switch hypno visited 60.46% avg_score=0.442 sample_chance_multiplier=0.25
INFO     Considered Choices:
INFO     	52.247%: moonblast
INFO     Choice: moonblast
INFO     fluttermane already has the move moonblast. Decrementing the PP by 1
INFO     fluttermane used a fairy move, removing fairygem from possible items
INFO     Setting fluttermane's last used move: moonblast
INFO     fluttermane used a damaging move - not guessing lifeorb anymore
INFO     fluttermane did 16.0% damage to calyrexice with moonblast
INFO     calyrexice has less than maxhp during upkeep, no longer guessing leftovers or blacksludge
INFO     Opponent has switched - clearing the last used move
INFO     
INFO     Turn: 21
INFO     Sampling battle 0
INFO     	        sableye    prankster    leftovers [encore, knockoff, recover, thunderwave] ttype=poison
INFO     	       cloyster    skilllink    whiteherb [hydropump, iciclespear, rockblast, shellsmash] ttype=ice
INFO     Sampling 1 unrevealed pokemon
INFO     	       bronzong     levitate    leftovers [hypnosis, ironhead, psychic, stealthrock] ttype=electric
INFO     Sampling battle 1
INFO     	        sableye    prankster    leftovers [encore, knockoff, recover, willowisp] ttype=poison
INFO     	       cloyster    skilllink    whiteherb [hydropump, iciclespear, rockblast, shellsmash] ttype=rock
INFO     Sampling 1 unrevealed pokemon
INFO     	       porygonz     download  choicespecs [icebeam, shadowball, thunderbolt, triattack] ttype=electric
INFO     Sampling battle 2
INFO     	        sableye    prankster    leftovers [encore, knockoff, recover, willowisp] ttype=steel
INFO     	       cloyster    skilllink    whiteherb [hydropump, iciclespear, rockblast, shellsmash] ttype=ice
INFO     Sampling 1 unrevealed pokemon
INFO     	     houndstone       fluffy  assaultvest [bodypress, playrough, poltergeist, shadowsneak] ttype=fairy
INFO     Sampling battle 3
INFO     	        sableye    prankster    leftovers [encore, knockoff, recover, thunderwave] ttype=steel
INFO     	       cloyster    skilllink    whiteherb [hydropump, iciclespear, rockblast, shellsmash] ttype=ice
INFO     Sampling 1 unrevealed pokemon
INFO     	     arceusrock    multitype   stoneplate [earthquake, recover, stoneedge, swordsdance] ttype=ground
INFO     Searching for a move using PUCT MCTS with neural priors...
INFO     Sampling 4 battles at 500ms each
INFO     Computing neural priors for all battles...
INFO     Initialized StateTranslator with TeamPreviewObservationSpace
INFO     Initializing LocalPolicyProvider with model: Minikazam
INFO     Loading pretrained Minikazam model...


 		 AMAGO v3.1
            	 -------------------------
            	 Agent: Agent
            		 Max Sequence Length: 64
            		 TstepEncoder Type: MetamonPerceiverTstepEncoder
            		 TrajEncoder Type: GRUTrajEncoder
            		 Total Parameters: 4,761,778
            		 Offline Loss Weight: 1.0
            		 Online Loss Weight: 0.0
            		 Mixed Precision: NO
            		 Checkpoint Path: /Users/yadureddy/Documents/GitHub/clean/pokeagent_ac_mcts/.metamon_cache/pretrained_models/models--jakegrigsby--metamon/snapshots/c5d1cb9abb6747066a325228845a5a8af3d12139/minikazam/minikazam/ckpts
            	 Environment:
            		 DummyAsyncVectorEnv(Gym Env x 1)
            		 Exploration Type: None
            	 Dataset: DoNothingDataset
            	 Accelerate Processes: 1 


INFO     Successfully loaded Minikazam model
ERROR    Error translating battle to observation: 
WARNING  Failed to get priors for battle: 
ERROR    Error translating battle to observation: 
WARNING  Failed to get priors for battle: 
ERROR    Error translating battle to observation: 
WARNING  Failed to get priors for battle: 
ERROR    Error translating battle to observation: 
WARNING  Failed to get priors for battle: 
INFO     Successfully computed neural priors for 0/4 battles
INFO     Using PUCT-guided move selection (priors integrated during search)...
INFO     Policy 0: moonblast visited 58.37% avg_score=0.337 sample_chance_multiplier=0.25
INFO     Policy 1: moonblast visited 98.89% avg_score=0.491 sample_chance_multiplier=0.25
INFO     Policy 2: switch hypno visited 71.39% avg_score=0.329 sample_chance_multiplier=0.25
INFO     Policy 3: moonblast visited 96.55% avg_score=0.352 sample_chance_multiplier=0.25
INFO     Considered Choices:
INFO     	66.911%: moonblast
INFO     Choice: moonblast
INFO     sableye used a status-move. Adding `assaultvest` to impossible items
INFO     Setting sableye's last used move: thunderwave
INFO     fluttermane got status: par
INFO     No longer guessing lumberry because fluttermane got status par
INFO     fluttermane already has the move moonblast. Decrementing the PP by 1
INFO     fluttermane used a fairy move, removing fairygem from possible items
INFO     Setting fluttermane's last used move: moonblast
INFO     fluttermane used a damaging move - not guessing lifeorb anymore
INFO     fluttermane did 100.0% damage to sableye with moonblast
INFO     sableye has less than maxhp during upkeep, no longer guessing leftovers or blacksludge
INFO     Opponent has switched - clearing the last used move
INFO     latios switched in, adding intimidate to impossible abilities
INFO     latios switched in, adding pressure to impossible abilities
INFO     latios switched in, adding neutralizinggas to impossible abilities
INFO     latios switched in, adding sandstream to impossible abilities
INFO     latios switched in, adding drought to impossible abilities
INFO     latios switched in, adding drizzle to impossible abilities
INFO     latios switched in, adding snowwarning to impossible abilities
INFO     latios switched in, adding boosterenergy to impossible items
INFO     latios switched in, adding airballoon to impossible items
INFO     
INFO     Turn: 22
INFO     Sampling battle 0
INFO     	         latios     levitate      souldew [aurasphere, calmmind, dracometeor, lusterpurge] ttype=psychic
INFO     	       cloyster    skilllink    whiteherb [hydropump, iciclespear, rockblast, shellsmash] ttype=ice
INFO     Sampling battle 1
INFO     	         latios     levitate      souldew [calmmind, dracometeor, psyshock, recover] ttype=steel
INFO     	       cloyster    skilllink    whiteherb [hydropump, iciclespear, rockblast, shellsmash] ttype=ice
INFO     Sampling battle 2
INFO     	         latios     levitate      souldew [aurasphere, calmmind, dracometeor, lusterpurge] ttype=steel
INFO     	       cloyster    skilllink    whiteherb [hydropump, iciclespear, rockblast, shellsmash] ttype=rock
INFO     Sampling battle 3
INFO     	         latios     levitate      souldew [aurasphere, calmmind, dracometeor, lusterpurge] ttype=dragon
INFO     	       cloyster    skilllink    whiteherb [hydropump, iciclespear, rockblast, shellsmash] ttype=ice
INFO     Searching for a move using PUCT MCTS with neural priors...
INFO     Sampling 4 battles at 500ms each
INFO     Computing neural priors for all battles...
INFO     Initialized StateTranslator with TeamPreviewObservationSpace
INFO     Initializing LocalPolicyProvider with model: Minikazam
INFO     Loading pretrained Minikazam model...


 		 AMAGO v3.1
            	 -------------------------
            	 Agent: Agent
            		 Max Sequence Length: 64
            		 TstepEncoder Type: MetamonPerceiverTstepEncoder
            		 TrajEncoder Type: GRUTrajEncoder
            		 Total Parameters: 4,761,778
            		 Offline Loss Weight: 1.0
            		 Online Loss Weight: 0.0
            		 Mixed Precision: NO
            		 Checkpoint Path: /Users/yadureddy/Documents/GitHub/clean/pokeagent_ac_mcts/.metamon_cache/pretrained_models/models--jakegrigsby--metamon/snapshots/c5d1cb9abb6747066a325228845a5a8af3d12139/minikazam/minikazam/ckpts
            	 Environment:
            		 DummyAsyncVectorEnv(Gym Env x 1)
            		 Exploration Type: None
            	 Dataset: DoNothingDataset
            	 Accelerate Processes: 1 


INFO     Successfully loaded Minikazam model
ERROR    Error translating battle to observation: 
WARNING  Failed to get priors for battle: 
ERROR    Error translating battle to observation: 
WARNING  Failed to get priors for battle: 
ERROR    Error translating battle to observation: 
WARNING  Failed to get priors for battle: 
ERROR    Error translating battle to observation: 
WARNING  Failed to get priors for battle: 
INFO     Successfully computed neural priors for 0/4 battles
INFO     Using PUCT-guided move selection (priors integrated during search)...
INFO     Policy 0: moonblast visited 95.64% avg_score=0.282 sample_chance_multiplier=0.25
INFO     Policy 1: switch hypno visited 78.13% avg_score=0.202 sample_chance_multiplier=0.25
INFO     Policy 2: moonblast visited 94.8% avg_score=0.271 sample_chance_multiplier=0.25
INFO     Policy 3: moonblast visited 95.67% avg_score=0.283 sample_chance_multiplier=0.25
INFO     Considered Choices:
INFO     	72.027%: moonblast
INFO     Choice: moonblast
INFO     Updated latios's min speed to 121
INFO     latios used a psychic move, removing psychicgem from possible items
INFO     Setting latios's last used move: lusterpurge
INFO     latios used a damaging move - not guessing lifeorb anymore
INFO     latios did 67.97999999999999% damage to fluttermane with lusterpurge
INFO     fluttermane already has the move moonblast. Decrementing the PP by 1
INFO     fluttermane used a fairy move, removing fairygem from possible items
INFO     Setting fluttermane's last used move: moonblast
INFO     fluttermane used a damaging move - not guessing lifeorb anymore
INFO     fluttermane did 100.0% damage to latios with moonblast
INFO     latios has less than maxhp during upkeep, no longer guessing leftovers or blacksludge
INFO     Opponent has switched - clearing the last used move
INFO     
INFO     Turn: 23
INFO     Sampling battle 0
INFO     	       cloyster    skilllink    whiteherb [hydropump, iciclespear, rockblast, shellsmash] ttype=ice
INFO     Sampling battle 1
INFO     	       cloyster    skilllink    whiteherb [hydropump, iciclespear, rockblast, shellsmash] ttype=rock
INFO     Sampling battle 2
INFO     	       cloyster    skilllink    whiteherb [hydropump, iciclespear, rockblast, shellsmash] ttype=rock
INFO     Sampling battle 3
INFO     	       cloyster    skilllink    whiteherb [hydropump, iciclespear, rockblast, shellsmash] ttype=ice
INFO     Searching for a move using PUCT MCTS with neural priors...
INFO     Sampling 4 battles at 500ms each
INFO     Computing neural priors for all battles...
INFO     Initialized StateTranslator with TeamPreviewObservationSpace
INFO     Initializing LocalPolicyProvider with model: Minikazam
INFO     Loading pretrained Minikazam model...


 		 AMAGO v3.1
            	 -------------------------
            	 Agent: Agent
            		 Max Sequence Length: 64
            		 TstepEncoder Type: MetamonPerceiverTstepEncoder
            		 TrajEncoder Type: GRUTrajEncoder
            		 Total Parameters: 4,761,778
            		 Offline Loss Weight: 1.0
            		 Online Loss Weight: 0.0
            		 Mixed Precision: NO
            		 Checkpoint Path: /Users/yadureddy/Documents/GitHub/clean/pokeagent_ac_mcts/.metamon_cache/pretrained_models/models--jakegrigsby--metamon/snapshots/c5d1cb9abb6747066a325228845a5a8af3d12139/minikazam/minikazam/ckpts
            	 Environment:
            		 DummyAsyncVectorEnv(Gym Env x 1)
            		 Exploration Type: None
            	 Dataset: DoNothingDataset
            	 Accelerate Processes: 1 


INFO     Successfully loaded Minikazam model
ERROR    Error translating battle to observation: 
WARNING  Failed to get priors for battle: 
ERROR    Error translating battle to observation: 
WARNING  Failed to get priors for battle: 
ERROR    Error translating battle to observation: 
WARNING  Failed to get priors for battle: 
ERROR    Error translating battle to observation: 
WARNING  Failed to get priors for battle: 
INFO     Successfully computed neural priors for 0/4 battles
INFO     Using PUCT-guided move selection (priors integrated during search)...
INFO     Policy 0: moonblast visited 99.86% avg_score=0.796 sample_chance_multiplier=0.25
INFO     Policy 1: moonblast visited 99.86% avg_score=0.802 sample_chance_multiplier=0.25
INFO     Policy 2: moonblast visited 99.86% avg_score=0.812 sample_chance_multiplier=0.25
INFO     Policy 3: moonblast visited 99.86% avg_score=0.788 sample_chance_multiplier=0.25
INFO     Considered Choices:
INFO     	99.861%: moonblast
INFO     Choice: moonblast
INFO     Updated cloyster's min speed to 140
INFO     cloyster used a rock move, removing rockgem from possible items
INFO     Setting cloyster's last used move: rockblast
INFO     cloyster used a damaging move - not guessing lifeorb anymore
INFO     cloyster did 12.32% damage to fluttermane with rockblast
INFO     cloyster has less than maxhp during upkeep, no longer guessing leftovers or blacksludge
INFO     Sampling battle 0
INFO     	       cloyster    skilllink    whiteherb [hydropump, iciclespear, rockblast, shellsmash] ttype=ice
INFO     Sampling battle 1
INFO     	       cloyster    skilllink    whiteherb [hydropump, iciclespear, rockblast, shellsmash] ttype=ice
INFO     Sampling battle 2
INFO     	       cloyster    skilllink    whiteherb [hydropump, iciclespear, rockblast, shellsmash] ttype=ice
INFO     Sampling battle 3
INFO     	       cloyster    skilllink    whiteherb [hydropump, iciclespear, rockblast, shellsmash] ttype=rock
INFO     Searching for a move using PUCT MCTS with neural priors...
INFO     Sampling 4 battles at 500ms each
INFO     Computing neural priors for all battles...
INFO     Initialized StateTranslator with TeamPreviewObservationSpace
INFO     Initializing LocalPolicyProvider with model: Minikazam
INFO     Loading pretrained Minikazam model...


 		 AMAGO v3.1
            	 -------------------------
            	 Agent: Agent
            		 Max Sequence Length: 64
            		 TstepEncoder Type: MetamonPerceiverTstepEncoder
            		 TrajEncoder Type: GRUTrajEncoder
            		 Total Parameters: 4,761,778
            		 Offline Loss Weight: 1.0
            		 Online Loss Weight: 0.0
            		 Mixed Precision: NO
            		 Checkpoint Path: /Users/yadureddy/Documents/GitHub/clean/pokeagent_ac_mcts/.metamon_cache/pretrained_models/models--jakegrigsby--metamon/snapshots/c5d1cb9abb6747066a325228845a5a8af3d12139/minikazam/minikazam/ckpts
            	 Environment:
            		 DummyAsyncVectorEnv(Gym Env x 1)
            		 Exploration Type: None
            	 Dataset: DoNothingDataset
            	 Accelerate Processes: 1 


INFO     Successfully loaded Minikazam model
ERROR    Error translating battle to observation: 
WARNING  Failed to get priors for battle: 
ERROR    Error translating battle to observation: 
WARNING  Failed to get priors for battle: 
ERROR    Error translating battle to observation: 
WARNING  Failed to get priors for battle: 
ERROR    Error translating battle to observation: 
WARNING  Failed to get priors for battle: 
INFO     Successfully computed neural priors for 0/4 battles
INFO     Using PUCT-guided move selection (priors integrated during search)...
INFO     Policy 0: switch meowsticf visited 99.89% avg_score=1.0 sample_chance_multiplier=0.25
INFO     Policy 1: switch meowsticf visited 99.89% avg_score=1.0 sample_chance_multiplier=0.25
INFO     Policy 2: switch meowsticf visited 99.73% avg_score=0.914 sample_chance_multiplier=0.25
INFO     Policy 3: switch meowsticf visited 99.89% avg_score=1.0 sample_chance_multiplier=0.25
INFO     Considered Choices:
INFO     	99.852%: switch meowsticf
INFO     Choice: switch meowsticf
INFO     
INFO     Turn: 24
INFO     Sampling battle 0
INFO     	       cloyster    skilllink    whiteherb [hydropump, iciclespear, rockblast, shellsmash] ttype=ice
INFO     Sampling battle 1
INFO     	       cloyster    skilllink    whiteherb [hydropump, iciclespear, rockblast, shellsmash] ttype=rock
INFO     Sampling battle 2
INFO     	       cloyster    skilllink    whiteherb [hydropump, iciclespear, rockblast, shellsmash] ttype=ice
INFO     Sampling battle 3
INFO     	       cloyster    skilllink    whiteherb [hydropump, iciclespear, rockblast, shellsmash] ttype=rock
INFO     Searching for a move using PUCT MCTS with neural priors...
INFO     Sampling 4 battles at 500ms each
INFO     Computing neural priors for all battles...
INFO     Initialized StateTranslator with TeamPreviewObservationSpace
INFO     Initializing LocalPolicyProvider with model: Minikazam
INFO     Loading pretrained Minikazam model...


 		 AMAGO v3.1
            	 -------------------------
            	 Agent: Agent
            		 Max Sequence Length: 64
            		 TstepEncoder Type: MetamonPerceiverTstepEncoder
            		 TrajEncoder Type: GRUTrajEncoder
            		 Total Parameters: 4,761,778
            		 Offline Loss Weight: 1.0
            		 Online Loss Weight: 0.0
            		 Mixed Precision: NO
            		 Checkpoint Path: /Users/yadureddy/Documents/GitHub/clean/pokeagent_ac_mcts/.metamon_cache/pretrained_models/models--jakegrigsby--metamon/snapshots/c5d1cb9abb6747066a325228845a5a8af3d12139/minikazam/minikazam/ckpts
            	 Environment:
            		 DummyAsyncVectorEnv(Gym Env x 1)
            		 Exploration Type: None
            	 Dataset: DoNothingDataset
            	 Accelerate Processes: 1 


INFO     Successfully loaded Minikazam model
ERROR    Error translating battle to observation: 
WARNING  Failed to get priors for battle: 
ERROR    Error translating battle to observation: 
WARNING  Failed to get priors for battle: 
ERROR    Error translating battle to observation: 
WARNING  Failed to get priors for battle: 
ERROR    Error translating battle to observation: 
WARNING  Failed to get priors for battle: 
INFO     Successfully computed neural priors for 0/4 battles
INFO     Using PUCT-guided move selection (priors integrated during search)...
INFO     Policy 0: psychic visited 49.89% avg_score=1.0 sample_chance_multiplier=0.25
INFO     Policy 1: psychic visited 49.9% avg_score=1.0 sample_chance_multiplier=0.25
INFO     Policy 2: psychic visited 49.9% avg_score=1.0 sample_chance_multiplier=0.25
INFO     Policy 3: psychic visited 49.89% avg_score=1.0 sample_chance_multiplier=0.25
INFO     Considered Choices:
INFO     	49.894%: psychic
INFO     	49.875%: thunderbolt
INFO     Choice: thunderbolt
INFO     Winner: NeuralMCTS
INFO     Won with team: None
INFO     W: 2	L: 1
INFO     Searching for ranked gen9randombattle match
INFO     Initialized battle-gen9randombattle-42 against: VanillaMCTS
INFO     Opponent has switched - clearing the last used move
INFO     lunala switched in, adding intimidate to impossible abilities
INFO     lunala switched in, adding pressure to impossible abilities
INFO     lunala switched in, adding neutralizinggas to impossible abilities
INFO     lunala switched in, adding sandstream to impossible abilities
INFO     lunala switched in, adding drought to impossible abilities
INFO     lunala switched in, adding drizzle to impossible abilities
INFO     lunala switched in, adding snowwarning to impossible abilities
INFO     lunala switched in, adding boosterenergy to impossible items
INFO     lunala switched in, adding airballoon to impossible items
INFO     
INFO     Turn: 1
INFO     Sampling battle 0
INFO     	         lunala shadowshield    leftovers [calmmind, moonblast, moongeistbeam, moonlight] ttype=fairy
INFO     Sampling 5 unrevealed pokemon
INFO     	        palafin   zerotohero   choiceband [closecombat, flipturn, jetpunch, wavecrash] ttype=water
INFO     	       sneasler     unburden    whiteherb [acrobatics, closecombat, direclaw, swordsdance] ttype=flying
INFO     	        gallade    sharpness      lifeorb [agility, nightslash, psychocut, sacredsword] ttype=fighting
INFO     	      revavroom       filter      lifeorb [gunkshot, highhorsepower, ironhead, shiftgear] ttype=ground
INFO     	       appletun     thickfat    leftovers [appleacid, dracometeor, dragontail, recover] ttype=steel
INFO     Sampling battle 1
INFO     	         lunala shadowshield    leftovers [calmmind, moongeistbeam, moonlight, psyshock] ttype=dark
INFO     Sampling 5 unrevealed pokemon
INFO     	      mismagius     levitate  choicespecs [dazzlinggleam, shadowball, thunderbolt, trick] ttype=ghost
INFO     	        toxapex  regenerator    leftovers [haze, liquidation, recover, toxicspikes] ttype=flying
INFO     	        bruxish    strongjaw  choicescarf [crunch, icefang, psychicfangs, wavecrash] ttype=dark
INFO     	    arceussteel    multitype    ironplate [earthquake, judgment, recover, willowisp] ttype=ghost
INFO     	    stonjourner    powerspot      lifeorb [earthquake, heatcrash, rockpolish, stoneedge] ttype=fire
INFO     Sampling battle 2
INFO     	         lunala shadowshield    leftovers [calmmind, moongeistbeam, moonlight, psyshock] ttype=fairy
INFO     Sampling 5 unrevealed pokemon
INFO     	         zapdos       static heavydutyboots [heatwave, hurricane, roost, thunderbolt] ttype=electric
INFO     	        lucario   innerfocus      lifeorb [flashcannon, focusblast, nastyplot, vacuumwave] ttype=fighting
INFO     	      farigiraf    sapsipper    leftovers [bodyslam, protect, psychicnoise, wish] ttype=water
INFO     	urshifurapidstrike   unseenfist   choiceband [aquajet, closecombat, surgingstrikes, uturn] ttype=water
INFO     	   greninjabond   battlebond      lifeorb [darkpulse, gunkshot, hydropump, icebeam] ttype=water
INFO     Sampling battle 3
INFO     	         lunala shadowshield    leftovers [calmmind, moonblast, moongeistbeam, moonlight] ttype=fairy
INFO     Sampling 5 unrevealed pokemon
INFO     	     whimsicott    prankster heavydutyboots [gigadrain, moonblast, stunspore, uturn] ttype=poison
INFO     	   deoxysattack     pressure      lifeorb [extremespeed, knockoff, psychoboost, superpower] ttype=normal
INFO     	         tinglu vesselofruin  assaultvest [earthquake, heavyslam, payback, ruination] ttype=ghost
INFO     	     skeledirge      unaware heavydutyboots [flamecharge, shadowball, slackoff, torchsong] ttype=water
INFO     	         regice    clearbody heavydutyboots [bodypress, icebeam, thunderbolt, thunderwave] ttype=electric
INFO     Sampling battle 4
INFO     	         lunala shadowshield    leftovers [calmmind, moonblast, moongeistbeam, moonlight] ttype=fairy
INFO     Sampling 5 unrevealed pokemon
INFO     	      terrakion    justified      lifeorb [closecombat, earthquake, stoneedge, swordsdance] ttype=ground
INFO     	        weavile   pickpocket   choiceband [iceshard, knockoff, lowkick, tripleaxel] ttype=ice
INFO     	         scizor   technician   choiceband [bulletpunch, closecombat, knockoff, uturn] ttype=dragon
INFO     	      rotomwash     levitate  choicescarf [hydropump, thunderbolt, trick, voltswitch] ttype=water
INFO     	     incineroar   intimidate  assaultvest [fakeout, knockoff, overheat, uturn] ttype=water
INFO     Sampling battle 5
INFO     	         lunala shadowshield    leftovers [calmmind, focusblast, moongeistbeam, moonlight] ttype=fighting
INFO     Sampling 5 unrevealed pokemon
INFO     	       drifblim     unburden  sitrusberry [airslash, calmmind, shadowball, strengthsap] ttype=fairy
INFO     	       alcremie    aromaveil    leftovers [acidarmor, alluringvoice, calmmind, recover] ttype=poison
INFO     	       inteleon      torrent  choicespecs [darkpulse, hydropump, icebeam, uturn] ttype=water
INFO     	      honchkrow        moxie heavydutyboots [bravebird, heatwave, suckerpunch, uturn] ttype=dark
INFO     	   deoxysattack     pressure      lifeorb [icebeam, knockoff, psychoboost, superpower] ttype=dark
INFO     Sampling battle 6
INFO     	         lunala shadowshield    leftovers [calmmind, moongeistbeam, moonlight, psyshock] ttype=dark
INFO     Sampling 5 unrevealed pokemon
INFO     	      hitmontop   intimidate  assaultvest [closecombat, earthquake, rapidspin, suckerpunch] ttype=steel
INFO     	        slaking       truant  choicescarf [doubleedge, earthquake, gigaimpact, knockoff] ttype=normal
INFO     	       necrozma   prismarmor      lifeorb [earthquake, knockoff, photongeyser, swordsdance] ttype=ground
INFO     	enamorustherian     overcoat  assaultvest [earthpower, moonblast, mysticalfire, superpower] ttype=fairy
INFO     	      rillaboom  grassysurge   choiceband [grassyglide, highhorsepower, uturn, woodhammer] ttype=grass
INFO     Sampling battle 7
INFO     	         lunala shadowshield    leftovers [calmmind, moongeistbeam, moonlight, psyshock] ttype=fairy
INFO     Sampling 5 unrevealed pokemon
INFO     	      glastrier chillingneigh heavydutyboots [closecombat, heavyslam, iciclecrash, swordsdance] ttype=steel
INFO     	      exeggutor      harvest  sitrusberry [calmmind, gigadrain, psyshock, substitute] ttype=steel
INFO     	      infernape        blaze   choiceband [closecombat, flareblitz, stoneedge, uturn] ttype=fighting
INFO     	       cloyster    skilllink    whiteherb [drillrun, iciclespear, rockblast, shellsmash] ttype=ground
INFO     	        dugtrio    arenatrap      lifeorb [earthquake, stoneedge, suckerpunch, swordsdance] ttype=dark
INFO     Searching for a move using PUCT MCTS with neural priors...
INFO     Sampling 8 battles at 250ms each
INFO     Computing neural priors for all battles...
INFO     Initialized StateTranslator with TeamPreviewObservationSpace
INFO     Initializing LocalPolicyProvider with model: Minikazam
INFO     Loading pretrained Minikazam model...


 		 AMAGO v3.1
            	 -------------------------
            	 Agent: Agent
            		 Max Sequence Length: 64
            		 TstepEncoder Type: MetamonPerceiverTstepEncoder
            		 TrajEncoder Type: GRUTrajEncoder
            		 Total Parameters: 4,761,778
            		 Offline Loss Weight: 1.0
            		 Online Loss Weight: 0.0
            		 Mixed Precision: NO
            		 Checkpoint Path: /Users/yadureddy/Documents/GitHub/clean/pokeagent_ac_mcts/.metamon_cache/pretrained_models/models--jakegrigsby--metamon/snapshots/c5d1cb9abb6747066a325228845a5a8af3d12139/minikazam/minikazam/ckpts
            	 Environment:
            		 DummyAsyncVectorEnv(Gym Env x 1)
            		 Exploration Type: None
            	 Dataset: DoNothingDataset
            	 Accelerate Processes: 1 


INFO     Successfully loaded Minikazam model
ERROR    Error translating battle to observation: 
WARNING  Failed to get priors for battle: 
ERROR    Error translating battle to observation: 
WARNING  Failed to get priors for battle: 
ERROR    Error translating battle to observation: 
WARNING  Failed to get priors for battle: 
ERROR    Error translating battle to observation: 
WARNING  Failed to get priors for battle: 
ERROR    Error translating battle to observation: 
WARNING  Failed to get priors for battle: 
ERROR    Error translating battle to observation: 
WARNING  Failed to get priors for battle: 
ERROR    Error translating battle to observation: 
WARNING  Failed to get priors for battle: 
ERROR    Error translating battle to observation: 
WARNING  Failed to get priors for battle: 
INFO     Successfully computed neural priors for 0/8 battles
INFO     Using PUCT-guided move selection (priors integrated during search)...
INFO     Policy 0: bravebird visited 84.28% avg_score=0.379 sample_chance_multiplier=0.125
INFO     Policy 1: bravebird visited 71.65% avg_score=0.357 sample_chance_multiplier=0.125
INFO     Policy 2: bravebird visited 75.42% avg_score=0.375 sample_chance_multiplier=0.125
INFO     Policy 3: bravebird visited 65.6% avg_score=0.362 sample_chance_multiplier=0.125
INFO     Policy 4: bravebird visited 78.03% avg_score=0.369 sample_chance_multiplier=0.125
INFO     Policy 5: bravebird visited 63.29% avg_score=0.386 sample_chance_multiplier=0.125
INFO     Policy 6: spikes visited 44.94% avg_score=0.33 sample_chance_multiplier=0.125
INFO     Policy 7: bravebird visited 85.9% avg_score=0.351 sample_chance_multiplier=0.125
INFO     Considered Choices:
INFO     	67.071%: bravebird
INFO     Choice: bravebird
INFO     Updated lunala's max speed to 207
INFO     delibird already has the move bravebird. Decrementing the PP by 1
INFO     delibird used a flying move, removing flyinggem from possible items
INFO     Setting delibird's last used move: bravebird
INFO     delibird used a damaging move - not guessing lifeorb anymore
INFO     delibird did 36.0% damage to lunala with bravebird
INFO     lunala using calmmind makes it unlikely to have a choice item. Setting can_have_choice_item to False
INFO     lunala used a status-move. Adding `assaultvest` to impossible items
INFO     Setting lunala's last used move: calmmind
INFO     lunala's special-attack was boosted by 1 to 1
INFO     lunala's special-defense was boosted by 1 to 1
INFO     Setting lunala's item to: leftovers
INFO     lunala has less than maxhp during upkeep, no longer guessing leftovers or blacksludge
INFO     
INFO     Turn: 2
INFO     Sampling battle 0
INFO     	         lunala shadowshield    leftovers [calmmind, moongeistbeam, moonlight, psyshock] ttype=fairy
INFO     Sampling 5 unrevealed pokemon
INFO     	        altaria  naturalcure heavydutyboots [bravebird, defog, roost, willowisp] ttype=steel
INFO     	   arceusdragon    multitype   dracoplate [dragondance, flareblitz, heavyslam, outrage] ttype=steel
INFO     	        scrafty     shedskin    leftovers [bulkup, drainpunch, knockoff, rest] ttype=poison
INFO     	        jirachi  serenegrace    leftovers [bodyslam, ironhead, protect, wish] ttype=water
INFO     	    arceussteel    multitype    ironplate [calmmind, earthpower, judgment, recover] ttype=ghost
INFO     Sampling battle 1
INFO     	         lunala shadowshield    leftovers [calmmind, moonblast, moongeistbeam, moonlight] ttype=fairy
INFO     Sampling 5 unrevealed pokemon
INFO     	        scyther   technician heavydutyboots [closecombat, defog, dualwingbeat, uturn] ttype=fighting
INFO     	    walkingwake protosynthesis      lifeorb [dracometeor, flamethrower, hydrosteam, sunnyday] ttype=fire
INFO     	       sneasler  poisontouch   choiceband [closecombat, direclaw, throatchop, uturn] ttype=fighting
INFO     	        grumpig     thickfat  choicescarf [earthpower, psyshock, shadowball, trick] ttype=ground
INFO     	     krookodile   intimidate      lifeorb [earthquake, gunkshot, knockoff, stealthrock] ttype=ground
INFO     Sampling battle 2
INFO     	         lunala shadowshield    leftovers [calmmind, moongeistbeam, moonlight, psyshock] ttype=fairy
INFO     Sampling 5 unrevealed pokemon
INFO     	    oricoriopau       dancer heavydutyboots [hurricane, quiverdance, revelationdance, roost] ttype=ground
INFO     	          chiyu  beadsofruin  choicescarf [darkpulse, flamethrower, overheat, psychic] ttype=dark
INFO     	      toxicroak      dryskin  choicescarf [closecombat, earthquake, gunkshot, knockoff] ttype=dark
INFO     	thundurustherian   voltabsorb heavydutyboots [focusblast, nastyplot, psychic, thunderbolt] ttype=psychic
INFO     	     whimsicott    prankster    leftovers [encore, gigadrain, moonblast, stunspore] ttype=poison
INFO     Sampling battle 3
INFO     	         lunala shadowshield    leftovers [calmmind, moonblast, moongeistbeam, moonlight] ttype=fairy
INFO     Sampling 5 unrevealed pokemon
INFO     	       politoed      drizzle    leftovers [encore, haze, icebeam, surf] ttype=water
INFO     	       porygonz adaptability  choicespecs [icebeam, shadowball, thunderbolt, triattack] ttype=ghost
INFO     	        morpeko hungerswitch heavydutyboots [aurawheel, partingshot, protect, rapidspin] ttype=electric
INFO     	   arceuspoison    multitype   toxicplate [dragondance, earthquake, gunkshot, liquidation] ttype=ground
INFO     	        luvdisc    swiftswim heavydutyboots [endeavor, substitute, surf, whirlpool] ttype=ghost
INFO     Searching for a move using PUCT MCTS with neural priors...
INFO     Sampling 4 battles at 500ms each
INFO     Computing neural priors for all battles...
INFO     Initialized StateTranslator with TeamPreviewObservationSpace
INFO     Initializing LocalPolicyProvider with model: Minikazam
INFO     Loading pretrained Minikazam model...


 		 AMAGO v3.1
            	 -------------------------
            	 Agent: Agent
            		 Max Sequence Length: 64
            		 TstepEncoder Type: MetamonPerceiverTstepEncoder
            		 TrajEncoder Type: GRUTrajEncoder
            		 Total Parameters: 4,761,778
            		 Offline Loss Weight: 1.0
            		 Online Loss Weight: 0.0
            		 Mixed Precision: NO
            		 Checkpoint Path: /Users/yadureddy/Documents/GitHub/clean/pokeagent_ac_mcts/.metamon_cache/pretrained_models/models--jakegrigsby--metamon/snapshots/c5d1cb9abb6747066a325228845a5a8af3d12139/minikazam/minikazam/ckpts
            	 Environment:
            		 DummyAsyncVectorEnv(Gym Env x 1)
            		 Exploration Type: None
            	 Dataset: DoNothingDataset
            	 Accelerate Processes: 1 


INFO     Successfully loaded Minikazam model
ERROR    Error translating battle to observation: 
WARNING  Failed to get priors for battle: 
ERROR    Error translating battle to observation: 
WARNING  Failed to get priors for battle: 
ERROR    Error translating battle to observation: 
WARNING  Failed to get priors for battle: 
ERROR    Error translating battle to observation: 
WARNING  Failed to get priors for battle: 
INFO     Successfully computed neural priors for 0/4 battles
INFO     Using PUCT-guided move selection (priors integrated during search)...
INFO     Policy 0: bravebird visited 95.83% avg_score=0.489 sample_chance_multiplier=0.25
INFO     Policy 1: bravebird visited 98.41% avg_score=0.526 sample_chance_multiplier=0.25
INFO     Policy 2: bravebird visited 98.4% avg_score=0.56 sample_chance_multiplier=0.25
INFO     Policy 3: bravebird visited 98.56% avg_score=0.551 sample_chance_multiplier=0.25
INFO     Considered Choices:
INFO     	97.799%: bravebird
INFO     Choice: bravebird
INFO     delibird already has the move bravebird. Decrementing the PP by 1
INFO     delibird used a flying move, removing flyinggem from possible items
INFO     Setting delibird's last used move: bravebird
INFO     delibird used a damaging move - not guessing lifeorb anymore
INFO     delibird did 71.0% damage to lunala with bravebird
INFO     lunala has less than maxhp during upkeep, no longer guessing leftovers or blacksludge
INFO     Opponent has switched - clearing the last used move
INFO     ironmoth switched in, adding intimidate to impossible abilities
INFO     ironmoth switched in, adding pressure to impossible abilities
INFO     ironmoth switched in, adding neutralizinggas to impossible abilities
INFO     ironmoth switched in, adding sandstream to impossible abilities
INFO     ironmoth switched in, adding drought to impossible abilities
INFO     ironmoth switched in, adding drizzle to impossible abilities
INFO     ironmoth switched in, adding snowwarning to impossible abilities
INFO     ironmoth switched in, adding boosterenergy to impossible items
INFO     ironmoth switched in, adding airballoon to impossible items
INFO     
INFO     Turn: 3
INFO     Sampling battle 0
INFO     	       ironmoth   quarkdrive heavydutyboots [energyball, fireblast, morningsun, sludgewave] ttype=grass
INFO     Sampling 4 unrevealed pokemon
INFO     	    goodrahisui    sapsipper  assaultvest [dracometeor, dragontail, earthquake, heavyslam] ttype=flying
INFO     	typhlosionhisui        blaze  choicescarf [eruption, fireblast, focusblast, shadowball] ttype=fire
INFO     	    barraskewda    swiftswim   choiceband [closecombat, flipturn, throatchop, waterfall] ttype=water
INFO     	         flygon     levitate   choiceband [earthquake, outrage, stoneedge, uturn] ttype=ground
INFO     Sampling battle 1
INFO     	       ironmoth   quarkdrive heavydutyboots [fireblast, morningsun, sludgewave, toxicspikes] ttype=fire
INFO     Sampling 4 unrevealed pokemon
INFO     	       froslass   cursedbody     widelens [destinybond, poltergeist, taunt, tripleaxel] ttype=ice
INFO     	     ironleaves   quarkdrive      lifeorb [closecombat, leafblade, psyblade, swordsdance] ttype=fighting
INFO     	       cloyster    skilllink    whiteherb [hydropump, iciclespear, rockblast, shellsmash] ttype=rock
INFO     	      bellibolt electromorphosis    leftovers [muddywater, slackoff, thunderbolt, toxic] ttype=electric
INFO     Sampling battle 2
INFO     	       ironmoth   quarkdrive heavydutyboots [energyball, fireblast, morningsun, sludgewave] ttype=fire
INFO     Sampling 4 unrevealed pokemon
INFO     	      dragonite   multiscale heavydutyboots [dragondance, earthquake, outrage, roost] ttype=ground
INFO     	          arbok   intimidate      lifeorb [earthquake, glare, gunkshot, suckerpunch] ttype=ground
INFO     	       clefable   magicguard      lifeorb [calmmind, fireblast, moonblast, moonlight] ttype=steel
INFO     	      palossand watercompaction    leftovers [earthpower, shadowball, shoreup, stealthrock] ttype=water
INFO     Sampling battle 3
INFO     	       ironmoth   quarkdrive heavydutyboots [fireblast, morningsun, sludgewave, toxicspikes] ttype=fire
INFO     Sampling 4 unrevealed pokemon
INFO     	squawkabillywhite       hustle   choiceband [bravebird, doubleedge, foulplay, quickattack] ttype=normal
INFO     	       camerupt    solidrock    leftovers [earthquake, overheat, roar, willowisp] ttype=water
INFO     	       frosmoth    icescales heavydutyboots [bugbuzz, gigadrain, icebeam, quiverdance] ttype=water
INFO     	      rillaboom  grassysurge   choiceband [grassyglide, highhorsepower, uturn, woodhammer] ttype=grass
INFO     Sampling battle 4
INFO     	       ironmoth   quarkdrive heavydutyboots [energyball, fireblast, sludgewave, toxicspikes] ttype=grass
INFO     Sampling 4 unrevealed pokemon
INFO     	       arboliva      harvest  sitrusberry [hypervoice, leechseed, protect, substitute] ttype=water
INFO     	       alcremie    aromaveil    leftovers [acidarmor, calmmind, dazzlinggleam, recover] ttype=poison
INFO     	        beartic    slushrush heavydutyboots [closecombat, earthquake, iciclecrash, snowscape] ttype=ground
INFO     	         espeon  magicbounce      lifeorb [alluringvoice, calmmind, psyshock, shadowball] ttype=psychic
INFO     Sampling battle 5
INFO     	       ironmoth   quarkdrive  choicespecs [energyball, fierydance, sludgewave, uturn] ttype=grass
INFO     Sampling 4 unrevealed pokemon
INFO     	        noivern  infiltrator heavydutyboots [boomburst, dracometeor, hurricane, roost] ttype=normal
INFO     	         comfey       triage    leftovers [calmmind, drainingkiss, gigadrain, storedpower] ttype=steel
INFO     	      rotomwash     levitate    leftovers [hydropump, thunderbolt, voltswitch, willowisp] ttype=water
INFO     	      sudowoodo     rockhead    leftovers [earthquake, headsmash, stealthrock, suckerpunch] ttype=rock
INFO     Sampling battle 6
INFO     	       ironmoth   quarkdrive heavydutyboots [energyball, fierydance, sludgewave, toxicspikes] ttype=grass
INFO     Sampling 4 unrevealed pokemon
INFO     	       cloyster    skilllink    whiteherb [hydropump, iciclespear, rockblast, shellsmash] ttype=rock
INFO     	       cobalion    justified    leftovers [bodypress, irondefense, ironhead, stoneedge] ttype=water
INFO     	      ironcrown   quarkdrive    leftovers [calmmind, focusblast, psyshock, tachyoncutter] ttype=fighting
INFO     	      dragonite   multiscale heavydutyboots [dragondance, earthquake, ironhead, outrage] ttype=steel
INFO     Sampling battle 7
INFO     	       ironmoth   quarkdrive  choicespecs [energyball, fierydance, sludgewave, uturn] ttype=grass
INFO     Sampling 4 unrevealed pokemon
INFO     	    arceussteel    multitype    ironplate [earthquake, judgment, recover, willowisp] ttype=ghost
INFO     	   persianalola      furcoat      lifeorb [darkpulse, nastyplot, powergem, thunderbolt] ttype=electric
INFO     	    stonjourner    powerspot      lifeorb [earthquake, heatcrash, stealthrock, stoneedge] ttype=fire
INFO     	       leavanny        swarm    focussash [knockoff, leafblade, lunge, stickyweb] ttype=ghost
INFO     Searching for a move using PUCT MCTS with neural priors...
INFO     Sampling 8 battles at 250ms each
INFO     Computing neural priors for all battles...
INFO     Initialized StateTranslator with TeamPreviewObservationSpace
INFO     Initializing LocalPolicyProvider with model: Minikazam
INFO     Loading pretrained Minikazam model...


 		 AMAGO v3.1
            	 -------------------------
            	 Agent: Agent
            		 Max Sequence Length: 64
            		 TstepEncoder Type: MetamonPerceiverTstepEncoder
            		 TrajEncoder Type: GRUTrajEncoder
            		 Total Parameters: 4,761,778
            		 Offline Loss Weight: 1.0
            		 Online Loss Weight: 0.0
            		 Mixed Precision: NO
            		 Checkpoint Path: /Users/yadureddy/Documents/GitHub/clean/pokeagent_ac_mcts/.metamon_cache/pretrained_models/models--jakegrigsby--metamon/snapshots/c5d1cb9abb6747066a325228845a5a8af3d12139/minikazam/minikazam/ckpts
            	 Environment:
            		 DummyAsyncVectorEnv(Gym Env x 1)
            		 Exploration Type: None
            	 Dataset: DoNothingDataset
            	 Accelerate Processes: 1 


INFO     Successfully loaded Minikazam model
ERROR    Error translating battle to observation: 
WARNING  Failed to get priors for battle: 
ERROR    Error translating battle to observation: 
WARNING  Failed to get priors for battle: 
ERROR    Error translating battle to observation: 
WARNING  Failed to get priors for battle: 
ERROR    Error translating battle to observation: 
WARNING  Failed to get priors for battle: 
ERROR    Error translating battle to observation: 
WARNING  Failed to get priors for battle: 
ERROR    Error translating battle to observation: 
WARNING  Failed to get priors for battle: 
ERROR    Error translating battle to observation: 
WARNING  Failed to get priors for battle: 
ERROR    Error translating battle to observation: 
WARNING  Failed to get priors for battle: 
INFO     Successfully computed neural priors for 0/8 battles
INFO     Using PUCT-guided move selection (priors integrated during search)...
INFO     Policy 0: switch dondozo visited 92.91% avg_score=0.4 sample_chance_multiplier=0.125
INFO     Policy 1: switch inteleon visited 96.14% avg_score=0.385 sample_chance_multiplier=0.125
INFO     Policy 2: switch inteleon visited 94.24% avg_score=0.396 sample_chance_multiplier=0.125
INFO     Policy 3: switch inteleon visited 94.0% avg_score=0.373 sample_chance_multiplier=0.125
INFO     Policy 4: switch inteleon visited 89.18% avg_score=0.361 sample_chance_multiplier=0.125
INFO     Policy 5: switch inteleon visited 80.94% avg_score=0.314 sample_chance_multiplier=0.125
INFO     Policy 6: switch inteleon visited 95.16% avg_score=0.395 sample_chance_multiplier=0.125
INFO     Policy 7: switch inteleon visited 67.0% avg_score=0.358 sample_chance_multiplier=0.125
INFO     Considered Choices:
INFO     	77.451%: switch inteleon
INFO     Choice: switch inteleon
INFO     inteleon switched in, adding intimidate to impossible abilities
INFO     inteleon switched in, adding pressure to impossible abilities
INFO     inteleon switched in, adding neutralizinggas to impossible abilities
INFO     inteleon switched in, adding sandstream to impossible abilities
INFO     inteleon switched in, adding drought to impossible abilities
INFO     inteleon switched in, adding drizzle to impossible abilities
INFO     inteleon switched in, adding snowwarning to impossible abilities
INFO     inteleon switched in, adding boosterenergy to impossible items
INFO     inteleon switched in, adding airballoon to impossible items
INFO     ironmoth used a poison move, removing poisongem from possible items
INFO     Setting ironmoth's last used move: sludgewave
INFO     ironmoth used a damaging move - not guessing lifeorb anymore
INFO     ironmoth did 88.21% damage to inteleon with sludgewave
INFO     inteleon got status: psn
INFO     No longer guessing lumberry because inteleon got status psn
INFO     Sampling battle 0
INFO     	       ironmoth   quarkdrive  choicespecs [energyball, fierydance, sludgewave, uturn] ttype=grass
INFO     Sampling 4 unrevealed pokemon
INFO     	      terapagos    terashift heavydutyboots [calmmind, darkpulse, rapidspin, terastarstorm] ttype=stellar
INFO     	      poliwrath  waterabsorb    leftovers [bulkup, drainpunch, knockoff, liquidation] ttype=fighting
INFO     	        luvdisc    swiftswim heavydutyboots [endeavor, substitute, surf, whirlpool] ttype=ghost
INFO     	   crabominable     ironfist   choiceband [drainpunch, earthquake, icehammer, knockoff] ttype=fighting
INFO     Sampling battle 1
INFO     	       ironmoth   quarkdrive  choicespecs [energyball, fierydance, sludgewave, uturn] ttype=fire
INFO     Sampling 4 unrevealed pokemon
INFO     	          klawf   angershell  sitrusberry [crabhammer, knockoff, stoneedge, swordsdance] ttype=dark
INFO     	        wugtrio        gooey   choiceband [aquajet, liquidation, stompingtantrum, throatchop] ttype=water
INFO     	      regigigas    slowstart    leftovers [bodyslam, knockoff, protect, substitute] ttype=poison
INFO     	        wochien tabletsofruin    leftovers [knockoff, leechseed, protect, stunspore] ttype=poison
INFO     Sampling battle 2
INFO     	       ironmoth   quarkdrive  choicespecs [energyball, fireblast, sludgewave, uturn] ttype=grass
INFO     Sampling 4 unrevealed pokemon
INFO     	         rabsca  synchronize heavydutyboots [bugbuzz, earthpower, psychic, revivalblessing] ttype=steel
INFO     	         furret        frisk      lifeorb [brickbreak, doubleedge, knockoff, tidyup] ttype=normal
INFO     	      honchkrow        moxie heavydutyboots [bravebird, heatwave, lashout, suckerpunch] ttype=flying
INFO     	      trevenant  naturalcure      lifeorb [drainpunch, poltergeist, willowisp, woodhammer] ttype=fighting
INFO     Sampling battle 3
INFO     	       ironmoth   quarkdrive  choicespecs [energyball, fireblast, sludgewave, uturn] ttype=fire
INFO     Sampling 4 unrevealed pokemon
INFO     	    roaringmoon protosynthesis     lumberry [dragondance, ironhead, knockoff, outrage] ttype=dark
INFO     	   squawkabilly         guts     flameorb [bravebird, facade, protect, quickattack] ttype=normal
INFO     	        kingdra    swiftswim     lumberry [dragondance, outrage, waterfall, wavecrash] ttype=water
INFO     	     arceusdark    multitype   dreadplate [calmmind, judgment, recover, sludgebomb] ttype=poison
INFO     Searching for a move using PUCT MCTS with neural priors...
INFO     Sampling 4 battles at 500ms each
INFO     Computing neural priors for all battles...
INFO     Initialized StateTranslator with TeamPreviewObservationSpace
INFO     Initializing LocalPolicyProvider with model: Minikazam
INFO     Loading pretrained Minikazam model...


 		 AMAGO v3.1
            	 -------------------------
            	 Agent: Agent
            		 Max Sequence Length: 64
            		 TstepEncoder Type: MetamonPerceiverTstepEncoder
            		 TrajEncoder Type: GRUTrajEncoder
            		 Total Parameters: 4,761,778
            		 Offline Loss Weight: 1.0
            		 Online Loss Weight: 0.0
            		 Mixed Precision: NO
            		 Checkpoint Path: /Users/yadureddy/Documents/GitHub/clean/pokeagent_ac_mcts/.metamon_cache/pretrained_models/models--jakegrigsby--metamon/snapshots/c5d1cb9abb6747066a325228845a5a8af3d12139/minikazam/minikazam/ckpts
            	 Environment:
            		 DummyAsyncVectorEnv(Gym Env x 1)
            		 Exploration Type: None
            	 Dataset: DoNothingDataset
            	 Accelerate Processes: 1 


INFO     Successfully loaded Minikazam model
ERROR    Error translating battle to observation: 
WARNING  Failed to get priors for battle: 
ERROR    Error translating battle to observation: 
WARNING  Failed to get priors for battle: 
ERROR    Error translating battle to observation: 
WARNING  Failed to get priors for battle: 
ERROR    Error translating battle to observation: 
WARNING  Failed to get priors for battle: 
INFO     Successfully computed neural priors for 0/4 battles
INFO     Using PUCT-guided move selection (priors integrated during search)...
INFO     Policy 0: switch electivire visited 98.36% avg_score=0.519 sample_chance_multiplier=0.25
INFO     Policy 1: switch electivire visited 96.57% avg_score=0.519 sample_chance_multiplier=0.25
INFO     Policy 2: switch electivire visited 98.36% avg_score=0.535 sample_chance_multiplier=0.25
INFO     Policy 3: switch ambipom visited 98.51% avg_score=0.543 sample_chance_multiplier=0.25
INFO     Considered Choices:
INFO     	73.519%: switch electivire
INFO     Choice: switch electivire
INFO     electivire switched in, adding intimidate to impossible abilities
INFO     electivire switched in, adding pressure to impossible abilities
INFO     electivire switched in, adding neutralizinggas to impossible abilities
INFO     electivire switched in, adding sandstream to impossible abilities
INFO     electivire switched in, adding drought to impossible abilities
INFO     electivire switched in, adding drizzle to impossible abilities
INFO     electivire switched in, adding snowwarning to impossible abilities
INFO     electivire switched in, adding boosterenergy to impossible items
INFO     electivire switched in, adding airballoon to impossible items
INFO     
INFO     Turn: 4
INFO     Sampling battle 0
INFO     	       ironmoth   quarkdrive  choicespecs [energyball, fierydance, sludgewave, uturn] ttype=grass
INFO     Sampling 4 unrevealed pokemon
INFO     	       venusaur  chlorophyll    leftovers [earthpower, knockoff, sludgebomb, synthesis] ttype=dark
INFO     	         rabsca  synchronize heavydutyboots [bugbuzz, psychic, revivalblessing, trickroom] ttype=steel
INFO     	       lurantis     contrary  assaultvest [knockoff, leafstorm, leechlife, superpower] ttype=fighting
INFO     	      regigigas    slowstart    leftovers [bodyslam, knockoff, protect, substitute] ttype=ghost
INFO     Sampling battle 1
INFO     	       ironmoth   quarkdrive  choicespecs [energyball, fierydance, sludgewave, uturn] ttype=grass
INFO     Sampling 4 unrevealed pokemon
INFO     	    brutebonnet protosynthesis    leftovers [closecombat, seedbomb, spore, suckerpunch] ttype=fighting
INFO     	     krookodile   intimidate   choiceband [earthquake, gunkshot, knockoff, stoneedge] ttype=poison
INFO     	      arceusice    multitype  icicleplate [calmmind, earthpower, judgment, recover] ttype=ground
INFO     	        carbink    clearbody    leftovers [bodypress, irondefense, moonblast, rockpolish] ttype=fighting
INFO     Sampling battle 2
INFO     	       ironmoth   quarkdrive  choicespecs [energyball, fireblast, sludgewave, uturn] ttype=grass
INFO     Sampling 4 unrevealed pokemon
INFO     	        chansey  naturalcure     eviolite [healbell, seismictoss, softboiled, thunderwave] ttype=fairy
INFO     	       sneasler  poisontouch   choiceband [closecombat, direclaw, throatchop, uturn] ttype=fighting
INFO     	          golem       sturdy  custapberry [earthquake, explosion, stealthrock, stoneedge] ttype=grass
INFO     	       meganium     overgrow    leftovers [dragontail, energyball, knockoff, synthesis] ttype=poison
INFO     Sampling battle 3
INFO     	       ironmoth   quarkdrive  choicespecs [energyball, fireblast, sludgewave, uturn] ttype=grass
INFO     Sampling 4 unrevealed pokemon
INFO     	        groudon      drought    leftovers [heatcrash, precipiceblades, roar, stealthrock] ttype=fire
INFO     	      registeel    clearbody    leftovers [bodypress, irondefense, ironhead, thunderwave] ttype=fighting
INFO     	taurospaldeacombat   intimidate   choiceband [closecombat, earthquake, stoneedge, throatchop] ttype=fighting
INFO     	     kricketune   technician heavydutyboots [knockoff, pounce, stickyweb, taunt] ttype=ghost
INFO     Searching for a move using PUCT MCTS with neural priors...
INFO     Sampling 4 battles at 500ms each
INFO     Computing neural priors for all battles...
INFO     Initialized StateTranslator with TeamPreviewObservationSpace
INFO     Initializing LocalPolicyProvider with model: Minikazam
INFO     Loading pretrained Minikazam model...


 		 AMAGO v3.1
            	 -------------------------
            	 Agent: Agent
            		 Max Sequence Length: 64
            		 TstepEncoder Type: MetamonPerceiverTstepEncoder
            		 TrajEncoder Type: GRUTrajEncoder
            		 Total Parameters: 4,761,778
            		 Offline Loss Weight: 1.0
            		 Online Loss Weight: 0.0
            		 Mixed Precision: NO
            		 Checkpoint Path: /Users/yadureddy/Documents/GitHub/clean/pokeagent_ac_mcts/.metamon_cache/pretrained_models/models--jakegrigsby--metamon/snapshots/c5d1cb9abb6747066a325228845a5a8af3d12139/minikazam/minikazam/ckpts
            	 Environment:
            		 DummyAsyncVectorEnv(Gym Env x 1)
            		 Exploration Type: None
            	 Dataset: DoNothingDataset
            	 Accelerate Processes: 1 


INFO     Successfully loaded Minikazam model
ERROR    Error translating battle to observation: 
WARNING  Failed to get priors for battle: 
ERROR    Error translating battle to observation: 
WARNING  Failed to get priors for battle: 
ERROR    Error translating battle to observation: 
WARNING  Failed to get priors for battle: 
ERROR    Error translating battle to observation: 
WARNING  Failed to get priors for battle: 
INFO     Successfully computed neural priors for 0/4 battles
INFO     Using PUCT-guided move selection (priors integrated during search)...
INFO     Policy 0: earthquake visited 86.36% avg_score=0.54 sample_chance_multiplier=0.25
INFO     Policy 1: earthquake visited 34.81% avg_score=0.469 sample_chance_multiplier=0.25
INFO     Policy 2: earthquake visited 97.23% avg_score=0.518 sample_chance_multiplier=0.25
INFO     Policy 3: switch ambipom visited 57.72% avg_score=0.391 sample_chance_multiplier=0.25
INFO     Considered Choices:
INFO     	56.39%: earthquake
INFO     Choice: earthquake
INFO     Updated ironmoth's min speed to 208
INFO     ironmoth already has the move sludgewave. Decrementing the PP by 1
INFO     ironmoth used a poison move, removing poisongem from possible items
INFO     Setting ironmoth's last used move: sludgewave
INFO     ironmoth used a damaging move - not guessing lifeorb anymore
INFO     ironmoth did 74.52% damage to electivire with sludgewave
INFO     electivire already has the move earthquake. Decrementing the PP by 1
INFO     electivire used a ground move, removing groundgem from possible items
INFO     Setting electivire's last used move: earthquake
INFO     electivire used a damaging move - not guessing lifeorb anymore
INFO     electivire did 100.0% damage to ironmoth with earthquake
INFO     Setting electivire's item to: lifeorb
INFO     ironmoth has less than maxhp during upkeep, no longer guessing leftovers or blacksludge
INFO     Opponent has switched - clearing the last used move
INFO     haxorus switched in, adding intimidate to impossible abilities
INFO     haxorus switched in, adding pressure to impossible abilities
INFO     haxorus switched in, adding neutralizinggas to impossible abilities
INFO     haxorus switched in, adding sandstream to impossible abilities
INFO     haxorus switched in, adding drought to impossible abilities
INFO     haxorus switched in, adding drizzle to impossible abilities
INFO     haxorus switched in, adding snowwarning to impossible abilities
INFO     haxorus switched in, adding boosterenergy to impossible items
INFO     haxorus switched in, adding airballoon to impossible items
INFO     Setting haxorus's ability to moldbreaker
INFO     
INFO     Turn: 5
INFO     Sampling battle 0
INFO     	        haxorus  moldbreaker   loadeddice [earthquake, ironhead, scaleshot, swordsdance] ttype=steel
INFO     Sampling 3 unrevealed pokemon
INFO     	       hawlucha     unburden    whiteherb [bravebird, closecombat, stoneedge, swordsdance] ttype=fighting
INFO     	         kyurem     pressure   loadeddice [dragondance, iciclespear, scaleshot, terablast] ttype=ground
INFO     	      farigiraf    sapsipper    leftovers [bodyslam, protect, psychicnoise, wish] ttype=ground
INFO     Sampling battle 1
INFO     	        haxorus  moldbreaker     lumberry [closecombat, dragondance, ironhead, outrage] ttype=steel
INFO     Sampling 3 unrevealed pokemon
INFO     	        umbreon  synchronize    leftovers [foulplay, protect, toxic, wish] ttype=poison
INFO     	      farigiraf    sapsipper    leftovers [bodyslam, protect, psychicnoise, wish] ttype=fairy
INFO     	  zaciancrowned intrepidsword  rustedsword [behemothblade, closecombat, playrough, swordsdance] ttype=fighting
INFO     Sampling battle 2
INFO     	        haxorus  moldbreaker   loadeddice [closecombat, ironhead, scaleshot, swordsdance] ttype=steel
INFO     Sampling 3 unrevealed pokemon
INFO     	        groudon      drought    leftovers [heatcrash, precipiceblades, spikes, willowisp] ttype=fire
INFO     	      hydrapple  regenerator  assaultvest [dragontail, earthpower, ficklebeam, gigadrain] ttype=steel
INFO     	        palafin   zerotohero   choiceband [closecombat, flipturn, jetpunch, wavecrash] ttype=water
INFO     Sampling battle 3
INFO     	        haxorus  moldbreaker     lumberry [dragondance, earthquake, ironhead, outrage] ttype=steel
INFO     Sampling 3 unrevealed pokemon
INFO     	    arceuswater    multitype  splashplate [calmmind, icebeam, judgment, recover] ttype=steel
INFO     	        falinks      defiant      lifeorb [closecombat, ironhead, knockoff, noretreat] ttype=dark
INFO     	       gyarados   intimidate heavydutyboots [dragondance, earthquake, stoneedge, waterfall] ttype=ground
INFO     Sampling battle 4
INFO     	        haxorus  moldbreaker   loadeddice [earthquake, ironhead, scaleshot, swordsdance] ttype=steel
INFO     Sampling 3 unrevealed pokemon
INFO     	        darkrai    baddreams      lifeorb [darkpulse, focusblast, nastyplot, sludgebomb] ttype=poison
INFO     	        pikachu lightningrod    lightball [fakeout, knockoff, surf, volttackle] ttype=water
INFO     	     misdreavus     levitate     eviolite [calmmind, drainingkiss, shadowball, willowisp] ttype=fairy
INFO     Sampling battle 5
INFO     	        haxorus  moldbreaker     lumberry [closecombat, dragondance, ironhead, outrage] ttype=steel
INFO     Sampling 3 unrevealed pokemon
INFO     	    barraskewda    swiftswim   choiceband [closecombat, flipturn, psychicfangs, waterfall] ttype=fighting
INFO     	        glaceon      icebody heavydutyboots [freezedry, mudshot, protect, wish] ttype=ground
INFO     	         pawmot   voltabsorb   leppaberry [closecombat, doubleshock, nuzzle, revivalblessing] ttype=electric
INFO     Sampling battle 6
INFO     	        haxorus  moldbreaker     lumberry [dragondance, earthquake, ironhead, outrage] ttype=steel
INFO     Sampling 3 unrevealed pokemon
INFO     	        weavile   pickpocket heavydutyboots [knockoff, lowkick, swordsdance, tripleaxel] ttype=fighting
INFO     	       dachsbun wellbakedbody    leftovers [bodypress, playrough, protect, wish] ttype=steel
INFO     	       zangoose   toxicboost     toxicorb [closecombat, facade, knockoff, quickattack] ttype=normal
INFO     Sampling battle 7
INFO     	        haxorus  moldbreaker     lumberry [closecombat, dragondance, ironhead, outrage] ttype=steel
INFO     Sampling 3 unrevealed pokemon
INFO     	         kyurem     pressure heavydutyboots [earthpower, freezedry, icebeam, outrage] ttype=ground
INFO     	        slowbro  regenerator  assaultvest [fireblast, icebeam, psychicnoise, scald] ttype=fairy
INFO     	         comfey       triage    leftovers [calmmind, drainingkiss, synthesis, terablast] ttype=ground
INFO     Searching for a move using PUCT MCTS with neural priors...
INFO     Sampling 8 battles at 250ms each
INFO     Computing neural priors for all battles...
INFO     Initialized StateTranslator with TeamPreviewObservationSpace
INFO     Initializing LocalPolicyProvider with model: Minikazam
INFO     Loading pretrained Minikazam model...


 		 AMAGO v3.1
            	 -------------------------
            	 Agent: Agent
            		 Max Sequence Length: 64
            		 TstepEncoder Type: MetamonPerceiverTstepEncoder
            		 TrajEncoder Type: GRUTrajEncoder
            		 Total Parameters: 4,761,778
            		 Offline Loss Weight: 1.0
            		 Online Loss Weight: 0.0
            		 Mixed Precision: NO
            		 Checkpoint Path: /Users/yadureddy/Documents/GitHub/clean/pokeagent_ac_mcts/.metamon_cache/pretrained_models/models--jakegrigsby--metamon/snapshots/c5d1cb9abb6747066a325228845a5a8af3d12139/minikazam/minikazam/ckpts
            	 Environment:
            		 DummyAsyncVectorEnv(Gym Env x 1)
            		 Exploration Type: None
            	 Dataset: DoNothingDataset
            	 Accelerate Processes: 1 


INFO     Successfully loaded Minikazam model
ERROR    Error translating battle to observation: 
WARNING  Failed to get priors for battle: 
ERROR    Error translating battle to observation: 
WARNING  Failed to get priors for battle: 
ERROR    Error translating battle to observation: 
WARNING  Failed to get priors for battle: 
ERROR    Error translating battle to observation: 
WARNING  Failed to get priors for battle: 
ERROR    Error translating battle to observation: 
WARNING  Failed to get priors for battle: 
ERROR    Error translating battle to observation: 
WARNING  Failed to get priors for battle: 
ERROR    Error translating battle to observation: 
WARNING  Failed to get priors for battle: 
ERROR    Error translating battle to observation: 
WARNING  Failed to get priors for battle: 
INFO     Successfully computed neural priors for 0/8 battles
INFO     Using PUCT-guided move selection (priors integrated during search)...
INFO     Policy 0: bulkup visited 59.1% avg_score=0.447 sample_chance_multiplier=0.125
INFO     Policy 1: bulkup visited 44.61% avg_score=0.435 sample_chance_multiplier=0.125
INFO     Policy 2: icepunch visited 55.25% avg_score=0.551 sample_chance_multiplier=0.125
INFO     Policy 3: icepunch visited 60.06% avg_score=0.424 sample_chance_multiplier=0.125
INFO     Policy 4: icepunch visited 44.54% avg_score=0.542 sample_chance_multiplier=0.125
INFO     Policy 5: bulkup visited 36.19% avg_score=0.409 sample_chance_multiplier=0.125
INFO     Policy 6: icepunch visited 92.86% avg_score=0.461 sample_chance_multiplier=0.125
INFO     Policy 7: supercellslam visited 45.13% avg_score=0.458 sample_chance_multiplier=0.125
INFO     Considered Choices:
INFO     	44.665%: icepunch
INFO     Choice: icepunch
INFO     Updated haxorus's max speed to 208
INFO     electivire already has the move icepunch. Decrementing the PP by 1
INFO     electivire used a ice move, removing icegem from possible items
INFO     Setting electivire's last used move: icepunch
INFO     electivire used a damaging move - not guessing lifeorb anymore
INFO     electivire did 76.0% damage to haxorus with icepunch
INFO     Setting electivire's item to: lifeorb
INFO     haxorus using dragondance makes it unlikely to have a choice item. Setting can_have_choice_item to False
INFO     haxorus used a status-move. Adding `assaultvest` to impossible items
INFO     Setting haxorus's last used move: dragondance
INFO     haxorus's attack was boosted by 1 to 1
INFO     haxorus's speed was boosted by 1 to 1
INFO     haxorus has less than maxhp during upkeep, no longer guessing leftovers or blacksludge
INFO     
INFO     Turn: 6
INFO     Sampling battle 0
INFO     	        haxorus  moldbreaker     lumberry [dragondance, earthquake, ironhead, outrage] ttype=steel
INFO     Sampling 3 unrevealed pokemon
INFO     	   crabominable     ironfist   choiceband [drainpunch, earthquake, icehammer, knockoff] ttype=fighting
INFO     	   arceusdragon    multitype   dracoplate [calmmind, fireblast, judgment, sludgebomb] ttype=fire
INFO     	    oinkolognef     thickfat    leftovers [bodyslam, curse, rest, sleeptalk] ttype=fairy
INFO     Sampling battle 1
INFO     	        haxorus  moldbreaker     lumberry [closecombat, dragondance, ironhead, outrage] ttype=steel
INFO     Sampling 3 unrevealed pokemon
INFO     	      heracross        moxie  choicescarf [closecombat, earthquake, megahorn, stoneedge] ttype=bug
INFO     	      bellossom  chlorophyll    leftovers [gigadrain, quiverdance, strengthsap, terablast] ttype=rock
INFO     	       ursaring         guts     eviolite [bodyslam, earthquake, rest, sleeptalk] ttype=ghost
INFO     Sampling battle 2
INFO     	        haxorus  moldbreaker     lumberry [dragondance, earthquake, ironhead, outrage] ttype=steel
INFO     Sampling 3 unrevealed pokemon
INFO     	        urshifu   unseenfist   choiceband [closecombat, poisonjab, uturn, wickedblow] ttype=dark
INFO     	       sceptile     overgrow      lifeorb [earthquake, gigadrain, rockslide, shedtail] ttype=steel
INFO     	        lanturn   voltabsorb    leftovers [icebeam, scald, thunderbolt, thunderwave] ttype=flying
INFO     Sampling battle 3
INFO     	        haxorus  moldbreaker     lumberry [closecombat, dragondance, ironhead, outrage] ttype=steel
INFO     Sampling 3 unrevealed pokemon
INFO     	        snorlax     thickfat    leftovers [bodyslam, crunch, curse, earthquake] ttype=poison
INFO     	    deoxysspeed     pressure      lifeorb [knockoff, psychoboost, stealthrock, superpower] ttype=dark
INFO     	     oinkologne     thickfat    leftovers [curse, doubleedge, highhorsepower, lashout] ttype=ground
INFO     Searching for a move using PUCT MCTS with neural priors...
INFO     Sampling 4 battles at 500ms each
INFO     Computing neural priors for all battles...
INFO     Initialized StateTranslator with TeamPreviewObservationSpace
INFO     Initializing LocalPolicyProvider with model: Minikazam
INFO     Loading pretrained Minikazam model...


 		 AMAGO v3.1
            	 -------------------------
            	 Agent: Agent
            		 Max Sequence Length: 64
            		 TstepEncoder Type: MetamonPerceiverTstepEncoder
            		 TrajEncoder Type: GRUTrajEncoder
            		 Total Parameters: 4,761,778
            		 Offline Loss Weight: 1.0
            		 Online Loss Weight: 0.0
            		 Mixed Precision: NO
            		 Checkpoint Path: /Users/yadureddy/Documents/GitHub/clean/pokeagent_ac_mcts/.metamon_cache/pretrained_models/models--jakegrigsby--metamon/snapshots/c5d1cb9abb6747066a325228845a5a8af3d12139/minikazam/minikazam/ckpts
            	 Environment:
            		 DummyAsyncVectorEnv(Gym Env x 1)
            		 Exploration Type: None
            	 Dataset: DoNothingDataset
            	 Accelerate Processes: 1 


INFO     Successfully loaded Minikazam model
ERROR    Error translating battle to observation: 
WARNING  Failed to get priors for battle: 
ERROR    Error translating battle to observation: 
WARNING  Failed to get priors for battle: 
ERROR    Error translating battle to observation: 
WARNING  Failed to get priors for battle: 
ERROR    Error translating battle to observation: 
WARNING  Failed to get priors for battle: 
INFO     Successfully computed neural priors for 0/4 battles
INFO     Using PUCT-guided move selection (priors integrated during search)...
INFO     Policy 0: icepunch visited 56.02% avg_score=0.526 sample_chance_multiplier=0.25
INFO     Policy 1: bulkup visited 33.59% avg_score=0.535 sample_chance_multiplier=0.25
INFO     Policy 2: earthquake visited 45.01% avg_score=0.565 sample_chance_multiplier=0.25
INFO     Policy 3: earthquake visited 77.69% avg_score=0.57 sample_chance_multiplier=0.25
INFO     Considered Choices:
INFO     	44.722%: earthquake
INFO     Choice: earthquake
INFO     Updated haxorus's min speed to 138
INFO     haxorus used two different moves - it cannot have a choice item
INFO     haxorus used a steel move, removing steelgem from possible items
INFO     Setting haxorus's last used move: ironhead
INFO     haxorus used a damaging move - not guessing lifeorb anymore
INFO     haxorus did 5.7% damage to electivire with ironhead
INFO     haxorus has less than maxhp during upkeep, no longer guessing leftovers or blacksludge
INFO     Sampling battle 0
INFO     	        haxorus  moldbreaker     lumberry [dragondance, earthquake, ironhead, outrage] ttype=steel
INFO     Sampling 3 unrevealed pokemon
INFO     	       regirock    clearbody    leftovers [bodypress, stealthrock, stoneedge, thunderwave] ttype=fighting
INFO     	  slowkinggalar  regenerator  assaultvest [fireblast, psychicnoise, sludgebomb, surf] ttype=water
INFO     	         palkia     pressure  choicespecs [dracometeor, fireblast, hydropump, spacialrend] ttype=dragon
INFO     Sampling battle 1
INFO     	        haxorus  moldbreaker     lumberry [dragondance, earthquake, ironhead, outrage] ttype=steel
INFO     Sampling 3 unrevealed pokemon
INFO     	    kilowattrel   voltabsorb heavydutyboots [hurricane, roost, thunderbolt, uturn] ttype=water
INFO     	      sinistcha    heatproof    leftovers [calmmind, matchagotcha, shadowball, strengthsap] ttype=steel
INFO     	    arceusfairy    multitype   pixieplate [calmmind, earthpower, judgment, recover] ttype=ground
INFO     Sampling battle 2
INFO     	        haxorus  moldbreaker     lumberry [closecombat, dragondance, ironhead, outrage] ttype=steel
INFO     Sampling 3 unrevealed pokemon
INFO     	       cyclizar  regenerator heavydutyboots [dracometeor, rapidspin, shedtail, taunt] ttype=ghost
INFO     	  slowkinggalar  regenerator heavydutyboots [chillyreception, psyshock, slackoff, sludgebomb] ttype=poison
INFO     	 arceusfighting    multitype    fistplate [bodypress, cosmicpower, recover, storedpower] ttype=steel
INFO     Sampling battle 3
INFO     	        haxorus  moldbreaker     lumberry [closecombat, dragondance, ironhead, outrage] ttype=steel
INFO     Sampling 3 unrevealed pokemon
INFO     	      terrakion    justified      lifeorb [closecombat, earthquake, stoneedge, swordsdance] ttype=fighting
INFO     	       delibird       hustle heavydutyboots [bravebird, drillrun, icespinner, spikes] ttype=ice
INFO     	         lapras  waterabsorb  choicespecs [freezedry, hydropump, icebeam, sparklingaria] ttype=ice
INFO     Searching for a move using PUCT MCTS with neural priors...
INFO     Sampling 4 battles at 500ms each
INFO     Computing neural priors for all battles...
INFO     Initialized StateTranslator with TeamPreviewObservationSpace
INFO     Initializing LocalPolicyProvider with model: Minikazam
INFO     Loading pretrained Minikazam model...


 		 AMAGO v3.1
            	 -------------------------
            	 Agent: Agent
            		 Max Sequence Length: 64
            		 TstepEncoder Type: MetamonPerceiverTstepEncoder
            		 TrajEncoder Type: GRUTrajEncoder
            		 Total Parameters: 4,761,778
            		 Offline Loss Weight: 1.0
            		 Online Loss Weight: 0.0
            		 Mixed Precision: NO
            		 Checkpoint Path: /Users/yadureddy/Documents/GitHub/clean/pokeagent_ac_mcts/.metamon_cache/pretrained_models/models--jakegrigsby--metamon/snapshots/c5d1cb9abb6747066a325228845a5a8af3d12139/minikazam/minikazam/ckpts
            	 Environment:
            		 DummyAsyncVectorEnv(Gym Env x 1)
            		 Exploration Type: None
            	 Dataset: DoNothingDataset
            	 Accelerate Processes: 1 


INFO     Successfully loaded Minikazam model
ERROR    Error translating battle to observation: 
WARNING  Failed to get priors for battle: 
ERROR    Error translating battle to observation: 
WARNING  Failed to get priors for battle: 
ERROR    Error translating battle to observation: 
WARNING  Failed to get priors for battle: 
ERROR    Error translating battle to observation: 
WARNING  Failed to get priors for battle: 
INFO     Successfully computed neural priors for 0/4 battles
INFO     Using PUCT-guided move selection (priors integrated during search)...
INFO     Policy 0: switch ambipom visited 98.4% avg_score=0.59 sample_chance_multiplier=0.25
INFO     Policy 1: switch ambipom visited 97.07% avg_score=0.615 sample_chance_multiplier=0.25
INFO     Policy 2: switch breloom visited 89.05% avg_score=0.692 sample_chance_multiplier=0.25
INFO     Policy 3: switch breloom visited 98.79% avg_score=0.696 sample_chance_multiplier=0.25
INFO     Considered Choices:
INFO     	51.716%: switch ambipom
INFO     	47.808%: switch breloom
INFO     Choice: switch ambipom
INFO     ambipom switched in, adding intimidate to impossible abilities
INFO     ambipom switched in, adding pressure to impossible abilities
INFO     ambipom switched in, adding neutralizinggas to impossible abilities
INFO     ambipom switched in, adding sandstream to impossible abilities
INFO     ambipom switched in, adding drought to impossible abilities
INFO     ambipom switched in, adding drizzle to impossible abilities
INFO     ambipom switched in, adding snowwarning to impossible abilities
INFO     ambipom switched in, adding boosterenergy to impossible items
INFO     ambipom switched in, adding airballoon to impossible items
INFO     
INFO     Turn: 7
INFO     Sampling battle 0
INFO     	        haxorus  moldbreaker     lumberry [dragondance, earthquake, ironhead, outrage] ttype=steel
INFO     Sampling 3 unrevealed pokemon
INFO     	          klawf   angershell   rindoberry [crabhammer, knockoff, stoneedge, swordsdance] ttype=dark
INFO     	 giratinaorigin     levitate griseouscore [defog, dracometeor, poltergeist, willowisp] ttype=fairy
INFO     	      honchkrow        moxie heavydutyboots [bravebird, lashout, suckerpunch, thunderwave] ttype=dark
INFO     Sampling battle 1
INFO     	        haxorus  moldbreaker     lumberry [dragondance, earthquake, ironhead, outrage] ttype=steel
INFO     Sampling 3 unrevealed pokemon
INFO     	        dewgong     thickfat heavydutyboots [encore, flipturn, surf, tripleaxel] ttype=poison
INFO     	        kingdra       sniper     lumberry [dragondance, ironhead, outrage, wavecrash] ttype=steel
WARNING  ghost is not a known move
INFO     	          ditto     imposter  choicescarf [transform]
INFO     Sampling battle 2
INFO     	        haxorus  moldbreaker     lumberry [dragondance, earthquake, ironhead, outrage] ttype=steel
INFO     Sampling 3 unrevealed pokemon
INFO     	         kommoo   soundproof   loadeddice [closecombat, ironhead, scaleshot, swordsdance] ttype=steel
INFO     	        slaking       truant   choiceband [doubleedge, earthquake, gigaimpact, knockoff] ttype=ground
INFO     	     feraligatr   sheerforce      lifeorb [crunch, dragondance, icepunch, liquidation] ttype=steel
INFO     Sampling battle 3
INFO     	        haxorus  moldbreaker     lumberry [dragondance, earthquake, ironhead, outrage] ttype=steel
INFO     Sampling 3 unrevealed pokemon
INFO     	    ironvaliant   quarkdrive      lifeorb [closecombat, encore, knockoff, moonblast] ttype=steel
INFO     	     kricketune   technician heavydutyboots [knockoff, pounce, stickyweb, taunt] ttype=ghost
INFO     	       qwilfish   intimidate    leftovers [gunkshot, spikes, toxicspikes, waterfall] ttype=dark
INFO     Searching for a move using PUCT MCTS with neural priors...
INFO     Sampling 4 battles at 500ms each
INFO     Computing neural priors for all battles...
INFO     Initialized StateTranslator with TeamPreviewObservationSpace
INFO     Initializing LocalPolicyProvider with model: Minikazam
INFO     Loading pretrained Minikazam model...


 		 AMAGO v3.1
            	 -------------------------
            	 Agent: Agent
            		 Max Sequence Length: 64
            		 TstepEncoder Type: MetamonPerceiverTstepEncoder
            		 TrajEncoder Type: GRUTrajEncoder
            		 Total Parameters: 4,761,778
            		 Offline Loss Weight: 1.0
            		 Online Loss Weight: 0.0
            		 Mixed Precision: NO
            		 Checkpoint Path: /Users/yadureddy/Documents/GitHub/clean/pokeagent_ac_mcts/.metamon_cache/pretrained_models/models--jakegrigsby--metamon/snapshots/c5d1cb9abb6747066a325228845a5a8af3d12139/minikazam/minikazam/ckpts
            	 Environment:
            		 DummyAsyncVectorEnv(Gym Env x 1)
            		 Exploration Type: None
            	 Dataset: DoNothingDataset
            	 Accelerate Processes: 1 


INFO     Successfully loaded Minikazam model
ERROR    Error translating battle to observation: 
WARNING  Failed to get priors for battle: 
ERROR    Error translating battle to observation: 
WARNING  Failed to get priors for battle: 
ERROR    Error translating battle to observation: 
WARNING  Failed to get priors for battle: 
ERROR    Error translating battle to observation: 
WARNING  Failed to get priors for battle: 
INFO     Successfully computed neural priors for 0/4 battles
INFO     Using PUCT-guided move selection (priors integrated during search)...
INFO     Policy 0: uturn visited 65.03% avg_score=0.589 sample_chance_multiplier=0.25
INFO     Policy 1: fakeout visited 88.57% avg_score=0.671 sample_chance_multiplier=0.25
INFO     Policy 2: fakeout visited 95.02% avg_score=0.522 sample_chance_multiplier=0.25
INFO     Policy 3: fakeout visited 66.25% avg_score=0.618 sample_chance_multiplier=0.25
INFO     Considered Choices:
INFO     	65.329%: fakeout
INFO     Choice: fakeout
INFO     Opponent has switched - clearing the last used move
INFO     hydrapple switched in, adding intimidate to impossible abilities
INFO     hydrapple switched in, adding pressure to impossible abilities
INFO     hydrapple switched in, adding neutralizinggas to impossible abilities
INFO     hydrapple switched in, adding sandstream to impossible abilities
INFO     hydrapple switched in, adding drought to impossible abilities
INFO     hydrapple switched in, adding drizzle to impossible abilities
INFO     hydrapple switched in, adding snowwarning to impossible abilities
INFO     hydrapple switched in, adding boosterenergy to impossible items
INFO     hydrapple switched in, adding airballoon to impossible items
INFO     ambipom already has the move fakeout. Decrementing the PP by 1
INFO     ambipom used a normal move, removing normalgem from possible items
INFO     Setting ambipom's last used move: fakeout
INFO     ambipom used a damaging move - not guessing lifeorb anymore
INFO     ambipom did 22.0% damage to hydrapple with fakeout
INFO     hydrapple has less than maxhp during upkeep, no longer guessing leftovers or blacksludge
INFO     
INFO     Turn: 8
INFO     Sampling battle 0
INFO     	      hydrapple  regenerator      lifeorb [earthpower, ficklebeam, gigadrain, nastyplot] ttype=steel
INFO     	        haxorus  moldbreaker     lumberry [dragondance, earthquake, ironhead, outrage] ttype=steel
INFO     Sampling 2 unrevealed pokemon
INFO     	 electrodehisui       static      lifeorb [gigadrain, taunt, thunderbolt, thunderwave] ttype=grass
INFO     	      indeedeef psychicsurge      lifeorb [calmmind, dazzlinggleam, hypervoice, psyshock] ttype=psychic
INFO     Sampling battle 1
INFO     	      hydrapple  regenerator  assaultvest [dragontail, earthpower, ficklebeam, leafstorm] ttype=steel
INFO     	        haxorus  moldbreaker     lumberry [closecombat, dragondance, ironhead, outrage] ttype=steel
INFO     Sampling 2 unrevealed pokemon
INFO     	    arceuswater    multitype  splashplate [icebeam, judgment, recover, willowisp] ttype=steel
INFO     	        wugtrio        gooey   choiceband [aquajet, liquidation, stompingtantrum, throatchop] ttype=water
INFO     Sampling battle 2
INFO     	      hydrapple  regenerator  choicespecs [dracometeor, earthpower, ficklebeam, leafstorm] ttype=dragon
INFO     	        haxorus  moldbreaker     lumberry [closecombat, dragondance, ironhead, outrage] ttype=steel
INFO     Sampling 2 unrevealed pokemon
INFO     	 keldeoresolute    justified  choicespecs [airslash, flipturn, hydropump, secretsword] ttype=water
INFO     	       gumshoos     stakeout   choiceband [doubleedge, earthquake, knockoff, uturn] ttype=normal
INFO     Sampling battle 3
INFO     	      hydrapple  regenerator  choicespecs [dracometeor, earthpower, ficklebeam, leafstorm] ttype=steel
INFO     	        haxorus  moldbreaker     lumberry [dragondance, earthquake, ironhead, outrage] ttype=steel
INFO     Sampling 2 unrevealed pokemon
INFO     	       oricorio       dancer heavydutyboots [hurricane, quiverdance, revelationdance, roost] ttype=ground
INFO     	         furret        frisk   choiceband [doubleedge, knockoff, trick, uturn] ttype=normal
INFO     Searching for a move using PUCT MCTS with neural priors...
INFO     Sampling 4 battles at 500ms each
INFO     Computing neural priors for all battles...
INFO     Initialized StateTranslator with TeamPreviewObservationSpace
INFO     Initializing LocalPolicyProvider with model: Minikazam
INFO     Loading pretrained Minikazam model...


 		 AMAGO v3.1
            	 -------------------------
            	 Agent: Agent
            		 Max Sequence Length: 64
            		 TstepEncoder Type: MetamonPerceiverTstepEncoder
            		 TrajEncoder Type: GRUTrajEncoder
            		 Total Parameters: 4,761,778
            		 Offline Loss Weight: 1.0
            		 Online Loss Weight: 0.0
            		 Mixed Precision: NO
            		 Checkpoint Path: /Users/yadureddy/Documents/GitHub/clean/pokeagent_ac_mcts/.metamon_cache/pretrained_models/models--jakegrigsby--metamon/snapshots/c5d1cb9abb6747066a325228845a5a8af3d12139/minikazam/minikazam/ckpts
            	 Environment:
            		 DummyAsyncVectorEnv(Gym Env x 1)
            		 Exploration Type: None
            	 Dataset: DoNothingDataset
            	 Accelerate Processes: 1 


INFO     Successfully loaded Minikazam model
ERROR    Error translating battle to observation: 
WARNING  Failed to get priors for battle: 
ERROR    Error translating battle to observation: 
WARNING  Failed to get priors for battle: 
ERROR    Error translating battle to observation: 
WARNING  Failed to get priors for battle: 
ERROR    Error translating battle to observation: 
WARNING  Failed to get priors for battle: 
INFO     Successfully computed neural priors for 0/4 battles
INFO     Using PUCT-guided move selection (priors integrated during search)...
INFO     Policy 0: doubleedge visited 97.39% avg_score=0.411 sample_chance_multiplier=0.25
INFO     Policy 1: uturn visited 69.24% avg_score=0.408 sample_chance_multiplier=0.25
INFO     Policy 2: uturn visited 67.52% avg_score=0.265 sample_chance_multiplier=0.25
INFO     Policy 3: uturn visited 62.56% avg_score=0.293 sample_chance_multiplier=0.25
INFO     Considered Choices:
INFO     	50.163%: uturn
INFO     	38.145%: doubleedge
INFO     Choice: doubleedge
INFO     Updated hydrapple's max speed to 241
INFO     ambipom already has the move doubleedge. Decrementing the PP by 1
INFO     ambipom used a normal move, removing normalgem from possible items
INFO     Setting ambipom's last used move: doubleedge
INFO     ambipom used a damaging move - not guessing lifeorb anymore
INFO     ambipom did 45.0% damage to hydrapple with doubleedge
INFO     hydrapple used a grass move, removing grassgem from possible items
INFO     Setting hydrapple's last used move: leafstorm
INFO     hydrapple used a damaging move - not guessing lifeorb anymore
INFO     hydrapple has less than maxhp during upkeep, no longer guessing leftovers or blacksludge
INFO     
INFO     Turn: 9
INFO     Sampling battle 0
INFO     	      hydrapple  regenerator  choicespecs [dracometeor, earthpower, ficklebeam, leafstorm] ttype=steel
INFO     	        haxorus  moldbreaker     lumberry [dragondance, earthquake, ironhead, outrage] ttype=steel
INFO     Sampling 2 unrevealed pokemon
INFO     	taurospaldeablaze   intimidate   choiceband [closecombat, flareblitz, stoneedge, wildcharge] ttype=fighting
INFO     	         zarude    leafguard   choiceband [closecombat, knockoff, powerwhip, uturn] ttype=dark
INFO     Sampling battle 1
INFO     	      hydrapple  regenerator  assaultvest [dragontail, earthpower, ficklebeam, leafstorm] ttype=steel
INFO     	        haxorus  moldbreaker     lumberry [dragondance, earthquake, ironhead, outrage] ttype=steel
INFO     Sampling 2 unrevealed pokemon
INFO     	       virizion    justified      lifeorb [closecombat, leafblade, stoneedge, swordsdance] ttype=rock
INFO     	        drednaw    swiftswim    whiteherb [earthquake, liquidation, shellsmash, stoneedge] ttype=water
INFO     Sampling battle 2
INFO     	      hydrapple  regenerator  choicespecs [dracometeor, earthpower, ficklebeam, leafstorm] ttype=steel
INFO     	        haxorus  moldbreaker     lumberry [closecombat, dragondance, ironhead, outrage] ttype=steel
INFO     Sampling 2 unrevealed pokemon
INFO     	        avalugg       sturdy heavydutyboots [avalanche, bodypress, rapidspin, recover] ttype=fighting
INFO     	          lokix   tintedlens silverpowder [firstimpression, knockoff, suckerpunch, uturn] ttype=bug
INFO     Sampling battle 3
INFO     	      hydrapple  regenerator  choicespecs [dracometeor, earthpower, ficklebeam, leafstorm] ttype=steel
INFO     	        haxorus  moldbreaker     lumberry [dragondance, earthquake, ironhead, outrage] ttype=steel
INFO     Sampling 2 unrevealed pokemon
INFO     	      glastrier chillingneigh heavydutyboots [closecombat, heavyslam, iciclecrash, swordsdance] ttype=fighting
INFO     	     scovillain  chlorophyll heavydutyboots [energyball, fireblast, stompingtantrum, sunnyday] ttype=fire
INFO     Searching for a move using PUCT MCTS with neural priors...
INFO     Sampling 4 battles at 500ms each
INFO     Computing neural priors for all battles...
INFO     Initialized StateTranslator with TeamPreviewObservationSpace
INFO     Initializing LocalPolicyProvider with model: Minikazam
INFO     Loading pretrained Minikazam model...


 		 AMAGO v3.1
            	 -------------------------
            	 Agent: Agent
            		 Max Sequence Length: 64
            		 TstepEncoder Type: MetamonPerceiverTstepEncoder
            		 TrajEncoder Type: GRUTrajEncoder
            		 Total Parameters: 4,761,778
            		 Offline Loss Weight: 1.0
            		 Online Loss Weight: 0.0
            		 Mixed Precision: NO
            		 Checkpoint Path: /Users/yadureddy/Documents/GitHub/clean/pokeagent_ac_mcts/.metamon_cache/pretrained_models/models--jakegrigsby--metamon/snapshots/c5d1cb9abb6747066a325228845a5a8af3d12139/minikazam/minikazam/ckpts
            	 Environment:
            		 DummyAsyncVectorEnv(Gym Env x 1)
            		 Exploration Type: None
            	 Dataset: DoNothingDataset
            	 Accelerate Processes: 1 


INFO     Successfully loaded Minikazam model
ERROR    Error translating battle to observation: 
WARNING  Failed to get priors for battle: 
ERROR    Error translating battle to observation: 
WARNING  Failed to get priors for battle: 
ERROR    Error translating battle to observation: 
WARNING  Failed to get priors for battle: 
ERROR    Error translating battle to observation: 
WARNING  Failed to get priors for battle: 
INFO     Successfully computed neural priors for 0/4 battles
INFO     Using PUCT-guided move selection (priors integrated during search)...
INFO     Policy 0: doubleedge visited 87.13% avg_score=0.302 sample_chance_multiplier=0.25
INFO     Policy 1: doubleedge visited 44.25% avg_score=0.475 sample_chance_multiplier=0.25
INFO     Policy 2: uturn visited 62.09% avg_score=0.386 sample_chance_multiplier=0.25
INFO     Policy 3: knockoff visited 57.36% avg_score=0.399 sample_chance_multiplier=0.25
INFO     Considered Choices:
INFO     	42.642%: doubleedge
INFO     Choice: doubleedge
INFO     Opponent has switched - clearing the last used move
INFO     Setting haxorus's ability to moldbreaker
INFO     ambipom already has the move doubleedge. Decrementing the PP by 1
INFO     ambipom used a normal move, removing normalgem from possible items
INFO     Setting ambipom's last used move: doubleedge
INFO     ambipom used a damaging move - not guessing lifeorb anymore
INFO     ambipom did 24.0% damage to haxorus with doubleedge
INFO     haxorus has less than maxhp during upkeep, no longer guessing leftovers or blacksludge
INFO     Opponent has switched - clearing the last used move
INFO     braviary switched in, adding intimidate to impossible abilities
INFO     braviary switched in, adding pressure to impossible abilities
INFO     braviary switched in, adding neutralizinggas to impossible abilities
INFO     braviary switched in, adding sandstream to impossible abilities
INFO     braviary switched in, adding drought to impossible abilities
INFO     braviary switched in, adding drizzle to impossible abilities
INFO     braviary switched in, adding snowwarning to impossible abilities
INFO     braviary switched in, adding boosterenergy to impossible items
INFO     braviary switched in, adding airballoon to impossible items
INFO     
INFO     Turn: 10
INFO     Sampling battle 0
INFO     	       braviary      defiant heavydutyboots [bravebird, bulkup, closecombat, roost] ttype=fighting
INFO     	      hydrapple  regenerator  choicespecs [dracometeor, earthpower, ficklebeam, leafstorm] ttype=dragon
INFO     Sampling 1 unrevealed pokemon
INFO     	    barraskewda    swiftswim   choiceband [closecombat, flipturn, throatchop, waterfall] ttype=fighting
INFO     Sampling battle 1
INFO     	       braviary      defiant heavydutyboots [bravebird, bulkup, closecombat, roost] ttype=steel
INFO     	      hydrapple  regenerator  choicespecs [dracometeor, earthpower, ficklebeam, leafstorm] ttype=steel
INFO     Sampling 1 unrevealed pokemon
INFO     	taurospaldeablaze   intimidate   choiceband [closecombat, flareblitz, stoneedge, wildcharge] ttype=fighting
INFO     Sampling battle 2
INFO     	       braviary      defiant heavydutyboots [bravebird, bulkup, closecombat, roost] ttype=steel
INFO     	      hydrapple  regenerator  choicespecs [dracometeor, earthpower, ficklebeam, leafstorm] ttype=dragon
INFO     Sampling 1 unrevealed pokemon
INFO     	         arceus    multitype      lifeorb [earthquake, extremespeed, recover, swordsdance] ttype=normal
INFO     Sampling battle 3
INFO     	       braviary      defiant heavydutyboots [bravebird, bulkup, closecombat, roost] ttype=fighting
INFO     	      hydrapple  regenerator  assaultvest [dragontail, earthpower, ficklebeam, leafstorm] ttype=steel
INFO     Sampling 1 unrevealed pokemon
INFO     	         swanna    hydration heavydutyboots [bravebird, defog, hydropump, roost] ttype=ground
INFO     Searching for a move using PUCT MCTS with neural priors...
INFO     Sampling 4 battles at 500ms each
INFO     Computing neural priors for all battles...
INFO     Initialized StateTranslator with TeamPreviewObservationSpace
INFO     Initializing LocalPolicyProvider with model: Minikazam
INFO     Loading pretrained Minikazam model...


 		 AMAGO v3.1
            	 -------------------------
            	 Agent: Agent
            		 Max Sequence Length: 64
            		 TstepEncoder Type: MetamonPerceiverTstepEncoder
            		 TrajEncoder Type: GRUTrajEncoder
            		 Total Parameters: 4,761,778
            		 Offline Loss Weight: 1.0
            		 Online Loss Weight: 0.0
            		 Mixed Precision: NO
            		 Checkpoint Path: /Users/yadureddy/Documents/GitHub/clean/pokeagent_ac_mcts/.metamon_cache/pretrained_models/models--jakegrigsby--metamon/snapshots/c5d1cb9abb6747066a325228845a5a8af3d12139/minikazam/minikazam/ckpts
            	 Environment:
            		 DummyAsyncVectorEnv(Gym Env x 1)
            		 Exploration Type: None
            	 Dataset: DoNothingDataset
            	 Accelerate Processes: 1 


INFO     Successfully loaded Minikazam model
ERROR    Error translating battle to observation: 
WARNING  Failed to get priors for battle: 
ERROR    Error translating battle to observation: 
WARNING  Failed to get priors for battle: 
ERROR    Error translating battle to observation: 
WARNING  Failed to get priors for battle: 
ERROR    Error translating battle to observation: 
WARNING  Failed to get priors for battle: 
INFO     Successfully computed neural priors for 0/4 battles
INFO     Using PUCT-guided move selection (priors integrated during search)...
INFO     Policy 0: doubleedge visited 41.53% avg_score=0.377 sample_chance_multiplier=0.25
INFO     Policy 1: uturn visited 53.82% avg_score=0.321 sample_chance_multiplier=0.25
INFO     Policy 2: doubleedge visited 44.23% avg_score=0.383 sample_chance_multiplier=0.25
INFO     Policy 3: uturn visited 90.89% avg_score=0.391 sample_chance_multiplier=0.25
INFO     Considered Choices:
INFO     	53.228%: uturn
INFO     Choice: uturn
INFO     ambipom already has the move uturn. Decrementing the PP by 1
INFO     ambipom used a bug move, removing buggem from possible items
INFO     Setting ambipom's last used move: uturn
INFO     ambipom used a damaging move - not guessing lifeorb anymore
INFO     ambipom did 9.0% damage to braviary with uturn
INFO     Sampling battle 0
INFO     	       braviary      defiant heavydutyboots [bravebird, bulkup, closecombat, roost] ttype=steel
INFO     	      hydrapple  regenerator  choicespecs [dracometeor, earthpower, ficklebeam, leafstorm] ttype=steel
INFO     Sampling 1 unrevealed pokemon
INFO     	      mismagius     levitate  choicespecs [dazzlinggleam, energyball, shadowball, thunderbolt] ttype=electric
INFO     Sampling battle 1
INFO     	       braviary      defiant heavydutyboots [bravebird, bulkup, closecombat, roost] ttype=steel
INFO     	      hydrapple  regenerator  choicespecs [dracometeor, earthpower, ficklebeam, leafstorm] ttype=steel
INFO     Sampling 1 unrevealed pokemon
INFO     	taurospaldeaaqua      cudchew  sitrusberry [bulkup, closecombat, liquidation, substitute] ttype=water
INFO     Sampling battle 2
INFO     	       braviary      defiant heavydutyboots [bravebird, bulkup, closecombat, roost] ttype=steel
INFO     	      hydrapple  regenerator  assaultvest [dragontail, earthpower, ficklebeam, leafstorm] ttype=steel
INFO     Sampling 1 unrevealed pokemon
INFO     	     houndstone       fluffy  assaultvest [bodypress, playrough, poltergeist, shadowsneak] ttype=fairy
INFO     Sampling battle 3
INFO     	       braviary      defiant heavydutyboots [bravebird, bulkup, closecombat, roost] ttype=steel
INFO     	      hydrapple  regenerator  assaultvest [dragontail, earthpower, ficklebeam, leafstorm] ttype=steel
INFO     Sampling 1 unrevealed pokemon
INFO     	        volbeat    prankster heavydutyboots [encore, roost, thunderwave, uturn] ttype=water
INFO     Searching for a move using PUCT MCTS with neural priors...
INFO     Sampling 4 battles at 500ms each
INFO     Computing neural priors for all battles...
INFO     Initialized StateTranslator with TeamPreviewObservationSpace
INFO     Initializing LocalPolicyProvider with model: Minikazam
INFO     Loading pretrained Minikazam model...


 		 AMAGO v3.1
            	 -------------------------
            	 Agent: Agent
            		 Max Sequence Length: 64
            		 TstepEncoder Type: MetamonPerceiverTstepEncoder
            		 TrajEncoder Type: GRUTrajEncoder
            		 Total Parameters: 4,761,778
            		 Offline Loss Weight: 1.0
            		 Online Loss Weight: 0.0
            		 Mixed Precision: NO
            		 Checkpoint Path: /Users/yadureddy/Documents/GitHub/clean/pokeagent_ac_mcts/.metamon_cache/pretrained_models/models--jakegrigsby--metamon/snapshots/c5d1cb9abb6747066a325228845a5a8af3d12139/minikazam/minikazam/ckpts
            	 Environment:
            		 DummyAsyncVectorEnv(Gym Env x 1)
            		 Exploration Type: None
            	 Dataset: DoNothingDataset
            	 Accelerate Processes: 1 


INFO     Successfully loaded Minikazam model
ERROR    Error translating battle to observation: 
WARNING  Failed to get priors for battle: 
ERROR    Error translating battle to observation: 
WARNING  Failed to get priors for battle: 
ERROR    Error translating battle to observation: 
WARNING  Failed to get priors for battle: 
ERROR    Error translating battle to observation: 
WARNING  Failed to get priors for battle: 
INFO     Successfully computed neural priors for 0/4 battles
INFO     Using PUCT-guided move selection (priors integrated during search)...
INFO     Policy 0: switch dondozo visited 98.49% avg_score=0.317 sample_chance_multiplier=0.25
INFO     Policy 1: switch dondozo visited 96.24% avg_score=0.336 sample_chance_multiplier=0.25
INFO     Policy 2: switch dondozo visited 98.64% avg_score=0.33 sample_chance_multiplier=0.25
INFO     Policy 3: switch dondozo visited 95.32% avg_score=0.401 sample_chance_multiplier=0.25
INFO     Considered Choices:
INFO     	97.171%: switch dondozo
INFO     Choice: switch dondozo
INFO     dondozo switched in, adding intimidate to impossible abilities
INFO     dondozo switched in, adding pressure to impossible abilities
INFO     dondozo switched in, adding neutralizinggas to impossible abilities
INFO     dondozo switched in, adding sandstream to impossible abilities
INFO     dondozo switched in, adding drought to impossible abilities
INFO     dondozo switched in, adding drizzle to impossible abilities
INFO     dondozo switched in, adding snowwarning to impossible abilities
INFO     dondozo switched in, adding boosterenergy to impossible items
INFO     dondozo switched in, adding airballoon to impossible items
INFO     braviary using bulkup makes it unlikely to have a choice item. Setting can_have_choice_item to False
INFO     braviary used a status-move. Adding `assaultvest` to impossible items
INFO     Setting braviary's last used move: bulkup
INFO     braviary's attack was boosted by 1 to 1
INFO     braviary's defense was boosted by 1 to 1
INFO     braviary has less than maxhp during upkeep, no longer guessing leftovers or blacksludge
INFO     
INFO     Turn: 11
INFO     Sampling battle 0
INFO     	       braviary      defiant heavydutyboots [bravebird, bulkup, closecombat, roost] ttype=steel
INFO     	      hydrapple  regenerator  choicespecs [dracometeor, earthpower, ficklebeam, leafstorm] ttype=steel
INFO     Sampling 1 unrevealed pokemon
INFO     	       regirock    clearbody  chestoberry [bodypress, curse, rest, stoneedge] ttype=fighting
INFO     Sampling battle 1
INFO     	       braviary      defiant heavydutyboots [bravebird, bulkup, closecombat, roost] ttype=fighting
INFO     	      hydrapple  regenerator  choicespecs [dracometeor, earthpower, ficklebeam, leafstorm] ttype=steel
INFO     Sampling 1 unrevealed pokemon
INFO     	        luvdisc    swiftswim heavydutyboots [endeavor, substitute, surf, whirlpool] ttype=ghost
INFO     Sampling battle 2
INFO     	       braviary      defiant heavydutyboots [bravebird, bulkup, closecombat, roost] ttype=steel
INFO     	      hydrapple  regenerator  choicespecs [dracometeor, earthpower, ficklebeam, leafstorm] ttype=steel
INFO     Sampling 1 unrevealed pokemon
INFO     	         klefki    prankster    leftovers [magnetrise, playrough, spikes, thunderwave] ttype=water
INFO     Sampling battle 3
INFO     	       braviary      defiant heavydutyboots [bravebird, bulkup, closecombat, roost] ttype=fighting
INFO     	      hydrapple  regenerator  assaultvest [dragontail, earthpower, ficklebeam, leafstorm] ttype=steel
INFO     Sampling 1 unrevealed pokemon
INFO     	       delibird       hustle heavydutyboots [bravebird, iceshard, icespinner, spikes] ttype=flying
INFO     Searching for a move using PUCT MCTS with neural priors...
INFO     Sampling 4 battles at 500ms each
INFO     Computing neural priors for all battles...
INFO     Initialized StateTranslator with TeamPreviewObservationSpace
INFO     Initializing LocalPolicyProvider with model: Minikazam
INFO     Loading pretrained Minikazam model...


 		 AMAGO v3.1
            	 -------------------------
            	 Agent: Agent
            		 Max Sequence Length: 64
            		 TstepEncoder Type: MetamonPerceiverTstepEncoder
            		 TrajEncoder Type: GRUTrajEncoder
            		 Total Parameters: 4,761,778
            		 Offline Loss Weight: 1.0
            		 Online Loss Weight: 0.0
            		 Mixed Precision: NO
            		 Checkpoint Path: /Users/yadureddy/Documents/GitHub/clean/pokeagent_ac_mcts/.metamon_cache/pretrained_models/models--jakegrigsby--metamon/snapshots/c5d1cb9abb6747066a325228845a5a8af3d12139/minikazam/minikazam/ckpts
            	 Environment:
            		 DummyAsyncVectorEnv(Gym Env x 1)
            		 Exploration Type: None
            	 Dataset: DoNothingDataset
            	 Accelerate Processes: 1 


INFO     Successfully loaded Minikazam model
ERROR    Error translating battle to observation: 
WARNING  Failed to get priors for battle: 
ERROR    Error translating battle to observation: 
WARNING  Failed to get priors for battle: 
ERROR    Error translating battle to observation: 
WARNING  Failed to get priors for battle: 
ERROR    Error translating battle to observation: 
WARNING  Failed to get priors for battle: 
INFO     Successfully computed neural priors for 0/4 battles
INFO     Using PUCT-guided move selection (priors integrated during search)...
INFO     Policy 0: curse visited 83.97% avg_score=0.42 sample_chance_multiplier=0.25
INFO     Policy 1: curse visited 53.69% avg_score=0.461 sample_chance_multiplier=0.25
INFO     Policy 2: curse visited 73.09% avg_score=0.444 sample_chance_multiplier=0.25
INFO     Policy 3: curse visited 87.63% avg_score=0.528 sample_chance_multiplier=0.25
INFO     Considered Choices:
INFO     	74.598%: curse
INFO     Choice: curse
INFO     Opponent has switched - clearing the last used move
INFO     hydrapple switched out with 33.0% HP but now has 66.0% HP, setting its ability to regenerator
INFO     dondozo already has the move curse. Decrementing the PP by 1
INFO     dondozo using curse makes it unlikely to have a choice item. Setting can_have_choice_item to False
INFO     dondozo used a status-move. Adding `assaultvest` to impossible items
INFO     Setting dondozo's last used move: curse
INFO     dondozo's speed was unboosted by 1 to -1
INFO     dondozo's attack was boosted by 1 to 1
INFO     dondozo's defense was boosted by 1 to 1
INFO     hydrapple has less than maxhp during upkeep, no longer guessing leftovers or blacksludge
INFO     
INFO     Turn: 12
INFO     Sampling battle 0
INFO     	      hydrapple  regenerator  choicespecs [dracometeor, earthpower, ficklebeam, leafstorm] ttype=dragon
INFO     	       braviary      defiant heavydutyboots [bravebird, bulkup, closecombat, roost] ttype=steel
INFO     Sampling 1 unrevealed pokemon
INFO     	         tauros   sheerforce      lifeorb [bodyslam, closecombat, earthquake, throatchop] ttype=fighting
INFO     Sampling battle 1
INFO     	      hydrapple  regenerator  choicespecs [dracometeor, earthpower, ficklebeam, leafstorm] ttype=dragon
INFO     	       braviary      defiant heavydutyboots [bravebird, bulkup, closecombat, roost] ttype=fighting
INFO     Sampling 1 unrevealed pokemon
INFO     	     screamtail protosynthesis    leftovers [encore, playrough, protect, wish] ttype=steel
INFO     Sampling battle 2
INFO     	      hydrapple  regenerator  assaultvest [dragontail, earthpower, ficklebeam, leafstorm] ttype=steel
INFO     	       braviary      defiant heavydutyboots [bravebird, bulkup, closecombat, roost] ttype=fighting
INFO     Sampling 1 unrevealed pokemon
INFO     	       gyarados        moxie heavydutyboots [dragondance, earthquake, stoneedge, waterfall] ttype=ground
INFO     Sampling battle 3
INFO     	      hydrapple  regenerator  assaultvest [dragontail, earthpower, ficklebeam, leafstorm] ttype=steel
INFO     	       braviary      defiant heavydutyboots [bravebird, bulkup, closecombat, roost] ttype=fighting
INFO     Sampling 1 unrevealed pokemon
INFO     	         luxray   intimidate  assaultvest [playrough, throatchop, voltswitch, wildcharge] ttype=electric
INFO     Searching for a move using PUCT MCTS with neural priors...
INFO     Sampling 4 battles at 500ms each
INFO     Computing neural priors for all battles...
INFO     Initialized StateTranslator with TeamPreviewObservationSpace
INFO     Initializing LocalPolicyProvider with model: Minikazam
INFO     Loading pretrained Minikazam model...


 		 AMAGO v3.1
            	 -------------------------
            	 Agent: Agent
            		 Max Sequence Length: 64
            		 TstepEncoder Type: MetamonPerceiverTstepEncoder
            		 TrajEncoder Type: GRUTrajEncoder
            		 Total Parameters: 4,761,778
            		 Offline Loss Weight: 1.0
            		 Online Loss Weight: 0.0
            		 Mixed Precision: NO
            		 Checkpoint Path: /Users/yadureddy/Documents/GitHub/clean/pokeagent_ac_mcts/.metamon_cache/pretrained_models/models--jakegrigsby--metamon/snapshots/c5d1cb9abb6747066a325228845a5a8af3d12139/minikazam/minikazam/ckpts
            	 Environment:
            		 DummyAsyncVectorEnv(Gym Env x 1)
            		 Exploration Type: None
            	 Dataset: DoNothingDataset
            	 Accelerate Processes: 1 


INFO     Successfully loaded Minikazam model
ERROR    Error translating battle to observation: 
WARNING  Failed to get priors for battle: 
ERROR    Error translating battle to observation: 
WARNING  Failed to get priors for battle: 
ERROR    Error translating battle to observation: 
WARNING  Failed to get priors for battle: 
ERROR    Error translating battle to observation: 
WARNING  Failed to get priors for battle: 
INFO     Successfully computed neural priors for 0/4 battles
INFO     Using PUCT-guided move selection (priors integrated during search)...
INFO     Policy 0: switch delibird visited 60.03% avg_score=0.192 sample_chance_multiplier=0.25
INFO     Policy 1: switch ambipom visited 35.99% avg_score=0.162 sample_chance_multiplier=0.25
INFO     Policy 2: switch delibird visited 81.39% avg_score=0.339 sample_chance_multiplier=0.25
INFO     Policy 3: switch delibird visited 85.0% avg_score=0.227 sample_chance_multiplier=0.25
INFO     Considered Choices:
INFO     	60.851%: switch delibird
INFO     Choice: switch delibird
INFO     delibird switched in, adding intimidate to impossible abilities
INFO     delibird switched in, adding pressure to impossible abilities
INFO     delibird switched in, adding neutralizinggas to impossible abilities
INFO     delibird switched in, adding sandstream to impossible abilities
INFO     delibird switched in, adding drought to impossible abilities
INFO     delibird switched in, adding drizzle to impossible abilities
INFO     delibird switched in, adding snowwarning to impossible abilities
INFO     delibird switched in, adding boosterenergy to impossible items
INFO     delibird switched in, adding airballoon to impossible items
INFO     hydrapple used a dragon move, removing dragongem from possible items
INFO     Setting hydrapple's last used move: ficklebeam
INFO     hydrapple used a damaging move - not guessing lifeorb anymore
INFO     hydrapple did 52.38% damage to delibird with ficklebeam
INFO     hydrapple has less than maxhp during upkeep, no longer guessing leftovers or blacksludge
INFO     
INFO     Turn: 13
INFO     Sampling battle 0
INFO     	      hydrapple  regenerator  choicespecs [dracometeor, earthpower, ficklebeam, leafstorm] ttype=dragon
INFO     	       braviary      defiant heavydutyboots [bravebird, bulkup, closecombat, roost] ttype=fighting
INFO     Sampling 1 unrevealed pokemon
INFO     	      indeedeef psychicsurge  choicescarf [dazzlinggleam, healingwish, hypervoice, psyshock] ttype=fairy
INFO     Sampling battle 1
INFO     	      hydrapple  regenerator  assaultvest [dragontail, earthpower, ficklebeam, leafstorm] ttype=steel
INFO     	       braviary      defiant heavydutyboots [bravebird, bulkup, closecombat, roost] ttype=steel
INFO     Sampling 1 unrevealed pokemon
INFO     	lycanrocmidnight      noguard      lifeorb [closecombat, knockoff, stealthrock, stoneedge] ttype=fighting
INFO     Sampling battle 2
INFO     	      hydrapple  regenerator  choicespecs [dracometeor, earthpower, ficklebeam, leafstorm] ttype=dragon
INFO     	       braviary      defiant heavydutyboots [bravebird, bulkup, closecombat, roost] ttype=fighting
INFO     Sampling 1 unrevealed pokemon
INFO     	     skeledirge      unaware heavydutyboots [flamecharge, shadowball, slackoff, torchsong] ttype=water
INFO     Sampling battle 3
INFO     	      hydrapple  regenerator  choicespecs [dracometeor, earthpower, ficklebeam, leafstorm] ttype=steel
INFO     	       braviary      defiant heavydutyboots [bravebird, bulkup, closecombat, roost] ttype=fighting
INFO     Sampling 1 unrevealed pokemon
INFO     	      cryogonal     levitate heavydutyboots [flashcannon, freezedry, rapidspin, recover] ttype=poison
INFO     Searching for a move using PUCT MCTS with neural priors...
INFO     Sampling 4 battles at 500ms each
INFO     Computing neural priors for all battles...
INFO     Initialized StateTranslator with TeamPreviewObservationSpace
INFO     Initializing LocalPolicyProvider with model: Minikazam
INFO     Loading pretrained Minikazam model...


 		 AMAGO v3.1
            	 -------------------------
            	 Agent: Agent
            		 Max Sequence Length: 64
            		 TstepEncoder Type: MetamonPerceiverTstepEncoder
            		 TrajEncoder Type: GRUTrajEncoder
            		 Total Parameters: 4,761,778
            		 Offline Loss Weight: 1.0
            		 Online Loss Weight: 0.0
            		 Mixed Precision: NO
            		 Checkpoint Path: /Users/yadureddy/Documents/GitHub/clean/pokeagent_ac_mcts/.metamon_cache/pretrained_models/models--jakegrigsby--metamon/snapshots/c5d1cb9abb6747066a325228845a5a8af3d12139/minikazam/minikazam/ckpts
            	 Environment:
            		 DummyAsyncVectorEnv(Gym Env x 1)
            		 Exploration Type: None
            	 Dataset: DoNothingDataset
            	 Accelerate Processes: 1 


INFO     Successfully loaded Minikazam model
ERROR    Error translating battle to observation: 
WARNING  Failed to get priors for battle: 
ERROR    Error translating battle to observation: 
WARNING  Failed to get priors for battle: 
ERROR    Error translating battle to observation: 
WARNING  Failed to get priors for battle: 
ERROR    Error translating battle to observation: 
WARNING  Failed to get priors for battle: 
INFO     Successfully computed neural priors for 0/4 battles
INFO     Using PUCT-guided move selection (priors integrated during search)...
INFO     Policy 0: icespinner visited 93.41% avg_score=0.356 sample_chance_multiplier=0.25
INFO     Policy 1: icespinner visited 91.12% avg_score=0.677 sample_chance_multiplier=0.25
INFO     Policy 2: drillrun visited 38.22% avg_score=0.443 sample_chance_multiplier=0.25
INFO     Policy 3: bravebird visited 94.81% avg_score=0.44 sample_chance_multiplier=0.25
INFO     Considered Choices:
INFO     	52.864%: icespinner
INFO     Choice: icespinner
INFO     Opponent has switched - clearing the last used move
INFO     hydrapple switched out with regenerator. Healing it to 309.92/312
INFO     tyranitar switched in, adding intimidate to impossible abilities
INFO     tyranitar switched in, adding pressure to impossible abilities
INFO     tyranitar switched in, adding neutralizinggas to impossible abilities
INFO     tyranitar switched in, adding sandstream to impossible abilities
INFO     tyranitar switched in, adding drought to impossible abilities
INFO     tyranitar switched in, adding drizzle to impossible abilities
INFO     tyranitar switched in, adding snowwarning to impossible abilities
INFO     tyranitar switched in, adding boosterenergy to impossible items
INFO     tyranitar switched in, adding airballoon to impossible items
INFO     Weather sandstorm is active
INFO     Weather turns remaining: 5
INFO     Setting tyranitar ability to sandstream
INFO     delibird already has the move icespinner. Decrementing the PP by 1
INFO     delibird used a ice move, removing icegem from possible items
INFO     Setting delibird's last used move: icespinner
INFO     delibird used a damaging move - not guessing lifeorb anymore
INFO     delibird did 41.0% damage to tyranitar with icespinner
INFO     Weather sandstorm is active
INFO     Weather turns remaining: 4
INFO     Setting tyranitar's item to: leftovers
INFO     tyranitar has less than maxhp during upkeep, no longer guessing leftovers or blacksludge
INFO     Sampling battle 0
INFO     	      tyranitar   sandstream    leftovers [dragondance, icepunch, knockoff, stoneedge] ttype=ghost
INFO     	       braviary      defiant heavydutyboots [bravebird, bulkup, closecombat, roost] ttype=steel
INFO     	      hydrapple  regenerator  choicespecs [dracometeor, earthpower, ficklebeam, leafstorm] ttype=dragon
INFO     Sampling battle 1
INFO     	      tyranitar   sandstream    leftovers [dragondance, icepunch, knockoff, stoneedge] ttype=ghost
INFO     	       braviary      defiant heavydutyboots [bravebird, bulkup, closecombat, roost] ttype=fighting
INFO     	      hydrapple  regenerator  choicespecs [dracometeor, earthpower, ficklebeam, leafstorm] ttype=steel
INFO     Sampling battle 2
INFO     	      tyranitar   sandstream    leftovers [dragondance, icepunch, knockoff, stoneedge] ttype=rock
INFO     	       braviary      defiant heavydutyboots [bravebird, bulkup, closecombat, roost] ttype=fighting
INFO     	      hydrapple  regenerator  choicespecs [dracometeor, earthpower, ficklebeam, leafstorm] ttype=dragon
INFO     Sampling battle 3
INFO     	      tyranitar   sandstream    leftovers [dragondance, earthquake, knockoff, stoneedge] ttype=rock
INFO     	       braviary      defiant heavydutyboots [bravebird, bulkup, closecombat, roost] ttype=fighting
INFO     	      hydrapple  regenerator  choicespecs [dracometeor, earthpower, ficklebeam, leafstorm] ttype=steel
INFO     Searching for a move using PUCT MCTS with neural priors...
INFO     Sampling 4 battles at 500ms each
INFO     Computing neural priors for all battles...
INFO     Initialized StateTranslator with TeamPreviewObservationSpace
INFO     Initializing LocalPolicyProvider with model: Minikazam
INFO     Loading pretrained Minikazam model...


 		 AMAGO v3.1
            	 -------------------------
            	 Agent: Agent
            		 Max Sequence Length: 64
            		 TstepEncoder Type: MetamonPerceiverTstepEncoder
            		 TrajEncoder Type: GRUTrajEncoder
            		 Total Parameters: 4,761,778
            		 Offline Loss Weight: 1.0
            		 Online Loss Weight: 0.0
            		 Mixed Precision: NO
            		 Checkpoint Path: /Users/yadureddy/Documents/GitHub/clean/pokeagent_ac_mcts/.metamon_cache/pretrained_models/models--jakegrigsby--metamon/snapshots/c5d1cb9abb6747066a325228845a5a8af3d12139/minikazam/minikazam/ckpts
            	 Environment:
            		 DummyAsyncVectorEnv(Gym Env x 1)
            		 Exploration Type: None
            	 Dataset: DoNothingDataset
            	 Accelerate Processes: 1 


INFO     Successfully loaded Minikazam model
ERROR    Error translating battle to observation: 'str' object has no attribute 'name'
WARNING  Failed to get priors for battle: 'str' object has no attribute 'name'
ERROR    Error translating battle to observation: 'str' object has no attribute 'name'
WARNING  Failed to get priors for battle: 'str' object has no attribute 'name'
ERROR    Error translating battle to observation: 'str' object has no attribute 'name'
WARNING  Failed to get priors for battle: 'str' object has no attribute 'name'
ERROR    Error translating battle to observation: 'str' object has no attribute 'name'
WARNING  Failed to get priors for battle: 'str' object has no attribute 'name'
INFO     Successfully computed neural priors for 0/4 battles
INFO     Using PUCT-guided move selection (priors integrated during search)...
INFO     Policy 0: switch breloom visited 97.11% avg_score=0.5 sample_chance_multiplier=0.25
INFO     Policy 1: switch breloom visited 96.4% avg_score=0.494 sample_chance_multiplier=0.25
INFO     Policy 2: switch breloom visited 96.22% avg_score=0.493 sample_chance_multiplier=0.25
INFO     Policy 3: switch breloom visited 93.17% avg_score=0.495 sample_chance_multiplier=0.25
INFO     Considered Choices:
INFO     	95.727%: switch breloom
INFO     Choice: switch breloom
INFO     breloom switched in, adding intimidate to impossible abilities
INFO     breloom switched in, adding pressure to impossible abilities
INFO     breloom switched in, adding neutralizinggas to impossible abilities
INFO     Not adding sandstream to breloom's impossible abilities because the weather would not have triggered
INFO     breloom switched in, adding drought to impossible abilities
INFO     breloom switched in, adding drizzle to impossible abilities
INFO     breloom switched in, adding snowwarning to impossible abilities
INFO     breloom switched in, adding boosterenergy to impossible items
INFO     breloom switched in, adding airballoon to impossible items
INFO     
INFO     Turn: 14
INFO     Sampling battle 0
INFO     	      tyranitar   sandstream    leftovers [icebeam, knockoff, stealthrock, stoneedge] ttype=ghost
INFO     	       braviary      defiant heavydutyboots [bravebird, bulkup, closecombat, roost] ttype=steel
INFO     	      hydrapple  regenerator  assaultvest [dragontail, earthpower, ficklebeam, leafstorm] ttype=steel
INFO     Sampling battle 1
INFO     	      tyranitar   sandstream    leftovers [dragondance, icepunch, knockoff, stoneedge] ttype=ghost
INFO     	       braviary      defiant heavydutyboots [bravebird, bulkup, closecombat, roost] ttype=steel
INFO     	      hydrapple  regenerator  choicespecs [dracometeor, earthpower, ficklebeam, leafstorm] ttype=dragon
INFO     Sampling battle 2
INFO     	      tyranitar   sandstream    leftovers [dragondance, icepunch, knockoff, stoneedge] ttype=rock
INFO     	       braviary      defiant heavydutyboots [bravebird, bulkup, closecombat, roost] ttype=fighting
INFO     	      hydrapple  regenerator  assaultvest [dragontail, earthpower, ficklebeam, leafstorm] ttype=steel
INFO     Sampling battle 3
INFO     	      tyranitar   sandstream    leftovers [dragondance, icepunch, knockoff, stoneedge] ttype=ghost
INFO     	       braviary      defiant heavydutyboots [bravebird, bulkup, closecombat, roost] ttype=steel
INFO     	      hydrapple  regenerator  choicespecs [dracometeor, earthpower, ficklebeam, leafstorm] ttype=steel
INFO     Searching for a move using PUCT MCTS with neural priors...
INFO     Sampling 4 battles at 500ms each
INFO     Computing neural priors for all battles...
INFO     Initialized StateTranslator with TeamPreviewObservationSpace
INFO     Initializing LocalPolicyProvider with model: Minikazam
INFO     Loading pretrained Minikazam model...


 		 AMAGO v3.1
            	 -------------------------
            	 Agent: Agent
            		 Max Sequence Length: 64
            		 TstepEncoder Type: MetamonPerceiverTstepEncoder
            		 TrajEncoder Type: GRUTrajEncoder
            		 Total Parameters: 4,761,778
            		 Offline Loss Weight: 1.0
            		 Online Loss Weight: 0.0
            		 Mixed Precision: NO
            		 Checkpoint Path: /Users/yadureddy/Documents/GitHub/clean/pokeagent_ac_mcts/.metamon_cache/pretrained_models/models--jakegrigsby--metamon/snapshots/c5d1cb9abb6747066a325228845a5a8af3d12139/minikazam/minikazam/ckpts
            	 Environment:
            		 DummyAsyncVectorEnv(Gym Env x 1)
            		 Exploration Type: None
            	 Dataset: DoNothingDataset
            	 Accelerate Processes: 1 


INFO     Successfully loaded Minikazam model
ERROR    Error translating battle to observation: 'str' object has no attribute 'name'
WARNING  Failed to get priors for battle: 'str' object has no attribute 'name'
ERROR    Error translating battle to observation: 'str' object has no attribute 'name'
WARNING  Failed to get priors for battle: 'str' object has no attribute 'name'
ERROR    Error translating battle to observation: 'str' object has no attribute 'name'
WARNING  Failed to get priors for battle: 'str' object has no attribute 'name'
ERROR    Error translating battle to observation: 'str' object has no attribute 'name'
WARNING  Failed to get priors for battle: 'str' object has no attribute 'name'
INFO     Successfully computed neural priors for 0/4 battles
INFO     Using PUCT-guided move selection (priors integrated during search)...
INFO     Policy 0: spore visited 55.15% avg_score=0.548 sample_chance_multiplier=0.25
INFO     Policy 1: machpunch visited 44.0% avg_score=0.497 sample_chance_multiplier=0.25
INFO     Policy 2: spore visited 54.28% avg_score=0.546 sample_chance_multiplier=0.25
INFO     Policy 3: machpunch visited 51.11% avg_score=0.498 sample_chance_multiplier=0.25
INFO     Considered Choices:
INFO     	40.937%: spore
INFO     	36.298%: machpunch
INFO     Choice: machpunch
INFO     Opponent has switched - clearing the last used move
INFO     Not adding sandstream to hydrapple's impossible abilities because the weather would not have triggered
INFO     breloom already has the move machpunch. Decrementing the PP by 1
INFO     breloom used a fighting move, removing fightinggem from possible items
INFO     Setting breloom's last used move: machpunch
INFO     breloom used a damaging move - not guessing lifeorb anymore
INFO     breloom did 30.0% damage to hydrapple with machpunch
INFO     Setting breloom's item to: lifeorb
INFO     Weather sandstorm is active
INFO     Weather turns remaining: 3
INFO     hydrapple has less than maxhp during upkeep, no longer guessing leftovers or blacksludge
INFO     
INFO     Turn: 15
INFO     Sampling battle 0
INFO     	      hydrapple  regenerator  choicespecs [dracometeor, earthpower, ficklebeam, leafstorm] ttype=steel
INFO     	       braviary      defiant heavydutyboots [bravebird, bulkup, closecombat, roost] ttype=steel
INFO     	      tyranitar   sandstream    leftovers [dragondance, icepunch, knockoff, stoneedge] ttype=ghost
INFO     Sampling battle 1
INFO     	      hydrapple  regenerator  assaultvest [dragontail, earthpower, ficklebeam, leafstorm] ttype=steel
INFO     	       braviary      defiant heavydutyboots [bravebird, bulkup, closecombat, roost] ttype=steel
INFO     	      tyranitar   sandstream    leftovers [earthquake, knockoff, stoneedge, thunderwave] ttype=ghost
INFO     Sampling battle 2
INFO     	      hydrapple  regenerator  choicespecs [dracometeor, earthpower, ficklebeam, leafstorm] ttype=steel
INFO     	       braviary      defiant heavydutyboots [bravebird, bulkup, closecombat, roost] ttype=steel
INFO     	      tyranitar   sandstream    leftovers [dragondance, icepunch, knockoff, stoneedge] ttype=ghost
INFO     Sampling battle 3
INFO     	      hydrapple  regenerator  choicespecs [dracometeor, earthpower, ficklebeam, leafstorm] ttype=steel
INFO     	       braviary      defiant heavydutyboots [bravebird, bulkup, closecombat, roost] ttype=fighting
INFO     	      tyranitar   sandstream    leftovers [dragondance, earthquake, knockoff, stoneedge] ttype=ghost
INFO     Searching for a move using PUCT MCTS with neural priors...
INFO     Sampling 4 battles at 500ms each
INFO     Computing neural priors for all battles...
INFO     Initialized StateTranslator with TeamPreviewObservationSpace
INFO     Initializing LocalPolicyProvider with model: Minikazam
INFO     Loading pretrained Minikazam model...


 		 AMAGO v3.1
            	 -------------------------
            	 Agent: Agent
            		 Max Sequence Length: 64
            		 TstepEncoder Type: MetamonPerceiverTstepEncoder
            		 TrajEncoder Type: GRUTrajEncoder
            		 Total Parameters: 4,761,778
            		 Offline Loss Weight: 1.0
            		 Online Loss Weight: 0.0
            		 Mixed Precision: NO
            		 Checkpoint Path: /Users/yadureddy/Documents/GitHub/clean/pokeagent_ac_mcts/.metamon_cache/pretrained_models/models--jakegrigsby--metamon/snapshots/c5d1cb9abb6747066a325228845a5a8af3d12139/minikazam/minikazam/ckpts
            	 Environment:
            		 DummyAsyncVectorEnv(Gym Env x 1)
            		 Exploration Type: None
            	 Dataset: DoNothingDataset
            	 Accelerate Processes: 1 


INFO     Successfully loaded Minikazam model
ERROR    Error translating battle to observation: 'str' object has no attribute 'name'
WARNING  Failed to get priors for battle: 'str' object has no attribute 'name'
ERROR    Error translating battle to observation: 'str' object has no attribute 'name'
WARNING  Failed to get priors for battle: 'str' object has no attribute 'name'
ERROR    Error translating battle to observation: 'str' object has no attribute 'name'
WARNING  Failed to get priors for battle: 'str' object has no attribute 'name'
ERROR    Error translating battle to observation: 'str' object has no attribute 'name'
WARNING  Failed to get priors for battle: 'str' object has no attribute 'name'
INFO     Successfully computed neural priors for 0/4 battles
INFO     Using PUCT-guided move selection (priors integrated during search)...
INFO     Policy 0: spore visited 47.06% avg_score=0.43 sample_chance_multiplier=0.25
INFO     Policy 1: spore visited 33.25% avg_score=0.465 sample_chance_multiplier=0.25
INFO     Policy 2: spore visited 43.5% avg_score=0.432 sample_chance_multiplier=0.25
INFO     Policy 3: spore visited 44.78% avg_score=0.428 sample_chance_multiplier=0.25
INFO     Considered Choices:
INFO     	42.148%: spore
INFO     Choice: spore
INFO     Updated hydrapple's max speed to 164
INFO     breloom already has the move spore. Decrementing the PP by 1
INFO     breloom used a status-move. Adding `assaultvest` to impossible items
INFO     Setting breloom's last used move: spore
INFO     hydrapple already has the move ficklebeam. Decrementing the PP by 1
INFO     hydrapple used a dragon move, removing dragongem from possible items
INFO     Setting hydrapple's last used move: ficklebeam
INFO     hydrapple used a damaging move - not guessing lifeorb anymore
INFO     hydrapple did 61.28% damage to breloom with ficklebeam
INFO     Weather sandstorm is active
INFO     Weather turns remaining: 2
INFO     hydrapple has less than maxhp during upkeep, no longer guessing leftovers or blacksludge
INFO     
INFO     Turn: 16
INFO     Sampling battle 0
INFO     	      hydrapple  regenerator  choicespecs [dracometeor, earthpower, ficklebeam, leafstorm] ttype=steel
INFO     	       braviary      defiant heavydutyboots [bravebird, bulkup, closecombat, roost] ttype=steel
INFO     	      tyranitar   sandstream    leftovers [icebeam, knockoff, stoneedge, thunderwave] ttype=ghost
INFO     Sampling battle 1
INFO     	      hydrapple  regenerator  choicespecs [dracometeor, earthpower, ficklebeam, leafstorm] ttype=dragon
INFO     	       braviary      defiant heavydutyboots [bravebird, bulkup, closecombat, roost] ttype=steel
INFO     	      tyranitar   sandstream    leftovers [dragondance, earthquake, knockoff, stoneedge] ttype=ghost
INFO     Sampling battle 2
INFO     	      hydrapple  regenerator  choicespecs [dracometeor, earthpower, ficklebeam, leafstorm] ttype=dragon
INFO     	       braviary      defiant heavydutyboots [bravebird, bulkup, closecombat, roost] ttype=fighting
INFO     	      tyranitar   sandstream    leftovers [knockoff, stealthrock, stoneedge, thunderwave] ttype=ghost
INFO     Sampling battle 3
INFO     	      hydrapple  regenerator  assaultvest [dragontail, earthpower, ficklebeam, leafstorm] ttype=steel
INFO     	       braviary      defiant heavydutyboots [bravebird, bulkup, closecombat, roost] ttype=steel
INFO     	      tyranitar   sandstream    leftovers [icebeam, knockoff, stoneedge, thunderwave] ttype=rock
INFO     Searching for a move using PUCT MCTS with neural priors...
INFO     Sampling 4 battles at 500ms each
INFO     Computing neural priors for all battles...
INFO     Initialized StateTranslator with TeamPreviewObservationSpace
INFO     Initializing LocalPolicyProvider with model: Minikazam
INFO     Loading pretrained Minikazam model...


 		 AMAGO v3.1
            	 -------------------------
            	 Agent: Agent
            		 Max Sequence Length: 64
            		 TstepEncoder Type: MetamonPerceiverTstepEncoder
            		 TrajEncoder Type: GRUTrajEncoder
            		 Total Parameters: 4,761,778
            		 Offline Loss Weight: 1.0
            		 Online Loss Weight: 0.0
            		 Mixed Precision: NO
            		 Checkpoint Path: /Users/yadureddy/Documents/GitHub/clean/pokeagent_ac_mcts/.metamon_cache/pretrained_models/models--jakegrigsby--metamon/snapshots/c5d1cb9abb6747066a325228845a5a8af3d12139/minikazam/minikazam/ckpts
            	 Environment:
            		 DummyAsyncVectorEnv(Gym Env x 1)
            		 Exploration Type: None
            	 Dataset: DoNothingDataset
            	 Accelerate Processes: 1 


INFO     Successfully loaded Minikazam model
ERROR    Error translating battle to observation: 'str' object has no attribute 'name'
WARNING  Failed to get priors for battle: 'str' object has no attribute 'name'
ERROR    Error translating battle to observation: 'str' object has no attribute 'name'
WARNING  Failed to get priors for battle: 'str' object has no attribute 'name'
ERROR    Error translating battle to observation: 'str' object has no attribute 'name'
WARNING  Failed to get priors for battle: 'str' object has no attribute 'name'
ERROR    Error translating battle to observation: 'str' object has no attribute 'name'
WARNING  Failed to get priors for battle: 'str' object has no attribute 'name'
INFO     Successfully computed neural priors for 0/4 battles
INFO     Using PUCT-guided move selection (priors integrated during search)...
INFO     Policy 0: rocktomb visited 54.04% avg_score=0.42 sample_chance_multiplier=0.25
INFO     Policy 1: rocktomb visited 56.05% avg_score=0.415 sample_chance_multiplier=0.25
INFO     Policy 2: rocktomb visited 51.73% avg_score=0.427 sample_chance_multiplier=0.25
INFO     Policy 3: rocktomb visited 54.01% avg_score=0.447 sample_chance_multiplier=0.25
INFO     Considered Choices:
INFO     	53.956%: rocktomb
INFO     Choice: rocktomb
INFO     Opponent has switched - clearing the last used move
INFO     hydrapple switched out with regenerator. Healing it to 281.84/312
INFO     Not adding sandstream to braviary's impossible abilities because the weather would not have triggered
INFO     breloom already has the move rocktomb. Decrementing the PP by 1
INFO     breloom used a rock move, removing rockgem from possible items
INFO     Setting breloom's last used move: rocktomb
INFO     breloom used a damaging move - not guessing lifeorb anymore
INFO     breloom did 71.0% damage to braviary with rocktomb
WARNING  Would remove all possibilities, not removing any
WARNING  actual_damage_dealt=219.39
INFO     braviary's speed was unboosted by 1 to -1
INFO     Setting braviary's ability to defiant
INFO     braviary's attack was boosted by 2 to 2
INFO     Setting breloom's item to: lifeorb
INFO     Weather sandstorm is active
INFO     Weather turns remaining: 1
INFO     braviary has less than maxhp during upkeep, no longer guessing leftovers or blacksludge
INFO     
INFO     Turn: 17
INFO     Sampling battle 0
INFO     	       braviary      defiant heavydutyboots [bravebird, bulkup, closecombat, roost] ttype=fighting
INFO     	      tyranitar   sandstream    leftovers [icebeam, knockoff, stoneedge, thunderwave] ttype=rock
INFO     	      hydrapple  regenerator  choicespecs [dracometeor, earthpower, ficklebeam, leafstorm] ttype=dragon
INFO     Sampling battle 1
INFO     	       braviary      defiant heavydutyboots [bravebird, bulkup, closecombat, roost] ttype=steel
INFO     	      tyranitar   sandstream    leftovers [knockoff, stealthrock, stoneedge, thunderwave] ttype=ghost
INFO     	      hydrapple  regenerator  choicespecs [dracometeor, earthpower, ficklebeam, leafstorm] ttype=dragon
INFO     Sampling battle 2
INFO     	       braviary      defiant heavydutyboots [bravebird, bulkup, closecombat, roost] ttype=steel
INFO     	      tyranitar   sandstream    leftovers [dragondance, icepunch, knockoff, stoneedge] ttype=rock
INFO     	      hydrapple  regenerator  assaultvest [dragontail, earthpower, ficklebeam, leafstorm] ttype=steel
INFO     Sampling battle 3
INFO     	       braviary      defiant heavydutyboots [bravebird, bulkup, closecombat, roost] ttype=fighting
INFO     	      tyranitar   sandstream    leftovers [dragondance, icepunch, knockoff, stoneedge] ttype=ghost
INFO     	      hydrapple  regenerator  choicespecs [dracometeor, earthpower, ficklebeam, leafstorm] ttype=steel
INFO     Searching for a move using PUCT MCTS with neural priors...
INFO     Sampling 4 battles at 500ms each
INFO     Computing neural priors for all battles...
INFO     Initialized StateTranslator with TeamPreviewObservationSpace
INFO     Initializing LocalPolicyProvider with model: Minikazam
INFO     Loading pretrained Minikazam model...


 		 AMAGO v3.1
            	 -------------------------
            	 Agent: Agent
            		 Max Sequence Length: 64
            		 TstepEncoder Type: MetamonPerceiverTstepEncoder
            		 TrajEncoder Type: GRUTrajEncoder
            		 Total Parameters: 4,761,778
            		 Offline Loss Weight: 1.0
            		 Online Loss Weight: 0.0
            		 Mixed Precision: NO
            		 Checkpoint Path: /Users/yadureddy/Documents/GitHub/clean/pokeagent_ac_mcts/.metamon_cache/pretrained_models/models--jakegrigsby--metamon/snapshots/c5d1cb9abb6747066a325228845a5a8af3d12139/minikazam/minikazam/ckpts
            	 Environment:
            		 DummyAsyncVectorEnv(Gym Env x 1)
            		 Exploration Type: None
            	 Dataset: DoNothingDataset
            	 Accelerate Processes: 1 


INFO     Successfully loaded Minikazam model
ERROR    Error translating battle to observation: 'str' object has no attribute 'name'
WARNING  Failed to get priors for battle: 'str' object has no attribute 'name'
ERROR    Error translating battle to observation: 'str' object has no attribute 'name'
WARNING  Failed to get priors for battle: 'str' object has no attribute 'name'
ERROR    Error translating battle to observation: 'str' object has no attribute 'name'
WARNING  Failed to get priors for battle: 'str' object has no attribute 'name'
ERROR    Error translating battle to observation: 'str' object has no attribute 'name'
WARNING  Failed to get priors for battle: 'str' object has no attribute 'name'
INFO     Successfully computed neural priors for 0/4 battles
INFO     Using PUCT-guided move selection (priors integrated during search)...
INFO     Policy 0: spore visited 93.71% avg_score=0.435 sample_chance_multiplier=0.25
INFO     Policy 1: spore visited 94.61% avg_score=0.429 sample_chance_multiplier=0.25
INFO     Policy 2: spore visited 96.9% avg_score=0.484 sample_chance_multiplier=0.25
INFO     Policy 3: spore visited 94.21% avg_score=0.428 sample_chance_multiplier=0.25
INFO     Considered Choices:
INFO     	94.856%: spore
INFO     Choice: spore
INFO     breloom already has the move spore. Decrementing the PP by 1
INFO     breloom used a status-move. Adding `assaultvest` to impossible items
INFO     Setting breloom's last used move: spore
INFO     Setting sleep_turns to 0 for braviary
INFO     braviary got status: slp
INFO     No longer guessing lumberry because braviary got status slp
INFO     braviary got 'cant' from sleep
INFO     Incrementing braviary's sleep_turns to 1
INFO     Weather none is active
INFO     Resetting weather source to None
INFO     Weather turns remaining: 5
INFO     braviary has less than maxhp during upkeep, no longer guessing leftovers or blacksludge
INFO     
INFO     Turn: 18
INFO     Sampling battle 0
INFO     	       braviary      defiant heavydutyboots [bravebird, bulkup, closecombat, roost] ttype=steel
INFO     	      tyranitar   sandstream    leftovers [dragontail, knockoff, stealthrock, stoneedge] ttype=rock
INFO     	      hydrapple  regenerator  assaultvest [dragontail, earthpower, ficklebeam, leafstorm] ttype=steel
INFO     Sampling battle 1
INFO     	       braviary      defiant heavydutyboots [bravebird, bulkup, closecombat, roost] ttype=fighting
INFO     	      tyranitar   sandstream    leftovers [dragontail, knockoff, stoneedge, thunderwave] ttype=rock
INFO     	      hydrapple  regenerator  choicespecs [dracometeor, earthpower, ficklebeam, leafstorm] ttype=dragon
INFO     Sampling battle 2
INFO     	       braviary      defiant heavydutyboots [bravebird, bulkup, closecombat, roost] ttype=steel
INFO     	      tyranitar   sandstream    leftovers [dragondance, icepunch, knockoff, stoneedge] ttype=rock
INFO     	      hydrapple  regenerator  assaultvest [dragontail, earthpower, ficklebeam, leafstorm] ttype=steel
INFO     Sampling battle 3
INFO     	       braviary      defiant heavydutyboots [bravebird, bulkup, closecombat, roost] ttype=fighting
INFO     	      tyranitar   sandstream    leftovers [dragondance, icepunch, knockoff, stoneedge] ttype=rock
INFO     	      hydrapple  regenerator  choicespecs [dracometeor, earthpower, ficklebeam, leafstorm] ttype=dragon
INFO     Searching for a move using PUCT MCTS with neural priors...
INFO     Sampling 4 battles at 500ms each
INFO     Computing neural priors for all battles...
INFO     Initialized StateTranslator with TeamPreviewObservationSpace
INFO     Initializing LocalPolicyProvider with model: Minikazam
INFO     Loading pretrained Minikazam model...


 		 AMAGO v3.1
            	 -------------------------
            	 Agent: Agent
            		 Max Sequence Length: 64
            		 TstepEncoder Type: MetamonPerceiverTstepEncoder
            		 TrajEncoder Type: GRUTrajEncoder
            		 Total Parameters: 4,761,778
            		 Offline Loss Weight: 1.0
            		 Online Loss Weight: 0.0
            		 Mixed Precision: NO
            		 Checkpoint Path: /Users/yadureddy/Documents/GitHub/clean/pokeagent_ac_mcts/.metamon_cache/pretrained_models/models--jakegrigsby--metamon/snapshots/c5d1cb9abb6747066a325228845a5a8af3d12139/minikazam/minikazam/ckpts
            	 Environment:
            		 DummyAsyncVectorEnv(Gym Env x 1)
            		 Exploration Type: None
            	 Dataset: DoNothingDataset
            	 Accelerate Processes: 1 


INFO     Successfully loaded Minikazam model
ERROR    Error translating battle to observation: 'str' object has no attribute 'name'
WARNING  Failed to get priors for battle: 'str' object has no attribute 'name'
ERROR    Error translating battle to observation: 'str' object has no attribute 'name'
WARNING  Failed to get priors for battle: 'str' object has no attribute 'name'
ERROR    Error translating battle to observation: 'str' object has no attribute 'name'
WARNING  Failed to get priors for battle: 'str' object has no attribute 'name'
ERROR    Error translating battle to observation: 'str' object has no attribute 'name'
WARNING  Failed to get priors for battle: 'str' object has no attribute 'name'
INFO     Successfully computed neural priors for 0/4 battles
INFO     Using PUCT-guided move selection (priors integrated during search)...
INFO     Policy 0: switch dondozo visited 53.07% avg_score=0.423 sample_chance_multiplier=0.25
INFO     Policy 1: switch ambipom visited 40.04% avg_score=0.38 sample_chance_multiplier=0.25
INFO     Policy 2: switch dondozo visited 59.2% avg_score=0.417 sample_chance_multiplier=0.25
INFO     Policy 3: switch ambipom visited 89.65% avg_score=0.385 sample_chance_multiplier=0.25
INFO     Considered Choices:
INFO     	48.381%: switch ambipom
INFO     	38.006%: switch dondozo
INFO     Choice: switch ambipom
INFO     braviary is being cured of sleep, setting rest_turns & sleep_turns to 0
INFO     braviary used two different moves - it cannot have a choice item
INFO     braviary used a fighting move, removing fightinggem from possible items
INFO     Setting braviary's last used move: closecombat
INFO     braviary did 74.9% damage to ambipom with closecombat
INFO     braviary's defense was unboosted by 1 to -1
INFO     braviary's special-defense was unboosted by 1 to -1
INFO     braviary has less than maxhp during upkeep, no longer guessing leftovers or blacksludge
INFO     Sampling battle 0
INFO     	       braviary      defiant heavydutyboots [bravebird, bulkup, closecombat, roost] ttype=steel
INFO     	      tyranitar   sandstream    leftovers [dragondance, icepunch, knockoff, stoneedge] ttype=ghost
INFO     	      hydrapple  regenerator  assaultvest [dragontail, earthpower, ficklebeam, leafstorm] ttype=steel
INFO     Sampling battle 1
INFO     	       braviary      defiant heavydutyboots [bravebird, bulkup, closecombat, roost] ttype=fighting
INFO     	      tyranitar   sandstream    leftovers [dragondance, icepunch, knockoff, stoneedge] ttype=rock
INFO     	      hydrapple  regenerator  choicespecs [dracometeor, earthpower, ficklebeam, leafstorm] ttype=steel
INFO     Sampling battle 2
INFO     	       braviary      defiant heavydutyboots [bravebird, bulkup, closecombat, roost] ttype=fighting
INFO     	      tyranitar   sandstream    leftovers [earthquake, knockoff, stoneedge, thunderwave] ttype=rock
INFO     	      hydrapple  regenerator  assaultvest [dragontail, earthpower, ficklebeam, leafstorm] ttype=steel
INFO     Sampling battle 3
INFO     	       braviary      defiant heavydutyboots [bravebird, bulkup, closecombat, roost] ttype=fighting
INFO     	      tyranitar   sandstream    leftovers [dragondance, icepunch, knockoff, stoneedge] ttype=ghost
INFO     	      hydrapple  regenerator  choicespecs [dracometeor, earthpower, ficklebeam, leafstorm] ttype=steel
INFO     Searching for a move using PUCT MCTS with neural priors...
INFO     Sampling 4 battles at 500ms each
INFO     Computing neural priors for all battles...
INFO     Initialized StateTranslator with TeamPreviewObservationSpace
INFO     Initializing LocalPolicyProvider with model: Minikazam
INFO     Loading pretrained Minikazam model...


 		 AMAGO v3.1
            	 -------------------------
            	 Agent: Agent
            		 Max Sequence Length: 64
            		 TstepEncoder Type: MetamonPerceiverTstepEncoder
            		 TrajEncoder Type: GRUTrajEncoder
            		 Total Parameters: 4,761,778
            		 Offline Loss Weight: 1.0
            		 Online Loss Weight: 0.0
            		 Mixed Precision: NO
            		 Checkpoint Path: /Users/yadureddy/Documents/GitHub/clean/pokeagent_ac_mcts/.metamon_cache/pretrained_models/models--jakegrigsby--metamon/snapshots/c5d1cb9abb6747066a325228845a5a8af3d12139/minikazam/minikazam/ckpts
            	 Environment:
            		 DummyAsyncVectorEnv(Gym Env x 1)
            		 Exploration Type: None
            	 Dataset: DoNothingDataset
            	 Accelerate Processes: 1 


INFO     Successfully loaded Minikazam model
ERROR    Error translating battle to observation: 'str' object has no attribute 'name'
WARNING  Failed to get priors for battle: 'str' object has no attribute 'name'
ERROR    Error translating battle to observation: 'str' object has no attribute 'name'
WARNING  Failed to get priors for battle: 'str' object has no attribute 'name'
ERROR    Error translating battle to observation: 'str' object has no attribute 'name'
WARNING  Failed to get priors for battle: 'str' object has no attribute 'name'
ERROR    Error translating battle to observation: 'str' object has no attribute 'name'
WARNING  Failed to get priors for battle: 'str' object has no attribute 'name'
INFO     Successfully computed neural priors for 0/4 battles
INFO     Using PUCT-guided move selection (priors integrated during search)...
INFO     Policy 0: switch dondozo visited 94.76% avg_score=0.128 sample_chance_multiplier=0.25
INFO     Policy 1: switch dondozo visited 94.66% avg_score=0.103 sample_chance_multiplier=0.25
INFO     Policy 2: switch dondozo visited 95.35% avg_score=0.138 sample_chance_multiplier=0.25
INFO     Policy 3: switch dondozo visited 94.52% avg_score=0.105 sample_chance_multiplier=0.25
INFO     Considered Choices:
INFO     	94.824%: switch dondozo
INFO     Choice: switch dondozo
INFO     
INFO     Turn: 19
INFO     Sampling battle 0
INFO     	       braviary      defiant heavydutyboots [bravebird, bulkup, closecombat, roost] ttype=fighting
INFO     	      tyranitar   sandstream    leftovers [earthquake, knockoff, stealthrock, stoneedge] ttype=rock
INFO     	      hydrapple  regenerator  choicespecs [dracometeor, earthpower, ficklebeam, leafstorm] ttype=steel
INFO     Sampling battle 1
INFO     	       braviary      defiant heavydutyboots [bravebird, bulkup, closecombat, roost] ttype=fighting
INFO     	      tyranitar   sandstream    leftovers [icebeam, knockoff, stealthrock, stoneedge] ttype=rock
INFO     	      hydrapple  regenerator  assaultvest [dragontail, earthpower, ficklebeam, leafstorm] ttype=steel
INFO     Sampling battle 2
INFO     	       braviary      defiant heavydutyboots [bravebird, bulkup, closecombat, roost] ttype=steel
INFO     	      tyranitar   sandstream    leftovers [dragondance, earthquake, knockoff, stoneedge] ttype=rock
INFO     	      hydrapple  regenerator  choicespecs [dracometeor, earthpower, ficklebeam, leafstorm] ttype=steel
INFO     Sampling battle 3
INFO     	       braviary      defiant heavydutyboots [bravebird, bulkup, closecombat, roost] ttype=fighting
INFO     	      tyranitar   sandstream    leftovers [dragondance, icepunch, knockoff, stoneedge] ttype=rock
INFO     	      hydrapple  regenerator  choicespecs [dracometeor, earthpower, ficklebeam, leafstorm] ttype=steel
INFO     Searching for a move using PUCT MCTS with neural priors...
INFO     Sampling 4 battles at 500ms each
INFO     Computing neural priors for all battles...
INFO     Initialized StateTranslator with TeamPreviewObservationSpace
INFO     Initializing LocalPolicyProvider with model: Minikazam
INFO     Loading pretrained Minikazam model...


 		 AMAGO v3.1
            	 -------------------------
            	 Agent: Agent
            		 Max Sequence Length: 64
            		 TstepEncoder Type: MetamonPerceiverTstepEncoder
            		 TrajEncoder Type: GRUTrajEncoder
            		 Total Parameters: 4,761,778
            		 Offline Loss Weight: 1.0
            		 Online Loss Weight: 0.0
            		 Mixed Precision: NO
            		 Checkpoint Path: /Users/yadureddy/Documents/GitHub/clean/pokeagent_ac_mcts/.metamon_cache/pretrained_models/models--jakegrigsby--metamon/snapshots/c5d1cb9abb6747066a325228845a5a8af3d12139/minikazam/minikazam/ckpts
            	 Environment:
            		 DummyAsyncVectorEnv(Gym Env x 1)
            		 Exploration Type: None
            	 Dataset: DoNothingDataset
            	 Accelerate Processes: 1 


INFO     Successfully loaded Minikazam model
ERROR    Error translating battle to observation: 'str' object has no attribute 'name'
WARNING  Failed to get priors for battle: 'str' object has no attribute 'name'
ERROR    Error translating battle to observation: 'str' object has no attribute 'name'
WARNING  Failed to get priors for battle: 'str' object has no attribute 'name'
ERROR    Error translating battle to observation: 'str' object has no attribute 'name'
WARNING  Failed to get priors for battle: 'str' object has no attribute 'name'
ERROR    Error translating battle to observation: 'str' object has no attribute 'name'
WARNING  Failed to get priors for battle: 'str' object has no attribute 'name'
INFO     Successfully computed neural priors for 0/4 battles
INFO     Using PUCT-guided move selection (priors integrated during search)...
INFO     Policy 0: wavecrash visited 75.06% avg_score=0.108 sample_chance_multiplier=0.25
INFO     Policy 1: wavecrash visited 76.56% avg_score=0.133 sample_chance_multiplier=0.25
INFO     Policy 2: wavecrash visited 71.92% avg_score=0.099 sample_chance_multiplier=0.25
INFO     Policy 3: wavecrash visited 75.26% avg_score=0.11 sample_chance_multiplier=0.25
INFO     Considered Choices:
INFO     	74.7%: wavecrash
INFO     Choice: wavecrash
INFO     Updated braviary's min speed to 150
INFO     braviary used two different moves - it cannot have a choice item
INFO     braviary used a flying move, removing flyinggem from possible items
INFO     Setting braviary's last used move: bravebird
INFO     braviary did 35.08% damage to dondozo with bravebird
INFO     dondozo already has the move wavecrash. Decrementing the PP by 1
INFO     dondozo used a water move, removing watergem from possible items
INFO     Setting dondozo's last used move: wavecrash
INFO     dondozo used a damaging move - not guessing lifeorb anymore
INFO     Setting dondozo's item to: leftovers
INFO     braviary has less than maxhp during upkeep, no longer guessing leftovers or blacksludge
INFO     Opponent has switched - clearing the last used move
INFO     
INFO     Turn: 20
INFO     Sampling battle 0
INFO     	      hydrapple  regenerator  choicespecs [dracometeor, earthpower, ficklebeam, leafstorm] ttype=dragon
INFO     	      tyranitar   sandstream    leftovers [dragontail, knockoff, stoneedge, thunderwave] ttype=ghost
INFO     Sampling battle 1
INFO     	      hydrapple  regenerator  assaultvest [dragontail, earthpower, ficklebeam, leafstorm] ttype=steel
INFO     	      tyranitar   sandstream    leftovers [dragondance, icepunch, knockoff, stoneedge] ttype=ghost
INFO     Sampling battle 2
INFO     	      hydrapple  regenerator  choicespecs [dracometeor, earthpower, ficklebeam, leafstorm] ttype=steel
INFO     	      tyranitar   sandstream    leftovers [dragontail, knockoff, stealthrock, stoneedge] ttype=ghost
INFO     Sampling battle 3
INFO     	      hydrapple  regenerator  assaultvest [dragontail, earthpower, ficklebeam, leafstorm] ttype=steel
INFO     	      tyranitar   sandstream    leftovers [dragondance, earthquake, knockoff, stoneedge] ttype=rock
INFO     Searching for a move using PUCT MCTS with neural priors...
INFO     Sampling 4 battles at 500ms each
INFO     Computing neural priors for all battles...
INFO     Initialized StateTranslator with TeamPreviewObservationSpace
INFO     Initializing LocalPolicyProvider with model: Minikazam
INFO     Loading pretrained Minikazam model...


 		 AMAGO v3.1
            	 -------------------------
            	 Agent: Agent
            		 Max Sequence Length: 64
            		 TstepEncoder Type: MetamonPerceiverTstepEncoder
            		 TrajEncoder Type: GRUTrajEncoder
            		 Total Parameters: 4,761,778
            		 Offline Loss Weight: 1.0
            		 Online Loss Weight: 0.0
            		 Mixed Precision: NO
            		 Checkpoint Path: /Users/yadureddy/Documents/GitHub/clean/pokeagent_ac_mcts/.metamon_cache/pretrained_models/models--jakegrigsby--metamon/snapshots/c5d1cb9abb6747066a325228845a5a8af3d12139/minikazam/minikazam/ckpts
            	 Environment:
            		 DummyAsyncVectorEnv(Gym Env x 1)
            		 Exploration Type: None
            	 Dataset: DoNothingDataset
            	 Accelerate Processes: 1 


INFO     Successfully loaded Minikazam model
ERROR    Error translating battle to observation: 'str' object has no attribute 'name'
WARNING  Failed to get priors for battle: 'str' object has no attribute 'name'
ERROR    Error translating battle to observation: 'str' object has no attribute 'name'
WARNING  Failed to get priors for battle: 'str' object has no attribute 'name'
ERROR    Error translating battle to observation: 'str' object has no attribute 'name'
WARNING  Failed to get priors for battle: 'str' object has no attribute 'name'
ERROR    Error translating battle to observation: 'str' object has no attribute 'name'
WARNING  Failed to get priors for battle: 'str' object has no attribute 'name'
INFO     Successfully computed neural priors for 0/4 battles
INFO     Using PUCT-guided move selection (priors integrated during search)...
INFO     Policy 0: switch breloom visited 51.01% avg_score=0.006 sample_chance_multiplier=0.25
INFO     Policy 1: switch breloom visited 45.8% avg_score=0.009 sample_chance_multiplier=0.25
INFO     Policy 2: switch breloom visited 51.69% avg_score=0.006 sample_chance_multiplier=0.25
INFO     Policy 3: switch breloom visited 44.64% avg_score=0.009 sample_chance_multiplier=0.25
INFO     Considered Choices:
INFO     	48.286%: switch breloom
INFO     Choice: switch breloom
INFO     breloom switched in, adding sandstream to impossible abilities
INFO     hydrapple already has the move leafstorm. Decrementing the PP by 1
INFO     hydrapple used a grass move, removing grassgem from possible items
INFO     Setting hydrapple's last used move: leafstorm
INFO     hydrapple used a damaging move - not guessing lifeorb anymore
INFO     hydrapple did 1.28% damage to breloom with leafstorm
INFO     hydrapple's special-attack was unboosted by 2 to -2
INFO     hydrapple has less than maxhp during upkeep, no longer guessing leftovers or blacksludge
INFO     Sampling battle 0
INFO     	      hydrapple  regenerator  choicespecs [dracometeor, earthpower, ficklebeam, leafstorm] ttype=steel
INFO     	      tyranitar   sandstream    leftovers [dragondance, icepunch, knockoff, stoneedge] ttype=ghost
INFO     Sampling battle 1
INFO     	      hydrapple  regenerator  choicespecs [dracometeor, earthpower, ficklebeam, leafstorm] ttype=steel
INFO     	      tyranitar   sandstream    leftovers [dragondance, earthquake, knockoff, stoneedge] ttype=rock
INFO     Sampling battle 2
INFO     	      hydrapple  regenerator  choicespecs [dracometeor, earthpower, ficklebeam, leafstorm] ttype=dragon
INFO     	      tyranitar   sandstream    leftovers [dragondance, icepunch, knockoff, stoneedge] ttype=rock
INFO     Sampling battle 3
INFO     	      hydrapple  regenerator  choicespecs [dracometeor, earthpower, ficklebeam, leafstorm] ttype=dragon
INFO     	      tyranitar   sandstream    leftovers [icebeam, knockoff, stoneedge, thunderwave] ttype=ghost
INFO     Searching for a move using PUCT MCTS with neural priors...
INFO     Sampling 4 battles at 500ms each
INFO     Computing neural priors for all battles...
INFO     Initialized StateTranslator with TeamPreviewObservationSpace
INFO     Initializing LocalPolicyProvider with model: Minikazam
INFO     Loading pretrained Minikazam model...


 		 AMAGO v3.1
            	 -------------------------
            	 Agent: Agent
            		 Max Sequence Length: 64
            		 TstepEncoder Type: MetamonPerceiverTstepEncoder
            		 TrajEncoder Type: GRUTrajEncoder
            		 Total Parameters: 4,761,778
            		 Offline Loss Weight: 1.0
            		 Online Loss Weight: 0.0
            		 Mixed Precision: NO
            		 Checkpoint Path: /Users/yadureddy/Documents/GitHub/clean/pokeagent_ac_mcts/.metamon_cache/pretrained_models/models--jakegrigsby--metamon/snapshots/c5d1cb9abb6747066a325228845a5a8af3d12139/minikazam/minikazam/ckpts
            	 Environment:
            		 DummyAsyncVectorEnv(Gym Env x 1)
            		 Exploration Type: None
            	 Dataset: DoNothingDataset
            	 Accelerate Processes: 1 


INFO     Successfully loaded Minikazam model
ERROR    Error translating battle to observation: 'str' object has no attribute 'name'
WARNING  Failed to get priors for battle: 'str' object has no attribute 'name'
ERROR    Error translating battle to observation: 'str' object has no attribute 'name'
WARNING  Failed to get priors for battle: 'str' object has no attribute 'name'
ERROR    Error translating battle to observation: 'str' object has no attribute 'name'
WARNING  Failed to get priors for battle: 'str' object has no attribute 'name'
ERROR    Error translating battle to observation: 'str' object has no attribute 'name'
WARNING  Failed to get priors for battle: 'str' object has no attribute 'name'
INFO     Successfully computed neural priors for 0/4 battles
INFO     Using PUCT-guided move selection (priors integrated during search)...
INFO     Policy 0: switch dondozo visited 100.0% avg_score=0.001 sample_chance_multiplier=0.25
INFO     Policy 1: switch dondozo visited 100.0% avg_score=0.001 sample_chance_multiplier=0.25
INFO     Policy 2: switch dondozo visited 100.0% avg_score=0.001 sample_chance_multiplier=0.25
INFO     Policy 3: switch dondozo visited 100.0% avg_score=0.001 sample_chance_multiplier=0.25
INFO     Considered Choices:
INFO     	100.0%: switch dondozo
INFO     Choice: switch dondozo
INFO     
INFO     Turn: 21
INFO     Sampling battle 0
INFO     	      hydrapple  regenerator  choicespecs [dracometeor, earthpower, ficklebeam, leafstorm] ttype=steel
INFO     	      tyranitar   sandstream    leftovers [dragondance, earthquake, knockoff, stoneedge] ttype=rock
INFO     Sampling battle 1
INFO     	      hydrapple  regenerator  choicespecs [dracometeor, earthpower, ficklebeam, leafstorm] ttype=dragon
INFO     	      tyranitar   sandstream    leftovers [dragontail, knockoff, stoneedge, thunderwave] ttype=rock
INFO     Sampling battle 2
INFO     	      hydrapple  regenerator  assaultvest [dragontail, earthpower, ficklebeam, leafstorm] ttype=steel
INFO     	      tyranitar   sandstream    leftovers [dragondance, earthquake, knockoff, stoneedge] ttype=ghost
INFO     Sampling battle 3
INFO     	      hydrapple  regenerator  choicespecs [dracometeor, earthpower, ficklebeam, leafstorm] ttype=dragon
INFO     	      tyranitar   sandstream    leftovers [dragondance, earthquake, knockoff, stoneedge] ttype=rock
INFO     Searching for a move using PUCT MCTS with neural priors...
INFO     Sampling 4 battles at 500ms each
INFO     Computing neural priors for all battles...
INFO     Initialized StateTranslator with TeamPreviewObservationSpace
INFO     Initializing LocalPolicyProvider with model: Minikazam
INFO     Loading pretrained Minikazam model...


 		 AMAGO v3.1
            	 -------------------------
            	 Agent: Agent
            		 Max Sequence Length: 64
            		 TstepEncoder Type: MetamonPerceiverTstepEncoder
            		 TrajEncoder Type: GRUTrajEncoder
            		 Total Parameters: 4,761,778
            		 Offline Loss Weight: 1.0
            		 Online Loss Weight: 0.0
            		 Mixed Precision: NO
            		 Checkpoint Path: /Users/yadureddy/Documents/GitHub/clean/pokeagent_ac_mcts/.metamon_cache/pretrained_models/models--jakegrigsby--metamon/snapshots/c5d1cb9abb6747066a325228845a5a8af3d12139/minikazam/minikazam/ckpts
            	 Environment:
            		 DummyAsyncVectorEnv(Gym Env x 1)
            		 Exploration Type: None
            	 Dataset: DoNothingDataset
            	 Accelerate Processes: 1 


INFO     Successfully loaded Minikazam model
ERROR    Error translating battle to observation: 'str' object has no attribute 'name'
WARNING  Failed to get priors for battle: 'str' object has no attribute 'name'
ERROR    Error translating battle to observation: 'str' object has no attribute 'name'
WARNING  Failed to get priors for battle: 'str' object has no attribute 'name'
ERROR    Error translating battle to observation: 'str' object has no attribute 'name'
WARNING  Failed to get priors for battle: 'str' object has no attribute 'name'
ERROR    Error translating battle to observation: 'str' object has no attribute 'name'
WARNING  Failed to get priors for battle: 'str' object has no attribute 'name'
INFO     Successfully computed neural priors for 0/4 battles
INFO     Using PUCT-guided move selection (priors integrated during search)...
INFO     Policy 0: rest visited 28.86% avg_score=0.001 sample_chance_multiplier=0.25
INFO     Policy 1: rest visited 28.74% avg_score=0.001 sample_chance_multiplier=0.25
INFO     Policy 2: wavecrash visited 26.52% avg_score=0.001 sample_chance_multiplier=0.25
INFO     Policy 3: rest visited 29.0% avg_score=0.001 sample_chance_multiplier=0.25
INFO     Considered Choices:
INFO     	28.231%: rest
INFO     	25.61%: curse
INFO     	24.737%: sleeptalk
INFO     	21.422%: wavecrash
INFO     Choice: rest
INFO     Winner: VanillaMCTS
INFO     Lost with team: None
INFO     W: 2	L: 2
INFO     Searching for ranked gen9randombattle match
INFO     Initialized battle-gen9randombattle-43 against: VanillaMCTS
INFO     Opponent has switched - clearing the last used move
INFO     greedent switched in, adding intimidate to impossible abilities
INFO     greedent switched in, adding pressure to impossible abilities
INFO     greedent switched in, adding neutralizinggas to impossible abilities
INFO     greedent switched in, adding sandstream to impossible abilities
INFO     greedent switched in, adding drought to impossible abilities
INFO     greedent switched in, adding drizzle to impossible abilities
INFO     greedent switched in, adding snowwarning to impossible abilities
INFO     greedent switched in, adding boosterenergy to impossible items
INFO     greedent switched in, adding airballoon to impossible items
INFO     
INFO     Turn: 1
INFO     Sampling battle 0
INFO     	       greedent   cheekpouch  sitrusberry [bodyslam, earthquake, knockoff, swordsdance] ttype=ground
INFO     Sampling 5 unrevealed pokemon
INFO     	        shaymin  naturalcure    leftovers [airslash, leechseed, seedflare, substitute] ttype=steel
INFO     	         raichu lightningrod      lifeorb [encore, grassknot, surf, thunderbolt] ttype=water
INFO     	      excadrill  moldbreaker  assaultvest [earthquake, ironhead, rapidspin, rockslide] ttype=grass
INFO     	          rotom     levitate  choicescarf [shadowball, thunderbolt, trick, voltswitch] ttype=electric
INFO     	       lumineon   stormdrain heavydutyboots [encore, hydropump, icebeam, uturn] ttype=ground
INFO     Sampling battle 1
INFO     	       greedent   cheekpouch  sitrusberry [doubleedge, earthquake, knockoff, swordsdance] ttype=ghost
INFO     Sampling 5 unrevealed pokemon
INFO     	        chansey  naturalcure     eviolite [seismictoss, softboiled, stealthrock, thunderwave] ttype=steel
INFO     	         kyogre      drizzle  choicescarf [icebeam, originpulse, thunder, waterspout] ttype=water
INFO     	         scizor   technician    leftovers [bulletpunch, closecombat, defog, uturn] ttype=steel
INFO     	        heatran    flashfire   airballoon [earthpower, flashcannon, magmastorm, stealthrock] ttype=flying
INFO     	      cinderace       libero heavydutyboots [courtchange, highjumpkick, pyroball, suckerpunch] ttype=fire
INFO     Sampling battle 2
INFO     	       greedent   cheekpouch  sitrusberry [bodyslam, earthquake, knockoff, swordsdance] ttype=ground
INFO     Sampling 5 unrevealed pokemon
INFO     	     annihilape      defiant    leftovers [bulkup, drainpunch, ragefist, taunt] ttype=water
INFO     	         emboar     reckless  assaultvest [closecombat, flareblitz, knockoff, wildcharge] ttype=electric
INFO     	    goodrahisui    sapsipper  assaultvest [dracometeor, earthquake, fireblast, heavyslam] ttype=dragon
INFO     	    basculegion adaptability  assaultvest [aquajet, flipturn, shadowball, wavecrash] ttype=water
INFO     	     oinkologne     thickfat    leftovers [bodyslam, curse, highhorsepower, lashout] ttype=ground
INFO     Sampling battle 3
INFO     	       greedent   cheekpouch  sitrusberry [doubleedge, earthquake, knockoff, swordsdance] ttype=ghost
INFO     Sampling 5 unrevealed pokemon
INFO     	        kleavor    sharpness  choicescarf [closecombat, stoneaxe, uturn, xscissor] ttype=bug
INFO     	necrozmaduskmane   prismarmor weaknesspolicy [dragondance, earthquake, photongeyser, sunsteelstrike] ttype=steel
INFO     	       solgaleo fullmetalbody    leftovers [earthquake, morningsun, psychicfangs, sunsteelstrike] ttype=water
INFO     	          golem       sturdy  custapberry [earthquake, explosion, stealthrock, stoneedge] ttype=steel
INFO     	   zoroarkhisui     illusion      lifeorb [focusblast, hypervoice, poltergeist, willowisp] ttype=fighting
INFO     Sampling battle 4
INFO     	       greedent   cheekpouch  sitrusberry [bodyslam, earthquake, knockoff, swordsdance] ttype=ground
INFO     Sampling 5 unrevealed pokemon
INFO     	        ariados     insomnia heavydutyboots [megahorn, poisonjab, stickyweb, suckerpunch] ttype=ghost
INFO     	      terapagos    terashift heavydutyboots [calmmind, earthpower, rapidspin, terastarstorm] ttype=stellar
INFO     	     whimsicott    prankster    leftovers [encore, gigadrain, moonblast, stunspore] ttype=steel
INFO     	  arceuspsychic    multitype    mindplate [bodypress, cosmicpower, recover, storedpower] ttype=steel
INFO     	     ironbundle   quarkdrive    leftovers [freezedry, hydropump, icebeam, substitute] ttype=ice
INFO     Sampling battle 5
INFO     	       greedent   cheekpouch  sitrusberry [doubleedge, earthquake, knockoff, swordsdance] ttype=ground
INFO     Sampling 5 unrevealed pokemon
INFO     	       ironmoth   quarkdrive  choicespecs [energyball, fireblast, sludgewave, uturn] ttype=fire
INFO     	       cyclizar  regenerator heavydutyboots [dracometeor, knockoff, shedtail, taunt] ttype=steel
INFO     	        flapple       hustle   choiceband [gravapple, outrage, suckerpunch, uturn] ttype=steel
INFO     	       regirock    clearbody  chestoberry [bodypress, irondefense, rest, stoneedge] ttype=fighting
INFO     	      passimian      defiant   choiceband [closecombat, earthquake, gunkshot, knockoff] ttype=poison
INFO     Sampling battle 6
INFO     	       greedent   cheekpouch  sitrusberry [bodyslam, earthquake, knockoff, swordsdance] ttype=ghost
INFO     Sampling 5 unrevealed pokemon
INFO     	          hoopa     magician  choicescarf [focusblast, psychic, shadowball, trick] ttype=ghost
INFO     	       enamorus     contrary    leftovers [playrough, substitute, superpower, zenheadbutt] ttype=fighting
INFO     	        banette     insomnia      lifeorb [gunkshot, poltergeist, shadowsneak, swordsdance] ttype=ghost
INFO     	        breloom   technician      lifeorb [bulletseed, machpunch, rocktomb, spore] ttype=rock
INFO     	        golduck    swiftswim    leftovers [encore, grassknot, hydropump, nastyplot] ttype=water
INFO     Sampling battle 7
INFO     	       greedent   cheekpouch  sitrusberry [bodyslam, earthquake, knockoff, swordsdance] ttype=ground
INFO     Sampling 5 unrevealed pokemon
INFO     	       ursaring         guts     eviolite [bodyslam, rest, sleeptalk, throatchop] ttype=ghost
INFO     	         kyogre      drizzle    leftovers [calmmind, icebeam, originpulse, thunder] ttype=electric
INFO     	      regieleki   transistor       magnet [rapidspin, terablast, thunderbolt, voltswitch] ttype=ice
INFO     	   palkiaorigin     pressure lustrousglobe [fireblast, hydropump, spacialrend, thunderwave] ttype=water
INFO     	     arceusrock    multitype   stoneplate [calmmind, earthpower, judgment, recover] ttype=ground
INFO     Searching for a move using PUCT MCTS with neural priors...
INFO     Sampling 8 battles at 250ms each
INFO     Computing neural priors for all battles...
INFO     Initialized StateTranslator with TeamPreviewObservationSpace
INFO     Initializing LocalPolicyProvider with model: Minikazam
INFO     Loading pretrained Minikazam model...


 		 AMAGO v3.1
            	 -------------------------
            	 Agent: Agent
            		 Max Sequence Length: 64
            		 TstepEncoder Type: MetamonPerceiverTstepEncoder
            		 TrajEncoder Type: GRUTrajEncoder
            		 Total Parameters: 4,761,778
            		 Offline Loss Weight: 1.0
            		 Online Loss Weight: 0.0
            		 Mixed Precision: NO
            		 Checkpoint Path: /Users/yadureddy/Documents/GitHub/clean/pokeagent_ac_mcts/.metamon_cache/pretrained_models/models--jakegrigsby--metamon/snapshots/c5d1cb9abb6747066a325228845a5a8af3d12139/minikazam/minikazam/ckpts
            	 Environment:
            		 DummyAsyncVectorEnv(Gym Env x 1)
            		 Exploration Type: None
            	 Dataset: DoNothingDataset
            	 Accelerate Processes: 1 


INFO     Successfully loaded Minikazam model
ERROR    Error translating battle to observation: 
WARNING  Failed to get priors for battle: 
ERROR    Error translating battle to observation: 
WARNING  Failed to get priors for battle: 
ERROR    Error translating battle to observation: 
WARNING  Failed to get priors for battle: 
ERROR    Error translating battle to observation: 
WARNING  Failed to get priors for battle: 
ERROR    Error translating battle to observation: 
WARNING  Failed to get priors for battle: 
ERROR    Error translating battle to observation: 
WARNING  Failed to get priors for battle: 
ERROR    Error translating battle to observation: 
WARNING  Failed to get priors for battle: 
ERROR    Error translating battle to observation: 
WARNING  Failed to get priors for battle: 
INFO     Successfully computed neural priors for 0/8 battles
INFO     Using PUCT-guided move selection (priors integrated during search)...
INFO     Policy 0: switch reuniclus visited 97.14% avg_score=0.491 sample_chance_multiplier=0.125
INFO     Policy 1: switch reuniclus visited 94.76% avg_score=0.552 sample_chance_multiplier=0.125
INFO     Policy 2: switch reuniclus visited 95.97% avg_score=0.476 sample_chance_multiplier=0.125
INFO     Policy 3: switch reuniclus visited 89.9% avg_score=0.497 sample_chance_multiplier=0.125
INFO     Policy 4: switch reuniclus visited 91.86% avg_score=0.45 sample_chance_multiplier=0.125
INFO     Policy 5: switch dragalge visited 94.04% avg_score=0.525 sample_chance_multiplier=0.125
INFO     Policy 6: switch reuniclus visited 65.26% avg_score=0.436 sample_chance_multiplier=0.125
INFO     Policy 7: switch reuniclus visited 74.73% avg_score=0.504 sample_chance_multiplier=0.125
INFO     Considered Choices:
INFO     	76.445%: switch reuniclus
INFO     Choice: switch reuniclus
INFO     reuniclus switched in, adding intimidate to impossible abilities
INFO     reuniclus switched in, adding pressure to impossible abilities
INFO     reuniclus switched in, adding neutralizinggas to impossible abilities
INFO     reuniclus switched in, adding sandstream to impossible abilities
INFO     reuniclus switched in, adding drought to impossible abilities
INFO     reuniclus switched in, adding drizzle to impossible abilities
INFO     reuniclus switched in, adding snowwarning to impossible abilities
INFO     reuniclus switched in, adding boosterenergy to impossible items
INFO     reuniclus switched in, adding airballoon to impossible items
INFO     greedent used a normal move, removing normalgem from possible items
INFO     Setting greedent's last used move: bodyslam
INFO     greedent used a damaging move - not guessing lifeorb anymore
INFO     greedent did 27.6% damage to reuniclus with bodyslam
INFO     
INFO     Turn: 2
INFO     Sampling battle 0
INFO     	       greedent   cheekpouch  sitrusberry [bodyslam, earthquake, knockoff, swordsdance] ttype=ground
INFO     Sampling 5 unrevealed pokemon
INFO     	        breloom   technician      lifeorb [bulletseed, machpunch, rocktomb, spore] ttype=rock
INFO     	    corviknight     pressure  rockyhelmet [bodypress, bravebird, defog, roost] ttype=dragon
INFO     	      magmortar    flamebody heavydutyboots [earthquake, fireblast, focusblast, thunderbolt] ttype=electric
INFO     	     copperajah   sheerforce      lifeorb [earthquake, ironhead, playrough, superpower] ttype=fairy
INFO     	      regieleki   transistor       magnet [explosion, rapidspin, thunderbolt, voltswitch] ttype=electric
INFO     Sampling battle 1
INFO     	       greedent   cheekpouch  sitrusberry [bodyslam, earthquake, knockoff, swordsdance] ttype=ground
INFO     Sampling 5 unrevealed pokemon
INFO     	    kyuremwhite   turboblaze  choicespecs [dracometeor, freezedry, fusionflare, icebeam] ttype=fire
INFO     	     chandelure    flamebody heavydutyboots [calmmind, fireblast, flamecharge, shadowball] ttype=ghost
INFO     	     scovillain  chlorophyll  choicescarf [energyball, flamethrower, leafstorm, overheat] ttype=fire
INFO     	    sandyshocks protosynthesis    leftovers [earthpower, spikes, stealthrock, thunderbolt] ttype=grass
INFO     	         arceus    multitype      lifeorb [earthquake, extremespeed, shadowclaw, swordsdance] ttype=ghost
INFO     Sampling battle 2
INFO     	       greedent   cheekpouch  sitrusberry [bodyslam, earthquake, knockoff, swordsdance] ttype=ground
INFO     Sampling 5 unrevealed pokemon
INFO     	  arceuspsychic    multitype    mindplate [bodypress, cosmicpower, recover, storedpower] ttype=steel
INFO     	    fluttermane protosynthesis      lifeorb [calmmind, moonblast, shadowball, thunderbolt] ttype=electric
INFO     	        toxapex  regenerator    leftovers [haze, liquidation, recover, toxic] ttype=steel
INFO     	       enamorus     contrary    leftovers [playrough, substitute, superpower, taunt] ttype=fighting
INFO     	      zebstrika    sapsipper      lifeorb [highhorsepower, overheat, supercellslam, voltswitch] ttype=ground
INFO     Sampling battle 3
INFO     	       greedent   cheekpouch  sitrusberry [bodyslam, earthquake, knockoff, swordsdance] ttype=ground
INFO     Sampling 5 unrevealed pokemon
INFO     	        ambipom   technician   choiceband [doubleedge, knockoff, lowkick, tripleaxel] ttype=ice
INFO     	     masquerain   intimidate heavydutyboots [bugbuzz, hurricane, hydropump, stunspore] ttype=steel
INFO     	         comfey       triage    leftovers [calmmind, drainingkiss, gigadrain, storedpower] ttype=fairy
INFO     	      bellossom  chlorophyll    leftovers [gigadrain, quiverdance, strengthsap, terablast] ttype=fire
INFO     	       bronzong     levitate    leftovers [earthquake, hypnosis, psychic, stealthrock] ttype=water
INFO     Searching for a move using PUCT MCTS with neural priors...
INFO     Sampling 4 battles at 500ms each
INFO     Computing neural priors for all battles...
INFO     Initialized StateTranslator with TeamPreviewObservationSpace
INFO     Initializing LocalPolicyProvider with model: Minikazam
INFO     Loading pretrained Minikazam model...


 		 AMAGO v3.1
            	 -------------------------
            	 Agent: Agent
            		 Max Sequence Length: 64
            		 TstepEncoder Type: MetamonPerceiverTstepEncoder
            		 TrajEncoder Type: GRUTrajEncoder
            		 Total Parameters: 4,761,778
            		 Offline Loss Weight: 1.0
            		 Online Loss Weight: 0.0
            		 Mixed Precision: NO
            		 Checkpoint Path: /Users/yadureddy/Documents/GitHub/clean/pokeagent_ac_mcts/.metamon_cache/pretrained_models/models--jakegrigsby--metamon/snapshots/c5d1cb9abb6747066a325228845a5a8af3d12139/minikazam/minikazam/ckpts
            	 Environment:
            		 DummyAsyncVectorEnv(Gym Env x 1)
            		 Exploration Type: None
            	 Dataset: DoNothingDataset
            	 Accelerate Processes: 1 


INFO     Successfully loaded Minikazam model
ERROR    Error translating battle to observation: 
WARNING  Failed to get priors for battle: 
ERROR    Error translating battle to observation: 
WARNING  Failed to get priors for battle: 
ERROR    Error translating battle to observation: 
WARNING  Failed to get priors for battle: 
ERROR    Error translating battle to observation: 
WARNING  Failed to get priors for battle: 
INFO     Successfully computed neural priors for 0/4 battles
INFO     Using PUCT-guided move selection (priors integrated during search)...
INFO     Policy 0: focusblast visited 67.26% avg_score=0.633 sample_chance_multiplier=0.25
INFO     Policy 1: calmmind visited 68.91% avg_score=0.603 sample_chance_multiplier=0.25
INFO     Policy 2: calmmind visited 39.9% avg_score=0.611 sample_chance_multiplier=0.25
INFO     Policy 3: calmmind visited 65.67% avg_score=0.575 sample_chance_multiplier=0.25
INFO     Considered Choices:
INFO     	44.115%: calmmind
INFO     	36.106%: focusblast
INFO     Choice: calmmind
INFO     Opponent has switched - clearing the last used move
INFO     houndstone switched in, adding intimidate to impossible abilities
INFO     houndstone switched in, adding pressure to impossible abilities
INFO     houndstone switched in, adding neutralizinggas to impossible abilities
INFO     houndstone switched in, adding sandstream to impossible abilities
INFO     houndstone switched in, adding drought to impossible abilities
INFO     houndstone switched in, adding drizzle to impossible abilities
INFO     houndstone switched in, adding snowwarning to impossible abilities
INFO     houndstone switched in, adding boosterenergy to impossible items
INFO     houndstone switched in, adding airballoon to impossible items
INFO     reuniclus already has the move calmmind. Decrementing the PP by 1
INFO     reuniclus using calmmind makes it unlikely to have a choice item. Setting can_have_choice_item to False
INFO     reuniclus used a status-move. Adding `assaultvest` to impossible items
INFO     Setting reuniclus's last used move: calmmind
INFO     reuniclus's special-attack was boosted by 1 to 1
INFO     reuniclus's special-defense was boosted by 1 to 1
INFO     
INFO     Turn: 3
INFO     Sampling battle 0
INFO     	     houndstone       fluffy  assaultvest [bodypress, playrough, poltergeist, shadowsneak] ttype=fairy
INFO     	       greedent   cheekpouch  sitrusberry [bodyslam, earthquake, knockoff, swordsdance] ttype=ghost
INFO     Sampling 4 unrevealed pokemon
INFO     	       regirock    clearbody    leftovers [bodypress, irondefense, stoneedge, thunderwave] ttype=fighting
INFO     	       espathra   speedboost    leftovers [calmmind, dazzlinggleam, storedpower, substitute] ttype=fairy
INFO     	   zoroarkhisui     illusion  choicespecs [bittermalice, flamethrower, focusblast, hypervoice] ttype=fighting
INFO     	       salazzle    corrosion    leftovers [flamethrower, protect, substitute, toxic] ttype=grass
INFO     Sampling battle 1
INFO     	     houndstone       fluffy  assaultvest [bodypress, playrough, poltergeist, shadowsneak] ttype=fairy
INFO     	       greedent   cheekpouch  sitrusberry [bodyslam, earthquake, knockoff, swordsdance] ttype=ground
INFO     Sampling 4 unrevealed pokemon
INFO     	         lapras  waterabsorb heavydutyboots [freezedry, rest, sleeptalk, sparklingaria] ttype=dragon
INFO     	     arceusdark    multitype   dreadplate [calmmind, dazzlinggleam, judgment, recover] ttype=fairy
INFO     	        jirachi  serenegrace    leftovers [ironhead, protect, uturn, wish] ttype=water
INFO     	        grumpig     thickfat  choicespecs [earthpower, focusblast, psychic, shadowball] ttype=ghost
INFO     Sampling battle 2
INFO     	     houndstone       fluffy  assaultvest [bodypress, playrough, poltergeist, shadowsneak] ttype=fairy
INFO     	       greedent   cheekpouch  sitrusberry [bodyslam, earthquake, knockoff, swordsdance] ttype=ground
INFO     Sampling 4 unrevealed pokemon
INFO     	   persianalola      furcoat    leftovers [darkpulse, hypnosis, nastyplot, thunderbolt] ttype=dark
INFO     	        snorlax     thickfat  chestoberry [bodyslam, crunch, curse, rest] ttype=poison
INFO     	       blaziken   speedboost      lifeorb [closecombat, flareblitz, protect, swordsdance] ttype=fighting
INFO     	     chesnaught  bulletproof    leftovers [bodypress, irondefense, synthesis, trailblaze] ttype=steel
INFO     Sampling battle 3
INFO     	     houndstone       fluffy    leftovers [bodypress, poltergeist, rest, sleeptalk] ttype=fighting
INFO     	       greedent   cheekpouch  sitrusberry [bodyslam, earthquake, knockoff, swordsdance] ttype=ground
INFO     Sampling 4 unrevealed pokemon
INFO     	      tatsugiri   stormdrain heavydutyboots [dracometeor, nastyplot, rapidspin, surf] ttype=water
INFO     	      probopass   magnetpull    leftovers [bodypress, irondefense, powergem, thunderwave] ttype=fighting
INFO     	      regigigas    slowstart    leftovers [bodyslam, knockoff, rest, sleeptalk] ttype=ghost
INFO     	    walkingwake protosynthesis  choicespecs [dracometeor, flamethrower, flipturn, hydropump] ttype=water
INFO     Sampling battle 4
INFO     	     houndstone       fluffy    leftovers [bodypress, poltergeist, rest, sleeptalk] ttype=fighting
INFO     	       greedent   cheekpouch  sitrusberry [bodyslam, earthquake, knockoff, swordsdance] ttype=ghost
INFO     Sampling 4 unrevealed pokemon
INFO     	           hooh  regenerator heavydutyboots [bravebird, earthquake, recover, sacredfire] ttype=ground
INFO     	     toxtricity     punkrock  throatspray [boomburst, gunkshot, overdrive, shiftgear] ttype=normal
INFO     	       basculin adaptability   choiceband [aquajet, doubleedge, flipturn, wavecrash] ttype=water
INFO     	     conkeldurr         guts     flameorb [closecombat, facade, knockoff, machpunch] ttype=normal
INFO     Sampling battle 5
INFO     	     houndstone       fluffy    leftovers [bodypress, poltergeist, rest, sleeptalk] ttype=fighting
INFO     	       greedent   cheekpouch  sitrusberry [bodyslam, earthquake, knockoff, swordsdance] ttype=ground
INFO     Sampling 4 unrevealed pokemon
INFO     	      piloswine     thickfat     eviolite [earthquake, iceshard, iciclecrash, roar] ttype=dragon
INFO     	        golduck    swiftswim      lifeorb [grassknot, hydropump, icebeam, nastyplot] ttype=grass
INFO     	   hoopaunbound     magician   choiceband [drainpunch, gunkshot, hyperspacefury, zenheadbutt] ttype=poison
INFO     	      munkidori   toxicchain  choicespecs [focusblast, psyshock, sludgewave, uturn] ttype=fighting
INFO     Sampling battle 6
INFO     	     houndstone       fluffy  assaultvest [bodypress, playrough, poltergeist, shadowsneak] ttype=fairy
INFO     	       greedent   cheekpouch  sitrusberry [bodyslam, earthquake, knockoff, swordsdance] ttype=ghost
INFO     Sampling 4 unrevealed pokemon
INFO     	 giratinaorigin     levitate griseouscore [defog, dracometeor, dragontail, poltergeist] ttype=ghost
INFO     	     scovillain  chlorophyll heavydutyboots [energyball, fireblast, stompingtantrum, sunnyday] ttype=fire
INFO     	         minior  shieldsdown    whiteherb [acrobatics, earthquake, powergem, shellsmash] ttype=ground
INFO     	   greninjabond   battlebond      lifeorb [darkpulse, gunkshot, hydropump, icebeam] ttype=water
INFO     Sampling battle 7
INFO     	     houndstone       fluffy   choiceband [bodypress, poltergeist, shadowsneak, trick] ttype=fighting
INFO     	       greedent   cheekpouch  sitrusberry [bodyslam, earthquake, knockoff, swordsdance] ttype=ground
INFO     Sampling 4 unrevealed pokemon
INFO     	     arceusrock    multitype   stoneplate [calmmind, earthpower, judgment, recover] ttype=dragon
INFO     	       giratina     pressure    leftovers [rest, shadowball, sleeptalk, willowisp] ttype=fairy
INFO     	        gallade    sharpness   choiceband [leafblade, nightslash, psychocut, sacredsword] ttype=fighting
INFO     	      sudowoodo     rockhead    leftovers [headsmash, stealthrock, suckerpunch, woodhammer] ttype=grass
INFO     Searching for a move using PUCT MCTS with neural priors...
INFO     Sampling 8 battles at 250ms each
INFO     Computing neural priors for all battles...
INFO     Initialized StateTranslator with TeamPreviewObservationSpace
INFO     Initializing LocalPolicyProvider with model: Minikazam
INFO     Loading pretrained Minikazam model...


 		 AMAGO v3.1
            	 -------------------------
            	 Agent: Agent
            		 Max Sequence Length: 64
            		 TstepEncoder Type: MetamonPerceiverTstepEncoder
            		 TrajEncoder Type: GRUTrajEncoder
            		 Total Parameters: 4,761,778
            		 Offline Loss Weight: 1.0
            		 Online Loss Weight: 0.0
            		 Mixed Precision: NO
            		 Checkpoint Path: /Users/yadureddy/Documents/GitHub/clean/pokeagent_ac_mcts/.metamon_cache/pretrained_models/models--jakegrigsby--metamon/snapshots/c5d1cb9abb6747066a325228845a5a8af3d12139/minikazam/minikazam/ckpts
            	 Environment:
            		 DummyAsyncVectorEnv(Gym Env x 1)
            		 Exploration Type: None
            	 Dataset: DoNothingDataset
            	 Accelerate Processes: 1 


INFO     Successfully loaded Minikazam model
ERROR    Error translating battle to observation: 
WARNING  Failed to get priors for battle: 
ERROR    Error translating battle to observation: 
WARNING  Failed to get priors for battle: 
ERROR    Error translating battle to observation: 
WARNING  Failed to get priors for battle: 
ERROR    Error translating battle to observation: 
WARNING  Failed to get priors for battle: 
ERROR    Error translating battle to observation: 
WARNING  Failed to get priors for battle: 
ERROR    Error translating battle to observation: 
WARNING  Failed to get priors for battle: 
ERROR    Error translating battle to observation: 
WARNING  Failed to get priors for battle: 
ERROR    Error translating battle to observation: 
WARNING  Failed to get priors for battle: 
INFO     Successfully computed neural priors for 0/8 battles
INFO     Using PUCT-guided move selection (priors integrated during search)...
INFO     Policy 0: switch cinccino visited 42.98% avg_score=0.29 sample_chance_multiplier=0.125
INFO     Policy 1: switch vaporeon visited 85.97% avg_score=0.302 sample_chance_multiplier=0.125
INFO     Policy 2: switch vaporeon visited 95.07% avg_score=0.334 sample_chance_multiplier=0.125
INFO     Policy 3: switch dragalge visited 68.68% avg_score=0.325 sample_chance_multiplier=0.125
INFO     Policy 4: switch dragalge visited 56.48% avg_score=0.357 sample_chance_multiplier=0.125
INFO     Policy 5: switch dialgaorigin visited 41.85% avg_score=0.321 sample_chance_multiplier=0.125
INFO     Policy 6: switch vaporeon visited 94.66% avg_score=0.341 sample_chance_multiplier=0.125
INFO     Policy 7: switch cinccino visited 67.99% avg_score=0.365 sample_chance_multiplier=0.125
INFO     Considered Choices:
INFO     	38.711%: switch vaporeon
INFO     Choice: switch vaporeon
INFO     vaporeon switched in, adding intimidate to impossible abilities
INFO     vaporeon switched in, adding pressure to impossible abilities
INFO     vaporeon switched in, adding neutralizinggas to impossible abilities
INFO     vaporeon switched in, adding sandstream to impossible abilities
INFO     vaporeon switched in, adding drought to impossible abilities
INFO     vaporeon switched in, adding drizzle to impossible abilities
INFO     vaporeon switched in, adding snowwarning to impossible abilities
INFO     vaporeon switched in, adding boosterenergy to impossible items
INFO     vaporeon switched in, adding airballoon to impossible items
INFO     houndstone used a ghost move, removing ghostgem from possible items
INFO     Setting houndstone's last used move: poltergeist
INFO     houndstone used a damaging move - not guessing lifeorb anymore
INFO     houndstone did 41.48% damage to vaporeon with poltergeist
INFO     vaporeon has the item leftovers
INFO     Setting vaporeon's item to: leftovers
INFO     
INFO     Turn: 4
INFO     Sampling battle 0
INFO     	     houndstone       fluffy    leftovers [bodypress, poltergeist, rest, sleeptalk] ttype=fighting
INFO     	       greedent   cheekpouch  sitrusberry [bodyslam, earthquake, knockoff, swordsdance] ttype=ghost
INFO     Sampling 4 unrevealed pokemon
INFO     	       clefable      unaware    leftovers [fireblast, knockoff, moonblast, moonlight] ttype=poison
INFO     	       clodsire      unaware    leftovers [earthquake, poisonjab, recover, toxicspikes] ttype=steel
INFO     	        wugtrio        gooey   choiceband [aquajet, liquidation, stompingtantrum, throatchop] ttype=water
INFO     	        kleavor    sharpness  choicescarf [closecombat, stoneaxe, uturn, xscissor] ttype=fighting
INFO     Sampling battle 1
INFO     	     houndstone       fluffy    leftovers [bodypress, poltergeist, rest, sleeptalk] ttype=fighting
INFO     	       greedent   cheekpouch  sitrusberry [bodyslam, earthquake, knockoff, swordsdance] ttype=ghost
INFO     Sampling 4 unrevealed pokemon
INFO     	      metagross    clearbody    leftovers [bulletpunch, heavyslam, knockoff, stealthrock] ttype=water
INFO     	      reuniclus   magicguard      lifeorb [calmmind, focusblast, psyshock, recover] ttype=steel
INFO     	ogerponcornerstone       sturdy cornerstonemask [ivycudgel, powerwhip, superpower, swordsdance] ttype=rock
INFO     	      greattusk protosynthesis    leftovers [bulkup, closecombat, earthquake, stoneedge] ttype=ground
INFO     Sampling battle 2
INFO     	     houndstone       fluffy  assaultvest [bodypress, playrough, poltergeist, shadowsneak] ttype=fairy
INFO     	       greedent   cheekpouch  sitrusberry [bodyslam, earthquake, knockoff, swordsdance] ttype=ground
INFO     Sampling 4 unrevealed pokemon
INFO     	       chienpao  swordofruin heavydutyboots [iciclecrash, sacredsword, swordsdance, throatchop] ttype=dark
INFO     	      indeedeef psychicsurge  choicescarf [dazzlinggleam, healingwish, hypervoice, psyshock] ttype=fairy
INFO     	       sneasler     unburden    whiteherb [acrobatics, closecombat, direclaw, swordsdance] ttype=flying
INFO     	        dondozo      unaware    leftovers [curse, rest, sleeptalk, wavecrash] ttype=dragon
INFO     Sampling battle 3
INFO     	     houndstone       fluffy    leftovers [bodypress, poltergeist, rest, sleeptalk] ttype=fighting
INFO     	       greedent   cheekpouch  sitrusberry [bodyslam, earthquake, knockoff, swordsdance] ttype=ghost
INFO     Sampling 4 unrevealed pokemon
INFO     	       gyarados        moxie heavydutyboots [dragondance, earthquake, terablast, waterfall] ttype=flying
INFO     	       glimmora  toxicdebris    focussash [earthpower, powergem, sludgewave, stealthrock] ttype=ground
INFO     	        mimikyu     disguise      lifeorb [drainpunch, playrough, shadowsneak, swordsdance] ttype=fighting
INFO     	       hariyama         guts     flameorb [closecombat, facade, fakeout, knockoff] ttype=normal
INFO     Searching for a move using PUCT MCTS with neural priors...
INFO     Sampling 4 battles at 500ms each
INFO     Computing neural priors for all battles...
INFO     Initialized StateTranslator with TeamPreviewObservationSpace
INFO     Initializing LocalPolicyProvider with model: Minikazam
INFO     Loading pretrained Minikazam model...


 		 AMAGO v3.1
            	 -------------------------
            	 Agent: Agent
            		 Max Sequence Length: 64
            		 TstepEncoder Type: MetamonPerceiverTstepEncoder
            		 TrajEncoder Type: GRUTrajEncoder
            		 Total Parameters: 4,761,778
            		 Offline Loss Weight: 1.0
            		 Online Loss Weight: 0.0
            		 Mixed Precision: NO
            		 Checkpoint Path: /Users/yadureddy/Documents/GitHub/clean/pokeagent_ac_mcts/.metamon_cache/pretrained_models/models--jakegrigsby--metamon/snapshots/c5d1cb9abb6747066a325228845a5a8af3d12139/minikazam/minikazam/ckpts
            	 Environment:
            		 DummyAsyncVectorEnv(Gym Env x 1)
            		 Exploration Type: None
            	 Dataset: DoNothingDataset
            	 Accelerate Processes: 1 


INFO     Successfully loaded Minikazam model
ERROR    Error translating battle to observation: 
WARNING  Failed to get priors for battle: 
ERROR    Error translating battle to observation: 
WARNING  Failed to get priors for battle: 
ERROR    Error translating battle to observation: 
WARNING  Failed to get priors for battle: 
ERROR    Error translating battle to observation: 
WARNING  Failed to get priors for battle: 
INFO     Successfully computed neural priors for 0/4 battles
INFO     Using PUCT-guided move selection (priors integrated during search)...
INFO     Policy 0: wish visited 98.21% avg_score=0.583 sample_chance_multiplier=0.25
INFO     Policy 1: protect visited 54.59% avg_score=0.49 sample_chance_multiplier=0.25
INFO     Policy 2: wish visited 96.4% avg_score=0.567 sample_chance_multiplier=0.25
INFO     Policy 3: protect visited 50.56% avg_score=0.449 sample_chance_multiplier=0.25
INFO     Considered Choices:
INFO     	57.608%: wish
INFO     Choice: wish
INFO     Updated houndstone's min speed to 161
INFO     houndstone already has the move poltergeist. Decrementing the PP by 1
INFO     houndstone used a ghost move, removing ghostgem from possible items
INFO     Setting houndstone's last used move: poltergeist
INFO     houndstone used a damaging move - not guessing lifeorb anymore
INFO     houndstone did 41.48% damage to vaporeon with poltergeist
INFO     vaporeon has the item leftovers
INFO     vaporeon already has the move wish. Decrementing the PP by 1
INFO     vaporeon used a status-move. Adding `assaultvest` to impossible items
INFO     Setting vaporeon's last used move: wish
INFO     vaporeon used wish - expecting 182.0 health of recovery next turn
INFO     Setting vaporeon's item to: leftovers
INFO     Decrementing wish to 1 for the bot
INFO     
INFO     Turn: 5
INFO     Sampling battle 0
INFO     	     houndstone       fluffy  assaultvest [bodypress, playrough, poltergeist, shadowsneak] ttype=fairy
INFO     	       greedent   cheekpouch  sitrusberry [bodyslam, earthquake, knockoff, swordsdance] ttype=ghost
INFO     Sampling 4 unrevealed pokemon
INFO     	      sinistcha    heatproof    leftovers [calmmind, matchagotcha, shadowball, strengthsap] ttype=steel
INFO     	     archaludon      stamina    leftovers [bodypress, dracometeor, flashcannon, stealthrock] ttype=fighting
INFO     	     oinkologne     thickfat    leftovers [bodyslam, curse, highhorsepower, lashout] ttype=ground
INFO     	        flareon         guts     toxicorb [facade, flareblitz, trailblaze, willowisp] ttype=normal
INFO     Sampling battle 1
INFO     	     houndstone       fluffy    leftovers [bodypress, poltergeist, rest, sleeptalk] ttype=fighting
INFO     	       greedent   cheekpouch  sitrusberry [bodyslam, earthquake, knockoff, swordsdance] ttype=ghost
INFO     Sampling 4 unrevealed pokemon
INFO     	        suicune     pressure    leftovers [calmmind, icebeam, scald, substitute] ttype=steel
INFO     	     grimmsnarl    prankster    leftovers [spiritbreak, suckerpunch, taunt, thunderwave] ttype=steel
INFO     	     ironthorns   quarkdrive  choicescarf [earthquake, icepunch, stoneedge, wildcharge] ttype=grass
INFO     	       granbull   intimidate    leftovers [earthquake, encore, playrough, thunderwave] ttype=ground
INFO     Sampling battle 2
INFO     	     houndstone       fluffy  assaultvest [bodypress, playrough, poltergeist, shadowsneak] ttype=fighting
INFO     	       greedent   cheekpouch  sitrusberry [bodyslam, earthquake, knockoff, swordsdance] ttype=ghost
INFO     Sampling 4 unrevealed pokemon
INFO     	         dialga     pressure    leftovers [dracometeor, fireblast, heavyslam, thunderwave] ttype=flying
INFO     	      serperior     contrary      lifeorb [glare, leafstorm, synthesis, terablast] ttype=rock
INFO     	       enamorus     contrary    leftovers [playrough, substitute, superpower, taunt] ttype=fighting
INFO     	       venusaur     overgrow    leftovers [earthpower, energyball, sludgebomb, synthesis] ttype=steel
INFO     Sampling battle 3
INFO     	     houndstone       fluffy  assaultvest [bodypress, playrough, poltergeist, shadowsneak] ttype=fighting
INFO     	       greedent   cheekpouch  sitrusberry [bodyslam, earthquake, knockoff, swordsdance] ttype=ghost
INFO     Sampling 4 unrevealed pokemon
INFO     	      mamoswine     thickfat      lifeorb [earthquake, iceshard, iciclecrash, stealthrock] ttype=ground
INFO     	    corviknight     pressure    leftovers [bodypress, bravebird, defog, roost] ttype=dragon
INFO     	        volbeat    prankster heavydutyboots [encore, lunge, roost, thunderwave] ttype=water
INFO     	        manaphy    hydration    leftovers [energyball, icebeam, surf, tailglow] ttype=grass
INFO     Searching for a move using PUCT MCTS with neural priors...
INFO     Sampling 4 battles at 500ms each
INFO     Computing neural priors for all battles...
INFO     Initialized StateTranslator with TeamPreviewObservationSpace
INFO     Initializing LocalPolicyProvider with model: Minikazam
INFO     Loading pretrained Minikazam model...


 		 AMAGO v3.1
            	 -------------------------
            	 Agent: Agent
            		 Max Sequence Length: 64
            		 TstepEncoder Type: MetamonPerceiverTstepEncoder
            		 TrajEncoder Type: GRUTrajEncoder
            		 Total Parameters: 4,761,778
            		 Offline Loss Weight: 1.0
            		 Online Loss Weight: 0.0
            		 Mixed Precision: NO
            		 Checkpoint Path: /Users/yadureddy/Documents/GitHub/clean/pokeagent_ac_mcts/.metamon_cache/pretrained_models/models--jakegrigsby--metamon/snapshots/c5d1cb9abb6747066a325228845a5a8af3d12139/minikazam/minikazam/ckpts
            	 Environment:
            		 DummyAsyncVectorEnv(Gym Env x 1)
            		 Exploration Type: None
            	 Dataset: DoNothingDataset
            	 Accelerate Processes: 1 


INFO     Successfully loaded Minikazam model
ERROR    Error translating battle to observation: 
WARNING  Failed to get priors for battle: 
ERROR    Error translating battle to observation: 
WARNING  Failed to get priors for battle: 
ERROR    Error translating battle to observation: 
WARNING  Failed to get priors for battle: 
ERROR    Error translating battle to observation: 
WARNING  Failed to get priors for battle: 
INFO     Successfully computed neural priors for 0/4 battles
INFO     Using PUCT-guided move selection (priors integrated during search)...
INFO     Policy 0: protect visited 77.51% avg_score=0.623 sample_chance_multiplier=0.25
INFO     Policy 1: protect visited 96.66% avg_score=0.64 sample_chance_multiplier=0.25
INFO     Policy 2: protect visited 95.02% avg_score=0.694 sample_chance_multiplier=0.25
INFO     Policy 3: protect visited 57.83% avg_score=0.638 sample_chance_multiplier=0.25
INFO     Considered Choices:
INFO     	81.756%: protect
INFO     Choice: protect
INFO     Opponent has switched - clearing the last used move
INFO     zangoose switched in, adding intimidate to impossible abilities
INFO     zangoose switched in, adding pressure to impossible abilities
INFO     zangoose switched in, adding neutralizinggas to impossible abilities
INFO     zangoose switched in, adding sandstream to impossible abilities
INFO     zangoose switched in, adding drought to impossible abilities
INFO     zangoose switched in, adding drizzle to impossible abilities
INFO     zangoose switched in, adding snowwarning to impossible abilities
INFO     zangoose switched in, adding boosterenergy to impossible items
INFO     zangoose switched in, adding airballoon to impossible items
INFO     vaporeon already has the move protect. Decrementing the PP by 1
INFO     vaporeon used a status-move. Adding `assaultvest` to impossible items
INFO     Setting vaporeon's last used move: protect
INFO     Setting vaporeon's item to: leftovers
INFO     zangoose got status: tox
INFO     No longer guessing lumberry because zangoose got status tox
INFO     Decrementing wish to 0 for the bot
INFO     
INFO     Turn: 6
INFO     Sampling battle 0
INFO     	       zangoose   toxicboost     toxicorb [facade, knockoff, quickattack, swordsdance] ttype=normal
INFO     	       greedent   cheekpouch  sitrusberry [bodyslam, earthquake, knockoff, swordsdance] ttype=ground
INFO     	     houndstone       fluffy    leftovers [bodypress, poltergeist, roar, shadowsneak] ttype=fighting
INFO     Sampling 3 unrevealed pokemon
INFO     	      reuniclus   magicguard      lifeorb [calmmind, focusblast, psyshock, recover] ttype=steel
INFO     	         phione    hydration    leftovers [grassknot, icebeam, scald, takeheart] ttype=steel
INFO     	      quaquaval        moxie heavydutyboots [aquastep, closecombat, rapidspin, roost] ttype=water
INFO     Sampling battle 1
INFO     	       zangoose   toxicboost     toxicorb [facade, knockoff, quickattack, swordsdance] ttype=normal
INFO     	       greedent   cheekpouch  sitrusberry [bodyslam, earthquake, knockoff, swordsdance] ttype=ghost
INFO     	     houndstone       fluffy  assaultvest [bodypress, playrough, poltergeist, shadowsneak] ttype=fairy
INFO     Sampling 3 unrevealed pokemon
INFO     	         goodra    sapsipper  assaultvest [dracometeor, earthquake, scald, sludgebomb] ttype=water
INFO     	       regirock    clearbody  chestoberry [bodypress, irondefense, rest, stoneedge] ttype=fighting
INFO     	     electivire   motordrive      lifeorb [bulkup, earthquake, icepunch, supercellslam] ttype=flying
INFO     Sampling battle 2
INFO     	       zangoose   toxicboost     toxicorb [closecombat, facade, knockoff, quickattack] ttype=normal
INFO     	       greedent   cheekpouch  sitrusberry [bodyslam, earthquake, knockoff, swordsdance] ttype=ghost
INFO     	     houndstone       fluffy  assaultvest [bodypress, playrough, poltergeist, shadowsneak] ttype=fighting
INFO     Sampling 3 unrevealed pokemon
INFO     	     baxcalibur thermalexchange heavydutyboots [dragondance, earthquake, glaiverush, iciclecrash] ttype=ground
INFO     	       vikavolt     levitate heavydutyboots [bugbuzz, stickyweb, thunderbolt, voltswitch] ttype=electric
INFO     	         mewtwo      unnerve      lifeorb [aurasphere, darkpulse, nastyplot, psystrike] ttype=fighting
INFO     Sampling battle 3
INFO     	       zangoose   toxicboost     toxicorb [closecombat, facade, knockoff, swordsdance] ttype=normal
INFO     	       greedent   cheekpouch  sitrusberry [bodyslam, earthquake, knockoff, swordsdance] ttype=ghost
INFO     	     houndstone       fluffy    leftovers [bodypress, poltergeist, rest, sleeptalk] ttype=fighting
INFO     Sampling 3 unrevealed pokemon
INFO     	       miraidon hadronengine    leftovers [calmmind, dracometeor, electrodrift, substitute] ttype=electric
INFO     	        grumpig     thickfat    leftovers [focusblast, nastyplot, psychic, shadowball] ttype=fighting
INFO     	       rotommow     levitate    leftovers [leafstorm, nastyplot, thunderbolt, willowisp] ttype=electric
INFO     Sampling battle 4
INFO     	       zangoose   toxicboost     toxicorb [closecombat, facade, knockoff, swordsdance] ttype=normal
INFO     	       greedent   cheekpouch  sitrusberry [bodyslam, earthquake, knockoff, swordsdance] ttype=ghost
INFO     	     houndstone       fluffy    leftovers [bodypress, poltergeist, roar, shadowsneak] ttype=fighting
INFO     Sampling 3 unrevealed pokemon
INFO     	      araquanid  waterbubble  assaultvest [hydropump, leechlife, liquidation, mirrorcoat] ttype=steel
INFO     	         kyogre      drizzle    leftovers [calmmind, icebeam, originpulse, thunder] ttype=steel
INFO     	     bombirdier     bigpecks heavydutyboots [bravebird, knockoff, roost, stealthrock] ttype=steel
INFO     Sampling battle 5
INFO     	       zangoose   toxicboost     toxicorb [closecombat, facade, knockoff, swordsdance] ttype=normal
INFO     	       greedent   cheekpouch  sitrusberry [bodyslam, earthquake, knockoff, swordsdance] ttype=ghost
INFO     	     houndstone       fluffy    leftovers [bodypress, poltergeist, rest, sleeptalk] ttype=fighting
INFO     Sampling 3 unrevealed pokemon
INFO     	     conkeldurr         guts     flameorb [closecombat, facade, knockoff, machpunch] ttype=normal
INFO     	       ampharos       static      lifeorb [agility, dazzlinggleam, focusblast, thunderbolt] ttype=fairy
INFO     	       chienpao  swordofruin heavydutyboots [iciclecrash, suckerpunch, swordsdance, throatchop] ttype=ice
INFO     Sampling battle 6
INFO     	       zangoose   toxicboost     toxicorb [closecombat, facade, knockoff, swordsdance] ttype=normal
INFO     	       greedent   cheekpouch  sitrusberry [bodyslam, earthquake, knockoff, swordsdance] ttype=ghost
INFO     	     houndstone       fluffy    leftovers [bodypress, poltergeist, rest, sleeptalk] ttype=fighting
INFO     Sampling 3 unrevealed pokemon
INFO     	        delphox        blaze  choicescarf [fireblast, focusblast, grassknot, psyshock] ttype=fire
INFO     	            mew  synchronize    leftovers [knockoff, psychicnoise, stealthrock, toxicspikes] ttype=steel
INFO     	       gyarados        moxie heavydutyboots [dragondance, earthquake, terablast, waterfall] ttype=flying
INFO     Sampling battle 7
INFO     	       zangoose   toxicboost     toxicorb [closecombat, facade, knockoff, swordsdance] ttype=normal
INFO     	       greedent   cheekpouch  sitrusberry [bodyslam, earthquake, knockoff, swordsdance] ttype=ground
INFO     	     houndstone       fluffy    leftovers [bodypress, poltergeist, rest, sleeptalk] ttype=fighting
INFO     Sampling 3 unrevealed pokemon
INFO     	       granbull   intimidate    leftovers [earthquake, encore, playrough, thunderwave] ttype=ground
INFO     	       lumineon   stormdrain heavydutyboots [encore, hydropump, icebeam, uturn] ttype=fire
INFO     	   basculegionf adaptability  choicespecs [flipturn, hydropump, icebeam, shadowball] ttype=water
INFO     Searching for a move using PUCT MCTS with neural priors...
INFO     Sampling 8 battles at 250ms each
INFO     Computing neural priors for all battles...
INFO     Initialized StateTranslator with TeamPreviewObservationSpace
INFO     Initializing LocalPolicyProvider with model: Minikazam
INFO     Loading pretrained Minikazam model...


 		 AMAGO v3.1
            	 -------------------------
            	 Agent: Agent
            		 Max Sequence Length: 64
            		 TstepEncoder Type: MetamonPerceiverTstepEncoder
            		 TrajEncoder Type: GRUTrajEncoder
            		 Total Parameters: 4,761,778
            		 Offline Loss Weight: 1.0
            		 Online Loss Weight: 0.0
            		 Mixed Precision: NO
            		 Checkpoint Path: /Users/yadureddy/Documents/GitHub/clean/pokeagent_ac_mcts/.metamon_cache/pretrained_models/models--jakegrigsby--metamon/snapshots/c5d1cb9abb6747066a325228845a5a8af3d12139/minikazam/minikazam/ckpts
            	 Environment:
            		 DummyAsyncVectorEnv(Gym Env x 1)
            		 Exploration Type: None
            	 Dataset: DoNothingDataset
            	 Accelerate Processes: 1 


INFO     Successfully loaded Minikazam model
ERROR    Error translating battle to observation: 
WARNING  Failed to get priors for battle: 
ERROR    Error translating battle to observation: 
WARNING  Failed to get priors for battle: 
ERROR    Error translating battle to observation: 
WARNING  Failed to get priors for battle: 
ERROR    Error translating battle to observation: 
WARNING  Failed to get priors for battle: 
ERROR    Error translating battle to observation: 
WARNING  Failed to get priors for battle: 
ERROR    Error translating battle to observation: 
WARNING  Failed to get priors for battle: 
ERROR    Error translating battle to observation: 
WARNING  Failed to get priors for battle: 
ERROR    Error translating battle to observation: 
WARNING  Failed to get priors for battle: 
INFO     Successfully computed neural priors for 0/8 battles
INFO     Using PUCT-guided move selection (priors integrated during search)...
INFO     Policy 0: switch dialgaorigin visited 93.58% avg_score=0.447 sample_chance_multiplier=0.125
INFO     Policy 1: switch dialgaorigin visited 78.25% avg_score=0.446 sample_chance_multiplier=0.125
INFO     Policy 2: protect visited 90.51% avg_score=0.373 sample_chance_multiplier=0.125
INFO     Policy 3: protect visited 80.33% avg_score=0.35 sample_chance_multiplier=0.125
INFO     Policy 4: protect visited 67.33% avg_score=0.347 sample_chance_multiplier=0.125
INFO     Policy 5: protect visited 68.18% avg_score=0.347 sample_chance_multiplier=0.125
INFO     Policy 6: protect visited 64.76% avg_score=0.353 sample_chance_multiplier=0.125
INFO     Policy 7: protect visited 67.72% avg_score=0.352 sample_chance_multiplier=0.125
INFO     Considered Choices:
INFO     	56.962%: protect
INFO     Choice: protect
INFO     vaporeon already has the move protect. Decrementing the PP by 1
INFO     vaporeon used a status-move. Adding `assaultvest` to impossible items
INFO     Setting vaporeon's last used move: protect
INFO     vaporeon used a protect move, set protect side condition to 2
INFO     zangoose used a normal move, removing normalgem from possible items
INFO     Setting zangoose's last used move: facade
INFO     zangoose used a damaging move - not guessing lifeorb anymore
INFO     Setting vaporeon's item to: leftovers
INFO     Setting protect to 1 for the bot
INFO     zangoose has less than maxhp during upkeep, no longer guessing leftovers or blacksludge
INFO     
INFO     Turn: 7
INFO     Sampling battle 0
INFO     	       zangoose   toxicboost     toxicorb [facade, knockoff, quickattack, swordsdance] ttype=normal
INFO     	       greedent   cheekpouch  sitrusberry [bodyslam, earthquake, knockoff, swordsdance] ttype=ghost
INFO     	     houndstone       fluffy    leftovers [bodypress, poltergeist, rest, sleeptalk] ttype=fighting
INFO     Sampling 3 unrevealed pokemon
INFO     	        weavile   pickpocket heavydutyboots [iceshard, knockoff, swordsdance, tripleaxel] ttype=dark
INFO     	     calyrexice asone(glastrier) heavydutyboots [closecombat, glaciallance, highhorsepower, trickroom] ttype=ground
INFO     	      araquanid  waterbubble heavydutyboots [leechlife, liquidation, mirrorcoat, stickyweb] ttype=steel
INFO     Sampling battle 1
INFO     	       zangoose   toxicboost     toxicorb [closecombat, facade, knockoff, swordsdance] ttype=normal
INFO     	       greedent   cheekpouch  sitrusberry [bodyslam, earthquake, knockoff, swordsdance] ttype=ground
INFO     	     houndstone       fluffy  assaultvest [bodypress, playrough, poltergeist, shadowsneak] ttype=fighting
INFO     Sampling 3 unrevealed pokemon
INFO     	            mew  synchronize    leftovers [knockoff, psychic, stealthrock, willowisp] ttype=dark
INFO     	      crawdaunt adaptability      lifeorb [aquajet, crabhammer, dragondance, knockoff] ttype=water
INFO     	      zamazenta dauntlessshield   choiceband [closecombat, crunch, ironhead, stoneedge] ttype=dark
INFO     Sampling battle 2
INFO     	       zangoose   toxicboost     toxicorb [facade, knockoff, quickattack, swordsdance] ttype=normal
INFO     	       greedent   cheekpouch  sitrusberry [bodyslam, earthquake, knockoff, swordsdance] ttype=ground
INFO     	     houndstone       fluffy    leftovers [bodypress, poltergeist, rest, sleeptalk] ttype=fighting
INFO     Sampling 3 unrevealed pokemon
INFO     	     sandaconda     shedskin    leftovers [coil, earthquake, glare, stoneedge] ttype=dragon
INFO     	        sableye    prankster    leftovers [encore, knockoff, recover, thunderwave] ttype=poison
INFO     	        scrafty     shedskin    leftovers [bulkup, drainpunch, knockoff, rest] ttype=poison
INFO     Sampling battle 3
INFO     	       zangoose   toxicboost     toxicorb [closecombat, facade, knockoff, quickattack] ttype=normal
INFO     	       greedent   cheekpouch  sitrusberry [bodyslam, earthquake, knockoff, swordsdance] ttype=ghost
INFO     	     houndstone       fluffy    leftovers [bodypress, poltergeist, shadowsneak, willowisp] ttype=fighting
INFO     Sampling 3 unrevealed pokemon
INFO     	ogerponhearthflame  moldbreaker hearthflamemask [hornleech, ivycudgel, knockoff, swordsdance] ttype=fire
INFO     	       greninja      protean      lifeorb [darkpulse, gunkshot, hydropump, toxicspikes] ttype=dark
INFO     	  qwilfishhisui   intimidate     eviolite [crunch, gunkshot, taunt, toxicspikes] ttype=flying
INFO     Searching for a move using PUCT MCTS with neural priors...
INFO     Sampling 4 battles at 500ms each
INFO     Computing neural priors for all battles...
INFO     Initialized StateTranslator with TeamPreviewObservationSpace
INFO     Initializing LocalPolicyProvider with model: Minikazam
INFO     Loading pretrained Minikazam model...


 		 AMAGO v3.1
            	 -------------------------
            	 Agent: Agent
            		 Max Sequence Length: 64
            		 TstepEncoder Type: MetamonPerceiverTstepEncoder
            		 TrajEncoder Type: GRUTrajEncoder
            		 Total Parameters: 4,761,778
            		 Offline Loss Weight: 1.0
            		 Online Loss Weight: 0.0
            		 Mixed Precision: NO
            		 Checkpoint Path: /Users/yadureddy/Documents/GitHub/clean/pokeagent_ac_mcts/.metamon_cache/pretrained_models/models--jakegrigsby--metamon/snapshots/c5d1cb9abb6747066a325228845a5a8af3d12139/minikazam/minikazam/ckpts
            	 Environment:
            		 DummyAsyncVectorEnv(Gym Env x 1)
            		 Exploration Type: None
            	 Dataset: DoNothingDataset
            	 Accelerate Processes: 1 


INFO     Successfully loaded Minikazam model
ERROR    Error translating battle to observation: 
WARNING  Failed to get priors for battle: 
ERROR    Error translating battle to observation: 
WARNING  Failed to get priors for battle: 
ERROR    Error translating battle to observation: 
WARNING  Failed to get priors for battle: 
ERROR    Error translating battle to observation: 
WARNING  Failed to get priors for battle: 
INFO     Successfully computed neural priors for 0/4 battles
INFO     Using PUCT-guided move selection (priors integrated during search)...
INFO     Policy 0: switch dialgaorigin visited 66.07% avg_score=0.387 sample_chance_multiplier=0.25
INFO     Policy 1: protect visited 90.75% avg_score=0.352 sample_chance_multiplier=0.25
INFO     Policy 2: switch dialgaorigin visited 98.93% avg_score=0.585 sample_chance_multiplier=0.25
INFO     Policy 3: protect visited 98.35% avg_score=0.395 sample_chance_multiplier=0.25
INFO     Considered Choices:
INFO     	47.515%: protect
INFO     	41.591%: switch dialgaorigin
INFO     Choice: protect
INFO     vaporeon already has the move protect. Decrementing the PP by 1
INFO     vaporeon used a status-move. Adding `assaultvest` to impossible items
INFO     Setting vaporeon's last used move: protect
INFO     vaporeon used a protect move, set protect side condition to 3
INFO     zangoose already has the move facade. Decrementing the PP by 1
INFO     zangoose used a normal move, removing normalgem from possible items
INFO     Setting zangoose's last used move: facade
INFO     zangoose used a damaging move - not guessing lifeorb anymore
INFO     Setting vaporeon's item to: leftovers
INFO     Setting protect to 2 for the bot
INFO     zangoose has less than maxhp during upkeep, no longer guessing leftovers or blacksludge
INFO     
INFO     Turn: 8
INFO     Sampling battle 0
INFO     	       zangoose   toxicboost     toxicorb [facade, knockoff, quickattack, swordsdance] ttype=normal
INFO     	       greedent   cheekpouch  sitrusberry [bodyslam, earthquake, knockoff, swordsdance] ttype=ground
INFO     	     houndstone       fluffy    leftovers [bodypress, poltergeist, shadowsneak, willowisp] ttype=fighting
INFO     Sampling 3 unrevealed pokemon
INFO     	      metagross    clearbody   choiceband [bulletpunch, earthquake, heavyslam, psychicfangs] ttype=water
INFO     	        lanturn   voltabsorb    leftovers [scald, thunderbolt, thunderwave, voltswitch] ttype=flying
INFO     	      decidueye     overgrow heavydutyboots [defog, leafstorm, spiritshackle, uturn] ttype=ghost
INFO     Sampling battle 1
INFO     	       zangoose   toxicboost     toxicorb [facade, knockoff, quickattack, swordsdance] ttype=normal
INFO     	       greedent   cheekpouch  sitrusberry [bodyslam, earthquake, knockoff, swordsdance] ttype=ghost
INFO     	     houndstone       fluffy  assaultvest [bodypress, playrough, poltergeist, shadowsneak] ttype=fighting
INFO     Sampling 3 unrevealed pokemon
INFO     	       dusknoir        frisk    leftovers [earthquake, poltergeist, shadowsneak, willowisp] ttype=dark
INFO     	     kricketune   technician heavydutyboots [knockoff, pounce, swordsdance, taunt] ttype=ghost
INFO     	        weavile   pickpocket heavydutyboots [knockoff, lowkick, swordsdance, tripleaxel] ttype=ice
INFO     Sampling battle 2
INFO     	       zangoose   toxicboost     toxicorb [closecombat, facade, knockoff, quickattack] ttype=normal
INFO     	       greedent   cheekpouch  sitrusberry [bodyslam, earthquake, knockoff, swordsdance] ttype=ground
INFO     	     houndstone       fluffy  assaultvest [bodypress, playrough, poltergeist, shadowsneak] ttype=fighting
INFO     Sampling 3 unrevealed pokemon
INFO     	      greattusk protosynthesis  assaultvest [closecombat, headlongrush, icespinner, rapidspin] ttype=ground
INFO     	         deoxys     pressure      lifeorb [extremespeed, knockoff, psychoboost, superpower] ttype=normal
INFO     	         rabsca  synchronize heavydutyboots [bugbuzz, psychic, recover, revivalblessing] ttype=steel
INFO     Sampling battle 3
INFO     	       zangoose   toxicboost     toxicorb [facade, knockoff, quickattack, swordsdance] ttype=normal
INFO     	       greedent   cheekpouch  sitrusberry [bodyslam, earthquake, knockoff, swordsdance] ttype=ghost
INFO     	     houndstone       fluffy    leftovers [bodypress, poltergeist, roar, shadowsneak] ttype=fighting
INFO     Sampling 3 unrevealed pokemon
INFO     	      rotomwash     levitate    leftovers [hydropump, nastyplot, painsplit, thunderbolt] ttype=electric
INFO     	        dugtrio    arenatrap   choiceband [earthquake, stoneedge, suckerpunch, throatchop] ttype=dark
INFO     	        jolteon   voltabsorb      lifeorb [alluringvoice, calmmind, shadowball, thunderbolt] ttype=fairy
INFO     Searching for a move using PUCT MCTS with neural priors...
INFO     Sampling 4 battles at 500ms each
INFO     Computing neural priors for all battles...
INFO     Initialized StateTranslator with TeamPreviewObservationSpace
INFO     Initializing LocalPolicyProvider with model: Minikazam
INFO     Loading pretrained Minikazam model...


 		 AMAGO v3.1
            	 -------------------------
            	 Agent: Agent
            		 Max Sequence Length: 64
            		 TstepEncoder Type: MetamonPerceiverTstepEncoder
            		 TrajEncoder Type: GRUTrajEncoder
            		 Total Parameters: 4,761,778
            		 Offline Loss Weight: 1.0
            		 Online Loss Weight: 0.0
            		 Mixed Precision: NO
            		 Checkpoint Path: /Users/yadureddy/Documents/GitHub/clean/pokeagent_ac_mcts/.metamon_cache/pretrained_models/models--jakegrigsby--metamon/snapshots/c5d1cb9abb6747066a325228845a5a8af3d12139/minikazam/minikazam/ckpts
            	 Environment:
            		 DummyAsyncVectorEnv(Gym Env x 1)
            		 Exploration Type: None
            	 Dataset: DoNothingDataset
            	 Accelerate Processes: 1 


INFO     Successfully loaded Minikazam model
ERROR    Error translating battle to observation: 
WARNING  Failed to get priors for battle: 
ERROR    Error translating battle to observation: 
WARNING  Failed to get priors for battle: 
ERROR    Error translating battle to observation: 
WARNING  Failed to get priors for battle: 
ERROR    Error translating battle to observation: 
WARNING  Failed to get priors for battle: 
INFO     Successfully computed neural priors for 0/4 battles
INFO     Using PUCT-guided move selection (priors integrated during search)...
INFO     Policy 0: switch dialgaorigin visited 93.92% avg_score=0.454 sample_chance_multiplier=0.25
INFO     Policy 1: switch dialgaorigin visited 81.79% avg_score=0.475 sample_chance_multiplier=0.25
INFO     Policy 2: scald visited 97.55% avg_score=0.42 sample_chance_multiplier=0.25
INFO     Policy 3: switch dialgaorigin visited 45.53% avg_score=0.454 sample_chance_multiplier=0.25
INFO     Considered Choices:
INFO     	55.418%: switch dialgaorigin
INFO     Choice: switch dialgaorigin
INFO     dialgaorigin switched in, adding intimidate to impossible abilities
INFO     dialgaorigin switched in, adding pressure to impossible abilities
INFO     dialgaorigin switched in, adding neutralizinggas to impossible abilities
INFO     dialgaorigin switched in, adding sandstream to impossible abilities
INFO     dialgaorigin switched in, adding drought to impossible abilities
INFO     dialgaorigin switched in, adding drizzle to impossible abilities
INFO     dialgaorigin switched in, adding snowwarning to impossible abilities
INFO     dialgaorigin switched in, adding boosterenergy to impossible items
INFO     dialgaorigin switched in, adding airballoon to impossible items
INFO     Setting dialgaorigin's ability to pressure
INFO     zangoose already has the move facade. Decrementing the PP by 2
INFO     zangoose used a normal move, removing normalgem from possible items
INFO     Setting zangoose's last used move: facade
INFO     zangoose used a damaging move - not guessing lifeorb anymore
INFO     zangoose did 41.349999999999994% damage to dialgaorigin with facade
INFO     Setting protect to 1 for the bot
INFO     zangoose has less than maxhp during upkeep, no longer guessing leftovers or blacksludge
INFO     
INFO     Turn: 9
INFO     Sampling battle 0
INFO     	       zangoose   toxicboost     toxicorb [closecombat, facade, knockoff, quickattack] ttype=normal
INFO     	       greedent   cheekpouch  sitrusberry [bodyslam, earthquake, knockoff, swordsdance] ttype=ground
INFO     	     houndstone       fluffy    leftovers [bodypress, poltergeist, rest, sleeptalk] ttype=fighting
INFO     Sampling 3 unrevealed pokemon
INFO     	       magcargo    flamebody heavydutyboots [lavaplume, powergem, recover, yawn] ttype=dragon
INFO     	      sinistcha    heatproof    leftovers [calmmind, matchagotcha, shadowball, strengthsap] ttype=steel
INFO     	         comfey       triage    leftovers [calmmind, drainingkiss, gigadrain, terablast] ttype=ground
INFO     Sampling battle 1
INFO     	       zangoose   toxicboost     toxicorb [facade, knockoff, quickattack, swordsdance] ttype=normal
INFO     	       greedent   cheekpouch  sitrusberry [bodyslam, earthquake, knockoff, swordsdance] ttype=ghost
INFO     	     houndstone       fluffy  assaultvest [bodypress, playrough, poltergeist, shadowsneak] ttype=fighting
INFO     Sampling 3 unrevealed pokemon
INFO     	         flygon     levitate     lumberry [dragondance, earthquake, outrage, stoneedge] ttype=rock
INFO     	     golemalola    galvanize      lifeorb [doubleedge, earthquake, rockpolish, stoneedge] ttype=flying
INFO     	         luxray   intimidate  assaultvest [playrough, throatchop, voltswitch, wildcharge] ttype=electric
INFO     Sampling battle 2
INFO     	       zangoose   toxicboost     toxicorb [facade, knockoff, quickattack, swordsdance] ttype=normal
INFO     	       greedent   cheekpouch  sitrusberry [bodyslam, earthquake, knockoff, swordsdance] ttype=ground
INFO     	     houndstone       fluffy    leftovers [bodypress, poltergeist, rest, sleeptalk] ttype=fighting
INFO     Sampling 3 unrevealed pokemon
INFO     	       frosmoth    icescales heavydutyboots [bugbuzz, icebeam, quiverdance, terablast] ttype=ground
INFO     	         comfey       triage    leftovers [calmmind, drainingkiss, gigadrain, terablast] ttype=ground
INFO     	     kricketune   technician    focussash [knockoff, pounce, stickyweb, taunt] ttype=ghost
INFO     Sampling battle 3
INFO     	       zangoose   toxicboost     toxicorb [closecombat, facade, knockoff, quickattack] ttype=normal
INFO     	       greedent   cheekpouch  sitrusberry [bodyslam, earthquake, knockoff, swordsdance] ttype=ghost
INFO     	     houndstone       fluffy  assaultvest [bodypress, playrough, poltergeist, shadowsneak] ttype=fairy
INFO     Sampling 3 unrevealed pokemon
INFO     	      vespiquen     pressure heavydutyboots [hurricane, roost, toxic, uturn] ttype=steel
INFO     	      hydrapple  regenerator  assaultvest [dragontail, earthpower, ficklebeam, gigadrain] ttype=steel
INFO     	       illumise    prankster heavydutyboots [bugbuzz, encore, roost, thunderwave] ttype=steel
INFO     Searching for a move using PUCT MCTS with neural priors...
INFO     Sampling 4 battles at 500ms each
INFO     Computing neural priors for all battles...
INFO     Initialized StateTranslator with TeamPreviewObservationSpace
INFO     Initializing LocalPolicyProvider with model: Minikazam
INFO     Loading pretrained Minikazam model...


 		 AMAGO v3.1
            	 -------------------------
            	 Agent: Agent
            		 Max Sequence Length: 64
            		 TstepEncoder Type: MetamonPerceiverTstepEncoder
            		 TrajEncoder Type: GRUTrajEncoder
            		 Total Parameters: 4,761,778
            		 Offline Loss Weight: 1.0
            		 Online Loss Weight: 0.0
            		 Mixed Precision: NO
            		 Checkpoint Path: /Users/yadureddy/Documents/GitHub/clean/pokeagent_ac_mcts/.metamon_cache/pretrained_models/models--jakegrigsby--metamon/snapshots/c5d1cb9abb6747066a325228845a5a8af3d12139/minikazam/minikazam/ckpts
            	 Environment:
            		 DummyAsyncVectorEnv(Gym Env x 1)
            		 Exploration Type: None
            	 Dataset: DoNothingDataset
            	 Accelerate Processes: 1 


INFO     Successfully loaded Minikazam model
ERROR    Error translating battle to observation: 
WARNING  Failed to get priors for battle: 
ERROR    Error translating battle to observation: 
WARNING  Failed to get priors for battle: 
ERROR    Error translating battle to observation: 
WARNING  Failed to get priors for battle: 
ERROR    Error translating battle to observation: 
WARNING  Failed to get priors for battle: 
INFO     Successfully computed neural priors for 0/4 battles
INFO     Using PUCT-guided move selection (priors integrated during search)...
INFO     Policy 0: switch reuniclus visited 31.19% avg_score=0.425 sample_chance_multiplier=0.25
INFO     Policy 1: fireblast visited 45.36% avg_score=0.534 sample_chance_multiplier=0.25
INFO     Policy 2: heavyslam visited 70.42% avg_score=0.458 sample_chance_multiplier=0.25
INFO     Policy 3: switch vaporeon visited 43.64% avg_score=0.427 sample_chance_multiplier=0.25
INFO     Considered Choices:
INFO     	25.755%: heavyslam
INFO     	23.011%: fireblast
INFO     Choice: fireblast
INFO     Updated zangoose's min speed to 174
INFO     zangoose used two different moves - it cannot have a choice item
INFO     zangoose used a fighting move, removing fightinggem from possible items
INFO     Setting zangoose's last used move: closecombat
INFO     zangoose used a damaging move - not guessing lifeorb anymore
INFO     zangoose did 58.650000000000006% damage to dialgaorigin with closecombat
INFO     zangoose's defense was unboosted by 1 to -1
INFO     zangoose's special-defense was unboosted by 1 to -1
INFO     Setting protect to 0 for the bot
INFO     zangoose has less than maxhp during upkeep, no longer guessing leftovers or blacksludge
INFO     Sampling battle 0
INFO     	       zangoose   toxicboost     toxicorb [closecombat, facade, knockoff, quickattack] ttype=normal
INFO     	       greedent   cheekpouch  sitrusberry [bodyslam, earthquake, knockoff, swordsdance] ttype=ghost
INFO     	     houndstone       fluffy    leftovers [bodypress, poltergeist, rest, sleeptalk] ttype=fighting
INFO     Sampling 3 unrevealed pokemon
INFO     	        ogerpon      defiant      lifeorb [ivycudgel, knockoff, spikes, superpower] ttype=grass
INFO     	     krookodile   intimidate      lifeorb [earthquake, gunkshot, knockoff, stealthrock] ttype=poison
INFO     	        leafeon  chlorophyll    leftovers [knockoff, leafblade, substitute, swordsdance] ttype=dark
INFO     Sampling battle 1
INFO     	       zangoose   toxicboost     toxicorb [closecombat, facade, knockoff, swordsdance] ttype=normal
INFO     	       greedent   cheekpouch  sitrusberry [bodyslam, earthquake, knockoff, swordsdance] ttype=ghost
INFO     	     houndstone       fluffy    leftovers [bodypress, poltergeist, rest, sleeptalk] ttype=fighting
INFO     Sampling 3 unrevealed pokemon
INFO     	       sunflora  chlorophyll  choicespecs [dazzlinggleam, earthpower, leafstorm, sludgebomb] ttype=fairy
INFO     	         swanna    hydration heavydutyboots [bravebird, hydropump, knockoff, roost] ttype=ground
INFO     	     pincurchin electricsurge    leftovers [curse, liquidation, recover, zingzap] ttype=water
INFO     Sampling battle 2
INFO     	       zangoose   toxicboost     toxicorb [closecombat, facade, knockoff, swordsdance] ttype=normal
INFO     	       greedent   cheekpouch  sitrusberry [bodyslam, earthquake, knockoff, swordsdance] ttype=ghost
INFO     	     houndstone       fluffy    leftovers [bodypress, poltergeist, rest, sleeptalk] ttype=fighting
INFO     Sampling 3 unrevealed pokemon
INFO     	       sunflora  chlorophyll      lifeorb [earthpower, solarbeam, sunnyday, weatherball] ttype=fire
INFO     	        morpeko hungerswitch heavydutyboots [aurawheel, partingshot, protect, rapidspin] ttype=electric
INFO     	        mesprit     levitate  choicescarf [dazzlinggleam, psychic, thunderbolt, trick] ttype=electric
INFO     Sampling battle 3
INFO     	       zangoose   toxicboost     toxicorb [closecombat, facade, knockoff, swordsdance] ttype=normal
INFO     	       greedent   cheekpouch  sitrusberry [bodyslam, earthquake, knockoff, swordsdance] ttype=ghost
INFO     	     houndstone       fluffy    leftovers [bodypress, poltergeist, roar, shadowsneak] ttype=fighting
INFO     Sampling 3 unrevealed pokemon
INFO     	      bellibolt electromorphosis    leftovers [muddywater, slackoff, thunderbolt, toxic] ttype=electric
INFO     	       arcanine   intimidate heavydutyboots [extremespeed, flareblitz, morningsun, roar] ttype=normal
INFO     	      terrakion    justified      lifeorb [closecombat, earthquake, stoneedge, swordsdance] ttype=ground
INFO     Searching for a move using PUCT MCTS with neural priors...
INFO     Sampling 4 battles at 500ms each
INFO     Computing neural priors for all battles...
INFO     Initialized StateTranslator with TeamPreviewObservationSpace
INFO     Initializing LocalPolicyProvider with model: Minikazam
INFO     Loading pretrained Minikazam model...


 		 AMAGO v3.1
            	 -------------------------
            	 Agent: Agent
            		 Max Sequence Length: 64
            		 TstepEncoder Type: MetamonPerceiverTstepEncoder
            		 TrajEncoder Type: GRUTrajEncoder
            		 Total Parameters: 4,761,778
            		 Offline Loss Weight: 1.0
            		 Online Loss Weight: 0.0
            		 Mixed Precision: NO
            		 Checkpoint Path: /Users/yadureddy/Documents/GitHub/clean/pokeagent_ac_mcts/.metamon_cache/pretrained_models/models--jakegrigsby--metamon/snapshots/c5d1cb9abb6747066a325228845a5a8af3d12139/minikazam/minikazam/ckpts
            	 Environment:
            		 DummyAsyncVectorEnv(Gym Env x 1)
            		 Exploration Type: None
            	 Dataset: DoNothingDataset
            	 Accelerate Processes: 1 


INFO     Successfully loaded Minikazam model
ERROR    Error translating battle to observation: 
WARNING  Failed to get priors for battle: 
ERROR    Error translating battle to observation: 
WARNING  Failed to get priors for battle: 
ERROR    Error translating battle to observation: 
WARNING  Failed to get priors for battle: 
ERROR    Error translating battle to observation: 
WARNING  Failed to get priors for battle: 
INFO     Successfully computed neural priors for 0/4 battles
INFO     Using PUCT-guided move selection (priors integrated during search)...
INFO     Policy 0: switch cryogonal visited 98.46% avg_score=0.519 sample_chance_multiplier=0.25
INFO     Policy 1: switch cryogonal visited 98.59% avg_score=0.53 sample_chance_multiplier=0.25
INFO     Policy 2: switch cryogonal visited 98.53% avg_score=0.524 sample_chance_multiplier=0.25
INFO     Policy 3: switch vaporeon visited 59.15% avg_score=0.434 sample_chance_multiplier=0.25
INFO     Considered Choices:
INFO     	78.978%: switch cryogonal
INFO     Choice: switch cryogonal
INFO     cryogonal switched in, adding intimidate to impossible abilities
INFO     cryogonal switched in, adding pressure to impossible abilities
INFO     cryogonal switched in, adding neutralizinggas to impossible abilities
INFO     cryogonal switched in, adding sandstream to impossible abilities
INFO     cryogonal switched in, adding drought to impossible abilities
INFO     cryogonal switched in, adding drizzle to impossible abilities
INFO     cryogonal switched in, adding snowwarning to impossible abilities
INFO     cryogonal switched in, adding boosterenergy to impossible items
INFO     cryogonal switched in, adding airballoon to impossible items
INFO     
INFO     Turn: 10
INFO     Sampling battle 0
INFO     	       zangoose   toxicboost     toxicorb [closecombat, facade, knockoff, quickattack] ttype=normal
INFO     	       greedent   cheekpouch  sitrusberry [bodyslam, earthquake, knockoff, swordsdance] ttype=ghost
INFO     	     houndstone       fluffy    leftovers [bodypress, poltergeist, rest, sleeptalk] ttype=fighting
INFO     Sampling 3 unrevealed pokemon
INFO     	      ninetales      drought heavydutyboots [fireblast, nastyplot, scorchingsands, solarbeam] ttype=grass
INFO     	       giratina     pressure    leftovers [defog, dragontail, rest, shadowball] ttype=fairy
INFO     	         espeon  magicbounce      lifeorb [alluringvoice, calmmind, morningsun, psychic] ttype=psychic
INFO     Sampling battle 1
INFO     	       zangoose   toxicboost     toxicorb [closecombat, facade, knockoff, swordsdance] ttype=normal
INFO     	       greedent   cheekpouch  sitrusberry [bodyslam, earthquake, knockoff, swordsdance] ttype=ground
INFO     	     houndstone       fluffy    leftovers [bodypress, poltergeist, rest, sleeptalk] ttype=fighting
INFO     Sampling 3 unrevealed pokemon
INFO     	      charizard        blaze heavydutyboots [dragondance, earthquake, flareblitz, outrage] ttype=ground
INFO     	      pachirisu   voltabsorb  assaultvest [nuzzle, superfang, thunderbolt, uturn] ttype=flying
INFO     	       landorus   sheerforce      lifeorb [earthpower, psychic, rockslide, stealthrock] ttype=ground
INFO     Sampling battle 2
INFO     	       zangoose   toxicboost     toxicorb [closecombat, facade, knockoff, quickattack] ttype=normal
INFO     	       greedent   cheekpouch  sitrusberry [bodyslam, earthquake, knockoff, swordsdance] ttype=ghost
INFO     	     houndstone       fluffy    leftovers [bodypress, poltergeist, rest, sleeptalk] ttype=fighting
INFO     Sampling 3 unrevealed pokemon
INFO     	    arceusgrass    multitype  meadowplate [calmmind, earthpower, icebeam, judgment] ttype=ground
INFO     	 sandslashalola    slushrush   choiceband [earthquake, ironhead, knockoff, tripleaxel] ttype=water
INFO     	       sneasler     unburden    whiteherb [acrobatics, closecombat, gunkshot, swordsdance] ttype=flying
INFO     Sampling battle 3
INFO     	       zangoose   toxicboost     toxicorb [closecombat, facade, knockoff, quickattack] ttype=normal
INFO     	       greedent   cheekpouch  sitrusberry [bodyslam, earthquake, knockoff, swordsdance] ttype=ground
INFO     	     houndstone       fluffy    leftovers [bodypress, poltergeist, rest, sleeptalk] ttype=fighting
INFO     Sampling 3 unrevealed pokemon
INFO     	      abomasnow  snowwarning    lightclay [auroraveil, blizzard, earthquake, woodhammer] ttype=water
INFO     	       rotommow     levitate    leftovers [leafstorm, thunderbolt, voltswitch, willowisp] ttype=grass
INFO     	  slowkinggalar  regenerator    leftovers [fireblast, psychicnoise, slackoff, sludgebomb] ttype=poison
INFO     Searching for a move using PUCT MCTS with neural priors...
INFO     Sampling 4 battles at 500ms each
INFO     Computing neural priors for all battles...
INFO     Initialized StateTranslator with TeamPreviewObservationSpace
INFO     Initializing LocalPolicyProvider with model: Minikazam
INFO     Loading pretrained Minikazam model...


 		 AMAGO v3.1
            	 -------------------------
            	 Agent: Agent
            		 Max Sequence Length: 64
            		 TstepEncoder Type: MetamonPerceiverTstepEncoder
            		 TrajEncoder Type: GRUTrajEncoder
            		 Total Parameters: 4,761,778
            		 Offline Loss Weight: 1.0
            		 Online Loss Weight: 0.0
            		 Mixed Precision: NO
            		 Checkpoint Path: /Users/yadureddy/Documents/GitHub/clean/pokeagent_ac_mcts/.metamon_cache/pretrained_models/models--jakegrigsby--metamon/snapshots/c5d1cb9abb6747066a325228845a5a8af3d12139/minikazam/minikazam/ckpts
            	 Environment:
            		 DummyAsyncVectorEnv(Gym Env x 1)
            		 Exploration Type: None
            	 Dataset: DoNothingDataset
            	 Accelerate Processes: 1 


INFO     Successfully loaded Minikazam model
ERROR    Error translating battle to observation: 
WARNING  Failed to get priors for battle: 
ERROR    Error translating battle to observation: 
WARNING  Failed to get priors for battle: 
ERROR    Error translating battle to observation: 
WARNING  Failed to get priors for battle: 
ERROR    Error translating battle to observation: 
WARNING  Failed to get priors for battle: 
INFO     Successfully computed neural priors for 0/4 battles
INFO     Using PUCT-guided move selection (priors integrated during search)...
INFO     Policy 0: switch dragalge visited 44.07% avg_score=0.469 sample_chance_multiplier=0.25
INFO     Policy 1: icebeam visited 84.66% avg_score=0.445 sample_chance_multiplier=0.25
INFO     Policy 2: icebeam visited 88.5% avg_score=0.436 sample_chance_multiplier=0.25
INFO     Policy 3: icebeam visited 63.65% avg_score=0.411 sample_chance_multiplier=0.25
INFO     Considered Choices:
INFO     	67.887%: icebeam
INFO     Choice: icebeam
INFO     Opponent has switched - clearing the last used move
INFO     cryogonal already has the move icebeam. Decrementing the PP by 1
INFO     cryogonal used a ice move, removing icegem from possible items
INFO     Setting cryogonal's last used move: icebeam
INFO     cryogonal used a damaging move - not guessing lifeorb anymore
INFO     cryogonal did 32.0% damage to greedent with icebeam
INFO     greedent has less than maxhp during upkeep, no longer guessing leftovers or blacksludge
INFO     
INFO     Turn: 11
INFO     Sampling battle 0
INFO     	       greedent   cheekpouch  sitrusberry [bodyslam, earthquake, knockoff, swordsdance] ttype=ghost
INFO     	     houndstone       fluffy    leftovers [bodypress, poltergeist, rest, sleeptalk] ttype=fighting
INFO     	       zangoose   toxicboost     toxicorb [closecombat, facade, knockoff, swordsdance] ttype=normal
INFO     Sampling 3 unrevealed pokemon
INFO     	       solgaleo fullmetalbody  rockyhelmet [morningsun, psychicfangs, sunsteelstrike, teleport] ttype=water
INFO     	      charizard        blaze heavydutyboots [flamethrower, focusblast, hurricane, willowisp] ttype=dragon
INFO     	      alomomola  regenerator    leftovers [flipturn, protect, scald, wish] ttype=steel
INFO     Sampling battle 1
INFO     	       greedent   cheekpouch  sitrusberry [bodyslam, earthquake, knockoff, swordsdance] ttype=ghost
INFO     	     houndstone       fluffy  assaultvest [bodypress, playrough, poltergeist, shadowsneak] ttype=fighting
INFO     	       zangoose   toxicboost     toxicorb [closecombat, facade, knockoff, quickattack] ttype=normal
INFO     Sampling 3 unrevealed pokemon
INFO     	      rhyperior    solidrock weaknesspolicy [earthquake, megahorn, rockpolish, stoneedge] ttype=bug
INFO     	   hoopaunbound     magician  assaultvest [focusblast, gunkshot, hyperspacefury, psychic] ttype=fighting
INFO     	      salamence   intimidate heavydutyboots [dragondance, dualwingbeat, earthquake, outrage] ttype=dragon
INFO     Sampling battle 2
INFO     	       greedent   cheekpouch  sitrusberry [bodyslam, earthquake, knockoff, swordsdance] ttype=ghost
INFO     	     houndstone       fluffy    leftovers [bodypress, poltergeist, rest, sleeptalk] ttype=fighting
INFO     	       zangoose   toxicboost     toxicorb [closecombat, facade, knockoff, quickattack] ttype=normal
INFO     Sampling 3 unrevealed pokemon
INFO     	        mesprit     levitate      lifeorb [dazzlinggleam, nastyplot, psychic, thunderbolt] ttype=fairy
INFO     	    gougingfire protosynthesis heavydutyboots [dragondance, heatcrash, morningsun, outrage] ttype=fairy
INFO     	      azumarill    hugepower   choiceband [aquajet, knockoff, liquidation, playrough] ttype=water
INFO     Sampling battle 3
INFO     	       greedent   cheekpouch  sitrusberry [bodyslam, earthquake, knockoff, swordsdance] ttype=ground
INFO     	     houndstone       fluffy    leftovers [bodypress, poltergeist, rest, sleeptalk] ttype=fighting
INFO     	       zangoose   toxicboost     toxicorb [closecombat, facade, knockoff, swordsdance] ttype=normal
INFO     Sampling 3 unrevealed pokemon
INFO     	     sandaconda     shedskin    leftovers [earthquake, glare, rest, stoneedge] ttype=water
INFO     	     golemalola    galvanize   choiceband [doubleedge, earthquake, explosion, stoneedge] ttype=grass
INFO     	           hooh  regenerator heavydutyboots [bravebird, earthquake, recover, sacredfire] ttype=ground
INFO     Searching for a move using PUCT MCTS with neural priors...
INFO     Sampling 4 battles at 500ms each
INFO     Computing neural priors for all battles...
INFO     Initialized StateTranslator with TeamPreviewObservationSpace
INFO     Initializing LocalPolicyProvider with model: Minikazam
INFO     Loading pretrained Minikazam model...


 		 AMAGO v3.1
            	 -------------------------
            	 Agent: Agent
            		 Max Sequence Length: 64
            		 TstepEncoder Type: MetamonPerceiverTstepEncoder
            		 TrajEncoder Type: GRUTrajEncoder
            		 Total Parameters: 4,761,778
            		 Offline Loss Weight: 1.0
            		 Online Loss Weight: 0.0
            		 Mixed Precision: NO
            		 Checkpoint Path: /Users/yadureddy/Documents/GitHub/clean/pokeagent_ac_mcts/.metamon_cache/pretrained_models/models--jakegrigsby--metamon/snapshots/c5d1cb9abb6747066a325228845a5a8af3d12139/minikazam/minikazam/ckpts
            	 Environment:
            		 DummyAsyncVectorEnv(Gym Env x 1)
            		 Exploration Type: None
            	 Dataset: DoNothingDataset
            	 Accelerate Processes: 1 


INFO     Successfully loaded Minikazam model
ERROR    Error translating battle to observation: 
WARNING  Failed to get priors for battle: 
ERROR    Error translating battle to observation: 
WARNING  Failed to get priors for battle: 
ERROR    Error translating battle to observation: 
WARNING  Failed to get priors for battle: 
ERROR    Error translating battle to observation: 
WARNING  Failed to get priors for battle: 
INFO     Successfully computed neural priors for 0/4 battles
INFO     Using PUCT-guided move selection (priors integrated during search)...
INFO     Policy 0: icebeam visited 96.92% avg_score=0.466 sample_chance_multiplier=0.25
INFO     Policy 1: icebeam visited 72.65% avg_score=0.399 sample_chance_multiplier=0.25
INFO     Policy 2: switch reuniclus visited 68.52% avg_score=0.437 sample_chance_multiplier=0.25
INFO     Policy 3: icebeam visited 95.95% avg_score=0.472 sample_chance_multiplier=0.25
INFO     Considered Choices:
INFO     	70.225%: icebeam
INFO     Choice: icebeam
INFO     Updated greedent's max speed to 238
INFO     cryogonal already has the move icebeam. Decrementing the PP by 1
INFO     cryogonal used a ice move, removing icegem from possible items
INFO     Setting cryogonal's last used move: icebeam
INFO     cryogonal used a damaging move - not guessing lifeorb anymore
INFO     cryogonal did 35.0% damage to greedent with icebeam
INFO     Removing greedent's item: sitrusberry
INFO     Setting greedent's removed item to sitrusberry
INFO     greedent already has the move bodyslam. Decrementing the PP by 1
INFO     greedent used a normal move, removing normalgem from possible items
INFO     Setting greedent's last used move: bodyslam
INFO     greedent used a damaging move - not guessing lifeorb anymore
INFO     greedent did 44.25% damage to cryogonal with bodyslam
INFO     greedent has less than maxhp during upkeep, no longer guessing leftovers or blacksludge
INFO     
INFO     Turn: 12
INFO     Sampling battle 0
INFO     	       greedent   cheekpouch         None [bodyslam, earthquake, knockoff, swordsdance] ttype=ground
INFO     	     houndstone       fluffy    leftovers [bodypress, poltergeist, rest, sleeptalk] ttype=fighting
INFO     	       zangoose   toxicboost     toxicorb [closecombat, facade, knockoff, swordsdance] ttype=normal
INFO     Sampling 3 unrevealed pokemon
INFO     	       clefable      unaware    leftovers [knockoff, moonblast, moonlight, stealthrock] ttype=steel
INFO     	        falinks      defiant      lifeorb [closecombat, ironhead, knockoff, noretreat] ttype=steel
INFO     	       espathra   speedboost  choicespecs [dazzlinggleam, luminacrash, shadowball, uturn] ttype=psychic
INFO     Sampling battle 1
INFO     	       greedent   cheekpouch         None [bodyslam, earthquake, knockoff, swordsdance] ttype=ghost
INFO     	     houndstone       fluffy  assaultvest [bodypress, playrough, poltergeist, shadowsneak] ttype=fighting
INFO     	       zangoose   toxicboost     toxicorb [closecombat, facade, knockoff, quickattack] ttype=normal
INFO     Sampling 3 unrevealed pokemon
INFO     	       politoed      drizzle  chestoberry [haze, hydropump, icebeam, rest] ttype=steel
INFO     	       inteleon      torrent  choicespecs [darkpulse, hydropump, icebeam, uturn] ttype=water
INFO     	         golurk      noguard   choiceband [dynamicpunch, earthquake, poltergeist, stoneedge] ttype=ghost
INFO     Sampling battle 2
INFO     	       greedent   cheekpouch         None [bodyslam, earthquake, knockoff, swordsdance] ttype=ground
INFO     	     houndstone       fluffy  assaultvest [bodypress, playrough, poltergeist, shadowsneak] ttype=fighting
INFO     	       zangoose   toxicboost     toxicorb [closecombat, facade, knockoff, swordsdance] ttype=normal
INFO     Sampling 3 unrevealed pokemon
INFO     	     shayminsky  serenegrace  choicespecs [airslash, dazzlinggleam, earthpower, seedflare] ttype=flying
INFO     	      excadrill  moldbreaker  assaultvest [earthquake, ironhead, rapidspin, rockslide] ttype=water
INFO     	        delphox        blaze  choicescarf [fireblast, focusblast, grassknot, psyshock] ttype=grass
INFO     Sampling battle 3
INFO     	       greedent   cheekpouch         None [bodyslam, earthquake, knockoff, swordsdance] ttype=ground
INFO     	     houndstone       fluffy    leftovers [bodypress, poltergeist, rest, sleeptalk] ttype=fighting
INFO     	       zangoose   toxicboost     toxicorb [closecombat, facade, knockoff, quickattack] ttype=normal
INFO     Sampling 3 unrevealed pokemon
INFO     	        kleavor    sharpness  choicescarf [closecombat, stoneaxe, uturn, xscissor] ttype=fighting
INFO     	        gallade    sharpness   choiceband [leafblade, nightslash, psychocut, sacredsword] ttype=fighting
INFO     	       quagsire      unaware    leftovers [earthquake, icebeam, recover, toxic] ttype=steel
INFO     Searching for a move using PUCT MCTS with neural priors...
INFO     Sampling 4 battles at 500ms each
INFO     Computing neural priors for all battles...
INFO     Initialized StateTranslator with TeamPreviewObservationSpace
INFO     Initializing LocalPolicyProvider with model: Minikazam
INFO     Loading pretrained Minikazam model...


 		 AMAGO v3.1
            	 -------------------------
            	 Agent: Agent
            		 Max Sequence Length: 64
            		 TstepEncoder Type: MetamonPerceiverTstepEncoder
            		 TrajEncoder Type: GRUTrajEncoder
            		 Total Parameters: 4,761,778
            		 Offline Loss Weight: 1.0
            		 Online Loss Weight: 0.0
            		 Mixed Precision: NO
            		 Checkpoint Path: /Users/yadureddy/Documents/GitHub/clean/pokeagent_ac_mcts/.metamon_cache/pretrained_models/models--jakegrigsby--metamon/snapshots/c5d1cb9abb6747066a325228845a5a8af3d12139/minikazam/minikazam/ckpts
            	 Environment:
            		 DummyAsyncVectorEnv(Gym Env x 1)
            		 Exploration Type: None
            	 Dataset: DoNothingDataset
            	 Accelerate Processes: 1 


INFO     Successfully loaded Minikazam model
ERROR    Error translating battle to observation: 
WARNING  Failed to get priors for battle: 
ERROR    Error translating battle to observation: 
WARNING  Failed to get priors for battle: 
ERROR    Error translating battle to observation: 
WARNING  Failed to get priors for battle: 
ERROR    Error translating battle to observation: 
WARNING  Failed to get priors for battle: 
INFO     Successfully computed neural priors for 0/4 battles
INFO     Using PUCT-guided move selection (priors integrated during search)...
INFO     Policy 0: icebeam visited 98.13% avg_score=0.532 sample_chance_multiplier=0.25
INFO     Policy 1: icebeam visited 97.45% avg_score=0.529 sample_chance_multiplier=0.25
INFO     Policy 2: icebeam visited 97.89% avg_score=0.532 sample_chance_multiplier=0.25
INFO     Policy 3: icebeam visited 98.31% avg_score=0.535 sample_chance_multiplier=0.25
INFO     Considered Choices:
INFO     	97.944%: icebeam
INFO     Choice: icebeam
INFO     Updated greedent's max speed to 238
INFO     cryogonal already has the move icebeam. Decrementing the PP by 1
INFO     cryogonal used a ice move, removing icegem from possible items
INFO     Setting cryogonal's last used move: icebeam
INFO     cryogonal used a damaging move - not guessing lifeorb anymore
INFO     cryogonal did 35.0% damage to greedent with icebeam
INFO     greedent already has the move bodyslam. Decrementing the PP by 1
INFO     greedent used a normal move, removing normalgem from possible items
INFO     Setting greedent's last used move: bodyslam
INFO     greedent used a damaging move - not guessing lifeorb anymore
INFO     greedent did 43.9% damage to cryogonal with bodyslam
INFO     cryogonal got status: par
INFO     No longer guessing lumberry because cryogonal got status par
INFO     greedent has less than maxhp during upkeep, no longer guessing leftovers or blacksludge
INFO     
INFO     Turn: 13
INFO     Sampling battle 0
INFO     	       greedent   cheekpouch         None [bodyslam, earthquake, knockoff, swordsdance] ttype=ground
INFO     	     houndstone       fluffy    leftovers [bodypress, poltergeist, rest, sleeptalk] ttype=fighting
INFO     	       zangoose   toxicboost     toxicorb [closecombat, facade, knockoff, quickattack] ttype=normal
INFO     Sampling 3 unrevealed pokemon
INFO     	         raikou     pressure  choicespecs [scald, shadowball, thunderbolt, voltswitch] ttype=water
INFO     	       espathra   speedboost  choicespecs [dazzlinggleam, luminacrash, shadowball, uturn] ttype=fairy
INFO     	       inteleon      torrent  choicespecs [hydropump, icebeam, scald, uturn] ttype=water
INFO     Sampling battle 1
INFO     	       greedent   cheekpouch         None [bodyslam, earthquake, knockoff, swordsdance] ttype=ghost
INFO     	     houndstone       fluffy    leftovers [bodypress, poltergeist, rest, sleeptalk] ttype=fighting
INFO     	       zangoose   toxicboost     toxicorb [closecombat, facade, knockoff, swordsdance] ttype=normal
INFO     Sampling 3 unrevealed pokemon
INFO     	     bombirdier     bigpecks heavydutyboots [bravebird, knockoff, roost, suckerpunch] ttype=steel
INFO     	        mimikyu     disguise      lifeorb [playrough, shadowsneak, swordsdance, woodhammer] ttype=fairy
INFO     	     baxcalibur thermalexchange heavydutyboots [dragondance, earthquake, glaiverush, iciclecrash] ttype=dragon
INFO     Sampling battle 2
INFO     	       greedent   cheekpouch         None [bodyslam, earthquake, knockoff, swordsdance] ttype=ghost
INFO     	     houndstone       fluffy  assaultvest [bodypress, playrough, poltergeist, shadowsneak] ttype=fighting
INFO     	       zangoose   toxicboost     toxicorb [closecombat, facade, knockoff, swordsdance] ttype=normal
INFO     Sampling 3 unrevealed pokemon
INFO     	      arceusice    multitype  icicleplate [calmmind, earthpower, judgment, recover] ttype=ground
INFO     	       dusknoir        frisk   choiceband [leechlife, poltergeist, shadowsneak, trick] ttype=ghost
INFO     	        flapple       hustle   choiceband [gravapple, outrage, suckerpunch, uturn] ttype=dragon
INFO     Sampling battle 3
INFO     	       greedent   cheekpouch         None [bodyslam, earthquake, knockoff, swordsdance] ttype=ghost
INFO     	     houndstone       fluffy  assaultvest [bodypress, playrough, poltergeist, shadowsneak] ttype=fighting
INFO     	       zangoose   toxicboost     toxicorb [closecombat, facade, knockoff, quickattack] ttype=normal
INFO     Sampling 3 unrevealed pokemon
INFO     	  calyrexshadow asone(spectrier)  choicespecs [astralbarrage, pollenpuff, psyshock, trick] ttype=ghost
INFO     	          chiyu  beadsofruin heavydutyboots [darkpulse, fireblast, nastyplot, willowisp] ttype=fire
INFO     	         zapdos       static heavydutyboots [discharge, hurricane, roost, uturn] ttype=steel
INFO     Searching for a move using PUCT MCTS with neural priors...
INFO     Sampling 4 battles at 500ms each
INFO     Computing neural priors for all battles...
INFO     Initialized StateTranslator with TeamPreviewObservationSpace
INFO     Initializing LocalPolicyProvider with model: Minikazam
INFO     Loading pretrained Minikazam model...


 		 AMAGO v3.1
            	 -------------------------
            	 Agent: Agent
            		 Max Sequence Length: 64
            		 TstepEncoder Type: MetamonPerceiverTstepEncoder
            		 TrajEncoder Type: GRUTrajEncoder
            		 Total Parameters: 4,761,778
            		 Offline Loss Weight: 1.0
            		 Online Loss Weight: 0.0
            		 Mixed Precision: NO
            		 Checkpoint Path: /Users/yadureddy/Documents/GitHub/clean/pokeagent_ac_mcts/.metamon_cache/pretrained_models/models--jakegrigsby--metamon/snapshots/c5d1cb9abb6747066a325228845a5a8af3d12139/minikazam/minikazam/ckpts
            	 Environment:
            		 DummyAsyncVectorEnv(Gym Env x 1)
            		 Exploration Type: None
            	 Dataset: DoNothingDataset
            	 Accelerate Processes: 1 


INFO     Successfully loaded Minikazam model
ERROR    Error translating battle to observation: 
WARNING  Failed to get priors for battle: 
ERROR    Error translating battle to observation: 
WARNING  Failed to get priors for battle: 
ERROR    Error translating battle to observation: 
WARNING  Failed to get priors for battle: 
ERROR    Error translating battle to observation: 
WARNING  Failed to get priors for battle: 
INFO     Successfully computed neural priors for 0/4 battles
INFO     Using PUCT-guided move selection (priors integrated during search)...
INFO     Policy 0: icebeam visited 58.49% avg_score=0.519 sample_chance_multiplier=0.25
INFO     Policy 1: switch reuniclus visited 42.94% avg_score=0.457 sample_chance_multiplier=0.25
INFO     Policy 2: switch reuniclus visited 30.1% avg_score=0.495 sample_chance_multiplier=0.25
INFO     Policy 3: icebeam visited 96.47% avg_score=0.545 sample_chance_multiplier=0.25
INFO     Considered Choices:
INFO     	54.204%: icebeam
INFO     Choice: icebeam
INFO     greedent already has the move bodyslam. Decrementing the PP by 1
INFO     greedent used a normal move, removing normalgem from possible items
INFO     Setting greedent's last used move: bodyslam
INFO     greedent used a damaging move - not guessing lifeorb anymore
INFO     greedent did 11.85% damage to cryogonal with bodyslam
INFO     greedent has less than maxhp during upkeep, no longer guessing leftovers or blacksludge
INFO     Sampling battle 0
INFO     	       greedent   cheekpouch         None [bodyslam, earthquake, knockoff, swordsdance] ttype=ghost
INFO     	     houndstone       fluffy  assaultvest [bodypress, playrough, poltergeist, shadowsneak] ttype=fighting
INFO     	       zangoose   toxicboost     toxicorb [closecombat, facade, knockoff, swordsdance] ttype=normal
INFO     Sampling 3 unrevealed pokemon
INFO     	    polteageist   cursedbody    whiteherb [shadowball, shellsmash, strengthsap, terablast] ttype=fighting
INFO     	       alcremie    aromaveil    leftovers [acidarmor, alluringvoice, calmmind, recover] ttype=poison
INFO     	       inteleon      torrent  choicespecs [hydropump, icebeam, scald, uturn] ttype=water
INFO     Sampling battle 1
INFO     	       greedent   cheekpouch         None [bodyslam, earthquake, knockoff, swordsdance] ttype=ground
INFO     	     houndstone       fluffy  assaultvest [bodypress, playrough, poltergeist, shadowsneak] ttype=fighting
INFO     	       zangoose   toxicboost     toxicorb [closecombat, facade, knockoff, swordsdance] ttype=normal
INFO     Sampling 3 unrevealed pokemon
INFO     	         kyurem     pressure   loadeddice [dragondance, iciclespear, scaleshot, terablast] ttype=ground
INFO     	     victreebel  chlorophyll      lifeorb [poisonjab, powerwhip, suckerpunch, swordsdance] ttype=dark
INFO     	         scizor   technician    leftovers [bulletpunch, closecombat, defog, knockoff] ttype=dragon
INFO     Sampling battle 2
INFO     	       greedent   cheekpouch         None [bodyslam, earthquake, knockoff, swordsdance] ttype=ground
INFO     	     houndstone       fluffy    leftovers [bodypress, poltergeist, rest, sleeptalk] ttype=fighting
INFO     	       zangoose   toxicboost     toxicorb [closecombat, facade, knockoff, quickattack] ttype=normal
INFO     Sampling 3 unrevealed pokemon
INFO     	   dugtrioalola tanglinghair   choiceband [earthquake, ironhead, stoneedge, suckerpunch] ttype=ground
INFO     	         kommoo   soundproof  throatspray [clangingscales, clangoroussoul, closecombat, ironhead] ttype=steel
INFO     	     chesnaught  bulletproof    leftovers [bodypress, spikes, synthesis, woodhammer] ttype=water
INFO     Sampling battle 3
INFO     	       greedent   cheekpouch         None [bodyslam, earthquake, knockoff, swordsdance] ttype=ghost
INFO     	     houndstone       fluffy  assaultvest [bodypress, playrough, poltergeist, shadowsneak] ttype=fairy
INFO     	       zangoose   toxicboost     toxicorb [closecombat, facade, knockoff, quickattack] ttype=normal
INFO     Sampling 3 unrevealed pokemon
INFO     	          hoopa     magician  choicescarf [focusblast, psychic, shadowball, trick] ttype=ghost
INFO     	        bisharp      defiant     eviolite [ironhead, suckerpunch, swordsdance, throatchop] ttype=ghost
INFO     	        flamigo      scrappy      lifeorb [bravebird, closecombat, roost, swordsdance] ttype=steel
INFO     Searching for a move using PUCT MCTS with neural priors...
INFO     Sampling 4 battles at 500ms each
INFO     Computing neural priors for all battles...
INFO     Initialized StateTranslator with TeamPreviewObservationSpace
INFO     Initializing LocalPolicyProvider with model: Minikazam
INFO     Loading pretrained Minikazam model...


 		 AMAGO v3.1
            	 -------------------------
            	 Agent: Agent
            		 Max Sequence Length: 64
            		 TstepEncoder Type: MetamonPerceiverTstepEncoder
            		 TrajEncoder Type: GRUTrajEncoder
            		 Total Parameters: 4,761,778
            		 Offline Loss Weight: 1.0
            		 Online Loss Weight: 0.0
            		 Mixed Precision: NO
            		 Checkpoint Path: /Users/yadureddy/Documents/GitHub/clean/pokeagent_ac_mcts/.metamon_cache/pretrained_models/models--jakegrigsby--metamon/snapshots/c5d1cb9abb6747066a325228845a5a8af3d12139/minikazam/minikazam/ckpts
            	 Environment:
            		 DummyAsyncVectorEnv(Gym Env x 1)
            		 Exploration Type: None
            	 Dataset: DoNothingDataset
            	 Accelerate Processes: 1 


INFO     Successfully loaded Minikazam model
ERROR    Error translating battle to observation: 
WARNING  Failed to get priors for battle: 
ERROR    Error translating battle to observation: 
WARNING  Failed to get priors for battle: 
ERROR    Error translating battle to observation: 
WARNING  Failed to get priors for battle: 
ERROR    Error translating battle to observation: 
WARNING  Failed to get priors for battle: 
INFO     Successfully computed neural priors for 0/4 battles
INFO     Using PUCT-guided move selection (priors integrated during search)...
INFO     Policy 0: switch vaporeon visited 87.83% avg_score=0.546 sample_chance_multiplier=0.25
INFO     Policy 1: switch dragalge visited 97.45% avg_score=0.618 sample_chance_multiplier=0.25
INFO     Policy 2: switch vaporeon visited 96.55% avg_score=0.608 sample_chance_multiplier=0.25
INFO     Policy 3: switch vaporeon visited 97.16% avg_score=0.617 sample_chance_multiplier=0.25
INFO     Considered Choices:
INFO     	70.645%: switch vaporeon
INFO     Choice: switch vaporeon
INFO     
INFO     Turn: 14
INFO     Sampling battle 0
INFO     	       greedent   cheekpouch         None [bodyslam, earthquake, knockoff, swordsdance] ttype=ghost
INFO     	     houndstone       fluffy  assaultvest [bodypress, playrough, poltergeist, shadowsneak] ttype=fighting
INFO     	       zangoose   toxicboost     toxicorb [closecombat, facade, knockoff, quickattack] ttype=normal
INFO     Sampling 3 unrevealed pokemon
INFO     	        urshifu   unseenfist  choicescarf [closecombat, poisonjab, uturn, wickedblow] ttype=poison
INFO     	         lunala shadowshield    leftovers [calmmind, moonblast, moongeistbeam, moonlight] ttype=fairy
INFO     	         espeon  magicbounce      lifeorb [alluringvoice, calmmind, psychic, shadowball] ttype=psychic
INFO     Sampling battle 1
INFO     	       greedent   cheekpouch         None [bodyslam, earthquake, knockoff, swordsdance] ttype=ghost
INFO     	     houndstone       fluffy  assaultvest [bodypress, playrough, poltergeist, shadowsneak] ttype=fairy
INFO     	       zangoose   toxicboost     toxicorb [closecombat, facade, knockoff, quickattack] ttype=normal
INFO     Sampling 3 unrevealed pokemon
INFO     	       ludicolo    swiftswim      lifeorb [gigadrain, hydropump, icebeam, raindance] ttype=steel
INFO     	     grimmsnarl    prankster    leftovers [partingshot, spiritbreak, suckerpunch, taunt] ttype=poison
INFO     	         flygon     levitate   choiceband [earthquake, outrage, stoneedge, uturn] ttype=ground
INFO     Sampling battle 2
INFO     	       greedent   cheekpouch         None [bodyslam, earthquake, knockoff, swordsdance] ttype=ground
INFO     	     houndstone       fluffy    leftovers [bodypress, poltergeist, shadowsneak, willowisp] ttype=fighting
INFO     	       zangoose   toxicboost     toxicorb [closecombat, facade, knockoff, quickattack] ttype=normal
INFO     Sampling 3 unrevealed pokemon
INFO     	  deoxysdefense     pressure  rockyhelmet [knockoff, psychicnoise, recover, teleport] ttype=steel
INFO     	     electivire   motordrive   choiceband [earthquake, icepunch, knockoff, supercellslam] ttype=electric
INFO     	        kleavor    sharpness heavydutyboots [closecombat, defog, stoneaxe, xscissor] ttype=fighting
INFO     Sampling battle 3
INFO     	       greedent   cheekpouch         None [bodyslam, earthquake, knockoff, swordsdance] ttype=ground
INFO     	     houndstone       fluffy    leftovers [bodypress, poltergeist, rest, sleeptalk] ttype=fighting
INFO     	       zangoose   toxicboost     toxicorb [closecombat, facade, knockoff, swordsdance] ttype=normal
INFO     Sampling 3 unrevealed pokemon
INFO     	      rotomheat     levitate  choicescarf [overheat, thunderbolt, trick, voltswitch] ttype=fire
INFO     	      alomomola  regenerator heavydutyboots [flipturn, protect, scald, wish] ttype=steel
INFO     	        mesprit     levitate  choicescarf [icebeam, psychic, shadowball, thunderbolt] ttype=electric
INFO     Searching for a move using PUCT MCTS with neural priors...
INFO     Sampling 4 battles at 500ms each
INFO     Computing neural priors for all battles...
INFO     Initialized StateTranslator with TeamPreviewObservationSpace
INFO     Initializing LocalPolicyProvider with model: Minikazam
INFO     Loading pretrained Minikazam model...


 		 AMAGO v3.1
            	 -------------------------
            	 Agent: Agent
            		 Max Sequence Length: 64
            		 TstepEncoder Type: MetamonPerceiverTstepEncoder
            		 TrajEncoder Type: GRUTrajEncoder
            		 Total Parameters: 4,761,778
            		 Offline Loss Weight: 1.0
            		 Online Loss Weight: 0.0
            		 Mixed Precision: NO
            		 Checkpoint Path: /Users/yadureddy/Documents/GitHub/clean/pokeagent_ac_mcts/.metamon_cache/pretrained_models/models--jakegrigsby--metamon/snapshots/c5d1cb9abb6747066a325228845a5a8af3d12139/minikazam/minikazam/ckpts
            	 Environment:
            		 DummyAsyncVectorEnv(Gym Env x 1)
            		 Exploration Type: None
            	 Dataset: DoNothingDataset
            	 Accelerate Processes: 1 


INFO     Successfully loaded Minikazam model
ERROR    Error translating battle to observation: 
WARNING  Failed to get priors for battle: 
ERROR    Error translating battle to observation: 
WARNING  Failed to get priors for battle: 
ERROR    Error translating battle to observation: 
WARNING  Failed to get priors for battle: 
ERROR    Error translating battle to observation: 
WARNING  Failed to get priors for battle: 
INFO     Successfully computed neural priors for 0/4 battles
INFO     Using PUCT-guided move selection (priors integrated during search)...
INFO     Policy 0: switch cinccino visited 65.23% avg_score=0.464 sample_chance_multiplier=0.25
INFO     Policy 1: wish visited 39.35% avg_score=0.563 sample_chance_multiplier=0.25
INFO     Policy 2: scald visited 69.49% avg_score=0.621 sample_chance_multiplier=0.25
INFO     Policy 3: scald visited 95.59% avg_score=0.623 sample_chance_multiplier=0.25
INFO     Considered Choices:
INFO     	50.408%: scald
INFO     Choice: scald
INFO     Updated greedent's max speed to 161
INFO     vaporeon already has the move scald. Decrementing the PP by 1
INFO     vaporeon used a water move, removing watergem from possible items
INFO     Setting vaporeon's last used move: scald
INFO     vaporeon used a damaging move - not guessing lifeorb anymore
INFO     vaporeon did 32.0% damage to greedent with scald
INFO     greedent got status: brn
INFO     No longer guessing lumberry because greedent got status brn
INFO     greedent already has the move bodyslam. Decrementing the PP by 1
INFO     greedent used a normal move, removing normalgem from possible items
INFO     Setting greedent's last used move: bodyslam
INFO     greedent used a damaging move - not guessing lifeorb anymore
INFO     greedent did 16.48% damage to vaporeon with bodyslam
INFO     Setting vaporeon's item to: leftovers
INFO     greedent has less than maxhp during upkeep, no longer guessing leftovers or blacksludge
INFO     
INFO     Turn: 15
INFO     Sampling battle 0
INFO     	       greedent   cheekpouch         None [bodyslam, earthquake, knockoff, swordsdance] ttype=ghost
INFO     	     houndstone       fluffy    leftovers [bodypress, poltergeist, rest, sleeptalk] ttype=fighting
INFO     	       zangoose   toxicboost     toxicorb [closecombat, facade, knockoff, quickattack] ttype=normal
INFO     Sampling 3 unrevealed pokemon
INFO     	         emboar     reckless  assaultvest [closecombat, flareblitz, knockoff, wildcharge] ttype=electric
INFO     	       politoed      drizzle    leftovers [encore, haze, hydropump, icebeam] ttype=water
INFO     	         minior  shieldsdown    whiteherb [acrobatics, earthquake, powergem, shellsmash] ttype=water
INFO     Sampling battle 1
INFO     	       greedent   cheekpouch         None [bodyslam, earthquake, knockoff, swordsdance] ttype=ghost
INFO     	     houndstone       fluffy  assaultvest [bodypress, playrough, poltergeist, shadowsneak] ttype=fairy
INFO     	       zangoose   toxicboost     toxicorb [closecombat, facade, knockoff, swordsdance] ttype=normal
INFO     Sampling 3 unrevealed pokemon
INFO     	       hawlucha     unburden    whiteherb [acrobatics, bravebird, closecombat, swordsdance] ttype=flying
INFO     	        sylveon     pixilate    leftovers [calmmind, hypervoice, protect, wish] ttype=steel
INFO     	  calyrexshadow asone(spectrier)  choicespecs [astralbarrage, pollenpuff, psyshock, trick] ttype=dark
INFO     Sampling battle 2
INFO     	       greedent   cheekpouch         None [bodyslam, earthquake, knockoff, swordsdance] ttype=ghost
INFO     	     houndstone       fluffy    leftovers [bodypress, poltergeist, roar, shadowsneak] ttype=fighting
INFO     	       zangoose   toxicboost     toxicorb [closecombat, facade, knockoff, swordsdance] ttype=normal
INFO     Sampling 3 unrevealed pokemon
INFO     	     galvantula compoundeyes    focussash [bugbuzz, stickyweb, thunder, voltswitch] ttype=electric
INFO     	       landorus   sheerforce      lifeorb [earthpower, rockslide, sludgewave, stealthrock] ttype=ground
INFO     	      cramorant  gulpmissile heavydutyboots [bravebird, defog, roost, surf] ttype=ground
INFO     Sampling battle 3
INFO     	       greedent   cheekpouch         None [bodyslam, earthquake, knockoff, swordsdance] ttype=ground
INFO     	     houndstone       fluffy  assaultvest [bodypress, playrough, poltergeist, shadowsneak] ttype=fairy
INFO     	       zangoose   toxicboost     toxicorb [closecombat, facade, knockoff, swordsdance] ttype=normal
INFO     Sampling 3 unrevealed pokemon
INFO     	       quagsire      unaware    leftovers [earthquake, recover, spikes, toxic] ttype=steel
INFO     	      terrakion    justified   choiceband [closecombat, earthquake, quickattack, stoneedge] ttype=fighting
INFO     	      spiritomb  infiltrator    leftovers [foulplay, painsplit, poltergeist, shadowsneak] ttype=steel
INFO     Searching for a move using PUCT MCTS with neural priors...
INFO     Sampling 4 battles at 500ms each
INFO     Computing neural priors for all battles...
INFO     Initialized StateTranslator with TeamPreviewObservationSpace
INFO     Initializing LocalPolicyProvider with model: Minikazam
INFO     Loading pretrained Minikazam model...


 		 AMAGO v3.1
            	 -------------------------
            	 Agent: Agent
            		 Max Sequence Length: 64
            		 TstepEncoder Type: MetamonPerceiverTstepEncoder
            		 TrajEncoder Type: GRUTrajEncoder
            		 Total Parameters: 4,761,778
            		 Offline Loss Weight: 1.0
            		 Online Loss Weight: 0.0
            		 Mixed Precision: NO
            		 Checkpoint Path: /Users/yadureddy/Documents/GitHub/clean/pokeagent_ac_mcts/.metamon_cache/pretrained_models/models--jakegrigsby--metamon/snapshots/c5d1cb9abb6747066a325228845a5a8af3d12139/minikazam/minikazam/ckpts
            	 Environment:
            		 DummyAsyncVectorEnv(Gym Env x 1)
            		 Exploration Type: None
            	 Dataset: DoNothingDataset
            	 Accelerate Processes: 1 


INFO     Successfully loaded Minikazam model
ERROR    Error translating battle to observation: 
WARNING  Failed to get priors for battle: 
ERROR    Error translating battle to observation: 
WARNING  Failed to get priors for battle: 
ERROR    Error translating battle to observation: 
WARNING  Failed to get priors for battle: 
ERROR    Error translating battle to observation: 
WARNING  Failed to get priors for battle: 
INFO     Successfully computed neural priors for 0/4 battles
INFO     Using PUCT-guided move selection (priors integrated during search)...
INFO     Policy 0: icebeam visited 56.53% avg_score=0.622 sample_chance_multiplier=0.25
INFO     Policy 1: switch dragalge visited 75.31% avg_score=0.531 sample_chance_multiplier=0.25
INFO     Policy 2: protect visited 33.09% avg_score=0.513 sample_chance_multiplier=0.25
INFO     Policy 3: protect visited 61.65% avg_score=0.565 sample_chance_multiplier=0.25
INFO     Considered Choices:
INFO     	27.292%: protect
INFO     	24.274%: icebeam
INFO     Choice: protect
INFO     vaporeon already has the move protect. Decrementing the PP by 1
INFO     vaporeon used a status-move. Adding `assaultvest` to impossible items
INFO     Setting vaporeon's last used move: protect
INFO     vaporeon used a protect move, set protect side condition to 2
INFO     greedent already has the move bodyslam. Decrementing the PP by 1
INFO     greedent used a normal move, removing normalgem from possible items
INFO     Setting greedent's last used move: bodyslam
INFO     greedent used a damaging move - not guessing lifeorb anymore
INFO     Setting vaporeon's item to: leftovers
INFO     Setting protect to 1 for the bot
INFO     greedent has less than maxhp during upkeep, no longer guessing leftovers or blacksludge
INFO     
INFO     Turn: 16
INFO     Sampling battle 0
INFO     	       greedent   cheekpouch         None [bodyslam, earthquake, knockoff, swordsdance] ttype=ground
INFO     	     houndstone       fluffy    leftovers [bodypress, poltergeist, rest, sleeptalk] ttype=fighting
INFO     	       zangoose   toxicboost     toxicorb [closecombat, facade, knockoff, swordsdance] ttype=normal
INFO     Sampling 3 unrevealed pokemon
INFO     	     gothitelle    shadowtag    leftovers [calmmind, focusblast, psychicnoise, thunderbolt] ttype=ghost
INFO     	        calyrex      unnerve    leftovers [bodypress, encore, leechseed, psychic] ttype=steel
INFO     	       reshiram   turboblaze heavydutyboots [dragondance, flareblitz, outrage, stoneedge] ttype=dragon
INFO     Sampling battle 1
INFO     	       greedent   cheekpouch         None [bodyslam, earthquake, knockoff, swordsdance] ttype=ground
INFO     	     houndstone       fluffy    leftovers [bodypress, poltergeist, roar, shadowsneak] ttype=fighting
INFO     	       zangoose   toxicboost     toxicorb [closecombat, facade, knockoff, swordsdance] ttype=normal
INFO     Sampling 3 unrevealed pokemon
INFO     	ogerponcornerstone       sturdy cornerstonemask [ivycudgel, powerwhip, superpower, synthesis] ttype=rock
INFO     	  slowkinggalar  regenerator heavydutyboots [chillyreception, psychicnoise, slackoff, sludgebomb] ttype=poison
INFO     	        falinks      defiant      lifeorb [closecombat, ironhead, knockoff, noretreat] ttype=steel
INFO     Sampling battle 2
INFO     	       greedent   cheekpouch         None [bodyslam, earthquake, knockoff, swordsdance] ttype=ground
INFO     	     houndstone       fluffy  assaultvest [bodypress, playrough, poltergeist, shadowsneak] ttype=fighting
INFO     	       zangoose   toxicboost     toxicorb [closecombat, facade, knockoff, swordsdance] ttype=normal
INFO     Sampling 3 unrevealed pokemon
INFO     	        bisharp      defiant     eviolite [ironhead, suckerpunch, swordsdance, throatchop] ttype=ghost
INFO     	      mandibuzz     overcoat heavydutyboots [bravebird, defog, knockoff, roost] ttype=steel
INFO     	       chimecho     levitate    leftovers [calmmind, dazzlinggleam, psyshock, recover] ttype=steel
INFO     Sampling battle 3
INFO     	       greedent   cheekpouch         None [bodyslam, earthquake, knockoff, swordsdance] ttype=ground
INFO     	     houndstone       fluffy  assaultvest [bodypress, playrough, poltergeist, shadowsneak] ttype=fighting
INFO     	       zangoose   toxicboost     toxicorb [closecombat, facade, knockoff, swordsdance] ttype=normal
INFO     Sampling 3 unrevealed pokemon
INFO     	        calyrex      unnerve    leftovers [calmmind, gigadrain, leechseed, psychic] ttype=steel
INFO     	      lilligant     owntempo      lifeorb [alluringvoice, petaldance, quiverdance, sleeppowder] ttype=grass
INFO     	lycanrocmidnight      noguard      lifeorb [closecombat, stealthrock, stoneedge, suckerpunch] ttype=fighting
INFO     Searching for a move using PUCT MCTS with neural priors...
INFO     Sampling 4 battles at 500ms each
INFO     Computing neural priors for all battles...
INFO     Initialized StateTranslator with TeamPreviewObservationSpace
INFO     Initializing LocalPolicyProvider with model: Minikazam
INFO     Loading pretrained Minikazam model...


 		 AMAGO v3.1
            	 -------------------------
            	 Agent: Agent
            		 Max Sequence Length: 64
            		 TstepEncoder Type: MetamonPerceiverTstepEncoder
            		 TrajEncoder Type: GRUTrajEncoder
            		 Total Parameters: 4,761,778
            		 Offline Loss Weight: 1.0
            		 Online Loss Weight: 0.0
            		 Mixed Precision: NO
            		 Checkpoint Path: /Users/yadureddy/Documents/GitHub/clean/pokeagent_ac_mcts/.metamon_cache/pretrained_models/models--jakegrigsby--metamon/snapshots/c5d1cb9abb6747066a325228845a5a8af3d12139/minikazam/minikazam/ckpts
            	 Environment:
            		 DummyAsyncVectorEnv(Gym Env x 1)
            		 Exploration Type: None
            	 Dataset: DoNothingDataset
            	 Accelerate Processes: 1 


INFO     Successfully loaded Minikazam model
ERROR    Error translating battle to observation: 
WARNING  Failed to get priors for battle: 
ERROR    Error translating battle to observation: 
WARNING  Failed to get priors for battle: 
ERROR    Error translating battle to observation: 
WARNING  Failed to get priors for battle: 
ERROR    Error translating battle to observation: 
WARNING  Failed to get priors for battle: 
INFO     Successfully computed neural priors for 0/4 battles
INFO     Using PUCT-guided move selection (priors integrated during search)...
INFO     Policy 0: wish visited 73.42% avg_score=0.372 sample_chance_multiplier=0.25
INFO     Policy 1: scald visited 56.84% avg_score=0.553 sample_chance_multiplier=0.25
INFO     Policy 2: icebeam visited 34.97% avg_score=0.489 sample_chance_multiplier=0.25
INFO     Policy 3: icebeam visited 65.64% avg_score=0.528 sample_chance_multiplier=0.25
INFO     Considered Choices:
INFO     	35.782%: icebeam
INFO     	29.515%: scald
INFO     Choice: scald
INFO     vaporeon already has the move scald. Decrementing the PP by 1
INFO     vaporeon used a water move, removing watergem from possible items
INFO     Setting vaporeon's last used move: scald
INFO     vaporeon used a damaging move - not guessing lifeorb anymore
INFO     vaporeon did 11.0% damage to greedent with scald
INFO     Setting vaporeon's item to: leftovers
INFO     Setting protect to 0 for the bot
INFO     greedent has less than maxhp during upkeep, no longer guessing leftovers or blacksludge
INFO     Opponent has switched - clearing the last used move
INFO     
INFO     Turn: 17
INFO     Sampling battle 0
INFO     	       zangoose   toxicboost     toxicorb [closecombat, facade, knockoff, swordsdance] ttype=normal
INFO     	     houndstone       fluffy  assaultvest [bodypress, playrough, poltergeist, shadowsneak] ttype=fighting
INFO     Sampling 3 unrevealed pokemon
INFO     	      piloswine     thickfat     eviolite [earthquake, iceshard, iciclecrash, roar] ttype=poison
INFO     	         klefki    prankster    leftovers [dazzlinggleam, foulplay, spikes, thunderwave] ttype=water
INFO     	      hatterene  magicbounce    leftovers [calmmind, drainingkiss, mysticalfire, psyshock] ttype=steel
INFO     Sampling battle 1
INFO     	       zangoose   toxicboost     toxicorb [closecombat, facade, knockoff, quickattack] ttype=normal
INFO     	     houndstone       fluffy  assaultvest [bodypress, playrough, poltergeist, shadowsneak] ttype=fighting
INFO     Sampling 3 unrevealed pokemon
INFO     	        falinks      defiant      lifeorb [closecombat, ironhead, knockoff, noretreat] ttype=steel
INFO     	    roaringmoon protosynthesis     lumberry [dragondance, ironhead, knockoff, outrage] ttype=steel
INFO     	 giratinaorigin     levitate griseouscore [defog, dracometeor, poltergeist, shadowsneak] ttype=steel
INFO     Sampling battle 2
INFO     	       zangoose   toxicboost     toxicorb [closecombat, facade, knockoff, quickattack] ttype=normal
INFO     	     houndstone       fluffy  assaultvest [bodypress, playrough, poltergeist, shadowsneak] ttype=fairy
INFO     Sampling 3 unrevealed pokemon
INFO     	        tropius      harvest  sitrusberry [dragondance, dualwingbeat, earthquake, synthesis] ttype=ground
INFO     	     ironbundle   quarkdrive    leftovers [encore, freezedry, hydropump, substitute] ttype=ice
INFO     	     galvantula compoundeyes    focussash [bugbuzz, gigadrain, stickyweb, thunder] ttype=electric
INFO     Sampling battle 3
INFO     	       zangoose   toxicboost     toxicorb [closecombat, facade, knockoff, quickattack] ttype=normal
INFO     	     houndstone       fluffy  assaultvest [bodypress, playrough, poltergeist, shadowsneak] ttype=fighting
INFO     Sampling 3 unrevealed pokemon
INFO     	     typhlosion        blaze  choicescarf [eruption, fireblast, focusblast, scorchingsands] ttype=fire
INFO     	      tatsugiri   stormdrain heavydutyboots [dracometeor, hydropump, nastyplot, rapidspin] ttype=water
INFO     	       drifblim     unburden  sitrusberry [airslash, calmmind, shadowball, strengthsap] ttype=ghost
INFO     Searching for a move using PUCT MCTS with neural priors...
INFO     Sampling 4 battles at 500ms each
INFO     Computing neural priors for all battles...
INFO     Initialized StateTranslator with TeamPreviewObservationSpace
INFO     Initializing LocalPolicyProvider with model: Minikazam
INFO     Loading pretrained Minikazam model...


 		 AMAGO v3.1
            	 -------------------------
            	 Agent: Agent
            		 Max Sequence Length: 64
            		 TstepEncoder Type: MetamonPerceiverTstepEncoder
            		 TrajEncoder Type: GRUTrajEncoder
            		 Total Parameters: 4,761,778
            		 Offline Loss Weight: 1.0
            		 Online Loss Weight: 0.0
            		 Mixed Precision: NO
            		 Checkpoint Path: /Users/yadureddy/Documents/GitHub/clean/pokeagent_ac_mcts/.metamon_cache/pretrained_models/models--jakegrigsby--metamon/snapshots/c5d1cb9abb6747066a325228845a5a8af3d12139/minikazam/minikazam/ckpts
            	 Environment:
            		 DummyAsyncVectorEnv(Gym Env x 1)
            		 Exploration Type: None
            	 Dataset: DoNothingDataset
            	 Accelerate Processes: 1 


INFO     Successfully loaded Minikazam model
ERROR    Error translating battle to observation: 
WARNING  Failed to get priors for battle: 
ERROR    Error translating battle to observation: 
WARNING  Failed to get priors for battle: 
ERROR    Error translating battle to observation: 
WARNING  Failed to get priors for battle: 
ERROR    Error translating battle to observation: 
WARNING  Failed to get priors for battle: 
INFO     Successfully computed neural priors for 0/4 battles
INFO     Using PUCT-guided move selection (priors integrated during search)...
INFO     Policy 0: protect visited 70.71% avg_score=0.407 sample_chance_multiplier=0.25
INFO     Policy 1: protect visited 93.11% avg_score=0.46 sample_chance_multiplier=0.25
INFO     Policy 2: protect visited 94.75% avg_score=0.423 sample_chance_multiplier=0.25
INFO     Policy 3: protect visited 92.08% avg_score=0.402 sample_chance_multiplier=0.25
INFO     Considered Choices:
INFO     	87.662%: protect
INFO     Choice: protect
INFO     vaporeon already has the move protect. Decrementing the PP by 1
INFO     vaporeon used a status-move. Adding `assaultvest` to impossible items
INFO     Setting vaporeon's last used move: protect
INFO     vaporeon used a protect move, set protect side condition to 2
INFO     zangoose already has the move facade. Decrementing the PP by 1
INFO     zangoose used a normal move, removing normalgem from possible items
INFO     Setting zangoose's last used move: facade
INFO     zangoose used a damaging move - not guessing lifeorb anymore
INFO     Setting vaporeon's item to: leftovers
INFO     Setting protect to 1 for the bot
INFO     zangoose has less than maxhp during upkeep, no longer guessing leftovers or blacksludge
INFO     
INFO     Turn: 18
INFO     Sampling battle 0
INFO     	       zangoose   toxicboost     toxicorb [closecombat, facade, knockoff, quickattack] ttype=normal
INFO     	     houndstone       fluffy    leftovers [bodypress, poltergeist, rest, sleeptalk] ttype=fighting
INFO     Sampling 3 unrevealed pokemon
INFO     	      munkidori   toxicchain  assaultvest [fakeout, psychicnoise, sludgewave, uturn] ttype=dark
INFO     	        malamar     contrary    leftovers [knockoff, rest, sleeptalk, superpower] ttype=poison
INFO     	taurospaldeacombat   intimidate      lifeorb [bulkup, closecombat, earthquake, ironhead] ttype=fighting
INFO     Sampling battle 1
INFO     	       zangoose   toxicboost     toxicorb [closecombat, facade, knockoff, quickattack] ttype=normal
INFO     	     houndstone       fluffy    leftovers [bodypress, poltergeist, rest, sleeptalk] ttype=fighting
INFO     Sampling 3 unrevealed pokemon
INFO     	      bellossom  chlorophyll    leftovers [gigadrain, moonblast, quiverdance, strengthsap] ttype=fairy
INFO     	       venusaur     overgrow    leftovers [earthpower, energyball, sludgebomb, synthesis] ttype=water
INFO     	        milotic  competitive    leftovers [dragontail, icebeam, recover, scald] ttype=dragon
INFO     Sampling battle 2
INFO     	       zangoose   toxicboost     toxicorb [closecombat, facade, knockoff, swordsdance] ttype=normal
INFO     	     houndstone       fluffy  assaultvest [bodypress, playrough, poltergeist, shadowsneak] ttype=fighting
INFO     Sampling 3 unrevealed pokemon
INFO     	       inteleon      torrent  choicespecs [darkpulse, hydropump, icebeam, uturn] ttype=water
INFO     	  oricoriosensu       dancer heavydutyboots [hurricane, quiverdance, revelationdance, roost] ttype=ghost
INFO     	    fezandipiti   toxicchain    leftovers [beatup, gunkshot, moonblast, roost] ttype=steel
INFO     Sampling battle 3
INFO     	       zangoose   toxicboost     toxicorb [closecombat, facade, knockoff, swordsdance] ttype=normal
INFO     	     houndstone       fluffy    leftovers [bodypress, poltergeist, rest, sleeptalk] ttype=fighting
INFO     Sampling 3 unrevealed pokemon
INFO     	     irontreads   quarkdrive  assaultvest [earthquake, ironhead, knockoff, voltswitch] ttype=ghost
INFO     	ogerponhearthflame  moldbreaker hearthflamemask [hornleech, ivycudgel, knockoff, swordsdance] ttype=fire
INFO     	       meowstic    prankster    leftovers [alluringvoice, psychicnoise, thunderwave, yawn] ttype=fairy
INFO     Searching for a move using PUCT MCTS with neural priors...
INFO     Sampling 4 battles at 500ms each
INFO     Computing neural priors for all battles...
INFO     Initialized StateTranslator with TeamPreviewObservationSpace
INFO     Initializing LocalPolicyProvider with model: Minikazam
INFO     Loading pretrained Minikazam model...


 		 AMAGO v3.1
            	 -------------------------
            	 Agent: Agent
            		 Max Sequence Length: 64
            		 TstepEncoder Type: MetamonPerceiverTstepEncoder
            		 TrajEncoder Type: GRUTrajEncoder
            		 Total Parameters: 4,761,778
            		 Offline Loss Weight: 1.0
            		 Online Loss Weight: 0.0
            		 Mixed Precision: NO
            		 Checkpoint Path: /Users/yadureddy/Documents/GitHub/clean/pokeagent_ac_mcts/.metamon_cache/pretrained_models/models--jakegrigsby--metamon/snapshots/c5d1cb9abb6747066a325228845a5a8af3d12139/minikazam/minikazam/ckpts
            	 Environment:
            		 DummyAsyncVectorEnv(Gym Env x 1)
            		 Exploration Type: None
            	 Dataset: DoNothingDataset
            	 Accelerate Processes: 1 


INFO     Successfully loaded Minikazam model
ERROR    Error translating battle to observation: 
WARNING  Failed to get priors for battle: 
ERROR    Error translating battle to observation: 
WARNING  Failed to get priors for battle: 
ERROR    Error translating battle to observation: 
WARNING  Failed to get priors for battle: 
ERROR    Error translating battle to observation: 
WARNING  Failed to get priors for battle: 
INFO     Successfully computed neural priors for 0/4 battles
INFO     Using PUCT-guided move selection (priors integrated during search)...
INFO     Policy 0: icebeam visited 47.71% avg_score=0.437 sample_chance_multiplier=0.25
INFO     Policy 1: scald visited 98.65% avg_score=0.505 sample_chance_multiplier=0.25
INFO     Policy 2: wish visited 65.9% avg_score=0.367 sample_chance_multiplier=0.25
INFO     Policy 3: wish visited 94.29% avg_score=0.449 sample_chance_multiplier=0.25
INFO     Considered Choices:
INFO     	45.831%: wish
INFO     Choice: wish
INFO     Updated zangoose's min speed to 174
INFO     zangoose already has the move facade. Decrementing the PP by 1
INFO     zangoose used a normal move, removing normalgem from possible items
INFO     Setting zangoose's last used move: facade
INFO     zangoose used a damaging move - not guessing lifeorb anymore
INFO     zangoose did 96.43% damage to vaporeon with facade
INFO     vaporeon already has the move wish. Decrementing the PP by 1
INFO     vaporeon used a status-move. Adding `assaultvest` to impossible items
INFO     Setting vaporeon's last used move: wish
INFO     vaporeon used wish - expecting 182.0 health of recovery next turn
INFO     Setting vaporeon's item to: leftovers
INFO     Setting protect to 0 for the bot
INFO     Decrementing wish to 1 for the bot
INFO     zangoose has less than maxhp during upkeep, no longer guessing leftovers or blacksludge
INFO     
INFO     Turn: 19
INFO     Sampling battle 0
INFO     	       zangoose   toxicboost     toxicorb [closecombat, facade, knockoff, quickattack] ttype=normal
INFO     	     houndstone       fluffy    leftovers [bodypress, poltergeist, rest, sleeptalk] ttype=fighting
INFO     Sampling 3 unrevealed pokemon
INFO     	      pecharunt poisonpuppeteer    leftovers [malignantchain, partingshot, recover, shadowball] ttype=dark
INFO     	         flygon     levitate     lumberry [dragondance, earthquake, outrage, stoneedge] ttype=rock
INFO     	   moltresgalar      berserk weaknesspolicy [agility, fierywrath, hurricane, nastyplot] ttype=dark
INFO     Sampling battle 1
INFO     	       zangoose   toxicboost     toxicorb [closecombat, facade, knockoff, quickattack] ttype=normal
INFO     	     houndstone       fluffy    leftovers [bodypress, poltergeist, rest, sleeptalk] ttype=fighting
INFO     Sampling 3 unrevealed pokemon
INFO     	     golemalola    galvanize   choiceband [doubleedge, earthquake, explosion, stoneedge] ttype=grass
INFO     	        mimikyu     disguise      lifeorb [playrough, shadowclaw, shadowsneak, swordsdance] ttype=ghost
INFO     	      rillaboom  grassysurge      lifeorb [grassyglide, knockoff, swordsdance, woodhammer] ttype=grass
INFO     Sampling battle 2
INFO     	       zangoose   toxicboost     toxicorb [closecombat, facade, knockoff, swordsdance] ttype=normal
INFO     	     houndstone       fluffy  assaultvest [bodypress, playrough, poltergeist, shadowsneak] ttype=fighting
INFO     Sampling 3 unrevealed pokemon
INFO     	       swampert         damp    leftovers [earthquake, knockoff, roar, stealthrock] ttype=poison
INFO     	      dragonite   multiscale heavydutyboots [dragondance, earthquake, ironhead, outrage] ttype=steel
INFO     	        ariados        swarm    focussash [knockoff, megahorn, poisonjab, stickyweb] ttype=ghost
INFO     Sampling battle 3
INFO     	       zangoose   toxicboost     toxicorb [closecombat, facade, knockoff, quickattack] ttype=normal
INFO     	     houndstone       fluffy    leftovers [bodypress, poltergeist, rest, sleeptalk] ttype=fighting
INFO     Sampling 3 unrevealed pokemon
INFO     	        banette     insomnia      lifeorb [gunkshot, poltergeist, shadowsneak, thunderwave] ttype=ghost
INFO     	   dugtrioalola tanglinghair   choiceband [earthquake, ironhead, stoneedge, suckerpunch] ttype=steel
INFO     	       hariyama         guts     flameorb [closecombat, facade, fakeout, knockoff] ttype=normal
INFO     Searching for a move using PUCT MCTS with neural priors...
INFO     Sampling 4 battles at 500ms each
INFO     Computing neural priors for all battles...
INFO     Initialized StateTranslator with TeamPreviewObservationSpace
INFO     Initializing LocalPolicyProvider with model: Minikazam
INFO     Loading pretrained Minikazam model...


 		 AMAGO v3.1
            	 -------------------------
            	 Agent: Agent
            		 Max Sequence Length: 64
            		 TstepEncoder Type: MetamonPerceiverTstepEncoder
            		 TrajEncoder Type: GRUTrajEncoder
            		 Total Parameters: 4,761,778
            		 Offline Loss Weight: 1.0
            		 Online Loss Weight: 0.0
            		 Mixed Precision: NO
            		 Checkpoint Path: /Users/yadureddy/Documents/GitHub/clean/pokeagent_ac_mcts/.metamon_cache/pretrained_models/models--jakegrigsby--metamon/snapshots/c5d1cb9abb6747066a325228845a5a8af3d12139/minikazam/minikazam/ckpts
            	 Environment:
            		 DummyAsyncVectorEnv(Gym Env x 1)
            		 Exploration Type: None
            	 Dataset: DoNothingDataset
            	 Accelerate Processes: 1 


INFO     Successfully loaded Minikazam model
ERROR    Error translating battle to observation: 
WARNING  Failed to get priors for battle: 
ERROR    Error translating battle to observation: 
WARNING  Failed to get priors for battle: 
ERROR    Error translating battle to observation: 
WARNING  Failed to get priors for battle: 
ERROR    Error translating battle to observation: 
WARNING  Failed to get priors for battle: 
INFO     Successfully computed neural priors for 0/4 battles
INFO     Using PUCT-guided move selection (priors integrated during search)...
INFO     Policy 0: protect visited 89.91% avg_score=0.644 sample_chance_multiplier=0.25
INFO     Policy 1: protect visited 97.88% avg_score=0.484 sample_chance_multiplier=0.25
INFO     Policy 2: protect visited 97.96% avg_score=0.632 sample_chance_multiplier=0.25
INFO     Policy 3: protect visited 49.74% avg_score=0.555 sample_chance_multiplier=0.25
INFO     Considered Choices:
INFO     	83.872%: protect
INFO     Choice: protect
INFO     vaporeon already has the move protect. Decrementing the PP by 1
INFO     vaporeon used a status-move. Adding `assaultvest` to impossible items
INFO     Setting vaporeon's last used move: protect
INFO     vaporeon used a protect move, set protect side condition to 2
INFO     zangoose already has the move facade. Decrementing the PP by 1
INFO     zangoose used a normal move, removing normalgem from possible items
INFO     Setting zangoose's last used move: facade
INFO     zangoose used a damaging move - not guessing lifeorb anymore
INFO     Setting vaporeon's item to: leftovers
INFO     Setting protect to 1 for the bot
INFO     Decrementing wish to 0 for the bot
INFO     zangoose has less than maxhp during upkeep, no longer guessing leftovers or blacksludge
INFO     
INFO     Turn: 20
INFO     Sampling battle 0
INFO     	       zangoose   toxicboost     toxicorb [closecombat, facade, knockoff, swordsdance] ttype=normal
INFO     	     houndstone       fluffy    leftovers [bodypress, poltergeist, shadowsneak, willowisp] ttype=fighting
INFO     Sampling 3 unrevealed pokemon
INFO     	     kricketune   technician heavydutyboots [knockoff, pounce, stickyweb, taunt] ttype=ghost
INFO     	   arceusground    multitype   earthplate [dragondance, earthquake, recover, stoneedge] ttype=steel
INFO     	      bellossom  chlorophyll    leftovers [gigadrain, quiverdance, sludgebomb, strengthsap] ttype=poison
INFO     Sampling battle 1
INFO     	       zangoose   toxicboost     toxicorb [closecombat, facade, knockoff, swordsdance] ttype=normal
INFO     	     houndstone       fluffy    leftovers [bodypress, poltergeist, rest, sleeptalk] ttype=fighting
INFO     Sampling 3 unrevealed pokemon
INFO     	       dachsbun wellbakedbody    leftovers [bodypress, playrough, protect, wish] ttype=steel
INFO     	         rhydon lightningrod     eviolite [earthquake, megahorn, stealthrock, stoneedge] ttype=water
INFO     	 decidueyehisui      scrappy    leftovers [knockoff, leafblade, roost, triplearrows] ttype=water
INFO     Sampling battle 2
INFO     	       zangoose   toxicboost     toxicorb [closecombat, facade, knockoff, quickattack] ttype=normal
INFO     	     houndstone       fluffy    leftovers [bodypress, poltergeist, rest, sleeptalk] ttype=fighting
INFO     Sampling 3 unrevealed pokemon
INFO     	zamazentacrowned dauntlessshield rustedshield [bodypress, heavyslam, irondefense, stoneedge] ttype=ghost
INFO     	       floatzel    waterveil    leftovers [bulkup, icespinner, taunt, wavecrash] ttype=steel
INFO     	       rotommow     levitate    leftovers [leafstorm, nastyplot, thunderbolt, willowisp] ttype=grass
INFO     Sampling battle 3
INFO     	       zangoose   toxicboost     toxicorb [closecombat, facade, knockoff, quickattack] ttype=normal
INFO     	     houndstone       fluffy  assaultvest [bodypress, playrough, poltergeist, shadowsneak] ttype=fighting
INFO     Sampling 3 unrevealed pokemon
INFO     	    kyuremwhite   turboblaze  choicescarf [dracometeor, earthpower, freezedry, fusionflare] ttype=fire
INFO     	      electrode    aftermath  assaultvest [explosion, foulplay, thunderbolt, voltswitch] ttype=electric
INFO     	      exeggutor      harvest  sitrusberry [leechseed, protect, psychicnoise, substitute] ttype=steel
INFO     Searching for a move using PUCT MCTS with neural priors...
INFO     Sampling 4 battles at 500ms each
INFO     Computing neural priors for all battles...
INFO     Initialized StateTranslator with TeamPreviewObservationSpace
INFO     Initializing LocalPolicyProvider with model: Minikazam
INFO     Loading pretrained Minikazam model...


 		 AMAGO v3.1
            	 -------------------------
            	 Agent: Agent
            		 Max Sequence Length: 64
            		 TstepEncoder Type: MetamonPerceiverTstepEncoder
            		 TrajEncoder Type: GRUTrajEncoder
            		 Total Parameters: 4,761,778
            		 Offline Loss Weight: 1.0
            		 Online Loss Weight: 0.0
            		 Mixed Precision: NO
            		 Checkpoint Path: /Users/yadureddy/Documents/GitHub/clean/pokeagent_ac_mcts/.metamon_cache/pretrained_models/models--jakegrigsby--metamon/snapshots/c5d1cb9abb6747066a325228845a5a8af3d12139/minikazam/minikazam/ckpts
            	 Environment:
            		 DummyAsyncVectorEnv(Gym Env x 1)
            		 Exploration Type: None
            	 Dataset: DoNothingDataset
            	 Accelerate Processes: 1 


INFO     Successfully loaded Minikazam model
ERROR    Error translating battle to observation: 
WARNING  Failed to get priors for battle: 
ERROR    Error translating battle to observation: 
WARNING  Failed to get priors for battle: 
ERROR    Error translating battle to observation: 
WARNING  Failed to get priors for battle: 
ERROR    Error translating battle to observation: 
WARNING  Failed to get priors for battle: 
INFO     Successfully computed neural priors for 0/4 battles
INFO     Using PUCT-guided move selection (priors integrated during search)...
INFO     Policy 0: protect visited 96.0% avg_score=0.465 sample_chance_multiplier=0.25
INFO     Policy 1: protect visited 98.12% avg_score=0.55 sample_chance_multiplier=0.25
INFO     Policy 2: protect visited 97.39% avg_score=0.554 sample_chance_multiplier=0.25
INFO     Policy 3: protect visited 98.64% avg_score=0.506 sample_chance_multiplier=0.25
INFO     Considered Choices:
INFO     	97.537%: protect
INFO     Choice: protect
INFO     vaporeon already has the move protect. Decrementing the PP by 1
INFO     vaporeon used a status-move. Adding `assaultvest` to impossible items
INFO     Setting vaporeon's last used move: protect
INFO     zangoose already has the move facade. Decrementing the PP by 1
INFO     zangoose used a normal move, removing normalgem from possible items
INFO     Setting zangoose's last used move: facade
INFO     zangoose used a damaging move - not guessing lifeorb anymore
INFO     zangoose did 65.66% damage to vaporeon with facade
INFO     Setting protect to 0 for the bot
INFO     zangoose has less than maxhp during upkeep, no longer guessing leftovers or blacksludge
INFO     Sampling battle 0
INFO     	       zangoose   toxicboost     toxicorb [closecombat, facade, knockoff, swordsdance] ttype=normal
INFO     	     houndstone       fluffy  assaultvest [bodypress, playrough, poltergeist, shadowsneak] ttype=fairy
INFO     Sampling 3 unrevealed pokemon
INFO     	         minior  shieldsdown    whiteherb [acrobatics, earthquake, powergem, shellsmash] ttype=flying
INFO     	       garchomp    roughskin  rockyhelmet [dragontail, earthquake, outrage, stealthrock] ttype=steel
INFO     	       koraidon orichalcumpulse   loadeddice [collisioncourse, flareblitz, scaleshot, swordsdance] ttype=fire
INFO     Sampling battle 1
INFO     	       zangoose   toxicboost     toxicorb [closecombat, facade, knockoff, swordsdance] ttype=normal
INFO     	     houndstone       fluffy    leftovers [bodypress, poltergeist, rest, sleeptalk] ttype=fighting
INFO     Sampling 3 unrevealed pokemon
INFO     	       solgaleo fullmetalbody weaknesspolicy [closecombat, earthquake, flamecharge, sunsteelstrike] ttype=fighting
INFO     	     mabosstiff     stakeout  choicescarf [crunch, playrough, psychicfangs, wildcharge] ttype=dark
INFO     	          lugia   multiscale heavydutyboots [aeroblast, calmmind, earthpower, recover] ttype=ground
INFO     Sampling battle 2
INFO     	       zangoose   toxicboost     toxicorb [closecombat, facade, knockoff, quickattack] ttype=normal
INFO     	     houndstone       fluffy    leftovers [bodypress, poltergeist, rest, sleeptalk] ttype=fighting
INFO     Sampling 3 unrevealed pokemon
INFO     	   weezinggalar     levitate    leftovers [defog, gunkshot, painsplit, strangesteam] ttype=steel
INFO     	       dragalge adaptability    leftovers [dracometeor, focusblast, sludgewave, toxic] ttype=fighting
INFO     	           hooh  regenerator heavydutyboots [bravebird, earthquake, recover, sacredfire] ttype=steel
INFO     Sampling battle 3
INFO     	       zangoose   toxicboost     toxicorb [closecombat, facade, knockoff, swordsdance] ttype=normal
INFO     	     houndstone       fluffy    leftovers [bodypress, poltergeist, rest, sleeptalk] ttype=fighting
INFO     Sampling 3 unrevealed pokemon
INFO     	     copperajah   heavymetal   choiceband [heatcrash, heavyslam, knockoff, supercellslam] ttype=steel
INFO     	      araquanid  waterbubble heavydutyboots [leechlife, liquidation, mirrorcoat, stickyweb] ttype=steel
INFO     	   arceusground    multitype   earthplate [dragondance, earthquake, recover, stoneedge] ttype=steel
INFO     Searching for a move using PUCT MCTS with neural priors...
INFO     Sampling 4 battles at 500ms each
INFO     Computing neural priors for all battles...
INFO     Initialized StateTranslator with TeamPreviewObservationSpace
INFO     Initializing LocalPolicyProvider with model: Minikazam
INFO     Loading pretrained Minikazam model...


 		 AMAGO v3.1
            	 -------------------------
            	 Agent: Agent
            		 Max Sequence Length: 64
            		 TstepEncoder Type: MetamonPerceiverTstepEncoder
            		 TrajEncoder Type: GRUTrajEncoder
            		 Total Parameters: 4,761,778
            		 Offline Loss Weight: 1.0
            		 Online Loss Weight: 0.0
            		 Mixed Precision: NO
            		 Checkpoint Path: /Users/yadureddy/Documents/GitHub/clean/pokeagent_ac_mcts/.metamon_cache/pretrained_models/models--jakegrigsby--metamon/snapshots/c5d1cb9abb6747066a325228845a5a8af3d12139/minikazam/minikazam/ckpts
            	 Environment:
            		 DummyAsyncVectorEnv(Gym Env x 1)
            		 Exploration Type: None
            	 Dataset: DoNothingDataset
            	 Accelerate Processes: 1 


INFO     Successfully loaded Minikazam model
ERROR    Error translating battle to observation: 
WARNING  Failed to get priors for battle: 
ERROR    Error translating battle to observation: 
WARNING  Failed to get priors for battle: 
ERROR    Error translating battle to observation: 
WARNING  Failed to get priors for battle: 
ERROR    Error translating battle to observation: 
WARNING  Failed to get priors for battle: 
INFO     Successfully computed neural priors for 0/4 battles
INFO     Using PUCT-guided move selection (priors integrated during search)...
INFO     Policy 0: switch cinccino visited 92.88% avg_score=0.423 sample_chance_multiplier=0.25
INFO     Policy 1: switch dragalge visited 97.4% avg_score=0.482 sample_chance_multiplier=0.25
INFO     Policy 2: switch reuniclus visited 88.8% avg_score=0.498 sample_chance_multiplier=0.25
INFO     Policy 3: switch reuniclus visited 93.24% avg_score=0.353 sample_chance_multiplier=0.25
INFO     Considered Choices:
INFO     	46.634%: switch reuniclus
INFO     Choice: switch reuniclus
INFO     Opponent has switched - clearing the last used move
INFO     
INFO     Turn: 21
INFO     Sampling battle 0
INFO     	     houndstone       fluffy  assaultvest [bodypress, playrough, poltergeist, shadowsneak] ttype=fairy
INFO     Sampling 3 unrevealed pokemon
INFO     	         espeon  magicbounce      lifeorb [alluringvoice, calmmind, morningsun, psyshock] ttype=fairy
INFO     	      hatterene  magicbounce  assaultvest [drainingkiss, mysticalfire, nuzzle, psychic] ttype=fairy
INFO     	       sneasler  poisontouch   choiceband [closecombat, direclaw, throatchop, uturn] ttype=dark
INFO     Sampling battle 1
INFO     	     houndstone       fluffy    leftovers [bodypress, poltergeist, rest, sleeptalk] ttype=fighting
INFO     Sampling 3 unrevealed pokemon
INFO     	    fezandipiti   toxicchain    leftovers [gunkshot, moonblast, roost, uturn] ttype=water
INFO     	 electrodehisui   soundproof      lifeorb [gigadrain, taunt, thunderbolt, voltswitch] ttype=grass
INFO     	       greninja      protean      lifeorb [gunkshot, hydropump, spikes, uturn] ttype=poison
INFO     Sampling battle 2
INFO     	     houndstone       fluffy  assaultvest [bodypress, playrough, poltergeist, shadowsneak] ttype=fighting
INFO     Sampling 3 unrevealed pokemon
INFO     	         flygon     levitate     lumberry [dragondance, earthquake, outrage, stoneedge] ttype=steel
INFO     	      piloswine     thickfat     eviolite [earthquake, iceshard, iciclecrash, stealthrock] ttype=poison
INFO     	        mimikyu     disguise      lifeorb [playrough, shadowclaw, shadowsneak, swordsdance] ttype=fairy
INFO     Sampling battle 3
INFO     	     houndstone       fluffy  assaultvest [bodypress, playrough, poltergeist, shadowsneak] ttype=fairy
INFO     Sampling 3 unrevealed pokemon
INFO     	      hitmonlee     unburden    whiteherb [closecombat, knockoff, poisonjab, swordsdance] ttype=fighting
INFO     	       clefable   magicguard      lifeorb [fireblast, knockoff, moonblast, moonlight] ttype=poison
INFO     	          lokix   tintedlens      lifeorb [firstimpression, knockoff, leechlife, suckerpunch] ttype=bug
INFO     Searching for a move using PUCT MCTS with neural priors...
INFO     Sampling 4 battles at 500ms each
INFO     Computing neural priors for all battles...
INFO     Initialized StateTranslator with TeamPreviewObservationSpace
INFO     Initializing LocalPolicyProvider with model: Minikazam
INFO     Loading pretrained Minikazam model...


 		 AMAGO v3.1
            	 -------------------------
            	 Agent: Agent
            		 Max Sequence Length: 64
            		 TstepEncoder Type: MetamonPerceiverTstepEncoder
            		 TrajEncoder Type: GRUTrajEncoder
            		 Total Parameters: 4,761,778
            		 Offline Loss Weight: 1.0
            		 Online Loss Weight: 0.0
            		 Mixed Precision: NO
            		 Checkpoint Path: /Users/yadureddy/Documents/GitHub/clean/pokeagent_ac_mcts/.metamon_cache/pretrained_models/models--jakegrigsby--metamon/snapshots/c5d1cb9abb6747066a325228845a5a8af3d12139/minikazam/minikazam/ckpts
            	 Environment:
            		 DummyAsyncVectorEnv(Gym Env x 1)
            		 Exploration Type: None
            	 Dataset: DoNothingDataset
            	 Accelerate Processes: 1 


INFO     Successfully loaded Minikazam model
ERROR    Error translating battle to observation: 
WARNING  Failed to get priors for battle: 
ERROR    Error translating battle to observation: 
WARNING  Failed to get priors for battle: 
ERROR    Error translating battle to observation: 
WARNING  Failed to get priors for battle: 
ERROR    Error translating battle to observation: 
WARNING  Failed to get priors for battle: 
INFO     Successfully computed neural priors for 0/4 battles
INFO     Using PUCT-guided move selection (priors integrated during search)...
INFO     Policy 0: switch cinccino visited 61.85% avg_score=0.381 sample_chance_multiplier=0.25
INFO     Policy 1: switch cinccino visited 58.38% avg_score=0.454 sample_chance_multiplier=0.25
INFO     Policy 2: switch cinccino visited 87.69% avg_score=0.341 sample_chance_multiplier=0.25
INFO     Policy 3: switch cinccino visited 70.17% avg_score=0.382 sample_chance_multiplier=0.25
INFO     Considered Choices:
INFO     	69.521%: switch cinccino
INFO     Choice: switch cinccino
INFO     cinccino switched in, adding intimidate to impossible abilities
INFO     cinccino switched in, adding pressure to impossible abilities
INFO     cinccino switched in, adding neutralizinggas to impossible abilities
INFO     cinccino switched in, adding sandstream to impossible abilities
INFO     cinccino switched in, adding drought to impossible abilities
INFO     cinccino switched in, adding drizzle to impossible abilities
INFO     cinccino switched in, adding snowwarning to impossible abilities
INFO     cinccino switched in, adding boosterenergy to impossible items
INFO     cinccino switched in, adding airballoon to impossible items
INFO     houndstone already has the move poltergeist. Decrementing the PP by 1
INFO     houndstone used a ghost move, removing ghostgem from possible items
INFO     Setting houndstone's last used move: poltergeist
INFO     houndstone used a damaging move - not guessing lifeorb anymore
INFO     
INFO     Turn: 22
INFO     Sampling battle 0
INFO     	     houndstone       fluffy  assaultvest [bodypress, playrough, poltergeist, shadowsneak] ttype=fighting
INFO     Sampling 3 unrevealed pokemon
INFO     	     typhlosion    flashfire  choicescarf [eruption, fireblast, focusblast, scorchingsands] ttype=fire
INFO     	      serperior     contrary      lifeorb [glare, leafstorm, synthesis, terablast] ttype=fire
INFO     	       dusknoir        frisk    leftovers [earthquake, painsplit, poltergeist, willowisp] ttype=dark
INFO     Sampling battle 1
INFO     	     houndstone       fluffy    leftovers [bodypress, poltergeist, roar, shadowsneak] ttype=fighting
INFO     Sampling 3 unrevealed pokemon
INFO     	        drednaw   shellarmor    whiteherb [earthquake, liquidation, shellsmash, stoneedge] ttype=water
INFO     	       politoed      drizzle  chestoberry [haze, icebeam, rest, surf] ttype=water
INFO     	         flygon     levitate     lumberry [dragondance, earthquake, outrage, stoneedge] ttype=rock
INFO     Sampling battle 2
INFO     	     houndstone       fluffy    leftovers [bodypress, poltergeist, rest, sleeptalk] ttype=fighting
INFO     Sampling 3 unrevealed pokemon
INFO     	        mesprit     levitate  assaultvest [drainpunch, icebeam, psychicnoise, uturn] ttype=fighting
INFO     	       empoleon  competitive    leftovers [icebeam, roost, stealthrock, surf] ttype=flying
INFO     	        yanmega   speedboost heavydutyboots [airslash, bugbuzz, protect, terablast] ttype=ground
INFO     Sampling battle 3
INFO     	     houndstone       fluffy  assaultvest [bodypress, playrough, poltergeist, shadowsneak] ttype=fighting
INFO     Sampling 3 unrevealed pokemon
INFO     	      serperior     contrary    leftovers [dragonpulse, leafstorm, leechseed, substitute] ttype=water
INFO     	      mandibuzz     overcoat heavydutyboots [bravebird, foulplay, roost, toxic] ttype=steel
INFO     	         kyurem     pressure heavydutyboots [earthpower, freezedry, icebeam, outrage] ttype=ground
INFO     Searching for a move using PUCT MCTS with neural priors...
INFO     Sampling 4 battles at 500ms each
INFO     Computing neural priors for all battles...
INFO     Initialized StateTranslator with TeamPreviewObservationSpace
INFO     Initializing LocalPolicyProvider with model: Minikazam
INFO     Loading pretrained Minikazam model...


 		 AMAGO v3.1
            	 -------------------------
            	 Agent: Agent
            		 Max Sequence Length: 64
            		 TstepEncoder Type: MetamonPerceiverTstepEncoder
            		 TrajEncoder Type: GRUTrajEncoder
            		 Total Parameters: 4,761,778
            		 Offline Loss Weight: 1.0
            		 Online Loss Weight: 0.0
            		 Mixed Precision: NO
            		 Checkpoint Path: /Users/yadureddy/Documents/GitHub/clean/pokeagent_ac_mcts/.metamon_cache/pretrained_models/models--jakegrigsby--metamon/snapshots/c5d1cb9abb6747066a325228845a5a8af3d12139/minikazam/minikazam/ckpts
            	 Environment:
            		 DummyAsyncVectorEnv(Gym Env x 1)
            		 Exploration Type: None
            	 Dataset: DoNothingDataset
            	 Accelerate Processes: 1 


INFO     Successfully loaded Minikazam model
ERROR    Error translating battle to observation: 
WARNING  Failed to get priors for battle: 
ERROR    Error translating battle to observation: 
WARNING  Failed to get priors for battle: 
ERROR    Error translating battle to observation: 
WARNING  Failed to get priors for battle: 
ERROR    Error translating battle to observation: 
WARNING  Failed to get priors for battle: 
INFO     Successfully computed neural priors for 0/4 battles
INFO     Using PUCT-guided move selection (priors integrated during search)...
INFO     Policy 0: switch dragalge visited 53.17% avg_score=0.367 sample_chance_multiplier=0.25
INFO     Policy 1: switch reuniclus visited 49.96% avg_score=0.327 sample_chance_multiplier=0.25
INFO     Policy 2: switch dragalge visited 36.05% avg_score=0.447 sample_chance_multiplier=0.25
INFO     Policy 3: switch dragalge visited 74.92% avg_score=0.401 sample_chance_multiplier=0.25
INFO     Considered Choices:
INFO     	51.741%: switch dragalge
INFO     Choice: switch dragalge
INFO     dragalge switched in, adding intimidate to impossible abilities
INFO     dragalge switched in, adding pressure to impossible abilities
INFO     dragalge switched in, adding neutralizinggas to impossible abilities
INFO     dragalge switched in, adding sandstream to impossible abilities
INFO     dragalge switched in, adding drought to impossible abilities
INFO     dragalge switched in, adding drizzle to impossible abilities
INFO     dragalge switched in, adding snowwarning to impossible abilities
INFO     dragalge switched in, adding boosterenergy to impossible items
INFO     dragalge switched in, adding airballoon to impossible items
INFO     houndstone used two different moves - it cannot have a choice item
INFO     houndstone used a fighting move, removing fightinggem from possible items
INFO     Setting houndstone's last used move: bodypress
INFO     houndstone used a damaging move - not guessing lifeorb anymore
INFO     houndstone did 10.47% damage to dragalge with bodypress
INFO     
INFO     Turn: 23
INFO     Sampling battle 0
INFO     	     houndstone       fluffy  assaultvest [bodypress, playrough, poltergeist, shadowsneak] ttype=fairy
INFO     Sampling 3 unrevealed pokemon
INFO     	        dedenne   cheekpouch  sitrusberry [dazzlinggleam, nuzzle, superfang, thunderbolt] ttype=flying
INFO     	   persianalola      furcoat heavydutyboots [knockoff, partingshot, taunt, thunderwave] ttype=poison
INFO     	       rotommow     levitate    leftovers [leafstorm, thunderbolt, voltswitch, willowisp] ttype=grass
INFO     Sampling battle 1
INFO     	     houndstone       fluffy    leftovers [bodypress, poltergeist, rest, sleeptalk] ttype=fighting
INFO     Sampling 3 unrevealed pokemon
INFO     	ogerponwellspring  waterabsorb wellspringmask [ivycudgel, playrough, powerwhip, swordsdance] ttype=water
INFO     	    slitherwing protosynthesis      lifeorb [closecombat, firstimpression, uturn, wildcharge] ttype=bug
INFO     	    arceusfairy    multitype   pixieplate [calmmind, earthpower, judgment, recover] ttype=ground
INFO     Sampling battle 2
INFO     	     houndstone       fluffy    leftovers [bodypress, poltergeist, roar, shadowsneak] ttype=fighting
INFO     Sampling 3 unrevealed pokemon
INFO     	       enamorus    cutecharm    leftovers [calmmind, earthpower, moonblast, substitute] ttype=ground
INFO     	   greninjabond   battlebond      lifeorb [darkpulse, gunkshot, hydropump, icebeam] ttype=water
INFO     	       granbull   intimidate    leftovers [earthquake, playrough, roar, thunderwave] ttype=ground
INFO     Sampling battle 3
INFO     	     houndstone       fluffy  assaultvest [bodypress, playrough, poltergeist, shadowsneak] ttype=fairy
INFO     Sampling 3 unrevealed pokemon
INFO     	      registeel    clearbody    leftovers [bodypress, ironhead, stealthrock, thunderwave] ttype=fighting
INFO     	   slowbrogalar  regenerator  assaultvest [foulplay, psychic, shellsidearm, surf] ttype=poison
INFO     	      rotomheat     levitate heavydutyboots [overheat, thunderbolt, voltswitch, willowisp] ttype=fire
INFO     Searching for a move using PUCT MCTS with neural priors...
INFO     Sampling 4 battles at 500ms each
INFO     Computing neural priors for all battles...
INFO     Initialized StateTranslator with TeamPreviewObservationSpace
INFO     Initializing LocalPolicyProvider with model: Minikazam
INFO     Loading pretrained Minikazam model...


 		 AMAGO v3.1
            	 -------------------------
            	 Agent: Agent
            		 Max Sequence Length: 64
            		 TstepEncoder Type: MetamonPerceiverTstepEncoder
            		 TrajEncoder Type: GRUTrajEncoder
            		 Total Parameters: 4,761,778
            		 Offline Loss Weight: 1.0
            		 Online Loss Weight: 0.0
            		 Mixed Precision: NO
            		 Checkpoint Path: /Users/yadureddy/Documents/GitHub/clean/pokeagent_ac_mcts/.metamon_cache/pretrained_models/models--jakegrigsby--metamon/snapshots/c5d1cb9abb6747066a325228845a5a8af3d12139/minikazam/minikazam/ckpts
            	 Environment:
            		 DummyAsyncVectorEnv(Gym Env x 1)
            		 Exploration Type: None
            	 Dataset: DoNothingDataset
            	 Accelerate Processes: 1 


INFO     Successfully loaded Minikazam model
ERROR    Error translating battle to observation: 
WARNING  Failed to get priors for battle: 
ERROR    Error translating battle to observation: 
WARNING  Failed to get priors for battle: 
ERROR    Error translating battle to observation: 
WARNING  Failed to get priors for battle: 
ERROR    Error translating battle to observation: 
WARNING  Failed to get priors for battle: 
INFO     Successfully computed neural priors for 0/4 battles
INFO     Using PUCT-guided move selection (priors integrated during search)...
INFO     Policy 0: dracometeor visited 63.83% avg_score=0.489 sample_chance_multiplier=0.25
INFO     Policy 1: switch cinccino visited 68.06% avg_score=0.439 sample_chance_multiplier=0.25
INFO     Policy 2: switch cinccino visited 85.13% avg_score=0.336 sample_chance_multiplier=0.25
INFO     Policy 3: dracometeor visited 97.31% avg_score=0.435 sample_chance_multiplier=0.25
INFO     Considered Choices:
INFO     	47.158%: dracometeor
INFO     	39.005%: switch cinccino
INFO     Choice: dracometeor
INFO     Updated houndstone's min speed to 161
INFO     houndstone already has the move poltergeist. Decrementing the PP by 1
INFO     houndstone used two different moves - it cannot have a choice item
INFO     houndstone used a ghost move, removing ghostgem from possible items
INFO     Setting houndstone's last used move: poltergeist
INFO     houndstone used a damaging move - not guessing lifeorb anymore
INFO     houndstone did 49.220000000000006% damage to dragalge with poltergeist
INFO     dragalge has the item choicespecs
INFO     dragalge already has the move dracometeor. Decrementing the PP by 1
INFO     dragalge used a dragon move, removing dragongem from possible items
INFO     Setting dragalge's last used move: dracometeor
INFO     dragalge used a damaging move - not guessing lifeorb anymore
INFO     dragalge did 100.0% damage to houndstone with dracometeor
INFO     dragalge's special-attack was unboosted by 2 to -2
INFO     houndstone has less than maxhp during upkeep, no longer guessing leftovers or blacksludge
INFO     Opponent has switched - clearing the last used move
INFO     dugtrio switched in, adding intimidate to impossible abilities
INFO     dugtrio switched in, adding pressure to impossible abilities
INFO     dugtrio switched in, adding neutralizinggas to impossible abilities
INFO     dugtrio switched in, adding sandstream to impossible abilities
INFO     dugtrio switched in, adding drought to impossible abilities
INFO     dugtrio switched in, adding drizzle to impossible abilities
INFO     dugtrio switched in, adding snowwarning to impossible abilities
INFO     dugtrio switched in, adding boosterenergy to impossible items
INFO     dugtrio switched in, adding airballoon to impossible items
INFO     
INFO     Turn: 24
INFO     Sampling battle 0
INFO     	        dugtrio    arenatrap    focussash [earthquake, stoneedge, suckerpunch, swordsdance] ttype=ghost
INFO     Sampling 2 unrevealed pokemon
INFO     	       dragalge adaptability  choicespecs [dracometeor, flipturn, focusblast, sludgewave] ttype=fighting
INFO     	taurospaldeacombat   intimidate   choiceband [closecombat, ironhead, stoneedge, throatchop] ttype=dark
INFO     Sampling battle 1
INFO     	        dugtrio    arenatrap   choiceband [earthquake, stoneedge, suckerpunch, throatchop] ttype=ground
INFO     Sampling 2 unrevealed pokemon
INFO     	         tinglu vesselofruin  assaultvest [earthquake, heavyslam, payback, ruination] ttype=ghost
INFO     	         espeon  magicbounce  choicespecs [alluringvoice, psyshock, shadowball, trick] ttype=psychic
INFO     Sampling battle 2
INFO     	        dugtrio    arenatrap   choiceband [earthquake, stoneedge, suckerpunch, throatchop] ttype=ground
INFO     Sampling 2 unrevealed pokemon
INFO     	  samurotthisui    sharpness      lifeorb [ceaselessedge, razorshell, suckerpunch, swordsdance] ttype=dark
INFO     	    walkingwake protosynthesis      lifeorb [dracometeor, flamethrower, hydrosteam, sunnyday] ttype=fire
INFO     Sampling battle 3
INFO     	        dugtrio    arenatrap   choiceband [earthquake, stoneedge, suckerpunch, throatchop] ttype=ground
INFO     Sampling 2 unrevealed pokemon
INFO     	 decidueyehisui      scrappy    leftovers [leafblade, roost, swordsdance, triplearrows] ttype=water
INFO     	    fezandipiti   toxicchain  assaultvest [gunkshot, heatwave, moonblast, uturn] ttype=water
INFO     Searching for a move using PUCT MCTS with neural priors...
INFO     Sampling 4 battles at 500ms each
INFO     Computing neural priors for all battles...
INFO     Initialized StateTranslator with TeamPreviewObservationSpace
INFO     Initializing LocalPolicyProvider with model: Minikazam
INFO     Loading pretrained Minikazam model...


 		 AMAGO v3.1
            	 -------------------------
            	 Agent: Agent
            		 Max Sequence Length: 64
            		 TstepEncoder Type: MetamonPerceiverTstepEncoder
            		 TrajEncoder Type: GRUTrajEncoder
            		 Total Parameters: 4,761,778
            		 Offline Loss Weight: 1.0
            		 Online Loss Weight: 0.0
            		 Mixed Precision: NO
            		 Checkpoint Path: /Users/yadureddy/Documents/GitHub/clean/pokeagent_ac_mcts/.metamon_cache/pretrained_models/models--jakegrigsby--metamon/snapshots/c5d1cb9abb6747066a325228845a5a8af3d12139/minikazam/minikazam/ckpts
            	 Environment:
            		 DummyAsyncVectorEnv(Gym Env x 1)
            		 Exploration Type: None
            	 Dataset: DoNothingDataset
            	 Accelerate Processes: 1 


INFO     Successfully loaded Minikazam model
ERROR    Error translating battle to observation: 
WARNING  Failed to get priors for battle: 
ERROR    Error translating battle to observation: 
WARNING  Failed to get priors for battle: 
ERROR    Error translating battle to observation: 
WARNING  Failed to get priors for battle: 
ERROR    Error translating battle to observation: 
WARNING  Failed to get priors for battle: 
INFO     Successfully computed neural priors for 0/4 battles
INFO     Using PUCT-guided move selection (priors integrated during search)...
INFO     Policy 0: dracometeor visited 100.0% avg_score=0.314 sample_chance_multiplier=0.25
INFO     Policy 1: dracometeor visited 100.0% avg_score=0.435 sample_chance_multiplier=0.25
INFO     Policy 2: dracometeor visited 100.0% avg_score=0.236 sample_chance_multiplier=0.25
INFO     Policy 3: dracometeor visited 100.0% avg_score=0.584 sample_chance_multiplier=0.25
INFO     Considered Choices:
INFO     	100.0%: dracometeor
INFO     Choice: dracometeor
INFO     Updated dugtrio's min speed to 128
INFO     dugtrio used a ground move, removing groundgem from possible items
INFO     Setting dugtrio's last used move: earthquake
INFO     dugtrio used a damaging move - not guessing lifeorb anymore
INFO     dugtrio did 40.31% damage to dragalge with earthquake
INFO     Sampling battle 0
INFO     	        dugtrio    arenatrap   choiceband [earthquake, stoneedge, suckerpunch, throatchop] ttype=dark
INFO     Sampling 2 unrevealed pokemon
INFO     	       skuntank    aftermath    focussash [gunkshot, knockoff, suckerpunch, toxicspikes] ttype=poison
INFO     	         dialga     pressure    leftovers [dracometeor, heavyslam, stealthrock, thunderwave] ttype=dragon
INFO     Sampling battle 1
INFO     	        dugtrio    arenatrap   choiceband [earthquake, stoneedge, suckerpunch, throatchop] ttype=ground
INFO     Sampling 2 unrevealed pokemon
INFO     	         veluza    sharpness   choiceband [aquacutter, aquajet, nightslash, psychocut] ttype=dark
INFO     	       lumineon   stormdrain      lifeorb [alluringvoice, encore, hydropump, icebeam] ttype=water
INFO     Sampling battle 2
INFO     	        dugtrio    arenatrap   choiceband [earthquake, stoneedge, suckerpunch, throatchop] ttype=dark
INFO     Sampling 2 unrevealed pokemon
INFO     	      sudowoodo     rockhead   choiceband [earthquake, headsmash, suckerpunch, woodhammer] ttype=grass
INFO     	        bruxish    strongjaw   choiceband [aquajet, crunch, psychicfangs, wavecrash] ttype=psychic
INFO     Sampling battle 3
INFO     	        dugtrio    arenatrap    focussash [earthquake, stoneedge, suckerpunch, swordsdance] ttype=ghost
INFO     Sampling 2 unrevealed pokemon
INFO     	     baxcalibur thermalexchange   choiceband [earthquake, glaiverush, iceshard, iciclecrash] ttype=dragon
INFO     	ogerponwellspring  waterabsorb wellspringmask [ivycudgel, knockoff, powerwhip, swordsdance] ttype=water
INFO     Searching for a move using PUCT MCTS with neural priors...
INFO     Sampling 4 battles at 500ms each
INFO     Computing neural priors for all battles...
INFO     Initialized StateTranslator with TeamPreviewObservationSpace
INFO     Initializing LocalPolicyProvider with model: Minikazam
INFO     Loading pretrained Minikazam model...


 		 AMAGO v3.1
            	 -------------------------
            	 Agent: Agent
            		 Max Sequence Length: 64
            		 TstepEncoder Type: MetamonPerceiverTstepEncoder
            		 TrajEncoder Type: GRUTrajEncoder
            		 Total Parameters: 4,761,778
            		 Offline Loss Weight: 1.0
            		 Online Loss Weight: 0.0
            		 Mixed Precision: NO
            		 Checkpoint Path: /Users/yadureddy/Documents/GitHub/clean/pokeagent_ac_mcts/.metamon_cache/pretrained_models/models--jakegrigsby--metamon/snapshots/c5d1cb9abb6747066a325228845a5a8af3d12139/minikazam/minikazam/ckpts
            	 Environment:
            		 DummyAsyncVectorEnv(Gym Env x 1)
            		 Exploration Type: None
            	 Dataset: DoNothingDataset
            	 Accelerate Processes: 1 


INFO     Successfully loaded Minikazam model
ERROR    Error translating battle to observation: 
WARNING  Failed to get priors for battle: 
ERROR    Error translating battle to observation: 
WARNING  Failed to get priors for battle: 
ERROR    Error translating battle to observation: 
WARNING  Failed to get priors for battle: 
ERROR    Error translating battle to observation: 
WARNING  Failed to get priors for battle: 
INFO     Successfully computed neural priors for 0/4 battles
INFO     Using PUCT-guided move selection (priors integrated during search)...
INFO     Policy 0: switch cinccino visited 92.41% avg_score=0.393 sample_chance_multiplier=0.25
INFO     Policy 1: switch reuniclus visited 75.54% avg_score=0.055 sample_chance_multiplier=0.25
INFO     Policy 2: switch cinccino visited 50.35% avg_score=0.156 sample_chance_multiplier=0.25
INFO     Policy 3: switch cinccino visited 75.44% avg_score=0.053 sample_chance_multiplier=0.25
INFO     Considered Choices:
INFO     	60.666%: switch cinccino
INFO     Choice: switch cinccino
INFO     
INFO     Turn: 25
INFO     Sampling battle 0
INFO     	        dugtrio    arenatrap   choiceband [earthquake, stoneedge, suckerpunch, throatchop] ttype=ground
INFO     Sampling 2 unrevealed pokemon
INFO     	      hydrapple  regenerator  choicespecs [dracometeor, earthpower, ficklebeam, leafstorm] ttype=dragon
INFO     	      ceruledge    weakarmor heavydutyboots [bitterblade, poltergeist, shadowsneak, swordsdance] ttype=fire
INFO     Sampling battle 1
INFO     	        dugtrio    arenatrap   choiceband [earthquake, stoneedge, suckerpunch, throatchop] ttype=dark
INFO     Sampling 2 unrevealed pokemon
INFO     	      regidrago   dragonsmaw     lumberry [dracometeor, dragondance, earthquake, outrage] ttype=dragon
INFO     	      gardevoir        trace  choicescarf [healingwish, moonblast, mysticalfire, psyshock] ttype=fairy
INFO     Sampling battle 2
INFO     	        dugtrio    arenatrap   choiceband [earthquake, stoneedge, suckerpunch, throatchop] ttype=ground
INFO     Sampling 2 unrevealed pokemon
INFO     	         golurk      noguard      lifeorb [dynamicpunch, earthquake, poltergeist, stealthrock] ttype=ground
INFO     	        volbeat    prankster heavydutyboots [encore, lunge, roost, thunderwave] ttype=water
INFO     Sampling battle 3
INFO     	        dugtrio    arenatrap   choiceband [earthquake, stoneedge, suckerpunch, throatchop] ttype=ground
INFO     Sampling 2 unrevealed pokemon
INFO     	      piloswine     thickfat     eviolite [earthquake, iciclecrash, roar, stealthrock] ttype=dragon
INFO     	  calyrexshadow asone(spectrier)  choicespecs [astralbarrage, pollenpuff, psyshock, trick] ttype=dark
INFO     Searching for a move using PUCT MCTS with neural priors...
INFO     Sampling 4 battles at 500ms each
INFO     Computing neural priors for all battles...
INFO     Initialized StateTranslator with TeamPreviewObservationSpace
INFO     Initializing LocalPolicyProvider with model: Minikazam
INFO     Loading pretrained Minikazam model...


 		 AMAGO v3.1
            	 -------------------------
            	 Agent: Agent
            		 Max Sequence Length: 64
            		 TstepEncoder Type: MetamonPerceiverTstepEncoder
            		 TrajEncoder Type: GRUTrajEncoder
            		 Total Parameters: 4,761,778
            		 Offline Loss Weight: 1.0
            		 Online Loss Weight: 0.0
            		 Mixed Precision: NO
            		 Checkpoint Path: /Users/yadureddy/Documents/GitHub/clean/pokeagent_ac_mcts/.metamon_cache/pretrained_models/models--jakegrigsby--metamon/snapshots/c5d1cb9abb6747066a325228845a5a8af3d12139/minikazam/minikazam/ckpts
            	 Environment:
            		 DummyAsyncVectorEnv(Gym Env x 1)
            		 Exploration Type: None
            	 Dataset: DoNothingDataset
            	 Accelerate Processes: 1 


INFO     Successfully loaded Minikazam model
ERROR    Error translating battle to observation: 
WARNING  Failed to get priors for battle: 
ERROR    Error translating battle to observation: 
WARNING  Failed to get priors for battle: 
ERROR    Error translating battle to observation: 
WARNING  Failed to get priors for battle: 
ERROR    Error translating battle to observation: 
WARNING  Failed to get priors for battle: 
INFO     Successfully computed neural priors for 0/4 battles
INFO     Using PUCT-guided move selection (priors integrated during search)...
INFO     Policy 0: bulletseed visited 39.06% avg_score=0.091 sample_chance_multiplier=0.25
INFO     Policy 1: tidyup visited 98.78% avg_score=0.609 sample_chance_multiplier=0.25
INFO     Policy 2: tidyup visited 95.02% avg_score=0.166 sample_chance_multiplier=0.25
INFO     Policy 3: tidyup visited 83.3% avg_score=0.111 sample_chance_multiplier=0.25
INFO     Considered Choices:
INFO     	75.638%: tidyup
INFO     Choice: tidyup
INFO     Updated dugtrio's min speed to 239
INFO     dugtrio already has the move earthquake. Decrementing the PP by 1
INFO     dugtrio used a ground move, removing groundgem from possible items
INFO     Setting dugtrio's last used move: earthquake
INFO     dugtrio used a damaging move - not guessing lifeorb anymore
INFO     dugtrio did 79.62% damage to cinccino with earthquake
INFO     cinccino already has the move tidyup. Decrementing the PP by 1
INFO     cinccino using tidyup makes it unlikely to have a choice item. Setting can_have_choice_item to False
INFO     cinccino used a status-move. Adding `assaultvest` to impossible items
INFO     Setting cinccino's last used move: tidyup
INFO     cinccino's attack was boosted by 1 to 1
INFO     cinccino's speed was boosted by 1 to 1
INFO     
INFO     Turn: 26
INFO     Sampling battle 0
INFO     	        dugtrio    arenatrap   choiceband [earthquake, stoneedge, suckerpunch, throatchop] ttype=dark
INFO     Sampling 2 unrevealed pokemon
INFO     	         zarude    leafguard      lifeorb [closecombat, knockoff, powerwhip, swordsdance] ttype=fighting
INFO     	      mandibuzz     overcoat heavydutyboots [bravebird, defog, knockoff, roost] ttype=steel
INFO     Sampling battle 1
INFO     	        dugtrio    arenatrap   choiceband [earthquake, stoneedge, suckerpunch, throatchop] ttype=ground
INFO     Sampling 2 unrevealed pokemon
INFO     	      piloswine     thickfat     eviolite [earthquake, iceshard, iciclecrash, roar] ttype=poison
INFO     	         zapdos       static heavydutyboots [discharge, hurricane, roost, uturn] ttype=steel
INFO     Sampling battle 2
INFO     	        dugtrio    arenatrap   choiceband [earthquake, stoneedge, suckerpunch, throatchop] ttype=dark
INFO     Sampling 2 unrevealed pokemon
INFO     	     chesnaught  bulletproof  rockyhelmet [bodypress, knockoff, synthesis, woodhammer] ttype=water
INFO     	taurospaldeacombat   intimidate   choiceband [closecombat, earthquake, ironhead, throatchop] ttype=dark
INFO     Sampling battle 3
INFO     	        dugtrio    arenatrap   choiceband [earthquake, stoneedge, suckerpunch, throatchop] ttype=ground
INFO     Sampling 2 unrevealed pokemon
INFO     	      quaquaval        moxie heavydutyboots [aquastep, closecombat, rapidspin, roost] ttype=water
INFO     	         latias     levitate      souldew [calmmind, dracometeor, psyshock, recover] ttype=steel
INFO     Searching for a move using PUCT MCTS with neural priors...
INFO     Sampling 4 battles at 500ms each
INFO     Computing neural priors for all battles...
INFO     Initialized StateTranslator with TeamPreviewObservationSpace
INFO     Initializing LocalPolicyProvider with model: Minikazam
INFO     Loading pretrained Minikazam model...


 		 AMAGO v3.1
            	 -------------------------
            	 Agent: Agent
            		 Max Sequence Length: 64
            		 TstepEncoder Type: MetamonPerceiverTstepEncoder
            		 TrajEncoder Type: GRUTrajEncoder
            		 Total Parameters: 4,761,778
            		 Offline Loss Weight: 1.0
            		 Online Loss Weight: 0.0
            		 Mixed Precision: NO
            		 Checkpoint Path: /Users/yadureddy/Documents/GitHub/clean/pokeagent_ac_mcts/.metamon_cache/pretrained_models/models--jakegrigsby--metamon/snapshots/c5d1cb9abb6747066a325228845a5a8af3d12139/minikazam/minikazam/ckpts
            	 Environment:
            		 DummyAsyncVectorEnv(Gym Env x 1)
            		 Exploration Type: None
            	 Dataset: DoNothingDataset
            	 Accelerate Processes: 1 


INFO     Successfully loaded Minikazam model
ERROR    Error translating battle to observation: 
WARNING  Failed to get priors for battle: 
ERROR    Error translating battle to observation: 
WARNING  Failed to get priors for battle: 
ERROR    Error translating battle to observation: 
WARNING  Failed to get priors for battle: 
ERROR    Error translating battle to observation: 
WARNING  Failed to get priors for battle: 
INFO     Successfully computed neural priors for 0/4 battles
INFO     Using PUCT-guided move selection (priors integrated during search)...
INFO     Policy 0: tripleaxel visited 90.91% avg_score=0.703 sample_chance_multiplier=0.25
INFO     Policy 1: tailslap visited 96.32% avg_score=0.426 sample_chance_multiplier=0.25
INFO     Policy 2: tailslap visited 39.16% avg_score=0.034 sample_chance_multiplier=0.25
INFO     Policy 3: tailslap visited 66.95% avg_score=0.701 sample_chance_multiplier=0.25
INFO     Considered Choices:
INFO     	51.153%: tailslap
INFO     Choice: tailslap
INFO     Opponent has switched - clearing the last used move
INFO     garchomp switched in, adding intimidate to impossible abilities
INFO     garchomp switched in, adding pressure to impossible abilities
INFO     garchomp switched in, adding neutralizinggas to impossible abilities
INFO     garchomp switched in, adding sandstream to impossible abilities
INFO     garchomp switched in, adding drought to impossible abilities
INFO     garchomp switched in, adding drizzle to impossible abilities
INFO     garchomp switched in, adding snowwarning to impossible abilities
INFO     garchomp switched in, adding boosterenergy to impossible items
INFO     garchomp switched in, adding airballoon to impossible items
INFO     cinccino already has the move tailslap. Decrementing the PP by 1
INFO     cinccino used a normal move, removing normalgem from possible items
INFO     Setting cinccino's last used move: tailslap
INFO     cinccino used a damaging move - not guessing lifeorb anymore
INFO     cinccino did 21.0% damage to garchomp with tailslap
INFO     Setting garchomp's ability to: roughskin
INFO     Setting garchomp's item to: rockyhelmet
INFO     garchomp has less than maxhp during upkeep, no longer guessing leftovers or blacksludge
INFO     Sampling battle 0
INFO     	       garchomp    roughskin  rockyhelmet [earthquake, outrage, spikes, stealthrock] ttype=steel
INFO     	        dugtrio    arenatrap   choiceband [earthquake, stoneedge, suckerpunch, throatchop] ttype=dark
INFO     Sampling 1 unrevealed pokemon
INFO     	        mimikyu     disguise      lifeorb [playrough, shadowclaw, shadowsneak, swordsdance] ttype=ghost
INFO     Sampling battle 1
INFO     	       garchomp    roughskin  rockyhelmet [dragontail, earthquake, outrage, spikes] ttype=steel
INFO     	        dugtrio    arenatrap   choiceband [earthquake, stoneedge, suckerpunch, throatchop] ttype=ground
INFO     Sampling 1 unrevealed pokemon
INFO     	   hoopaunbound     magician   choiceband [drainpunch, hyperspacefury, trick, zenheadbutt] ttype=dark
INFO     Sampling battle 2
INFO     	       garchomp    roughskin  rockyhelmet [dragontail, earthquake, outrage, spikes] ttype=steel
INFO     	        dugtrio    arenatrap   choiceband [earthquake, stoneedge, suckerpunch, throatchop] ttype=dark
INFO     Sampling 1 unrevealed pokemon
INFO     	       solgaleo fullmetalbody  rockyhelmet [knockoff, morningsun, roar, sunsteelstrike] ttype=water
INFO     Sampling battle 3
INFO     	       garchomp    roughskin  rockyhelmet [earthquake, outrage, spikes, stealthrock] ttype=steel
INFO     	        dugtrio    arenatrap   choiceband [earthquake, stoneedge, suckerpunch, throatchop] ttype=dark
INFO     Sampling 1 unrevealed pokemon
INFO     	      bastiodon   soundproof  chestoberry [bodypress, foulplay, irondefense, rest] ttype=fighting
INFO     Searching for a move using PUCT MCTS with neural priors...
INFO     Sampling 4 battles at 500ms each
INFO     Computing neural priors for all battles...
INFO     Initialized StateTranslator with TeamPreviewObservationSpace
INFO     Initializing LocalPolicyProvider with model: Minikazam
INFO     Loading pretrained Minikazam model...


 		 AMAGO v3.1
            	 -------------------------
            	 Agent: Agent
            		 Max Sequence Length: 64
            		 TstepEncoder Type: MetamonPerceiverTstepEncoder
            		 TrajEncoder Type: GRUTrajEncoder
            		 Total Parameters: 4,761,778
            		 Offline Loss Weight: 1.0
            		 Online Loss Weight: 0.0
            		 Mixed Precision: NO
            		 Checkpoint Path: /Users/yadureddy/Documents/GitHub/clean/pokeagent_ac_mcts/.metamon_cache/pretrained_models/models--jakegrigsby--metamon/snapshots/c5d1cb9abb6747066a325228845a5a8af3d12139/minikazam/minikazam/ckpts
            	 Environment:
            		 DummyAsyncVectorEnv(Gym Env x 1)
            		 Exploration Type: None
            	 Dataset: DoNothingDataset
            	 Accelerate Processes: 1 


INFO     Successfully loaded Minikazam model
ERROR    Error translating battle to observation: 
WARNING  Failed to get priors for battle: 
ERROR    Error translating battle to observation: 
WARNING  Failed to get priors for battle: 
ERROR    Error translating battle to observation: 
WARNING  Failed to get priors for battle: 
ERROR    Error translating battle to observation: 
WARNING  Failed to get priors for battle: 
INFO     Successfully computed neural priors for 0/4 battles
INFO     Using PUCT-guided move selection (priors integrated during search)...
INFO     Policy 0: switch reuniclus visited 100.0% avg_score=0.005 sample_chance_multiplier=0.25
INFO     Policy 1: switch reuniclus visited 100.0% avg_score=0.002 sample_chance_multiplier=0.25
INFO     Policy 2: switch reuniclus visited 100.0% avg_score=0.723 sample_chance_multiplier=0.25
INFO     Policy 3: switch reuniclus visited 100.0% avg_score=0.765 sample_chance_multiplier=0.25
INFO     Considered Choices:
INFO     	100.0%: switch reuniclus
INFO     Choice: switch reuniclus
INFO     
INFO     Turn: 27
INFO     Sampling battle 0
INFO     	       garchomp    roughskin  rockyhelmet [earthquake, outrage, spikes, stealthrock] ttype=steel
INFO     	        dugtrio    arenatrap   choiceband [earthquake, stoneedge, suckerpunch, throatchop] ttype=ground
INFO     Sampling 1 unrevealed pokemon
INFO     	        manaphy    hydration    leftovers [energyball, hydropump, icebeam, tailglow] ttype=grass
INFO     Sampling battle 1
INFO     	       garchomp    roughskin  rockyhelmet [dragontail, earthquake, outrage, stealthrock] ttype=ground
INFO     	        dugtrio    arenatrap   choiceband [earthquake, stoneedge, suckerpunch, throatchop] ttype=ground
INFO     Sampling 1 unrevealed pokemon
INFO     	            mew  synchronize    leftovers [encore, knockoff, psychic, toxicspikes] ttype=dark
INFO     Sampling battle 2
INFO     	       garchomp    roughskin  rockyhelmet [earthquake, outrage, spikes, stealthrock] ttype=ground
INFO     	        dugtrio    arenatrap   choiceband [earthquake, stoneedge, suckerpunch, throatchop] ttype=ground
INFO     Sampling 1 unrevealed pokemon
INFO     	       ampharos       static  choicespecs [dazzlinggleam, focusblast, thunderbolt, voltswitch] ttype=electric
INFO     Sampling battle 3
INFO     	       garchomp    roughskin  rockyhelmet [dragontail, earthquake, outrage, spikes] ttype=steel
INFO     	        dugtrio    arenatrap   choiceband [earthquake, stoneedge, suckerpunch, throatchop] ttype=dark
INFO     Sampling 1 unrevealed pokemon
INFO     	      amoonguss  regenerator  rockyhelmet [clearsmog, gigadrain, sludgebomb, spore] ttype=water
INFO     Searching for a move using PUCT MCTS with neural priors...
INFO     Sampling 4 battles at 500ms each
INFO     Computing neural priors for all battles...
INFO     Initialized StateTranslator with TeamPreviewObservationSpace
INFO     Initializing LocalPolicyProvider with model: Minikazam
INFO     Loading pretrained Minikazam model...


 		 AMAGO v3.1
            	 -------------------------
            	 Agent: Agent
            		 Max Sequence Length: 64
            		 TstepEncoder Type: MetamonPerceiverTstepEncoder
            		 TrajEncoder Type: GRUTrajEncoder
            		 Total Parameters: 4,761,778
            		 Offline Loss Weight: 1.0
            		 Online Loss Weight: 0.0
            		 Mixed Precision: NO
            		 Checkpoint Path: /Users/yadureddy/Documents/GitHub/clean/pokeagent_ac_mcts/.metamon_cache/pretrained_models/models--jakegrigsby--metamon/snapshots/c5d1cb9abb6747066a325228845a5a8af3d12139/minikazam/minikazam/ckpts
            	 Environment:
            		 DummyAsyncVectorEnv(Gym Env x 1)
            		 Exploration Type: None
            	 Dataset: DoNothingDataset
            	 Accelerate Processes: 1 


INFO     Successfully loaded Minikazam model
ERROR    Error translating battle to observation: 
WARNING  Failed to get priors for battle: 
ERROR    Error translating battle to observation: 
WARNING  Failed to get priors for battle: 
ERROR    Error translating battle to observation: 
WARNING  Failed to get priors for battle: 
ERROR    Error translating battle to observation: 
WARNING  Failed to get priors for battle: 
INFO     Successfully computed neural priors for 0/4 battles
INFO     Using PUCT-guided move selection (priors integrated during search)...
INFO     Policy 0: recover visited 68.06% avg_score=0.687 sample_chance_multiplier=0.25
INFO     Policy 1: focusblast visited 53.07% avg_score=0.106 sample_chance_multiplier=0.25
INFO     Policy 2: recover visited 39.12% avg_score=0.021 sample_chance_multiplier=0.25
INFO     Policy 3: recover visited 98.8% avg_score=0.721 sample_chance_multiplier=0.25
INFO     Considered Choices:
INFO     	58.716%: recover
INFO     Choice: recover
INFO     Opponent has switched - clearing the last used move
INFO     reuniclus already has the move recover. Decrementing the PP by 1
INFO     reuniclus using recover makes it unlikely to have a choice item. Setting can_have_choice_item to False
INFO     reuniclus used a status-move. Adding `assaultvest` to impossible items
INFO     Setting reuniclus's last used move: recover
INFO     
INFO     Turn: 28
INFO     Sampling battle 0
INFO     	        dugtrio    arenatrap   choiceband [earthquake, stoneedge, suckerpunch, throatchop] ttype=ground
INFO     	       garchomp    roughskin  rockyhelmet [dragontail, earthquake, outrage, spikes] ttype=ground
INFO     Sampling 1 unrevealed pokemon
INFO     	typhlosionhisui        blaze heavydutyboots [calmmind, fireblast, focusblast, shadowball] ttype=fire
INFO     Sampling battle 1
INFO     	        dugtrio    arenatrap   choiceband [earthquake, stoneedge, suckerpunch, throatchop] ttype=ground
INFO     	       garchomp    roughskin  rockyhelmet [dragontail, earthquake, outrage, spikes] ttype=steel
INFO     Sampling 1 unrevealed pokemon
INFO     	          rotom     levitate  choicescarf [shadowball, thunderbolt, trick, voltswitch] ttype=electric
INFO     Sampling battle 2
INFO     	        dugtrio    arenatrap   choiceband [earthquake, stoneedge, suckerpunch, throatchop] ttype=ground
INFO     	       garchomp    roughskin  rockyhelmet [dragontail, earthquake, outrage, spikes] ttype=ground
INFO     Sampling 1 unrevealed pokemon
INFO     	       samurott      torrent  assaultvest [flipturn, grassknot, hydropump, megahorn] ttype=water
INFO     Sampling battle 3
INFO     	        dugtrio    arenatrap   choiceband [earthquake, stoneedge, suckerpunch, throatchop] ttype=ground
INFO     	       garchomp    roughskin  rockyhelmet [dragontail, earthquake, outrage, spikes] ttype=steel
INFO     Sampling 1 unrevealed pokemon
INFO     	     electivire   motordrive      lifeorb [bulkup, earthquake, icepunch, supercellslam] ttype=flying
INFO     Searching for a move using PUCT MCTS with neural priors...
INFO     Sampling 4 battles at 500ms each
INFO     Computing neural priors for all battles...
INFO     Initialized StateTranslator with TeamPreviewObservationSpace
INFO     Initializing LocalPolicyProvider with model: Minikazam
INFO     Loading pretrained Minikazam model...


 		 AMAGO v3.1
            	 -------------------------
            	 Agent: Agent
            		 Max Sequence Length: 64
            		 TstepEncoder Type: MetamonPerceiverTstepEncoder
            		 TrajEncoder Type: GRUTrajEncoder
            		 Total Parameters: 4,761,778
            		 Offline Loss Weight: 1.0
            		 Online Loss Weight: 0.0
            		 Mixed Precision: NO
            		 Checkpoint Path: /Users/yadureddy/Documents/GitHub/clean/pokeagent_ac_mcts/.metamon_cache/pretrained_models/models--jakegrigsby--metamon/snapshots/c5d1cb9abb6747066a325228845a5a8af3d12139/minikazam/minikazam/ckpts
            	 Environment:
            		 DummyAsyncVectorEnv(Gym Env x 1)
            		 Exploration Type: None
            	 Dataset: DoNothingDataset
            	 Accelerate Processes: 1 


INFO     Successfully loaded Minikazam model
ERROR    Error translating battle to observation: 
WARNING  Failed to get priors for battle: 
ERROR    Error translating battle to observation: 
WARNING  Failed to get priors for battle: 
ERROR    Error translating battle to observation: 
WARNING  Failed to get priors for battle: 
ERROR    Error translating battle to observation: 
WARNING  Failed to get priors for battle: 
INFO     Successfully computed neural priors for 0/4 battles
INFO     Using PUCT-guided move selection (priors integrated during search)...
INFO     Policy 0: recover visited 76.29% avg_score=0.009 sample_chance_multiplier=0.25
INFO     Policy 1: recover visited 77.15% avg_score=0.009 sample_chance_multiplier=0.25
INFO     Policy 2: recover visited 62.57% avg_score=0.036 sample_chance_multiplier=0.25
INFO     Policy 3: psyshock visited 60.44% avg_score=0.039 sample_chance_multiplier=0.25
INFO     Considered Choices:
INFO     	63.315%: recover
INFO     Choice: recover
INFO     Updated dugtrio's min speed to 239
INFO     dugtrio used a dark move, removing darkgem from possible items
INFO     Setting dugtrio's last used move: throatchop
INFO     dugtrio used a damaging move - not guessing lifeorb anymore
INFO     dugtrio did 56.97% damage to reuniclus with throatchop
INFO     Starting the volatile status throatchop on reuniclus
INFO     reuniclus already has the move recover. Decrementing the PP by 1
INFO     reuniclus using recover makes it unlikely to have a choice item. Setting can_have_choice_item to False
INFO     reuniclus used a status-move. Adding `assaultvest` to impossible items
INFO     Setting reuniclus's last used move: recover
INFO     
INFO     Turn: 29
INFO     Sampling battle 0
INFO     	        dugtrio    arenatrap   choiceband [earthquake, stoneedge, suckerpunch, throatchop] ttype=dark
INFO     	       garchomp    roughskin  rockyhelmet [dragontail, earthquake, outrage, stealthrock] ttype=steel
INFO     Sampling 1 unrevealed pokemon
INFO     	      rotomwash     levitate    leftovers [hydropump, painsplit, thunderbolt, willowisp] ttype=electric
INFO     Sampling battle 1
INFO     	        dugtrio    arenatrap   choiceband [earthquake, stoneedge, suckerpunch, throatchop] ttype=ground
INFO     	       garchomp    roughskin  rockyhelmet [dragontail, earthquake, outrage, spikes] ttype=ground
INFO     Sampling 1 unrevealed pokemon
INFO     	       meowstic    prankster    leftovers [alluringvoice, psychicnoise, thunderwave, yawn] ttype=fairy
INFO     Sampling battle 2
INFO     	        dugtrio    arenatrap   choiceband [earthquake, stoneedge, suckerpunch, throatchop] ttype=ground
INFO     	       garchomp    roughskin  rockyhelmet [earthquake, outrage, spikes, stealthrock] ttype=ground
INFO     Sampling 1 unrevealed pokemon
INFO     	      rotomwash     levitate  choicescarf [hydropump, thunderbolt, trick, voltswitch] ttype=water
INFO     Sampling battle 3
INFO     	        dugtrio    arenatrap   choiceband [earthquake, stoneedge, suckerpunch, throatchop] ttype=dark
INFO     	       garchomp    roughskin  rockyhelmet [dragontail, earthquake, outrage, spikes] ttype=ground
INFO     Sampling 1 unrevealed pokemon
INFO     	      araquanid  waterbubble heavydutyboots [leechlife, liquidation, mirrorcoat, stickyweb] ttype=ground
INFO     Searching for a move using PUCT MCTS with neural priors...
INFO     Sampling 4 battles at 500ms each
INFO     Computing neural priors for all battles...
INFO     Initialized StateTranslator with TeamPreviewObservationSpace
INFO     Initializing LocalPolicyProvider with model: Minikazam
INFO     Loading pretrained Minikazam model...


 		 AMAGO v3.1
            	 -------------------------
            	 Agent: Agent
            		 Max Sequence Length: 64
            		 TstepEncoder Type: MetamonPerceiverTstepEncoder
            		 TrajEncoder Type: GRUTrajEncoder
            		 Total Parameters: 4,761,778
            		 Offline Loss Weight: 1.0
            		 Online Loss Weight: 0.0
            		 Mixed Precision: NO
            		 Checkpoint Path: /Users/yadureddy/Documents/GitHub/clean/pokeagent_ac_mcts/.metamon_cache/pretrained_models/models--jakegrigsby--metamon/snapshots/c5d1cb9abb6747066a325228845a5a8af3d12139/minikazam/minikazam/ckpts
            	 Environment:
            		 DummyAsyncVectorEnv(Gym Env x 1)
            		 Exploration Type: None
            	 Dataset: DoNothingDataset
            	 Accelerate Processes: 1 


INFO     Successfully loaded Minikazam model
ERROR    Error translating battle to observation: 
WARNING  Failed to get priors for battle: 
ERROR    Error translating battle to observation: 
WARNING  Failed to get priors for battle: 
ERROR    Error translating battle to observation: 
WARNING  Failed to get priors for battle: 
ERROR    Error translating battle to observation: 
WARNING  Failed to get priors for battle: 
INFO     Successfully computed neural priors for 0/4 battles
INFO     Using PUCT-guided move selection (priors integrated during search)...
INFO     Policy 0: recover visited 77.54% avg_score=0.008 sample_chance_multiplier=0.25
INFO     Policy 1: recover visited 77.82% avg_score=0.008 sample_chance_multiplier=0.25
INFO     Policy 2: recover visited 77.37% avg_score=0.008 sample_chance_multiplier=0.25
INFO     Policy 3: recover visited 77.55% avg_score=0.008 sample_chance_multiplier=0.25
INFO     Considered Choices:
INFO     	77.573%: recover
INFO     Choice: recover
INFO     Updated dugtrio's min speed to 239
INFO     dugtrio already has the move throatchop. Decrementing the PP by 1
INFO     dugtrio used a dark move, removing darkgem from possible items
INFO     Setting dugtrio's last used move: throatchop
INFO     dugtrio used a damaging move - not guessing lifeorb anymore
INFO     dugtrio did 58.75% damage to reuniclus with throatchop
INFO     reuniclus already has the move recover. Decrementing the PP by 1
INFO     reuniclus using recover makes it unlikely to have a choice item. Setting can_have_choice_item to False
INFO     reuniclus used a status-move. Adding `assaultvest` to impossible items
INFO     Setting reuniclus's last used move: recover
INFO     Removing the volatile status throatchop from reuniclus
INFO     
INFO     Turn: 30
INFO     Sampling battle 0
INFO     	        dugtrio    arenatrap   choiceband [earthquake, stoneedge, suckerpunch, throatchop] ttype=ground
INFO     	       garchomp    roughskin  rockyhelmet [dragontail, earthquake, outrage, stealthrock] ttype=ground
INFO     Sampling 1 unrevealed pokemon
INFO     	      magmortar    flamebody heavydutyboots [fireblast, focusblast, knockoff, scorchingsands] ttype=fighting
INFO     Sampling battle 1
INFO     	        dugtrio    arenatrap   choiceband [earthquake, stoneedge, suckerpunch, throatchop] ttype=ground
INFO     	       garchomp    roughskin  rockyhelmet [dragontail, earthquake, outrage, stealthrock] ttype=ground
INFO     Sampling 1 unrevealed pokemon
INFO     	      armarouge    weakarmor  choicespecs [armorcannon, aurasphere, energyball, psyshock] ttype=grass
INFO     Sampling battle 2
INFO     	        dugtrio    arenatrap   choiceband [earthquake, stoneedge, suckerpunch, throatchop] ttype=dark
INFO     	       garchomp    roughskin  rockyhelmet [dragontail, earthquake, outrage, spikes] ttype=ground
INFO     Sampling 1 unrevealed pokemon
INFO     	      magnezone   magnetpull  assaultvest [bodypress, discharge, flashcannon, voltswitch] ttype=water
INFO     Sampling battle 3
INFO     	        dugtrio    arenatrap   choiceband [earthquake, stoneedge, suckerpunch, throatchop] ttype=ground
INFO     	       garchomp    roughskin  rockyhelmet [dragontail, earthquake, outrage, spikes] ttype=steel
INFO     Sampling 1 unrevealed pokemon
INFO     	       sceptile     overgrow      lifeorb [earthquake, focusblast, leafstorm, rockslide] ttype=grass
INFO     Searching for a move using PUCT MCTS with neural priors...
INFO     Sampling 4 battles at 500ms each
INFO     Computing neural priors for all battles...
INFO     Initialized StateTranslator with TeamPreviewObservationSpace
INFO     Initializing LocalPolicyProvider with model: Minikazam
INFO     Loading pretrained Minikazam model...


 		 AMAGO v3.1
            	 -------------------------
            	 Agent: Agent
            		 Max Sequence Length: 64
            		 TstepEncoder Type: MetamonPerceiverTstepEncoder
            		 TrajEncoder Type: GRUTrajEncoder
            		 Total Parameters: 4,761,778
            		 Offline Loss Weight: 1.0
            		 Online Loss Weight: 0.0
            		 Mixed Precision: NO
            		 Checkpoint Path: /Users/yadureddy/Documents/GitHub/clean/pokeagent_ac_mcts/.metamon_cache/pretrained_models/models--jakegrigsby--metamon/snapshots/c5d1cb9abb6747066a325228845a5a8af3d12139/minikazam/minikazam/ckpts
            	 Environment:
            		 DummyAsyncVectorEnv(Gym Env x 1)
            		 Exploration Type: None
            	 Dataset: DoNothingDataset
            	 Accelerate Processes: 1 


INFO     Successfully loaded Minikazam model
ERROR    Error translating battle to observation: 
WARNING  Failed to get priors for battle: 
ERROR    Error translating battle to observation: 
WARNING  Failed to get priors for battle: 
ERROR    Error translating battle to observation: 
WARNING  Failed to get priors for battle: 
ERROR    Error translating battle to observation: 
WARNING  Failed to get priors for battle: 
INFO     Successfully computed neural priors for 0/4 battles
INFO     Using PUCT-guided move selection (priors integrated during search)...
INFO     Policy 0: recover visited 75.58% avg_score=0.007 sample_chance_multiplier=0.25
INFO     Policy 1: recover visited 71.92% avg_score=0.006 sample_chance_multiplier=0.25
INFO     Policy 2: recover visited 75.04% avg_score=0.006 sample_chance_multiplier=0.25
INFO     Policy 3: recover visited 75.89% avg_score=0.007 sample_chance_multiplier=0.25
INFO     Considered Choices:
INFO     	74.606%: recover
INFO     Choice: recover
INFO     Updated dugtrio's min speed to 239
INFO     dugtrio already has the move throatchop. Decrementing the PP by 1
INFO     dugtrio used a dark move, removing darkgem from possible items
INFO     Setting dugtrio's last used move: throatchop
INFO     dugtrio used a damaging move - not guessing lifeorb anymore
INFO     dugtrio did 54.6% damage to reuniclus with throatchop
INFO     Starting the volatile status throatchop on reuniclus
INFO     reuniclus already has the move recover. Decrementing the PP by 1
INFO     reuniclus using recover makes it unlikely to have a choice item. Setting can_have_choice_item to False
INFO     reuniclus used a status-move. Adding `assaultvest` to impossible items
INFO     Setting reuniclus's last used move: recover
INFO     
INFO     Turn: 31
INFO     Sampling battle 0
INFO     	        dugtrio    arenatrap   choiceband [earthquake, stoneedge, suckerpunch, throatchop] ttype=dark
INFO     	       garchomp    roughskin  rockyhelmet [dragontail, earthquake, outrage, spikes] ttype=steel
INFO     Sampling 1 unrevealed pokemon
INFO     	        heatran    flashfire  assaultvest [earthpower, flashcannon, heavyslam, lavaplume] ttype=flying
INFO     Sampling battle 1
INFO     	        dugtrio    arenatrap   choiceband [earthquake, stoneedge, suckerpunch, throatchop] ttype=dark
INFO     	       garchomp    roughskin  rockyhelmet [earthquake, outrage, spikes, stealthrock] ttype=steel
INFO     Sampling 1 unrevealed pokemon
INFO     	         zarude    leafguard    leftovers [knockoff, powerwhip, swordsdance, synthesis] ttype=grass
INFO     Sampling battle 2
INFO     	        dugtrio    arenatrap   choiceband [earthquake, stoneedge, suckerpunch, throatchop] ttype=dark
INFO     	       garchomp    roughskin  rockyhelmet [dragontail, earthquake, outrage, spikes] ttype=ground
INFO     Sampling 1 unrevealed pokemon
INFO     	      ninetales      drought heavydutyboots [fireblast, nastyplot, scorchingsands, solarbeam] ttype=grass
INFO     Sampling battle 3
INFO     	        dugtrio    arenatrap   choiceband [earthquake, stoneedge, suckerpunch, throatchop] ttype=ground
INFO     	       garchomp    roughskin  rockyhelmet [dragontail, earthquake, outrage, spikes] ttype=ground
INFO     Sampling 1 unrevealed pokemon
INFO     	  braviaryhisui   tintedlens heavydutyboots [defog, esperwing, hurricane, roost] ttype=psychic
INFO     Searching for a move using PUCT MCTS with neural priors...
INFO     Sampling 4 battles at 500ms each
INFO     Computing neural priors for all battles...
INFO     Initialized StateTranslator with TeamPreviewObservationSpace
INFO     Initializing LocalPolicyProvider with model: Minikazam
INFO     Loading pretrained Minikazam model...


 		 AMAGO v3.1
            	 -------------------------
            	 Agent: Agent
            		 Max Sequence Length: 64
            		 TstepEncoder Type: MetamonPerceiverTstepEncoder
            		 TrajEncoder Type: GRUTrajEncoder
            		 Total Parameters: 4,761,778
            		 Offline Loss Weight: 1.0
            		 Online Loss Weight: 0.0
            		 Mixed Precision: NO
            		 Checkpoint Path: /Users/yadureddy/Documents/GitHub/clean/pokeagent_ac_mcts/.metamon_cache/pretrained_models/models--jakegrigsby--metamon/snapshots/c5d1cb9abb6747066a325228845a5a8af3d12139/minikazam/minikazam/ckpts
            	 Environment:
            		 DummyAsyncVectorEnv(Gym Env x 1)
            		 Exploration Type: None
            	 Dataset: DoNothingDataset
            	 Accelerate Processes: 1 


INFO     Successfully loaded Minikazam model
ERROR    Error translating battle to observation: 
WARNING  Failed to get priors for battle: 
ERROR    Error translating battle to observation: 
WARNING  Failed to get priors for battle: 
ERROR    Error translating battle to observation: 
WARNING  Failed to get priors for battle: 
ERROR    Error translating battle to observation: 
WARNING  Failed to get priors for battle: 
INFO     Successfully computed neural priors for 0/4 battles
INFO     Using PUCT-guided move selection (priors integrated during search)...
INFO     Policy 0: recover visited 71.45% avg_score=0.005 sample_chance_multiplier=0.25
INFO     Policy 1: recover visited 72.38% avg_score=0.006 sample_chance_multiplier=0.25
INFO     Policy 2: recover visited 71.52% avg_score=0.006 sample_chance_multiplier=0.25
INFO     Policy 3: recover visited 72.92% avg_score=0.006 sample_chance_multiplier=0.25
INFO     Considered Choices:
INFO     	72.066%: recover
INFO     Choice: recover
INFO     Updated dugtrio's min speed to 239
INFO     dugtrio already has the move throatchop. Decrementing the PP by 1
INFO     dugtrio used a dark move, removing darkgem from possible items
INFO     Setting dugtrio's last used move: throatchop
INFO     dugtrio used a damaging move - not guessing lifeorb anymore
INFO     dugtrio did 59.940000000000005% damage to reuniclus with throatchop
INFO     reuniclus already has the move recover. Decrementing the PP by 1
INFO     reuniclus using recover makes it unlikely to have a choice item. Setting can_have_choice_item to False
INFO     reuniclus used a status-move. Adding `assaultvest` to impossible items
INFO     Setting reuniclus's last used move: recover
INFO     Removing the volatile status throatchop from reuniclus
INFO     
INFO     Turn: 32
INFO     Sampling battle 0
INFO     	        dugtrio    arenatrap   choiceband [earthquake, stoneedge, suckerpunch, throatchop] ttype=dark
INFO     	       garchomp    roughskin  rockyhelmet [dragontail, earthquake, outrage, spikes] ttype=steel
INFO     Sampling 1 unrevealed pokemon
INFO     	      hitmontop   technician    leftovers [bulkup, closecombat, rapidspin, tripleaxel] ttype=ice
INFO     Sampling battle 1
INFO     	        dugtrio    arenatrap   choiceband [earthquake, stoneedge, suckerpunch, throatchop] ttype=ground
INFO     	       garchomp    roughskin  rockyhelmet [earthquake, outrage, spikes, stealthrock] ttype=ground
INFO     Sampling 1 unrevealed pokemon
INFO     	      trevenant  naturalcure      lifeorb [drainpunch, hornleech, poltergeist, willowisp] ttype=fighting
INFO     Sampling battle 2
INFO     	        dugtrio    arenatrap   choiceband [earthquake, stoneedge, suckerpunch, throatchop] ttype=dark
INFO     	       garchomp    roughskin  rockyhelmet [earthquake, outrage, spikes, stealthrock] ttype=steel
INFO     Sampling 1 unrevealed pokemon
INFO     	    roaringmoon protosynthesis     lumberry [dragondance, earthquake, knockoff, outrage] ttype=dark
INFO     Sampling battle 3
INFO     	        dugtrio    arenatrap   choiceband [earthquake, stoneedge, suckerpunch, throatchop] ttype=dark
INFO     	       garchomp    roughskin  rockyhelmet [earthquake, outrage, spikes, stealthrock] ttype=steel
INFO     Sampling 1 unrevealed pokemon
INFO     	     eelektross     levitate    leftovers [coil, drainpunch, firepunch, supercellslam] ttype=fighting
INFO     Searching for a move using PUCT MCTS with neural priors...
INFO     Sampling 4 battles at 500ms each
INFO     Computing neural priors for all battles...
INFO     Initialized StateTranslator with TeamPreviewObservationSpace
INFO     Initializing LocalPolicyProvider with model: Minikazam
INFO     Loading pretrained Minikazam model...


 		 AMAGO v3.1
            	 -------------------------
            	 Agent: Agent
            		 Max Sequence Length: 64
            		 TstepEncoder Type: MetamonPerceiverTstepEncoder
            		 TrajEncoder Type: GRUTrajEncoder
            		 Total Parameters: 4,761,778
            		 Offline Loss Weight: 1.0
            		 Online Loss Weight: 0.0
            		 Mixed Precision: NO
            		 Checkpoint Path: /Users/yadureddy/Documents/GitHub/clean/pokeagent_ac_mcts/.metamon_cache/pretrained_models/models--jakegrigsby--metamon/snapshots/c5d1cb9abb6747066a325228845a5a8af3d12139/minikazam/minikazam/ckpts
            	 Environment:
            		 DummyAsyncVectorEnv(Gym Env x 1)
            		 Exploration Type: None
            	 Dataset: DoNothingDataset
            	 Accelerate Processes: 1 


INFO     Successfully loaded Minikazam model
ERROR    Error translating battle to observation: 
WARNING  Failed to get priors for battle: 
ERROR    Error translating battle to observation: 
WARNING  Failed to get priors for battle: 
ERROR    Error translating battle to observation: 
WARNING  Failed to get priors for battle: 
ERROR    Error translating battle to observation: 
WARNING  Failed to get priors for battle: 
INFO     Successfully computed neural priors for 0/4 battles
INFO     Using PUCT-guided move selection (priors integrated during search)...
INFO     Policy 0: recover visited 61.61% avg_score=0.004 sample_chance_multiplier=0.25
INFO     Policy 1: recover visited 56.41% avg_score=0.004 sample_chance_multiplier=0.25
INFO     Policy 2: recover visited 60.7% avg_score=0.004 sample_chance_multiplier=0.25
INFO     Policy 3: recover visited 99.05% avg_score=0.818 sample_chance_multiplier=0.25
INFO     Considered Choices:
INFO     	69.444%: recover
INFO     Choice: recover
INFO     Updated dugtrio's min speed to 239
INFO     dugtrio already has the move throatchop. Decrementing the PP by 1
INFO     dugtrio used a dark move, removing darkgem from possible items
INFO     Setting dugtrio's last used move: throatchop
INFO     dugtrio used a damaging move - not guessing lifeorb anymore
INFO     dugtrio did 56.97% damage to reuniclus with throatchop
INFO     Starting the volatile status throatchop on reuniclus
INFO     reuniclus already has the move recover. Decrementing the PP by 1
INFO     reuniclus using recover makes it unlikely to have a choice item. Setting can_have_choice_item to False
INFO     reuniclus used a status-move. Adding `assaultvest` to impossible items
INFO     Setting reuniclus's last used move: recover
INFO     
INFO     Turn: 33
INFO     Sampling battle 0
INFO     	        dugtrio    arenatrap   choiceband [earthquake, stoneedge, suckerpunch, throatchop] ttype=ground
INFO     	       garchomp    roughskin  rockyhelmet [earthquake, outrage, spikes, stealthrock] ttype=steel
INFO     Sampling 1 unrevealed pokemon
INFO     	      zamazenta dauntlessshield    leftovers [bodypress, crunch, irondefense, ironhead] ttype=fighting
INFO     Sampling battle 1
INFO     	        dugtrio    arenatrap   choiceband [earthquake, stoneedge, suckerpunch, throatchop] ttype=ground
INFO     	       garchomp    roughskin  rockyhelmet [dragontail, earthquake, outrage, spikes] ttype=steel
INFO     Sampling 1 unrevealed pokemon
INFO     	        shiftry    windrider heavydutyboots [defog, knockoff, leafstorm, willowisp] ttype=dark
INFO     Sampling battle 2
INFO     	        dugtrio    arenatrap   choiceband [earthquake, stoneedge, suckerpunch, throatchop] ttype=dark
INFO     	       garchomp    roughskin  rockyhelmet [dragontail, earthquake, outrage, spikes] ttype=steel
INFO     Sampling 1 unrevealed pokemon
INFO     	   weezinggalar     levitate    leftovers [fireblast, gunkshot, strangesteam, willowisp] ttype=steel
INFO     Sampling battle 3
INFO     	        dugtrio    arenatrap   choiceband [earthquake, stoneedge, suckerpunch, throatchop] ttype=ground
INFO     	       garchomp    roughskin  rockyhelmet [dragontail, earthquake, outrage, spikes] ttype=steel
INFO     Sampling 1 unrevealed pokemon
INFO     	  slowkinggalar  regenerator    leftovers [psychicnoise, slackoff, sludgebomb, thunderwave] ttype=dark
INFO     Searching for a move using PUCT MCTS with neural priors...
INFO     Sampling 4 battles at 500ms each
INFO     Computing neural priors for all battles...
INFO     Initialized StateTranslator with TeamPreviewObservationSpace
INFO     Initializing LocalPolicyProvider with model: Minikazam
INFO     Loading pretrained Minikazam model...


 		 AMAGO v3.1
            	 -------------------------
            	 Agent: Agent
            		 Max Sequence Length: 64
            		 TstepEncoder Type: MetamonPerceiverTstepEncoder
            		 TrajEncoder Type: GRUTrajEncoder
            		 Total Parameters: 4,761,778
            		 Offline Loss Weight: 1.0
            		 Online Loss Weight: 0.0
            		 Mixed Precision: NO
            		 Checkpoint Path: /Users/yadureddy/Documents/GitHub/clean/pokeagent_ac_mcts/.metamon_cache/pretrained_models/models--jakegrigsby--metamon/snapshots/c5d1cb9abb6747066a325228845a5a8af3d12139/minikazam/minikazam/ckpts
            	 Environment:
            		 DummyAsyncVectorEnv(Gym Env x 1)
            		 Exploration Type: None
            	 Dataset: DoNothingDataset
            	 Accelerate Processes: 1 


INFO     Successfully loaded Minikazam model
ERROR    Error translating battle to observation: 
WARNING  Failed to get priors for battle: 
ERROR    Error translating battle to observation: 
WARNING  Failed to get priors for battle: 
ERROR    Error translating battle to observation: 
WARNING  Failed to get priors for battle: 
ERROR    Error translating battle to observation: 
WARNING  Failed to get priors for battle: 
INFO     Successfully computed neural priors for 0/4 battles
INFO     Using PUCT-guided move selection (priors integrated during search)...
INFO     Policy 0: recover visited 46.93% avg_score=0.003 sample_chance_multiplier=0.25
INFO     Policy 1: recover visited 46.93% avg_score=0.003 sample_chance_multiplier=0.25
INFO     Policy 2: recover visited 47.78% avg_score=0.003 sample_chance_multiplier=0.25
INFO     Policy 3: recover visited 46.58% avg_score=0.003 sample_chance_multiplier=0.25
INFO     Considered Choices:
INFO     	47.054%: recover
INFO     Choice: recover
INFO     Updated dugtrio's min speed to 239
INFO     dugtrio already has the move throatchop. Decrementing the PP by 1
INFO     dugtrio used a dark move, removing darkgem from possible items
INFO     Setting dugtrio's last used move: throatchop
INFO     dugtrio used a damaging move - not guessing lifeorb anymore
INFO     dugtrio did 57.57% damage to reuniclus with throatchop
INFO     reuniclus already has the move recover. Decrementing the PP by 1
INFO     reuniclus using recover makes it unlikely to have a choice item. Setting can_have_choice_item to False
INFO     reuniclus used a status-move. Adding `assaultvest` to impossible items
INFO     Setting reuniclus's last used move: recover
INFO     Removing the volatile status throatchop from reuniclus
INFO     
INFO     Turn: 34
INFO     Sampling battle 0
INFO     	        dugtrio    arenatrap   choiceband [earthquake, stoneedge, suckerpunch, throatchop] ttype=dark
INFO     	       garchomp    roughskin  rockyhelmet [earthquake, outrage, spikes, stealthrock] ttype=steel
INFO     Sampling 1 unrevealed pokemon
INFO     	          arbok   intimidate    leftovers [earthquake, glare, gunkshot, toxicspikes] ttype=ground
INFO     Sampling battle 1
INFO     	        dugtrio    arenatrap   choiceband [earthquake, stoneedge, suckerpunch, throatchop] ttype=ground
INFO     	       garchomp    roughskin  rockyhelmet [dragontail, earthquake, outrage, spikes] ttype=steel
INFO     Sampling 1 unrevealed pokemon
INFO     	        breloom   technician      lifeorb [bulletseed, machpunch, rocktomb, spore] ttype=fighting
INFO     Sampling battle 2
INFO     	        dugtrio    arenatrap   choiceband [earthquake, stoneedge, suckerpunch, throatchop] ttype=dark
INFO     	       garchomp    roughskin  rockyhelmet [dragontail, earthquake, outrage, spikes] ttype=ground
INFO     Sampling 1 unrevealed pokemon
INFO     	          minun   voltabsorb      lifeorb [alluringvoice, grassknot, nastyplot, thunderbolt] ttype=fairy
INFO     Sampling battle 3
INFO     	        dugtrio    arenatrap   choiceband [earthquake, stoneedge, suckerpunch, throatchop] ttype=ground
INFO     	       garchomp    roughskin  rockyhelmet [earthquake, outrage, spikes, stealthrock] ttype=ground
INFO     Sampling 1 unrevealed pokemon
INFO     	 sandslashalola    slushrush  assaultvest [earthquake, ironhead, rapidspin, tripleaxel] ttype=flying
INFO     Searching for a move using PUCT MCTS with neural priors...
INFO     Sampling 4 battles at 500ms each
INFO     Computing neural priors for all battles...
INFO     Initialized StateTranslator with TeamPreviewObservationSpace
INFO     Initializing LocalPolicyProvider with model: Minikazam
INFO     Loading pretrained Minikazam model...


 		 AMAGO v3.1
            	 -------------------------
            	 Agent: Agent
            		 Max Sequence Length: 64
            		 TstepEncoder Type: MetamonPerceiverTstepEncoder
            		 TrajEncoder Type: GRUTrajEncoder
            		 Total Parameters: 4,761,778
            		 Offline Loss Weight: 1.0
            		 Online Loss Weight: 0.0
            		 Mixed Precision: NO
            		 Checkpoint Path: /Users/yadureddy/Documents/GitHub/clean/pokeagent_ac_mcts/.metamon_cache/pretrained_models/models--jakegrigsby--metamon/snapshots/c5d1cb9abb6747066a325228845a5a8af3d12139/minikazam/minikazam/ckpts
            	 Environment:
            		 DummyAsyncVectorEnv(Gym Env x 1)
            		 Exploration Type: None
            	 Dataset: DoNothingDataset
            	 Accelerate Processes: 1 


INFO     Successfully loaded Minikazam model
ERROR    Error translating battle to observation: 
WARNING  Failed to get priors for battle: 
ERROR    Error translating battle to observation: 
WARNING  Failed to get priors for battle: 
ERROR    Error translating battle to observation: 
WARNING  Failed to get priors for battle: 
ERROR    Error translating battle to observation: 
WARNING  Failed to get priors for battle: 
INFO     Successfully computed neural priors for 0/4 battles
INFO     Using PUCT-guided move selection (priors integrated during search)...
INFO     Policy 0: recover visited 33.02% avg_score=0.002 sample_chance_multiplier=0.25
INFO     Policy 1: recover visited 33.96% avg_score=0.002 sample_chance_multiplier=0.25
INFO     Policy 2: recover visited 34.01% avg_score=0.002 sample_chance_multiplier=0.25
INFO     Policy 3: recover visited 34.44% avg_score=0.002 sample_chance_multiplier=0.25
INFO     Considered Choices:
INFO     	33.856%: recover
INFO     	28.995%: focusblast
INFO     Choice: recover
INFO     Winner: VanillaMCTS
INFO     Lost with team: None
INFO     W: 2	L: 3
