INFO     Logging in...
INFO     Logging in to local server...
INFO     Searching for ranked gen9randombattle match
INFO     Initialized battle-gen9randombattle-59 against: Vanilla5
INFO     Opponent has switched - clearing the last used move
INFO     dragapult switched in, adding intimidate to impossible abilities
INFO     dragapult switched in, adding pressure to impossible abilities
INFO     dragapult switched in, adding neutralizinggas to impossible abilities
INFO     dragapult switched in, adding sandstream to impossible abilities
INFO     dragapult switched in, adding drought to impossible abilities
INFO     dragapult switched in, adding drizzle to impossible abilities
INFO     dragapult switched in, adding snowwarning to impossible abilities
INFO     dragapult switched in, adding boosterenergy to impossible items
INFO     dragapult switched in, adding airballoon to impossible items
INFO     
INFO     Turn: 1
INFO     Sampling battle 0
INFO     	      dragapult  infiltrator heavydutyboots [dragondarts, hex, uturn, willowisp] ttype=dragon
INFO     Sampling 5 unrevealed pokemon
INFO     	       salazzle    corrosion    leftovers [flamethrower, protect, substitute, toxic] ttype=flying
INFO     	      araquanid  waterbubble heavydutyboots [leechlife, liquidation, mirrorcoat, stickyweb] ttype=ground
INFO     	        milotic  competitive    leftovers [haze, icebeam, recover, scald] ttype=dragon
INFO     	        kleavor    sharpness   choiceband [closecombat, stoneaxe, uturn, xscissor] ttype=bug
INFO     	        ambipom   technician   choiceband [doubleedge, knockoff, lowkick, tripleaxel] ttype=ice
INFO     Sampling battle 1
INFO     	      dragapult    clearbody      lifeorb [dragondance, dragondarts, fireblast, terablast] ttype=ghost
INFO     Sampling 5 unrevealed pokemon
INFO     	      gardevoir        trace  choicespecs [focusblast, moonblast, mysticalfire, psyshock] ttype=fighting
INFO     	     gothitelle    shadowtag  choicescarf [darkpulse, focusblast, psychic, trick] ttype=dark
INFO     	      primarina      torrent    leftovers [calmmind, drainingkiss, psychic, sparklingaria] ttype=steel
INFO     	      garganacl purifyingsalt    leftovers [earthquake, protect, recover, saltcure] ttype=ghost
INFO     	       chienpao  swordofruin heavydutyboots [iciclecrash, suckerpunch, swordsdance, throatchop] ttype=dark
INFO     Sampling battle 2
INFO     	      dragapult   cursedbody heavydutyboots [dragondarts, hex, uturn, willowisp] ttype=dragon
INFO     Sampling 5 unrevealed pokemon
INFO     	        lanturn   voltabsorb    leftovers [icebeam, scald, thunderbolt, thunderwave] ttype=flying
INFO     	        ogerpon      defiant    leftovers [ivycudgel, spikes, superpower, synthesis] ttype=grass
INFO     	    dudunsparce      rattled    leftovers [boomburst, calmmind, roost, shadowball] ttype=ghost
INFO     	      cramorant  gulpmissile heavydutyboots [bravebird, defog, roost, surf] ttype=ground
INFO     	  arceuspsychic    multitype    mindplate [bodypress, cosmicpower, recover, storedpower] ttype=steel
INFO     Sampling battle 3
INFO     	      dragapult    clearbody      lifeorb [dragondance, dragondarts, fireblast, terablast] ttype=ghost
INFO     Sampling 5 unrevealed pokemon
INFO     	       sawsbuck  serenegrace      lifeorb [headbutt, highhorsepower, hornleech, swordsdance] ttype=normal
INFO     	 exeggutoralola      harvest  sitrusberry [dracometeor, flamethrower, moonlight, woodhammer] ttype=fire
INFO     	    raichualola  surgesurfer  choicespecs [psyshock, surf, thunderbolt, voltswitch] ttype=water
INFO     	       bronzong     levitate    leftovers [earthquake, hypnosis, psychicnoise, stealthrock] ttype=electric
INFO     	     forretress       sturdy    leftovers [ironhead, stealthrock, toxicspikes, voltswitch] ttype=water
INFO     Sampling battle 4
INFO     	      dragapult  infiltrator heavydutyboots [dragondarts, hex, uturn, willowisp] ttype=fairy
INFO     Sampling 5 unrevealed pokemon
INFO     	        ogerpon      defiant heavydutyboots [ivycudgel, superpower, synthesis, uturn] ttype=grass
INFO     	        mimikyu     disguise      lifeorb [drainpunch, playrough, shadowsneak, swordsdance] ttype=fighting
INFO     	   dugtrioalola tanglinghair      lifeorb [earthquake, ironhead, stealthrock, stoneedge] ttype=steel
INFO     	        kingdra    swiftswim     lumberry [dragondance, ironhead, outrage, wavecrash] ttype=steel
INFO     	       solgaleo fullmetalbody  rockyhelmet [knockoff, morningsun, sunsteelstrike, teleport] ttype=water
INFO     Sampling battle 5
INFO     	      dragapult    clearbody      lifeorb [dragondance, dragondarts, fireblast, terablast] ttype=ghost
INFO     Sampling 5 unrevealed pokemon
INFO     	        palafin   zerotohero    leftovers [bulkup, drainpunch, jetpunch, wavecrash] ttype=dragon
INFO     	        seviper  infiltrator      lifeorb [earthquake, flamethrower, gunkshot, knockoff] ttype=dark
INFO     	       smeargle     owntempo    focussash [ceaselessedge, spore, stickyweb, whirlwind] ttype=ghost
INFO     	       solgaleo fullmetalbody    leftovers [closecombat, morningsun, roar, sunsteelstrike] ttype=water
INFO     	    basculegion adaptability  assaultvest [aquajet, flipturn, shadowball, wavecrash] ttype=water
INFO     Sampling battle 6
INFO     	      dragapult   cursedbody heavydutyboots [dragondarts, hex, uturn, willowisp] ttype=fairy
INFO     Sampling 5 unrevealed pokemon
INFO     	     eelektross     levitate  assaultvest [closecombat, discharge, gigadrain, uturn] ttype=poison
INFO     	       dachsbun wellbakedbody    leftovers [playrough, protect, stompingtantrum, wish] ttype=steel
INFO     	       hariyama         guts     flameorb [bulletpunch, closecombat, facade, knockoff] ttype=normal
INFO     	     masquerain   intimidate heavydutyboots [hurricane, hydropump, stickyweb, stunspore] ttype=water
INFO     	    kyuremblack     teravolt   loadeddice [dragondance, fusionbolt, iciclespear, scaleshot] ttype=electric
INFO     Sampling battle 7
INFO     	      dragapult   cursedbody heavydutyboots [dragondarts, hex, uturn, willowisp] ttype=dragon
INFO     Sampling 5 unrevealed pokemon
INFO     	      pecharunt poisonpuppeteer  rockyhelmet [malignantchain, partingshot, recover, shadowball] ttype=dark
INFO     	        dugtrio    arenatrap   choiceband [earthquake, stoneedge, suckerpunch, throatchop] ttype=dark
INFO     	      hydrapple  regenerator    leftovers [ficklebeam, gigadrain, nastyplot, recover] ttype=steel
INFO     	     ironbundle   quarkdrive    leftovers [freezedry, hydropump, icebeam, substitute] ttype=water
INFO     	        gurdurr         guts     eviolite [defog, drainpunch, knockoff, machpunch] ttype=steel
INFO     Searching for a move using PUCT MCTS with neural priors...
INFO     Sampling 8 battles at 250ms each
INFO     Computing neural priors for all battles...
INFO     Initialized StateTranslator with TeamPreviewObservationSpace
INFO     Initializing LocalPolicyProvider with model: Minikazam
Gym has been unmaintained since 2022 and does not support NumPy 2.0 amongst other critical functionality.
Please upgrade to Gymnasium, the maintained drop-in replacement of Gym, or contact the authors of your software and request that they upgrade.
Users of this version of Gym should be able to simply replace 'import gym' with 'import gymnasium as gym' in the vast majority of cases.
See the migration guide at https://gymnasium.farama.org/introduction/migration_guide/ for additional information.
INFO     Loading pretrained Minikazam model...


 		 AMAGO v3.1
            	 -------------------------
            	 Agent: Agent
            		 Max Sequence Length: 64
            		 TstepEncoder Type: MetamonPerceiverTstepEncoder
            		 TrajEncoder Type: GRUTrajEncoder
            		 Total Parameters: 4,761,778
            		 Offline Loss Weight: 1.0
            		 Online Loss Weight: 0.0
            		 Mixed Precision: NO
            		 Checkpoint Path: /Users/yadureddy/Documents/GitHub/clean/pokeagent_ac_mcts/.metamon_cache/pretrained_models/models--jakegrigsby--metamon/snapshots/c5d1cb9abb6747066a325228845a5a8af3d12139/minikazam/minikazam/ckpts
            	 Environment:
            		 DummyAsyncVectorEnv(Gym Env x 1)
            		 Exploration Type: None
            	 Dataset: DoNothingDataset
            	 Accelerate Processes: 1 


INFO     Successfully loaded Minikazam model
ERROR    Error translating battle to observation: 
WARNING  Failed to get priors for battle: 
ERROR    Error translating battle to observation: 
WARNING  Failed to get priors for battle: 
ERROR    Error translating battle to observation: 
WARNING  Failed to get priors for battle: 
ERROR    Error translating battle to observation: 
WARNING  Failed to get priors for battle: 
ERROR    Error translating battle to observation: 
WARNING  Failed to get priors for battle: 
ERROR    Error translating battle to observation: 
WARNING  Failed to get priors for battle: 
ERROR    Error translating battle to observation: 
WARNING  Failed to get priors for battle: 
ERROR    Error translating battle to observation: 
WARNING  Failed to get priors for battle: 
INFO     Successfully computed neural priors for 0/8 battles
INFO     Using PUCT-guided move selection (priors integrated during search)...
INFO     Policy 0: switch emboar visited 63.05% avg_score=0.442 sample_chance_multiplier=0.125
INFO     Policy 1: earthquake visited 90.57% avg_score=0.655 sample_chance_multiplier=0.125
INFO     Policy 2: iceshard visited 40.09% avg_score=0.518 sample_chance_multiplier=0.125
INFO     Policy 3: stealthrock visited 80.81% avg_score=0.659 sample_chance_multiplier=0.125
INFO     Policy 4: switch emboar visited 49.73% avg_score=0.478 sample_chance_multiplier=0.125
INFO     Policy 5: earthquake visited 71.51% avg_score=0.667 sample_chance_multiplier=0.125
INFO     Policy 6: iceshard visited 75.58% avg_score=0.386 sample_chance_multiplier=0.125
INFO     Policy 7: iceshard visited 32.18% avg_score=0.511 sample_chance_multiplier=0.125
INFO     Considered Choices:
INFO     	24.265%: earthquake
INFO     	23.234%: iceshard
INFO     	21.111%: stealthrock
INFO     Choice: iceshard
INFO     Opponent has switched - clearing the last used move
INFO     urshifurapidstrike switched in, adding intimidate to impossible abilities
INFO     urshifurapidstrike switched in, adding pressure to impossible abilities
INFO     urshifurapidstrike switched in, adding neutralizinggas to impossible abilities
INFO     urshifurapidstrike switched in, adding sandstream to impossible abilities
INFO     urshifurapidstrike switched in, adding drought to impossible abilities
INFO     urshifurapidstrike switched in, adding drizzle to impossible abilities
INFO     urshifurapidstrike switched in, adding snowwarning to impossible abilities
INFO     urshifurapidstrike switched in, adding boosterenergy to impossible items
INFO     urshifurapidstrike switched in, adding airballoon to impossible items
INFO     piloswine already has the move iceshard. Decrementing the PP by 1
INFO     piloswine used a ice move, removing icegem from possible items
INFO     Setting piloswine's last used move: iceshard
INFO     piloswine used a damaging move - not guessing lifeorb anymore
INFO     piloswine did 7.000000000000001% damage to urshifurapidstrike with iceshard
INFO     urshifurapidstrike has less than maxhp during upkeep, no longer guessing leftovers or blacksludge
INFO     
INFO     Turn: 2
INFO     Sampling battle 0
INFO     	urshifurapidstrike   unseenfist      lifeorb [aquajet, closecombat, surgingstrikes, swordsdance] ttype=water
INFO     	      dragapult   cursedbody heavydutyboots [dragondarts, hex, uturn, willowisp] ttype=fairy
INFO     Sampling 4 unrevealed pokemon
INFO     	      girafarig    sapsipper     eviolite [dazzlinggleam, nastyplot, psychic, thunderbolt] ttype=psychic
INFO     	         swanna    hydration heavydutyboots [bravebird, hydropump, knockoff, roost] ttype=ground
INFO     	      arceusbug    multitype  insectplate [calmmind, fireblast, judgment, recover] ttype=fire
INFO     	      spectrier    grimneigh      lifeorb [nastyplot, shadowball, terablast, willowisp] ttype=fighting
INFO     Sampling battle 1
INFO     	urshifurapidstrike   unseenfist      lifeorb [closecombat, icespinner, surgingstrikes, swordsdance] ttype=water
INFO     	      dragapult    clearbody      lifeorb [dragondance, dragondarts, fireblast, terablast] ttype=ghost
INFO     Sampling 4 unrevealed pokemon
INFO     	     calyrexice asone(glastrier) heavydutyboots [closecombat, glaciallance, highhorsepower, trickroom] ttype=fighting
INFO     	         deoxys     pressure      lifeorb [icebeam, knockoff, psychoboost, superpower] ttype=dark
INFO     	        dedenne   cheekpouch  sitrusberry [dazzlinggleam, nuzzle, superfang, thunderbolt] ttype=flying
INFO     	        manaphy    hydration    leftovers [energyball, icebeam, surf, tailglow] ttype=water
INFO     Sampling battle 2
INFO     	urshifurapidstrike   unseenfist   choiceband [aquajet, closecombat, surgingstrikes, uturn] ttype=water
INFO     	      dragapult  infiltrator  choicespecs [dracometeor, fireblast, shadowball, uturn] ttype=ghost
INFO     Sampling 4 unrevealed pokemon
INFO     	       pelipper      drizzle heavydutyboots [hurricane, knockoff, roost, surf] ttype=ground
INFO     	       enamorus     contrary    leftovers [playrough, substitute, superpower, taunt] ttype=fighting
INFO     	    kyuremblack     teravolt   loadeddice [dragondance, iciclespear, scaleshot, terablast] ttype=ground
INFO     	    arceusfairy    multitype   pixieplate [calmmind, earthpower, judgment, recover] ttype=ground
INFO     Sampling battle 3
INFO     	urshifurapidstrike   unseenfist   choiceband [aquajet, closecombat, surgingstrikes, uturn] ttype=water
INFO     	      dragapult    clearbody      lifeorb [dragondance, dragondarts, fireblast, terablast] ttype=ghost
INFO     Sampling 4 unrevealed pokemon
INFO     	        gallade    sharpness      lifeorb [agility, nightslash, psychocut, sacredsword] ttype=fighting
INFO     	       gyarados        moxie heavydutyboots [dragondance, earthquake, stoneedge, waterfall] ttype=ground
INFO     	      reuniclus   magicguard      lifeorb [calmmind, focusblast, psyshock, recover] ttype=steel
INFO     	       rotomfan     levitate heavydutyboots [airslash, thunderbolt, voltswitch, willowisp] ttype=steel
INFO     Sampling battle 4
INFO     	urshifurapidstrike   unseenfist   choiceband [closecombat, icespinner, surgingstrikes, uturn] ttype=water
INFO     	      dragapult    clearbody      lifeorb [dragondance, dragondarts, fireblast, terablast] ttype=ghost
INFO     Sampling 4 unrevealed pokemon
INFO     	     feraligatr   sheerforce      lifeorb [crunch, dragondance, icepunch, liquidation] ttype=dragon
INFO     	         scizor   technician    leftovers [bulletpunch, closecombat, defog, uturn] ttype=steel
INFO     	        dipplin   stickyhold     eviolite [dragonpulse, gigadrain, recover, suckerpunch] ttype=steel
INFO     	        avalugg       sturdy heavydutyboots [avalanche, bodypress, rapidspin, recover] ttype=fighting
INFO     Sampling battle 5
INFO     	urshifurapidstrike   unseenfist   choiceband [closecombat, icespinner, surgingstrikes, uturn] ttype=water
INFO     	      dragapult    clearbody      lifeorb [dragondance, dragondarts, fireblast, terablast] ttype=ghost
INFO     Sampling 4 unrevealed pokemon
INFO     	      rillaboom  grassysurge   choiceband [grassyglide, knockoff, uturn, woodhammer] ttype=grass
INFO     	        pikachu lightningrod    lightball [knockoff, surf, voltswitch, volttackle] ttype=water
INFO     	       ribombee   shielddust    focussash [bugbuzz, moonblast, stickyweb, uturn] ttype=ghost
INFO     	      magmortar    flamebody heavydutyboots [fireblast, focusblast, scorchingsands, taunt] ttype=fighting
INFO     Sampling battle 6
INFO     	urshifurapidstrike   unseenfist   choiceband [closecombat, icespinner, surgingstrikes, uturn] ttype=water
INFO     	      dragapult  infiltrator heavydutyboots [dragondarts, hex, uturn, willowisp] ttype=dragon
INFO     Sampling 4 unrevealed pokemon
INFO     	  arcaninehisui     rockhead   choiceband [extremespeed, flareblitz, headsmash, wildcharge] ttype=rock
INFO     	      reuniclus   magicguard      lifeorb [calmmind, focusblast, psyshock, recover] ttype=steel
INFO     	      palossand watercompaction    leftovers [earthpower, shadowball, shoreup, sludgebomb] ttype=poison
INFO     	        scyther   technician heavydutyboots [bugbite, closecombat, dualwingbeat, swordsdance] ttype=fighting
INFO     Sampling battle 7
INFO     	urshifurapidstrike   unseenfist   choiceband [closecombat, icespinner, surgingstrikes, uturn] ttype=water
INFO     	      dragapult    clearbody      lifeorb [dragondance, dragondarts, fireblast, terablast] ttype=ghost
INFO     Sampling 4 unrevealed pokemon
INFO     	        mimikyu     disguise      lifeorb [playrough, shadowsneak, swordsdance, woodhammer] ttype=fairy
INFO     	     conkeldurr         guts     flameorb [closecombat, facade, knockoff, machpunch] ttype=normal
INFO     	       tsareena queenlymajesty  assaultvest [highjumpkick, powerwhip, rapidspin, tripleaxel] ttype=fighting
INFO     	     screamtail protosynthesis    leftovers [encore, playrough, protect, wish] ttype=steel
INFO     Searching for a move using PUCT MCTS with neural priors...
INFO     Sampling 8 battles at 250ms each
INFO     Computing neural priors for all battles...
INFO     Initialized StateTranslator with TeamPreviewObservationSpace
INFO     Initializing LocalPolicyProvider with model: Minikazam
INFO     Loading pretrained Minikazam model...


 		 AMAGO v3.1
            	 -------------------------
            	 Agent: Agent
            		 Max Sequence Length: 64
            		 TstepEncoder Type: MetamonPerceiverTstepEncoder
            		 TrajEncoder Type: GRUTrajEncoder
            		 Total Parameters: 4,761,778
            		 Offline Loss Weight: 1.0
            		 Online Loss Weight: 0.0
            		 Mixed Precision: NO
            		 Checkpoint Path: /Users/yadureddy/Documents/GitHub/clean/pokeagent_ac_mcts/.metamon_cache/pretrained_models/models--jakegrigsby--metamon/snapshots/c5d1cb9abb6747066a325228845a5a8af3d12139/minikazam/minikazam/ckpts
            	 Environment:
            		 DummyAsyncVectorEnv(Gym Env x 1)
            		 Exploration Type: None
            	 Dataset: DoNothingDataset
            	 Accelerate Processes: 1 


INFO     Successfully loaded Minikazam model
ERROR    Error translating battle to observation: 
WARNING  Failed to get priors for battle: 
ERROR    Error translating battle to observation: 
WARNING  Failed to get priors for battle: 
ERROR    Error translating battle to observation: 
WARNING  Failed to get priors for battle: 
ERROR    Error translating battle to observation: 
WARNING  Failed to get priors for battle: 
ERROR    Error translating battle to observation: 
WARNING  Failed to get priors for battle: 
ERROR    Error translating battle to observation: 
WARNING  Failed to get priors for battle: 
ERROR    Error translating battle to observation: 
WARNING  Failed to get priors for battle: 
ERROR    Error translating battle to observation: 
WARNING  Failed to get priors for battle: 
INFO     Successfully computed neural priors for 0/8 battles
INFO     Using PUCT-guided move selection (priors integrated during search)...
INFO     Policy 0: switch thundurustherian visited 49.8% avg_score=0.461 sample_chance_multiplier=0.125
INFO     Policy 1: switch thundurustherian visited 71.94% avg_score=0.427 sample_chance_multiplier=0.125
INFO     Policy 2: stealthrock visited 36.24% avg_score=0.429 sample_chance_multiplier=0.125
INFO     Policy 3: iciclecrash visited 51.76% avg_score=0.455 sample_chance_multiplier=0.125
INFO     Policy 4: switch dragonite visited 48.32% avg_score=0.427 sample_chance_multiplier=0.125
INFO     Policy 5: stealthrock visited 51.53% avg_score=0.421 sample_chance_multiplier=0.125
INFO     Policy 6: earthquake visited 31.77% avg_score=0.458 sample_chance_multiplier=0.125
INFO     Policy 7: stealthrock visited 33.56% avg_score=0.374 sample_chance_multiplier=0.125
INFO     Considered Choices:
INFO     	20.635%: switch dragonite
INFO     	18.297%: switch thundurustherian
INFO     	17.685%: stealthrock
INFO     Choice: switch thundurustherian
INFO     thundurustherian switched in, adding intimidate to impossible abilities
INFO     thundurustherian switched in, adding pressure to impossible abilities
INFO     thundurustherian switched in, adding neutralizinggas to impossible abilities
INFO     thundurustherian switched in, adding sandstream to impossible abilities
INFO     thundurustherian switched in, adding drought to impossible abilities
INFO     thundurustherian switched in, adding drizzle to impossible abilities
INFO     thundurustherian switched in, adding snowwarning to impossible abilities
INFO     thundurustherian switched in, adding boosterenergy to impossible items
INFO     thundurustherian switched in, adding airballoon to impossible items
INFO     urshifurapidstrike used a water move, removing watergem from possible items
INFO     Setting urshifurapidstrike's last used move: surgingstrikes
INFO     urshifurapidstrike used a damaging move - not guessing lifeorb anymore
INFO     urshifurapidstrike did 26.36% damage to thundurustherian with surgingstrikes
INFO     Setting urshifurapidstrike's item to: lifeorb
INFO     urshifurapidstrike has less than maxhp during upkeep, no longer guessing leftovers or blacksludge
INFO     
INFO     Turn: 3
INFO     Sampling battle 0
INFO     	urshifurapidstrike   unseenfist      lifeorb [closecombat, icespinner, surgingstrikes, uturn] ttype=water
INFO     	      dragapult  infiltrator  choicespecs [dracometeor, fireblast, shadowball, uturn] ttype=fire
INFO     Sampling 4 unrevealed pokemon
INFO     	       vaporeon  waterabsorb    leftovers [protect, roar, scald, wish] ttype=poison
INFO     	      heracross        moxie   choiceband [closecombat, earthquake, megahorn, stoneedge] ttype=fighting
INFO     	        jolteon   voltabsorb      lifeorb [alluringvoice, calmmind, shadowball, thunderbolt] ttype=fairy
INFO     	squawkabillyyellow       hustle heavydutyboots [bravebird, doubleedge, partingshot, quickattack] ttype=normal
INFO     Sampling battle 1
INFO     	urshifurapidstrike   unseenfist      lifeorb [closecombat, icespinner, surgingstrikes, uturn] ttype=water
INFO     	      dragapult  infiltrator heavydutyboots [dragondarts, hex, uturn, willowisp] ttype=dragon
INFO     Sampling 4 unrevealed pokemon
INFO     	       ribombee   shielddust    focussash [moonblast, stickyweb, stunspore, uturn] ttype=ghost
INFO     	          klawf   angershell   rindoberry [highhorsepower, knockoff, stoneedge, swordsdance] ttype=ground
INFO     	     rotomfrost     levitate heavydutyboots [blizzard, nastyplot, thunderbolt, willowisp] ttype=electric
INFO     	  samurotthisui    sharpness   choiceband [ceaselessedge, flipturn, razorshell, sacredsword] ttype=dark
INFO     Sampling battle 2
INFO     	urshifurapidstrike   unseenfist      lifeorb [closecombat, icespinner, surgingstrikes, uturn] ttype=water
INFO     	      dragapult    clearbody      lifeorb [dragondance, dragondarts, fireblast, terablast] ttype=ghost
INFO     Sampling 4 unrevealed pokemon
INFO     	    kyuremblack     teravolt   loadeddice [dragondance, fusionbolt, iciclespear, scaleshot] ttype=electric
INFO     	         scizor   technician    leftovers [bulletpunch, defog, knockoff, uturn] ttype=dragon
INFO     	thundurustherian   voltabsorb  choicespecs [focusblast, grassknot, psychic, thunderbolt] ttype=electric
INFO     	       froslass   cursedbody     widelens [poltergeist, spikes, tripleaxel, willowisp] ttype=ghost
INFO     Sampling battle 3
INFO     	urshifurapidstrike   unseenfist      lifeorb [closecombat, icespinner, surgingstrikes, uturn] ttype=water
INFO     	      dragapult    clearbody      lifeorb [dragondance, dragondarts, fireblast, terablast] ttype=ghost
INFO     Sampling 4 unrevealed pokemon
INFO     	    ironboulder   quarkdrive boosterenergy [closecombat, mightycleave, swordsdance, zenheadbutt] ttype=fighting
INFO     	      passimian      defiant   choiceband [closecombat, knockoff, rockslide, uturn] ttype=dark
INFO     	       oranguru   innerfocus  choicespecs [focusblast, hypervoice, psyshock, thunderbolt] ttype=normal
INFO     	     arceusrock    multitype   stoneplate [earthquake, recover, stoneedge, swordsdance] ttype=ground
INFO     Searching for a move using PUCT MCTS with neural priors...
INFO     Sampling 4 battles at 500ms each
INFO     Computing neural priors for all battles...
INFO     Initialized StateTranslator with TeamPreviewObservationSpace
INFO     Initializing LocalPolicyProvider with model: Minikazam
INFO     Loading pretrained Minikazam model...


 		 AMAGO v3.1
            	 -------------------------
            	 Agent: Agent
            		 Max Sequence Length: 64
            		 TstepEncoder Type: MetamonPerceiverTstepEncoder
            		 TrajEncoder Type: GRUTrajEncoder
            		 Total Parameters: 4,761,778
            		 Offline Loss Weight: 1.0
            		 Online Loss Weight: 0.0
            		 Mixed Precision: NO
            		 Checkpoint Path: /Users/yadureddy/Documents/GitHub/clean/pokeagent_ac_mcts/.metamon_cache/pretrained_models/models--jakegrigsby--metamon/snapshots/c5d1cb9abb6747066a325228845a5a8af3d12139/minikazam/minikazam/ckpts
            	 Environment:
            		 DummyAsyncVectorEnv(Gym Env x 1)
            		 Exploration Type: None
            	 Dataset: DoNothingDataset
            	 Accelerate Processes: 1 


INFO     Successfully loaded Minikazam model
ERROR    Error translating battle to observation: 
WARNING  Failed to get priors for battle: 
ERROR    Error translating battle to observation: 
WARNING  Failed to get priors for battle: 
ERROR    Error translating battle to observation: 
WARNING  Failed to get priors for battle: 
ERROR    Error translating battle to observation: 
WARNING  Failed to get priors for battle: 
INFO     Successfully computed neural priors for 0/4 battles
INFO     Using PUCT-guided move selection (priors integrated during search)...
INFO     Policy 0: thunderbolt visited 49.26% avg_score=0.556 sample_chance_multiplier=0.25
INFO     Policy 1: thunderbolt visited 84.25% avg_score=0.589 sample_chance_multiplier=0.25
INFO     Policy 2: terablast visited 40.36% avg_score=0.539 sample_chance_multiplier=0.25
INFO     Policy 3: thunderbolt visited 96.07% avg_score=0.617 sample_chance_multiplier=0.25
INFO     Considered Choices:
INFO     	64.355%: thunderbolt
INFO     Choice: thunderbolt
INFO     urshifurapidstrike used two different moves - it cannot have a choice item
INFO     urshifurapidstrike used a water move, removing watergem from possible items
INFO     Setting urshifurapidstrike's last used move: aquajet
INFO     urshifurapidstrike used a damaging move - not guessing lifeorb anymore
INFO     urshifurapidstrike did 24.03% damage to thundurustherian with aquajet
INFO     Setting urshifurapidstrike's item to: lifeorb
INFO     urshifurapidstrike has less than maxhp during upkeep, no longer guessing leftovers or blacksludge
INFO     Sampling battle 0
INFO     	      dragapult  infiltrator heavydutyboots [dragondarts, hex, uturn, willowisp] ttype=fairy
INFO     Sampling 4 unrevealed pokemon
INFO     	     ragingbolt protosynthesis    leftovers [calmmind, dracometeor, thunderbolt, thunderclap] ttype=fairy
INFO     	       slowking  regenerator    leftovers [psychicnoise, scald, slackoff, thunderwave] ttype=fairy
INFO     	       porygon2     download     eviolite [discharge, icebeam, recover, triattack] ttype=electric
INFO     	      bellossom  chlorophyll    leftovers [gigadrain, moonblast, quiverdance, strengthsap] ttype=fairy
INFO     Sampling battle 1
INFO     	      dragapult  infiltrator heavydutyboots [dragondarts, hex, uturn, willowisp] ttype=fairy
INFO     Sampling 4 unrevealed pokemon
INFO     	 exeggutoralola      harvest  sitrusberry [dracometeor, flamethrower, knockoff, woodhammer] ttype=fire
INFO     	    arceuswater    multitype  splashplate [icebeam, judgment, recover, willowisp] ttype=steel
INFO     	      meowsticf  competitive      lifeorb [darkpulse, nastyplot, psyshock, thunderbolt] ttype=electric
INFO     	       blaziken   speedboost      lifeorb [closecombat, flareblitz, knockoff, swordsdance] ttype=fighting
INFO     Sampling battle 2
INFO     	      dragapult  infiltrator heavydutyboots [dragondarts, hex, uturn, willowisp] ttype=dragon
INFO     Sampling 4 unrevealed pokemon
INFO     	       pelipper      drizzle heavydutyboots [hurricane, knockoff, roost, surf] ttype=ground
INFO     	 oricoriopompom       dancer heavydutyboots [hurricane, quiverdance, revelationdance, roost] ttype=ground
INFO     	   deoxysattack     pressure      lifeorb [icebeam, knockoff, psychoboost, superpower] ttype=fighting
INFO     	       vikavolt     levitate heavydutyboots [bugbuzz, discharge, energyball, stickyweb] ttype=electric
INFO     Sampling battle 3
INFO     	      dragapult   cursedbody heavydutyboots [dragondarts, hex, uturn, willowisp] ttype=dragon
INFO     Sampling 4 unrevealed pokemon
INFO     	        lanturn   voltabsorb    leftovers [icebeam, scald, thunderbolt, thunderwave] ttype=flying
INFO     	      excadrill  moldbreaker    leftovers [earthquake, ironhead, rapidspin, swordsdance] ttype=ground
INFO     	       sawsbuck  serenegrace      lifeorb [headbutt, highhorsepower, hornleech, swordsdance] ttype=normal
INFO     	     victreebel  chlorophyll      lifeorb [powerwhip, sludgewave, sunnyday, weatherball] ttype=fire
INFO     Searching for a move using PUCT MCTS with neural priors...
INFO     Sampling 4 battles at 500ms each
INFO     Computing neural priors for all battles...
INFO     Initialized StateTranslator with TeamPreviewObservationSpace
INFO     Initializing LocalPolicyProvider with model: Minikazam
INFO     Loading pretrained Minikazam model...


 		 AMAGO v3.1
            	 -------------------------
            	 Agent: Agent
            		 Max Sequence Length: 64
            		 TstepEncoder Type: MetamonPerceiverTstepEncoder
            		 TrajEncoder Type: GRUTrajEncoder
            		 Total Parameters: 4,761,778
            		 Offline Loss Weight: 1.0
            		 Online Loss Weight: 0.0
            		 Mixed Precision: NO
            		 Checkpoint Path: /Users/yadureddy/Documents/GitHub/clean/pokeagent_ac_mcts/.metamon_cache/pretrained_models/models--jakegrigsby--metamon/snapshots/c5d1cb9abb6747066a325228845a5a8af3d12139/minikazam/minikazam/ckpts
            	 Environment:
            		 DummyAsyncVectorEnv(Gym Env x 1)
            		 Exploration Type: None
            	 Dataset: DoNothingDataset
            	 Accelerate Processes: 1 


INFO     Successfully loaded Minikazam model
ERROR    Error translating battle to observation: 
WARNING  Failed to get priors for battle: 
ERROR    Error translating battle to observation: 
WARNING  Failed to get priors for battle: 
ERROR    Error translating battle to observation: 
WARNING  Failed to get priors for battle: 
ERROR    Error translating battle to observation: 
WARNING  Failed to get priors for battle: 
INFO     Successfully computed neural priors for 0/4 battles
INFO     Using PUCT-guided move selection (priors integrated during search)...
INFO     Policy 0: switch bellossom visited 80.8% avg_score=0.584 sample_chance_multiplier=0.25
INFO     Policy 1: switch bellossom visited 86.02% avg_score=0.556 sample_chance_multiplier=0.25
INFO     Policy 2: switch bellossom visited 64.58% avg_score=0.587 sample_chance_multiplier=0.25
INFO     Policy 3: switch bellossom visited 96.74% avg_score=0.684 sample_chance_multiplier=0.25
INFO     Considered Choices:
INFO     	82.035%: switch bellossom
INFO     Choice: switch bellossom
INFO     bellossom switched in, adding intimidate to impossible abilities
INFO     bellossom switched in, adding pressure to impossible abilities
INFO     bellossom switched in, adding neutralizinggas to impossible abilities
INFO     bellossom switched in, adding sandstream to impossible abilities
INFO     bellossom switched in, adding drought to impossible abilities
INFO     bellossom switched in, adding drizzle to impossible abilities
INFO     bellossom switched in, adding snowwarning to impossible abilities
INFO     bellossom switched in, adding boosterenergy to impossible items
INFO     bellossom switched in, adding airballoon to impossible items
INFO     
INFO     Turn: 4
INFO     Sampling battle 0
INFO     	      dragapult  infiltrator  choicespecs [dracometeor, fireblast, shadowball, uturn] ttype=fire
INFO     Sampling 4 unrevealed pokemon
INFO     	zamazentacrowned dauntlessshield rustedshield [bodypress, heavyslam, irondefense, stoneedge] ttype=ghost
INFO     	        kingdra    swiftswim      lifeorb [dracometeor, hurricane, raindance, wavecrash] ttype=water
INFO     	      bellossom  chlorophyll    leftovers [gigadrain, moonblast, quiverdance, strengthsap] ttype=fairy
INFO     	        dedenne   cheekpouch  sitrusberry [dazzlinggleam, nuzzle, thunderbolt, uturn] ttype=flying
INFO     Sampling battle 1
INFO     	      dragapult  infiltrator  choicespecs [dracometeor, fireblast, shadowball, uturn] ttype=ghost
INFO     Sampling 4 unrevealed pokemon
INFO     	          rotom     levitate      lifeorb [shadowball, thunderbolt, voltswitch, willowisp] ttype=electric
INFO     	         zacian intrepidsword      lifeorb [closecombat, crunch, playrough, swordsdance] ttype=fighting
INFO     	       jumpluff  infiltrator              [acrobatics, encore, sleeppowder, strengthsap] ttype=steel
INFO     	         plusle lightningrod      lifeorb [alluringvoice, encore, nastyplot, thunderbolt] ttype=fairy
INFO     Sampling battle 2
INFO     	      dragapult  infiltrator  choicespecs [dracometeor, fireblast, shadowball, uturn] ttype=dragon
INFO     Sampling 4 unrevealed pokemon
INFO     	        lanturn   voltabsorb heavydutyboots [scald, thunderbolt, thunderwave, voltswitch] ttype=flying
INFO     	     wigglytuff  competitive    leftovers [dazzlinggleam, knockoff, protect, wish] ttype=poison
INFO     	        spidops     stakeout heavydutyboots [circlethrow, knockoff, stickyweb, uturn] ttype=ghost
INFO     	      salamence        moxie heavydutyboots [dragondance, dualwingbeat, earthquake, outrage] ttype=steel
INFO     Sampling battle 3
INFO     	      dragapult  infiltrator  choicespecs [dracometeor, fireblast, shadowball, uturn] ttype=dragon
INFO     Sampling 4 unrevealed pokemon
INFO     	     annihilape      defiant    leftovers [bulkup, drainpunch, ragefist, taunt] ttype=steel
INFO     	          azelf     levitate  choicespecs [fireblast, psyshock, thunderbolt, trick] ttype=fire
INFO     	     galvantula compoundeyes  choicespecs [bugbuzz, gigadrain, thunder, voltswitch] ttype=electric
INFO     	      abomasnow  snowwarning    lightclay [auroraveil, blizzard, earthquake, woodhammer] ttype=ice
INFO     Searching for a move using PUCT MCTS with neural priors...
INFO     Sampling 4 battles at 500ms each
INFO     Computing neural priors for all battles...
INFO     Initialized StateTranslator with TeamPreviewObservationSpace
INFO     Initializing LocalPolicyProvider with model: Minikazam
INFO     Loading pretrained Minikazam model...


 		 AMAGO v3.1
            	 -------------------------
            	 Agent: Agent
            		 Max Sequence Length: 64
            		 TstepEncoder Type: MetamonPerceiverTstepEncoder
            		 TrajEncoder Type: GRUTrajEncoder
            		 Total Parameters: 4,761,778
            		 Offline Loss Weight: 1.0
            		 Online Loss Weight: 0.0
            		 Mixed Precision: NO
            		 Checkpoint Path: /Users/yadureddy/Documents/GitHub/clean/pokeagent_ac_mcts/.metamon_cache/pretrained_models/models--jakegrigsby--metamon/snapshots/c5d1cb9abb6747066a325228845a5a8af3d12139/minikazam/minikazam/ckpts
            	 Environment:
            		 DummyAsyncVectorEnv(Gym Env x 1)
            		 Exploration Type: None
            	 Dataset: DoNothingDataset
            	 Accelerate Processes: 1 


INFO     Successfully loaded Minikazam model
ERROR    Error translating battle to observation: 
WARNING  Failed to get priors for battle: 
ERROR    Error translating battle to observation: 
WARNING  Failed to get priors for battle: 
ERROR    Error translating battle to observation: 
WARNING  Failed to get priors for battle: 
ERROR    Error translating battle to observation: 
WARNING  Failed to get priors for battle: 
INFO     Successfully computed neural priors for 0/4 battles
INFO     Using PUCT-guided move selection (priors integrated during search)...
INFO     Policy 0: quiverdance visited 37.95% avg_score=0.596 sample_chance_multiplier=0.25
INFO     Policy 1: switch piloswine visited 25.69% avg_score=0.519 sample_chance_multiplier=0.25
INFO     Policy 2: switch emboar visited 69.48% avg_score=0.527 sample_chance_multiplier=0.25
INFO     Policy 3: quiverdance visited 98.67% avg_score=0.703 sample_chance_multiplier=0.25
INFO     Considered Choices:
INFO     	39.288%: quiverdance
INFO     Choice: quiverdance
INFO     Opponent has switched - clearing the last used move
INFO     registeel switched in, adding intimidate to impossible abilities
INFO     registeel switched in, adding pressure to impossible abilities
INFO     registeel switched in, adding neutralizinggas to impossible abilities
INFO     registeel switched in, adding sandstream to impossible abilities
INFO     registeel switched in, adding drought to impossible abilities
INFO     registeel switched in, adding drizzle to impossible abilities
INFO     registeel switched in, adding snowwarning to impossible abilities
INFO     registeel switched in, adding boosterenergy to impossible items
INFO     registeel switched in, adding airballoon to impossible items
INFO     bellossom already has the move quiverdance. Decrementing the PP by 1
INFO     bellossom using quiverdance makes it unlikely to have a choice item. Setting can_have_choice_item to False
INFO     bellossom used a status-move. Adding `assaultvest` to impossible items
INFO     Setting bellossom's last used move: quiverdance
INFO     bellossom's special-attack was boosted by 1 to 1
INFO     bellossom's special-defense was boosted by 1 to 1
INFO     bellossom's speed was boosted by 1 to 1
INFO     
INFO     Turn: 5
INFO     Sampling battle 0
INFO     	      registeel    clearbody    leftovers [bodypress, irondefense, ironhead, thunderwave] ttype=fighting
INFO     	      dragapult  infiltrator  choicespecs [dracometeor, fireblast, shadowball, uturn] ttype=ghost
INFO     Sampling 3 unrevealed pokemon
INFO     	typhlosionhisui        blaze  choicescarf [eruption, fireblast, focusblast, shadowball] ttype=fire
INFO     	     grimmsnarl    prankster    leftovers [partingshot, spiritbreak, suckerpunch, thunderwave] ttype=poison
INFO     	       ironmoth   quarkdrive heavydutyboots [fireblast, morningsun, sludgewave, toxicspikes] ttype=fire
INFO     Sampling battle 1
INFO     	      registeel    clearbody    leftovers [bodypress, irondefense, ironhead, thunderwave] ttype=fighting
INFO     	      dragapult  infiltrator  choicespecs [dracometeor, fireblast, shadowball, uturn] ttype=dragon
INFO     Sampling 3 unrevealed pokemon
INFO     	         dodrio    earlybird heavydutyboots [bravebird, doubleedge, drillrun, swordsdance] ttype=ground
INFO     	      duraludon   lightmetal     eviolite [bodypress, dracometeor, dragontail, flashcannon] ttype=fighting
INFO     	     arceusrock    multitype   stoneplate [calmmind, earthpower, judgment, recover] ttype=ground
INFO     Sampling battle 2
INFO     	      registeel    clearbody    leftovers [bodypress, ironhead, stealthrock, thunderwave] ttype=fighting
INFO     	      dragapult   cursedbody heavydutyboots [dragondarts, hex, uturn, willowisp] ttype=fairy
INFO     Sampling 3 unrevealed pokemon
INFO     	    kyuremblack     teravolt   loadeddice [dragondance, fusionbolt, iciclespear, scaleshot] ttype=electric
INFO     	       salazzle    corrosion    leftovers [flamethrower, protect, substitute, toxic] ttype=flying
INFO     	        bruxish    strongjaw      lifeorb [icefang, psychicfangs, swordsdance, wavecrash] ttype=psychic
INFO     Sampling battle 3
INFO     	      registeel    clearbody  chestoberry [bodypress, irondefense, ironhead, rest] ttype=fighting
INFO     	      dragapult    clearbody      lifeorb [dragondance, dragondarts, fireblast, terablast] ttype=ghost
INFO     Sampling 3 unrevealed pokemon
INFO     	       clefable   magicguard      lifeorb [fireblast, moonblast, moonlight, thunderwave] ttype=poison
INFO     	    fezandipiti   toxicchain  assaultvest [gunkshot, heatwave, moonblast, uturn] ttype=steel
INFO     	    zapdosgalar      defiant      lifeorb [bravebird, bulkup, closecombat, knockoff] ttype=dark
INFO     Sampling battle 4
INFO     	      registeel    clearbody    leftovers [bodypress, irondefense, ironhead, thunderwave] ttype=fighting
INFO     	      dragapult   cursedbody heavydutyboots [dragondarts, hex, uturn, willowisp] ttype=fairy
INFO     Sampling 3 unrevealed pokemon
INFO     	   persianalola      furcoat    leftovers [darkpulse, hypnosis, nastyplot, thunderbolt] ttype=dark
INFO     	       maushold   technician     widelens [bite, encore, populationbomb, tidyup] ttype=normal
INFO     	        grumpig     thickfat  choicescarf [earthpower, psychic, shadowball, trick] ttype=ghost
INFO     Sampling battle 5
INFO     	      registeel    clearbody  chestoberry [bodypress, irondefense, ironhead, rest] ttype=fighting
INFO     	      dragapult   cursedbody heavydutyboots [dragondarts, hex, uturn, willowisp] ttype=fairy
INFO     Sampling 3 unrevealed pokemon
INFO     	         tinglu vesselofruin    leftovers [earthquake, heavyslam, payback, spikes] ttype=ghost
INFO     	     skeledirge      unaware heavydutyboots [hex, slackoff, torchsong, willowisp] ttype=water
INFO     	      piloswine     thickfat     eviolite [earthquake, iciclecrash, roar, stealthrock] ttype=poison
INFO     Sampling battle 6
INFO     	      registeel    clearbody    leftovers [bodypress, ironhead, stealthrock, thunderwave] ttype=fighting
INFO     	      dragapult   cursedbody heavydutyboots [dragondarts, hex, uturn, willowisp] ttype=fairy
INFO     Sampling 3 unrevealed pokemon
INFO     	       ursaluna         guts     flameorb [facade, headlongrush, swordsdance, throatchop] ttype=normal
INFO     	         zacian intrepidsword      lifeorb [closecombat, playrough, swordsdance, wildcharge] ttype=fighting
INFO     	     baxcalibur thermalexchange   loadeddice [earthquake, iciclespear, scaleshot, swordsdance] ttype=ground
INFO     Sampling battle 7
INFO     	      registeel    clearbody    leftovers [bodypress, ironhead, stealthrock, thunderwave] ttype=fighting
INFO     	      dragapult    clearbody      lifeorb [dragondance, dragondarts, fireblast, terablast] ttype=ghost
INFO     Sampling 3 unrevealed pokemon
INFO     	         arceus    multitype      lifeorb [earthquake, extremespeed, recover, swordsdance] ttype=normal
INFO     	    goodrahisui    sapsipper  assaultvest [dracometeor, dragontail, heavyslam, hydropump] ttype=dragon
INFO     	       camerupt    solidrock    leftovers [earthquake, overheat, stealthrock, willowisp] ttype=water
INFO     Searching for a move using PUCT MCTS with neural priors...
INFO     Sampling 8 battles at 250ms each
INFO     Computing neural priors for all battles...
INFO     Initialized StateTranslator with TeamPreviewObservationSpace
INFO     Initializing LocalPolicyProvider with model: Minikazam
INFO     Loading pretrained Minikazam model...


 		 AMAGO v3.1
            	 -------------------------
            	 Agent: Agent
            		 Max Sequence Length: 64
            		 TstepEncoder Type: MetamonPerceiverTstepEncoder
            		 TrajEncoder Type: GRUTrajEncoder
            		 Total Parameters: 4,761,778
            		 Offline Loss Weight: 1.0
            		 Online Loss Weight: 0.0
            		 Mixed Precision: NO
            		 Checkpoint Path: /Users/yadureddy/Documents/GitHub/clean/pokeagent_ac_mcts/.metamon_cache/pretrained_models/models--jakegrigsby--metamon/snapshots/c5d1cb9abb6747066a325228845a5a8af3d12139/minikazam/minikazam/ckpts
            	 Environment:
            		 DummyAsyncVectorEnv(Gym Env x 1)
            		 Exploration Type: None
            	 Dataset: DoNothingDataset
            	 Accelerate Processes: 1 


INFO     Successfully loaded Minikazam model
ERROR    Error translating battle to observation: 
WARNING  Failed to get priors for battle: 
ERROR    Error translating battle to observation: 
WARNING  Failed to get priors for battle: 
ERROR    Error translating battle to observation: 
WARNING  Failed to get priors for battle: 
ERROR    Error translating battle to observation: 
WARNING  Failed to get priors for battle: 
ERROR    Error translating battle to observation: 
WARNING  Failed to get priors for battle: 
ERROR    Error translating battle to observation: 
WARNING  Failed to get priors for battle: 
ERROR    Error translating battle to observation: 
WARNING  Failed to get priors for battle: 
ERROR    Error translating battle to observation: 
WARNING  Failed to get priors for battle: 
INFO     Successfully computed neural priors for 0/8 battles
INFO     Using PUCT-guided move selection (priors integrated during search)...
INFO     Policy 0: switch emboar visited 65.88% avg_score=0.314 sample_chance_multiplier=0.125
INFO     Policy 1: quiverdance visited 32.99% avg_score=0.335 sample_chance_multiplier=0.125
INFO     Policy 2: quiverdance visited 98.84% avg_score=0.613 sample_chance_multiplier=0.125
INFO     Policy 3: switch emboar visited 63.1% avg_score=0.329 sample_chance_multiplier=0.125
INFO     Policy 4: switch piloswine visited 46.95% avg_score=0.317 sample_chance_multiplier=0.125
INFO     Policy 5: switch poliwrath visited 71.1% avg_score=0.31 sample_chance_multiplier=0.125
INFO     Policy 6: quiverdance visited 97.66% avg_score=0.509 sample_chance_multiplier=0.125
INFO     Policy 7: switch emboar visited 48.43% avg_score=0.378 sample_chance_multiplier=0.125
INFO     Considered Choices:
INFO     	34.996%: quiverdance
INFO     Choice: quiverdance
INFO     Updated registeel's max speed to 198
INFO     bellossom already has the move quiverdance. Decrementing the PP by 1
INFO     bellossom using quiverdance makes it unlikely to have a choice item. Setting can_have_choice_item to False
INFO     bellossom used a status-move. Adding `assaultvest` to impossible items
INFO     Setting bellossom's last used move: quiverdance
INFO     bellossom's special-attack was boosted by 1 to 2
INFO     bellossom's special-defense was boosted by 1 to 2
INFO     bellossom's speed was boosted by 1 to 2
INFO     registeel using irondefense makes it unlikely to have a choice item. Setting can_have_choice_item to False
INFO     registeel used a status-move. Adding `assaultvest` to impossible items
INFO     Setting registeel's last used move: irondefense
INFO     registeel's defense was boosted by 2 to 2
INFO     
INFO     Turn: 6
INFO     Sampling battle 0
INFO     	      registeel    clearbody    leftovers [bodypress, irondefense, ironhead, thunderwave] ttype=fighting
INFO     	      dragapult  infiltrator  choicespecs [dracometeor, fireblast, shadowball, uturn] ttype=ghost
INFO     Sampling 3 unrevealed pokemon
INFO     	       dragalge adaptability  assaultvest [dracometeor, dragontail, focusblast, sludgewave] ttype=fighting
INFO     	        flamigo      scrappy      lifeorb [bravebird, closecombat, swordsdance, throatchop] ttype=steel
INFO     	        banette   cursedbody      lifeorb [gunkshot, poltergeist, shadowsneak, thunderwave] ttype=poison
INFO     Sampling battle 1
INFO     	      registeel    clearbody  chestoberry [bodypress, irondefense, ironhead, rest] ttype=fighting
INFO     	      dragapult  infiltrator heavydutyboots [dragondarts, hex, uturn, willowisp] ttype=dragon
INFO     Sampling 3 unrevealed pokemon
INFO     	       whiscash    oblivious    leftovers [earthquake, icebeam, spikes, stealthrock] ttype=steel
INFO     	        flapple       hustle     lumberry [dragondance, gravapple, outrage, terablast] ttype=fire
INFO     	       camerupt    solidrock    leftovers [earthquake, overheat, stealthrock, willowisp] ttype=grass
INFO     Sampling battle 2
INFO     	      registeel    clearbody    leftovers [bodypress, irondefense, ironhead, thunderwave] ttype=fighting
INFO     	      dragapult  infiltrator  choicespecs [dracometeor, fireblast, shadowball, uturn] ttype=fire
INFO     Sampling 3 unrevealed pokemon
INFO     	        spidops     stakeout heavydutyboots [circlethrow, knockoff, stickyweb, uturn] ttype=ghost
INFO     	        gurdurr         guts     eviolite [bulkup, drainpunch, knockoff, machpunch] ttype=steel
INFO     	         minior  shieldsdown    whiteherb [acrobatics, earthquake, powergem, shellsmash] ttype=flying
INFO     Sampling battle 3
INFO     	      registeel    clearbody  chestoberry [bodypress, irondefense, ironhead, rest] ttype=fighting
INFO     	      dragapult    clearbody      lifeorb [dragondance, dragondarts, fireblast, terablast] ttype=ghost
INFO     Sampling 3 unrevealed pokemon
INFO     	         goodra    sapsipper  assaultvest [dracometeor, fireblast, knockoff, sludgebomb] ttype=poison
INFO     	    oricoriopau       dancer heavydutyboots [hurricane, quiverdance, revelationdance, roost] ttype=ground
INFO     	       solgaleo fullmetalbody    leftovers [closecombat, knockoff, morningsun, sunsteelstrike] ttype=water
INFO     Searching for a move using PUCT MCTS with neural priors...
INFO     Sampling 4 battles at 500ms each
INFO     Computing neural priors for all battles...
INFO     Initialized StateTranslator with TeamPreviewObservationSpace
INFO     Initializing LocalPolicyProvider with model: Minikazam
INFO     Loading pretrained Minikazam model...


 		 AMAGO v3.1
            	 -------------------------
            	 Agent: Agent
            		 Max Sequence Length: 64
            		 TstepEncoder Type: MetamonPerceiverTstepEncoder
            		 TrajEncoder Type: GRUTrajEncoder
            		 Total Parameters: 4,761,778
            		 Offline Loss Weight: 1.0
            		 Online Loss Weight: 0.0
            		 Mixed Precision: NO
            		 Checkpoint Path: /Users/yadureddy/Documents/GitHub/clean/pokeagent_ac_mcts/.metamon_cache/pretrained_models/models--jakegrigsby--metamon/snapshots/c5d1cb9abb6747066a325228845a5a8af3d12139/minikazam/minikazam/ckpts
            	 Environment:
            		 DummyAsyncVectorEnv(Gym Env x 1)
            		 Exploration Type: None
            	 Dataset: DoNothingDataset
            	 Accelerate Processes: 1 


INFO     Successfully loaded Minikazam model
ERROR    Error translating battle to observation: 
WARNING  Failed to get priors for battle: 
ERROR    Error translating battle to observation: 
WARNING  Failed to get priors for battle: 
ERROR    Error translating battle to observation: 
WARNING  Failed to get priors for battle: 
ERROR    Error translating battle to observation: 
WARNING  Failed to get priors for battle: 
INFO     Successfully computed neural priors for 0/4 battles
INFO     Using PUCT-guided move selection (priors integrated during search)...
INFO     Policy 0: switch emboar visited 64.06% avg_score=0.122 sample_chance_multiplier=0.25
INFO     Policy 1: switch emboar visited 72.52% avg_score=0.119 sample_chance_multiplier=0.25
INFO     Policy 2: switch emboar visited 72.59% avg_score=0.127 sample_chance_multiplier=0.25
INFO     Policy 3: switch emboar visited 62.75% avg_score=0.115 sample_chance_multiplier=0.25
INFO     Considered Choices:
INFO     	67.981%: switch emboar
INFO     Choice: switch emboar
INFO     emboar switched in, adding intimidate to impossible abilities
INFO     emboar switched in, adding pressure to impossible abilities
INFO     emboar switched in, adding neutralizinggas to impossible abilities
INFO     emboar switched in, adding sandstream to impossible abilities
INFO     emboar switched in, adding drought to impossible abilities
INFO     emboar switched in, adding drizzle to impossible abilities
INFO     emboar switched in, adding snowwarning to impossible abilities
INFO     emboar switched in, adding boosterenergy to impossible items
INFO     emboar switched in, adding airballoon to impossible items
INFO     registeel already has the move irondefense. Decrementing the PP by 1
INFO     registeel using irondefense makes it unlikely to have a choice item. Setting can_have_choice_item to False
INFO     registeel used a status-move. Adding `assaultvest` to impossible items
INFO     Setting registeel's last used move: irondefense
INFO     registeel's defense was boosted by 2 to 4
INFO     
INFO     Turn: 7
INFO     Sampling battle 0
INFO     	      registeel    clearbody  chestoberry [bodypress, irondefense, ironhead, rest] ttype=fighting
INFO     	      dragapult   cursedbody heavydutyboots [dragondarts, hex, uturn, willowisp] ttype=fairy
INFO     Sampling 3 unrevealed pokemon
INFO     	       meganium     overgrow    leftovers [earthquake, knockoff, petalblizzard, swordsdance] ttype=ground
INFO     	         plusle lightningrod      lifeorb [alluringvoice, grassknot, nastyplot, thunderbolt] ttype=fairy
INFO     	         lapras  waterabsorb  choicespecs [freezedry, hydropump, icebeam, sparklingaria] ttype=water
INFO     Sampling battle 1
INFO     	      registeel    clearbody  chestoberry [bodypress, irondefense, ironhead, rest] ttype=fighting
INFO     	      dragapult    clearbody      lifeorb [dragondance, dragondarts, fireblast, terablast] ttype=ghost
INFO     Sampling 3 unrevealed pokemon
INFO     	     wigglytuff  competitive    leftovers [alluringvoice, fireblast, knockoff, thunderwave] ttype=poison
INFO     	       porygon2     download     eviolite [discharge, icebeam, recover, triattack] ttype=electric
INFO     	       lumineon   stormdrain      lifeorb [alluringvoice, encore, hydropump, icebeam] ttype=water
INFO     Sampling battle 2
INFO     	      registeel    clearbody  chestoberry [bodypress, irondefense, ironhead, rest] ttype=fighting
INFO     	      dragapult    clearbody      lifeorb [dragondance, dragondarts, fireblast, terablast] ttype=ghost
INFO     Sampling 3 unrevealed pokemon
INFO     	   squawkabilly         guts     flameorb [bravebird, facade, protect, quickattack] ttype=normal
INFO     	       rotomfan     levitate heavydutyboots [airslash, nastyplot, thunderbolt, willowisp] ttype=electric
INFO     	     toxtricity     punkrock  throatspray [boomburst, gunkshot, overdrive, shiftgear] ttype=normal
INFO     Sampling battle 3
INFO     	      registeel    clearbody  chestoberry [bodypress, irondefense, ironhead, rest] ttype=fighting
INFO     	      dragapult    clearbody      lifeorb [dragondance, dragondarts, fireblast, terablast] ttype=ghost
INFO     Sampling 3 unrevealed pokemon
INFO     	      metagross    clearbody  choicescarf [earthquake, heavyslam, knockoff, psychicfangs] ttype=water
INFO     	       enamorus     contrary    leftovers [playrough, substitute, superpower, zenheadbutt] ttype=fighting
INFO     	        toxapex  regenerator  rockyhelmet [haze, liquidation, recover, toxic] ttype=fairy
INFO     Searching for a move using PUCT MCTS with neural priors...
INFO     Sampling 4 battles at 500ms each
INFO     Computing neural priors for all battles...
INFO     Initialized StateTranslator with TeamPreviewObservationSpace
INFO     Initializing LocalPolicyProvider with model: Minikazam
INFO     Loading pretrained Minikazam model...


 		 AMAGO v3.1
            	 -------------------------
            	 Agent: Agent
            		 Max Sequence Length: 64
            		 TstepEncoder Type: MetamonPerceiverTstepEncoder
            		 TrajEncoder Type: GRUTrajEncoder
            		 Total Parameters: 4,761,778
            		 Offline Loss Weight: 1.0
            		 Online Loss Weight: 0.0
            		 Mixed Precision: NO
            		 Checkpoint Path: /Users/yadureddy/Documents/GitHub/clean/pokeagent_ac_mcts/.metamon_cache/pretrained_models/models--jakegrigsby--metamon/snapshots/c5d1cb9abb6747066a325228845a5a8af3d12139/minikazam/minikazam/ckpts
            	 Environment:
            		 DummyAsyncVectorEnv(Gym Env x 1)
            		 Exploration Type: None
            	 Dataset: DoNothingDataset
            	 Accelerate Processes: 1 


INFO     Successfully loaded Minikazam model
ERROR    Error translating battle to observation: 
WARNING  Failed to get priors for battle: 
ERROR    Error translating battle to observation: 
WARNING  Failed to get priors for battle: 
ERROR    Error translating battle to observation: 
WARNING  Failed to get priors for battle: 
ERROR    Error translating battle to observation: 
WARNING  Failed to get priors for battle: 
INFO     Successfully computed neural priors for 0/4 battles
INFO     Using PUCT-guided move selection (priors integrated during search)...
INFO     Policy 0: flareblitz visited 95.97% avg_score=0.311 sample_chance_multiplier=0.25
INFO     Policy 1: flareblitz visited 95.16% avg_score=0.306 sample_chance_multiplier=0.25
INFO     Policy 2: flareblitz visited 94.97% avg_score=0.293 sample_chance_multiplier=0.25
INFO     Policy 3: flareblitz visited 94.58% avg_score=0.294 sample_chance_multiplier=0.25
INFO     Considered Choices:
INFO     	95.167%: flareblitz
INFO     Choice: flareblitz
INFO     Updated registeel's max speed to 157
INFO     emboar already has the move flareblitz. Decrementing the PP by 1
INFO     emboar used a fire move, removing firegem from possible items
INFO     Setting emboar's last used move: flareblitz
INFO     emboar used a damaging move - not guessing lifeorb anymore
INFO     emboar did 48.0% damage to registeel with flareblitz
INFO     registeel used two different moves - it cannot have a choice item
INFO     registeel used a fighting move, removing fightinggem from possible items
INFO     Setting registeel's last used move: bodypress
INFO     registeel used a damaging move - not guessing lifeorb anymore
INFO     registeel did 86.96000000000001% damage to emboar with bodypress
INFO     registeel has less than maxhp during upkeep, no longer guessing leftovers or blacksludge
INFO     Sampling battle 0
INFO     	      registeel    clearbody  chestoberry [bodypress, irondefense, ironhead, rest] ttype=fighting
INFO     	      dragapult    clearbody      lifeorb [dragondance, dragondarts, fireblast, terablast] ttype=ghost
INFO     Sampling 3 unrevealed pokemon
INFO     	        umbreon  synchronize    leftovers [foulplay, protect, toxic, wish] ttype=poison
INFO     	       venomoth   tintedlens heavydutyboots [bugbuzz, quiverdance, sleeppowder, sludgewave] ttype=water
INFO     	     calyrexice asone(glastrier) weaknesspolicy [agility, closecombat, glaciallance, highhorsepower] ttype=fighting
INFO     Sampling battle 1
INFO     	      registeel    clearbody  chestoberry [bodypress, irondefense, ironhead, rest] ttype=fighting
INFO     	      dragapult  infiltrator  choicespecs [dracometeor, fireblast, shadowball, uturn] ttype=ghost
INFO     Sampling 3 unrevealed pokemon
INFO     	      rotomheat     levitate heavydutyboots [overheat, painsplit, thunderbolt, willowisp] ttype=electric
INFO     	    arceusgrass    multitype  meadowplate [calmmind, earthpower, icebeam, judgment] ttype=ground
INFO     	       sunflora  chlorophyll  choicespecs [dazzlinggleam, earthpower, leafstorm, sludgebomb] ttype=ground
INFO     Sampling battle 2
INFO     	      registeel    clearbody  chestoberry [bodypress, irondefense, ironhead, rest] ttype=fighting
INFO     	      dragapult    clearbody      lifeorb [dragondance, dragondarts, fireblast, terablast] ttype=ghost
INFO     Sampling 3 unrevealed pokemon
INFO     	       miraidon hadronengine  choicespecs [dracometeor, electrodrift, overheat, voltswitch] ttype=electric
INFO     	         regice    clearbody heavydutyboots [bodypress, icebeam, thunderbolt, thunderwave] ttype=electric
INFO     	         plusle lightningrod      lifeorb [alluringvoice, grassknot, nastyplot, thunderbolt] ttype=grass
INFO     Sampling battle 3
INFO     	      registeel    clearbody  chestoberry [bodypress, irondefense, ironhead, rest] ttype=fighting
INFO     	      dragapult  infiltrator  choicespecs [dracometeor, fireblast, shadowball, uturn] ttype=dragon
INFO     Sampling 3 unrevealed pokemon
INFO     	       cobalion    justified      lifeorb [closecombat, ironhead, stoneedge, swordsdance] ttype=fighting
INFO     	     calyrexice asone(glastrier) heavydutyboots [closecombat, glaciallance, highhorsepower, trickroom] ttype=ground
INFO     	       necrozma   prismarmor      lifeorb [earthquake, knockoff, photongeyser, swordsdance] ttype=dark
INFO     Searching for a move using PUCT MCTS with neural priors...
INFO     Sampling 4 battles at 500ms each
INFO     Computing neural priors for all battles...
INFO     Initialized StateTranslator with TeamPreviewObservationSpace
INFO     Initializing LocalPolicyProvider with model: Minikazam
INFO     Loading pretrained Minikazam model...


 		 AMAGO v3.1
            	 -------------------------
            	 Agent: Agent
            		 Max Sequence Length: 64
            		 TstepEncoder Type: MetamonPerceiverTstepEncoder
            		 TrajEncoder Type: GRUTrajEncoder
            		 Total Parameters: 4,761,778
            		 Offline Loss Weight: 1.0
            		 Online Loss Weight: 0.0
            		 Mixed Precision: NO
            		 Checkpoint Path: /Users/yadureddy/Documents/GitHub/clean/pokeagent_ac_mcts/.metamon_cache/pretrained_models/models--jakegrigsby--metamon/snapshots/c5d1cb9abb6747066a325228845a5a8af3d12139/minikazam/minikazam/ckpts
            	 Environment:
            		 DummyAsyncVectorEnv(Gym Env x 1)
            		 Exploration Type: None
            	 Dataset: DoNothingDataset
            	 Accelerate Processes: 1 


INFO     Successfully loaded Minikazam model
ERROR    Error translating battle to observation: 
WARNING  Failed to get priors for battle: 
ERROR    Error translating battle to observation: 
WARNING  Failed to get priors for battle: 
ERROR    Error translating battle to observation: 
WARNING  Failed to get priors for battle: 
ERROR    Error translating battle to observation: 
WARNING  Failed to get priors for battle: 
INFO     Successfully computed neural priors for 0/4 battles
INFO     Using PUCT-guided move selection (priors integrated during search)...
INFO     Policy 0: switch piloswine visited 42.98% avg_score=0.283 sample_chance_multiplier=0.25
INFO     Policy 1: switch poliwrath visited 44.12% avg_score=0.278 sample_chance_multiplier=0.25
INFO     Policy 2: switch poliwrath visited 71.41% avg_score=0.298 sample_chance_multiplier=0.25
INFO     Policy 3: switch poliwrath visited 46.3% avg_score=0.272 sample_chance_multiplier=0.25
INFO     Considered Choices:
INFO     	50.307%: switch poliwrath
INFO     Choice: switch poliwrath
INFO     poliwrath switched in, adding intimidate to impossible abilities
INFO     poliwrath switched in, adding pressure to impossible abilities
INFO     poliwrath switched in, adding neutralizinggas to impossible abilities
INFO     poliwrath switched in, adding sandstream to impossible abilities
INFO     poliwrath switched in, adding drought to impossible abilities
INFO     poliwrath switched in, adding drizzle to impossible abilities
INFO     poliwrath switched in, adding snowwarning to impossible abilities
INFO     poliwrath switched in, adding boosterenergy to impossible items
INFO     poliwrath switched in, adding airballoon to impossible items
INFO     
INFO     Turn: 8
INFO     Sampling battle 0
INFO     	      registeel    clearbody  chestoberry [bodypress, irondefense, ironhead, rest] ttype=fighting
INFO     	      dragapult    clearbody      lifeorb [dragondance, dragondarts, fireblast, terablast] ttype=ghost
INFO     Sampling 3 unrevealed pokemon
INFO     	     galvantula compoundeyes    focussash [bugbuzz, gigadrain, stickyweb, thunder] ttype=electric
INFO     	       jumpluff  infiltrator              [acrobatics, leechseed, strengthsap, substitute] ttype=steel
INFO     	     misdreavus     levitate     eviolite [calmmind, drainingkiss, shadowball, willowisp] ttype=fairy
INFO     Sampling battle 1
INFO     	      registeel    clearbody  chestoberry [bodypress, irondefense, ironhead, rest] ttype=fighting
INFO     	      dragapult    clearbody      lifeorb [dragondance, dragondarts, fireblast, terablast] ttype=ghost
INFO     Sampling 3 unrevealed pokemon
INFO     	       inteleon      torrent  choicespecs [hydropump, icebeam, scald, uturn] ttype=water
INFO     	      charizard        blaze heavydutyboots [earthquake, flareblitz, outrage, swordsdance] ttype=ground
INFO     	        urshifu   unseenfist      lifeorb [closecombat, suckerpunch, swordsdance, wickedblow] ttype=dark
INFO     Sampling battle 2
INFO     	      registeel    clearbody  chestoberry [bodypress, irondefense, ironhead, rest] ttype=fighting
INFO     	      dragapult    clearbody      lifeorb [dragondance, dragondarts, fireblast, terablast] ttype=ghost
INFO     Sampling 3 unrevealed pokemon
INFO     	        flapple       hustle     lumberry [dragondance, gravapple, outrage, suckerpunch] ttype=steel
INFO     	       clodsire  waterabsorb    leftovers [curse, earthquake, gunkshot, recover] ttype=flying
INFO     	       vigoroth  vitalspirit     eviolite [bodyslam, bulkup, earthquake, slackoff] ttype=ground
INFO     Sampling battle 3
INFO     	      registeel    clearbody  chestoberry [bodypress, irondefense, ironhead, rest] ttype=fighting
INFO     	      dragapult   cursedbody heavydutyboots [dragondarts, hex, uturn, willowisp] ttype=dragon
INFO     Sampling 3 unrevealed pokemon
INFO     	landorustherian   intimidate    leftovers [earthquake, stealthrock, stoneedge, uturn] ttype=ground
INFO     	       leavanny  chlorophyll heavydutyboots [knockoff, leafblade, lunge, stickyweb] ttype=rock
INFO     	       necrozma   prismarmor      lifeorb [dragondance, earthquake, knockoff, photongeyser] ttype=steel
INFO     Searching for a move using PUCT MCTS with neural priors...
INFO     Sampling 4 battles at 500ms each
INFO     Computing neural priors for all battles...
INFO     Initialized StateTranslator with TeamPreviewObservationSpace
INFO     Initializing LocalPolicyProvider with model: Minikazam
INFO     Loading pretrained Minikazam model...


 		 AMAGO v3.1
            	 -------------------------
            	 Agent: Agent
            		 Max Sequence Length: 64
            		 TstepEncoder Type: MetamonPerceiverTstepEncoder
            		 TrajEncoder Type: GRUTrajEncoder
            		 Total Parameters: 4,761,778
            		 Offline Loss Weight: 1.0
            		 Online Loss Weight: 0.0
            		 Mixed Precision: NO
            		 Checkpoint Path: /Users/yadureddy/Documents/GitHub/clean/pokeagent_ac_mcts/.metamon_cache/pretrained_models/models--jakegrigsby--metamon/snapshots/c5d1cb9abb6747066a325228845a5a8af3d12139/minikazam/minikazam/ckpts
            	 Environment:
            		 DummyAsyncVectorEnv(Gym Env x 1)
            		 Exploration Type: None
            	 Dataset: DoNothingDataset
            	 Accelerate Processes: 1 


INFO     Successfully loaded Minikazam model
ERROR    Error translating battle to observation: 
WARNING  Failed to get priors for battle: 
ERROR    Error translating battle to observation: 
WARNING  Failed to get priors for battle: 
ERROR    Error translating battle to observation: 
WARNING  Failed to get priors for battle: 
ERROR    Error translating battle to observation: 
WARNING  Failed to get priors for battle: 
INFO     Successfully computed neural priors for 0/4 battles
INFO     Using PUCT-guided move selection (priors integrated during search)...
INFO     Policy 0: bulkup visited 82.03% avg_score=0.292 sample_chance_multiplier=0.25
INFO     Policy 1: bulkup visited 73.73% avg_score=0.277 sample_chance_multiplier=0.25
INFO     Policy 2: bulkup visited 88.03% avg_score=0.312 sample_chance_multiplier=0.25
INFO     Policy 3: bulkup visited 80.91% avg_score=0.28 sample_chance_multiplier=0.25
INFO     Considered Choices:
INFO     	81.177%: bulkup
INFO     Choice: bulkup
INFO     Updated registeel's max speed to 157
INFO     poliwrath already has the move bulkup. Decrementing the PP by 1
INFO     poliwrath using bulkup makes it unlikely to have a choice item. Setting can_have_choice_item to False
INFO     poliwrath used a status-move. Adding `assaultvest` to impossible items
INFO     Setting poliwrath's last used move: bulkup
INFO     poliwrath's attack was boosted by 1 to 1
INFO     poliwrath's defense was boosted by 1 to 1
INFO     registeel already has the move bodypress. Decrementing the PP by 1
INFO     registeel used a fighting move, removing fightinggem from possible items
INFO     Setting registeel's last used move: bodypress
INFO     registeel used a damaging move - not guessing lifeorb anymore
INFO     registeel did 41.72% damage to poliwrath with bodypress
INFO     Setting poliwrath's item to: leftovers
INFO     registeel has less than maxhp during upkeep, no longer guessing leftovers or blacksludge
INFO     
INFO     Turn: 9
INFO     Sampling battle 0
INFO     	      registeel    clearbody  chestoberry [bodypress, irondefense, ironhead, rest] ttype=fighting
INFO     	      dragapult    clearbody      lifeorb [dragondance, dragondarts, fireblast, terablast] ttype=ghost
INFO     Sampling 3 unrevealed pokemon
INFO     	     forretress       sturdy    leftovers [ironhead, rapidspin, stealthrock, voltswitch] ttype=water
INFO     	         tauros   sheerforce      lifeorb [bodyslam, closecombat, throatchop, zenheadbutt] ttype=psychic
INFO     	      dragonite   multiscale heavydutyboots [dragondance, earthquake, outrage, terablast] ttype=flying
INFO     Sampling battle 1
INFO     	      registeel    clearbody  chestoberry [bodypress, irondefense, ironhead, rest] ttype=fighting
INFO     	      dragapult   cursedbody heavydutyboots [dragondarts, hex, uturn, willowisp] ttype=dragon
INFO     Sampling 3 unrevealed pokemon
INFO     	        kleavor    sharpness  choicescarf [closecombat, stoneaxe, uturn, xscissor] ttype=bug
INFO     	   squawkabilly         guts     flameorb [bravebird, facade, quickattack, uturn] ttype=normal
INFO     	     galvantula compoundeyes heavydutyboots [bugbuzz, stickyweb, thunder, voltswitch] ttype=electric
INFO     Sampling battle 2
INFO     	      registeel    clearbody  chestoberry [bodypress, irondefense, ironhead, rest] ttype=fighting
INFO     	      dragapult  infiltrator  choicespecs [dracometeor, fireblast, shadowball, uturn] ttype=fire
INFO     Sampling 3 unrevealed pokemon
INFO     	        pikachu lightningrod    lightball [fakeout, playrough, surf, volttackle] ttype=water
INFO     	        weavile   pickpocket heavydutyboots [knockoff, lowkick, swordsdance, tripleaxel] ttype=fighting
WARNING  steel is not a known move
INFO     	          ditto     imposter  choicescarf [transform]
INFO     Sampling battle 3
INFO     	      registeel    clearbody  chestoberry [bodypress, irondefense, ironhead, rest] ttype=fighting
INFO     	      dragapult  infiltrator  choicespecs [dracometeor, fireblast, shadowball, uturn] ttype=dragon
INFO     Sampling 3 unrevealed pokemon
INFO     	      ninetales      drought heavydutyboots [fireblast, nastyplot, scorchingsands, solarbeam] ttype=grass
INFO     	   arceusflying    multitype     skyplate [calmmind, earthpower, judgment, recover] ttype=ground
INFO     	          chiyu  beadsofruin  choicespecs [darkpulse, flamethrower, overheat, psychic] ttype=dark
INFO     Searching for a move using PUCT MCTS with neural priors...
INFO     Sampling 4 battles at 500ms each
INFO     Computing neural priors for all battles...
INFO     Initialized StateTranslator with TeamPreviewObservationSpace
INFO     Initializing LocalPolicyProvider with model: Minikazam
INFO     Loading pretrained Minikazam model...


 		 AMAGO v3.1
            	 -------------------------
            	 Agent: Agent
            		 Max Sequence Length: 64
            		 TstepEncoder Type: MetamonPerceiverTstepEncoder
            		 TrajEncoder Type: GRUTrajEncoder
            		 Total Parameters: 4,761,778
            		 Offline Loss Weight: 1.0
            		 Online Loss Weight: 0.0
            		 Mixed Precision: NO
            		 Checkpoint Path: /Users/yadureddy/Documents/GitHub/clean/pokeagent_ac_mcts/.metamon_cache/pretrained_models/models--jakegrigsby--metamon/snapshots/c5d1cb9abb6747066a325228845a5a8af3d12139/minikazam/minikazam/ckpts
            	 Environment:
            		 DummyAsyncVectorEnv(Gym Env x 1)
            		 Exploration Type: None
            	 Dataset: DoNothingDataset
            	 Accelerate Processes: 1 


INFO     Successfully loaded Minikazam model
ERROR    Error translating battle to observation: 
WARNING  Failed to get priors for battle: 
ERROR    Error translating battle to observation: 
WARNING  Failed to get priors for battle: 
ERROR    Error translating battle to observation: 
WARNING  Failed to get priors for battle: 
ERROR    Error translating battle to observation: 
WARNING  Failed to get priors for battle: 
INFO     Successfully computed neural priors for 0/4 battles
INFO     Using PUCT-guided move selection (priors integrated during search)...
INFO     Policy 0: drainpunch visited 36.67% avg_score=0.246 sample_chance_multiplier=0.25
INFO     Policy 1: bulkup visited 93.61% avg_score=0.323 sample_chance_multiplier=0.25
INFO     Policy 2: bulkup visited 96.81% avg_score=0.408 sample_chance_multiplier=0.25
INFO     Policy 3: bulkup visited 97.52% avg_score=0.423 sample_chance_multiplier=0.25
INFO     Considered Choices:
INFO     	78.942%: bulkup
INFO     Choice: bulkup
INFO     Updated registeel's max speed to 157
INFO     poliwrath already has the move bulkup. Decrementing the PP by 1
INFO     poliwrath using bulkup makes it unlikely to have a choice item. Setting can_have_choice_item to False
INFO     poliwrath used a status-move. Adding `assaultvest` to impossible items
INFO     Setting poliwrath's last used move: bulkup
INFO     poliwrath's attack was boosted by 1 to 2
INFO     poliwrath's defense was boosted by 1 to 2
INFO     registeel already has the move bodypress. Decrementing the PP by 1
INFO     registeel used a fighting move, removing fightinggem from possible items
INFO     Setting registeel's last used move: bodypress
INFO     registeel used a damaging move - not guessing lifeorb anymore
INFO     registeel did 35.76% damage to poliwrath with bodypress
INFO     Setting poliwrath's item to: leftovers
INFO     registeel has less than maxhp during upkeep, no longer guessing leftovers or blacksludge
INFO     
INFO     Turn: 10
INFO     Sampling battle 0
INFO     	      registeel    clearbody  chestoberry [bodypress, irondefense, ironhead, rest] ttype=fighting
INFO     	      dragapult    clearbody      lifeorb [dragondance, dragondarts, fireblast, terablast] ttype=ghost
INFO     Sampling 3 unrevealed pokemon
INFO     	       alcremie    aromaveil    leftovers [acidarmor, calmmind, dazzlinggleam, recover] ttype=poison
INFO     	       jumpluff  infiltrator              [acrobatics, leechseed, strengthsap, substitute] ttype=steel
INFO     	     baxcalibur thermalexchange   choiceband [earthquake, glaiverush, iceshard, iciclecrash] ttype=ground
INFO     Sampling battle 1
INFO     	      registeel    clearbody  chestoberry [bodypress, irondefense, ironhead, rest] ttype=fighting
INFO     	      dragapult  infiltrator  choicespecs [dracometeor, fireblast, shadowball, uturn] ttype=dragon
INFO     Sampling 3 unrevealed pokemon
INFO     	       clefable   magicguard      lifeorb [knockoff, moonblast, moonlight, thunderwave] ttype=steel
INFO     	taurospaldeaaqua   intimidate      lifeorb [aquajet, bulkup, closecombat, liquidation] ttype=water
INFO     	      toucannon      keeneye heavydutyboots [beakblast, boomburst, roost, uturn] ttype=steel
INFO     Sampling battle 2
INFO     	      registeel    clearbody  chestoberry [bodypress, irondefense, ironhead, rest] ttype=fighting
INFO     	      dragapult  infiltrator  choicespecs [dracometeor, fireblast, shadowball, uturn] ttype=fire
INFO     Sampling 3 unrevealed pokemon
INFO     	      toucannon      keeneye heavydutyboots [beakblast, boomburst, knockoff, roost] ttype=steel
INFO     	       grafaiai  poisontouch  assaultvest [gunkshot, knockoff, superfang, uturn] ttype=dark
INFO     	       orthworm   eartheater    leftovers [bodypress, heavyslam, shedtail, spikes] ttype=ghost
INFO     Sampling battle 3
INFO     	      registeel    clearbody  chestoberry [bodypress, irondefense, ironhead, rest] ttype=fighting
INFO     	      dragapult  infiltrator  choicespecs [dracometeor, fireblast, shadowball, uturn] ttype=ghost
INFO     Sampling 3 unrevealed pokemon
INFO     	      reuniclus   magicguard      lifeorb [calmmind, focusblast, psychic, recover] ttype=steel
INFO     	       rotomfan     levitate heavydutyboots [airslash, thunderbolt, voltswitch, willowisp] ttype=electric
INFO     	    ironboulder   quarkdrive      lifeorb [closecombat, mightycleave, swordsdance, zenheadbutt] ttype=fighting
INFO     Searching for a move using PUCT MCTS with neural priors...
INFO     Sampling 4 battles at 500ms each
INFO     Computing neural priors for all battles...
INFO     Initialized StateTranslator with TeamPreviewObservationSpace
INFO     Initializing LocalPolicyProvider with model: Minikazam
INFO     Loading pretrained Minikazam model...


 		 AMAGO v3.1
            	 -------------------------
            	 Agent: Agent
            		 Max Sequence Length: 64
            		 TstepEncoder Type: MetamonPerceiverTstepEncoder
            		 TrajEncoder Type: GRUTrajEncoder
            		 Total Parameters: 4,761,778
            		 Offline Loss Weight: 1.0
            		 Online Loss Weight: 0.0
            		 Mixed Precision: NO
            		 Checkpoint Path: /Users/yadureddy/Documents/GitHub/clean/pokeagent_ac_mcts/.metamon_cache/pretrained_models/models--jakegrigsby--metamon/snapshots/c5d1cb9abb6747066a325228845a5a8af3d12139/minikazam/minikazam/ckpts
            	 Environment:
            		 DummyAsyncVectorEnv(Gym Env x 1)
            		 Exploration Type: None
            	 Dataset: DoNothingDataset
            	 Accelerate Processes: 1 


INFO     Successfully loaded Minikazam model
ERROR    Error translating battle to observation: 
WARNING  Failed to get priors for battle: 
ERROR    Error translating battle to observation: 
WARNING  Failed to get priors for battle: 
ERROR    Error translating battle to observation: 
WARNING  Failed to get priors for battle: 
ERROR    Error translating battle to observation: 
WARNING  Failed to get priors for battle: 
INFO     Successfully computed neural priors for 0/4 battles
INFO     Using PUCT-guided move selection (priors integrated during search)...
INFO     Policy 0: drainpunch visited 97.68% avg_score=0.403 sample_chance_multiplier=0.25
INFO     Policy 1: drainpunch visited 96.53% avg_score=0.373 sample_chance_multiplier=0.25
INFO     Policy 2: drainpunch visited 97.1% avg_score=0.366 sample_chance_multiplier=0.25
INFO     Policy 3: drainpunch visited 96.25% avg_score=0.353 sample_chance_multiplier=0.25
INFO     Considered Choices:
INFO     	96.889%: drainpunch
INFO     Choice: drainpunch
INFO     Updated registeel's max speed to 157
INFO     poliwrath already has the move drainpunch. Decrementing the PP by 1
INFO     poliwrath used a fighting move, removing fightinggem from possible items
INFO     Setting poliwrath's last used move: drainpunch
INFO     poliwrath used a damaging move - not guessing lifeorb anymore
INFO     poliwrath did 30.0% damage to registeel with drainpunch
INFO     registeel already has the move bodypress. Decrementing the PP by 1
INFO     registeel used a fighting move, removing fightinggem from possible items
INFO     Setting registeel's last used move: bodypress
INFO     registeel used a damaging move - not guessing lifeorb anymore
INFO     registeel did 31.130000000000003% damage to poliwrath with bodypress
INFO     Setting poliwrath's item to: leftovers
INFO     registeel has less than maxhp during upkeep, no longer guessing leftovers or blacksludge
INFO     
INFO     Turn: 11
INFO     Sampling battle 0
INFO     	      registeel    clearbody  chestoberry [bodypress, irondefense, ironhead, rest] ttype=fighting
INFO     	      dragapult    clearbody      lifeorb [dragondance, dragondarts, fireblast, terablast] ttype=ghost
INFO     Sampling 3 unrevealed pokemon
INFO     	        persian       limber   choiceband [doubleedge, knockoff, switcheroo, uturn] ttype=ghost
INFO     	  articunogalar  competitive heavydutyboots [calmmind, freezingglare, hurricane, recover] ttype=steel
INFO     	        blissey  naturalcure    leftovers [seismictoss, softboiled, stealthrock, thunderwave] ttype=steel
INFO     Sampling battle 1
INFO     	      registeel    clearbody  chestoberry [bodypress, irondefense, ironhead, rest] ttype=fighting
INFO     	      dragapult   cursedbody heavydutyboots [dragondarts, hex, uturn, willowisp] ttype=fairy
INFO     Sampling 3 unrevealed pokemon
INFO     	   greninjabond   battlebond      lifeorb [darkpulse, gunkshot, hydropump, icebeam] ttype=poison
INFO     	      spectrier    grimneigh    leftovers [drainingkiss, nastyplot, shadowball, substitute] ttype=fairy
INFO     	         comfey       triage    leftovers [calmmind, drainingkiss, gigadrain, terablast] ttype=ground
INFO     Sampling battle 2
INFO     	      registeel    clearbody  chestoberry [bodypress, irondefense, ironhead, rest] ttype=fighting
INFO     	      dragapult  infiltrator  choicespecs [dracometeor, fireblast, shadowball, uturn] ttype=fire
INFO     Sampling 3 unrevealed pokemon
INFO     	    roaringmoon protosynthesis     lumberry [dragondance, earthquake, knockoff, outrage] ttype=poison
INFO     	  oricoriosensu       dancer heavydutyboots [hurricane, quiverdance, revelationdance, roost] ttype=fighting
INFO     	   slowbrogalar  regenerator  assaultvest [earthquake, fireblast, psychic, shellsidearm] ttype=ground
INFO     Sampling battle 3
INFO     	      registeel    clearbody  chestoberry [bodypress, irondefense, ironhead, rest] ttype=fighting
INFO     	      dragapult  infiltrator  choicespecs [dracometeor, fireblast, shadowball, uturn] ttype=fire
INFO     Sampling 3 unrevealed pokemon
INFO     	      regidrago   dragonsmaw  choicescarf [dracometeor, dragonenergy, earthquake, outrage] ttype=dragon
INFO     	         phione    hydration    leftovers [grassknot, icebeam, scald, takeheart] ttype=grass
INFO     	       clodsire      unaware    leftovers [earthquake, poisonjab, recover, stealthrock] ttype=steel
INFO     Searching for a move using PUCT MCTS with neural priors...
INFO     Sampling 4 battles at 500ms each
INFO     Computing neural priors for all battles...
INFO     Initialized StateTranslator with TeamPreviewObservationSpace
INFO     Initializing LocalPolicyProvider with model: Minikazam
INFO     Loading pretrained Minikazam model...


 		 AMAGO v3.1
            	 -------------------------
            	 Agent: Agent
            		 Max Sequence Length: 64
            		 TstepEncoder Type: MetamonPerceiverTstepEncoder
            		 TrajEncoder Type: GRUTrajEncoder
            		 Total Parameters: 4,761,778
            		 Offline Loss Weight: 1.0
            		 Online Loss Weight: 0.0
            		 Mixed Precision: NO
            		 Checkpoint Path: /Users/yadureddy/Documents/GitHub/clean/pokeagent_ac_mcts/.metamon_cache/pretrained_models/models--jakegrigsby--metamon/snapshots/c5d1cb9abb6747066a325228845a5a8af3d12139/minikazam/minikazam/ckpts
            	 Environment:
            		 DummyAsyncVectorEnv(Gym Env x 1)
            		 Exploration Type: None
            	 Dataset: DoNothingDataset
            	 Accelerate Processes: 1 


INFO     Successfully loaded Minikazam model
ERROR    Error translating battle to observation: 
WARNING  Failed to get priors for battle: 
ERROR    Error translating battle to observation: 
WARNING  Failed to get priors for battle: 
ERROR    Error translating battle to observation: 
WARNING  Failed to get priors for battle: 
ERROR    Error translating battle to observation: 
WARNING  Failed to get priors for battle: 
INFO     Successfully computed neural priors for 0/4 battles
INFO     Using PUCT-guided move selection (priors integrated during search)...
INFO     Policy 0: drainpunch visited 68.26% avg_score=0.492 sample_chance_multiplier=0.25
INFO     Policy 1: liquidation visited 82.48% avg_score=0.574 sample_chance_multiplier=0.25
INFO     Policy 2: drainpunch visited 79.66% avg_score=0.524 sample_chance_multiplier=0.25
INFO     Policy 3: drainpunch visited 71.45% avg_score=0.484 sample_chance_multiplier=0.25
INFO     Considered Choices:
INFO     	57.767%: drainpunch
INFO     Choice: drainpunch
INFO     Opponent has switched - clearing the last used move
INFO     poliwrath already has the move drainpunch. Decrementing the PP by 1
INFO     poliwrath used a fighting move, removing fightinggem from possible items
INFO     Setting poliwrath's last used move: drainpunch
INFO     poliwrath used a damaging move - not guessing lifeorb anymore
INFO     Setting poliwrath's item to: leftovers
INFO     
INFO     Turn: 12
INFO     Sampling battle 0
INFO     	      dragapult  infiltrator heavydutyboots [dragondarts, hex, uturn, willowisp] ttype=fairy
INFO     	      registeel    clearbody  chestoberry [bodypress, irondefense, ironhead, rest] ttype=fighting
INFO     Sampling 3 unrevealed pokemon
INFO     	      tyranitar   sandstream  assaultvest [earthquake, icebeam, knockoff, stoneedge] ttype=ghost
INFO     	        mimikyu     disguise      lifeorb [playrough, shadowsneak, swordsdance, woodhammer] ttype=grass
INFO     	       basculin adaptability   choiceband [aquajet, doubleedge, flipturn, wavecrash] ttype=water
INFO     Sampling battle 1
INFO     	      dragapult    clearbody      lifeorb [dragondance, dragondarts, fireblast, terablast] ttype=ghost
INFO     	      registeel    clearbody  chestoberry [bodypress, irondefense, ironhead, rest] ttype=fighting
INFO     Sampling 3 unrevealed pokemon
INFO     	          golem       sturdy weaknesspolicy [earthquake, explosion, rockpolish, stoneedge] ttype=ground
INFO     	        morpeko hungerswitch heavydutyboots [aurawheel, partingshot, protect, rapidspin] ttype=electric
INFO     	     kricketune   technician heavydutyboots [knockoff, pounce, stickyweb, taunt] ttype=ghost
INFO     Sampling battle 2
INFO     	      dragapult   cursedbody heavydutyboots [dragondarts, hex, uturn, willowisp] ttype=dragon
INFO     	      registeel    clearbody  chestoberry [bodypress, irondefense, ironhead, rest] ttype=fighting
INFO     Sampling 3 unrevealed pokemon
INFO     	      bellibolt electromorphosis    leftovers [muddywater, slackoff, thunderbolt, toxic] ttype=electric
INFO     	   lycanrocdusk   toughclaws   choiceband [accelerock, closecombat, stoneedge, throatchop] ttype=fighting
INFO     	        golduck    swiftswim      lifeorb [grassknot, hydropump, icebeam, nastyplot] ttype=water
INFO     Sampling battle 3
INFO     	      dragapult  infiltrator heavydutyboots [dragondarts, hex, uturn, willowisp] ttype=fairy
INFO     	      registeel    clearbody  chestoberry [bodypress, irondefense, ironhead, rest] ttype=fighting
INFO     Sampling 3 unrevealed pokemon
INFO     	       ribombee   shielddust heavydutyboots [bugbuzz, moonblast, stickyweb, uturn] ttype=ghost
INFO     	      heracross        moxie  choicescarf [closecombat, earthquake, knockoff, megahorn] ttype=bug
INFO     	       floatzel    waterveil   choiceband [crunch, flipturn, icespinner, wavecrash] ttype=water
INFO     Sampling battle 4
INFO     	      dragapult   cursedbody heavydutyboots [dragondarts, hex, uturn, willowisp] ttype=dragon
INFO     	      registeel    clearbody  chestoberry [bodypress, irondefense, ironhead, rest] ttype=fighting
INFO     Sampling 3 unrevealed pokemon
INFO     	       arboliva    seedsower    leftovers [earthpower, energyball, hypervoice, strengthsap] ttype=grass
INFO     	      clawitzer megalauncher  choicespecs [darkpulse, dragonpulse, uturn, waterpulse] ttype=dark
INFO     	  slowkinggalar  regenerator    leftovers [psychicnoise, slackoff, sludgebomb, toxicspikes] ttype=poison
INFO     Sampling battle 5
INFO     	      dragapult    clearbody      lifeorb [dragondance, dragondarts, fireblast, terablast] ttype=ghost
INFO     	      registeel    clearbody  chestoberry [bodypress, irondefense, ironhead, rest] ttype=fighting
INFO     Sampling 3 unrevealed pokemon
INFO     	   hoopaunbound     magician   choiceband [gunkshot, hyperspacefury, trick, zenheadbutt] ttype=dark
INFO     	         plusle lightningrod      lifeorb [alluringvoice, encore, nastyplot, thunderbolt] ttype=electric
INFO     	       alcremie    aromaveil    leftovers [acidarmor, alluringvoice, calmmind, recover] ttype=steel
INFO     Sampling battle 6
INFO     	      dragapult    clearbody      lifeorb [dragondance, dragondarts, fireblast, terablast] ttype=ghost
INFO     	      registeel    clearbody  chestoberry [bodypress, irondefense, ironhead, rest] ttype=fighting
INFO     Sampling 3 unrevealed pokemon
INFO     	       landorus   sheerforce      lifeorb [earthpower, focusblast, nastyplot, psychic] ttype=ground
INFO     	        sableye    prankster    leftovers [encore, knockoff, recover, thunderwave] ttype=poison
INFO     	         arceus    multitype      lifeorb [earthquake, extremespeed, shadowclaw, swordsdance] ttype=ghost
INFO     Sampling battle 7
INFO     	      dragapult   cursedbody heavydutyboots [dragondarts, hex, uturn, willowisp] ttype=fairy
INFO     	      registeel    clearbody  chestoberry [bodypress, irondefense, ironhead, rest] ttype=fighting
INFO     Sampling 3 unrevealed pokemon
INFO     	      rotomwash     levitate    leftovers [hydropump, nastyplot, thunderbolt, willowisp] ttype=electric
INFO     	     arceusdark    multitype   dreadplate [calmmind, judgment, recover, sludgebomb] ttype=poison
INFO     	tornadustherian  regenerator  assaultvest [bleakwindstorm, heatwave, knockoff, uturn] ttype=dark
INFO     Searching for a move using PUCT MCTS with neural priors...
INFO     Sampling 8 battles at 250ms each
INFO     Computing neural priors for all battles...
INFO     Initialized StateTranslator with TeamPreviewObservationSpace
INFO     Initializing LocalPolicyProvider with model: Minikazam
INFO     Loading pretrained Minikazam model...


 		 AMAGO v3.1
            	 -------------------------
            	 Agent: Agent
            		 Max Sequence Length: 64
            		 TstepEncoder Type: MetamonPerceiverTstepEncoder
            		 TrajEncoder Type: GRUTrajEncoder
            		 Total Parameters: 4,761,778
            		 Offline Loss Weight: 1.0
            		 Online Loss Weight: 0.0
            		 Mixed Precision: NO
            		 Checkpoint Path: /Users/yadureddy/Documents/GitHub/clean/pokeagent_ac_mcts/.metamon_cache/pretrained_models/models--jakegrigsby--metamon/snapshots/c5d1cb9abb6747066a325228845a5a8af3d12139/minikazam/minikazam/ckpts
            	 Environment:
            		 DummyAsyncVectorEnv(Gym Env x 1)
            		 Exploration Type: None
            	 Dataset: DoNothingDataset
            	 Accelerate Processes: 1 


INFO     Successfully loaded Minikazam model
ERROR    Error translating battle to observation: 
WARNING  Failed to get priors for battle: 
ERROR    Error translating battle to observation: 
WARNING  Failed to get priors for battle: 
ERROR    Error translating battle to observation: 
WARNING  Failed to get priors for battle: 
ERROR    Error translating battle to observation: 
WARNING  Failed to get priors for battle: 
ERROR    Error translating battle to observation: 
WARNING  Failed to get priors for battle: 
ERROR    Error translating battle to observation: 
WARNING  Failed to get priors for battle: 
ERROR    Error translating battle to observation: 
WARNING  Failed to get priors for battle: 
ERROR    Error translating battle to observation: 
WARNING  Failed to get priors for battle: 
INFO     Successfully computed neural priors for 0/8 battles
INFO     Using PUCT-guided move selection (priors integrated during search)...
INFO     Policy 0: liquidation visited 85.35% avg_score=0.347 sample_chance_multiplier=0.125
INFO     Policy 1: liquidation visited 95.56% avg_score=0.346 sample_chance_multiplier=0.125
INFO     Policy 2: poisonjab visited 54.09% avg_score=0.302 sample_chance_multiplier=0.125
INFO     Policy 3: liquidation visited 48.52% avg_score=0.299 sample_chance_multiplier=0.125
INFO     Policy 4: liquidation visited 73.48% avg_score=0.334 sample_chance_multiplier=0.125
INFO     Policy 5: liquidation visited 98.51% avg_score=0.458 sample_chance_multiplier=0.125
INFO     Policy 6: liquidation visited 98.87% avg_score=0.52 sample_chance_multiplier=0.125
INFO     Policy 7: liquidation visited 93.43% avg_score=0.359 sample_chance_multiplier=0.125
INFO     Considered Choices:
INFO     	79.491%: liquidation
INFO     Choice: liquidation
INFO     Updated dragapult's min speed to 173
INFO     dragapult used a ghost move, removing ghostgem from possible items
INFO     Setting dragapult's last used move: shadowball
INFO     dragapult used a damaging move - not guessing lifeorb anymore
INFO     dragapult did 28.15% damage to poliwrath with shadowball
INFO     Sampling battle 0
INFO     	      dragapult  infiltrator  choicespecs [dracometeor, fireblast, shadowball, uturn] ttype=dragon
INFO     	      registeel    clearbody  chestoberry [bodypress, irondefense, ironhead, rest] ttype=fighting
INFO     Sampling 3 unrevealed pokemon
INFO     	    walkingwake protosynthesis      lifeorb [dracometeor, flamethrower, hydrosteam, sunnyday] ttype=fire
INFO     	   lycanrocdusk   toughclaws   choiceband [accelerock, closecombat, psychicfangs, stoneedge] ttype=fighting
INFO     	       ironmoth   quarkdrive heavydutyboots [energyball, fierydance, sludgewave, toxicspikes] ttype=fire
INFO     Sampling battle 1
INFO     	      dragapult  infiltrator  choicespecs [dracometeor, fireblast, shadowball, uturn] ttype=ghost
INFO     	      registeel    clearbody  chestoberry [bodypress, irondefense, ironhead, rest] ttype=fighting
INFO     Sampling 3 unrevealed pokemon
INFO     	       torterra     overgrow   loadeddice [bulletseed, headlongrush, rockblast, shellsmash] ttype=grass
INFO     	       miraidon hadronengine    leftovers [calmmind, dracometeor, electrodrift, substitute] ttype=electric
INFO     	          entei   innerfocus   choiceband [extremespeed, flareblitz, sacredfire, stompingtantrum] ttype=fire
INFO     Sampling battle 2
INFO     	      dragapult  infiltrator  choicespecs [dracometeor, fireblast, shadowball, uturn] ttype=fire
INFO     	      registeel    clearbody  chestoberry [bodypress, irondefense, ironhead, rest] ttype=fighting
INFO     Sampling 3 unrevealed pokemon
INFO     	        cetitan   sheerforce      lifeorb [iceshard, iciclecrash, liquidation, superpower] ttype=water
INFO     	    brutebonnet protosynthesis    leftovers [closecombat, seedbomb, spore, suckerpunch] ttype=poison
INFO     	        wyrdeer   intimidate    leftovers [bodyslam, earthquake, psychicnoise, thunderwave] ttype=ground
INFO     Sampling battle 3
INFO     	      dragapult  infiltrator  choicespecs [dracometeor, fireblast, shadowball, uturn] ttype=ghost
INFO     	      registeel    clearbody  chestoberry [bodypress, irondefense, ironhead, rest] ttype=fighting
INFO     Sampling 3 unrevealed pokemon
INFO     	      palossand watercompaction    leftovers [earthpower, shadowball, shoreup, sludgebomb] ttype=water
INFO     	        delphox        blaze  choicespecs [fireblast, focusblast, grassknot, psyshock] ttype=fighting
INFO     	      gastrodon   stormdrain    leftovers [earthquake, icebeam, recover, surf] ttype=steel
INFO     Searching for a move using PUCT MCTS with neural priors...
INFO     Sampling 4 battles at 500ms each
INFO     Computing neural priors for all battles...
INFO     Initialized StateTranslator with TeamPreviewObservationSpace
INFO     Initializing LocalPolicyProvider with model: Minikazam
INFO     Loading pretrained Minikazam model...


 		 AMAGO v3.1
            	 -------------------------
            	 Agent: Agent
            		 Max Sequence Length: 64
            		 TstepEncoder Type: MetamonPerceiverTstepEncoder
            		 TrajEncoder Type: GRUTrajEncoder
            		 Total Parameters: 4,761,778
            		 Offline Loss Weight: 1.0
            		 Online Loss Weight: 0.0
            		 Mixed Precision: NO
            		 Checkpoint Path: /Users/yadureddy/Documents/GitHub/clean/pokeagent_ac_mcts/.metamon_cache/pretrained_models/models--jakegrigsby--metamon/snapshots/c5d1cb9abb6747066a325228845a5a8af3d12139/minikazam/minikazam/ckpts
            	 Environment:
            		 DummyAsyncVectorEnv(Gym Env x 1)
            		 Exploration Type: None
            	 Dataset: DoNothingDataset
            	 Accelerate Processes: 1 


INFO     Successfully loaded Minikazam model
ERROR    Error translating battle to observation: 
WARNING  Failed to get priors for battle: 
ERROR    Error translating battle to observation: 
WARNING  Failed to get priors for battle: 
ERROR    Error translating battle to observation: 
WARNING  Failed to get priors for battle: 
ERROR    Error translating battle to observation: 
WARNING  Failed to get priors for battle: 
INFO     Successfully computed neural priors for 0/4 battles
INFO     Using PUCT-guided move selection (priors integrated during search)...
INFO     Policy 0: switch bellossom visited 71.59% avg_score=0.698 sample_chance_multiplier=0.25
INFO     Policy 1: switch piloswine visited 83.33% avg_score=0.728 sample_chance_multiplier=0.25
INFO     Policy 2: switch bellossom visited 40.12% avg_score=0.537 sample_chance_multiplier=0.25
INFO     Policy 3: switch piloswine visited 85.59% avg_score=0.716 sample_chance_multiplier=0.25
INFO     Considered Choices:
INFO     	53.217%: switch piloswine
INFO     Choice: switch piloswine
INFO     piloswine switched in, adding intimidate to impossible abilities
INFO     piloswine switched in, adding pressure to impossible abilities
INFO     piloswine switched in, adding neutralizinggas to impossible abilities
INFO     piloswine switched in, adding sandstream to impossible abilities
INFO     piloswine switched in, adding drought to impossible abilities
INFO     piloswine switched in, adding drizzle to impossible abilities
INFO     piloswine switched in, adding snowwarning to impossible abilities
INFO     piloswine switched in, adding boosterenergy to impossible items
INFO     piloswine switched in, adding airballoon to impossible items
INFO     
INFO     Turn: 13
INFO     Sampling battle 0
INFO     	      dragapult  infiltrator  choicespecs [dracometeor, fireblast, shadowball, uturn] ttype=fire
INFO     	      registeel    clearbody  chestoberry [bodypress, irondefense, ironhead, rest] ttype=fighting
INFO     Sampling 3 unrevealed pokemon
INFO     	     galvantula compoundeyes heavydutyboots [bugbuzz, stickyweb, thunder, voltswitch] ttype=electric
INFO     	       empoleon  competitive    leftovers [knockoff, roost, surf, yawn] ttype=grass
INFO     	  braviaryhisui   tintedlens  choicespecs [esperwing, hurricane, uturn, vacuumwave] ttype=fighting
INFO     Sampling battle 1
INFO     	      dragapult  infiltrator  choicespecs [dracometeor, fireblast, shadowball, uturn] ttype=ghost
INFO     	      registeel    clearbody  chestoberry [bodypress, irondefense, ironhead, rest] ttype=fighting
INFO     Sampling 3 unrevealed pokemon
INFO     	       ironmoth   quarkdrive  choicespecs [energyball, fierydance, sludgewave, uturn] ttype=fire
INFO     	      terapagos    terashift heavydutyboots [calmmind, earthpower, rapidspin, terastarstorm] ttype=stellar
INFO     	         latias     levitate      souldew [calmmind, dracometeor, psyshock, recover] ttype=steel
INFO     Sampling battle 2
INFO     	      dragapult  infiltrator  choicespecs [dracometeor, fireblast, shadowball, uturn] ttype=fire
INFO     	      registeel    clearbody  chestoberry [bodypress, irondefense, ironhead, rest] ttype=fighting
INFO     Sampling 3 unrevealed pokemon
INFO     	   dugtrioalola tanglinghair      lifeorb [earthquake, ironhead, stoneedge, swordsdance] ttype=ground
INFO     	    ironvaliant   quarkdrive      lifeorb [calmmind, closecombat, moonblast, psychic] ttype=fighting
INFO     	          hoopa     magician      lifeorb [focusblast, nastyplot, psychic, shadowball] ttype=fighting
INFO     Sampling battle 3
INFO     	      dragapult  infiltrator  choicespecs [dracometeor, fireblast, shadowball, uturn] ttype=fire
INFO     	      registeel    clearbody  chestoberry [bodypress, irondefense, ironhead, rest] ttype=fighting
INFO     Sampling 3 unrevealed pokemon
INFO     	 electrodehisui       static      lifeorb [gigadrain, taunt, thunderbolt, thunderwave] ttype=grass
INFO     	      mamoswine     thickfat      lifeorb [earthquake, iceshard, iciclecrash, stealthrock] ttype=ground
INFO     	      armarouge    weakarmor  choicespecs [armorcannon, aurasphere, energyball, psyshock] ttype=psychic
INFO     Searching for a move using PUCT MCTS with neural priors...
INFO     Sampling 4 battles at 500ms each
INFO     Computing neural priors for all battles...
INFO     Initialized StateTranslator with TeamPreviewObservationSpace
INFO     Initializing LocalPolicyProvider with model: Minikazam
INFO     Loading pretrained Minikazam model...


 		 AMAGO v3.1
            	 -------------------------
            	 Agent: Agent
            		 Max Sequence Length: 64
            		 TstepEncoder Type: MetamonPerceiverTstepEncoder
            		 TrajEncoder Type: GRUTrajEncoder
            		 Total Parameters: 4,761,778
            		 Offline Loss Weight: 1.0
            		 Online Loss Weight: 0.0
            		 Mixed Precision: NO
            		 Checkpoint Path: /Users/yadureddy/Documents/GitHub/clean/pokeagent_ac_mcts/.metamon_cache/pretrained_models/models--jakegrigsby--metamon/snapshots/c5d1cb9abb6747066a325228845a5a8af3d12139/minikazam/minikazam/ckpts
            	 Environment:
            		 DummyAsyncVectorEnv(Gym Env x 1)
            		 Exploration Type: None
            	 Dataset: DoNothingDataset
            	 Accelerate Processes: 1 


INFO     Successfully loaded Minikazam model
ERROR    Error translating battle to observation: 
WARNING  Failed to get priors for battle: 
ERROR    Error translating battle to observation: 
WARNING  Failed to get priors for battle: 
ERROR    Error translating battle to observation: 
WARNING  Failed to get priors for battle: 
ERROR    Error translating battle to observation: 
WARNING  Failed to get priors for battle: 
INFO     Successfully computed neural priors for 0/4 battles
INFO     Using PUCT-guided move selection (priors integrated during search)...
INFO     Policy 0: stealthrock visited 96.19% avg_score=0.703 sample_chance_multiplier=0.25
INFO     Policy 1: stealthrock visited 98.16% avg_score=0.756 sample_chance_multiplier=0.25
INFO     Policy 2: stealthrock visited 43.7% avg_score=0.662 sample_chance_multiplier=0.25
INFO     Policy 3: earthquake visited 53.42% avg_score=0.688 sample_chance_multiplier=0.25
INFO     Considered Choices:
INFO     	66.944%: stealthrock
INFO     Choice: stealthrock
INFO     Opponent has switched - clearing the last used move
INFO     piloswine already has the move stealthrock. Decrementing the PP by 1
INFO     piloswine used a status-move. Adding `assaultvest` to impossible items
INFO     Setting piloswine's last used move: stealthrock
INFO     Incremented side condition stealthrock to 1 for urshifurapidstrike
INFO     urshifurapidstrike has less than maxhp during upkeep, no longer guessing leftovers or blacksludge
INFO     
INFO     Turn: 14
INFO     Sampling battle 0
INFO     	      registeel    clearbody  chestoberry [bodypress, irondefense, ironhead, rest] ttype=fighting
INFO     	      dragapult  infiltrator  choicespecs [dracometeor, fireblast, shadowball, uturn] ttype=dragon
INFO     Sampling 3 unrevealed pokemon
INFO     	      charizard        blaze heavydutyboots [dragondance, earthquake, flareblitz, outrage] ttype=ground
INFO     	     misdreavus     levitate     eviolite [calmmind, drainingkiss, shadowball, willowisp] ttype=fairy
INFO     	      metagross    clearbody    leftovers [bulletpunch, heavyslam, knockoff, stealthrock] ttype=water
INFO     Sampling battle 1
INFO     	      registeel    clearbody  chestoberry [bodypress, irondefense, ironhead, rest] ttype=fighting
INFO     	      dragapult  infiltrator  choicespecs [dracometeor, fireblast, shadowball, uturn] ttype=dragon
INFO     Sampling 3 unrevealed pokemon
INFO     	       blaziken   speedboost      lifeorb [closecombat, flareblitz, knockoff, swordsdance] ttype=fighting
INFO     	      sandslash     sandrush    leftovers [earthquake, knockoff, rapidspin, spikes] ttype=steel
INFO     	       ribombee   shielddust    focussash [moonblast, stickyweb, stunspore, uturn] ttype=ghost
INFO     Sampling battle 2
INFO     	      registeel    clearbody  chestoberry [bodypress, irondefense, ironhead, rest] ttype=fighting
INFO     	      dragapult  infiltrator  choicespecs [dracometeor, fireblast, shadowball, uturn] ttype=fire
INFO     Sampling 3 unrevealed pokemon
INFO     	        gallade    sharpness      lifeorb [agility, nightslash, psychocut, sacredsword] ttype=fighting
INFO     	            muk  poisontouch  assaultvest [drainpunch, knockoff, poisonjab, shadowsneak] ttype=dark
INFO     	      rotomwash     levitate    leftovers [hydropump, thunderbolt, voltswitch, willowisp] ttype=water
INFO     Sampling battle 3
INFO     	      registeel    clearbody  chestoberry [bodypress, irondefense, ironhead, rest] ttype=fighting
INFO     	      dragapult  infiltrator  choicespecs [dracometeor, fireblast, shadowball, uturn] ttype=dragon
INFO     Sampling 3 unrevealed pokemon
INFO     	       blaziken   speedboost      lifeorb [closecombat, flareblitz, stoneedge, swordsdance] ttype=fighting
INFO     	      bastiodon   soundproof  chestoberry [bodypress, foulplay, irondefense, rest] ttype=fighting
INFO     	       illumise    prankster heavydutyboots [bugbuzz, encore, roost, thunderwave] ttype=steel
INFO     Searching for a move using PUCT MCTS with neural priors...
INFO     Sampling 4 battles at 500ms each
INFO     Computing neural priors for all battles...
INFO     Initialized StateTranslator with TeamPreviewObservationSpace
INFO     Initializing LocalPolicyProvider with model: Minikazam
INFO     Loading pretrained Minikazam model...


 		 AMAGO v3.1
            	 -------------------------
            	 Agent: Agent
            		 Max Sequence Length: 64
            		 TstepEncoder Type: MetamonPerceiverTstepEncoder
            		 TrajEncoder Type: GRUTrajEncoder
            		 Total Parameters: 4,761,778
            		 Offline Loss Weight: 1.0
            		 Online Loss Weight: 0.0
            		 Mixed Precision: NO
            		 Checkpoint Path: /Users/yadureddy/Documents/GitHub/clean/pokeagent_ac_mcts/.metamon_cache/pretrained_models/models--jakegrigsby--metamon/snapshots/c5d1cb9abb6747066a325228845a5a8af3d12139/minikazam/minikazam/ckpts
            	 Environment:
            		 DummyAsyncVectorEnv(Gym Env x 1)
            		 Exploration Type: None
            	 Dataset: DoNothingDataset
            	 Accelerate Processes: 1 


INFO     Successfully loaded Minikazam model
ERROR    Error translating battle to observation: 
WARNING  Failed to get priors for battle: 
ERROR    Error translating battle to observation: 
WARNING  Failed to get priors for battle: 
ERROR    Error translating battle to observation: 
WARNING  Failed to get priors for battle: 
ERROR    Error translating battle to observation: 
WARNING  Failed to get priors for battle: 
INFO     Successfully computed neural priors for 0/4 battles
INFO     Using PUCT-guided move selection (priors integrated during search)...
INFO     Policy 0: switch bellossom visited 63.42% avg_score=0.59 sample_chance_multiplier=0.25
INFO     Policy 1: switch bellossom visited 72.29% avg_score=0.591 sample_chance_multiplier=0.25
INFO     Policy 2: switch bellossom visited 53.07% avg_score=0.647 sample_chance_multiplier=0.25
INFO     Policy 3: switch bellossom visited 76.7% avg_score=0.574 sample_chance_multiplier=0.25
INFO     Considered Choices:
INFO     	66.371%: switch bellossom
INFO     Choice: switch bellossom
INFO     urshifurapidstrike using swordsdance makes it unlikely to have a choice item. Setting can_have_choice_item to False
INFO     urshifurapidstrike used a status-move. Adding `assaultvest` to impossible items
INFO     Setting urshifurapidstrike's last used move: swordsdance
INFO     urshifurapidstrike's attack was boosted by 2 to 2
INFO     urshifurapidstrike has less than maxhp during upkeep, no longer guessing leftovers or blacksludge
INFO     
INFO     Turn: 15
INFO     Sampling battle 0
INFO     	      registeel    clearbody  chestoberry [bodypress, irondefense, ironhead, rest] ttype=fighting
INFO     	      dragapult  infiltrator  choicespecs [dracometeor, fireblast, shadowball, uturn] ttype=dragon
INFO     Sampling 3 unrevealed pokemon
INFO     	      munkidori   toxicchain      lifeorb [focusblast, nastyplot, psyshock, sludgewave] ttype=fighting
INFO     	     golemalola    galvanize      lifeorb [doubleedge, earthquake, rockpolish, stoneedge] ttype=grass
INFO     	         mewtwo      unnerve      lifeorb [aurasphere, darkpulse, nastyplot, psystrike] ttype=psychic
INFO     Sampling battle 1
INFO     	      registeel    clearbody  chestoberry [bodypress, irondefense, ironhead, rest] ttype=fighting
INFO     	      dragapult  infiltrator  choicespecs [dracometeor, fireblast, shadowball, uturn] ttype=fire
INFO     Sampling 3 unrevealed pokemon
INFO     	      charizard        blaze heavydutyboots [flamethrower, focusblast, hurricane, willowisp] ttype=fire
INFO     	      magnezone   magnetpull  assaultvest [bodypress, discharge, flashcannon, voltswitch] ttype=water
INFO     	tornadustherian  regenerator  choicespecs [bleakwindstorm, focusblast, heatwave, uturn] ttype=fighting
INFO     Sampling battle 2
INFO     	      registeel    clearbody  chestoberry [bodypress, irondefense, ironhead, rest] ttype=fighting
INFO     	      dragapult  infiltrator  choicespecs [dracometeor, fireblast, shadowball, uturn] ttype=ghost
INFO     Sampling 3 unrevealed pokemon
INFO     	        dondozo      unaware    leftovers [curse, rest, sleeptalk, wavecrash] ttype=dragon
INFO     	  calyrexshadow asone(spectrier)      lifeorb [astralbarrage, nastyplot, pollenpuff, psyshock] ttype=dark
INFO     	    arceussteel    multitype    ironplate [earthquake, judgment, recover, willowisp] ttype=ghost
INFO     Sampling battle 3
INFO     	      registeel    clearbody  chestoberry [bodypress, irondefense, ironhead, rest] ttype=fighting
INFO     	      dragapult  infiltrator  choicespecs [dracometeor, fireblast, shadowball, uturn] ttype=fire
INFO     Sampling 3 unrevealed pokemon
INFO     	      piloswine     thickfat     eviolite [earthquake, iciclecrash, roar, stealthrock] ttype=dragon
INFO     	       illumise    prankster heavydutyboots [bugbuzz, encore, roost, thunderwave] ttype=water
INFO     	      cramorant  gulpmissile heavydutyboots [bravebird, defog, roost, surf] ttype=ground
INFO     Searching for a move using PUCT MCTS with neural priors...
INFO     Sampling 4 battles at 500ms each
INFO     Computing neural priors for all battles...
INFO     Initialized StateTranslator with TeamPreviewObservationSpace
INFO     Initializing LocalPolicyProvider with model: Minikazam
INFO     Loading pretrained Minikazam model...


 		 AMAGO v3.1
            	 -------------------------
            	 Agent: Agent
            		 Max Sequence Length: 64
            		 TstepEncoder Type: MetamonPerceiverTstepEncoder
            		 TrajEncoder Type: GRUTrajEncoder
            		 Total Parameters: 4,761,778
            		 Offline Loss Weight: 1.0
            		 Online Loss Weight: 0.0
            		 Mixed Precision: NO
            		 Checkpoint Path: /Users/yadureddy/Documents/GitHub/clean/pokeagent_ac_mcts/.metamon_cache/pretrained_models/models--jakegrigsby--metamon/snapshots/c5d1cb9abb6747066a325228845a5a8af3d12139/minikazam/minikazam/ckpts
            	 Environment:
            		 DummyAsyncVectorEnv(Gym Env x 1)
            		 Exploration Type: None
            	 Dataset: DoNothingDataset
            	 Accelerate Processes: 1 


INFO     Successfully loaded Minikazam model
ERROR    Error translating battle to observation: 
WARNING  Failed to get priors for battle: 
ERROR    Error translating battle to observation: 
WARNING  Failed to get priors for battle: 
ERROR    Error translating battle to observation: 
WARNING  Failed to get priors for battle: 
ERROR    Error translating battle to observation: 
WARNING  Failed to get priors for battle: 
INFO     Successfully computed neural priors for 0/4 battles
INFO     Using PUCT-guided move selection (priors integrated during search)...
INFO     Policy 0: gigadrain visited 34.53% avg_score=0.759 sample_chance_multiplier=0.25
INFO     Policy 1: quiverdance visited 96.97% avg_score=0.702 sample_chance_multiplier=0.25
INFO     Policy 2: switch dragonite visited 50.91% avg_score=0.809 sample_chance_multiplier=0.25
INFO     Policy 3: moonblast visited 72.84% avg_score=0.745 sample_chance_multiplier=0.25
INFO     Considered Choices:
INFO     	42.934%: quiverdance
INFO     Choice: quiverdance
INFO     Updated urshifurapidstrike's min speed to 132
INFO     urshifurapidstrike used two different moves - it cannot have a choice item
INFO     urshifurapidstrike used a fighting move, removing fightinggem from possible items
INFO     Setting urshifurapidstrike's last used move: closecombat
INFO     urshifurapidstrike used a damaging move - not guessing lifeorb anymore
INFO     urshifurapidstrike did 100.0% damage to bellossom with closecombat
INFO     urshifurapidstrike's defense was unboosted by 1 to -1
INFO     urshifurapidstrike's special-defense was unboosted by 1 to -1
INFO     Setting urshifurapidstrike's item to: lifeorb
INFO     urshifurapidstrike has less than maxhp during upkeep, no longer guessing leftovers or blacksludge
INFO     Sampling battle 0
INFO     	      registeel    clearbody  chestoberry [bodypress, irondefense, ironhead, rest] ttype=fighting
INFO     	      dragapult  infiltrator  choicespecs [dracometeor, fireblast, shadowball, uturn] ttype=ghost
INFO     Sampling 3 unrevealed pokemon
INFO     	  qwilfishhisui   intimidate     eviolite [crunch, gunkshot, spikes, taunt] ttype=flying
INFO     	      rillaboom  grassysurge      lifeorb [grassyglide, highhorsepower, swordsdance, woodhammer] ttype=grass
INFO     	        leafeon  chlorophyll      lifeorb [doubleedge, leafblade, swordsdance, synthesis] ttype=normal
INFO     Sampling battle 1
INFO     	      registeel    clearbody  chestoberry [bodypress, irondefense, ironhead, rest] ttype=fighting
INFO     	      dragapult  infiltrator  choicespecs [dracometeor, fireblast, shadowball, uturn] ttype=dragon
INFO     Sampling 3 unrevealed pokemon
INFO     	     bombirdier rockypayload  choicescarf [bravebird, knockoff, stoneedge, uturn] ttype=rock
INFO     	     electivire   motordrive      lifeorb [icepunch, knockoff, supercellslam, voltswitch] ttype=electric
INFO     	       frosmoth    icescales heavydutyboots [gigadrain, icebeam, quiverdance, terablast] ttype=ground
INFO     Sampling battle 2
INFO     	      registeel    clearbody  chestoberry [bodypress, irondefense, ironhead, rest] ttype=fighting
INFO     	      dragapult  infiltrator  choicespecs [dracometeor, fireblast, shadowball, uturn] ttype=fire
INFO     Sampling 3 unrevealed pokemon
INFO     	      cresselia     levitate    leftovers [calmmind, moonlight, psyshock, thunderbolt] ttype=electric
INFO     	      mismagius     levitate    leftovers [nastyplot, shadowball, substitute, thunderbolt] ttype=electric
INFO     	          minun   voltabsorb      lifeorb [alluringvoice, grassknot, nastyplot, thunderbolt] ttype=fairy
INFO     Sampling battle 3
INFO     	      registeel    clearbody  chestoberry [bodypress, irondefense, ironhead, rest] ttype=fighting
INFO     	      dragapult  infiltrator  choicespecs [dracometeor, fireblast, shadowball, uturn] ttype=fire
INFO     Sampling 3 unrevealed pokemon
INFO     	       articuno     pressure heavydutyboots [bravebird, freezedry, roost, uturn] ttype=ground
INFO     	       alcremie    aromaveil    leftovers [acidarmor, alluringvoice, calmmind, recover] ttype=poison
INFO     	       venomoth   tintedlens heavydutyboots [bugbuzz, quiverdance, sleeppowder, sludgewave] ttype=steel
INFO     Searching for a move using PUCT MCTS with neural priors...
INFO     Sampling 4 battles at 500ms each
INFO     Computing neural priors for all battles...
INFO     Initialized StateTranslator with TeamPreviewObservationSpace
INFO     Initializing LocalPolicyProvider with model: Minikazam
INFO     Loading pretrained Minikazam model...


 		 AMAGO v3.1
            	 -------------------------
            	 Agent: Agent
            		 Max Sequence Length: 64
            		 TstepEncoder Type: MetamonPerceiverTstepEncoder
            		 TrajEncoder Type: GRUTrajEncoder
            		 Total Parameters: 4,761,778
            		 Offline Loss Weight: 1.0
            		 Online Loss Weight: 0.0
            		 Mixed Precision: NO
            		 Checkpoint Path: /Users/yadureddy/Documents/GitHub/clean/pokeagent_ac_mcts/.metamon_cache/pretrained_models/models--jakegrigsby--metamon/snapshots/c5d1cb9abb6747066a325228845a5a8af3d12139/minikazam/minikazam/ckpts
            	 Environment:
            		 DummyAsyncVectorEnv(Gym Env x 1)
            		 Exploration Type: None
            	 Dataset: DoNothingDataset
            	 Accelerate Processes: 1 


INFO     Successfully loaded Minikazam model
ERROR    Error translating battle to observation: 
WARNING  Failed to get priors for battle: 
ERROR    Error translating battle to observation: 
WARNING  Failed to get priors for battle: 
ERROR    Error translating battle to observation: 
WARNING  Failed to get priors for battle: 
ERROR    Error translating battle to observation: 
WARNING  Failed to get priors for battle: 
INFO     Successfully computed neural priors for 0/4 battles
INFO     Using PUCT-guided move selection (priors integrated during search)...
INFO     Policy 0: switch dragonite visited 75.85% avg_score=0.134 sample_chance_multiplier=0.25
INFO     Policy 1: switch dragonite visited 91.09% avg_score=0.249 sample_chance_multiplier=0.25
INFO     Policy 2: switch dragonite visited 94.28% avg_score=0.434 sample_chance_multiplier=0.25
INFO     Policy 3: switch dragonite visited 97.54% avg_score=0.495 sample_chance_multiplier=0.25
INFO     Considered Choices:
INFO     	89.692%: switch dragonite
INFO     Choice: switch dragonite
INFO     dragonite switched in, adding intimidate to impossible abilities
INFO     dragonite switched in, adding pressure to impossible abilities
INFO     dragonite switched in, adding neutralizinggas to impossible abilities
INFO     dragonite switched in, adding sandstream to impossible abilities
INFO     dragonite switched in, adding drought to impossible abilities
INFO     dragonite switched in, adding drizzle to impossible abilities
INFO     dragonite switched in, adding snowwarning to impossible abilities
INFO     dragonite switched in, adding boosterenergy to impossible items
INFO     dragonite switched in, adding airballoon to impossible items
INFO     
INFO     Turn: 16
INFO     Sampling battle 0
INFO     	      registeel    clearbody  chestoberry [bodypress, irondefense, ironhead, rest] ttype=fighting
INFO     	      dragapult  infiltrator  choicespecs [dracometeor, fireblast, shadowball, uturn] ttype=ghost
INFO     Sampling 3 unrevealed pokemon
INFO     	       empoleon  competitive    leftovers [flipturn, icebeam, roost, surf] ttype=flying
INFO     	         goodra    sapsipper  assaultvest [dracometeor, dragontail, earthquake, scald] ttype=ground
INFO     	       chimecho     levitate    leftovers [encore, knockoff, psychicnoise, recover] ttype=dark
INFO     Sampling battle 1
INFO     	      registeel    clearbody  chestoberry [bodypress, irondefense, ironhead, rest] ttype=fighting
INFO     	      dragapult  infiltrator  choicespecs [dracometeor, fireblast, shadowball, uturn] ttype=fire
INFO     Sampling 3 unrevealed pokemon
INFO     	         raikou     pressure    leftovers [calmmind, scald, shadowball, thunderbolt] ttype=electric
INFO     	       cloyster    skilllink    whiteherb [hydropump, iciclespear, rockblast, shellsmash] ttype=ice
INFO     	         latias     levitate      souldew [calmmind, dracometeor, psyshock, recover] ttype=steel
INFO     Sampling battle 2
INFO     	      registeel    clearbody  chestoberry [bodypress, irondefense, ironhead, rest] ttype=fighting
INFO     	      dragapult  infiltrator  choicespecs [dracometeor, fireblast, shadowball, uturn] ttype=fire
INFO     Sampling 3 unrevealed pokemon
INFO     	     whimsicott    prankster heavydutyboots [encore, gigadrain, moonblast, uturn] ttype=steel
INFO     	         goodra    sapsipper  assaultvest [dracometeor, dragontail, earthquake, powerwhip] ttype=ground
INFO     	        golduck    cloudnine      lifeorb [grassknot, hydropump, icebeam, nastyplot] ttype=water
INFO     Sampling battle 3
INFO     	      registeel    clearbody  chestoberry [bodypress, irondefense, ironhead, rest] ttype=fighting
INFO     	      dragapult  infiltrator  choicespecs [dracometeor, fireblast, shadowball, uturn] ttype=ghost
INFO     Sampling 3 unrevealed pokemon
INFO     	       solgaleo fullmetalbody  rockyhelmet [closecombat, earthquake, morningsun, sunsteelstrike] ttype=water
INFO     	       braviary      defiant heavydutyboots [bravebird, bulkup, closecombat, roost] ttype=steel
INFO     	        mimikyu     disguise      lifeorb [drainpunch, playrough, shadowsneak, swordsdance] ttype=fairy
INFO     Searching for a move using PUCT MCTS with neural priors...
INFO     Sampling 4 battles at 500ms each
INFO     Computing neural priors for all battles...
INFO     Initialized StateTranslator with TeamPreviewObservationSpace
INFO     Initializing LocalPolicyProvider with model: Minikazam
INFO     Loading pretrained Minikazam model...


 		 AMAGO v3.1
            	 -------------------------
            	 Agent: Agent
            		 Max Sequence Length: 64
            		 TstepEncoder Type: MetamonPerceiverTstepEncoder
            		 TrajEncoder Type: GRUTrajEncoder
            		 Total Parameters: 4,761,778
            		 Offline Loss Weight: 1.0
            		 Online Loss Weight: 0.0
            		 Mixed Precision: NO
            		 Checkpoint Path: /Users/yadureddy/Documents/GitHub/clean/pokeagent_ac_mcts/.metamon_cache/pretrained_models/models--jakegrigsby--metamon/snapshots/c5d1cb9abb6747066a325228845a5a8af3d12139/minikazam/minikazam/ckpts
            	 Environment:
            		 DummyAsyncVectorEnv(Gym Env x 1)
            		 Exploration Type: None
            	 Dataset: DoNothingDataset
            	 Accelerate Processes: 1 


INFO     Successfully loaded Minikazam model
ERROR    Error translating battle to observation: 
WARNING  Failed to get priors for battle: 
ERROR    Error translating battle to observation: 
WARNING  Failed to get priors for battle: 
ERROR    Error translating battle to observation: 
WARNING  Failed to get priors for battle: 
ERROR    Error translating battle to observation: 
WARNING  Failed to get priors for battle: 
INFO     Successfully computed neural priors for 0/4 battles
INFO     Using PUCT-guided move selection (priors integrated during search)...
INFO     Policy 0: dragondance visited 79.26% avg_score=0.096 sample_chance_multiplier=0.25
INFO     Policy 1: dragondance visited 96.82% avg_score=0.309 sample_chance_multiplier=0.25
INFO     Policy 2: dragondance visited 91.26% avg_score=0.145 sample_chance_multiplier=0.25
INFO     Policy 3: dragondance visited 95.67% avg_score=0.287 sample_chance_multiplier=0.25
INFO     Considered Choices:
INFO     	90.752%: dragondance
INFO     Choice: dragondance
INFO     Updated urshifurapidstrike's min speed to 161
INFO     urshifurapidstrike already has the move surgingstrikes. Decrementing the PP by 1
INFO     urshifurapidstrike used two different moves - it cannot have a choice item
INFO     urshifurapidstrike used a water move, removing watergem from possible items
INFO     Setting urshifurapidstrike's last used move: surgingstrikes
INFO     urshifurapidstrike used a damaging move - not guessing lifeorb anymore
INFO     urshifurapidstrike did 10.51% damage to dragonite with surgingstrikes
WARNING  Would remove all possibilities, not removing any
WARNING  actual_damage_dealt=27.0107
INFO     Setting urshifurapidstrike's item to: lifeorb
INFO     dragonite already has the move dragondance. Decrementing the PP by 1
INFO     dragonite using dragondance makes it unlikely to have a choice item. Setting can_have_choice_item to False
INFO     dragonite used a status-move. Adding `assaultvest` to impossible items
INFO     Setting dragonite's last used move: dragondance
INFO     dragonite's attack was boosted by 1 to 1
INFO     dragonite's speed was boosted by 1 to 1
INFO     urshifurapidstrike has less than maxhp during upkeep, no longer guessing leftovers or blacksludge
INFO     
INFO     Turn: 17
INFO     Sampling battle 0
INFO     	      registeel    clearbody  chestoberry [bodypress, irondefense, ironhead, rest] ttype=fighting
INFO     	      dragapult  infiltrator  choicespecs [dracometeor, fireblast, shadowball, uturn] ttype=dragon
INFO     Sampling 3 unrevealed pokemon
INFO     	   crabominable     ironfist  assaultvest [drainpunch, earthquake, icehammer, knockoff] ttype=water
INFO     	       camerupt    solidrock    leftovers [earthquake, overheat, roar, stealthrock] ttype=grass
INFO     	          entei   innerfocus   choiceband [extremespeed, flareblitz, sacredfire, stoneedge] ttype=fire
INFO     Sampling battle 1
INFO     	      registeel    clearbody  chestoberry [bodypress, irondefense, ironhead, rest] ttype=fighting
INFO     	      dragapult  infiltrator  choicespecs [dracometeor, fireblast, shadowball, uturn] ttype=ghost
INFO     Sampling 3 unrevealed pokemon
INFO     	      cinderace       libero   choiceband [gunkshot, highjumpkick, pyroball, uturn] ttype=fire
INFO     	         latias     levitate      souldew [calmmind, dracometeor, psyshock, recover] ttype=steel
INFO     	      girafarig    sapsipper     eviolite [dazzlinggleam, nastyplot, psychic, thunderbolt] ttype=fairy
INFO     Sampling battle 2
INFO     	      registeel    clearbody  chestoberry [bodypress, irondefense, ironhead, rest] ttype=fighting
INFO     	      dragapult  infiltrator  choicespecs [dracometeor, fireblast, shadowball, uturn] ttype=fire
INFO     Sampling 3 unrevealed pokemon
INFO     	      crawdaunt adaptability      lifeorb [aquajet, crabhammer, dragondance, knockoff] ttype=water
INFO     	    oricoriopau       dancer heavydutyboots [hurricane, quiverdance, revelationdance, roost] ttype=fighting
INFO     	       solgaleo fullmetalbody    leftovers [earthquake, morningsun, psychicfangs, sunsteelstrike] ttype=water
INFO     Sampling battle 3
INFO     	      registeel    clearbody  chestoberry [bodypress, irondefense, ironhead, rest] ttype=fighting
INFO     	      dragapult  infiltrator  choicespecs [dracometeor, fireblast, shadowball, uturn] ttype=ghost
INFO     Sampling 3 unrevealed pokemon
INFO     	       illumise    prankster heavydutyboots [bugbuzz, encore, roost, thunderwave] ttype=water
INFO     	      coalossal    flamebody heavydutyboots [overheat, rapidspin, spikes, stoneedge] ttype=water
INFO     	       giratina     pressure    leftovers [dragontail, rest, shadowball, sleeptalk] ttype=fairy
INFO     Searching for a move using PUCT MCTS with neural priors...
INFO     Sampling 4 battles at 500ms each
INFO     Computing neural priors for all battles...
INFO     Initialized StateTranslator with TeamPreviewObservationSpace
INFO     Initializing LocalPolicyProvider with model: Minikazam
INFO     Loading pretrained Minikazam model...


 		 AMAGO v3.1
            	 -------------------------
            	 Agent: Agent
            		 Max Sequence Length: 64
            		 TstepEncoder Type: MetamonPerceiverTstepEncoder
            		 TrajEncoder Type: GRUTrajEncoder
            		 Total Parameters: 4,761,778
            		 Offline Loss Weight: 1.0
            		 Online Loss Weight: 0.0
            		 Mixed Precision: NO
            		 Checkpoint Path: /Users/yadureddy/Documents/GitHub/clean/pokeagent_ac_mcts/.metamon_cache/pretrained_models/models--jakegrigsby--metamon/snapshots/c5d1cb9abb6747066a325228845a5a8af3d12139/minikazam/minikazam/ckpts
            	 Environment:
            		 DummyAsyncVectorEnv(Gym Env x 1)
            		 Exploration Type: None
            	 Dataset: DoNothingDataset
            	 Accelerate Processes: 1 


INFO     Successfully loaded Minikazam model
ERROR    Error translating battle to observation: 
WARNING  Failed to get priors for battle: 
ERROR    Error translating battle to observation: 
WARNING  Failed to get priors for battle: 
ERROR    Error translating battle to observation: 
WARNING  Failed to get priors for battle: 
ERROR    Error translating battle to observation: 
WARNING  Failed to get priors for battle: 
INFO     Successfully computed neural priors for 0/4 battles
INFO     Using PUCT-guided move selection (priors integrated during search)...
INFO     Policy 0: earthquake visited 90.9% avg_score=0.199 sample_chance_multiplier=0.25
INFO     Policy 1: earthquake visited 82.46% avg_score=0.205 sample_chance_multiplier=0.25
INFO     Policy 2: earthquake visited 92.98% avg_score=0.124 sample_chance_multiplier=0.25
INFO     Policy 3: earthquake visited 88.77% avg_score=0.517 sample_chance_multiplier=0.25
INFO     Considered Choices:
INFO     	88.78%: earthquake
INFO     Choice: earthquake
INFO     urshifurapidstrike already has the move aquajet. Decrementing the PP by 1
INFO     urshifurapidstrike used two different moves - it cannot have a choice item
INFO     urshifurapidstrike used a water move, removing watergem from possible items
INFO     Setting urshifurapidstrike's last used move: aquajet
INFO     urshifurapidstrike used a damaging move - not guessing lifeorb anymore
INFO     urshifurapidstrike did 21.790000000000003% damage to dragonite with aquajet
INFO     Setting urshifurapidstrike's item to: lifeorb
INFO     dragonite already has the move earthquake. Decrementing the PP by 1
INFO     dragonite used a ground move, removing groundgem from possible items
INFO     Setting dragonite's last used move: earthquake
INFO     dragonite used a damaging move - not guessing lifeorb anymore
INFO     dragonite did 44.0% damage to urshifurapidstrike with earthquake
INFO     urshifurapidstrike has less than maxhp during upkeep, no longer guessing leftovers or blacksludge
INFO     Opponent has switched - clearing the last used move
INFO     electrodehisui switched in, adding intimidate to impossible abilities
INFO     electrodehisui switched in, adding pressure to impossible abilities
INFO     electrodehisui switched in, adding neutralizinggas to impossible abilities
INFO     electrodehisui switched in, adding sandstream to impossible abilities
INFO     electrodehisui switched in, adding drought to impossible abilities
INFO     electrodehisui switched in, adding drizzle to impossible abilities
INFO     electrodehisui switched in, adding snowwarning to impossible abilities
INFO     electrodehisui switched in, adding boosterenergy to impossible items
INFO     electrodehisui switched in, adding airballoon to impossible items
INFO     electrodehisui was affected by stealthrock, it cannot have heavydutyboots
INFO     
INFO     Turn: 18
INFO     Sampling battle 0
INFO     	 electrodehisui    aftermath      lifeorb [leafstorm, taunt, thunderbolt, thunderwave] ttype=grass
INFO     	      registeel    clearbody  chestoberry [bodypress, irondefense, ironhead, rest] ttype=fighting
INFO     	      dragapult  infiltrator  choicespecs [dracometeor, fireblast, shadowball, uturn] ttype=fire
INFO     Sampling 2 unrevealed pokemon
INFO     	ogerponcornerstone       sturdy cornerstonemask [encore, ivycudgel, powerwhip, synthesis] ttype=rock
INFO     	    oinkolognef     thickfat    leftovers [curse, doubleedge, highhorsepower, lashout] ttype=ground
INFO     Sampling battle 1
INFO     	 electrodehisui    aftermath      lifeorb [leafstorm, thunderbolt, thunderwave, voltswitch] ttype=electric
INFO     	      registeel    clearbody  chestoberry [bodypress, irondefense, ironhead, rest] ttype=fighting
INFO     	      dragapult  infiltrator  choicespecs [dracometeor, fireblast, shadowball, uturn] ttype=ghost
INFO     Sampling 2 unrevealed pokemon
INFO     	         tinglu vesselofruin    leftovers [earthquake, payback, ruination, spikes] ttype=poison
INFO     	      piloswine     thickfat     eviolite [earthquake, iceshard, iciclecrash, stealthrock] ttype=poison
INFO     Sampling battle 2
INFO     	 electrodehisui   soundproof    leftovers [gigadrain, leechseed, substitute, thunderbolt] ttype=poison
INFO     	      registeel    clearbody  chestoberry [bodypress, irondefense, ironhead, rest] ttype=fighting
INFO     	      dragapult  infiltrator  choicespecs [dracometeor, fireblast, shadowball, uturn] ttype=dragon
INFO     Sampling 2 unrevealed pokemon
INFO     	     copperajah   heavymetal   choiceband [earthquake, heatcrash, heavyslam, superpower] ttype=steel
INFO     	        falinks      defiant      lifeorb [closecombat, ironhead, knockoff, noretreat] ttype=steel
INFO     Sampling battle 3
INFO     	 electrodehisui       static      lifeorb [gigadrain, taunt, thunderbolt, voltswitch] ttype=grass
INFO     	      registeel    clearbody  chestoberry [bodypress, irondefense, ironhead, rest] ttype=fighting
INFO     	      dragapult  infiltrator  choicespecs [dracometeor, fireblast, shadowball, uturn] ttype=dragon
INFO     Sampling 2 unrevealed pokemon
INFO     	      sandslash     sandrush    leftovers [earthquake, knockoff, spikes, stoneedge] ttype=water
INFO     	         zacian intrepidsword      lifeorb [closecombat, playrough, swordsdance, wildcharge] ttype=fighting
INFO     Searching for a move using PUCT MCTS with neural priors...
INFO     Sampling 4 battles at 500ms each
INFO     Computing neural priors for all battles...
INFO     Initialized StateTranslator with TeamPreviewObservationSpace
INFO     Initializing LocalPolicyProvider with model: Minikazam
INFO     Loading pretrained Minikazam model...


 		 AMAGO v3.1
            	 -------------------------
            	 Agent: Agent
            		 Max Sequence Length: 64
            		 TstepEncoder Type: MetamonPerceiverTstepEncoder
            		 TrajEncoder Type: GRUTrajEncoder
            		 Total Parameters: 4,761,778
            		 Offline Loss Weight: 1.0
            		 Online Loss Weight: 0.0
            		 Mixed Precision: NO
            		 Checkpoint Path: /Users/yadureddy/Documents/GitHub/clean/pokeagent_ac_mcts/.metamon_cache/pretrained_models/models--jakegrigsby--metamon/snapshots/c5d1cb9abb6747066a325228845a5a8af3d12139/minikazam/minikazam/ckpts
            	 Environment:
            		 DummyAsyncVectorEnv(Gym Env x 1)
            		 Exploration Type: None
            	 Dataset: DoNothingDataset
            	 Accelerate Processes: 1 


INFO     Successfully loaded Minikazam model
ERROR    Error translating battle to observation: 
WARNING  Failed to get priors for battle: 
ERROR    Error translating battle to observation: 
WARNING  Failed to get priors for battle: 
ERROR    Error translating battle to observation: 
WARNING  Failed to get priors for battle: 
ERROR    Error translating battle to observation: 
WARNING  Failed to get priors for battle: 
INFO     Successfully computed neural priors for 0/4 battles
INFO     Using PUCT-guided move selection (priors integrated during search)...
INFO     Policy 0: switch piloswine visited 94.0% avg_score=0.267 sample_chance_multiplier=0.25
INFO     Policy 1: switch piloswine visited 83.49% avg_score=0.307 sample_chance_multiplier=0.25
INFO     Policy 2: switch piloswine visited 80.34% avg_score=0.056 sample_chance_multiplier=0.25
INFO     Policy 3: switch piloswine visited 94.9% avg_score=0.111 sample_chance_multiplier=0.25
INFO     Considered Choices:
INFO     	88.18%: switch piloswine
INFO     Choice: switch piloswine
INFO     electrodehisui used a electric move, removing electricgem from possible items
INFO     Setting electrodehisui's last used move: thunderbolt
INFO     electrodehisui used a damaging move - not guessing lifeorb anymore
INFO     Setting electrodehisui's item to: leftovers
INFO     electrodehisui has less than maxhp during upkeep, no longer guessing leftovers or blacksludge
INFO     
INFO     Turn: 19
INFO     Sampling battle 0
INFO     	 electrodehisui   soundproof    leftovers [gigadrain, leechseed, substitute, thunderbolt] ttype=poison
INFO     	      registeel    clearbody  chestoberry [bodypress, irondefense, ironhead, rest] ttype=fighting
INFO     	      dragapult  infiltrator  choicespecs [dracometeor, fireblast, shadowball, uturn] ttype=ghost
INFO     Sampling 2 unrevealed pokemon
INFO     	        breloom   technician      lifeorb [bulletseed, machpunch, rocktomb, spore] ttype=fighting
INFO     	         tauros   sheerforce      lifeorb [bodyslam, closecombat, throatchop, zenheadbutt] ttype=psychic
INFO     Sampling battle 1
INFO     	 electrodehisui   soundproof    leftovers [gigadrain, leechseed, substitute, thunderbolt] ttype=poison
INFO     	      registeel    clearbody  chestoberry [bodypress, irondefense, ironhead, rest] ttype=fighting
INFO     	      dragapult  infiltrator  choicespecs [dracometeor, fireblast, shadowball, uturn] ttype=ghost
INFO     Sampling 2 unrevealed pokemon
INFO     	        dedenne   cheekpouch  sitrusberry [dazzlinggleam, nuzzle, superfang, thunderbolt] ttype=flying
INFO     	       samurott      torrent  assaultvest [aquajet, hydropump, knockoff, sacredsword] ttype=water
INFO     Sampling battle 2
INFO     	 electrodehisui   soundproof    leftovers [gigadrain, leechseed, substitute, thunderbolt] ttype=poison
INFO     	      registeel    clearbody  chestoberry [bodypress, irondefense, ironhead, rest] ttype=fighting
INFO     	      dragapult  infiltrator  choicespecs [dracometeor, fireblast, shadowball, uturn] ttype=dragon
INFO     Sampling 2 unrevealed pokemon
INFO     	         lunala shadowshield    leftovers [calmmind, focusblast, moongeistbeam, moonlight] ttype=fighting
INFO     	      regieleki   transistor       magnet [explosion, rapidspin, thunderbolt, voltswitch] ttype=electric
INFO     Sampling battle 3
INFO     	 electrodehisui   soundproof    leftovers [gigadrain, leechseed, substitute, thunderbolt] ttype=poison
INFO     	      registeel    clearbody  chestoberry [bodypress, irondefense, ironhead, rest] ttype=fighting
INFO     	      dragapult  infiltrator  choicespecs [dracometeor, fireblast, shadowball, uturn] ttype=dragon
INFO     Sampling 2 unrevealed pokemon
INFO     	        beartic    slushrush heavydutyboots [aquajet, earthquake, iciclecrash, swordsdance] ttype=ground
INFO     	thundurustherian   voltabsorb  choicespecs [focusblast, psychic, thunderbolt, voltswitch] ttype=psychic
INFO     Searching for a move using PUCT MCTS with neural priors...
INFO     Sampling 4 battles at 500ms each
INFO     Computing neural priors for all battles...
INFO     Initialized StateTranslator with TeamPreviewObservationSpace
INFO     Initializing LocalPolicyProvider with model: Minikazam
INFO     Loading pretrained Minikazam model...


 		 AMAGO v3.1
            	 -------------------------
            	 Agent: Agent
            		 Max Sequence Length: 64
            		 TstepEncoder Type: MetamonPerceiverTstepEncoder
            		 TrajEncoder Type: GRUTrajEncoder
            		 Total Parameters: 4,761,778
            		 Offline Loss Weight: 1.0
            		 Online Loss Weight: 0.0
            		 Mixed Precision: NO
            		 Checkpoint Path: /Users/yadureddy/Documents/GitHub/clean/pokeagent_ac_mcts/.metamon_cache/pretrained_models/models--jakegrigsby--metamon/snapshots/c5d1cb9abb6747066a325228845a5a8af3d12139/minikazam/minikazam/ckpts
            	 Environment:
            		 DummyAsyncVectorEnv(Gym Env x 1)
            		 Exploration Type: None
            	 Dataset: DoNothingDataset
            	 Accelerate Processes: 1 


INFO     Successfully loaded Minikazam model
ERROR    Error translating battle to observation: 
WARNING  Failed to get priors for battle: 
ERROR    Error translating battle to observation: 
WARNING  Failed to get priors for battle: 
ERROR    Error translating battle to observation: 
WARNING  Failed to get priors for battle: 
ERROR    Error translating battle to observation: 
WARNING  Failed to get priors for battle: 
INFO     Successfully computed neural priors for 0/4 battles
INFO     Using PUCT-guided move selection (priors integrated during search)...
INFO     Policy 0: iceshard visited 64.92% avg_score=0.43 sample_chance_multiplier=0.25
INFO     Policy 1: iciclecrash visited 37.12% avg_score=0.152 sample_chance_multiplier=0.25
INFO     Policy 2: earthquake visited 42.33% avg_score=0.332 sample_chance_multiplier=0.25
INFO     Policy 3: iciclecrash visited 74.07% avg_score=0.479 sample_chance_multiplier=0.25
INFO     Considered Choices:
INFO     	40.681%: iciclecrash
INFO     Choice: iciclecrash
INFO     Updated electrodehisui's min speed to 134
INFO     electrodehisui used two different moves - it cannot have a choice item
INFO     electrodehisui used a grass move, removing grassgem from possible items
INFO     Setting electrodehisui's last used move: gigadrain
INFO     electrodehisui used a damaging move - not guessing lifeorb anymore
INFO     electrodehisui did 44.66% damage to piloswine with gigadrain
WARNING  Would remove all possibilities, not removing any
WARNING  actual_damage_dealt=137.9994
INFO     piloswine already has the move iciclecrash. Decrementing the PP by 1
INFO     piloswine used a ice move, removing icegem from possible items
INFO     Setting piloswine's last used move: iciclecrash
INFO     piloswine used a damaging move - not guessing lifeorb anymore
INFO     
INFO     Turn: 20
INFO     Sampling battle 0
INFO     	 electrodehisui   soundproof    leftovers [gigadrain, leechseed, substitute, thunderbolt] ttype=poison
INFO     	      registeel    clearbody  chestoberry [bodypress, irondefense, ironhead, rest] ttype=fighting
INFO     	      dragapult  infiltrator  choicespecs [dracometeor, fireblast, shadowball, uturn] ttype=dragon
INFO     Sampling 2 unrevealed pokemon
INFO     	      volcanion  waterabsorb  choicespecs [earthpower, flamethrower, sludgebomb, steameruption] ttype=fire
INFO     	enamorustherian     overcoat  assaultvest [earthpower, moonblast, psychic, superpower] ttype=ground
INFO     Sampling battle 1
INFO     	 electrodehisui   soundproof    leftovers [gigadrain, leechseed, substitute, thunderbolt] ttype=poison
INFO     	      registeel    clearbody  chestoberry [bodypress, irondefense, ironhead, rest] ttype=fighting
INFO     	      dragapult  infiltrator  choicespecs [dracometeor, fireblast, shadowball, uturn] ttype=ghost
INFO     Sampling 2 unrevealed pokemon
INFO     	        gallade    sharpness   choiceband [leafblade, nightslash, psychocut, sacredsword] ttype=grass
INFO     	       dusknoir        frisk    leftovers [earthquake, painsplit, poltergeist, willowisp] ttype=fairy
INFO     Sampling battle 2
INFO     	 electrodehisui   soundproof    leftovers [gigadrain, leechseed, substitute, thunderbolt] ttype=poison
INFO     	      registeel    clearbody  chestoberry [bodypress, irondefense, ironhead, rest] ttype=fighting
INFO     	      dragapult  infiltrator  choicespecs [dracometeor, fireblast, shadowball, uturn] ttype=fire
INFO     Sampling 2 unrevealed pokemon
INFO     	    arceusfairy    multitype   pixieplate [calmmind, earthpower, judgment, recover] ttype=ground
INFO     	taurospaldeablaze      cudchew  sitrusberry [bulkup, closecombat, ragingbull, substitute] ttype=water
INFO     Sampling battle 3
INFO     	 electrodehisui   soundproof    leftovers [gigadrain, leechseed, substitute, thunderbolt] ttype=poison
INFO     	      registeel    clearbody  chestoberry [bodypress, irondefense, ironhead, rest] ttype=fighting
INFO     	      dragapult  infiltrator  choicespecs [dracometeor, fireblast, shadowball, uturn] ttype=ghost
INFO     Sampling 2 unrevealed pokemon
INFO     	        donphan       sturdy  assaultvest [earthquake, iceshard, icespinner, rapidspin] ttype=water
INFO     	       empoleon  competitive    leftovers [flipturn, roar, roost, surf] ttype=flying
INFO     Searching for a move using PUCT MCTS with neural priors...
INFO     Sampling 4 battles at 500ms each
INFO     Computing neural priors for all battles...
INFO     Initialized StateTranslator with TeamPreviewObservationSpace
INFO     Initializing LocalPolicyProvider with model: Minikazam
INFO     Loading pretrained Minikazam model...


 		 AMAGO v3.1
            	 -------------------------
            	 Agent: Agent
            		 Max Sequence Length: 64
            		 TstepEncoder Type: MetamonPerceiverTstepEncoder
            		 TrajEncoder Type: GRUTrajEncoder
            		 Total Parameters: 4,761,778
            		 Offline Loss Weight: 1.0
            		 Online Loss Weight: 0.0
            		 Mixed Precision: NO
            		 Checkpoint Path: /Users/yadureddy/Documents/GitHub/clean/pokeagent_ac_mcts/.metamon_cache/pretrained_models/models--jakegrigsby--metamon/snapshots/c5d1cb9abb6747066a325228845a5a8af3d12139/minikazam/minikazam/ckpts
            	 Environment:
            		 DummyAsyncVectorEnv(Gym Env x 1)
            		 Exploration Type: None
            	 Dataset: DoNothingDataset
            	 Accelerate Processes: 1 


INFO     Successfully loaded Minikazam model
ERROR    Error translating battle to observation: 
WARNING  Failed to get priors for battle: 
ERROR    Error translating battle to observation: 
WARNING  Failed to get priors for battle: 
ERROR    Error translating battle to observation: 
WARNING  Failed to get priors for battle: 
ERROR    Error translating battle to observation: 
WARNING  Failed to get priors for battle: 
INFO     Successfully computed neural priors for 0/4 battles
INFO     Using PUCT-guided move selection (priors integrated during search)...
INFO     Policy 0: switch dragonite visited 79.88% avg_score=0.14 sample_chance_multiplier=0.25
INFO     Policy 1: earthquake visited 55.39% avg_score=0.058 sample_chance_multiplier=0.25
INFO     Policy 2: earthquake visited 33.01% avg_score=0.01 sample_chance_multiplier=0.25
INFO     Policy 3: earthquake visited 71.94% avg_score=0.078 sample_chance_multiplier=0.25
INFO     Considered Choices:
INFO     	41.096%: earthquake
INFO     Choice: earthquake
INFO     Updated electrodehisui's min speed to 134
INFO     electrodehisui already has the move gigadrain. Decrementing the PP by 1
INFO     electrodehisui used a grass move, removing grassgem from possible items
INFO     Setting electrodehisui's last used move: gigadrain
INFO     electrodehisui used a damaging move - not guessing lifeorb anymore
INFO     electrodehisui did 37.54% damage to piloswine with gigadrain
INFO     piloswine already has the move earthquake. Decrementing the PP by 1
INFO     piloswine used a ground move, removing groundgem from possible items
INFO     Setting piloswine's last used move: earthquake
INFO     piloswine used a damaging move - not guessing lifeorb anymore
INFO     piloswine did 55.00000000000001% damage to electrodehisui with earthquake
INFO     Setting electrodehisui's item to: leftovers
INFO     electrodehisui has less than maxhp during upkeep, no longer guessing leftovers or blacksludge
INFO     
INFO     Turn: 21
INFO     Sampling battle 0
INFO     	 electrodehisui   soundproof    leftovers [gigadrain, leechseed, substitute, thunderbolt] ttype=poison
INFO     	      registeel    clearbody  chestoberry [bodypress, irondefense, ironhead, rest] ttype=fighting
INFO     	      dragapult  infiltrator  choicespecs [dracometeor, fireblast, shadowball, uturn] ttype=ghost
INFO     Sampling 2 unrevealed pokemon
INFO     	   moltresgalar      berserk  chestoberry [fierywrath, hurricane, nastyplot, rest] ttype=steel
INFO     	         phione    hydration    leftovers [grassknot, icebeam, scald, takeheart] ttype=grass
INFO     Sampling battle 1
INFO     	 electrodehisui   soundproof    leftovers [gigadrain, leechseed, substitute, thunderbolt] ttype=poison
INFO     	      registeel    clearbody  chestoberry [bodypress, irondefense, ironhead, rest] ttype=fighting
INFO     	      dragapult  infiltrator  choicespecs [dracometeor, fireblast, shadowball, uturn] ttype=ghost
INFO     Sampling 2 unrevealed pokemon
INFO     	   dugtrioalola tanglinghair      lifeorb [earthquake, ironhead, stoneedge, swordsdance] ttype=ground
INFO     	       rotomfan     levitate heavydutyboots [airslash, thunderbolt, voltswitch, willowisp] ttype=electric
INFO     Sampling battle 2
INFO     	 electrodehisui   soundproof    leftovers [gigadrain, leechseed, substitute, thunderbolt] ttype=poison
INFO     	      registeel    clearbody  chestoberry [bodypress, irondefense, ironhead, rest] ttype=fighting
INFO     	      dragapult  infiltrator  choicespecs [dracometeor, fireblast, shadowball, uturn] ttype=dragon
INFO     Sampling 2 unrevealed pokemon
INFO     	      magnezone   magnetpull  choicescarf [bodypress, flashcannon, thunderbolt, voltswitch] ttype=water
INFO     	        banette     insomnia      lifeorb [gunkshot, poltergeist, shadowsneak, thunderwave] ttype=poison
INFO     Sampling battle 3
INFO     	 electrodehisui   soundproof    leftovers [gigadrain, leechseed, substitute, thunderbolt] ttype=poison
INFO     	      registeel    clearbody  chestoberry [bodypress, irondefense, ironhead, rest] ttype=fighting
INFO     	      dragapult  infiltrator  choicespecs [dracometeor, fireblast, shadowball, uturn] ttype=ghost
INFO     Sampling 2 unrevealed pokemon
INFO     	       koraidon orichalcumpulse   loadeddice [collisioncourse, flareblitz, scaleshot, swordsdance] ttype=fire
INFO     	      garganacl purifyingsalt    leftovers [earthquake, protect, recover, saltcure] ttype=ghost
INFO     Searching for a move using PUCT MCTS with neural priors...
INFO     Sampling 4 battles at 500ms each
INFO     Computing neural priors for all battles...
INFO     Initialized StateTranslator with TeamPreviewObservationSpace
INFO     Initializing LocalPolicyProvider with model: Minikazam
INFO     Loading pretrained Minikazam model...


 		 AMAGO v3.1
            	 -------------------------
            	 Agent: Agent
            		 Max Sequence Length: 64
            		 TstepEncoder Type: MetamonPerceiverTstepEncoder
            		 TrajEncoder Type: GRUTrajEncoder
            		 Total Parameters: 4,761,778
            		 Offline Loss Weight: 1.0
            		 Online Loss Weight: 0.0
            		 Mixed Precision: NO
            		 Checkpoint Path: /Users/yadureddy/Documents/GitHub/clean/pokeagent_ac_mcts/.metamon_cache/pretrained_models/models--jakegrigsby--metamon/snapshots/c5d1cb9abb6747066a325228845a5a8af3d12139/minikazam/minikazam/ckpts
            	 Environment:
            		 DummyAsyncVectorEnv(Gym Env x 1)
            		 Exploration Type: None
            	 Dataset: DoNothingDataset
            	 Accelerate Processes: 1 


INFO     Successfully loaded Minikazam model
ERROR    Error translating battle to observation: 
WARNING  Failed to get priors for battle: 
ERROR    Error translating battle to observation: 
WARNING  Failed to get priors for battle: 
ERROR    Error translating battle to observation: 
WARNING  Failed to get priors for battle: 
ERROR    Error translating battle to observation: 
WARNING  Failed to get priors for battle: 
INFO     Successfully computed neural priors for 0/4 battles
INFO     Using PUCT-guided move selection (priors integrated during search)...
INFO     Policy 0: switch dragonite visited 82.49% avg_score=0.014 sample_chance_multiplier=0.25
INFO     Policy 1: switch dragonite visited 81.28% avg_score=0.014 sample_chance_multiplier=0.25
INFO     Policy 2: switch dragonite visited 83.06% avg_score=0.014 sample_chance_multiplier=0.25
INFO     Policy 3: switch dragonite visited 79.68% avg_score=0.014 sample_chance_multiplier=0.25
INFO     Considered Choices:
INFO     	81.625%: switch dragonite
INFO     Choice: switch dragonite
INFO     electrodehisui already has the move gigadrain. Decrementing the PP by 1
INFO     electrodehisui used a grass move, removing grassgem from possible items
INFO     Setting electrodehisui's last used move: gigadrain
INFO     electrodehisui used a damaging move - not guessing lifeorb anymore
INFO     electrodehisui did 7.39% damage to dragonite with gigadrain
INFO     Setting electrodehisui's item to: leftovers
INFO     electrodehisui has less than maxhp during upkeep, no longer guessing leftovers or blacksludge
INFO     
INFO     Turn: 22
INFO     Sampling battle 0
INFO     	 electrodehisui   soundproof    leftovers [gigadrain, leechseed, substitute, thunderbolt] ttype=poison
INFO     	      registeel    clearbody  chestoberry [bodypress, irondefense, ironhead, rest] ttype=fighting
INFO     	      dragapult  infiltrator  choicespecs [dracometeor, fireblast, shadowball, uturn] ttype=ghost
INFO     Sampling 2 unrevealed pokemon
INFO     	      reuniclus   magicguard      lifeorb [calmmind, focusblast, psyshock, recover] ttype=fighting
INFO     	       braviary      defiant heavydutyboots [bravebird, bulkup, closecombat, roost] ttype=steel
INFO     Sampling battle 1
INFO     	 electrodehisui   soundproof    leftovers [gigadrain, leechseed, substitute, thunderbolt] ttype=poison
INFO     	      registeel    clearbody  chestoberry [bodypress, irondefense, ironhead, rest] ttype=fighting
INFO     	      dragapult  infiltrator  choicespecs [dracometeor, fireblast, shadowball, uturn] ttype=ghost
INFO     Sampling 2 unrevealed pokemon
INFO     	typhlosionhisui        blaze heavydutyboots [calmmind, fireblast, shadowball, willowisp] ttype=ghost
INFO     	        seviper  infiltrator  choicescarf [earthquake, flamethrower, gunkshot, switcheroo] ttype=poison
INFO     Sampling battle 2
INFO     	 electrodehisui   soundproof    leftovers [gigadrain, leechseed, substitute, thunderbolt] ttype=poison
INFO     	      registeel    clearbody  chestoberry [bodypress, irondefense, ironhead, rest] ttype=fighting
INFO     	      dragapult  infiltrator  choicespecs [dracometeor, fireblast, shadowball, uturn] ttype=dragon
INFO     Sampling 2 unrevealed pokemon
INFO     	       maushold   technician     widelens [bite, encore, populationbomb, tidyup] ttype=ghost
INFO     	     screamtail protosynthesis    leftovers [dazzlinggleam, protect, thunderwave, wish] ttype=poison
INFO     Sampling battle 3
INFO     	 electrodehisui   soundproof    leftovers [gigadrain, leechseed, substitute, thunderbolt] ttype=poison
INFO     	      registeel    clearbody  chestoberry [bodypress, irondefense, ironhead, rest] ttype=fighting
INFO     	      dragapult  infiltrator  choicespecs [dracometeor, fireblast, shadowball, uturn] ttype=dragon
INFO     Sampling 2 unrevealed pokemon
INFO     	     misdreavus     levitate     eviolite [calmmind, drainingkiss, shadowball, willowisp] ttype=fairy
INFO     	       porygon2     download     eviolite [discharge, icebeam, recover, triattack] ttype=electric
INFO     Searching for a move using PUCT MCTS with neural priors...
INFO     Sampling 4 battles at 500ms each
INFO     Computing neural priors for all battles...
INFO     Initialized StateTranslator with TeamPreviewObservationSpace
INFO     Initializing LocalPolicyProvider with model: Minikazam
INFO     Loading pretrained Minikazam model...


 		 AMAGO v3.1
            	 -------------------------
            	 Agent: Agent
            		 Max Sequence Length: 64
            		 TstepEncoder Type: MetamonPerceiverTstepEncoder
            		 TrajEncoder Type: GRUTrajEncoder
            		 Total Parameters: 4,761,778
            		 Offline Loss Weight: 1.0
            		 Online Loss Weight: 0.0
            		 Mixed Precision: NO
            		 Checkpoint Path: /Users/yadureddy/Documents/GitHub/clean/pokeagent_ac_mcts/.metamon_cache/pretrained_models/models--jakegrigsby--metamon/snapshots/c5d1cb9abb6747066a325228845a5a8af3d12139/minikazam/minikazam/ckpts
            	 Environment:
            		 DummyAsyncVectorEnv(Gym Env x 1)
            		 Exploration Type: None
            	 Dataset: DoNothingDataset
            	 Accelerate Processes: 1 


INFO     Successfully loaded Minikazam model
ERROR    Error translating battle to observation: 
WARNING  Failed to get priors for battle: 
ERROR    Error translating battle to observation: 
WARNING  Failed to get priors for battle: 
ERROR    Error translating battle to observation: 
WARNING  Failed to get priors for battle: 
ERROR    Error translating battle to observation: 
WARNING  Failed to get priors for battle: 
INFO     Successfully computed neural priors for 0/4 battles
INFO     Using PUCT-guided move selection (priors integrated during search)...
INFO     Policy 0: switch piloswine visited 77.01% avg_score=0.008 sample_chance_multiplier=0.25
INFO     Policy 1: switch piloswine visited 76.57% avg_score=0.008 sample_chance_multiplier=0.25
INFO     Policy 2: switch piloswine visited 77.07% avg_score=0.009 sample_chance_multiplier=0.25
INFO     Policy 3: switch piloswine visited 76.85% avg_score=0.009 sample_chance_multiplier=0.25
INFO     Considered Choices:
INFO     	76.879%: switch piloswine
INFO     Choice: switch piloswine
INFO     electrodehisui already has the move thunderbolt. Decrementing the PP by 1
INFO     electrodehisui used two different moves - it cannot have a choice item
INFO     electrodehisui used a electric move, removing electricgem from possible items
INFO     Setting electrodehisui's last used move: thunderbolt
INFO     electrodehisui used a damaging move - not guessing lifeorb anymore
INFO     Setting electrodehisui's item to: leftovers
INFO     electrodehisui has less than maxhp during upkeep, no longer guessing leftovers or blacksludge
INFO     
INFO     Turn: 23
INFO     Sampling battle 0
INFO     	 electrodehisui   soundproof    leftovers [gigadrain, leechseed, substitute, thunderbolt] ttype=poison
INFO     	      registeel    clearbody  chestoberry [bodypress, irondefense, ironhead, rest] ttype=fighting
INFO     	      dragapult  infiltrator  choicespecs [dracometeor, fireblast, shadowball, uturn] ttype=fire
INFO     Sampling 2 unrevealed pokemon
INFO     	    deoxysspeed     pressure    focussash [knockoff, psychoboost, spikes, superpower] ttype=ghost
INFO     	       landorus   sheerforce      lifeorb [earthpower, focusblast, rockslide, sludgewave] ttype=poison
INFO     Sampling battle 1
INFO     	 electrodehisui   soundproof    leftovers [gigadrain, leechseed, substitute, thunderbolt] ttype=poison
INFO     	      registeel    clearbody  chestoberry [bodypress, irondefense, ironhead, rest] ttype=fighting
INFO     	      dragapult  infiltrator  choicespecs [dracometeor, fireblast, shadowball, uturn] ttype=ghost
INFO     Sampling 2 unrevealed pokemon
INFO     	       swampert      torrent    leftovers [earthquake, flipturn, roar, stealthrock] ttype=poison
INFO     	         rabsca  synchronize heavydutyboots [bugbuzz, psychic, revivalblessing, trickroom] ttype=steel
INFO     Sampling battle 2
INFO     	 electrodehisui   soundproof    leftovers [gigadrain, leechseed, substitute, thunderbolt] ttype=poison
INFO     	      registeel    clearbody  chestoberry [bodypress, irondefense, ironhead, rest] ttype=fighting
INFO     	      dragapult  infiltrator  choicespecs [dracometeor, fireblast, shadowball, uturn] ttype=fire
INFO     Sampling 2 unrevealed pokemon
INFO     	         rabsca  synchronize heavydutyboots [bugbuzz, psychic, recover, revivalblessing] ttype=steel
INFO     	    kyuremwhite   turboblaze  choicescarf [dracometeor, earthpower, freezedry, fusionflare] ttype=fire
INFO     Sampling battle 3
INFO     	 electrodehisui   soundproof    leftovers [gigadrain, leechseed, substitute, thunderbolt] ttype=poison
INFO     	      registeel    clearbody  chestoberry [bodypress, irondefense, ironhead, rest] ttype=fighting
INFO     	      dragapult  infiltrator  choicespecs [dracometeor, fireblast, shadowball, uturn] ttype=dragon
INFO     Sampling 2 unrevealed pokemon
INFO     	    kilowattrel   voltabsorb heavydutyboots [discharge, hurricane, roost, uturn] ttype=steel
INFO     	         comfey       triage    leftovers [calmmind, drainingkiss, gigadrain, storedpower] ttype=fairy
INFO     Searching for a move using PUCT MCTS with neural priors...
INFO     Sampling 4 battles at 500ms each
INFO     Computing neural priors for all battles...
INFO     Initialized StateTranslator with TeamPreviewObservationSpace
INFO     Initializing LocalPolicyProvider with model: Minikazam
INFO     Loading pretrained Minikazam model...


 		 AMAGO v3.1
            	 -------------------------
            	 Agent: Agent
            		 Max Sequence Length: 64
            		 TstepEncoder Type: MetamonPerceiverTstepEncoder
            		 TrajEncoder Type: GRUTrajEncoder
            		 Total Parameters: 4,761,778
            		 Offline Loss Weight: 1.0
            		 Online Loss Weight: 0.0
            		 Mixed Precision: NO
            		 Checkpoint Path: /Users/yadureddy/Documents/GitHub/clean/pokeagent_ac_mcts/.metamon_cache/pretrained_models/models--jakegrigsby--metamon/snapshots/c5d1cb9abb6747066a325228845a5a8af3d12139/minikazam/minikazam/ckpts
            	 Environment:
            		 DummyAsyncVectorEnv(Gym Env x 1)
            		 Exploration Type: None
            	 Dataset: DoNothingDataset
            	 Accelerate Processes: 1 


INFO     Successfully loaded Minikazam model
ERROR    Error translating battle to observation: 
WARNING  Failed to get priors for battle: 
ERROR    Error translating battle to observation: 
WARNING  Failed to get priors for battle: 
ERROR    Error translating battle to observation: 
WARNING  Failed to get priors for battle: 
ERROR    Error translating battle to observation: 
WARNING  Failed to get priors for battle: 
INFO     Successfully computed neural priors for 0/4 battles
INFO     Using PUCT-guided move selection (priors integrated during search)...
INFO     Policy 0: switch dragonite visited 68.55% avg_score=0.007 sample_chance_multiplier=0.25
INFO     Policy 1: switch dragonite visited 68.54% avg_score=0.007 sample_chance_multiplier=0.25
INFO     Policy 2: switch dragonite visited 62.25% avg_score=0.007 sample_chance_multiplier=0.25
INFO     Policy 3: switch dragonite visited 68.35% avg_score=0.007 sample_chance_multiplier=0.25
INFO     Considered Choices:
INFO     	66.923%: switch dragonite
INFO     Choice: switch dragonite
INFO     electrodehisui already has the move gigadrain. Decrementing the PP by 1
INFO     electrodehisui used two different moves - it cannot have a choice item
INFO     electrodehisui used a grass move, removing grassgem from possible items
INFO     Setting electrodehisui's last used move: gigadrain
INFO     electrodehisui used a damaging move - not guessing lifeorb anymore
INFO     electrodehisui did 7.779999999999999% damage to dragonite with gigadrain
INFO     Setting electrodehisui's item to: leftovers
INFO     electrodehisui has less than maxhp during upkeep, no longer guessing leftovers or blacksludge
INFO     
INFO     Turn: 24
INFO     Sampling battle 0
INFO     	 electrodehisui   soundproof    leftovers [gigadrain, leechseed, substitute, thunderbolt] ttype=poison
INFO     	      registeel    clearbody  chestoberry [bodypress, irondefense, ironhead, rest] ttype=fighting
INFO     	      dragapult  infiltrator  choicespecs [dracometeor, fireblast, shadowball, uturn] ttype=dragon
INFO     Sampling 2 unrevealed pokemon
INFO     	squawkabillyyellow       hustle   choiceband [bravebird, doubleedge, foulplay, quickattack] ttype=flying
INFO     	        wyrdeer   intimidate    leftovers [earthquake, megahorn, psychicnoise, thunderwave] ttype=ground
INFO     Sampling battle 1
INFO     	 electrodehisui   soundproof    leftovers [gigadrain, leechseed, substitute, thunderbolt] ttype=poison
INFO     	      registeel    clearbody  chestoberry [bodypress, irondefense, ironhead, rest] ttype=fighting
INFO     	      dragapult  infiltrator  choicespecs [dracometeor, fireblast, shadowball, uturn] ttype=dragon
INFO     Sampling 2 unrevealed pokemon
INFO     	        volbeat    prankster heavydutyboots [encore, roost, thunderwave, uturn] ttype=steel
INFO     	       grafaiai  poisontouch      lifeorb [gunkshot, knockoff, lowkick, swordsdance] ttype=dark
INFO     Sampling battle 2
INFO     	 electrodehisui   soundproof    leftovers [gigadrain, leechseed, substitute, thunderbolt] ttype=poison
INFO     	      registeel    clearbody  chestoberry [bodypress, irondefense, ironhead, rest] ttype=fighting
INFO     	      dragapult  infiltrator  choicespecs [dracometeor, fireblast, shadowball, uturn] ttype=ghost
INFO     Sampling 2 unrevealed pokemon
INFO     	    raichualola  surgesurfer  choicespecs [focusblast, psychic, thunderbolt, voltswitch] ttype=fighting
INFO     	      poliwrath  waterabsorb  assaultvest [circlethrow, closecombat, knockoff, liquidation] ttype=fighting
INFO     Sampling battle 3
INFO     	 electrodehisui   soundproof    leftovers [gigadrain, leechseed, substitute, thunderbolt] ttype=poison
INFO     	      registeel    clearbody  chestoberry [bodypress, irondefense, ironhead, rest] ttype=fighting
INFO     	      dragapult  infiltrator  choicespecs [dracometeor, fireblast, shadowball, uturn] ttype=fire
INFO     Sampling 2 unrevealed pokemon
INFO     	      araquanid  waterbubble heavydutyboots [hydropump, leechlife, liquidation, stickyweb] ttype=steel
INFO     	        falinks      defiant      lifeorb [closecombat, ironhead, knockoff, noretreat] ttype=steel
INFO     Searching for a move using PUCT MCTS with neural priors...
INFO     Sampling 4 battles at 500ms each
INFO     Computing neural priors for all battles...
INFO     Initialized StateTranslator with TeamPreviewObservationSpace
INFO     Initializing LocalPolicyProvider with model: Minikazam
INFO     Loading pretrained Minikazam model...


 		 AMAGO v3.1
            	 -------------------------
            	 Agent: Agent
            		 Max Sequence Length: 64
            		 TstepEncoder Type: MetamonPerceiverTstepEncoder
            		 TrajEncoder Type: GRUTrajEncoder
            		 Total Parameters: 4,761,778
            		 Offline Loss Weight: 1.0
            		 Online Loss Weight: 0.0
            		 Mixed Precision: NO
            		 Checkpoint Path: /Users/yadureddy/Documents/GitHub/clean/pokeagent_ac_mcts/.metamon_cache/pretrained_models/models--jakegrigsby--metamon/snapshots/c5d1cb9abb6747066a325228845a5a8af3d12139/minikazam/minikazam/ckpts
            	 Environment:
            		 DummyAsyncVectorEnv(Gym Env x 1)
            		 Exploration Type: None
            	 Dataset: DoNothingDataset
            	 Accelerate Processes: 1 


INFO     Successfully loaded Minikazam model
ERROR    Error translating battle to observation: 
WARNING  Failed to get priors for battle: 
ERROR    Error translating battle to observation: 
WARNING  Failed to get priors for battle: 
ERROR    Error translating battle to observation: 
WARNING  Failed to get priors for battle: 
ERROR    Error translating battle to observation: 
WARNING  Failed to get priors for battle: 
INFO     Successfully computed neural priors for 0/4 battles
INFO     Using PUCT-guided move selection (priors integrated during search)...
INFO     Policy 0: switch piloswine visited 65.23% avg_score=0.006 sample_chance_multiplier=0.25
INFO     Policy 1: switch piloswine visited 65.38% avg_score=0.006 sample_chance_multiplier=0.25
INFO     Policy 2: switch piloswine visited 64.54% avg_score=0.006 sample_chance_multiplier=0.25
INFO     Policy 3: switch piloswine visited 64.85% avg_score=0.006 sample_chance_multiplier=0.25
INFO     Considered Choices:
INFO     	64.999%: switch piloswine
INFO     Choice: switch piloswine
INFO     electrodehisui already has the move thunderbolt. Decrementing the PP by 1
INFO     electrodehisui used two different moves - it cannot have a choice item
INFO     electrodehisui used a electric move, removing electricgem from possible items
INFO     Setting electrodehisui's last used move: thunderbolt
INFO     electrodehisui used a damaging move - not guessing lifeorb anymore
INFO     Setting electrodehisui's item to: leftovers
INFO     electrodehisui has less than maxhp during upkeep, no longer guessing leftovers or blacksludge
INFO     
INFO     Turn: 25
INFO     Sampling battle 0
INFO     	 electrodehisui   soundproof    leftovers [gigadrain, leechseed, substitute, thunderbolt] ttype=poison
INFO     	      registeel    clearbody  chestoberry [bodypress, irondefense, ironhead, rest] ttype=fighting
INFO     	      dragapult  infiltrator  choicespecs [dracometeor, fireblast, shadowball, uturn] ttype=ghost
INFO     Sampling 2 unrevealed pokemon
INFO     	       ursaring    quickfeet     toxicorb [closecombat, crunch, facade, swordsdance] ttype=normal
INFO     	   zoroarkhisui     illusion  choicespecs [bittermalice, flamethrower, hypervoice, uturn] ttype=normal
INFO     Sampling battle 1
INFO     	 electrodehisui   soundproof    leftovers [gigadrain, leechseed, substitute, thunderbolt] ttype=poison
INFO     	      registeel    clearbody  chestoberry [bodypress, irondefense, ironhead, rest] ttype=fighting
INFO     	      dragapult  infiltrator  choicespecs [dracometeor, fireblast, shadowball, uturn] ttype=dragon
INFO     Sampling 2 unrevealed pokemon
INFO     	        flareon         guts     toxicorb [facade, flareblitz, trailblaze, willowisp] ttype=normal
INFO     	       enamorus    cutecharm    leftovers [calmmind, earthpower, moonblast, substitute] ttype=ground
INFO     Sampling battle 2
INFO     	 electrodehisui   soundproof    leftovers [gigadrain, leechseed, substitute, thunderbolt] ttype=poison
INFO     	      registeel    clearbody  chestoberry [bodypress, irondefense, ironhead, rest] ttype=fighting
INFO     	      dragapult  infiltrator  choicespecs [dracometeor, fireblast, shadowball, uturn] ttype=ghost
INFO     Sampling 2 unrevealed pokemon
INFO     	  qwilfishhisui   intimidate     eviolite [crunch, gunkshot, spikes, taunt] ttype=poison
INFO     	      arceusice    multitype  icicleplate [calmmind, earthpower, judgment, recover] ttype=ground
INFO     Sampling battle 3
INFO     	 electrodehisui   soundproof    leftovers [gigadrain, leechseed, substitute, thunderbolt] ttype=poison
INFO     	      registeel    clearbody  chestoberry [bodypress, irondefense, ironhead, rest] ttype=fighting
INFO     	      dragapult  infiltrator  choicespecs [dracometeor, fireblast, shadowball, uturn] ttype=ghost
INFO     Sampling 2 unrevealed pokemon
INFO     	     chandelure    flashfire heavydutyboots [calmmind, fireblast, shadowball, willowisp] ttype=fire
INFO     	     screamtail protosynthesis    leftovers [playrough, protect, thunderwave, wish] ttype=poison
INFO     Searching for a move using PUCT MCTS with neural priors...
INFO     Sampling 4 battles at 500ms each
INFO     Computing neural priors for all battles...
INFO     Initialized StateTranslator with TeamPreviewObservationSpace
INFO     Initializing LocalPolicyProvider with model: Minikazam
INFO     Loading pretrained Minikazam model...


 		 AMAGO v3.1
            	 -------------------------
            	 Agent: Agent
            		 Max Sequence Length: 64
            		 TstepEncoder Type: MetamonPerceiverTstepEncoder
            		 TrajEncoder Type: GRUTrajEncoder
            		 Total Parameters: 4,761,778
            		 Offline Loss Weight: 1.0
            		 Online Loss Weight: 0.0
            		 Mixed Precision: NO
            		 Checkpoint Path: /Users/yadureddy/Documents/GitHub/clean/pokeagent_ac_mcts/.metamon_cache/pretrained_models/models--jakegrigsby--metamon/snapshots/c5d1cb9abb6747066a325228845a5a8af3d12139/minikazam/minikazam/ckpts
            	 Environment:
            		 DummyAsyncVectorEnv(Gym Env x 1)
            		 Exploration Type: None
            	 Dataset: DoNothingDataset
            	 Accelerate Processes: 1 


INFO     Successfully loaded Minikazam model
ERROR    Error translating battle to observation: 
WARNING  Failed to get priors for battle: 
ERROR    Error translating battle to observation: 
WARNING  Failed to get priors for battle: 
ERROR    Error translating battle to observation: 
WARNING  Failed to get priors for battle: 
ERROR    Error translating battle to observation: 
WARNING  Failed to get priors for battle: 
INFO     Successfully computed neural priors for 0/4 battles
INFO     Using PUCT-guided move selection (priors integrated during search)...
INFO     Policy 0: switch dragonite visited 44.57% avg_score=0.004 sample_chance_multiplier=0.25
INFO     Policy 1: switch dragonite visited 42.43% avg_score=0.004 sample_chance_multiplier=0.25
INFO     Policy 2: switch dragonite visited 43.88% avg_score=0.004 sample_chance_multiplier=0.25
INFO     Policy 3: switch dragonite visited 42.9% avg_score=0.004 sample_chance_multiplier=0.25
INFO     Considered Choices:
INFO     	43.444%: switch dragonite
INFO     Choice: switch dragonite
INFO     electrodehisui already has the move gigadrain. Decrementing the PP by 1
INFO     electrodehisui used two different moves - it cannot have a choice item
INFO     electrodehisui used a grass move, removing grassgem from possible items
INFO     Setting electrodehisui's last used move: gigadrain
INFO     electrodehisui used a damaging move - not guessing lifeorb anymore
INFO     electrodehisui did 7.39% damage to dragonite with gigadrain
INFO     Setting electrodehisui's item to: leftovers
INFO     electrodehisui has less than maxhp during upkeep, no longer guessing leftovers or blacksludge
INFO     
INFO     Turn: 26
INFO     Sampling battle 0
INFO     	 electrodehisui   soundproof    leftovers [gigadrain, leechseed, substitute, thunderbolt] ttype=poison
INFO     	      registeel    clearbody  chestoberry [bodypress, irondefense, ironhead, rest] ttype=fighting
INFO     	      dragapult  infiltrator  choicespecs [dracometeor, fireblast, shadowball, uturn] ttype=dragon
INFO     Sampling 2 unrevealed pokemon
INFO     	       ironmoth   quarkdrive heavydutyboots [energyball, fireblast, morningsun, sludgewave] ttype=grass
INFO     	      eternatus     pressure    leftovers [dynamaxcannon, flamethrower, recover, toxicspikes] ttype=dragon
INFO     Sampling battle 1
INFO     	 electrodehisui   soundproof    leftovers [gigadrain, leechseed, substitute, thunderbolt] ttype=poison
INFO     	      registeel    clearbody  chestoberry [bodypress, irondefense, ironhead, rest] ttype=fighting
INFO     	      dragapult  infiltrator  choicespecs [dracometeor, fireblast, shadowball, uturn] ttype=ghost
INFO     Sampling 2 unrevealed pokemon
INFO     	      ceruledge    weakarmor heavydutyboots [bitterblade, poltergeist, shadowsneak, swordsdance] ttype=ghost
INFO     	       basculin adaptability   choiceband [aquajet, doubleedge, flipturn, wavecrash] ttype=water
INFO     Sampling battle 2
INFO     	 electrodehisui   soundproof    leftovers [gigadrain, leechseed, substitute, thunderbolt] ttype=poison
INFO     	      registeel    clearbody  chestoberry [bodypress, irondefense, ironhead, rest] ttype=fighting
INFO     	      dragapult  infiltrator  choicespecs [dracometeor, fireblast, shadowball, uturn] ttype=dragon
INFO     Sampling 2 unrevealed pokemon
INFO     	        darkrai    baddreams      lifeorb [darkpulse, hypnosis, nastyplot, sludgebomb] ttype=poison
INFO     	      toxicroak      dryskin      lifeorb [closecombat, earthquake, gunkshot, swordsdance] ttype=dark
INFO     Sampling battle 3
INFO     	 electrodehisui   soundproof    leftovers [gigadrain, leechseed, substitute, thunderbolt] ttype=poison
INFO     	      registeel    clearbody  chestoberry [bodypress, irondefense, ironhead, rest] ttype=fighting
INFO     	      dragapult  infiltrator  choicespecs [dracometeor, fireblast, shadowball, uturn] ttype=ghost
INFO     Sampling 2 unrevealed pokemon
INFO     	       illumise    prankster heavydutyboots [bugbuzz, encore, roost, thunderwave] ttype=water
INFO     	         gengar   cursedbody      lifeorb [focusblast, shadowball, sludgewave, willowisp] ttype=ghost
INFO     Searching for a move using PUCT MCTS with neural priors...
INFO     Sampling 4 battles at 500ms each
INFO     Computing neural priors for all battles...
INFO     Initialized StateTranslator with TeamPreviewObservationSpace
INFO     Initializing LocalPolicyProvider with model: Minikazam
INFO     Loading pretrained Minikazam model...


 		 AMAGO v3.1
            	 -------------------------
            	 Agent: Agent
            		 Max Sequence Length: 64
            		 TstepEncoder Type: MetamonPerceiverTstepEncoder
            		 TrajEncoder Type: GRUTrajEncoder
            		 Total Parameters: 4,761,778
            		 Offline Loss Weight: 1.0
            		 Online Loss Weight: 0.0
            		 Mixed Precision: NO
            		 Checkpoint Path: /Users/yadureddy/Documents/GitHub/clean/pokeagent_ac_mcts/.metamon_cache/pretrained_models/models--jakegrigsby--metamon/snapshots/c5d1cb9abb6747066a325228845a5a8af3d12139/minikazam/minikazam/ckpts
            	 Environment:
            		 DummyAsyncVectorEnv(Gym Env x 1)
            		 Exploration Type: None
            	 Dataset: DoNothingDataset
            	 Accelerate Processes: 1 


INFO     Successfully loaded Minikazam model
ERROR    Error translating battle to observation: 
WARNING  Failed to get priors for battle: 
ERROR    Error translating battle to observation: 
WARNING  Failed to get priors for battle: 
ERROR    Error translating battle to observation: 
WARNING  Failed to get priors for battle: 
ERROR    Error translating battle to observation: 
WARNING  Failed to get priors for battle: 
INFO     Successfully computed neural priors for 0/4 battles
INFO     Using PUCT-guided move selection (priors integrated during search)...
INFO     Policy 0: earthquake visited 21.43% avg_score=0.002 sample_chance_multiplier=0.25
INFO     Policy 1: earthquake visited 20.96% avg_score=0.002 sample_chance_multiplier=0.25
INFO     Policy 2: outrage visited 21.96% avg_score=0.002 sample_chance_multiplier=0.25
INFO     Policy 3: outrage visited 21.22% avg_score=0.002 sample_chance_multiplier=0.25
INFO     Considered Choices:
INFO     	21.295%: outrage
INFO     	20.955%: earthquake
INFO     	20.327%: dragondance
INFO     	19.455%: ironhead
INFO     	17.968%: switch piloswine
INFO     Choice: switch piloswine
INFO     electrodehisui already has the move gigadrain. Decrementing the PP by 1
INFO     electrodehisui used a grass move, removing grassgem from possible items
INFO     Setting electrodehisui's last used move: gigadrain
INFO     electrodehisui used a damaging move - not guessing lifeorb anymore
INFO     electrodehisui did 17.8% damage to piloswine with gigadrain
INFO     Sampling battle 0
INFO     	 electrodehisui   soundproof    leftovers [gigadrain, leechseed, substitute, thunderbolt] ttype=poison
INFO     	      registeel    clearbody  chestoberry [bodypress, irondefense, ironhead, rest] ttype=fighting
INFO     	      dragapult  infiltrator  choicespecs [dracometeor, fireblast, shadowball, uturn] ttype=fire
INFO     Sampling 2 unrevealed pokemon
INFO     	    ironvaliant   quarkdrive      lifeorb [closecombat, knockoff, spiritbreak, swordsdance] ttype=fighting
INFO     	     copperajah   sheerforce      lifeorb [earthquake, ironhead, playrough, superpower] ttype=fairy
INFO     Sampling battle 1
INFO     	 electrodehisui   soundproof    leftovers [gigadrain, leechseed, substitute, thunderbolt] ttype=poison
INFO     	      registeel    clearbody  chestoberry [bodypress, irondefense, ironhead, rest] ttype=fighting
INFO     	      dragapult  infiltrator  choicespecs [dracometeor, fireblast, shadowball, uturn] ttype=fire
INFO     Sampling 2 unrevealed pokemon
INFO     	      regidrago   dragonsmaw     lumberry [dracometeor, dragondance, earthquake, outrage] ttype=dragon
INFO     	      bellibolt electromorphosis    leftovers [muddywater, slackoff, thunderbolt, voltswitch] ttype=water
INFO     Sampling battle 2
INFO     	 electrodehisui   soundproof    leftovers [gigadrain, leechseed, substitute, thunderbolt] ttype=poison
INFO     	      registeel    clearbody  chestoberry [bodypress, irondefense, ironhead, rest] ttype=fighting
INFO     	      dragapult  infiltrator  choicespecs [dracometeor, fireblast, shadowball, uturn] ttype=fire
INFO     Sampling 2 unrevealed pokemon
INFO     	           hooh  regenerator heavydutyboots [bravebird, earthquake, recover, sacredfire] ttype=steel
INFO     	 exeggutoralola      harvest  sitrusberry [dracometeor, flamethrower, moonlight, woodhammer] ttype=fire
INFO     Sampling battle 3
INFO     	 electrodehisui   soundproof    leftovers [gigadrain, leechseed, substitute, thunderbolt] ttype=poison
INFO     	      registeel    clearbody  chestoberry [bodypress, irondefense, ironhead, rest] ttype=fighting
INFO     	      dragapult  infiltrator  choicespecs [dracometeor, fireblast, shadowball, uturn] ttype=fire
INFO     Sampling 2 unrevealed pokemon
INFO     	     conkeldurr         guts     flameorb [closecombat, facade, knockoff, machpunch] ttype=normal
INFO     	       regirock    clearbody    leftovers [bodypress, stealthrock, stoneedge, thunderwave] ttype=fighting
INFO     Searching for a move using PUCT MCTS with neural priors...
INFO     Sampling 4 battles at 500ms each
INFO     Computing neural priors for all battles...
INFO     Initialized StateTranslator with TeamPreviewObservationSpace
INFO     Initializing LocalPolicyProvider with model: Minikazam
INFO     Loading pretrained Minikazam model...


 		 AMAGO v3.1
            	 -------------------------
            	 Agent: Agent
            		 Max Sequence Length: 64
            		 TstepEncoder Type: MetamonPerceiverTstepEncoder
            		 TrajEncoder Type: GRUTrajEncoder
            		 Total Parameters: 4,761,778
            		 Offline Loss Weight: 1.0
            		 Online Loss Weight: 0.0
            		 Mixed Precision: NO
            		 Checkpoint Path: /Users/yadureddy/Documents/GitHub/clean/pokeagent_ac_mcts/.metamon_cache/pretrained_models/models--jakegrigsby--metamon/snapshots/c5d1cb9abb6747066a325228845a5a8af3d12139/minikazam/minikazam/ckpts
            	 Environment:
            		 DummyAsyncVectorEnv(Gym Env x 1)
            		 Exploration Type: None
            	 Dataset: DoNothingDataset
            	 Accelerate Processes: 1 


INFO     Successfully loaded Minikazam model
ERROR    Error translating battle to observation: 
WARNING  Failed to get priors for battle: 
ERROR    Error translating battle to observation: 
WARNING  Failed to get priors for battle: 
ERROR    Error translating battle to observation: 
WARNING  Failed to get priors for battle: 
ERROR    Error translating battle to observation: 
WARNING  Failed to get priors for battle: 
INFO     Successfully computed neural priors for 0/4 battles
INFO     Using PUCT-guided move selection (priors integrated during search)...
INFO     Policy 0: switch dragonite visited 100.0% avg_score=0.0 sample_chance_multiplier=0.25
INFO     Policy 1: switch dragonite visited 100.0% avg_score=0.0 sample_chance_multiplier=0.25
INFO     Policy 2: switch dragonite visited 100.0% avg_score=0.0 sample_chance_multiplier=0.25
INFO     Policy 3: switch dragonite visited 100.0% avg_score=0.0 sample_chance_multiplier=0.25
INFO     Considered Choices:
INFO     	100.0%: switch dragonite
INFO     Choice: switch dragonite
INFO     
INFO     Turn: 27
INFO     Sampling battle 0
INFO     	 electrodehisui   soundproof    leftovers [gigadrain, leechseed, substitute, thunderbolt] ttype=poison
INFO     	      registeel    clearbody  chestoberry [bodypress, irondefense, ironhead, rest] ttype=fighting
INFO     	      dragapult  infiltrator  choicespecs [dracometeor, fireblast, shadowball, uturn] ttype=ghost
INFO     Sampling 2 unrevealed pokemon
INFO     	          lokix   tintedlens      lifeorb [knockoff, leechlife, suckerpunch, swordsdance] ttype=dark
INFO     	         rhydon lightningrod     eviolite [earthquake, megahorn, stoneedge, swordsdance] ttype=water
INFO     Sampling battle 1
INFO     	 electrodehisui   soundproof    leftovers [gigadrain, leechseed, substitute, thunderbolt] ttype=poison
INFO     	      registeel    clearbody  chestoberry [bodypress, irondefense, ironhead, rest] ttype=fighting
INFO     	      dragapult  infiltrator  choicespecs [dracometeor, fireblast, shadowball, uturn] ttype=ghost
INFO     Sampling 2 unrevealed pokemon
INFO     	     feraligatr   sheerforce      lifeorb [dragondance, icepunch, liquidation, trailblaze] ttype=water
INFO     	       vigoroth  vitalspirit     eviolite [bodyslam, bulkup, earthquake, slackoff] ttype=ground
INFO     Sampling battle 2
INFO     	 electrodehisui   soundproof    leftovers [gigadrain, leechseed, substitute, thunderbolt] ttype=poison
INFO     	      registeel    clearbody  chestoberry [bodypress, irondefense, ironhead, rest] ttype=fighting
INFO     	      dragapult  infiltrator  choicespecs [dracometeor, fireblast, shadowball, uturn] ttype=fire
INFO     Sampling 2 unrevealed pokemon
INFO     	        slaking       truant   choiceband [doubleedge, earthquake, gigaimpact, knockoff] ttype=ground
INFO     	        golduck    swiftswim    leftovers [encore, hydropump, icebeam, nastyplot] ttype=water
INFO     Sampling battle 3
INFO     	 electrodehisui   soundproof    leftovers [gigadrain, leechseed, substitute, thunderbolt] ttype=poison
INFO     	      registeel    clearbody  chestoberry [bodypress, irondefense, ironhead, rest] ttype=fighting
INFO     	      dragapult  infiltrator  choicespecs [dracometeor, fireblast, shadowball, uturn] ttype=dragon
INFO     Sampling 2 unrevealed pokemon
INFO     	         zekrom     teravolt    leftovers [boltstrike, dragondance, outrage, substitute] ttype=electric
INFO     	         comfey       triage    leftovers [calmmind, drainingkiss, encore, terablast] ttype=ground
INFO     Searching for a move using PUCT MCTS with neural priors...
INFO     Sampling 4 battles at 500ms each
INFO     Computing neural priors for all battles...
INFO     Initialized StateTranslator with TeamPreviewObservationSpace
INFO     Initializing LocalPolicyProvider with model: Minikazam
INFO     Loading pretrained Minikazam model...


 		 AMAGO v3.1
            	 -------------------------
            	 Agent: Agent
            		 Max Sequence Length: 64
            		 TstepEncoder Type: MetamonPerceiverTstepEncoder
            		 TrajEncoder Type: GRUTrajEncoder
            		 Total Parameters: 4,761,778
            		 Offline Loss Weight: 1.0
            		 Online Loss Weight: 0.0
            		 Mixed Precision: NO
            		 Checkpoint Path: /Users/yadureddy/Documents/GitHub/clean/pokeagent_ac_mcts/.metamon_cache/pretrained_models/models--jakegrigsby--metamon/snapshots/c5d1cb9abb6747066a325228845a5a8af3d12139/minikazam/minikazam/ckpts
            	 Environment:
            		 DummyAsyncVectorEnv(Gym Env x 1)
            		 Exploration Type: None
            	 Dataset: DoNothingDataset
            	 Accelerate Processes: 1 


INFO     Successfully loaded Minikazam model
ERROR    Error translating battle to observation: 
WARNING  Failed to get priors for battle: 
ERROR    Error translating battle to observation: 
WARNING  Failed to get priors for battle: 
ERROR    Error translating battle to observation: 
WARNING  Failed to get priors for battle: 
ERROR    Error translating battle to observation: 
WARNING  Failed to get priors for battle: 
INFO     Successfully computed neural priors for 0/4 battles
INFO     Using PUCT-guided move selection (priors integrated during search)...
INFO     Policy 0: dragondance visited 28.65% avg_score=0.0 sample_chance_multiplier=0.25
INFO     Policy 1: dragondance visited 28.95% avg_score=0.0 sample_chance_multiplier=0.25
INFO     Policy 2: dragondance visited 27.38% avg_score=0.0 sample_chance_multiplier=0.25
INFO     Policy 3: dragondance visited 26.59% avg_score=0.0 sample_chance_multiplier=0.25
INFO     Considered Choices:
INFO     	27.892%: dragondance
INFO     	25.798%: outrage
INFO     	24.265%: ironhead
INFO     	22.044%: earthquake
INFO     Choice: outrage
INFO     Winner: Vanilla5
INFO     Lost with team: None
INFO     W: 0	L: 1
INFO     Searching for ranked gen9randombattle match
INFO     Initialized battle-gen9randombattle-60 against: Vanilla5
INFO     Opponent has switched - clearing the last used move
INFO     chandelure switched in, adding intimidate to impossible abilities
INFO     chandelure switched in, adding pressure to impossible abilities
INFO     chandelure switched in, adding neutralizinggas to impossible abilities
INFO     chandelure switched in, adding sandstream to impossible abilities
INFO     chandelure switched in, adding drought to impossible abilities
INFO     chandelure switched in, adding drizzle to impossible abilities
INFO     chandelure switched in, adding snowwarning to impossible abilities
INFO     chandelure switched in, adding boosterenergy to impossible items
INFO     chandelure switched in, adding airballoon to impossible items
INFO     Setting haxorus's ability to moldbreaker
INFO     
INFO     Turn: 1
INFO     Sampling battle 0
INFO     	     chandelure    flamebody heavydutyboots [calmmind, fireblast, shadowball, willowisp] ttype=ghost
INFO     Sampling 5 unrevealed pokemon
INFO     	        suicune     pressure    leftovers [calmmind, protect, scald, substitute] ttype=steel
INFO     	       camerupt    solidrock    leftovers [earthquake, overheat, stealthrock, willowisp] ttype=water
INFO     	         glalie   innerfocus heavydutyboots [disable, earthquake, freezedry, taunt] ttype=ground
INFO     	       frosmoth    icescales heavydutyboots [bugbuzz, hurricane, icebeam, quiverdance] ttype=water
INFO     	            mew  synchronize      lifeorb [bugbuzz, earthpower, nastyplot, psychic] ttype=psychic
INFO     Sampling battle 1
INFO     	     chandelure    flashfire  choicescarf [energyball, fireblast, shadowball, trick] ttype=ghost
INFO     Sampling 5 unrevealed pokemon
INFO     	       rayquaza      airlock heavydutyboots [dragonascent, dragondance, earthquake, outrage] ttype=flying
INFO     	        zoroark     illusion  choicespecs [darkpulse, flamethrower, sludgebomb, trick] ttype=poison
INFO     	        breloom   technician      lifeorb [bulletseed, machpunch, rocktomb, swordsdance] ttype=rock
INFO     	        jolteon   voltabsorb    leftovers [calmmind, substitute, terablast, thunderbolt] ttype=ice
INFO     	      serperior     contrary    leftovers [dragonpulse, leafstorm, leechseed, substitute] ttype=water
INFO     Sampling battle 2
INFO     	     chandelure    flashfire  choicescarf [energyball, fireblast, shadowball, trick] ttype=ghost
INFO     Sampling 5 unrevealed pokemon
INFO     	         glalie   innerfocus heavydutyboots [disable, earthquake, freezedry, taunt] ttype=ghost
INFO     	      quaquaval        moxie      lifeorb [aquastep, closecombat, knockoff, swordsdance] ttype=fighting
INFO     	      mandibuzz     overcoat heavydutyboots [bravebird, defog, foulplay, roost] ttype=steel
INFO     	       skarmory       sturdy    leftovers [bodypress, bravebird, roost, spikes] ttype=fighting
INFO     	      terapagos    terashift  chestoberry [calmmind, earthpower, rest, terastarstorm] ttype=stellar
INFO     Sampling battle 3
INFO     	     chandelure    flashfire  choicescarf [energyball, fireblast, shadowball, trick] ttype=ghost
INFO     Sampling 5 unrevealed pokemon
INFO     	       garchomp    roughskin  rockyhelmet [dragontail, earthquake, outrage, spikes] ttype=steel
INFO     	      azumarill    hugepower   choiceband [aquajet, icespinner, liquidation, playrough] ttype=water
INFO     	      arceusbug    multitype  insectplate [calmmind, fireblast, judgment, recover] ttype=fire
INFO     	      sinistcha    heatproof    leftovers [calmmind, matchagotcha, shadowball, strengthsap] ttype=steel
INFO     	        lucario    justified      lifeorb [closecombat, extremespeed, meteormash, swordsdance] ttype=normal
INFO     Sampling battle 4
INFO     	     chandelure    flashfire heavydutyboots [calmmind, energyball, fireblast, shadowball] ttype=grass
INFO     Sampling 5 unrevealed pokemon
INFO     	ogerponwellspring  waterabsorb wellspringmask [ivycudgel, spikes, synthesis, woodhammer] ttype=water
INFO     	     annihilape      defiant    leftovers [bulkup, drainpunch, ragefist, taunt] ttype=fairy
INFO     	        kleavor    sharpness  choicescarf [closecombat, stoneaxe, uturn, xscissor] ttype=bug
INFO     	thundurustherian   voltabsorb  choicescarf [grassknot, psychic, sludgewave, thunderbolt] ttype=poison
INFO     	        gallade    sharpness   choiceband [leafblade, nightslash, psychocut, sacredsword] ttype=dark
INFO     Sampling battle 5
INFO     	     chandelure    flashfire heavydutyboots [calmmind, fireblast, painsplit, shadowball] ttype=fire
INFO     Sampling 5 unrevealed pokemon
INFO     	      sinistcha    heatproof    leftovers [calmmind, matchagotcha, shadowball, strengthsap] ttype=steel
INFO     	       jumpluff  infiltrator              [acrobatics, encore, strengthsap, uturn] ttype=steel
INFO     	     eelektross     levitate  assaultvest [discharge, gigadrain, knockoff, uturn] ttype=poison
INFO     	     pincurchin electricsurge    leftovers [curse, liquidation, recover, zingzap] ttype=grass
INFO     	       chienpao  swordofruin heavydutyboots [iciclecrash, sacredsword, swordsdance, throatchop] ttype=ice
INFO     Sampling battle 6
INFO     	     chandelure    flashfire  choicescarf [energyball, fireblast, shadowball, trick] ttype=fire
INFO     Sampling 5 unrevealed pokemon
INFO     	      hatterene  magicbounce  assaultvest [drainingkiss, mysticalfire, nuzzle, psychic] ttype=steel
INFO     	       inteleon      torrent  choicespecs [hydropump, icebeam, scald, uturn] ttype=water
INFO     	     houndstone       fluffy    leftovers [bodypress, poltergeist, rest, sleeptalk] ttype=fighting
INFO     	         zacian intrepidsword   choiceband [closecombat, crunch, playrough, wildcharge] ttype=fighting
INFO     	      magmortar    flamebody heavydutyboots [fireblast, focusblast, scorchingsands, taunt] ttype=water
INFO     Sampling battle 7
INFO     	     chandelure    flashfire  choicescarf [energyball, fireblast, shadowball, trick] ttype=fire
INFO     Sampling 5 unrevealed pokemon
INFO     	      mightyena   intimidate    leftovers [crunch, poisonfang, suckerpunch, taunt] ttype=poison
INFO     	       landorus   sheerforce      lifeorb [earthpower, focusblast, psychic, sludgewave] ttype=ground
INFO     	   brambleghast    windrider    leftovers [leechseed, poltergeist, powerwhip, substitute] ttype=water
INFO     	        dedenne   cheekpouch  sitrusberry [dazzlinggleam, nuzzle, superfang, thunderbolt] ttype=flying
INFO     	      sudowoodo     rockhead   choiceband [earthquake, headsmash, suckerpunch, woodhammer] ttype=grass
INFO     Searching for a move using PUCT MCTS with neural priors...
INFO     Sampling 8 battles at 250ms each
INFO     Computing neural priors for all battles...
INFO     Initialized StateTranslator with TeamPreviewObservationSpace
INFO     Initializing LocalPolicyProvider with model: Minikazam
INFO     Loading pretrained Minikazam model...


 		 AMAGO v3.1
            	 -------------------------
            	 Agent: Agent
            		 Max Sequence Length: 64
            		 TstepEncoder Type: MetamonPerceiverTstepEncoder
            		 TrajEncoder Type: GRUTrajEncoder
            		 Total Parameters: 4,761,778
            		 Offline Loss Weight: 1.0
            		 Online Loss Weight: 0.0
            		 Mixed Precision: NO
            		 Checkpoint Path: /Users/yadureddy/Documents/GitHub/clean/pokeagent_ac_mcts/.metamon_cache/pretrained_models/models--jakegrigsby--metamon/snapshots/c5d1cb9abb6747066a325228845a5a8af3d12139/minikazam/minikazam/ckpts
            	 Environment:
            		 DummyAsyncVectorEnv(Gym Env x 1)
            		 Exploration Type: None
            	 Dataset: DoNothingDataset
            	 Accelerate Processes: 1 


INFO     Successfully loaded Minikazam model
ERROR    Error translating battle to observation: 
WARNING  Failed to get priors for battle: 
ERROR    Error translating battle to observation: 
WARNING  Failed to get priors for battle: 
ERROR    Error translating battle to observation: 
WARNING  Failed to get priors for battle: 
ERROR    Error translating battle to observation: 
WARNING  Failed to get priors for battle: 
ERROR    Error translating battle to observation: 
WARNING  Failed to get priors for battle: 
ERROR    Error translating battle to observation: 
WARNING  Failed to get priors for battle: 
ERROR    Error translating battle to observation: 
WARNING  Failed to get priors for battle: 
ERROR    Error translating battle to observation: 
WARNING  Failed to get priors for battle: 
INFO     Successfully computed neural priors for 0/8 battles
INFO     Using PUCT-guided move selection (priors integrated during search)...
INFO     Policy 0: earthquake visited 92.41% avg_score=0.513 sample_chance_multiplier=0.125
INFO     Policy 1: scaleshot visited 94.38% avg_score=0.617 sample_chance_multiplier=0.125
INFO     Policy 2: earthquake visited 92.74% avg_score=0.568 sample_chance_multiplier=0.125
INFO     Policy 3: earthquake visited 60.4% avg_score=0.53 sample_chance_multiplier=0.125
INFO     Policy 4: scaleshot visited 44.98% avg_score=0.613 sample_chance_multiplier=0.125
INFO     Policy 5: swordsdance visited 72.31% avg_score=0.66 sample_chance_multiplier=0.125
INFO     Policy 6: earthquake visited 53.46% avg_score=0.519 sample_chance_multiplier=0.125
INFO     Policy 7: switch staraptor visited 34.54% avg_score=0.519 sample_chance_multiplier=0.125
INFO     Considered Choices:
INFO     	43.08%: earthquake
INFO     Choice: earthquake
INFO     Opponent has switched - clearing the last used move
INFO     masquerain switched in, adding intimidate to impossible abilities
INFO     masquerain switched in, adding pressure to impossible abilities
INFO     masquerain switched in, adding neutralizinggas to impossible abilities
INFO     masquerain switched in, adding sandstream to impossible abilities
INFO     masquerain switched in, adding drought to impossible abilities
INFO     masquerain switched in, adding drizzle to impossible abilities
INFO     masquerain switched in, adding snowwarning to impossible abilities
INFO     masquerain switched in, adding boosterenergy to impossible items
INFO     masquerain switched in, adding airballoon to impossible items
INFO     Setting masquerain's ability to intimidate
INFO     haxorus's attack was unboosted by 1 to -1
INFO     haxorus already has the move earthquake. Decrementing the PP by 1
INFO     haxorus used a ground move, removing groundgem from possible items
INFO     Setting haxorus's last used move: earthquake
INFO     haxorus used a damaging move - not guessing lifeorb anymore
INFO     
INFO     Turn: 2
INFO     Sampling battle 0
INFO     	     masquerain   intimidate heavydutyboots [bugbuzz, hurricane, hydropump, quiverdance] ttype=water
INFO     	     chandelure    flashfire  choicescarf [energyball, fireblast, shadowball, trick] ttype=ghost
INFO     Sampling 4 unrevealed pokemon
INFO     	         rhydon lightningrod     eviolite [earthquake, megahorn, stoneedge, swordsdance] ttype=grass
INFO     	       magearna    soulheart    leftovers [aurasphere, flashcannon, fleurcannon, spikes] ttype=fighting
INFO     	        snorlax     thickfat    leftovers [bodyslam, crunch, curse, earthquake] ttype=poison
INFO     	     wigglytuff  competitive    leftovers [alluringvoice, knockoff, protect, wish] ttype=poison
INFO     Sampling battle 1
INFO     	     masquerain   intimidate heavydutyboots [bugbuzz, hurricane, hydropump, quiverdance] ttype=water
INFO     	     chandelure    flashfire  choicescarf [energyball, fireblast, shadowball, trick] ttype=grass
INFO     Sampling 4 unrevealed pokemon
INFO     	     arceusfire    multitype   flameplate [earthquake, flareblitz, recover, swordsdance] ttype=ground
INFO     	        mesprit     levitate  choicespecs [icebeam, psychic, shadowball, thunderbolt] ttype=electric
INFO     	     pincurchin electricsurge    leftovers [curse, liquidation, recover, zingzap] ttype=water
INFO     	        ambipom   technician   choiceband [doubleedge, knockoff, lowkick, tripleaxel] ttype=ice
INFO     Sampling battle 2
INFO     	     masquerain   intimidate heavydutyboots [bugbuzz, hurricane, hydropump, quiverdance] ttype=water
INFO     	     chandelure    flashfire  choicescarf [energyball, fireblast, shadowball, trick] ttype=grass
INFO     Sampling 4 unrevealed pokemon
INFO     	        flamigo      scrappy      lifeorb [bravebird, closecombat, swordsdance, throatchop] ttype=steel
INFO     	         flygon     levitate  choicescarf [earthquake, outrage, stoneedge, uturn] ttype=steel
INFO     	      terapagos    terashift  chestoberry [calmmind, darkpulse, rest, terastarstorm] ttype=stellar
INFO     	    stonjourner    powerspot      lifeorb [earthquake, heatcrash, stealthrock, stoneedge] ttype=fire
INFO     Sampling battle 3
INFO     	     masquerain   intimidate heavydutyboots [bugbuzz, hurricane, hydropump, quiverdance] ttype=water
INFO     	     chandelure    flashfire  choicescarf [energyball, fireblast, shadowball, trick] ttype=grass
INFO     Sampling 4 unrevealed pokemon
INFO     	        chansey  naturalcure     eviolite [healbell, seismictoss, softboiled, thunderwave] ttype=steel
INFO     	ursalunabloodmoon     mindseye    leftovers [bloodmoon, calmmind, earthpower, moonlight] ttype=poison
INFO     	         comfey       triage    leftovers [calmmind, drainingkiss, synthesis, terablast] ttype=ground
INFO     	      terrakion    justified      lifeorb [closecombat, earthquake, stoneedge, swordsdance] ttype=fighting
INFO     Sampling battle 4
INFO     	     masquerain   intimidate heavydutyboots [bugbuzz, hurricane, hydropump, quiverdance] ttype=water
INFO     	     chandelure    flashfire heavydutyboots [calmmind, energyball, fireblast, shadowball] ttype=grass
INFO     Sampling 4 unrevealed pokemon
INFO     	  deoxysdefense     pressure    leftovers [knockoff, psychicnoise, recover, stealthrock] ttype=dark
INFO     	     tentacruel   liquidooze    leftovers [rapidspin, sludgebomb, surf, toxic] ttype=flying
INFO     	       greninja      protean  choicespecs [darkpulse, grassknot, hydropump, icebeam] ttype=dark
INFO     	     electivire   motordrive      lifeorb [icepunch, knockoff, supercellslam, voltswitch] ttype=dark
INFO     Sampling battle 5
INFO     	     masquerain   intimidate heavydutyboots [bugbuzz, hurricane, hydropump, quiverdance] ttype=water
INFO     	     chandelure    flashfire  choicescarf [energyball, fireblast, shadowball, trick] ttype=grass
INFO     Sampling 4 unrevealed pokemon
INFO     	        dipplin   stickyhold     eviolite [dragonpulse, dragontail, gigadrain, recover] ttype=steel
INFO     	       hawlucha     unburden    whiteherb [bravebird, closecombat, stoneedge, swordsdance] ttype=fighting
INFO     	   hoopaunbound     magician  choicescarf [gunkshot, hyperspacefury, psychic, trick] ttype=poison
INFO     	          minun   voltabsorb      lifeorb [encore, grassknot, nastyplot, thunderbolt] ttype=electric
INFO     Sampling battle 6
INFO     	     masquerain   intimidate heavydutyboots [bugbuzz, hurricane, hydropump, quiverdance] ttype=water
INFO     	     chandelure    flashfire  choicescarf [energyball, fireblast, shadowball, trick] ttype=fire
INFO     Sampling 4 unrevealed pokemon
INFO     	      toucannon      keeneye heavydutyboots [beakblast, boomburst, roost, uturn] ttype=steel
INFO     	       glimmora  toxicdebris heavydutyboots [earthpower, mortalspin, sludgewave, stealthrock] ttype=ground
INFO     	   dialgaorigin     pressure adamantcrystal [dracometeor, fireblast, heavyslam, stealthrock] ttype=steel
INFO     	    arceusghost    multitype  spookyplate [calmmind, focusblast, judgment, recover] ttype=normal
INFO     Sampling battle 7
INFO     	     masquerain   intimidate heavydutyboots [bugbuzz, hurricane, hydropump, quiverdance] ttype=water
INFO     	     chandelure    flashfire heavydutyboots [calmmind, energyball, fireblast, shadowball] ttype=grass
INFO     Sampling 4 unrevealed pokemon
INFO     	        altaria  naturalcure heavydutyboots [bravebird, earthquake, haze, roost] ttype=steel
INFO     	   slowbrogalar  regenerator  assaultvest [foulplay, psychic, shellsidearm, surf] ttype=dark
INFO     	        palafin   zerotohero    leftovers [bulkup, drainpunch, icepunch, jetpunch] ttype=steel
INFO     	        seviper  infiltrator      lifeorb [earthquake, flamethrower, gigadrain, gunkshot] ttype=ground
INFO     Searching for a move using PUCT MCTS with neural priors...
INFO     Sampling 8 battles at 250ms each
INFO     Computing neural priors for all battles...
INFO     Initialized StateTranslator with TeamPreviewObservationSpace
INFO     Initializing LocalPolicyProvider with model: Minikazam
INFO     Loading pretrained Minikazam model...


 		 AMAGO v3.1
            	 -------------------------
            	 Agent: Agent
            		 Max Sequence Length: 64
            		 TstepEncoder Type: MetamonPerceiverTstepEncoder
            		 TrajEncoder Type: GRUTrajEncoder
            		 Total Parameters: 4,761,778
            		 Offline Loss Weight: 1.0
            		 Online Loss Weight: 0.0
            		 Mixed Precision: NO
            		 Checkpoint Path: /Users/yadureddy/Documents/GitHub/clean/pokeagent_ac_mcts/.metamon_cache/pretrained_models/models--jakegrigsby--metamon/snapshots/c5d1cb9abb6747066a325228845a5a8af3d12139/minikazam/minikazam/ckpts
            	 Environment:
            		 DummyAsyncVectorEnv(Gym Env x 1)
            		 Exploration Type: None
            	 Dataset: DoNothingDataset
            	 Accelerate Processes: 1 


INFO     Successfully loaded Minikazam model
ERROR    Error translating battle to observation: 
WARNING  Failed to get priors for battle: 
ERROR    Error translating battle to observation: 
WARNING  Failed to get priors for battle: 
ERROR    Error translating battle to observation: 
WARNING  Failed to get priors for battle: 
ERROR    Error translating battle to observation: 
WARNING  Failed to get priors for battle: 
ERROR    Error translating battle to observation: 
WARNING  Failed to get priors for battle: 
ERROR    Error translating battle to observation: 
WARNING  Failed to get priors for battle: 
ERROR    Error translating battle to observation: 
WARNING  Failed to get priors for battle: 
ERROR    Error translating battle to observation: 
WARNING  Failed to get priors for battle: 
INFO     Successfully computed neural priors for 0/8 battles
INFO     Using PUCT-guided move selection (priors integrated during search)...
INFO     Policy 0: scaleshot visited 97.37% avg_score=0.466 sample_chance_multiplier=0.125
INFO     Policy 1: scaleshot visited 92.13% avg_score=0.504 sample_chance_multiplier=0.125
INFO     Policy 2: scaleshot visited 68.99% avg_score=0.494 sample_chance_multiplier=0.125
INFO     Policy 3: scaleshot visited 92.92% avg_score=0.471 sample_chance_multiplier=0.125
INFO     Policy 4: scaleshot visited 97.31% avg_score=0.512 sample_chance_multiplier=0.125
INFO     Policy 5: scaleshot visited 98.12% avg_score=0.529 sample_chance_multiplier=0.125
INFO     Policy 6: scaleshot visited 92.26% avg_score=0.497 sample_chance_multiplier=0.125
INFO     Policy 7: scaleshot visited 96.34% avg_score=0.513 sample_chance_multiplier=0.125
INFO     Considered Choices:
INFO     	91.929%: scaleshot
INFO     Choice: scaleshot
INFO     Updated masquerain's max speed to 194
INFO     haxorus already has the move scaleshot. Decrementing the PP by 1
INFO     haxorus used a dragon move, removing dragongem from possible items
INFO     Setting haxorus's last used move: scaleshot
INFO     haxorus used a damaging move - not guessing lifeorb anymore
INFO     haxorus did 10.0% damage to masquerain with scaleshot
INFO     haxorus's defense was unboosted by 1 to -1
INFO     haxorus's speed was boosted by 1 to 1
INFO     masquerain used a status-move. Adding `assaultvest` to impossible items
INFO     Setting masquerain's last used move: stickyweb
INFO     Incremented side condition stickyweb to 1 for haxorus
INFO     masquerain has less than maxhp during upkeep, no longer guessing leftovers or blacksludge
INFO     
INFO     Turn: 3
INFO     Sampling battle 0
INFO     	     masquerain   intimidate heavydutyboots [hurricane, hydropump, stickyweb, uturn] ttype=steel
INFO     	     chandelure    flashfire  choicescarf [energyball, fireblast, shadowball, trick] ttype=grass
INFO     Sampling 4 unrevealed pokemon
INFO     	       ursaring         guts     eviolite [bodyslam, earthquake, rest, sleeptalk] ttype=ground
INFO     	      thundurus    prankster heavydutyboots [grassknot, sludgewave, thunderbolt, thunderwave] ttype=electric
INFO     	     tentacruel   liquidooze    leftovers [haze, rapidspin, sludgebomb, surf] ttype=flying
INFO     	        dipplin   stickyhold     eviolite [dragonpulse, gigadrain, recover, suckerpunch] ttype=steel
INFO     Sampling battle 1
INFO     	     masquerain   intimidate heavydutyboots [bugbuzz, hurricane, stickyweb, stunspore] ttype=ground
INFO     	     chandelure    flashfire  choicescarf [energyball, fireblast, shadowball, trick] ttype=fire
INFO     Sampling 4 unrevealed pokemon
INFO     	     arceusrock    multitype   stoneplate [calmmind, earthpower, judgment, recover] ttype=dragon
INFO     	 oricoriopompom       dancer heavydutyboots [hurricane, quiverdance, revelationdance, roost] ttype=ground
INFO     	        mimikyu     disguise      lifeorb [playrough, shadowclaw, shadowsneak, swordsdance] ttype=ghost
INFO     	      garganacl purifyingsalt    leftovers [protect, recover, saltcure, stealthrock] ttype=dragon
INFO     Sampling battle 2
INFO     	     masquerain   intimidate heavydutyboots [hurricane, hydropump, stickyweb, uturn] ttype=water
INFO     	     chandelure    flashfire heavydutyboots [calmmind, energyball, fireblast, shadowball] ttype=grass
INFO     Sampling 4 unrevealed pokemon
INFO     	     gothitelle    shadowtag  choicescarf [darkpulse, focusblast, psychic, trick] ttype=psychic
INFO     	     conkeldurr         guts     flameorb [closecombat, facade, knockoff, machpunch] ttype=normal
INFO     	      reuniclus   magicguard      lifeorb [calmmind, focusblast, psyshock, recover] ttype=steel
INFO     	     ragingbolt protosynthesis boosterenergy [calmmind, dragonpulse, thunderbolt, thunderclap] ttype=electric
INFO     Sampling battle 3
INFO     	     masquerain   intimidate heavydutyboots [bugbuzz, hurricane, stickyweb, stunspore] ttype=ground
INFO     	     chandelure    flamebody heavydutyboots [calmmind, fireblast, flamecharge, shadowball] ttype=ghost
INFO     Sampling 4 unrevealed pokemon
INFO     	tornadustherian  regenerator  choicespecs [bleakwindstorm, focusblast, heatwave, uturn] ttype=fire
INFO     	         zarude    leafguard  choicescarf [closecombat, knockoff, powerwhip, uturn] ttype=grass
INFO     	       mukalola  poisontouch  assaultvest [icepunch, knockoff, poisonjab, shadowsneak] ttype=dark
INFO     	        bruxish    strongjaw      lifeorb [crunch, psychicfangs, swordsdance, wavecrash] ttype=psychic
INFO     Searching for a move using PUCT MCTS with neural priors...
INFO     Sampling 4 battles at 500ms each
INFO     Computing neural priors for all battles...
INFO     Initialized StateTranslator with TeamPreviewObservationSpace
INFO     Initializing LocalPolicyProvider with model: Minikazam
INFO     Loading pretrained Minikazam model...


 		 AMAGO v3.1
            	 -------------------------
            	 Agent: Agent
            		 Max Sequence Length: 64
            		 TstepEncoder Type: MetamonPerceiverTstepEncoder
            		 TrajEncoder Type: GRUTrajEncoder
            		 Total Parameters: 4,761,778
            		 Offline Loss Weight: 1.0
            		 Online Loss Weight: 0.0
            		 Mixed Precision: NO
            		 Checkpoint Path: /Users/yadureddy/Documents/GitHub/clean/pokeagent_ac_mcts/.metamon_cache/pretrained_models/models--jakegrigsby--metamon/snapshots/c5d1cb9abb6747066a325228845a5a8af3d12139/minikazam/minikazam/ckpts
            	 Environment:
            		 DummyAsyncVectorEnv(Gym Env x 1)
            		 Exploration Type: None
            	 Dataset: DoNothingDataset
            	 Accelerate Processes: 1 


INFO     Successfully loaded Minikazam model
ERROR    Error translating battle to observation: 
WARNING  Failed to get priors for battle: 
ERROR    Error translating battle to observation: 
WARNING  Failed to get priors for battle: 
ERROR    Error translating battle to observation: 
WARNING  Failed to get priors for battle: 
ERROR    Error translating battle to observation: 
WARNING  Failed to get priors for battle: 
INFO     Successfully computed neural priors for 0/4 battles
INFO     Using PUCT-guided move selection (priors integrated during search)...
INFO     Policy 0: ironhead visited 85.44% avg_score=0.469 sample_chance_multiplier=0.25
INFO     Policy 1: ironhead visited 58.11% avg_score=0.442 sample_chance_multiplier=0.25
INFO     Policy 2: ironhead visited 72.67% avg_score=0.355 sample_chance_multiplier=0.25
INFO     Policy 3: switch staraptor visited 40.97% avg_score=0.476 sample_chance_multiplier=0.25
INFO     Considered Choices:
INFO     	54.883%: ironhead
INFO     Choice: ironhead
INFO     Opponent has switched - clearing the last used move
INFO     dewgong switched in, adding intimidate to impossible abilities
INFO     dewgong switched in, adding pressure to impossible abilities
INFO     dewgong switched in, adding neutralizinggas to impossible abilities
INFO     dewgong switched in, adding sandstream to impossible abilities
INFO     dewgong switched in, adding drought to impossible abilities
INFO     dewgong switched in, adding drizzle to impossible abilities
INFO     dewgong switched in, adding snowwarning to impossible abilities
INFO     dewgong switched in, adding boosterenergy to impossible items
INFO     dewgong switched in, adding airballoon to impossible items
INFO     haxorus already has the move ironhead. Decrementing the PP by 1
INFO     haxorus used a steel move, removing steelgem from possible items
INFO     Setting haxorus's last used move: ironhead
INFO     haxorus used a damaging move - not guessing lifeorb anymore
INFO     haxorus did 13.0% damage to dewgong with ironhead
INFO     dewgong has less than maxhp during upkeep, no longer guessing leftovers or blacksludge
INFO     
INFO     Turn: 4
INFO     Sampling battle 0
INFO     	        dewgong     thickfat heavydutyboots [encore, icebeam, knockoff, surf] ttype=poison
INFO     	     chandelure    flashfire  choicescarf [energyball, fireblast, shadowball, trick] ttype=grass
INFO     	     masquerain   intimidate heavydutyboots [bugbuzz, hurricane, hydropump, stickyweb] ttype=steel
INFO     Sampling 3 unrevealed pokemon
INFO     	       medicham    purepower   choiceband [closecombat, icepunch, poisonjab, zenheadbutt] ttype=fighting
INFO     	         luxray   intimidate  assaultvest [playrough, throatchop, voltswitch, wildcharge] ttype=fairy
INFO     	       dragalge adaptability    leftovers [dracometeor, focusblast, sludgewave, toxic] ttype=fighting
INFO     Sampling battle 1
INFO     	        dewgong     thickfat heavydutyboots [encore, flipturn, surf, tripleaxel] ttype=ground
INFO     	     chandelure    flashfire  choicescarf [energyball, fireblast, shadowball, trick] ttype=grass
INFO     	     masquerain   intimidate heavydutyboots [hurricane, hydropump, stickyweb, stunspore] ttype=ground
INFO     Sampling 3 unrevealed pokemon
INFO     	         furret        frisk   choiceband [doubleedge, knockoff, trick, uturn] ttype=normal
INFO     	taurospaldeaaqua      cudchew  sitrusberry [bulkup, closecombat, liquidation, substitute] ttype=water
INFO     	       meganium     overgrow    leftovers [energyball, knockoff, leechseed, synthesis] ttype=poison
INFO     Sampling battle 2
INFO     	        dewgong     thickfat  assaultvest [flipturn, knockoff, surf, tripleaxel] ttype=steel
INFO     	     chandelure    flashfire  choicescarf [energyball, fireblast, shadowball, trick] ttype=grass
INFO     	     masquerain   intimidate heavydutyboots [hurricane, hydropump, stickyweb, uturn] ttype=water
INFO     Sampling 3 unrevealed pokemon
INFO     	       hawlucha     unburden    whiteherb [bravebird, closecombat, encore, swordsdance] ttype=flying
INFO     	      rhyperior    solidrock  assaultvest [dragontail, earthquake, megahorn, stoneedge] ttype=steel
INFO     	      pachirisu   voltabsorb heavydutyboots [discharge, encore, superfang, uturn] ttype=flying
INFO     Sampling battle 3
INFO     	        dewgong     thickfat heavydutyboots [encore, icebeam, knockoff, surf] ttype=dragon
INFO     	     chandelure    flashfire  choicescarf [energyball, fireblast, shadowball, trick] ttype=grass
INFO     	     masquerain   intimidate heavydutyboots [bugbuzz, hurricane, stickyweb, stunspore] ttype=ground
INFO     Sampling 3 unrevealed pokemon
INFO     	          rotom     levitate  choicescarf [shadowball, thunderbolt, trick, voltswitch] ttype=electric
INFO     	       inteleon      torrent  choicespecs [darkpulse, hydropump, icebeam, uturn] ttype=water
INFO     	       sunflora  chlorophyll  choicespecs [dazzlinggleam, earthpower, leafstorm, sludgebomb] ttype=poison
INFO     Sampling battle 4
INFO     	        dewgong     thickfat heavydutyboots [encore, flipturn, hydropump, icebeam] ttype=steel
INFO     	     chandelure    flashfire heavydutyboots [calmmind, fireblast, painsplit, shadowball] ttype=fire
INFO     	     masquerain   intimidate heavydutyboots [hurricane, hydropump, stickyweb, uturn] ttype=water
INFO     Sampling 3 unrevealed pokemon
INFO     	     chesnaught  bulletproof  rockyhelmet [bodypress, knockoff, synthesis, woodhammer] ttype=steel
INFO     	      regieleki   transistor       magnet [explosion, rapidspin, thunderbolt, voltswitch] ttype=electric
INFO     	       oranguru   innerfocus  choicespecs [focusblast, hypervoice, psyshock, thunderbolt] ttype=fighting
INFO     Sampling battle 5
INFO     	        dewgong     thickfat heavydutyboots [encore, knockoff, surf, tripleaxel] ttype=ground
INFO     	     chandelure    flashfire  choicescarf [energyball, fireblast, shadowball, trick] ttype=grass
INFO     	     masquerain   intimidate heavydutyboots [bugbuzz, hurricane, hydropump, stickyweb] ttype=water
INFO     Sampling 3 unrevealed pokemon
INFO     	       dragalge adaptability    leftovers [dracometeor, focusblast, sludgewave, toxicspikes] ttype=fighting
INFO     	       maushold   technician     widelens [bite, encore, populationbomb, tidyup] ttype=normal
INFO     	        flapple       hustle   choiceband [gravapple, outrage, suckerpunch, uturn] ttype=dragon
INFO     Sampling battle 6
INFO     	        dewgong     thickfat  assaultvest [flipturn, knockoff, surf, tripleaxel] ttype=grass
INFO     	     chandelure    flashfire heavydutyboots [calmmind, energyball, fireblast, shadowball] ttype=grass
INFO     	     masquerain   intimidate heavydutyboots [bugbuzz, hurricane, stickyweb, uturn] ttype=ground
INFO     Sampling 3 unrevealed pokemon
INFO     	         luxray   intimidate  assaultvest [icefang, playrough, voltswitch, wildcharge] ttype=fairy
INFO     	        breloom   technician      lifeorb [bulletseed, machpunch, rocktomb, swordsdance] ttype=fighting
INFO     	       empoleon  competitive    leftovers [icebeam, knockoff, roost, surf] ttype=flying
INFO     Sampling battle 7
INFO     	        dewgong     thickfat heavydutyboots [encore, knockoff, surf, tripleaxel] ttype=ground
INFO     	     chandelure    flashfire heavydutyboots [calmmind, energyball, fireblast, shadowball] ttype=grass
INFO     	     masquerain   intimidate heavydutyboots [hurricane, hydropump, stickyweb, uturn] ttype=steel
INFO     Sampling 3 unrevealed pokemon
INFO     	   dugtrioalola tanglinghair      lifeorb [earthquake, ironhead, stealthrock, suckerpunch] ttype=ground
INFO     	ogerponcornerstone       sturdy cornerstonemask [hornleech, ivycudgel, superpower, swordsdance] ttype=rock
INFO     	       skarmory       sturdy    leftovers [bodypress, bravebird, roost, spikes] ttype=fighting
INFO     Searching for a move using PUCT MCTS with neural priors...
INFO     Sampling 8 battles at 250ms each
INFO     Computing neural priors for all battles...
INFO     Initialized StateTranslator with TeamPreviewObservationSpace
INFO     Initializing LocalPolicyProvider with model: Minikazam
INFO     Loading pretrained Minikazam model...


 		 AMAGO v3.1
            	 -------------------------
            	 Agent: Agent
            		 Max Sequence Length: 64
            		 TstepEncoder Type: MetamonPerceiverTstepEncoder
            		 TrajEncoder Type: GRUTrajEncoder
            		 Total Parameters: 4,761,778
            		 Offline Loss Weight: 1.0
            		 Online Loss Weight: 0.0
            		 Mixed Precision: NO
            		 Checkpoint Path: /Users/yadureddy/Documents/GitHub/clean/pokeagent_ac_mcts/.metamon_cache/pretrained_models/models--jakegrigsby--metamon/snapshots/c5d1cb9abb6747066a325228845a5a8af3d12139/minikazam/minikazam/ckpts
            	 Environment:
            		 DummyAsyncVectorEnv(Gym Env x 1)
            		 Exploration Type: None
            	 Dataset: DoNothingDataset
            	 Accelerate Processes: 1 


INFO     Successfully loaded Minikazam model
ERROR    Error translating battle to observation: 
WARNING  Failed to get priors for battle: 
ERROR    Error translating battle to observation: 
WARNING  Failed to get priors for battle: 
ERROR    Error translating battle to observation: 
WARNING  Failed to get priors for battle: 
ERROR    Error translating battle to observation: 
WARNING  Failed to get priors for battle: 
ERROR    Error translating battle to observation: 
WARNING  Failed to get priors for battle: 
ERROR    Error translating battle to observation: 
WARNING  Failed to get priors for battle: 
ERROR    Error translating battle to observation: 
WARNING  Failed to get priors for battle: 
ERROR    Error translating battle to observation: 
WARNING  Failed to get priors for battle: 
INFO     Successfully computed neural priors for 0/8 battles
INFO     Using PUCT-guided move selection (priors integrated during search)...
INFO     Policy 0: switch wyrdeer visited 82.32% avg_score=0.418 sample_chance_multiplier=0.125
INFO     Policy 1: ironhead visited 53.85% avg_score=0.436 sample_chance_multiplier=0.125
INFO     Policy 2: switch wyrdeer visited 85.17% avg_score=0.358 sample_chance_multiplier=0.125
INFO     Policy 3: switch wyrdeer visited 71.75% avg_score=0.417 sample_chance_multiplier=0.125
INFO     Policy 4: switch wyrdeer visited 90.72% avg_score=0.388 sample_chance_multiplier=0.125
INFO     Policy 5: switch wyrdeer visited 71.51% avg_score=0.441 sample_chance_multiplier=0.125
INFO     Policy 6: switch wyrdeer visited 82.88% avg_score=0.408 sample_chance_multiplier=0.125
INFO     Policy 7: switch wyrdeer visited 77.35% avg_score=0.452 sample_chance_multiplier=0.125
INFO     Considered Choices:
INFO     	73.399%: switch wyrdeer
INFO     Choice: switch wyrdeer
INFO     wyrdeer switched in, adding intimidate to impossible abilities
INFO     wyrdeer switched in, adding pressure to impossible abilities
INFO     wyrdeer switched in, adding neutralizinggas to impossible abilities
INFO     wyrdeer switched in, adding sandstream to impossible abilities
INFO     wyrdeer switched in, adding drought to impossible abilities
INFO     wyrdeer switched in, adding drizzle to impossible abilities
INFO     wyrdeer switched in, adding snowwarning to impossible abilities
INFO     wyrdeer switched in, adding boosterenergy to impossible items
INFO     wyrdeer switched in, adding airballoon to impossible items
INFO     wyrdeer's speed was unboosted by 1 to -1
INFO     Setting wyrdeer's ability to intimidate
INFO     dewgong's attack was unboosted by 1 to -1
INFO     dewgong used a ice move, removing icegem from possible items
INFO     Setting dewgong's last used move: tripleaxel
INFO     dewgong used a damaging move - not guessing lifeorb anymore
INFO     dewgong did 4.67% damage to wyrdeer with tripleaxel
INFO     Setting wyrdeer's item to: leftovers
INFO     dewgong has less than maxhp during upkeep, no longer guessing leftovers or blacksludge
INFO     
INFO     Turn: 5
INFO     Sampling battle 0
INFO     	        dewgong     thickfat heavydutyboots [encore, flipturn, surf, tripleaxel] ttype=dragon
INFO     	     chandelure    flashfire heavydutyboots [calmmind, fireblast, flamecharge, shadowball] ttype=fire
INFO     	     masquerain   intimidate heavydutyboots [hurricane, hydropump, stickyweb, stunspore] ttype=water
INFO     Sampling 3 unrevealed pokemon
INFO     	   slowbrogalar  regenerator  assaultvest [earthquake, psychic, shellsidearm, surf] ttype=water
INFO     	        dedenne   cheekpouch  sitrusberry [dazzlinggleam, nuzzle, superfang, thunderbolt] ttype=flying
INFO     	 arceusfighting    multitype    fistplate [bodypress, irondefense, recover, shadowball] ttype=steel
INFO     Sampling battle 1
INFO     	        dewgong     thickfat heavydutyboots [encore, knockoff, surf, tripleaxel] ttype=grass
INFO     	     chandelure    flashfire  choicescarf [energyball, fireblast, shadowball, trick] ttype=fire
INFO     	     masquerain   intimidate heavydutyboots [bugbuzz, hurricane, stickyweb, stunspore] ttype=ground
INFO     Sampling 3 unrevealed pokemon
INFO     	       tinkaton  moldbreaker    leftovers [gigatonhammer, playrough, protect, swordsdance] ttype=steel
INFO     	      greattusk protosynthesis boosterenergy [bulkup, closecombat, earthquake, rapidspin] ttype=ground
INFO     	        darkrai    baddreams      lifeorb [darkpulse, hypnosis, nastyplot, sludgebomb] ttype=poison
INFO     Sampling battle 2
INFO     	        dewgong     thickfat heavydutyboots [encore, flipturn, surf, tripleaxel] ttype=poison
INFO     	     chandelure    flashfire heavydutyboots [calmmind, fireblast, painsplit, shadowball] ttype=fire
INFO     	     masquerain   intimidate heavydutyboots [bugbuzz, hurricane, stickyweb, uturn] ttype=ground
INFO     Sampling 3 unrevealed pokemon
INFO     	urshifurapidstrike   unseenfist   choiceband [aquajet, closecombat, surgingstrikes, uturn] ttype=water
INFO     	     oinkologne     thickfat    leftovers [curse, doubleedge, highhorsepower, lashout] ttype=ground
INFO     	 arceusfighting    multitype    fistplate [bodypress, irondefense, recover, shadowball] ttype=steel
INFO     Sampling battle 3
INFO     	        dewgong     thickfat heavydutyboots [encore, knockoff, surf, tripleaxel] ttype=steel
INFO     	     chandelure    flashfire heavydutyboots [calmmind, energyball, fireblast, shadowball] ttype=ghost
INFO     	     masquerain   intimidate heavydutyboots [hurricane, hydropump, stickyweb, uturn] ttype=water
INFO     Sampling 3 unrevealed pokemon
INFO     	       appletun     thickfat    leftovers [appleacid, dracometeor, leechseed, recover] ttype=steel
INFO     	       clodsire      unaware    leftovers [curse, earthquake, gunkshot, recover] ttype=flying
INFO     	       vigoroth  vitalspirit     eviolite [bodyslam, bulkup, knockoff, slackoff] ttype=ghost
INFO     Searching for a move using PUCT MCTS with neural priors...
INFO     Sampling 4 battles at 500ms each
INFO     Computing neural priors for all battles...
INFO     Initialized StateTranslator with TeamPreviewObservationSpace
INFO     Initializing LocalPolicyProvider with model: Minikazam
INFO     Loading pretrained Minikazam model...


 		 AMAGO v3.1
            	 -------------------------
            	 Agent: Agent
            		 Max Sequence Length: 64
            		 TstepEncoder Type: MetamonPerceiverTstepEncoder
            		 TrajEncoder Type: GRUTrajEncoder
            		 Total Parameters: 4,761,778
            		 Offline Loss Weight: 1.0
            		 Online Loss Weight: 0.0
            		 Mixed Precision: NO
            		 Checkpoint Path: /Users/yadureddy/Documents/GitHub/clean/pokeagent_ac_mcts/.metamon_cache/pretrained_models/models--jakegrigsby--metamon/snapshots/c5d1cb9abb6747066a325228845a5a8af3d12139/minikazam/minikazam/ckpts
            	 Environment:
            		 DummyAsyncVectorEnv(Gym Env x 1)
            		 Exploration Type: None
            	 Dataset: DoNothingDataset
            	 Accelerate Processes: 1 


INFO     Successfully loaded Minikazam model
ERROR    Error translating battle to observation: 
WARNING  Failed to get priors for battle: 
ERROR    Error translating battle to observation: 
WARNING  Failed to get priors for battle: 
ERROR    Error translating battle to observation: 
WARNING  Failed to get priors for battle: 
ERROR    Error translating battle to observation: 
WARNING  Failed to get priors for battle: 
INFO     Successfully computed neural priors for 0/4 battles
INFO     Using PUCT-guided move selection (priors integrated during search)...
INFO     Policy 0: thunderwave visited 55.82% avg_score=0.493 sample_chance_multiplier=0.25
INFO     Policy 1: bodyslam visited 84.26% avg_score=0.512 sample_chance_multiplier=0.25
INFO     Policy 2: thunderwave visited 93.23% avg_score=0.466 sample_chance_multiplier=0.25
INFO     Policy 3: bodyslam visited 68.28% avg_score=0.513 sample_chance_multiplier=0.25
INFO     Considered Choices:
INFO     	48.412%: bodyslam
INFO     	41.137%: thunderwave
INFO     Choice: bodyslam
INFO     Updated dewgong's min speed to 108
INFO     dewgong used two different moves - it cannot have a choice item
INFO     dewgong used a water move, removing watergem from possible items
INFO     Setting dewgong's last used move: flipturn
INFO     dewgong used a damaging move - not guessing lifeorb anymore
INFO     dewgong did 14.330000000000002% damage to wyrdeer with flipturn
INFO     Opponent has switched - clearing the last used move
INFO     vaporeon switched in, adding intimidate to impossible abilities
INFO     vaporeon switched in, adding pressure to impossible abilities
INFO     vaporeon switched in, adding neutralizinggas to impossible abilities
INFO     vaporeon switched in, adding sandstream to impossible abilities
INFO     vaporeon switched in, adding drought to impossible abilities
INFO     vaporeon switched in, adding drizzle to impossible abilities
INFO     vaporeon switched in, adding snowwarning to impossible abilities
INFO     vaporeon switched in, adding boosterenergy to impossible items
INFO     vaporeon switched in, adding airballoon to impossible items
INFO     wyrdeer already has the move bodyslam. Decrementing the PP by 1
INFO     wyrdeer used a normal move, removing normalgem from possible items
INFO     Setting wyrdeer's last used move: bodyslam
INFO     wyrdeer used a damaging move - not guessing lifeorb anymore
INFO     wyrdeer did 36.0% damage to vaporeon with bodyslam
INFO     vaporeon got status: par
INFO     No longer guessing lumberry because vaporeon got status par
INFO     Setting wyrdeer's item to: leftovers
INFO     Setting vaporeon's item to: leftovers
INFO     vaporeon has less than maxhp during upkeep, no longer guessing leftovers or blacksludge
INFO     
INFO     Turn: 6
INFO     Sampling battle 0
INFO     	       vaporeon  waterabsorb    leftovers [protect, roar, scald, wish] ttype=poison
INFO     	     chandelure    flashfire  choicescarf [energyball, fireblast, shadowball, trick] ttype=ghost
INFO     	     masquerain   intimidate heavydutyboots [bugbuzz, hurricane, stickyweb, uturn] ttype=steel
INFO     	        dewgong     thickfat heavydutyboots [encore, flipturn, surf, tripleaxel] ttype=steel
INFO     Sampling 2 unrevealed pokemon
INFO     	       smeargle     owntempo    focussash [ceaselessedge, spore, stealthrock, stickyweb] ttype=ghost
INFO     	    ironboulder   quarkdrive      lifeorb [closecombat, mightycleave, swordsdance, zenheadbutt] ttype=fighting
INFO     Sampling battle 1
INFO     	       vaporeon  waterabsorb    leftovers [flipturn, protect, scald, wish] ttype=ghost
INFO     	     chandelure    flashfire heavydutyboots [calmmind, energyball, fireblast, shadowball] ttype=grass
INFO     	     masquerain   intimidate heavydutyboots [bugbuzz, hurricane, hydropump, stickyweb] ttype=ground
INFO     	        dewgong     thickfat heavydutyboots [encore, flipturn, surf, tripleaxel] ttype=poison
INFO     Sampling 2 unrevealed pokemon
INFO     	      ironcrown   quarkdrive    leftovers [calmmind, focusblast, psyshock, tachyoncutter] ttype=fighting
INFO     	      palossand watercompaction    leftovers [earthpower, shadowball, shoreup, stealthrock] ttype=water
INFO     Sampling battle 2
INFO     	       vaporeon  waterabsorb    leftovers [calmmind, protect, scald, wish] ttype=ghost
INFO     	     chandelure    flashfire heavydutyboots [calmmind, fireblast, shadowball, willowisp] ttype=ghost
INFO     	     masquerain   intimidate heavydutyboots [bugbuzz, hurricane, hydropump, stickyweb] ttype=water
INFO     	        dewgong     thickfat heavydutyboots [encore, flipturn, surf, tripleaxel] ttype=ground
INFO     Sampling 2 unrevealed pokemon
INFO     	      sandslash     sandrush    leftovers [earthquake, knockoff, spikes, stoneedge] ttype=dragon
INFO     	        jirachi  serenegrace  choicescarf [healingwish, ironhead, psychic, uturn] ttype=water
INFO     Sampling battle 3
INFO     	       vaporeon  waterabsorb    leftovers [flipturn, protect, scald, wish] ttype=poison
INFO     	     chandelure    flashfire heavydutyboots [calmmind, energyball, fireblast, shadowball] ttype=grass
INFO     	     masquerain   intimidate heavydutyboots [hurricane, hydropump, stickyweb, stunspore] ttype=ground
INFO     	        dewgong     thickfat heavydutyboots [encore, flipturn, surf, tripleaxel] ttype=steel
INFO     Sampling 2 unrevealed pokemon
INFO     	      eternatus     pressure    leftovers [dynamaxcannon, flamethrower, recover, toxicspikes] ttype=dragon
INFO     	      mismagius     levitate  choicespecs [dazzlinggleam, energyball, mysticalfire, shadowball] ttype=fire
INFO     Searching for a move using PUCT MCTS with neural priors...
INFO     Sampling 4 battles at 500ms each
INFO     Computing neural priors for all battles...
INFO     Initialized StateTranslator with TeamPreviewObservationSpace
INFO     Initializing LocalPolicyProvider with model: Minikazam
INFO     Loading pretrained Minikazam model...


 		 AMAGO v3.1
            	 -------------------------
            	 Agent: Agent
            		 Max Sequence Length: 64
            		 TstepEncoder Type: MetamonPerceiverTstepEncoder
            		 TrajEncoder Type: GRUTrajEncoder
            		 Total Parameters: 4,761,778
            		 Offline Loss Weight: 1.0
            		 Online Loss Weight: 0.0
            		 Mixed Precision: NO
            		 Checkpoint Path: /Users/yadureddy/Documents/GitHub/clean/pokeagent_ac_mcts/.metamon_cache/pretrained_models/models--jakegrigsby--metamon/snapshots/c5d1cb9abb6747066a325228845a5a8af3d12139/minikazam/minikazam/ckpts
            	 Environment:
            		 DummyAsyncVectorEnv(Gym Env x 1)
            		 Exploration Type: None
            	 Dataset: DoNothingDataset
            	 Accelerate Processes: 1 


INFO     Successfully loaded Minikazam model
ERROR    Error translating battle to observation: 
WARNING  Failed to get priors for battle: 
ERROR    Error translating battle to observation: 
WARNING  Failed to get priors for battle: 
ERROR    Error translating battle to observation: 
WARNING  Failed to get priors for battle: 
ERROR    Error translating battle to observation: 
WARNING  Failed to get priors for battle: 
INFO     Successfully computed neural priors for 0/4 battles
INFO     Using PUCT-guided move selection (priors integrated during search)...
INFO     Policy 0: bodyslam visited 90.16% avg_score=0.567 sample_chance_multiplier=0.25
INFO     Policy 1: bodyslam visited 61.79% avg_score=0.479 sample_chance_multiplier=0.25
INFO     Policy 2: bodyslam visited 91.25% avg_score=0.553 sample_chance_multiplier=0.25
INFO     Policy 3: bodyslam visited 91.24% avg_score=0.548 sample_chance_multiplier=0.25
INFO     Considered Choices:
INFO     	83.607%: bodyslam
INFO     Choice: bodyslam
INFO     wyrdeer already has the move bodyslam. Decrementing the PP by 1
INFO     wyrdeer used a normal move, removing normalgem from possible items
INFO     Setting wyrdeer's last used move: bodyslam
INFO     wyrdeer used a damaging move - not guessing lifeorb anymore
INFO     wyrdeer did 36.0% damage to vaporeon with bodyslam
INFO     Setting wyrdeer's item to: leftovers
INFO     Setting vaporeon's item to: leftovers
INFO     vaporeon has less than maxhp during upkeep, no longer guessing leftovers or blacksludge
INFO     
INFO     Turn: 7
INFO     Sampling battle 0
INFO     	       vaporeon  waterabsorb    leftovers [protect, roar, scald, wish] ttype=ground
INFO     	     chandelure    flashfire heavydutyboots [calmmind, fireblast, painsplit, shadowball] ttype=ghost
INFO     	     masquerain   intimidate heavydutyboots [hurricane, stickyweb, stunspore, uturn] ttype=ground
INFO     	        dewgong     thickfat heavydutyboots [encore, flipturn, surf, tripleaxel] ttype=ground
INFO     Sampling 2 unrevealed pokemon
INFO     	       cinccino   technician   loadeddice [bulletseed, tailslap, tidyup, tripleaxel] ttype=normal
INFO     	       rotommow     levitate  choicescarf [leafstorm, thunderbolt, trick, voltswitch] ttype=electric
INFO     Sampling battle 1
INFO     	       vaporeon  waterabsorb    leftovers [flipturn, protect, scald, wish] ttype=ground
INFO     	     chandelure    flashfire  choicescarf [energyball, fireblast, shadowball, trick] ttype=ghost
INFO     	     masquerain   intimidate heavydutyboots [bugbuzz, hurricane, stickyweb, stunspore] ttype=steel
INFO     	        dewgong     thickfat  assaultvest [flipturn, knockoff, surf, tripleaxel] ttype=ground
INFO     Sampling 2 unrevealed pokemon
INFO     	zamazentacrowned dauntlessshield rustedshield [bodypress, heavyslam, irondefense, stoneedge] ttype=ghost
INFO     	       appletun     thickfat    leftovers [appleacid, dragonpulse, leechseed, recover] ttype=steel
INFO     Sampling battle 2
INFO     	       vaporeon  waterabsorb    leftovers [calmmind, protect, scald, wish] ttype=poison
INFO     	     chandelure    flashfire  choicescarf [energyball, fireblast, shadowball, trick] ttype=ghost
INFO     	     masquerain   intimidate heavydutyboots [hurricane, stickyweb, stunspore, uturn] ttype=steel
INFO     	        dewgong     thickfat  assaultvest [flipturn, knockoff, surf, tripleaxel] ttype=poison
INFO     Sampling 2 unrevealed pokemon
INFO     	      garganacl purifyingsalt    leftovers [earthquake, protect, recover, saltcure] ttype=dragon
INFO     	         goodra    sapsipper  assaultvest [dracometeor, dragontail, fireblast, knockoff] ttype=fire
INFO     Sampling battle 3
INFO     	       vaporeon  waterabsorb    leftovers [flipturn, protect, scald, wish] ttype=ground
INFO     	     chandelure    flashfire  choicescarf [energyball, fireblast, shadowball, trick] ttype=grass
INFO     	     masquerain   intimidate heavydutyboots [bugbuzz, hurricane, hydropump, stickyweb] ttype=ground
INFO     	        dewgong     thickfat heavydutyboots [encore, flipturn, surf, tripleaxel] ttype=grass
INFO     Sampling 2 unrevealed pokemon
INFO     	      eternatus     pressure  rockyhelmet [dynamaxcannon, flamethrower, recover, toxicspikes] ttype=water
INFO     	      gardevoir        trace      lifeorb [calmmind, moonblast, mysticalfire, psychic] ttype=fire
INFO     Searching for a move using PUCT MCTS with neural priors...
INFO     Sampling 4 battles at 500ms each
INFO     Computing neural priors for all battles...
INFO     Initialized StateTranslator with TeamPreviewObservationSpace
INFO     Initializing LocalPolicyProvider with model: Minikazam
INFO     Loading pretrained Minikazam model...


 		 AMAGO v3.1
            	 -------------------------
            	 Agent: Agent
            		 Max Sequence Length: 64
            		 TstepEncoder Type: MetamonPerceiverTstepEncoder
            		 TrajEncoder Type: GRUTrajEncoder
            		 Total Parameters: 4,761,778
            		 Offline Loss Weight: 1.0
            		 Online Loss Weight: 0.0
            		 Mixed Precision: NO
            		 Checkpoint Path: /Users/yadureddy/Documents/GitHub/clean/pokeagent_ac_mcts/.metamon_cache/pretrained_models/models--jakegrigsby--metamon/snapshots/c5d1cb9abb6747066a325228845a5a8af3d12139/minikazam/minikazam/ckpts
            	 Environment:
            		 DummyAsyncVectorEnv(Gym Env x 1)
            		 Exploration Type: None
            	 Dataset: DoNothingDataset
            	 Accelerate Processes: 1 


INFO     Successfully loaded Minikazam model
ERROR    Error translating battle to observation: 
WARNING  Failed to get priors for battle: 
ERROR    Error translating battle to observation: 
WARNING  Failed to get priors for battle: 
ERROR    Error translating battle to observation: 
WARNING  Failed to get priors for battle: 
ERROR    Error translating battle to observation: 
WARNING  Failed to get priors for battle: 
INFO     Successfully computed neural priors for 0/4 battles
INFO     Using PUCT-guided move selection (priors integrated during search)...
INFO     Policy 0: bodyslam visited 89.79% avg_score=0.552 sample_chance_multiplier=0.25
INFO     Policy 1: bodyslam visited 93.95% avg_score=0.544 sample_chance_multiplier=0.25
INFO     Policy 2: bodyslam visited 63.21% avg_score=0.553 sample_chance_multiplier=0.25
INFO     Policy 3: bodyslam visited 95.84% avg_score=0.55 sample_chance_multiplier=0.25
INFO     Considered Choices:
INFO     	85.697%: bodyslam
INFO     Choice: bodyslam
INFO     Updated vaporeon's max speed to 216
INFO     wyrdeer already has the move bodyslam. Decrementing the PP by 1
INFO     wyrdeer used a normal move, removing normalgem from possible items
INFO     Setting wyrdeer's last used move: bodyslam
INFO     wyrdeer used a damaging move - not guessing lifeorb anymore
INFO     wyrdeer did 34.0% damage to vaporeon with bodyslam
INFO     vaporeon used two different moves - it cannot have a choice item
INFO     vaporeon used a water move, removing watergem from possible items
INFO     Setting vaporeon's last used move: scald
INFO     vaporeon used a damaging move - not guessing lifeorb anymore
INFO     vaporeon did 33.96% damage to wyrdeer with scald
INFO     wyrdeer got status: brn
INFO     No longer guessing lumberry because wyrdeer got status brn
INFO     Setting wyrdeer's item to: leftovers
INFO     Setting vaporeon's item to: leftovers
INFO     vaporeon has less than maxhp during upkeep, no longer guessing leftovers or blacksludge
INFO     
INFO     Turn: 8
INFO     Sampling battle 0
INFO     	       vaporeon  waterabsorb    leftovers [haze, protect, scald, wish] ttype=ground
INFO     	     chandelure    flamebody heavydutyboots [calmmind, fireblast, shadowball, willowisp] ttype=fire
INFO     	     masquerain   intimidate heavydutyboots [bugbuzz, hurricane, stickyweb, uturn] ttype=ground
INFO     	        dewgong     thickfat heavydutyboots [encore, flipturn, surf, tripleaxel] ttype=poison
INFO     Sampling 2 unrevealed pokemon
INFO     	    ironvaliant   quarkdrive      lifeorb [calmmind, closecombat, moonblast, psychic] ttype=fairy
INFO     	        jolteon   voltabsorb  choicespecs [alluringvoice, shadowball, thunderbolt, voltswitch] ttype=fairy
INFO     Sampling battle 1
INFO     	       vaporeon  waterabsorb    leftovers [protect, roar, scald, wish] ttype=ghost
INFO     	     chandelure    flashfire  choicescarf [energyball, fireblast, shadowball, trick] ttype=fire
INFO     	     masquerain   intimidate heavydutyboots [hurricane, stickyweb, stunspore, uturn] ttype=ground
INFO     	        dewgong     thickfat heavydutyboots [encore, flipturn, surf, tripleaxel] ttype=dragon
INFO     Sampling 2 unrevealed pokemon
INFO     	      amoonguss  regenerator    leftovers [clearsmog, gigadrain, sludgebomb, spore] ttype=steel
INFO     	        blissey  naturalcure    leftovers [seismictoss, softboiled, stealthrock, thunderwave] ttype=ghost
INFO     Sampling battle 2
INFO     	       vaporeon  waterabsorb    leftovers [calmmind, protect, scald, wish] ttype=ground
INFO     	     chandelure    flashfire  choicescarf [energyball, fireblast, shadowball, trick] ttype=ghost
INFO     	     masquerain   intimidate heavydutyboots [bugbuzz, hurricane, hydropump, stickyweb] ttype=water
INFO     	        dewgong     thickfat  assaultvest [flipturn, knockoff, surf, tripleaxel] ttype=dragon
INFO     Sampling 2 unrevealed pokemon
INFO     	      amoonguss  regenerator  rockyhelmet [clearsmog, gigadrain, sludgebomb, spore] ttype=steel
INFO     	 electrodehisui    aftermath      lifeorb [gigadrain, taunt, thunderbolt, thunderwave] ttype=grass
INFO     Sampling battle 3
INFO     	       vaporeon  waterabsorb    leftovers [protect, roar, scald, wish] ttype=ground
INFO     	     chandelure    flashfire heavydutyboots [calmmind, energyball, fireblast, shadowball] ttype=grass
INFO     	     masquerain   intimidate heavydutyboots [hurricane, hydropump, stickyweb, uturn] ttype=water
INFO     	        dewgong     thickfat  assaultvest [flipturn, knockoff, surf, tripleaxel] ttype=poison
INFO     Sampling 2 unrevealed pokemon
INFO     	     conkeldurr         guts     flameorb [closecombat, facade, knockoff, machpunch] ttype=normal
INFO     	        gliscor   poisonheal     toxicorb [earthquake, knockoff, protect, toxicspikes] ttype=water
INFO     Searching for a move using PUCT MCTS with neural priors...
INFO     Sampling 4 battles at 500ms each
INFO     Computing neural priors for all battles...
INFO     Initialized StateTranslator with TeamPreviewObservationSpace
INFO     Initializing LocalPolicyProvider with model: Minikazam
INFO     Loading pretrained Minikazam model...


 		 AMAGO v3.1
            	 -------------------------
            	 Agent: Agent
            		 Max Sequence Length: 64
            		 TstepEncoder Type: MetamonPerceiverTstepEncoder
            		 TrajEncoder Type: GRUTrajEncoder
            		 Total Parameters: 4,761,778
            		 Offline Loss Weight: 1.0
            		 Online Loss Weight: 0.0
            		 Mixed Precision: NO
            		 Checkpoint Path: /Users/yadureddy/Documents/GitHub/clean/pokeagent_ac_mcts/.metamon_cache/pretrained_models/models--jakegrigsby--metamon/snapshots/c5d1cb9abb6747066a325228845a5a8af3d12139/minikazam/minikazam/ckpts
            	 Environment:
            		 DummyAsyncVectorEnv(Gym Env x 1)
            		 Exploration Type: None
            	 Dataset: DoNothingDataset
            	 Accelerate Processes: 1 


INFO     Successfully loaded Minikazam model
ERROR    Error translating battle to observation: 
WARNING  Failed to get priors for battle: 
ERROR    Error translating battle to observation: 
WARNING  Failed to get priors for battle: 
ERROR    Error translating battle to observation: 
WARNING  Failed to get priors for battle: 
ERROR    Error translating battle to observation: 
WARNING  Failed to get priors for battle: 
INFO     Successfully computed neural priors for 0/4 battles
INFO     Using PUCT-guided move selection (priors integrated during search)...
INFO     Policy 0: psychicnoise visited 55.94% avg_score=0.557 sample_chance_multiplier=0.25
INFO     Policy 1: bodyslam visited 31.68% avg_score=0.57 sample_chance_multiplier=0.25
INFO     Policy 2: bodyslam visited 39.03% avg_score=0.596 sample_chance_multiplier=0.25
INFO     Policy 3: psychicnoise visited 57.59% avg_score=0.537 sample_chance_multiplier=0.25
INFO     Considered Choices:
INFO     	37.619%: psychicnoise
INFO     Choice: psychicnoise
INFO     vaporeon used two different moves - it cannot have a choice item
INFO     vaporeon used a status-move. Adding `assaultvest` to impossible items
INFO     Setting vaporeon's last used move: protect
INFO     vaporeon used a protect move, set protect side condition to 2
INFO     wyrdeer already has the move psychicnoise. Decrementing the PP by 1
INFO     wyrdeer used a psychic move, removing psychicgem from possible items
INFO     Setting wyrdeer's last used move: psychicnoise
INFO     wyrdeer used a damaging move - not guessing lifeorb anymore
INFO     Setting wyrdeer's item to: leftovers
INFO     Setting vaporeon's item to: leftovers
INFO     Setting protect to 1 for the opponent
INFO     vaporeon has less than maxhp during upkeep, no longer guessing leftovers or blacksludge
INFO     
INFO     Turn: 9
INFO     Sampling battle 0
INFO     	       vaporeon  waterabsorb    leftovers [calmmind, protect, scald, wish] ttype=poison
INFO     	     chandelure    flashfire heavydutyboots [calmmind, energyball, fireblast, shadowball] ttype=grass
INFO     	     masquerain   intimidate heavydutyboots [hurricane, stickyweb, stunspore, uturn] ttype=steel
INFO     	        dewgong     thickfat heavydutyboots [encore, flipturn, surf, tripleaxel] ttype=poison
INFO     Sampling 2 unrevealed pokemon
INFO     	   crabominable     ironfist   choiceband [closecombat, earthquake, icehammer, knockoff] ttype=fighting
INFO     	taurospaldeablaze      cudchew  sitrusberry [bulkup, closecombat, ragingbull, substitute] ttype=water
INFO     Sampling battle 1
INFO     	       vaporeon  waterabsorb    leftovers [haze, protect, scald, wish] ttype=poison
INFO     	     chandelure    flashfire  choicescarf [energyball, fireblast, shadowball, trick] ttype=ghost
INFO     	     masquerain   intimidate heavydutyboots [hurricane, stickyweb, stunspore, uturn] ttype=ground
INFO     	        dewgong     thickfat heavydutyboots [encore, flipturn, surf, tripleaxel] ttype=steel
INFO     Sampling 2 unrevealed pokemon
INFO     	        seviper  infiltrator      lifeorb [earthquake, flamethrower, glare, gunkshot] ttype=fire
INFO     	        carbink       sturdy  chestoberry [bodypress, irondefense, moonblast, rest] ttype=fighting
INFO     Sampling battle 2
INFO     	       vaporeon  waterabsorb    leftovers [protect, roar, scald, wish] ttype=poison
INFO     	     chandelure    flashfire heavydutyboots [calmmind, energyball, fireblast, shadowball] ttype=fire
INFO     	     masquerain   intimidate heavydutyboots [bugbuzz, hurricane, hydropump, stickyweb] ttype=ground
INFO     	        dewgong     thickfat heavydutyboots [encore, flipturn, surf, tripleaxel] ttype=grass
INFO     Sampling 2 unrevealed pokemon
INFO     	       koraidon orichalcumpulse   loadeddice [collisioncourse, flareblitz, scaleshot, swordsdance] ttype=fire
INFO     	      reuniclus   magicguard      lifeorb [calmmind, focusblast, psychic, recover] ttype=fighting
INFO     Sampling battle 3
INFO     	       vaporeon  waterabsorb    leftovers [protect, roar, scald, wish] ttype=ground
INFO     	     chandelure    flashfire  choicescarf [energyball, fireblast, shadowball, trick] ttype=grass
INFO     	     masquerain   intimidate heavydutyboots [hurricane, hydropump, stickyweb, stunspore] ttype=water
INFO     	        dewgong     thickfat heavydutyboots [encore, flipturn, surf, tripleaxel] ttype=ground
INFO     Sampling 2 unrevealed pokemon
INFO     	       ampharos       static  assaultvest [dazzlinggleam, discharge, focusblast, voltswitch] ttype=fairy
INFO     	      hydrapple  regenerator    leftovers [earthpower, ficklebeam, nastyplot, recover] ttype=steel
INFO     Searching for a move using PUCT MCTS with neural priors...
INFO     Sampling 4 battles at 500ms each
INFO     Computing neural priors for all battles...
INFO     Initialized StateTranslator with TeamPreviewObservationSpace
INFO     Initializing LocalPolicyProvider with model: Minikazam
INFO     Loading pretrained Minikazam model...


 		 AMAGO v3.1
            	 -------------------------
            	 Agent: Agent
            		 Max Sequence Length: 64
            		 TstepEncoder Type: MetamonPerceiverTstepEncoder
            		 TrajEncoder Type: GRUTrajEncoder
            		 Total Parameters: 4,761,778
            		 Offline Loss Weight: 1.0
            		 Online Loss Weight: 0.0
            		 Mixed Precision: NO
            		 Checkpoint Path: /Users/yadureddy/Documents/GitHub/clean/pokeagent_ac_mcts/.metamon_cache/pretrained_models/models--jakegrigsby--metamon/snapshots/c5d1cb9abb6747066a325228845a5a8af3d12139/minikazam/minikazam/ckpts
            	 Environment:
            		 DummyAsyncVectorEnv(Gym Env x 1)
            		 Exploration Type: None
            	 Dataset: DoNothingDataset
            	 Accelerate Processes: 1 


INFO     Successfully loaded Minikazam model
ERROR    Error translating battle to observation: 
WARNING  Failed to get priors for battle: 
ERROR    Error translating battle to observation: 
WARNING  Failed to get priors for battle: 
ERROR    Error translating battle to observation: 
WARNING  Failed to get priors for battle: 
ERROR    Error translating battle to observation: 
WARNING  Failed to get priors for battle: 
INFO     Successfully computed neural priors for 0/4 battles
INFO     Using PUCT-guided move selection (priors integrated during search)...
INFO     Policy 0: psychicnoise visited 90.68% avg_score=0.613 sample_chance_multiplier=0.25
INFO     Policy 1: psychicnoise visited 86.92% avg_score=0.595 sample_chance_multiplier=0.25
INFO     Policy 2: bodyslam visited 80.25% avg_score=0.547 sample_chance_multiplier=0.25
INFO     Policy 3: psychicnoise visited 82.58% avg_score=0.547 sample_chance_multiplier=0.25
INFO     Considered Choices:
INFO     	66.17%: psychicnoise
INFO     Choice: psychicnoise
INFO     Opponent has switched - clearing the last used move
INFO     mismagius switched in, adding intimidate to impossible abilities
INFO     mismagius switched in, adding pressure to impossible abilities
INFO     mismagius switched in, adding neutralizinggas to impossible abilities
INFO     mismagius switched in, adding sandstream to impossible abilities
INFO     mismagius switched in, adding drought to impossible abilities
INFO     mismagius switched in, adding drizzle to impossible abilities
INFO     mismagius switched in, adding snowwarning to impossible abilities
INFO     mismagius switched in, adding boosterenergy to impossible items
INFO     mismagius switched in, adding airballoon to impossible items
INFO     wyrdeer already has the move psychicnoise. Decrementing the PP by 1
INFO     wyrdeer used a psychic move, removing psychicgem from possible items
INFO     Setting wyrdeer's last used move: psychicnoise
INFO     wyrdeer used a damaging move - not guessing lifeorb anymore
INFO     wyrdeer did 28.999999999999996% damage to mismagius with psychicnoise
INFO     Starting the volatile status healblock on mismagius
INFO     Setting wyrdeer's item to: leftovers
INFO     Setting protect to 0 for the opponent
INFO     mismagius has less than maxhp during upkeep, no longer guessing leftovers or blacksludge
INFO     
INFO     Turn: 10
INFO     Sampling battle 0
INFO     	      mismagius     levitate  choicespecs [dazzlinggleam, energyball, shadowball, thunderbolt] ttype=ghost
INFO     	     chandelure    flashfire heavydutyboots [calmmind, energyball, fireblast, shadowball] ttype=grass
INFO     	     masquerain   intimidate heavydutyboots [hurricane, stickyweb, stunspore, uturn] ttype=ground
INFO     	        dewgong     thickfat heavydutyboots [encore, flipturn, surf, tripleaxel] ttype=dragon
INFO     	       vaporeon  waterabsorb    leftovers [protect, roar, scald, wish] ttype=ghost
INFO     Sampling 1 unrevealed pokemon
INFO     	        persian       limber   choiceband [doubleedge, knockoff, switcheroo, uturn] ttype=ghost
INFO     Sampling battle 1
INFO     	      mismagius     levitate      lifeorb [dazzlinggleam, nastyplot, shadowball, thunderbolt] ttype=fairy
INFO     	     chandelure    flashfire heavydutyboots [calmmind, energyball, fireblast, shadowball] ttype=grass
INFO     	     masquerain   intimidate heavydutyboots [hurricane, hydropump, stickyweb, stunspore] ttype=steel
INFO     	        dewgong     thickfat  assaultvest [flipturn, knockoff, surf, tripleaxel] ttype=poison
INFO     	       vaporeon  waterabsorb    leftovers [calmmind, protect, scald, wish] ttype=ghost
INFO     Sampling 1 unrevealed pokemon
INFO     	      rillaboom  grassysurge   choiceband [grassyglide, highhorsepower, uturn, woodhammer] ttype=grass
INFO     Sampling battle 2
INFO     	      mismagius     levitate  choicespecs [energyball, shadowball, thunderbolt, trick] ttype=ghost
INFO     	     chandelure    flashfire heavydutyboots [calmmind, energyball, fireblast, shadowball] ttype=grass
INFO     	     masquerain   intimidate heavydutyboots [bugbuzz, hurricane, stickyweb, stunspore] ttype=ground
INFO     	        dewgong     thickfat heavydutyboots [encore, flipturn, surf, tripleaxel] ttype=grass
INFO     	       vaporeon  waterabsorb    leftovers [protect, roar, scald, wish] ttype=ground
INFO     Sampling 1 unrevealed pokemon
INFO     	       cacturne  waterabsorb      lifeorb [focusblast, knockoff, leafstorm, suckerpunch] ttype=dark
INFO     Sampling battle 3
INFO     	      mismagius     levitate  choicespecs [dazzlinggleam, mysticalfire, shadowball, thunderbolt] ttype=fairy
INFO     	     chandelure    flamebody    leftovers [calmmind, fireblast, shadowball, substitute] ttype=fire
INFO     	     masquerain   intimidate heavydutyboots [hurricane, hydropump, stickyweb, stunspore] ttype=steel
INFO     	        dewgong     thickfat heavydutyboots [encore, flipturn, surf, tripleaxel] ttype=ground
INFO     	       vaporeon  waterabsorb    leftovers [protect, roar, scald, wish] ttype=ground
INFO     Sampling 1 unrevealed pokemon
INFO     	     grimmsnarl    prankster    leftovers [spiritbreak, suckerpunch, taunt, thunderwave] ttype=poison
INFO     Searching for a move using PUCT MCTS with neural priors...
INFO     Sampling 4 battles at 500ms each
INFO     Computing neural priors for all battles...
INFO     Initialized StateTranslator with TeamPreviewObservationSpace
INFO     Initializing LocalPolicyProvider with model: Minikazam
INFO     Loading pretrained Minikazam model...


 		 AMAGO v3.1
            	 -------------------------
            	 Agent: Agent
            		 Max Sequence Length: 64
            		 TstepEncoder Type: MetamonPerceiverTstepEncoder
            		 TrajEncoder Type: GRUTrajEncoder
            		 Total Parameters: 4,761,778
            		 Offline Loss Weight: 1.0
            		 Online Loss Weight: 0.0
            		 Mixed Precision: NO
            		 Checkpoint Path: /Users/yadureddy/Documents/GitHub/clean/pokeagent_ac_mcts/.metamon_cache/pretrained_models/models--jakegrigsby--metamon/snapshots/c5d1cb9abb6747066a325228845a5a8af3d12139/minikazam/minikazam/ckpts
            	 Environment:
            		 DummyAsyncVectorEnv(Gym Env x 1)
            		 Exploration Type: None
            	 Dataset: DoNothingDataset
            	 Accelerate Processes: 1 


INFO     Successfully loaded Minikazam model
ERROR    Error translating battle to observation: 
WARNING  Failed to get priors for battle: 
ERROR    Error translating battle to observation: 
WARNING  Failed to get priors for battle: 
ERROR    Error translating battle to observation: 
WARNING  Failed to get priors for battle: 
ERROR    Error translating battle to observation: 
WARNING  Failed to get priors for battle: 
INFO     Successfully computed neural priors for 0/4 battles
INFO     Using PUCT-guided move selection (priors integrated during search)...
INFO     Policy 0: psychicnoise visited 33.6% avg_score=0.593 sample_chance_multiplier=0.25
INFO     Policy 1: thunderwave visited 70.96% avg_score=0.575 sample_chance_multiplier=0.25
INFO     Policy 2: psychicnoise visited 60.29% avg_score=0.598 sample_chance_multiplier=0.25
INFO     Policy 3: psychicnoise visited 46.29% avg_score=0.573 sample_chance_multiplier=0.25
INFO     Considered Choices:
INFO     	38.185%: psychicnoise
INFO     Choice: psychicnoise
INFO     Updated mismagius's min speed to 108
INFO     mismagius using nastyplot makes it unlikely to have a choice item. Setting can_have_choice_item to False
INFO     mismagius used a status-move. Adding `assaultvest` to impossible items
INFO     Setting mismagius's last used move: nastyplot
INFO     mismagius's special-attack was boosted by 2 to 2
INFO     wyrdeer already has the move psychicnoise. Decrementing the PP by 1
INFO     wyrdeer used a psychic move, removing psychicgem from possible items
INFO     Setting wyrdeer's last used move: psychicnoise
INFO     wyrdeer used a damaging move - not guessing lifeorb anymore
INFO     wyrdeer did 30.0% damage to mismagius with psychicnoise
INFO     Setting wyrdeer's item to: leftovers
INFO     Removing the volatile status healblock from mismagius
INFO     mismagius has less than maxhp during upkeep, no longer guessing leftovers or blacksludge
INFO     
INFO     Turn: 11
INFO     Sampling battle 0
INFO     	      mismagius     levitate      lifeorb [mysticalfire, nastyplot, shadowball, thunderbolt] ttype=electric
INFO     	     chandelure    flashfire heavydutyboots [calmmind, energyball, fireblast, shadowball] ttype=grass
INFO     	     masquerain   intimidate heavydutyboots [bugbuzz, hurricane, hydropump, stickyweb] ttype=steel
INFO     	        dewgong     thickfat  assaultvest [flipturn, knockoff, surf, tripleaxel] ttype=dragon
INFO     	       vaporeon  waterabsorb    leftovers [flipturn, protect, scald, wish] ttype=ghost
INFO     Sampling 1 unrevealed pokemon
INFO     	        gliscor   poisonheal     toxicorb [earthquake, protect, substitute, toxic] ttype=water
INFO     Sampling battle 1
INFO     	      mismagius     levitate      lifeorb [dazzlinggleam, nastyplot, shadowball, thunderbolt] ttype=electric
INFO     	     chandelure    flashfire  choicescarf [energyball, fireblast, shadowball, trick] ttype=grass
INFO     	     masquerain   intimidate heavydutyboots [hurricane, hydropump, stickyweb, stunspore] ttype=water
INFO     	        dewgong     thickfat heavydutyboots [encore, flipturn, surf, tripleaxel] ttype=poison
INFO     	       vaporeon  waterabsorb    leftovers [protect, roar, scald, wish] ttype=poison
INFO     Sampling 1 unrevealed pokemon
INFO     	      ironhands   quarkdrive  assaultvest [closecombat, heavyslam, voltswitch, wildcharge] ttype=electric
INFO     Sampling battle 2
INFO     	      mismagius     levitate      lifeorb [dazzlinggleam, nastyplot, shadowball, thunderbolt] ttype=fairy
INFO     	     chandelure    flashfire heavydutyboots [calmmind, energyball, fireblast, shadowball] ttype=grass
INFO     	     masquerain   intimidate heavydutyboots [hurricane, hydropump, stickyweb, uturn] ttype=water
INFO     	        dewgong     thickfat heavydutyboots [encore, flipturn, surf, tripleaxel] ttype=grass
INFO     	       vaporeon  waterabsorb    leftovers [calmmind, protect, scald, wish] ttype=ghost
INFO     Sampling 1 unrevealed pokemon
INFO     	        calyrex      unnerve    leftovers [bodypress, encore, leechseed, psyshock] ttype=fighting
INFO     Sampling battle 3
INFO     	      mismagius     levitate      lifeorb [mysticalfire, nastyplot, shadowball, thunderbolt] ttype=electric
INFO     	     chandelure    flashfire  choicescarf [energyball, fireblast, shadowball, trick] ttype=fire
INFO     	     masquerain   intimidate heavydutyboots [hurricane, hydropump, stickyweb, stunspore] ttype=water
INFO     	        dewgong     thickfat heavydutyboots [encore, flipturn, surf, tripleaxel] ttype=steel
INFO     	       vaporeon  waterabsorb    leftovers [protect, roar, scald, wish] ttype=ground
INFO     Sampling 1 unrevealed pokemon
INFO     	       clefable   magicguard      lifeorb [knockoff, moonblast, moonlight, thunderwave] ttype=steel
INFO     Searching for a move using PUCT MCTS with neural priors...
INFO     Sampling 4 battles at 500ms each
INFO     Computing neural priors for all battles...
INFO     Initialized StateTranslator with TeamPreviewObservationSpace
INFO     Initializing LocalPolicyProvider with model: Minikazam
INFO     Loading pretrained Minikazam model...


 		 AMAGO v3.1
            	 -------------------------
            	 Agent: Agent
            		 Max Sequence Length: 64
            		 TstepEncoder Type: MetamonPerceiverTstepEncoder
            		 TrajEncoder Type: GRUTrajEncoder
            		 Total Parameters: 4,761,778
            		 Offline Loss Weight: 1.0
            		 Online Loss Weight: 0.0
            		 Mixed Precision: NO
            		 Checkpoint Path: /Users/yadureddy/Documents/GitHub/clean/pokeagent_ac_mcts/.metamon_cache/pretrained_models/models--jakegrigsby--metamon/snapshots/c5d1cb9abb6747066a325228845a5a8af3d12139/minikazam/minikazam/ckpts
            	 Environment:
            		 DummyAsyncVectorEnv(Gym Env x 1)
            		 Exploration Type: None
            	 Dataset: DoNothingDataset
            	 Accelerate Processes: 1 


INFO     Successfully loaded Minikazam model
ERROR    Error translating battle to observation: 
WARNING  Failed to get priors for battle: 
ERROR    Error translating battle to observation: 
WARNING  Failed to get priors for battle: 
ERROR    Error translating battle to observation: 
WARNING  Failed to get priors for battle: 
ERROR    Error translating battle to observation: 
WARNING  Failed to get priors for battle: 
INFO     Successfully computed neural priors for 0/4 battles
INFO     Using PUCT-guided move selection (priors integrated during search)...
INFO     Policy 0: switch haxorus visited 83.98% avg_score=0.406 sample_chance_multiplier=0.25
INFO     Policy 1: thunderwave visited 36.79% avg_score=0.613 sample_chance_multiplier=0.25
INFO     Policy 2: thunderwave visited 51.2% avg_score=0.615 sample_chance_multiplier=0.25
INFO     Policy 3: switch haxorus visited 55.29% avg_score=0.398 sample_chance_multiplier=0.25
INFO     Considered Choices:
INFO     	34.868%: switch haxorus
INFO     Choice: switch haxorus
INFO     haxorus switched in, adding intimidate to impossible abilities
INFO     haxorus switched in, adding pressure to impossible abilities
INFO     haxorus switched in, adding neutralizinggas to impossible abilities
INFO     haxorus switched in, adding sandstream to impossible abilities
INFO     haxorus switched in, adding drought to impossible abilities
INFO     haxorus switched in, adding drizzle to impossible abilities
INFO     haxorus switched in, adding snowwarning to impossible abilities
INFO     haxorus switched in, adding boosterenergy to impossible items
INFO     haxorus switched in, adding airballoon to impossible items
INFO     haxorus's speed was unboosted by 1 to -1
INFO     Setting haxorus's ability to moldbreaker
INFO     mismagius used two different moves - it cannot have a choice item
INFO     mismagius used a normal move, removing normalgem from possible items
INFO     Setting mismagius's last used move: terablast
INFO     mismagius used a damaging move - not guessing lifeorb anymore
INFO     mismagius did 100.0% damage to haxorus with terablast
INFO     Setting mismagius's item to: leftovers
INFO     mismagius has less than maxhp during upkeep, no longer guessing leftovers or blacksludge
INFO     Sampling battle 0
INFO     	      mismagius     levitate    leftovers [nastyplot, shadowball, substitute, terablast] ttype=fighting
INFO     	     chandelure    flashfire  choicescarf [energyball, fireblast, shadowball, trick] ttype=grass
INFO     	     masquerain   intimidate heavydutyboots [bugbuzz, hurricane, hydropump, stickyweb] ttype=ground
INFO     	        dewgong     thickfat heavydutyboots [encore, flipturn, surf, tripleaxel] ttype=dragon
INFO     	       vaporeon  waterabsorb    leftovers [icebeam, protect, scald, wish] ttype=ghost
INFO     Sampling 1 unrevealed pokemon
INFO     	         komala     comatose   choiceband [doubleedge, knockoff, superpower, uturn] ttype=fighting
INFO     Sampling battle 1
INFO     	      mismagius     levitate    leftovers [nastyplot, shadowball, substitute, terablast] ttype=fighting
INFO     	     chandelure    flashfire heavydutyboots [calmmind, fireblast, shadowball, willowisp] ttype=fire
INFO     	     masquerain   intimidate heavydutyboots [bugbuzz, hurricane, hydropump, stickyweb] ttype=steel
INFO     	        dewgong     thickfat heavydutyboots [encore, flipturn, surf, tripleaxel] ttype=grass
INFO     	       vaporeon  waterabsorb    leftovers [calmmind, protect, scald, wish] ttype=ghost
INFO     Sampling 1 unrevealed pokemon
INFO     	         raikou     pressure  choicespecs [scald, shadowball, thunderbolt, voltswitch] ttype=water
INFO     Sampling battle 2
INFO     	      mismagius     levitate    leftovers [nastyplot, shadowball, substitute, terablast] ttype=fighting
INFO     	     chandelure    flashfire heavydutyboots [calmmind, energyball, fireblast, shadowball] ttype=grass
INFO     	     masquerain   intimidate heavydutyboots [hurricane, hydropump, stickyweb, uturn] ttype=steel
INFO     	        dewgong     thickfat  assaultvest [flipturn, knockoff, surf, tripleaxel] ttype=grass
INFO     	       vaporeon  waterabsorb    leftovers [icebeam, protect, scald, wish] ttype=poison
INFO     Sampling 1 unrevealed pokemon
INFO     	       overqwil   intimidate      lifeorb [crunch, gunkshot, liquidation, swordsdance] ttype=water
INFO     Sampling battle 3
INFO     	      mismagius     levitate    leftovers [nastyplot, shadowball, substitute, terablast] ttype=fighting
INFO     	     chandelure    flashfire heavydutyboots [calmmind, energyball, fireblast, shadowball] ttype=grass
INFO     	     masquerain   intimidate heavydutyboots [bugbuzz, hurricane, hydropump, stickyweb] ttype=ground
INFO     	        dewgong     thickfat  assaultvest [flipturn, knockoff, surf, tripleaxel] ttype=grass
INFO     	       vaporeon  waterabsorb    leftovers [flipturn, protect, scald, wish] ttype=poison
INFO     Sampling 1 unrevealed pokemon
INFO     	       miraidon hadronengine  choicespecs [dracometeor, electrodrift, overheat, voltswitch] ttype=electric
INFO     Searching for a move using PUCT MCTS with neural priors...
INFO     Sampling 4 battles at 500ms each
INFO     Computing neural priors for all battles...
INFO     Initialized StateTranslator with TeamPreviewObservationSpace
INFO     Initializing LocalPolicyProvider with model: Minikazam
INFO     Loading pretrained Minikazam model...


 		 AMAGO v3.1
            	 -------------------------
            	 Agent: Agent
            		 Max Sequence Length: 64
            		 TstepEncoder Type: MetamonPerceiverTstepEncoder
            		 TrajEncoder Type: GRUTrajEncoder
            		 Total Parameters: 4,761,778
            		 Offline Loss Weight: 1.0
            		 Online Loss Weight: 0.0
            		 Mixed Precision: NO
            		 Checkpoint Path: /Users/yadureddy/Documents/GitHub/clean/pokeagent_ac_mcts/.metamon_cache/pretrained_models/models--jakegrigsby--metamon/snapshots/c5d1cb9abb6747066a325228845a5a8af3d12139/minikazam/minikazam/ckpts
            	 Environment:
            		 DummyAsyncVectorEnv(Gym Env x 1)
            		 Exploration Type: None
            	 Dataset: DoNothingDataset
            	 Accelerate Processes: 1 


INFO     Successfully loaded Minikazam model
ERROR    Error translating battle to observation: 
WARNING  Failed to get priors for battle: 
ERROR    Error translating battle to observation: 
WARNING  Failed to get priors for battle: 
ERROR    Error translating battle to observation: 
WARNING  Failed to get priors for battle: 
ERROR    Error translating battle to observation: 
WARNING  Failed to get priors for battle: 
INFO     Successfully computed neural priors for 0/4 battles
INFO     Using PUCT-guided move selection (priors integrated during search)...
INFO     Policy 0: switch staraptor visited 98.35% avg_score=0.61 sample_chance_multiplier=0.25
INFO     Policy 1: switch staraptor visited 97.09% avg_score=0.573 sample_chance_multiplier=0.25
INFO     Policy 2: switch staraptor visited 98.03% avg_score=0.594 sample_chance_multiplier=0.25
INFO     Policy 3: switch wyrdeer visited 50.96% avg_score=0.518 sample_chance_multiplier=0.25
INFO     Considered Choices:
INFO     	85.018%: switch staraptor
INFO     Choice: switch staraptor
INFO     staraptor switched in, adding intimidate to impossible abilities
INFO     staraptor switched in, adding pressure to impossible abilities
INFO     staraptor switched in, adding neutralizinggas to impossible abilities
INFO     staraptor switched in, adding sandstream to impossible abilities
INFO     staraptor switched in, adding drought to impossible abilities
INFO     staraptor switched in, adding drizzle to impossible abilities
INFO     staraptor switched in, adding snowwarning to impossible abilities
INFO     staraptor switched in, adding boosterenergy to impossible items
INFO     staraptor switched in, adding airballoon to impossible items
INFO     
INFO     Turn: 12
INFO     Sampling battle 0
INFO     	      mismagius     levitate    leftovers [nastyplot, shadowball, substitute, terablast] ttype=fighting
INFO     	     chandelure    flashfire heavydutyboots [calmmind, energyball, fireblast, shadowball] ttype=grass
INFO     	     masquerain   intimidate heavydutyboots [hurricane, hydropump, stickyweb, uturn] ttype=steel
INFO     	        dewgong     thickfat  assaultvest [flipturn, knockoff, surf, tripleaxel] ttype=grass
INFO     	       vaporeon  waterabsorb    leftovers [calmmind, protect, scald, wish] ttype=ghost
INFO     Sampling 1 unrevealed pokemon
INFO     	       garchomp    roughskin  rockyhelmet [dragontail, earthquake, outrage, stealthrock] ttype=steel
INFO     Sampling battle 1
INFO     	      mismagius     levitate    leftovers [nastyplot, shadowball, substitute, terablast] ttype=fighting
INFO     	     chandelure    flashfire  choicescarf [energyball, fireblast, shadowball, trick] ttype=fire
INFO     	     masquerain   intimidate heavydutyboots [hurricane, stickyweb, stunspore, uturn] ttype=steel
INFO     	        dewgong     thickfat  assaultvest [flipturn, knockoff, surf, tripleaxel] ttype=dragon
INFO     	       vaporeon  waterabsorb    leftovers [protect, roar, scald, wish] ttype=ground
INFO     Sampling 1 unrevealed pokemon
INFO     	    sandyshocks protosynthesis heavydutyboots [earthpower, stealthrock, thunderbolt, voltswitch] ttype=ground
INFO     Sampling battle 2
INFO     	      mismagius     levitate    leftovers [nastyplot, shadowball, substitute, terablast] ttype=fighting
INFO     	     chandelure    flashfire  choicescarf [energyball, fireblast, shadowball, trick] ttype=ghost
INFO     	     masquerain   intimidate heavydutyboots [bugbuzz, hurricane, hydropump, stickyweb] ttype=water
INFO     	        dewgong     thickfat heavydutyboots [encore, flipturn, surf, tripleaxel] ttype=poison
INFO     	       vaporeon  waterabsorb    leftovers [haze, protect, scald, wish] ttype=ground
INFO     Sampling 1 unrevealed pokemon
INFO     	          klawf   angershell   rindoberry [crabhammer, highhorsepower, stoneedge, swordsdance] ttype=ground
INFO     Sampling battle 3
INFO     	      mismagius     levitate    leftovers [nastyplot, shadowball, substitute, terablast] ttype=fighting
INFO     	     chandelure    flashfire  choicescarf [energyball, fireblast, shadowball, trick] ttype=fire
INFO     	     masquerain   intimidate heavydutyboots [hurricane, hydropump, stickyweb, uturn] ttype=ground
INFO     	        dewgong     thickfat  assaultvest [flipturn, knockoff, surf, tripleaxel] ttype=poison
INFO     	       vaporeon  waterabsorb    leftovers [calmmind, protect, scald, wish] ttype=poison
INFO     Sampling 1 unrevealed pokemon
INFO     	      munkidori   toxicchain      lifeorb [focusblast, nastyplot, psyshock, sludgewave] ttype=poison
INFO     Searching for a move using PUCT MCTS with neural priors...
INFO     Sampling 4 battles at 500ms each
INFO     Computing neural priors for all battles...
INFO     Initialized StateTranslator with TeamPreviewObservationSpace
INFO     Initializing LocalPolicyProvider with model: Minikazam
INFO     Loading pretrained Minikazam model...


 		 AMAGO v3.1
            	 -------------------------
            	 Agent: Agent
            		 Max Sequence Length: 64
            		 TstepEncoder Type: MetamonPerceiverTstepEncoder
            		 TrajEncoder Type: GRUTrajEncoder
            		 Total Parameters: 4,761,778
            		 Offline Loss Weight: 1.0
            		 Online Loss Weight: 0.0
            		 Mixed Precision: NO
            		 Checkpoint Path: /Users/yadureddy/Documents/GitHub/clean/pokeagent_ac_mcts/.metamon_cache/pretrained_models/models--jakegrigsby--metamon/snapshots/c5d1cb9abb6747066a325228845a5a8af3d12139/minikazam/minikazam/ckpts
            	 Environment:
            		 DummyAsyncVectorEnv(Gym Env x 1)
            		 Exploration Type: None
            	 Dataset: DoNothingDataset
            	 Accelerate Processes: 1 


INFO     Successfully loaded Minikazam model
ERROR    Error translating battle to observation: 
WARNING  Failed to get priors for battle: 
ERROR    Error translating battle to observation: 
WARNING  Failed to get priors for battle: 
ERROR    Error translating battle to observation: 
WARNING  Failed to get priors for battle: 
ERROR    Error translating battle to observation: 
WARNING  Failed to get priors for battle: 
INFO     Successfully computed neural priors for 0/4 battles
INFO     Using PUCT-guided move selection (priors integrated during search)...
INFO     Policy 0: bravebird visited 93.61% avg_score=0.587 sample_chance_multiplier=0.25
INFO     Policy 1: bravebird visited 82.49% avg_score=0.427 sample_chance_multiplier=0.25
INFO     Policy 2: bravebird visited 98.73% avg_score=0.617 sample_chance_multiplier=0.25
INFO     Policy 3: bravebird visited 98.68% avg_score=0.563 sample_chance_multiplier=0.25
INFO     Considered Choices:
INFO     	93.377%: bravebird
INFO     Choice: bravebird
INFO     Updated mismagius's min speed to 204
INFO     mismagius already has the move terablast. Decrementing the PP by 1
INFO     mismagius used a normal move, removing normalgem from possible items
INFO     Setting mismagius's last used move: terablast
INFO     mismagius used a damaging move - not guessing lifeorb anymore
INFO     mismagius did 65.78% damage to staraptor with terablast
INFO     staraptor already has the move bravebird. Decrementing the PP by 1
INFO     staraptor used a flying move, removing flyinggem from possible items
INFO     Setting staraptor's last used move: bravebird
INFO     staraptor used a damaging move - not guessing lifeorb anymore
INFO     staraptor did 47.0% damage to mismagius with bravebird
INFO     mismagius has less than maxhp during upkeep, no longer guessing leftovers or blacksludge
INFO     Opponent has switched - clearing the last used move
INFO     arceusfighting switched in, adding intimidate to impossible abilities
INFO     arceusfighting switched in, adding pressure to impossible abilities
INFO     arceusfighting switched in, adding neutralizinggas to impossible abilities
INFO     arceusfighting switched in, adding sandstream to impossible abilities
INFO     arceusfighting switched in, adding drought to impossible abilities
INFO     arceusfighting switched in, adding drizzle to impossible abilities
INFO     arceusfighting switched in, adding snowwarning to impossible abilities
INFO     arceusfighting switched in, adding boosterenergy to impossible items
INFO     arceusfighting switched in, adding airballoon to impossible items
INFO     
INFO     Turn: 13
INFO     Sampling battle 0
INFO     	 arceusfighting    multitype    fistplate [bodypress, cosmicpower, recover, storedpower] ttype=steel
INFO     	     chandelure    flashfire  choicescarf [energyball, fireblast, shadowball, trick] ttype=grass
INFO     	     masquerain   intimidate heavydutyboots [bugbuzz, hurricane, hydropump, stickyweb] ttype=ground
INFO     	        dewgong     thickfat heavydutyboots [encore, flipturn, surf, tripleaxel] ttype=poison
INFO     	       vaporeon  waterabsorb    leftovers [icebeam, protect, scald, wish] ttype=ghost
INFO     Sampling battle 1
INFO     	 arceusfighting    multitype    fistplate [bodypress, irondefense, recover, shadowball] ttype=steel
INFO     	     chandelure    flashfire heavydutyboots [calmmind, energyball, fireblast, shadowball] ttype=grass
INFO     	     masquerain   intimidate heavydutyboots [hurricane, hydropump, stickyweb, uturn] ttype=steel
INFO     	        dewgong     thickfat heavydutyboots [encore, flipturn, surf, tripleaxel] ttype=grass
INFO     	       vaporeon  waterabsorb    leftovers [protect, roar, scald, wish] ttype=ghost
INFO     Sampling battle 2
INFO     	 arceusfighting    multitype    fistplate [bodypress, irondefense, recover, shadowball] ttype=steel
INFO     	     chandelure    flashfire  choicescarf [energyball, fireblast, shadowball, trick] ttype=fire
INFO     	     masquerain   intimidate heavydutyboots [hurricane, hydropump, stickyweb, stunspore] ttype=ground
INFO     	        dewgong     thickfat heavydutyboots [encore, flipturn, surf, tripleaxel] ttype=poison
INFO     	       vaporeon  waterabsorb    leftovers [protect, roar, scald, wish] ttype=ground
INFO     Sampling battle 3
INFO     	 arceusfighting    multitype    fistplate [bodypress, irondefense, recover, shadowball] ttype=steel
INFO     	     chandelure    flashfire  choicescarf [energyball, fireblast, shadowball, trick] ttype=grass
INFO     	     masquerain   intimidate heavydutyboots [bugbuzz, hurricane, hydropump, stickyweb] ttype=ground
INFO     	        dewgong     thickfat heavydutyboots [encore, flipturn, surf, tripleaxel] ttype=poison
INFO     	       vaporeon  waterabsorb    leftovers [protect, roar, scald, wish] ttype=poison
INFO     Searching for a move using PUCT MCTS with neural priors...
INFO     Sampling 4 battles at 500ms each
INFO     Computing neural priors for all battles...
INFO     Initialized StateTranslator with TeamPreviewObservationSpace
INFO     Initializing LocalPolicyProvider with model: Minikazam
INFO     Loading pretrained Minikazam model...


 		 AMAGO v3.1
            	 -------------------------
            	 Agent: Agent
            		 Max Sequence Length: 64
            		 TstepEncoder Type: MetamonPerceiverTstepEncoder
            		 TrajEncoder Type: GRUTrajEncoder
            		 Total Parameters: 4,761,778
            		 Offline Loss Weight: 1.0
            		 Online Loss Weight: 0.0
            		 Mixed Precision: NO
            		 Checkpoint Path: /Users/yadureddy/Documents/GitHub/clean/pokeagent_ac_mcts/.metamon_cache/pretrained_models/models--jakegrigsby--metamon/snapshots/c5d1cb9abb6747066a325228845a5a8af3d12139/minikazam/minikazam/ckpts
            	 Environment:
            		 DummyAsyncVectorEnv(Gym Env x 1)
            		 Exploration Type: None
            	 Dataset: DoNothingDataset
            	 Accelerate Processes: 1 


INFO     Successfully loaded Minikazam model
ERROR    Error translating battle to observation: 
WARNING  Failed to get priors for battle: 
ERROR    Error translating battle to observation: 
WARNING  Failed to get priors for battle: 
ERROR    Error translating battle to observation: 
WARNING  Failed to get priors for battle: 
ERROR    Error translating battle to observation: 
WARNING  Failed to get priors for battle: 
INFO     Successfully computed neural priors for 0/4 battles
INFO     Using PUCT-guided move selection (priors integrated during search)...
INFO     Policy 0: switch wyrdeer visited 74.48% avg_score=0.484 sample_chance_multiplier=0.25
INFO     Policy 1: bravebird visited 58.26% avg_score=0.487 sample_chance_multiplier=0.25
INFO     Policy 2: switch wyrdeer visited 69.78% avg_score=0.469 sample_chance_multiplier=0.25
INFO     Policy 3: switch wyrdeer visited 69.11% avg_score=0.468 sample_chance_multiplier=0.25
INFO     Considered Choices:
INFO     	62.974%: switch wyrdeer
INFO     Choice: switch wyrdeer
INFO     wyrdeer's speed was unboosted by 1 to -1
INFO     Setting wyrdeer's ability to intimidate
INFO     arceusfighting's attack was unboosted by 1 to -1
INFO     arceusfighting used a fighting move, removing fightinggem from possible items
INFO     Setting arceusfighting's last used move: bodypress
INFO     arceusfighting used a damaging move - not guessing lifeorb anymore
INFO     arceusfighting did 28.970000000000002% damage to wyrdeer with bodypress
INFO     Setting wyrdeer's item to: leftovers
INFO     
INFO     Turn: 14
INFO     Sampling battle 0
INFO     	 arceusfighting    multitype    fistplate [bodypress, cosmicpower, recover, storedpower] ttype=steel
INFO     	     chandelure    flamebody heavydutyboots [calmmind, fireblast, painsplit, shadowball] ttype=ghost
INFO     	     masquerain   intimidate heavydutyboots [hurricane, hydropump, stickyweb, uturn] ttype=steel
INFO     	        dewgong     thickfat heavydutyboots [encore, flipturn, surf, tripleaxel] ttype=poison
INFO     	       vaporeon  waterabsorb    leftovers [haze, protect, scald, wish] ttype=ghost
INFO     Sampling battle 1
INFO     	 arceusfighting    multitype    fistplate [bodypress, irondefense, recover, shadowball] ttype=steel
INFO     	     chandelure    flashfire  choicescarf [energyball, fireblast, shadowball, trick] ttype=fire
INFO     	     masquerain   intimidate heavydutyboots [bugbuzz, hurricane, stickyweb, uturn] ttype=ground
INFO     	        dewgong     thickfat heavydutyboots [encore, flipturn, surf, tripleaxel] ttype=ground
INFO     	       vaporeon  waterabsorb    leftovers [calmmind, protect, scald, wish] ttype=ghost
INFO     Sampling battle 2
INFO     	 arceusfighting    multitype    fistplate [bodypress, cosmicpower, recover, storedpower] ttype=steel
INFO     	     chandelure    flashfire  choicescarf [energyball, fireblast, shadowball, trick] ttype=fire
INFO     	     masquerain   intimidate heavydutyboots [bugbuzz, hurricane, hydropump, stickyweb] ttype=ground
INFO     	        dewgong     thickfat  assaultvest [flipturn, knockoff, surf, tripleaxel] ttype=poison
INFO     	       vaporeon  waterabsorb    leftovers [haze, protect, scald, wish] ttype=ghost
INFO     Sampling battle 3
INFO     	 arceusfighting    multitype    fistplate [bodypress, cosmicpower, recover, storedpower] ttype=steel
INFO     	     chandelure    flashfire  choicescarf [energyball, fireblast, shadowball, trick] ttype=grass
INFO     	     masquerain   intimidate heavydutyboots [bugbuzz, hurricane, stickyweb, uturn] ttype=steel
INFO     	        dewgong     thickfat heavydutyboots [encore, flipturn, surf, tripleaxel] ttype=steel
INFO     	       vaporeon  waterabsorb    leftovers [calmmind, protect, scald, wish] ttype=ground
INFO     Searching for a move using PUCT MCTS with neural priors...
INFO     Sampling 4 battles at 500ms each
INFO     Computing neural priors for all battles...
INFO     Initialized StateTranslator with TeamPreviewObservationSpace
INFO     Initializing LocalPolicyProvider with model: Minikazam
INFO     Loading pretrained Minikazam model...


 		 AMAGO v3.1
            	 -------------------------
            	 Agent: Agent
            		 Max Sequence Length: 64
            		 TstepEncoder Type: MetamonPerceiverTstepEncoder
            		 TrajEncoder Type: GRUTrajEncoder
            		 Total Parameters: 4,761,778
            		 Offline Loss Weight: 1.0
            		 Online Loss Weight: 0.0
            		 Mixed Precision: NO
            		 Checkpoint Path: /Users/yadureddy/Documents/GitHub/clean/pokeagent_ac_mcts/.metamon_cache/pretrained_models/models--jakegrigsby--metamon/snapshots/c5d1cb9abb6747066a325228845a5a8af3d12139/minikazam/minikazam/ckpts
            	 Environment:
            		 DummyAsyncVectorEnv(Gym Env x 1)
            		 Exploration Type: None
            	 Dataset: DoNothingDataset
            	 Accelerate Processes: 1 


INFO     Successfully loaded Minikazam model
ERROR    Error translating battle to observation: 
WARNING  Failed to get priors for battle: 
ERROR    Error translating battle to observation: 
WARNING  Failed to get priors for battle: 
ERROR    Error translating battle to observation: 
WARNING  Failed to get priors for battle: 
ERROR    Error translating battle to observation: 
WARNING  Failed to get priors for battle: 
INFO     Successfully computed neural priors for 0/4 battles
INFO     Using PUCT-guided move selection (priors integrated during search)...
INFO     Policy 0: psychicnoise visited 91.29% avg_score=0.523 sample_chance_multiplier=0.25
INFO     Policy 1: switch armarouge visited 63.58% avg_score=0.5 sample_chance_multiplier=0.25
INFO     Policy 2: switch armarouge visited 66.14% avg_score=0.488 sample_chance_multiplier=0.25
INFO     Policy 3: switch armarouge visited 76.18% avg_score=0.501 sample_chance_multiplier=0.25
INFO     Considered Choices:
INFO     	52.143%: switch armarouge
INFO     Choice: switch armarouge
INFO     Opponent has switched - clearing the last used move
INFO     armarouge switched in, adding intimidate to impossible abilities
INFO     armarouge switched in, adding pressure to impossible abilities
INFO     armarouge switched in, adding neutralizinggas to impossible abilities
INFO     armarouge switched in, adding sandstream to impossible abilities
INFO     armarouge switched in, adding drought to impossible abilities
INFO     armarouge switched in, adding drizzle to impossible abilities
INFO     armarouge switched in, adding snowwarning to impossible abilities
INFO     armarouge switched in, adding boosterenergy to impossible items
INFO     armarouge switched in, adding airballoon to impossible items
INFO     armarouge's speed was unboosted by 1 to -1
INFO     dewgong has less than maxhp during upkeep, no longer guessing leftovers or blacksludge
INFO     
INFO     Turn: 15
INFO     Sampling battle 0
INFO     	        dewgong     thickfat  assaultvest [flipturn, knockoff, surf, tripleaxel] ttype=grass
INFO     	     chandelure    flashfire heavydutyboots [calmmind, fireblast, painsplit, shadowball] ttype=ghost
INFO     	     masquerain   intimidate heavydutyboots [hurricane, hydropump, stickyweb, stunspore] ttype=water
INFO     	       vaporeon  waterabsorb    leftovers [calmmind, protect, scald, wish] ttype=poison
INFO     	 arceusfighting    multitype    fistplate [bodypress, cosmicpower, recover, storedpower] ttype=steel
INFO     Sampling battle 1
INFO     	        dewgong     thickfat  assaultvest [flipturn, knockoff, surf, tripleaxel] ttype=ground
INFO     	     chandelure    flamebody heavydutyboots [calmmind, fireblast, shadowball, willowisp] ttype=ghost
INFO     	     masquerain   intimidate heavydutyboots [hurricane, hydropump, stickyweb, stunspore] ttype=water
INFO     	       vaporeon  waterabsorb    leftovers [icebeam, protect, scald, wish] ttype=ghost
INFO     	 arceusfighting    multitype    fistplate [bodypress, cosmicpower, recover, storedpower] ttype=steel
INFO     Sampling battle 2
INFO     	        dewgong     thickfat heavydutyboots [encore, flipturn, surf, tripleaxel] ttype=dragon
INFO     	     chandelure    flashfire  choicescarf [energyball, fireblast, shadowball, trick] ttype=ghost
INFO     	     masquerain   intimidate heavydutyboots [hurricane, hydropump, stickyweb, stunspore] ttype=steel
INFO     	       vaporeon  waterabsorb    leftovers [protect, roar, scald, wish] ttype=ghost
INFO     	 arceusfighting    multitype    fistplate [bodypress, irondefense, recover, shadowball] ttype=steel
INFO     Sampling battle 3
INFO     	        dewgong     thickfat  assaultvest [flipturn, knockoff, surf, tripleaxel] ttype=grass
INFO     	     chandelure    flashfire  choicescarf [energyball, fireblast, shadowball, trick] ttype=fire
INFO     	     masquerain   intimidate heavydutyboots [hurricane, hydropump, stickyweb, stunspore] ttype=water
INFO     	       vaporeon  waterabsorb    leftovers [icebeam, protect, scald, wish] ttype=ground
INFO     	 arceusfighting    multitype    fistplate [bodypress, irondefense, recover, shadowball] ttype=steel
INFO     Searching for a move using PUCT MCTS with neural priors...
INFO     Sampling 4 battles at 500ms each
INFO     Computing neural priors for all battles...
INFO     Initialized StateTranslator with TeamPreviewObservationSpace
INFO     Initializing LocalPolicyProvider with model: Minikazam
INFO     Loading pretrained Minikazam model...


 		 AMAGO v3.1
            	 -------------------------
            	 Agent: Agent
            		 Max Sequence Length: 64
            		 TstepEncoder Type: MetamonPerceiverTstepEncoder
            		 TrajEncoder Type: GRUTrajEncoder
            		 Total Parameters: 4,761,778
            		 Offline Loss Weight: 1.0
            		 Online Loss Weight: 0.0
            		 Mixed Precision: NO
            		 Checkpoint Path: /Users/yadureddy/Documents/GitHub/clean/pokeagent_ac_mcts/.metamon_cache/pretrained_models/models--jakegrigsby--metamon/snapshots/c5d1cb9abb6747066a325228845a5a8af3d12139/minikazam/minikazam/ckpts
            	 Environment:
            		 DummyAsyncVectorEnv(Gym Env x 1)
            		 Exploration Type: None
            	 Dataset: DoNothingDataset
            	 Accelerate Processes: 1 


INFO     Successfully loaded Minikazam model
ERROR    Error translating battle to observation: 
WARNING  Failed to get priors for battle: 
ERROR    Error translating battle to observation: 
WARNING  Failed to get priors for battle: 
ERROR    Error translating battle to observation: 
WARNING  Failed to get priors for battle: 
ERROR    Error translating battle to observation: 
WARNING  Failed to get priors for battle: 
INFO     Successfully computed neural priors for 0/4 battles
INFO     Using PUCT-guided move selection (priors integrated during search)...
INFO     Policy 0: switch wyrdeer visited 95.3% avg_score=0.547 sample_chance_multiplier=0.25
INFO     Policy 1: switch wyrdeer visited 85.32% avg_score=0.555 sample_chance_multiplier=0.25
INFO     Policy 2: switch wyrdeer visited 87.07% avg_score=0.55 sample_chance_multiplier=0.25
INFO     Policy 3: switch wyrdeer visited 80.37% avg_score=0.527 sample_chance_multiplier=0.25
INFO     Considered Choices:
INFO     	87.016%: switch wyrdeer
INFO     Choice: switch wyrdeer
INFO     wyrdeer's speed was unboosted by 1 to -1
INFO     Setting wyrdeer's ability to intimidate
INFO     dewgong's attack was unboosted by 1 to -1
INFO     dewgong used a water move, removing watergem from possible items
INFO     Setting dewgong's last used move: surf
INFO     dewgong used a damaging move - not guessing lifeorb anymore
INFO     dewgong did 13.08% damage to wyrdeer with surf
INFO     dewgong has less than maxhp during upkeep, no longer guessing leftovers or blacksludge
INFO     Sampling battle 0
INFO     	        dewgong     thickfat heavydutyboots [encore, flipturn, surf, tripleaxel] ttype=grass
INFO     	     chandelure    flashfire  choicescarf [energyball, fireblast, shadowball, trick] ttype=grass
INFO     	     masquerain   intimidate heavydutyboots [hurricane, hydropump, stickyweb, stunspore] ttype=steel
INFO     	       vaporeon  waterabsorb    leftovers [protect, roar, scald, wish] ttype=ghost
INFO     	 arceusfighting    multitype    fistplate [bodypress, cosmicpower, recover, storedpower] ttype=steel
INFO     Sampling battle 1
INFO     	        dewgong     thickfat  assaultvest [flipturn, knockoff, surf, tripleaxel] ttype=poison
INFO     	     chandelure    flashfire  choicescarf [energyball, fireblast, shadowball, trick] ttype=grass
INFO     	     masquerain   intimidate heavydutyboots [bugbuzz, hurricane, hydropump, stickyweb] ttype=steel
INFO     	       vaporeon  waterabsorb    leftovers [flipturn, protect, scald, wish] ttype=poison
INFO     	 arceusfighting    multitype    fistplate [bodypress, irondefense, recover, shadowball] ttype=steel
INFO     Sampling battle 2
INFO     	        dewgong     thickfat  assaultvest [flipturn, knockoff, surf, tripleaxel] ttype=steel
INFO     	     chandelure    flashfire heavydutyboots [calmmind, fireblast, flamecharge, shadowball] ttype=ghost
INFO     	     masquerain   intimidate heavydutyboots [hurricane, hydropump, stickyweb, uturn] ttype=ground
INFO     	       vaporeon  waterabsorb    leftovers [calmmind, protect, scald, wish] ttype=ghost
INFO     	 arceusfighting    multitype    fistplate [bodypress, irondefense, recover, shadowball] ttype=steel
INFO     Sampling battle 3
INFO     	        dewgong     thickfat  assaultvest [flipturn, knockoff, surf, tripleaxel] ttype=poison
INFO     	     chandelure    flashfire heavydutyboots [calmmind, energyball, fireblast, shadowball] ttype=grass
INFO     	     masquerain   intimidate heavydutyboots [hurricane, hydropump, stickyweb, uturn] ttype=steel
INFO     	       vaporeon  waterabsorb    leftovers [haze, protect, scald, wish] ttype=ground
INFO     	 arceusfighting    multitype    fistplate [bodypress, cosmicpower, recover, storedpower] ttype=steel
INFO     Searching for a move using PUCT MCTS with neural priors...
INFO     Sampling 4 battles at 500ms each
INFO     Computing neural priors for all battles...
INFO     Initialized StateTranslator with TeamPreviewObservationSpace
INFO     Initializing LocalPolicyProvider with model: Minikazam
INFO     Loading pretrained Minikazam model...


 		 AMAGO v3.1
            	 -------------------------
            	 Agent: Agent
            		 Max Sequence Length: 64
            		 TstepEncoder Type: MetamonPerceiverTstepEncoder
            		 TrajEncoder Type: GRUTrajEncoder
            		 Total Parameters: 4,761,778
            		 Offline Loss Weight: 1.0
            		 Online Loss Weight: 0.0
            		 Mixed Precision: NO
            		 Checkpoint Path: /Users/yadureddy/Documents/GitHub/clean/pokeagent_ac_mcts/.metamon_cache/pretrained_models/models--jakegrigsby--metamon/snapshots/c5d1cb9abb6747066a325228845a5a8af3d12139/minikazam/minikazam/ckpts
            	 Environment:
            		 DummyAsyncVectorEnv(Gym Env x 1)
            		 Exploration Type: None
            	 Dataset: DoNothingDataset
            	 Accelerate Processes: 1 


INFO     Successfully loaded Minikazam model
ERROR    Error translating battle to observation: 
WARNING  Failed to get priors for battle: 
ERROR    Error translating battle to observation: 
WARNING  Failed to get priors for battle: 
ERROR    Error translating battle to observation: 
WARNING  Failed to get priors for battle: 
ERROR    Error translating battle to observation: 
WARNING  Failed to get priors for battle: 
INFO     Successfully computed neural priors for 0/4 battles
INFO     Using PUCT-guided move selection (priors integrated during search)...
INFO     Policy 0: switch staraptor visited 95.4% avg_score=0.42 sample_chance_multiplier=0.25
INFO     Policy 1: switch staraptor visited 52.52% avg_score=0.37 sample_chance_multiplier=0.25
INFO     Policy 2: switch staraptor visited 91.48% avg_score=0.395 sample_chance_multiplier=0.25
INFO     Policy 3: switch sneasler visited 57.41% avg_score=0.416 sample_chance_multiplier=0.25
INFO     Considered Choices:
INFO     	70.206%: switch staraptor
INFO     Choice: switch staraptor
INFO     
INFO     Turn: 16
INFO     Sampling battle 0
INFO     	        dewgong     thickfat  assaultvest [flipturn, knockoff, surf, tripleaxel] ttype=steel
INFO     	     chandelure    flashfire heavydutyboots [calmmind, energyball, fireblast, shadowball] ttype=ghost
INFO     	     masquerain   intimidate heavydutyboots [hurricane, stickyweb, stunspore, uturn] ttype=steel
INFO     	       vaporeon  waterabsorb    leftovers [protect, roar, scald, wish] ttype=poison
INFO     	 arceusfighting    multitype    fistplate [bodypress, irondefense, recover, shadowball] ttype=steel
INFO     Sampling battle 1
INFO     	        dewgong     thickfat  assaultvest [flipturn, knockoff, surf, tripleaxel] ttype=poison
INFO     	     chandelure    flashfire  choicescarf [energyball, fireblast, shadowball, trick] ttype=fire
INFO     	     masquerain   intimidate heavydutyboots [hurricane, hydropump, stickyweb, uturn] ttype=ground
INFO     	       vaporeon  waterabsorb    leftovers [icebeam, protect, scald, wish] ttype=poison
INFO     	 arceusfighting    multitype    fistplate [bodypress, irondefense, recover, shadowball] ttype=steel
INFO     Sampling battle 2
INFO     	        dewgong     thickfat heavydutyboots [encore, flipturn, surf, tripleaxel] ttype=ground
INFO     	     chandelure    flashfire  choicescarf [energyball, fireblast, shadowball, trick] ttype=fire
INFO     	     masquerain   intimidate heavydutyboots [hurricane, hydropump, stickyweb, stunspore] ttype=water
INFO     	       vaporeon  waterabsorb    leftovers [haze, protect, scald, wish] ttype=poison
INFO     	 arceusfighting    multitype    fistplate [bodypress, cosmicpower, recover, storedpower] ttype=steel
INFO     Sampling battle 3
INFO     	        dewgong     thickfat heavydutyboots [encore, flipturn, surf, tripleaxel] ttype=poison
INFO     	     chandelure    flashfire  choicescarf [energyball, fireblast, shadowball, trick] ttype=grass
INFO     	     masquerain   intimidate heavydutyboots [hurricane, hydropump, stickyweb, uturn] ttype=ground
INFO     	       vaporeon  waterabsorb    leftovers [flipturn, protect, scald, wish] ttype=poison
INFO     	 arceusfighting    multitype    fistplate [bodypress, irondefense, recover, shadowball] ttype=steel
INFO     Searching for a move using PUCT MCTS with neural priors...
INFO     Sampling 4 battles at 500ms each
INFO     Computing neural priors for all battles...
INFO     Initialized StateTranslator with TeamPreviewObservationSpace
INFO     Initializing LocalPolicyProvider with model: Minikazam
INFO     Loading pretrained Minikazam model...


 		 AMAGO v3.1
            	 -------------------------
            	 Agent: Agent
            		 Max Sequence Length: 64
            		 TstepEncoder Type: MetamonPerceiverTstepEncoder
            		 TrajEncoder Type: GRUTrajEncoder
            		 Total Parameters: 4,761,778
            		 Offline Loss Weight: 1.0
            		 Online Loss Weight: 0.0
            		 Mixed Precision: NO
            		 Checkpoint Path: /Users/yadureddy/Documents/GitHub/clean/pokeagent_ac_mcts/.metamon_cache/pretrained_models/models--jakegrigsby--metamon/snapshots/c5d1cb9abb6747066a325228845a5a8af3d12139/minikazam/minikazam/ckpts
            	 Environment:
            		 DummyAsyncVectorEnv(Gym Env x 1)
            		 Exploration Type: None
            	 Dataset: DoNothingDataset
            	 Accelerate Processes: 1 


INFO     Successfully loaded Minikazam model
ERROR    Error translating battle to observation: 
WARNING  Failed to get priors for battle: 
ERROR    Error translating battle to observation: 
WARNING  Failed to get priors for battle: 
ERROR    Error translating battle to observation: 
WARNING  Failed to get priors for battle: 
ERROR    Error translating battle to observation: 
WARNING  Failed to get priors for battle: 
INFO     Successfully computed neural priors for 0/4 battles
INFO     Using PUCT-guided move selection (priors integrated during search)...
INFO     Policy 0: bravebird visited 94.39% avg_score=0.427 sample_chance_multiplier=0.25
INFO     Policy 1: switch sneasler visited 45.64% avg_score=0.377 sample_chance_multiplier=0.25
INFO     Policy 2: closecombat visited 57.19% avg_score=0.44 sample_chance_multiplier=0.25
INFO     Policy 3: bravebird visited 86.21% avg_score=0.402 sample_chance_multiplier=0.25
INFO     Considered Choices:
INFO     	58.647%: bravebird
INFO     Choice: bravebird
INFO     Opponent has switched - clearing the last used move
INFO     staraptor already has the move bravebird. Decrementing the PP by 1
INFO     staraptor used a flying move, removing flyinggem from possible items
INFO     Setting staraptor's last used move: bravebird
INFO     staraptor used a damaging move - not guessing lifeorb anymore
INFO     staraptor did 18.0% damage to vaporeon with bravebird
INFO     vaporeon has less than maxhp during upkeep, no longer guessing leftovers or blacksludge
INFO     Opponent has switched - clearing the last used move
INFO     
INFO     Turn: 17
INFO     Sampling battle 0
INFO     	 arceusfighting    multitype    fistplate [bodypress, irondefense, recover, shadowball] ttype=steel
INFO     	     chandelure    flashfire  choicescarf [energyball, fireblast, shadowball, trick] ttype=fire
INFO     	     masquerain   intimidate heavydutyboots [hurricane, hydropump, stickyweb, uturn] ttype=steel
INFO     	        dewgong     thickfat heavydutyboots [encore, flipturn, surf, tripleaxel] ttype=steel
INFO     Sampling battle 1
INFO     	 arceusfighting    multitype    fistplate [bodypress, cosmicpower, recover, storedpower] ttype=steel
INFO     	     chandelure    flashfire    leftovers [calmmind, fireblast, shadowball, substitute] ttype=ghost
INFO     	     masquerain   intimidate heavydutyboots [hurricane, hydropump, stickyweb, stunspore] ttype=water
INFO     	        dewgong     thickfat heavydutyboots [encore, flipturn, surf, tripleaxel] ttype=grass
INFO     Sampling battle 2
INFO     	 arceusfighting    multitype    fistplate [bodypress, irondefense, recover, shadowball] ttype=steel
INFO     	     chandelure    flamebody heavydutyboots [calmmind, fireblast, painsplit, shadowball] ttype=ghost
INFO     	     masquerain   intimidate heavydutyboots [bugbuzz, hurricane, hydropump, stickyweb] ttype=steel
INFO     	        dewgong     thickfat  assaultvest [flipturn, knockoff, surf, tripleaxel] ttype=poison
INFO     Sampling battle 3
INFO     	 arceusfighting    multitype    fistplate [bodypress, cosmicpower, recover, storedpower] ttype=steel
INFO     	     chandelure    flashfire  choicescarf [energyball, fireblast, shadowball, trick] ttype=grass
INFO     	     masquerain   intimidate heavydutyboots [hurricane, hydropump, stickyweb, uturn] ttype=ground
INFO     	        dewgong     thickfat heavydutyboots [encore, flipturn, surf, tripleaxel] ttype=steel
INFO     Searching for a move using PUCT MCTS with neural priors...
INFO     Sampling 4 battles at 500ms each
INFO     Computing neural priors for all battles...
INFO     Initialized StateTranslator with TeamPreviewObservationSpace
INFO     Initializing LocalPolicyProvider with model: Minikazam
INFO     Loading pretrained Minikazam model...


 		 AMAGO v3.1
            	 -------------------------
            	 Agent: Agent
            		 Max Sequence Length: 64
            		 TstepEncoder Type: MetamonPerceiverTstepEncoder
            		 TrajEncoder Type: GRUTrajEncoder
            		 Total Parameters: 4,761,778
            		 Offline Loss Weight: 1.0
            		 Online Loss Weight: 0.0
            		 Mixed Precision: NO
            		 Checkpoint Path: /Users/yadureddy/Documents/GitHub/clean/pokeagent_ac_mcts/.metamon_cache/pretrained_models/models--jakegrigsby--metamon/snapshots/c5d1cb9abb6747066a325228845a5a8af3d12139/minikazam/minikazam/ckpts
            	 Environment:
            		 DummyAsyncVectorEnv(Gym Env x 1)
            		 Exploration Type: None
            	 Dataset: DoNothingDataset
            	 Accelerate Processes: 1 


INFO     Successfully loaded Minikazam model
ERROR    Error translating battle to observation: 
WARNING  Failed to get priors for battle: 
ERROR    Error translating battle to observation: 
WARNING  Failed to get priors for battle: 
ERROR    Error translating battle to observation: 
WARNING  Failed to get priors for battle: 
ERROR    Error translating battle to observation: 
WARNING  Failed to get priors for battle: 
INFO     Successfully computed neural priors for 0/4 battles
INFO     Using PUCT-guided move selection (priors integrated during search)...
INFO     Policy 0: switch sneasler visited 53.67% avg_score=0.417 sample_chance_multiplier=0.25
INFO     Policy 1: switch sneasler visited 54.96% avg_score=0.467 sample_chance_multiplier=0.25
INFO     Policy 2: switch armarouge visited 62.51% avg_score=0.414 sample_chance_multiplier=0.25
INFO     Policy 3: switch armarouge visited 85.16% avg_score=0.44 sample_chance_multiplier=0.25
INFO     Considered Choices:
INFO     	45.595%: switch armarouge
INFO     Choice: switch armarouge
INFO     armarouge's speed was unboosted by 1 to -1
INFO     arceusfighting already has the move bodypress. Decrementing the PP by 1
INFO     arceusfighting used a fighting move, removing fightinggem from possible items
INFO     Setting arceusfighting's last used move: bodypress
INFO     arceusfighting used a damaging move - not guessing lifeorb anymore
INFO     arceusfighting did 16.85% damage to armarouge with bodypress
INFO     Setting armarouge's ability to weakarmor
INFO     armarouge's defense was unboosted by 1 to -1
INFO     armarouge's speed was boosted by 2 to 1
INFO     
INFO     Turn: 18
INFO     Sampling battle 0
INFO     	 arceusfighting    multitype    fistplate [bodypress, irondefense, recover, shadowball] ttype=steel
INFO     	     chandelure    flashfire  choicescarf [energyball, fireblast, shadowball, trick] ttype=fire
INFO     	     masquerain   intimidate heavydutyboots [bugbuzz, hurricane, stickyweb, stunspore] ttype=steel
INFO     	        dewgong     thickfat  assaultvest [flipturn, knockoff, surf, tripleaxel] ttype=dragon
INFO     Sampling battle 1
INFO     	 arceusfighting    multitype    fistplate [bodypress, cosmicpower, recover, storedpower] ttype=steel
INFO     	     chandelure    flashfire  choicescarf [energyball, fireblast, shadowball, trick] ttype=ghost
INFO     	     masquerain   intimidate heavydutyboots [hurricane, hydropump, stickyweb, uturn] ttype=water
INFO     	        dewgong     thickfat heavydutyboots [encore, flipturn, surf, tripleaxel] ttype=poison
INFO     Sampling battle 2
INFO     	 arceusfighting    multitype    fistplate [bodypress, irondefense, recover, shadowball] ttype=steel
INFO     	     chandelure    flashfire heavydutyboots [calmmind, energyball, fireblast, shadowball] ttype=grass
INFO     	     masquerain   intimidate heavydutyboots [bugbuzz, hurricane, hydropump, stickyweb] ttype=water
INFO     	        dewgong     thickfat  assaultvest [flipturn, knockoff, surf, tripleaxel] ttype=ground
INFO     Sampling battle 3
INFO     	 arceusfighting    multitype    fistplate [bodypress, irondefense, recover, shadowball] ttype=steel
INFO     	     chandelure    flamebody heavydutyboots [calmmind, fireblast, flamecharge, shadowball] ttype=ghost
INFO     	     masquerain   intimidate heavydutyboots [bugbuzz, hurricane, stickyweb, uturn] ttype=ground
INFO     	        dewgong     thickfat  assaultvest [flipturn, knockoff, surf, tripleaxel] ttype=dragon
INFO     Searching for a move using PUCT MCTS with neural priors...
INFO     Sampling 4 battles at 500ms each
INFO     Computing neural priors for all battles...
INFO     Initialized StateTranslator with TeamPreviewObservationSpace
INFO     Initializing LocalPolicyProvider with model: Minikazam
INFO     Loading pretrained Minikazam model...


 		 AMAGO v3.1
            	 -------------------------
            	 Agent: Agent
            		 Max Sequence Length: 64
            		 TstepEncoder Type: MetamonPerceiverTstepEncoder
            		 TrajEncoder Type: GRUTrajEncoder
            		 Total Parameters: 4,761,778
            		 Offline Loss Weight: 1.0
            		 Online Loss Weight: 0.0
            		 Mixed Precision: NO
            		 Checkpoint Path: /Users/yadureddy/Documents/GitHub/clean/pokeagent_ac_mcts/.metamon_cache/pretrained_models/models--jakegrigsby--metamon/snapshots/c5d1cb9abb6747066a325228845a5a8af3d12139/minikazam/minikazam/ckpts
            	 Environment:
            		 DummyAsyncVectorEnv(Gym Env x 1)
            		 Exploration Type: None
            	 Dataset: DoNothingDataset
            	 Accelerate Processes: 1 


INFO     Successfully loaded Minikazam model
ERROR    Error translating battle to observation: 
WARNING  Failed to get priors for battle: 
ERROR    Error translating battle to observation: 
WARNING  Failed to get priors for battle: 
ERROR    Error translating battle to observation: 
WARNING  Failed to get priors for battle: 
ERROR    Error translating battle to observation: 
WARNING  Failed to get priors for battle: 
INFO     Successfully computed neural priors for 0/4 battles
INFO     Using PUCT-guided move selection (priors integrated during search)...
INFO     Policy 0: psyshock visited 55.21% avg_score=0.519 sample_chance_multiplier=0.25
INFO     Policy 1: psyshock visited 53.83% avg_score=0.601 sample_chance_multiplier=0.25
INFO     Policy 2: psyshock visited 56.9% avg_score=0.568 sample_chance_multiplier=0.25
INFO     Policy 3: meteorbeam visited 80.75% avg_score=0.572 sample_chance_multiplier=0.25
INFO     Considered Choices:
INFO     	44.89%: psyshock
INFO     	35.222%: meteorbeam
INFO     Choice: psyshock
INFO     Opponent has switched - clearing the last used move
INFO     armarouge already has the move psyshock. Decrementing the PP by 1
INFO     armarouge used a psychic move, removing psychicgem from possible items
INFO     Setting armarouge's last used move: psyshock
INFO     armarouge used a damaging move - not guessing lifeorb anymore
INFO     armarouge did 26.0% damage to dewgong with psyshock
INFO     dewgong has less than maxhp during upkeep, no longer guessing leftovers or blacksludge
INFO     
INFO     Turn: 19
INFO     Sampling battle 0
INFO     	        dewgong     thickfat  assaultvest [flipturn, knockoff, surf, tripleaxel] ttype=grass
INFO     	     chandelure    flashfire heavydutyboots [calmmind, energyball, fireblast, shadowball] ttype=grass
INFO     	     masquerain   intimidate heavydutyboots [bugbuzz, hurricane, stickyweb, uturn] ttype=ground
INFO     	 arceusfighting    multitype    fistplate [bodypress, irondefense, recover, shadowball] ttype=steel
INFO     Sampling battle 1
INFO     	        dewgong     thickfat heavydutyboots [encore, flipturn, surf, tripleaxel] ttype=dragon
INFO     	     chandelure    flashfire heavydutyboots [calmmind, energyball, fireblast, shadowball] ttype=grass
INFO     	     masquerain   intimidate heavydutyboots [hurricane, hydropump, stickyweb, stunspore] ttype=ground
INFO     	 arceusfighting    multitype    fistplate [bodypress, irondefense, recover, shadowball] ttype=steel
INFO     Sampling battle 2
INFO     	        dewgong     thickfat  assaultvest [flipturn, knockoff, surf, tripleaxel] ttype=ground
INFO     	     chandelure    flashfire    leftovers [calmmind, fireblast, shadowball, substitute] ttype=ghost
INFO     	     masquerain   intimidate heavydutyboots [bugbuzz, hurricane, hydropump, stickyweb] ttype=water
INFO     	 arceusfighting    multitype    fistplate [bodypress, cosmicpower, recover, storedpower] ttype=steel
INFO     Sampling battle 3
INFO     	        dewgong     thickfat  assaultvest [flipturn, knockoff, surf, tripleaxel] ttype=grass
INFO     	     chandelure    flashfire  choicescarf [energyball, fireblast, shadowball, trick] ttype=fire
INFO     	     masquerain   intimidate heavydutyboots [hurricane, stickyweb, stunspore, uturn] ttype=steel
INFO     	 arceusfighting    multitype    fistplate [bodypress, irondefense, recover, shadowball] ttype=steel
INFO     Searching for a move using PUCT MCTS with neural priors...
INFO     Sampling 4 battles at 500ms each
INFO     Computing neural priors for all battles...
INFO     Initialized StateTranslator with TeamPreviewObservationSpace
INFO     Initializing LocalPolicyProvider with model: Minikazam
INFO     Loading pretrained Minikazam model...


 		 AMAGO v3.1
            	 -------------------------
            	 Agent: Agent
            		 Max Sequence Length: 64
            		 TstepEncoder Type: MetamonPerceiverTstepEncoder
            		 TrajEncoder Type: GRUTrajEncoder
            		 Total Parameters: 4,761,778
            		 Offline Loss Weight: 1.0
            		 Online Loss Weight: 0.0
            		 Mixed Precision: NO
            		 Checkpoint Path: /Users/yadureddy/Documents/GitHub/clean/pokeagent_ac_mcts/.metamon_cache/pretrained_models/models--jakegrigsby--metamon/snapshots/c5d1cb9abb6747066a325228845a5a8af3d12139/minikazam/minikazam/ckpts
            	 Environment:
            		 DummyAsyncVectorEnv(Gym Env x 1)
            		 Exploration Type: None
            	 Dataset: DoNothingDataset
            	 Accelerate Processes: 1 


INFO     Successfully loaded Minikazam model
ERROR    Error translating battle to observation: 
WARNING  Failed to get priors for battle: 
ERROR    Error translating battle to observation: 
WARNING  Failed to get priors for battle: 
ERROR    Error translating battle to observation: 
WARNING  Failed to get priors for battle: 
ERROR    Error translating battle to observation: 
WARNING  Failed to get priors for battle: 
INFO     Successfully computed neural priors for 0/4 battles
INFO     Using PUCT-guided move selection (priors integrated during search)...
INFO     Policy 0: meteorbeam visited 98.8% avg_score=0.511 sample_chance_multiplier=0.25
INFO     Policy 1: meteorbeam visited 79.44% avg_score=0.653 sample_chance_multiplier=0.25
INFO     Policy 2: meteorbeam visited 97.31% avg_score=0.445 sample_chance_multiplier=0.25
INFO     Policy 3: meteorbeam visited 71.79% avg_score=0.312 sample_chance_multiplier=0.25
INFO     Considered Choices:
INFO     	86.837%: meteorbeam
INFO     Choice: meteorbeam
INFO     Updated dewgong's max speed to 249
INFO     armarouge already has the move meteorbeam. Decrementing the PP by 1
INFO     armarouge used a rock move, removing rockgem from possible items
INFO     Setting armarouge's last used move: meteorbeam
INFO     armarouge used a damaging move - not guessing lifeorb anymore
INFO     armarouge did 46.0% damage to dewgong with meteorbeam
INFO     Adding the volatile status meteorbeam to armarouge
INFO     armarouge's special-attack was boosted by 1 to 1
INFO     Removing armarouge's item: powerherb
INFO     Setting armarouge's removed item to powerherb
INFO     Removing volatile status meteorbeam from armarouge because of -anim
INFO     dewgong already has the move surf. Decrementing the PP by 1
INFO     dewgong used a water move, removing watergem from possible items
INFO     Setting dewgong's last used move: surf
INFO     dewgong used a damaging move - not guessing lifeorb anymore
INFO     dewgong did 74.91% damage to armarouge with surf
INFO     dewgong has less than maxhp during upkeep, no longer guessing leftovers or blacksludge
INFO     
INFO     Turn: 20
INFO     Sampling battle 0
INFO     	        dewgong     thickfat heavydutyboots [encore, flipturn, surf, tripleaxel] ttype=ground
INFO     	     chandelure    flamebody    leftovers [calmmind, fireblast, shadowball, substitute] ttype=fire
INFO     	     masquerain   intimidate heavydutyboots [bugbuzz, hurricane, hydropump, stickyweb] ttype=steel
INFO     	 arceusfighting    multitype    fistplate [bodypress, cosmicpower, recover, storedpower] ttype=steel
INFO     Sampling battle 1
INFO     	        dewgong     thickfat heavydutyboots [encore, flipturn, surf, tripleaxel] ttype=steel
INFO     	     chandelure    flashfire  choicescarf [energyball, fireblast, shadowball, trick] ttype=grass
INFO     	     masquerain   intimidate heavydutyboots [hurricane, hydropump, stickyweb, uturn] ttype=steel
INFO     	 arceusfighting    multitype    fistplate [bodypress, cosmicpower, recover, storedpower] ttype=steel
INFO     Sampling battle 2
INFO     	        dewgong     thickfat heavydutyboots [encore, flipturn, surf, tripleaxel] ttype=dragon
INFO     	     chandelure    flashfire heavydutyboots [calmmind, energyball, fireblast, shadowball] ttype=fire
INFO     	     masquerain   intimidate heavydutyboots [bugbuzz, hurricane, hydropump, stickyweb] ttype=steel
INFO     	 arceusfighting    multitype    fistplate [bodypress, irondefense, recover, shadowball] ttype=steel
INFO     Sampling battle 3
INFO     	        dewgong     thickfat heavydutyboots [encore, flipturn, surf, tripleaxel] ttype=dragon
INFO     	     chandelure    flashfire  choicescarf [energyball, fireblast, shadowball, trick] ttype=grass
INFO     	     masquerain   intimidate heavydutyboots [hurricane, hydropump, stickyweb, stunspore] ttype=water
INFO     	 arceusfighting    multitype    fistplate [bodypress, irondefense, recover, shadowball] ttype=steel
INFO     Searching for a move using PUCT MCTS with neural priors...
INFO     Sampling 4 battles at 500ms each
INFO     Computing neural priors for all battles...
INFO     Initialized StateTranslator with TeamPreviewObservationSpace
INFO     Initializing LocalPolicyProvider with model: Minikazam
INFO     Loading pretrained Minikazam model...


 		 AMAGO v3.1
            	 -------------------------
            	 Agent: Agent
            		 Max Sequence Length: 64
            		 TstepEncoder Type: MetamonPerceiverTstepEncoder
            		 TrajEncoder Type: GRUTrajEncoder
            		 Total Parameters: 4,761,778
            		 Offline Loss Weight: 1.0
            		 Online Loss Weight: 0.0
            		 Mixed Precision: NO
            		 Checkpoint Path: /Users/yadureddy/Documents/GitHub/clean/pokeagent_ac_mcts/.metamon_cache/pretrained_models/models--jakegrigsby--metamon/snapshots/c5d1cb9abb6747066a325228845a5a8af3d12139/minikazam/minikazam/ckpts
            	 Environment:
            		 DummyAsyncVectorEnv(Gym Env x 1)
            		 Exploration Type: None
            	 Dataset: DoNothingDataset
            	 Accelerate Processes: 1 


INFO     Successfully loaded Minikazam model
ERROR    Error translating battle to observation: 
WARNING  Failed to get priors for battle: 
ERROR    Error translating battle to observation: 
WARNING  Failed to get priors for battle: 
ERROR    Error translating battle to observation: 
WARNING  Failed to get priors for battle: 
ERROR    Error translating battle to observation: 
WARNING  Failed to get priors for battle: 
INFO     Successfully computed neural priors for 0/4 battles
INFO     Using PUCT-guided move selection (priors integrated during search)...
INFO     Policy 0: armorcannon visited 94.79% avg_score=0.61 sample_chance_multiplier=0.25
INFO     Policy 1: psyshock visited 58.35% avg_score=0.325 sample_chance_multiplier=0.25
INFO     Policy 2: psyshock visited 99.21% avg_score=0.745 sample_chance_multiplier=0.25
INFO     Policy 3: psyshock visited 55.52% avg_score=0.326 sample_chance_multiplier=0.25
INFO     Considered Choices:
INFO     	54.226%: psyshock
INFO     Choice: psyshock
INFO     armarouge already has the move psyshock. Decrementing the PP by 1
INFO     armarouge used a psychic move, removing psychicgem from possible items
INFO     Setting armarouge's last used move: psyshock
INFO     armarouge used a damaging move - not guessing lifeorb anymore
INFO     armarouge did 15.0% damage to dewgong with psyshock
INFO     dewgong has less than maxhp during upkeep, no longer guessing leftovers or blacksludge
INFO     Opponent has switched - clearing the last used move
INFO     
INFO     Turn: 21
INFO     Sampling battle 0
INFO     	     chandelure    flashfire  choicescarf [energyball, fireblast, shadowball, trick] ttype=grass
INFO     	     masquerain   intimidate heavydutyboots [hurricane, stickyweb, stunspore, uturn] ttype=steel
INFO     	 arceusfighting    multitype    fistplate [bodypress, cosmicpower, recover, storedpower] ttype=steel
INFO     Sampling battle 1
INFO     	     chandelure    flashfire  choicescarf [energyball, fireblast, shadowball, trick] ttype=fire
INFO     	     masquerain   intimidate heavydutyboots [bugbuzz, hurricane, stickyweb, stunspore] ttype=ground
INFO     	 arceusfighting    multitype    fistplate [bodypress, irondefense, recover, shadowball] ttype=steel
INFO     Sampling battle 2
INFO     	     chandelure    flashfire  choicescarf [energyball, fireblast, shadowball, trick] ttype=fire
INFO     	     masquerain   intimidate heavydutyboots [hurricane, hydropump, stickyweb, uturn] ttype=water
INFO     	 arceusfighting    multitype    fistplate [bodypress, irondefense, recover, shadowball] ttype=steel
INFO     Sampling battle 3
INFO     	     chandelure    flamebody heavydutyboots [calmmind, fireblast, painsplit, shadowball] ttype=ghost
INFO     	     masquerain   intimidate heavydutyboots [bugbuzz, hurricane, stickyweb, stunspore] ttype=steel
INFO     	 arceusfighting    multitype    fistplate [bodypress, irondefense, recover, shadowball] ttype=steel
INFO     Searching for a move using PUCT MCTS with neural priors...
INFO     Sampling 4 battles at 500ms each
INFO     Computing neural priors for all battles...
INFO     Initialized StateTranslator with TeamPreviewObservationSpace
INFO     Initializing LocalPolicyProvider with model: Minikazam
INFO     Loading pretrained Minikazam model...


 		 AMAGO v3.1
            	 -------------------------
            	 Agent: Agent
            		 Max Sequence Length: 64
            		 TstepEncoder Type: MetamonPerceiverTstepEncoder
            		 TrajEncoder Type: GRUTrajEncoder
            		 Total Parameters: 4,761,778
            		 Offline Loss Weight: 1.0
            		 Online Loss Weight: 0.0
            		 Mixed Precision: NO
            		 Checkpoint Path: /Users/yadureddy/Documents/GitHub/clean/pokeagent_ac_mcts/.metamon_cache/pretrained_models/models--jakegrigsby--metamon/snapshots/c5d1cb9abb6747066a325228845a5a8af3d12139/minikazam/minikazam/ckpts
            	 Environment:
            		 DummyAsyncVectorEnv(Gym Env x 1)
            		 Exploration Type: None
            	 Dataset: DoNothingDataset
            	 Accelerate Processes: 1 


INFO     Successfully loaded Minikazam model
ERROR    Error translating battle to observation: 
WARNING  Failed to get priors for battle: 
ERROR    Error translating battle to observation: 
WARNING  Failed to get priors for battle: 
ERROR    Error translating battle to observation: 
WARNING  Failed to get priors for battle: 
ERROR    Error translating battle to observation: 
WARNING  Failed to get priors for battle: 
INFO     Successfully computed neural priors for 0/4 battles
INFO     Using PUCT-guided move selection (priors integrated during search)...
INFO     Policy 0: psyshock visited 96.32% avg_score=0.264 sample_chance_multiplier=0.25
INFO     Policy 1: psyshock visited 88.78% avg_score=0.228 sample_chance_multiplier=0.25
INFO     Policy 2: psyshock visited 89.74% avg_score=0.229 sample_chance_multiplier=0.25
INFO     Policy 3: psyshock visited 96.4% avg_score=0.421 sample_chance_multiplier=0.25
INFO     Considered Choices:
INFO     	92.808%: psyshock
INFO     Choice: psyshock
INFO     Updated chandelure's max speed to 249
INFO     armarouge already has the move psyshock. Decrementing the PP by 1
INFO     armarouge used a psychic move, removing psychicgem from possible items
INFO     Setting armarouge's last used move: psyshock
INFO     armarouge used a damaging move - not guessing lifeorb anymore
INFO     armarouge did 62.0% damage to chandelure with psyshock
INFO     chandelure used a grass move, removing grassgem from possible items
INFO     Setting chandelure's last used move: energyball
INFO     chandelure used a damaging move - not guessing lifeorb anymore
INFO     chandelure did 8.24% damage to armarouge with energyball
INFO     chandelure has less than maxhp during upkeep, no longer guessing leftovers or blacksludge
INFO     Sampling battle 0
INFO     	     chandelure    flashfire  choicescarf [energyball, fireblast, shadowball, trick] ttype=grass
INFO     	     masquerain   intimidate heavydutyboots [hurricane, hydropump, stickyweb, stunspore] ttype=steel
INFO     	 arceusfighting    multitype    fistplate [bodypress, cosmicpower, recover, storedpower] ttype=steel
INFO     Sampling battle 1
INFO     	     chandelure    flashfire  choicescarf [energyball, fireblast, shadowball, trick] ttype=fire
INFO     	     masquerain   intimidate heavydutyboots [hurricane, hydropump, stickyweb, stunspore] ttype=ground
INFO     	 arceusfighting    multitype    fistplate [bodypress, cosmicpower, recover, storedpower] ttype=steel
INFO     Sampling battle 2
INFO     	     chandelure    flashfire  choicescarf [energyball, fireblast, shadowball, trick] ttype=grass
INFO     	     masquerain   intimidate heavydutyboots [bugbuzz, hurricane, stickyweb, uturn] ttype=ground
INFO     	 arceusfighting    multitype    fistplate [bodypress, irondefense, recover, shadowball] ttype=steel
INFO     Sampling battle 3
INFO     	     chandelure    flashfire heavydutyboots [calmmind, energyball, fireblast, shadowball] ttype=grass
INFO     	     masquerain   intimidate heavydutyboots [hurricane, hydropump, stickyweb, uturn] ttype=water
INFO     	 arceusfighting    multitype    fistplate [bodypress, irondefense, recover, shadowball] ttype=steel
INFO     Searching for a move using PUCT MCTS with neural priors...
INFO     Sampling 4 battles at 500ms each
INFO     Computing neural priors for all battles...
INFO     Initialized StateTranslator with TeamPreviewObservationSpace
INFO     Initializing LocalPolicyProvider with model: Minikazam
INFO     Loading pretrained Minikazam model...


 		 AMAGO v3.1
            	 -------------------------
            	 Agent: Agent
            		 Max Sequence Length: 64
            		 TstepEncoder Type: MetamonPerceiverTstepEncoder
            		 TrajEncoder Type: GRUTrajEncoder
            		 Total Parameters: 4,761,778
            		 Offline Loss Weight: 1.0
            		 Online Loss Weight: 0.0
            		 Mixed Precision: NO
            		 Checkpoint Path: /Users/yadureddy/Documents/GitHub/clean/pokeagent_ac_mcts/.metamon_cache/pretrained_models/models--jakegrigsby--metamon/snapshots/c5d1cb9abb6747066a325228845a5a8af3d12139/minikazam/minikazam/ckpts
            	 Environment:
            		 DummyAsyncVectorEnv(Gym Env x 1)
            		 Exploration Type: None
            	 Dataset: DoNothingDataset
            	 Accelerate Processes: 1 


INFO     Successfully loaded Minikazam model
ERROR    Error translating battle to observation: 
WARNING  Failed to get priors for battle: 
ERROR    Error translating battle to observation: 
WARNING  Failed to get priors for battle: 
ERROR    Error translating battle to observation: 
WARNING  Failed to get priors for battle: 
ERROR    Error translating battle to observation: 
WARNING  Failed to get priors for battle: 
INFO     Successfully computed neural priors for 0/4 battles
INFO     Using PUCT-guided move selection (priors integrated during search)...
INFO     Policy 0: switch sneasler visited 97.49% avg_score=0.595 sample_chance_multiplier=0.25
INFO     Policy 1: switch sneasler visited 97.18% avg_score=0.593 sample_chance_multiplier=0.25
INFO     Policy 2: switch sneasler visited 97.29% avg_score=0.587 sample_chance_multiplier=0.25
INFO     Policy 3: switch sneasler visited 61.59% avg_score=0.572 sample_chance_multiplier=0.25
INFO     Considered Choices:
INFO     	88.387%: switch sneasler
INFO     Choice: switch sneasler
INFO     sneasler switched in, adding intimidate to impossible abilities
INFO     sneasler switched in, adding pressure to impossible abilities
INFO     sneasler switched in, adding neutralizinggas to impossible abilities
INFO     sneasler switched in, adding sandstream to impossible abilities
INFO     sneasler switched in, adding drought to impossible abilities
INFO     sneasler switched in, adding drizzle to impossible abilities
INFO     sneasler switched in, adding snowwarning to impossible abilities
INFO     sneasler switched in, adding boosterenergy to impossible items
INFO     sneasler switched in, adding airballoon to impossible items
INFO     sneasler's speed was unboosted by 1 to -1
INFO     Removing sneasler's item: whiteherb
INFO     Setting sneasler's removed item to whiteherb
INFO     Adding unburden volatile to sneasler
INFO     Setting sneasler's speed boost to 0
INFO     
INFO     Turn: 22
INFO     Sampling battle 0
INFO     	     chandelure    flashfire  choicescarf [energyball, fireblast, shadowball, trick] ttype=ghost
INFO     	     masquerain   intimidate heavydutyboots [hurricane, hydropump, stickyweb, stunspore] ttype=steel
INFO     	 arceusfighting    multitype    fistplate [bodypress, cosmicpower, recover, storedpower] ttype=steel
INFO     Sampling battle 1
INFO     	     chandelure    flashfire  choicescarf [energyball, fireblast, shadowball, trick] ttype=ghost
INFO     	     masquerain   intimidate heavydutyboots [bugbuzz, hurricane, stickyweb, uturn] ttype=ground
INFO     	 arceusfighting    multitype    fistplate [bodypress, irondefense, recover, shadowball] ttype=steel
INFO     Sampling battle 2
INFO     	     chandelure    flashfire  choicescarf [energyball, fireblast, shadowball, trick] ttype=grass
INFO     	     masquerain   intimidate heavydutyboots [hurricane, hydropump, stickyweb, uturn] ttype=ground
INFO     	 arceusfighting    multitype    fistplate [bodypress, irondefense, recover, shadowball] ttype=steel
INFO     Sampling battle 3
INFO     	     chandelure    flashfire  choicescarf [energyball, fireblast, shadowball, trick] ttype=grass
INFO     	     masquerain   intimidate heavydutyboots [hurricane, hydropump, stickyweb, uturn] ttype=water
INFO     	 arceusfighting    multitype    fistplate [bodypress, irondefense, recover, shadowball] ttype=steel
INFO     Searching for a move using PUCT MCTS with neural priors...
INFO     Sampling 4 battles at 500ms each
INFO     Computing neural priors for all battles...
INFO     Initialized StateTranslator with TeamPreviewObservationSpace
INFO     Initializing LocalPolicyProvider with model: Minikazam
INFO     Loading pretrained Minikazam model...


 		 AMAGO v3.1
            	 -------------------------
            	 Agent: Agent
            		 Max Sequence Length: 64
            		 TstepEncoder Type: MetamonPerceiverTstepEncoder
            		 TrajEncoder Type: GRUTrajEncoder
            		 Total Parameters: 4,761,778
            		 Offline Loss Weight: 1.0
            		 Online Loss Weight: 0.0
            		 Mixed Precision: NO
            		 Checkpoint Path: /Users/yadureddy/Documents/GitHub/clean/pokeagent_ac_mcts/.metamon_cache/pretrained_models/models--jakegrigsby--metamon/snapshots/c5d1cb9abb6747066a325228845a5a8af3d12139/minikazam/minikazam/ckpts
            	 Environment:
            		 DummyAsyncVectorEnv(Gym Env x 1)
            		 Exploration Type: None
            	 Dataset: DoNothingDataset
            	 Accelerate Processes: 1 


INFO     Successfully loaded Minikazam model
ERROR    Error translating battle to observation: 
WARNING  Failed to get priors for battle: 
ERROR    Error translating battle to observation: 
WARNING  Failed to get priors for battle: 
ERROR    Error translating battle to observation: 
WARNING  Failed to get priors for battle: 
ERROR    Error translating battle to observation: 
WARNING  Failed to get priors for battle: 
INFO     Successfully computed neural priors for 0/4 battles
INFO     Using PUCT-guided move selection (priors integrated during search)...
INFO     Policy 0: swordsdance visited 99.53% avg_score=0.917 sample_chance_multiplier=0.25
INFO     Policy 1: swordsdance visited 99.44% avg_score=0.86 sample_chance_multiplier=0.25
INFO     Policy 2: swordsdance visited 99.43% avg_score=0.858 sample_chance_multiplier=0.25
INFO     Policy 3: swordsdance visited 99.43% avg_score=0.855 sample_chance_multiplier=0.25
INFO     Considered Choices:
INFO     	99.457%: swordsdance
INFO     Choice: swordsdance
INFO     Updated chandelure's max speed to 221
INFO     sneasler already has the move swordsdance. Decrementing the PP by 1
INFO     sneasler using swordsdance makes it unlikely to have a choice item. Setting can_have_choice_item to False
INFO     sneasler used a status-move. Adding `assaultvest` to impossible items
INFO     Setting sneasler's last used move: swordsdance
INFO     sneasler's attack was boosted by 2 to 2
INFO     chandelure used two different moves - it cannot have a choice item
INFO     chandelure used a fire move, removing firegem from possible items
INFO     Setting chandelure's last used move: fireblast
INFO     chandelure used a damaging move - not guessing lifeorb anymore
INFO     chandelure has less than maxhp during upkeep, no longer guessing leftovers or blacksludge
INFO     
INFO     Turn: 23
INFO     Sampling battle 0
INFO     	     chandelure    flashfire heavydutyboots [calmmind, energyball, fireblast, shadowball] ttype=grass
INFO     	     masquerain   intimidate heavydutyboots [bugbuzz, hurricane, hydropump, stickyweb] ttype=ground
INFO     	 arceusfighting    multitype    fistplate [bodypress, irondefense, recover, shadowball] ttype=steel
INFO     Sampling battle 1
INFO     	     chandelure    flashfire heavydutyboots [calmmind, energyball, fireblast, shadowball] ttype=grass
INFO     	     masquerain   intimidate heavydutyboots [hurricane, hydropump, stickyweb, stunspore] ttype=water
INFO     	 arceusfighting    multitype    fistplate [bodypress, irondefense, recover, shadowball] ttype=steel
INFO     Sampling battle 2
INFO     	     chandelure    flashfire heavydutyboots [calmmind, energyball, fireblast, shadowball] ttype=grass
INFO     	     masquerain   intimidate heavydutyboots [hurricane, hydropump, stickyweb, uturn] ttype=steel
INFO     	 arceusfighting    multitype    fistplate [bodypress, irondefense, recover, shadowball] ttype=steel
INFO     Sampling battle 3
INFO     	     chandelure    flashfire heavydutyboots [calmmind, energyball, fireblast, shadowball] ttype=grass
INFO     	     masquerain   intimidate heavydutyboots [bugbuzz, hurricane, stickyweb, stunspore] ttype=ground
INFO     	 arceusfighting    multitype    fistplate [bodypress, cosmicpower, recover, storedpower] ttype=steel
INFO     Searching for a move using PUCT MCTS with neural priors...
INFO     Sampling 4 battles at 500ms each
INFO     Computing neural priors for all battles...
INFO     Initialized StateTranslator with TeamPreviewObservationSpace
INFO     Initializing LocalPolicyProvider with model: Minikazam
INFO     Loading pretrained Minikazam model...


 		 AMAGO v3.1
            	 -------------------------
            	 Agent: Agent
            		 Max Sequence Length: 64
            		 TstepEncoder Type: MetamonPerceiverTstepEncoder
            		 TrajEncoder Type: GRUTrajEncoder
            		 Total Parameters: 4,761,778
            		 Offline Loss Weight: 1.0
            		 Online Loss Weight: 0.0
            		 Mixed Precision: NO
            		 Checkpoint Path: /Users/yadureddy/Documents/GitHub/clean/pokeagent_ac_mcts/.metamon_cache/pretrained_models/models--jakegrigsby--metamon/snapshots/c5d1cb9abb6747066a325228845a5a8af3d12139/minikazam/minikazam/ckpts
            	 Environment:
            		 DummyAsyncVectorEnv(Gym Env x 1)
            		 Exploration Type: None
            	 Dataset: DoNothingDataset
            	 Accelerate Processes: 1 


INFO     Successfully loaded Minikazam model
ERROR    Error translating battle to observation: 
WARNING  Failed to get priors for battle: 
ERROR    Error translating battle to observation: 
WARNING  Failed to get priors for battle: 
ERROR    Error translating battle to observation: 
WARNING  Failed to get priors for battle: 
ERROR    Error translating battle to observation: 
WARNING  Failed to get priors for battle: 
INFO     Successfully computed neural priors for 0/4 battles
INFO     Using PUCT-guided move selection (priors integrated during search)...
INFO     Policy 0: acrobatics visited 99.75% avg_score=0.975 sample_chance_multiplier=0.25
INFO     Policy 1: acrobatics visited 99.73% avg_score=0.971 sample_chance_multiplier=0.25
INFO     Policy 2: acrobatics visited 99.76% avg_score=0.976 sample_chance_multiplier=0.25
INFO     Policy 3: acrobatics visited 99.75% avg_score=0.977 sample_chance_multiplier=0.25
INFO     Considered Choices:
INFO     	99.744%: acrobatics
INFO     Choice: acrobatics
INFO     Opponent has switched - clearing the last used move
INFO     Setting masquerain's ability to intimidate
INFO     sneasler's attack was unboosted by 1 to 1
INFO     sneasler already has the move acrobatics. Decrementing the PP by 1
INFO     sneasler used a flying move, removing flyinggem from possible items
INFO     Setting sneasler's last used move: acrobatics
INFO     sneasler used a damaging move - not guessing lifeorb anymore
INFO     sneasler did 50.0% damage to masquerain with acrobatics
INFO     masquerain has less than maxhp during upkeep, no longer guessing leftovers or blacksludge
INFO     Opponent has switched - clearing the last used move
INFO     
INFO     Turn: 24
INFO     Sampling battle 0
INFO     	 arceusfighting    multitype    fistplate [bodypress, irondefense, recover, shadowball] ttype=steel
INFO     	     chandelure    flamebody heavydutyboots [calmmind, energyball, fireblast, shadowball] ttype=fire
INFO     Sampling battle 1
INFO     	 arceusfighting    multitype    fistplate [bodypress, cosmicpower, recover, storedpower] ttype=steel
INFO     	     chandelure    flashfire heavydutyboots [calmmind, energyball, fireblast, shadowball] ttype=grass
INFO     Sampling battle 2
INFO     	 arceusfighting    multitype    fistplate [bodypress, cosmicpower, recover, storedpower] ttype=steel
INFO     	     chandelure    flashfire heavydutyboots [calmmind, energyball, fireblast, shadowball] ttype=grass
INFO     Sampling battle 3
INFO     	 arceusfighting    multitype    fistplate [bodypress, cosmicpower, recover, storedpower] ttype=steel
INFO     	     chandelure    flashfire heavydutyboots [calmmind, energyball, fireblast, shadowball] ttype=grass
INFO     Searching for a move using PUCT MCTS with neural priors...
INFO     Sampling 4 battles at 500ms each
INFO     Computing neural priors for all battles...
INFO     Initialized StateTranslator with TeamPreviewObservationSpace
INFO     Initializing LocalPolicyProvider with model: Minikazam
INFO     Loading pretrained Minikazam model...


 		 AMAGO v3.1
            	 -------------------------
            	 Agent: Agent
            		 Max Sequence Length: 64
            		 TstepEncoder Type: MetamonPerceiverTstepEncoder
            		 TrajEncoder Type: GRUTrajEncoder
            		 Total Parameters: 4,761,778
            		 Offline Loss Weight: 1.0
            		 Online Loss Weight: 0.0
            		 Mixed Precision: NO
            		 Checkpoint Path: /Users/yadureddy/Documents/GitHub/clean/pokeagent_ac_mcts/.metamon_cache/pretrained_models/models--jakegrigsby--metamon/snapshots/c5d1cb9abb6747066a325228845a5a8af3d12139/minikazam/minikazam/ckpts
            	 Environment:
            		 DummyAsyncVectorEnv(Gym Env x 1)
            		 Exploration Type: None
            	 Dataset: DoNothingDataset
            	 Accelerate Processes: 1 


INFO     Successfully loaded Minikazam model
ERROR    Error translating battle to observation: 
WARNING  Failed to get priors for battle: 
ERROR    Error translating battle to observation: 
WARNING  Failed to get priors for battle: 
ERROR    Error translating battle to observation: 
WARNING  Failed to get priors for battle: 
ERROR    Error translating battle to observation: 
WARNING  Failed to get priors for battle: 
INFO     Successfully computed neural priors for 0/4 battles
INFO     Using PUCT-guided move selection (priors integrated during search)...
INFO     Policy 0: swordsdance visited 75.35% avg_score=0.864 sample_chance_multiplier=0.25
INFO     Policy 1: acrobatics visited 99.71% avg_score=0.992 sample_chance_multiplier=0.25
INFO     Policy 2: acrobatics visited 99.72% avg_score=0.992 sample_chance_multiplier=0.25
INFO     Policy 3: acrobatics visited 99.71% avg_score=0.992 sample_chance_multiplier=0.25
INFO     Considered Choices:
INFO     	80.875%: acrobatics
INFO     Choice: acrobatics
INFO     Updated arceusfighting's max speed to 221
INFO     sneasler already has the move acrobatics. Decrementing the PP by 1
INFO     sneasler used a flying move, removing flyinggem from possible items
INFO     Setting sneasler's last used move: acrobatics
INFO     sneasler used a damaging move - not guessing lifeorb anymore
INFO     sneasler did 72.0% damage to arceusfighting with acrobatics
INFO     arceusfighting using recover makes it unlikely to have a choice item. Setting can_have_choice_item to False
INFO     arceusfighting used a status-move. Adding `assaultvest` to impossible items
INFO     Setting arceusfighting's last used move: recover
INFO     arceusfighting has less than maxhp during upkeep, no longer guessing leftovers or blacksludge
INFO     
INFO     Turn: 25
INFO     Sampling battle 0
INFO     	 arceusfighting    multitype    fistplate [bodypress, irondefense, recover, shadowball] ttype=steel
INFO     	     chandelure    flashfire heavydutyboots [calmmind, energyball, fireblast, shadowball] ttype=grass
INFO     Sampling battle 1
INFO     	 arceusfighting    multitype    fistplate [bodypress, cosmicpower, recover, storedpower] ttype=steel
INFO     	     chandelure    flamebody heavydutyboots [calmmind, energyball, fireblast, shadowball] ttype=ghost
INFO     Sampling battle 2
INFO     	 arceusfighting    multitype    fistplate [bodypress, irondefense, recover, shadowball] ttype=steel
INFO     	     chandelure    flamebody heavydutyboots [calmmind, energyball, fireblast, shadowball] ttype=ghost
INFO     Sampling battle 3
INFO     	 arceusfighting    multitype    fistplate [bodypress, irondefense, recover, shadowball] ttype=steel
INFO     	     chandelure    flashfire heavydutyboots [calmmind, energyball, fireblast, shadowball] ttype=fire
INFO     Searching for a move using PUCT MCTS with neural priors...
INFO     Sampling 4 battles at 500ms each
INFO     Computing neural priors for all battles...
INFO     Initialized StateTranslator with TeamPreviewObservationSpace
INFO     Initializing LocalPolicyProvider with model: Minikazam
INFO     Loading pretrained Minikazam model...


 		 AMAGO v3.1
            	 -------------------------
            	 Agent: Agent
            		 Max Sequence Length: 64
            		 TstepEncoder Type: MetamonPerceiverTstepEncoder
            		 TrajEncoder Type: GRUTrajEncoder
            		 Total Parameters: 4,761,778
            		 Offline Loss Weight: 1.0
            		 Online Loss Weight: 0.0
            		 Mixed Precision: NO
            		 Checkpoint Path: /Users/yadureddy/Documents/GitHub/clean/pokeagent_ac_mcts/.metamon_cache/pretrained_models/models--jakegrigsby--metamon/snapshots/c5d1cb9abb6747066a325228845a5a8af3d12139/minikazam/minikazam/ckpts
            	 Environment:
            		 DummyAsyncVectorEnv(Gym Env x 1)
            		 Exploration Type: None
            	 Dataset: DoNothingDataset
            	 Accelerate Processes: 1 


INFO     Successfully loaded Minikazam model
ERROR    Error translating battle to observation: 
WARNING  Failed to get priors for battle: 
ERROR    Error translating battle to observation: 
WARNING  Failed to get priors for battle: 
ERROR    Error translating battle to observation: 
WARNING  Failed to get priors for battle: 
ERROR    Error translating battle to observation: 
WARNING  Failed to get priors for battle: 
INFO     Successfully computed neural priors for 0/4 battles
INFO     Using PUCT-guided move selection (priors integrated during search)...
INFO     Policy 0: acrobatics visited 99.77% avg_score=0.994 sample_chance_multiplier=0.25
INFO     Policy 1: swordsdance visited 95.98% avg_score=0.99 sample_chance_multiplier=0.25
INFO     Policy 2: swordsdance visited 83.4% avg_score=0.963 sample_chance_multiplier=0.25
INFO     Policy 3: acrobatics visited 99.77% avg_score=0.994 sample_chance_multiplier=0.25
INFO     Considered Choices:
INFO     	54.952%: acrobatics
INFO     	44.886%: swordsdance
INFO     Choice: acrobatics
INFO     sneasler already has the move acrobatics. Decrementing the PP by 1
INFO     sneasler used a flying move, removing flyinggem from possible items
INFO     Setting sneasler's last used move: acrobatics
INFO     sneasler used a damaging move - not guessing lifeorb anymore
INFO     sneasler did 78.0% damage to arceusfighting with acrobatics
INFO     arceusfighting has less than maxhp during upkeep, no longer guessing leftovers or blacksludge
INFO     Opponent has switched - clearing the last used move
INFO     
INFO     Turn: 26
INFO     Sampling battle 0
INFO     	     chandelure    flashfire heavydutyboots [calmmind, energyball, fireblast, shadowball] ttype=grass
INFO     Sampling battle 1
INFO     	     chandelure    flashfire heavydutyboots [calmmind, energyball, fireblast, shadowball] ttype=fire
INFO     Sampling battle 2
INFO     	     chandelure    flamebody heavydutyboots [calmmind, energyball, fireblast, shadowball] ttype=fire
INFO     Sampling battle 3
INFO     	     chandelure    flashfire heavydutyboots [calmmind, energyball, fireblast, shadowball] ttype=grass
INFO     Searching for a move using PUCT MCTS with neural priors...
INFO     Sampling 4 battles at 500ms each
INFO     Computing neural priors for all battles...
INFO     Initialized StateTranslator with TeamPreviewObservationSpace
INFO     Initializing LocalPolicyProvider with model: Minikazam
INFO     Loading pretrained Minikazam model...


 		 AMAGO v3.1
            	 -------------------------
            	 Agent: Agent
            		 Max Sequence Length: 64
            		 TstepEncoder Type: MetamonPerceiverTstepEncoder
            		 TrajEncoder Type: GRUTrajEncoder
            		 Total Parameters: 4,761,778
            		 Offline Loss Weight: 1.0
            		 Online Loss Weight: 0.0
            		 Mixed Precision: NO
            		 Checkpoint Path: /Users/yadureddy/Documents/GitHub/clean/pokeagent_ac_mcts/.metamon_cache/pretrained_models/models--jakegrigsby--metamon/snapshots/c5d1cb9abb6747066a325228845a5a8af3d12139/minikazam/minikazam/ckpts
            	 Environment:
            		 DummyAsyncVectorEnv(Gym Env x 1)
            		 Exploration Type: None
            	 Dataset: DoNothingDataset
            	 Accelerate Processes: 1 


INFO     Successfully loaded Minikazam model
ERROR    Error translating battle to observation: 
WARNING  Failed to get priors for battle: 
ERROR    Error translating battle to observation: 
WARNING  Failed to get priors for battle: 
ERROR    Error translating battle to observation: 
WARNING  Failed to get priors for battle: 
ERROR    Error translating battle to observation: 
WARNING  Failed to get priors for battle: 
INFO     Successfully computed neural priors for 0/4 battles
INFO     Using PUCT-guided move selection (priors integrated during search)...
INFO     Policy 0: acrobatics visited 98.5% avg_score=1.0 sample_chance_multiplier=0.25
INFO     Policy 1: acrobatics visited 98.51% avg_score=1.0 sample_chance_multiplier=0.25
INFO     Policy 2: acrobatics visited 98.68% avg_score=1.0 sample_chance_multiplier=0.25
INFO     Policy 3: acrobatics visited 98.5% avg_score=1.0 sample_chance_multiplier=0.25
INFO     Considered Choices:
INFO     	98.548%: acrobatics
INFO     Choice: acrobatics
INFO     Winner: Neural5
INFO     Won with team: None
INFO     W: 1	L: 1
INFO     Searching for ranked gen9randombattle match
INFO     Initialized battle-gen9randombattle-61 against: Vanilla5
INFO     Opponent has switched - clearing the last used move
INFO     hoopa switched in, adding intimidate to impossible abilities
INFO     hoopa switched in, adding pressure to impossible abilities
INFO     hoopa switched in, adding neutralizinggas to impossible abilities
INFO     hoopa switched in, adding sandstream to impossible abilities
INFO     hoopa switched in, adding drought to impossible abilities
INFO     hoopa switched in, adding drizzle to impossible abilities
INFO     hoopa switched in, adding snowwarning to impossible abilities
INFO     hoopa switched in, adding boosterenergy to impossible items
INFO     hoopa switched in, adding airballoon to impossible items
INFO     
INFO     Turn: 1
INFO     Sampling battle 0
INFO     	          hoopa     magician      lifeorb [focusblast, nastyplot, psychic, shadowball] ttype=fighting
INFO     Sampling 5 unrevealed pokemon
INFO     	      girafarig    sapsipper     eviolite [dazzlinggleam, nastyplot, psychic, thunderbolt] ttype=psychic
INFO     	         emboar     reckless  assaultvest [closecombat, flareblitz, knockoff, wildcharge] ttype=fire
INFO     	        dondozo      unaware    leftovers [curse, rest, sleeptalk, wavecrash] ttype=fairy
INFO     	        dewgong     thickfat  assaultvest [flipturn, hydropump, icebeam, knockoff] ttype=grass
INFO     	       tinkaton  moldbreaker    leftovers [gigatonhammer, knockoff, playrough, stealthrock] ttype=water
INFO     Sampling battle 1
INFO     	          hoopa     magician  choicescarf [focusblast, psychic, shadowball, trick] ttype=ghost
INFO     Sampling 5 unrevealed pokemon
INFO     	       oricorio       dancer heavydutyboots [hurricane, quiverdance, revelationdance, roost] ttype=ground
INFO     	       regirock    clearbody  chestoberry [bodypress, irondefense, rest, stoneedge] ttype=fighting
INFO     	       basculin adaptability   choiceband [aquajet, doubleedge, flipturn, wavecrash] ttype=water
INFO     	        florges   flowerveil    leftovers [calmmind, moonblast, protect, wish] ttype=steel
INFO     	          klawf   angershell    scopelens [crabhammer, knockoff, stoneedge, swordsdance] ttype=water
INFO     Sampling battle 2
INFO     	          hoopa     magician      lifeorb [focusblast, nastyplot, psyshock, shadowball] ttype=psychic
INFO     Sampling 5 unrevealed pokemon
INFO     	      poliwrath    swiftswim      lifeorb [closecombat, knockoff, liquidation, raindance] ttype=dark
INFO     	     hitmonchan     ironfist      lifeorb [closecombat, icepunch, knockoff, swordsdance] ttype=fighting
INFO     	       braviary      defiant heavydutyboots [bravebird, bulkup, closecombat, roost] ttype=steel
INFO     	        blissey  naturalcure    leftovers [seismictoss, softboiled, stealthrock, thunderwave] ttype=steel
INFO     	      mightyena   intimidate   choiceband [crunch, playrough, poisonfang, suckerpunch] ttype=fairy
INFO     Sampling battle 3
INFO     	          hoopa     magician      lifeorb [focusblast, nastyplot, psychic, shadowball] ttype=fighting
INFO     Sampling 5 unrevealed pokemon
INFO     	           uxie     levitate    leftovers [knockoff, psychicnoise, stealthrock, yawn] ttype=electric
INFO     	        kingdra       sniper     lumberry [dragondance, outrage, waterfall, wavecrash] ttype=water
INFO     	      ceruledge    weakarmor heavydutyboots [bitterblade, closecombat, poltergeist, swordsdance] ttype=ghost
INFO     	   crabominable     ironfist   choiceband [closecombat, earthquake, icehammer, knockoff] ttype=ground
INFO     	         kommoo   soundproof  throatspray [boomburst, clangingscales, clangoroussoul, closecombat] ttype=normal
INFO     Sampling battle 4
INFO     	          hoopa     magician  choicescarf [focusblast, psyshock, shadowball, trick] ttype=psychic
INFO     Sampling 5 unrevealed pokemon
INFO     	        persian       limber   choiceband [doubleedge, knockoff, switcheroo, uturn] ttype=ghost
INFO     	      pecharunt poisonpuppeteer    leftovers [malignantchain, nastyplot, recover, shadowball] ttype=dark
INFO     	      eternatus     pressure    leftovers [dynamaxcannon, fireblast, recover, sludgebomb] ttype=dragon
INFO     	       samurott      torrent  assaultvest [aquajet, grassknot, hydropump, megahorn] ttype=grass
INFO     	        dedenne   cheekpouch  sitrusberry [dazzlinggleam, nuzzle, superfang, thunderbolt] ttype=flying
INFO     Sampling battle 5
INFO     	          hoopa     magician      lifeorb [focusblast, nastyplot, psychic, shadowball] ttype=psychic
INFO     Sampling 5 unrevealed pokemon
INFO     	     victreebel  chlorophyll      lifeorb [poisonjab, powerwhip, suckerpunch, swordsdance] ttype=grass
INFO     	      sandslash     sandrush    leftovers [earthquake, knockoff, stoneedge, swordsdance] ttype=dragon
INFO     	         plusle lightningrod      lifeorb [alluringvoice, grassknot, nastyplot, thunderbolt] ttype=grass
INFO     	ogerponwellspring  waterabsorb wellspringmask [ivycudgel, knockoff, powerwhip, swordsdance] ttype=water
INFO     	      bastiodon   soundproof  chestoberry [bodypress, foulplay, irondefense, rest] ttype=fighting
INFO     Sampling battle 6
INFO     	          hoopa     magician      lifeorb [focusblast, nastyplot, psychic, shadowball] ttype=fighting
INFO     Sampling 5 unrevealed pokemon
INFO     	     victreebel  chlorophyll      lifeorb [powerwhip, sleeppowder, sludgewave, strengthsap] ttype=grass
INFO     	        manaphy    hydration    leftovers [energyball, hydropump, icebeam, tailglow] ttype=water
INFO     	        ogerpon      defiant heavydutyboots [ivycudgel, spikes, superpower, uturn] ttype=grass
INFO     	     copperajah   sheerforce      lifeorb [ironhead, playrough, rockslide, stealthrock] ttype=fairy
INFO     	         tauros   sheerforce      lifeorb [bodyslam, closecombat, earthquake, throatchop] ttype=ground
INFO     Sampling battle 7
INFO     	          hoopa     magician  choicescarf [focusblast, psyshock, shadowball, trick] ttype=psychic
INFO     Sampling 5 unrevealed pokemon
INFO     	      hippowdon   sandstream  rockyhelmet [earthquake, slackoff, stoneedge, whirlwind] ttype=rock
INFO     	         raikou     pressure    leftovers [calmmind, scald, substitute, thunderbolt] ttype=water
INFO     	     ironleaves   quarkdrive   choiceband [closecombat, leafblade, megahorn, psyblade] ttype=fighting
INFO     	         gogoat    sapsipper    leftovers [bulkup, earthquake, hornleech, milkdrink] ttype=ground
INFO     	      garganacl purifyingsalt    leftovers [bodypress, protect, recover, saltcure] ttype=ghost
INFO     Searching for a move using PUCT MCTS with neural priors...
INFO     Sampling 8 battles at 250ms each
INFO     Computing neural priors for all battles...
INFO     Initialized StateTranslator with TeamPreviewObservationSpace
INFO     Initializing LocalPolicyProvider with model: Minikazam
INFO     Loading pretrained Minikazam model...


 		 AMAGO v3.1
            	 -------------------------
            	 Agent: Agent
            		 Max Sequence Length: 64
            		 TstepEncoder Type: MetamonPerceiverTstepEncoder
            		 TrajEncoder Type: GRUTrajEncoder
            		 Total Parameters: 4,761,778
            		 Offline Loss Weight: 1.0
            		 Online Loss Weight: 0.0
            		 Mixed Precision: NO
            		 Checkpoint Path: /Users/yadureddy/Documents/GitHub/clean/pokeagent_ac_mcts/.metamon_cache/pretrained_models/models--jakegrigsby--metamon/snapshots/c5d1cb9abb6747066a325228845a5a8af3d12139/minikazam/minikazam/ckpts
            	 Environment:
            		 DummyAsyncVectorEnv(Gym Env x 1)
            		 Exploration Type: None
            	 Dataset: DoNothingDataset
            	 Accelerate Processes: 1 


INFO     Successfully loaded Minikazam model
ERROR    Error translating battle to observation: 
WARNING  Failed to get priors for battle: 
ERROR    Error translating battle to observation: 
WARNING  Failed to get priors for battle: 
ERROR    Error translating battle to observation: 
WARNING  Failed to get priors for battle: 
ERROR    Error translating battle to observation: 
WARNING  Failed to get priors for battle: 
ERROR    Error translating battle to observation: 
WARNING  Failed to get priors for battle: 
ERROR    Error translating battle to observation: 
WARNING  Failed to get priors for battle: 
ERROR    Error translating battle to observation: 
WARNING  Failed to get priors for battle: 
ERROR    Error translating battle to observation: 
WARNING  Failed to get priors for battle: 
INFO     Successfully computed neural priors for 0/8 battles
INFO     Using PUCT-guided move selection (priors integrated during search)...
INFO     Policy 0: switch entei visited 93.63% avg_score=0.42 sample_chance_multiplier=0.125
INFO     Policy 1: knockoff visited 97.1% avg_score=0.436 sample_chance_multiplier=0.125
INFO     Policy 2: switch entei visited 98.52% avg_score=0.499 sample_chance_multiplier=0.125
INFO     Policy 3: switch entei visited 86.89% avg_score=0.385 sample_chance_multiplier=0.125
INFO     Policy 4: knockoff visited 97.2% avg_score=0.423 sample_chance_multiplier=0.125
INFO     Policy 5: switch entei visited 80.96% avg_score=0.455 sample_chance_multiplier=0.125
INFO     Policy 6: switch entei visited 84.65% avg_score=0.418 sample_chance_multiplier=0.125
INFO     Policy 7: knockoff visited 95.19% avg_score=0.379 sample_chance_multiplier=0.125
INFO     Considered Choices:
INFO     	55.699%: switch entei
INFO     Choice: switch entei
INFO     entei switched in, adding intimidate to impossible abilities
INFO     entei switched in, adding pressure to impossible abilities
INFO     entei switched in, adding neutralizinggas to impossible abilities
INFO     entei switched in, adding sandstream to impossible abilities
INFO     entei switched in, adding drought to impossible abilities
INFO     entei switched in, adding drizzle to impossible abilities
INFO     entei switched in, adding snowwarning to impossible abilities
INFO     entei switched in, adding boosterenergy to impossible items
INFO     entei switched in, adding airballoon to impossible items
INFO     hoopa used a ghost move, removing ghostgem from possible items
INFO     Setting hoopa's last used move: shadowball
INFO     hoopa used a damaging move - not guessing lifeorb anymore
INFO     hoopa did 63.839999999999996% damage to entei with shadowball
INFO     Setting hoopa's item to: lifeorb
INFO     hoopa has less than maxhp during upkeep, no longer guessing leftovers or blacksludge
INFO     
INFO     Turn: 2
INFO     Sampling battle 0
INFO     	          hoopa     magician      lifeorb [focusblast, nastyplot, psychic, shadowball] ttype=fighting
INFO     Sampling 5 unrevealed pokemon
INFO     	necrozmaduskmane   prismarmor weaknesspolicy [dragondance, earthquake, photongeyser, sunsteelstrike] ttype=water
INFO     	        gurdurr         guts     eviolite [defog, drainpunch, knockoff, machpunch] ttype=steel
INFO     	      sandslash     sandrush    leftovers [earthquake, knockoff, spikes, stoneedge] ttype=dragon
INFO     	         minior  shieldsdown    whiteherb [acrobatics, earthquake, powergem, shellsmash] ttype=steel
INFO     	        flapple       hustle     lumberry [dragondance, gravapple, outrage, suckerpunch] ttype=dragon
INFO     Sampling battle 1
INFO     	          hoopa     magician      lifeorb [focusblast, nastyplot, psychic, shadowball] ttype=fighting
INFO     Sampling 5 unrevealed pokemon
INFO     	 exeggutoralola      harvest  sitrusberry [dracometeor, flamethrower, knockoff, woodhammer] ttype=fire
INFO     	          hypno     insomnia    leftovers [focusblast, protect, psychicnoise, toxic] ttype=dark
INFO     	           hooh  regenerator heavydutyboots [bravebird, earthquake, recover, sacredfire] ttype=steel
INFO     	    kilowattrel   voltabsorb heavydutyboots [hurricane, roost, thunderbolt, uturn] ttype=water
INFO     	       cinccino   technician   loadeddice [bulletseed, tailslap, tidyup, tripleaxel] ttype=ice
INFO     Sampling battle 2
INFO     	          hoopa     magician      lifeorb [focusblast, nastyplot, psyshock, shadowball] ttype=ghost
INFO     Sampling 5 unrevealed pokemon
INFO     	        avalugg       sturdy heavydutyboots [avalanche, bodypress, curse, recover] ttype=fighting
INFO     	        tropius      harvest  sitrusberry [dragondance, dualwingbeat, earthquake, leafblade] ttype=ground
INFO     	necrozmaduskmane   prismarmor weaknesspolicy [dragondance, earthquake, photongeyser, sunsteelstrike] ttype=ground
INFO     	       skuntank    aftermath    focussash [gunkshot, knockoff, taunt, toxicspikes] ttype=poison
INFO     	     baxcalibur thermalexchange   choiceband [earthquake, glaiverush, iceshard, iciclecrash] ttype=ground
INFO     Sampling battle 3
INFO     	          hoopa     magician      lifeorb [focusblast, nastyplot, psyshock, shadowball] ttype=ghost
INFO     Sampling 5 unrevealed pokemon
INFO     	  slowkinggalar  regenerator heavydutyboots [chillyreception, psychicnoise, slackoff, sludgebomb] ttype=dark
INFO     	       tsareena queenlymajesty  assaultvest [highjumpkick, powerwhip, rapidspin, tripleaxel] ttype=steel
INFO     	        beartic    slushrush heavydutyboots [aquajet, closecombat, iciclecrash, swordsdance] ttype=fighting
INFO     	       skarmory       sturdy  rockyhelmet [bodypress, bravebird, roost, spikes] ttype=fighting
INFO     	        luvdisc    swiftswim heavydutyboots [endeavor, substitute, surf, whirlpool] ttype=ghost
INFO     Searching for a move using PUCT MCTS with neural priors...
INFO     Sampling 4 battles at 500ms each
INFO     Computing neural priors for all battles...
INFO     Initialized StateTranslator with TeamPreviewObservationSpace
INFO     Initializing LocalPolicyProvider with model: Minikazam
INFO     Loading pretrained Minikazam model...


 		 AMAGO v3.1
            	 -------------------------
            	 Agent: Agent
            		 Max Sequence Length: 64
            		 TstepEncoder Type: MetamonPerceiverTstepEncoder
            		 TrajEncoder Type: GRUTrajEncoder
            		 Total Parameters: 4,761,778
            		 Offline Loss Weight: 1.0
            		 Online Loss Weight: 0.0
            		 Mixed Precision: NO
            		 Checkpoint Path: /Users/yadureddy/Documents/GitHub/clean/pokeagent_ac_mcts/.metamon_cache/pretrained_models/models--jakegrigsby--metamon/snapshots/c5d1cb9abb6747066a325228845a5a8af3d12139/minikazam/minikazam/ckpts
            	 Environment:
            		 DummyAsyncVectorEnv(Gym Env x 1)
            		 Exploration Type: None
            	 Dataset: DoNothingDataset
            	 Accelerate Processes: 1 


INFO     Successfully loaded Minikazam model
ERROR    Error translating battle to observation: 
WARNING  Failed to get priors for battle: 
ERROR    Error translating battle to observation: 
WARNING  Failed to get priors for battle: 
ERROR    Error translating battle to observation: 
WARNING  Failed to get priors for battle: 
ERROR    Error translating battle to observation: 
WARNING  Failed to get priors for battle: 
INFO     Successfully computed neural priors for 0/4 battles
INFO     Using PUCT-guided move selection (priors integrated during search)...
INFO     Policy 0: flareblitz visited 81.84% avg_score=0.624 sample_chance_multiplier=0.25
INFO     Policy 1: stoneedge visited 50.51% avg_score=0.599 sample_chance_multiplier=0.25
INFO     Policy 2: sacredfire visited 58.17% avg_score=0.661 sample_chance_multiplier=0.25
INFO     Policy 3: sacredfire visited 96.15% avg_score=0.67 sample_chance_multiplier=0.25
INFO     Considered Choices:
INFO     	46.314%: sacredfire
INFO     	35.409%: flareblitz
INFO     Choice: flareblitz
INFO     Opponent has switched - clearing the last used move
INFO     volcanion switched in, adding intimidate to impossible abilities
INFO     volcanion switched in, adding pressure to impossible abilities
INFO     volcanion switched in, adding neutralizinggas to impossible abilities
INFO     volcanion switched in, adding sandstream to impossible abilities
INFO     volcanion switched in, adding drought to impossible abilities
INFO     volcanion switched in, adding drizzle to impossible abilities
INFO     volcanion switched in, adding snowwarning to impossible abilities
INFO     volcanion switched in, adding boosterenergy to impossible items
INFO     volcanion switched in, adding airballoon to impossible items
INFO     entei already has the move flareblitz. Decrementing the PP by 1
INFO     entei used a fire move, removing firegem from possible items
INFO     Setting entei's last used move: flareblitz
INFO     entei used a damaging move - not guessing lifeorb anymore
INFO     entei did 15.0% damage to volcanion with flareblitz
INFO     volcanion has less than maxhp during upkeep, no longer guessing leftovers or blacksludge
INFO     
INFO     Turn: 3
INFO     Sampling battle 0
INFO     	      volcanion  waterabsorb  choicespecs [earthpower, flamethrower, sludgebomb, steameruption] ttype=ground
INFO     	          hoopa     magician      lifeorb [focusblast, nastyplot, psychic, shadowball] ttype=ghost
INFO     Sampling 4 unrevealed pokemon
INFO     	      palossand watercompaction    leftovers [earthpower, shadowball, shoreup, sludgebomb] ttype=water
INFO     	     calyrexice asone(glastrier) heavydutyboots [closecombat, glaciallance, highhorsepower, trickroom] ttype=fighting
INFO     	    kilowattrel   voltabsorb heavydutyboots [discharge, hurricane, roost, uturn] ttype=water
INFO     	         zekrom     teravolt    leftovers [boltstrike, dragondance, outrage, substitute] ttype=steel
INFO     Sampling battle 1
INFO     	      volcanion  waterabsorb  assaultvest [earthpower, flamecharge, flamethrower, steameruption] ttype=fire
INFO     	          hoopa     magician      lifeorb [focusblast, nastyplot, psychic, shadowball] ttype=fighting
INFO     Sampling 4 unrevealed pokemon
INFO     	        donphan       sturdy  assaultvest [earthquake, iceshard, knockoff, rapidspin] ttype=dragon
INFO     	       houndoom    flashfire heavydutyboots [darkpulse, fireblast, nastyplot, sludgebomb] ttype=fire
INFO     	        avalugg       sturdy heavydutyboots [avalanche, bodypress, rapidspin, recover] ttype=fighting
INFO     	        leafeon  chlorophyll      lifeorb [doubleedge, leafblade, swordsdance, synthesis] ttype=normal
INFO     Sampling battle 2
INFO     	      volcanion  waterabsorb  assaultvest [earthpower, flamecharge, flamethrower, steameruption] ttype=ground
INFO     	          hoopa     magician      lifeorb [focusblast, nastyplot, psychic, shadowball] ttype=fighting
INFO     Sampling 4 unrevealed pokemon
INFO     	        yanmega   tintedlens  choicespecs [airslash, bugbuzz, gigadrain, uturn] ttype=bug
INFO     	        lanturn   voltabsorb heavydutyboots [scald, thunderbolt, thunderwave, voltswitch] ttype=flying
INFO     	       venomoth   tintedlens heavydutyboots [bugbuzz, quiverdance, sleeppowder, sludgewave] ttype=bug
INFO     	      dragapult  infiltrator  choicespecs [dracometeor, fireblast, shadowball, uturn] ttype=ghost
INFO     Sampling battle 3
INFO     	      volcanion  waterabsorb  assaultvest [earthpower, flamecharge, flamethrower, steameruption] ttype=ground
INFO     	          hoopa     magician      lifeorb [focusblast, nastyplot, psyshock, shadowball] ttype=fighting
INFO     Sampling 4 unrevealed pokemon
INFO     	squawkabillyblue         guts     flameorb [bravebird, facade, protect, quickattack] ttype=normal
INFO     	         emboar     reckless  assaultvest [closecombat, flareblitz, scald, wildcharge] ttype=water
INFO     	      farigiraf    sapsipper    leftovers [bodyslam, protect, psychicnoise, wish] ttype=fairy
INFO     	       vaporeon  waterabsorb    leftovers [haze, protect, scald, wish] ttype=poison
INFO     Sampling battle 4
INFO     	      volcanion  waterabsorb  assaultvest [earthpower, flamecharge, flamethrower, steameruption] ttype=ground
INFO     	          hoopa     magician      lifeorb [focusblast, nastyplot, psychic, shadowball] ttype=ghost
INFO     Sampling 4 unrevealed pokemon
INFO     	      cryogonal     levitate heavydutyboots [flashcannon, freezedry, rapidspin, recover] ttype=poison
INFO     	         scizor   technician    leftovers [bulletpunch, closecombat, defog, knockoff] ttype=steel
INFO     	       zangoose   toxicboost     toxicorb [closecombat, facade, knockoff, swordsdance] ttype=normal
INFO     	     eelektross     levitate    leftovers [coil, drainpunch, firepunch, supercellslam] ttype=fighting
INFO     Sampling battle 5
INFO     	      volcanion  waterabsorb heavydutyboots [flamethrower, haze, sludgebomb, steameruption] ttype=fire
INFO     	          hoopa     magician      lifeorb [focusblast, nastyplot, psychic, shadowball] ttype=ghost
INFO     Sampling 4 unrevealed pokemon
INFO     	        seviper  infiltrator      lifeorb [earthquake, glare, gunkshot, knockoff] ttype=poison
INFO     	      cresselia     levitate    leftovers [calmmind, moonblast, moonlight, psyshock] ttype=poison
INFO     	         raichu lightningrod  assaultvest [alluringvoice, grassknot, knockoff, thunderbolt] ttype=grass
INFO     	       torterra     overgrow   loadeddice [bulletseed, headlongrush, rockblast, shellsmash] ttype=water
INFO     Sampling battle 6
INFO     	      volcanion  waterabsorb heavydutyboots [earthpower, flamethrower, haze, steameruption] ttype=ground
INFO     	          hoopa     magician      lifeorb [focusblast, nastyplot, psyshock, shadowball] ttype=ghost
INFO     Sampling 4 unrevealed pokemon
INFO     	   squawkabilly         guts     flameorb [bravebird, facade, quickattack, uturn] ttype=normal
INFO     	         flygon     levitate   choiceband [earthquake, outrage, stoneedge, uturn] ttype=steel
INFO     	   arceusflying    multitype     skyplate [calmmind, earthpower, judgment, recover] ttype=steel
INFO     	       sneasler     unburden    whiteherb [acrobatics, closecombat, gunkshot, swordsdance] ttype=flying
INFO     Sampling battle 7
INFO     	      volcanion  waterabsorb heavydutyboots [flamethrower, haze, sludgebomb, steameruption] ttype=water
INFO     	          hoopa     magician      lifeorb [focusblast, nastyplot, psyshock, shadowball] ttype=psychic
INFO     Sampling 4 unrevealed pokemon
INFO     	     houndstone       fluffy   choiceband [bodypress, playrough, poltergeist, shadowsneak] ttype=fighting
INFO     	     archaludon      stamina    leftovers [bodypress, dracometeor, flashcannon, stealthrock] ttype=fighting
INFO     	taurospaldeablaze   intimidate   choiceband [closecombat, flareblitz, stoneedge, wildcharge] ttype=fighting
INFO     	       gumshoos adaptability   choiceband [doubleedge, earthquake, knockoff, uturn] ttype=ground
INFO     Searching for a move using PUCT MCTS with neural priors...
INFO     Sampling 8 battles at 250ms each
INFO     Computing neural priors for all battles...
INFO     Initialized StateTranslator with TeamPreviewObservationSpace
INFO     Initializing LocalPolicyProvider with model: Minikazam
INFO     Loading pretrained Minikazam model...


 		 AMAGO v3.1
            	 -------------------------
            	 Agent: Agent
            		 Max Sequence Length: 64
            		 TstepEncoder Type: MetamonPerceiverTstepEncoder
            		 TrajEncoder Type: GRUTrajEncoder
            		 Total Parameters: 4,761,778
            		 Offline Loss Weight: 1.0
            		 Online Loss Weight: 0.0
            		 Mixed Precision: NO
            		 Checkpoint Path: /Users/yadureddy/Documents/GitHub/clean/pokeagent_ac_mcts/.metamon_cache/pretrained_models/models--jakegrigsby--metamon/snapshots/c5d1cb9abb6747066a325228845a5a8af3d12139/minikazam/minikazam/ckpts
            	 Environment:
            		 DummyAsyncVectorEnv(Gym Env x 1)
            		 Exploration Type: None
            	 Dataset: DoNothingDataset
            	 Accelerate Processes: 1 


INFO     Successfully loaded Minikazam model
ERROR    Error translating battle to observation: 
WARNING  Failed to get priors for battle: 
ERROR    Error translating battle to observation: 
WARNING  Failed to get priors for battle: 
ERROR    Error translating battle to observation: 
WARNING  Failed to get priors for battle: 
ERROR    Error translating battle to observation: 
WARNING  Failed to get priors for battle: 
ERROR    Error translating battle to observation: 
WARNING  Failed to get priors for battle: 
ERROR    Error translating battle to observation: 
WARNING  Failed to get priors for battle: 
ERROR    Error translating battle to observation: 
WARNING  Failed to get priors for battle: 
ERROR    Error translating battle to observation: 
WARNING  Failed to get priors for battle: 
INFO     Successfully computed neural priors for 0/8 battles
INFO     Using PUCT-guided move selection (priors integrated during search)...
INFO     Policy 0: switch tatsugiridroopy visited 61.03% avg_score=0.47 sample_chance_multiplier=0.125
INFO     Policy 1: switch tatsugiridroopy visited 71.81% avg_score=0.519 sample_chance_multiplier=0.125
INFO     Policy 2: switch tatsugiridroopy visited 58.67% avg_score=0.505 sample_chance_multiplier=0.125
INFO     Policy 3: switch tatsugiridroopy visited 70.65% avg_score=0.443 sample_chance_multiplier=0.125
INFO     Policy 4: switch tatsugiridroopy visited 89.42% avg_score=0.631 sample_chance_multiplier=0.125
INFO     Policy 5: flareblitz visited 54.15% avg_score=0.474 sample_chance_multiplier=0.125
INFO     Policy 6: flareblitz visited 43.08% avg_score=0.451 sample_chance_multiplier=0.125
INFO     Policy 7: switch tatsugiridroopy visited 39.18% avg_score=0.472 sample_chance_multiplier=0.125
INFO     Considered Choices:
INFO     	57.934%: switch tatsugiridroopy
INFO     Choice: switch tatsugiridroopy
INFO     tatsugiridroopy switched in, adding intimidate to impossible abilities
INFO     tatsugiridroopy switched in, adding pressure to impossible abilities
INFO     tatsugiridroopy switched in, adding neutralizinggas to impossible abilities
INFO     tatsugiridroopy switched in, adding sandstream to impossible abilities
INFO     tatsugiridroopy switched in, adding drought to impossible abilities
INFO     tatsugiridroopy switched in, adding drizzle to impossible abilities
INFO     tatsugiridroopy switched in, adding snowwarning to impossible abilities
INFO     tatsugiridroopy switched in, adding boosterenergy to impossible items
INFO     tatsugiridroopy switched in, adding airballoon to impossible items
INFO     volcanion used a water move, removing watergem from possible items
INFO     Setting volcanion's last used move: steameruption
INFO     volcanion used a damaging move - not guessing lifeorb anymore
INFO     Setting tatsugiridroopy's ability to stormdrain
INFO     tatsugiridroopy's special-attack was boosted by 1 to 1
INFO     volcanion has less than maxhp during upkeep, no longer guessing leftovers or blacksludge
INFO     
INFO     Turn: 4
INFO     Sampling battle 0
INFO     	      volcanion  waterabsorb heavydutyboots [flamethrower, haze, sludgebomb, steameruption] ttype=fire
INFO     	          hoopa     magician      lifeorb [focusblast, nastyplot, psychic, shadowball] ttype=fighting
INFO     Sampling 4 unrevealed pokemon
INFO     	      cryogonal     levitate heavydutyboots [freezedry, haze, rapidspin, recover] ttype=poison
INFO     	     oinkologne     thickfat    leftovers [bodyslam, curse, highhorsepower, lashout] ttype=ground
INFO     	        darkrai    baddreams    leftovers [darkpulse, nastyplot, sludgebomb, substitute] ttype=poison
INFO     	       clodsire  waterabsorb    leftovers [earthquake, poisonjab, recover, stealthrock] ttype=flying
INFO     Sampling battle 1
INFO     	      volcanion  waterabsorb  choicescarf [earthpower, flamethrower, sludgebomb, steameruption] ttype=fire
INFO     	          hoopa     magician      lifeorb [focusblast, nastyplot, psychic, shadowball] ttype=fighting
INFO     Sampling 4 unrevealed pokemon
INFO     	       espathra   speedboost    leftovers [calmmind, dazzlinggleam, protect, storedpower] ttype=fairy
INFO     	       lycanroc     sandrush      lifeorb [closecombat, stoneedge, swordsdance, taunt] ttype=fighting
INFO     	    walkingwake protosynthesis  choicespecs [dracometeor, flamethrower, flipturn, hydropump] ttype=water
INFO     	     houndstone       fluffy  assaultvest [bodypress, playrough, poltergeist, shadowsneak] ttype=fairy
INFO     Sampling battle 2
INFO     	      volcanion  waterabsorb heavydutyboots [earthpower, flamethrower, haze, steameruption] ttype=fire
INFO     	          hoopa     magician      lifeorb [focusblast, nastyplot, psychic, shadowball] ttype=ghost
INFO     Sampling 4 unrevealed pokemon
INFO     	   arceuspoison    multitype   toxicplate [earthquake, gunkshot, recover, swordsdance] ttype=ground
INFO     	   dugtrioalola tanglinghair   choiceband [earthquake, ironhead, stoneedge, suckerpunch] ttype=steel
INFO     	        urshifu   unseenfist      lifeorb [closecombat, poisonjab, swordsdance, wickedblow] ttype=fighting
INFO     	       gyarados   intimidate heavydutyboots [dragondance, earthquake, terablast, waterfall] ttype=flying
INFO     Sampling battle 3
INFO     	      volcanion  waterabsorb  assaultvest [earthpower, flamecharge, flamethrower, steameruption] ttype=ground
INFO     	          hoopa     magician      lifeorb [focusblast, nastyplot, psychic, shadowball] ttype=fighting
INFO     Sampling 4 unrevealed pokemon
INFO     	  articunogalar  competitive heavydutyboots [calmmind, freezingglare, hurricane, recover] ttype=steel
INFO     	squawkabillywhite       hustle   choiceband [bravebird, doubleedge, foulplay, quickattack] ttype=normal
INFO     	       porygon2     download     eviolite [discharge, icebeam, recover, triattack] ttype=ghost
INFO     	    arceussteel    multitype    ironplate [earthquake, judgment, recover, willowisp] ttype=ghost
INFO     Searching for a move using PUCT MCTS with neural priors...
INFO     Sampling 4 battles at 500ms each
INFO     Computing neural priors for all battles...
INFO     Initialized StateTranslator with TeamPreviewObservationSpace
INFO     Initializing LocalPolicyProvider with model: Minikazam
INFO     Loading pretrained Minikazam model...


 		 AMAGO v3.1
            	 -------------------------
            	 Agent: Agent
            		 Max Sequence Length: 64
            		 TstepEncoder Type: MetamonPerceiverTstepEncoder
            		 TrajEncoder Type: GRUTrajEncoder
            		 Total Parameters: 4,761,778
            		 Offline Loss Weight: 1.0
            		 Online Loss Weight: 0.0
            		 Mixed Precision: NO
            		 Checkpoint Path: /Users/yadureddy/Documents/GitHub/clean/pokeagent_ac_mcts/.metamon_cache/pretrained_models/models--jakegrigsby--metamon/snapshots/c5d1cb9abb6747066a325228845a5a8af3d12139/minikazam/minikazam/ckpts
            	 Environment:
            		 DummyAsyncVectorEnv(Gym Env x 1)
            		 Exploration Type: None
            	 Dataset: DoNothingDataset
            	 Accelerate Processes: 1 


INFO     Successfully loaded Minikazam model
ERROR    Error translating battle to observation: 
WARNING  Failed to get priors for battle: 
ERROR    Error translating battle to observation: 
WARNING  Failed to get priors for battle: 
ERROR    Error translating battle to observation: 
WARNING  Failed to get priors for battle: 
ERROR    Error translating battle to observation: 
WARNING  Failed to get priors for battle: 
INFO     Successfully computed neural priors for 0/4 battles
INFO     Using PUCT-guided move selection (priors integrated during search)...
INFO     Policy 0: dracometeor visited 96.56% avg_score=0.552 sample_chance_multiplier=0.25
INFO     Policy 1: dracometeor visited 91.89% avg_score=0.567 sample_chance_multiplier=0.25
INFO     Policy 2: dracometeor visited 38.22% avg_score=0.53 sample_chance_multiplier=0.25
INFO     Policy 3: nastyplot visited 84.81% avg_score=0.571 sample_chance_multiplier=0.25
INFO     Considered Choices:
INFO     	59.434%: dracometeor
INFO     Choice: dracometeor
INFO     tatsugiridroopy already has the move dracometeor. Decrementing the PP by 1
INFO     tatsugiridroopy used a dragon move, removing dragongem from possible items
INFO     Setting tatsugiridroopy's last used move: dracometeor
INFO     tatsugiridroopy used a damaging move - not guessing lifeorb anymore
INFO     tatsugiridroopy did 85.0% damage to volcanion with dracometeor
INFO     tatsugiridroopy's special-attack was unboosted by 2 to -1
INFO     volcanion has less than maxhp during upkeep, no longer guessing leftovers or blacksludge
INFO     Opponent has switched - clearing the last used move
INFO     conkeldurr switched in, adding intimidate to impossible abilities
INFO     conkeldurr switched in, adding pressure to impossible abilities
INFO     conkeldurr switched in, adding neutralizinggas to impossible abilities
INFO     conkeldurr switched in, adding sandstream to impossible abilities
INFO     conkeldurr switched in, adding drought to impossible abilities
INFO     conkeldurr switched in, adding drizzle to impossible abilities
INFO     conkeldurr switched in, adding snowwarning to impossible abilities
INFO     conkeldurr switched in, adding boosterenergy to impossible items
INFO     conkeldurr switched in, adding airballoon to impossible items
INFO     
INFO     Turn: 5
INFO     Sampling battle 0
INFO     	     conkeldurr         guts     flameorb [closecombat, facade, knockoff, machpunch] ttype=normal
INFO     	          hoopa     magician      lifeorb [focusblast, nastyplot, psyshock, shadowball] ttype=psychic
INFO     Sampling 3 unrevealed pokemon
INFO     	       greedent   cheekpouch  sitrusberry [bodyslam, earthquake, knockoff, swordsdance] ttype=ghost
INFO     	       cyclizar  regenerator heavydutyboots [dracometeor, knockoff, rapidspin, shedtail] ttype=steel
INFO     	      munkidori   toxicchain  choicespecs [focusblast, psyshock, sludgewave, uturn] ttype=poison
INFO     Sampling battle 1
INFO     	     conkeldurr         guts     flameorb [closecombat, facade, knockoff, machpunch] ttype=normal
INFO     	          hoopa     magician      lifeorb [focusblast, nastyplot, psyshock, shadowball] ttype=ghost
INFO     Sampling 3 unrevealed pokemon
INFO     	       qwilfish   intimidate    leftovers [gunkshot, spikes, taunt, waterfall] ttype=grass
INFO     	        altaria  naturalcure heavydutyboots [bravebird, haze, roost, willowisp] ttype=steel
INFO     	  braviaryhisui   tintedlens  choicespecs [esperwing, hurricane, uturn, vacuumwave] ttype=psychic
INFO     Sampling battle 2
INFO     	     conkeldurr         guts     flameorb [closecombat, facade, knockoff, machpunch] ttype=normal
INFO     	          hoopa     magician      lifeorb [focusblast, nastyplot, psychic, shadowball] ttype=psychic
INFO     Sampling 3 unrevealed pokemon
INFO     	       meloetta  serenegrace      lifeorb [closecombat, knockoff, relicsong, tripleaxel] ttype=fighting
INFO     	         pyroar      unnerve heavydutyboots [fireblast, hypervoice, taunt, willowisp] ttype=fire
INFO     	zamazentacrowned dauntlessshield rustedshield [bodypress, heavyslam, irondefense, stoneedge] ttype=fighting
INFO     Sampling battle 3
INFO     	     conkeldurr         guts     flameorb [closecombat, facade, knockoff, machpunch] ttype=normal
INFO     	          hoopa     magician      lifeorb [focusblast, nastyplot, psyshock, shadowball] ttype=fighting
INFO     Sampling 3 unrevealed pokemon
INFO     	      poliwrath    swiftswim      lifeorb [closecombat, knockoff, liquidation, raindance] ttype=water
INFO     	       ursaring    quickfeet     toxicorb [closecombat, facade, swordsdance, throatchop] ttype=normal
INFO     	       rotomfan     levitate heavydutyboots [airslash, nastyplot, thunderbolt, willowisp] ttype=electric
INFO     Sampling battle 4
INFO     	     conkeldurr         guts     flameorb [closecombat, facade, knockoff, machpunch] ttype=normal
INFO     	          hoopa     magician      lifeorb [focusblast, nastyplot, psyshock, shadowball] ttype=ghost
INFO     Sampling 3 unrevealed pokemon
INFO     	       greedent   cheekpouch  sitrusberry [doubleedge, earthquake, knockoff, swordsdance] ttype=ghost
INFO     	 arceusfighting    multitype    fistplate [bodypress, irondefense, recover, shadowball] ttype=steel
INFO     	  zaciancrowned intrepidsword  rustedsword [behemothblade, closecombat, playrough, swordsdance] ttype=fighting
INFO     Sampling battle 5
INFO     	     conkeldurr         guts     flameorb [closecombat, facade, knockoff, machpunch] ttype=normal
INFO     	          hoopa     magician      lifeorb [focusblast, nastyplot, psyshock, shadowball] ttype=psychic
INFO     Sampling 3 unrevealed pokemon
INFO     	thundurustherian   voltabsorb  choicespecs [focusblast, psychic, sludgewave, thunderbolt] ttype=psychic
INFO     	        breloom   technician      lifeorb [bulletseed, machpunch, rocktomb, spore] ttype=rock
INFO     	        slaking       truant   choiceband [doubleedge, earthquake, gigaimpact, knockoff] ttype=normal
INFO     Sampling battle 6
INFO     	     conkeldurr         guts     flameorb [closecombat, facade, knockoff, machpunch] ttype=normal
INFO     	          hoopa     magician      lifeorb [focusblast, nastyplot, psyshock, shadowball] ttype=psychic
INFO     Sampling 3 unrevealed pokemon
INFO     	       cinccino   technician   loadeddice [bulletseed, tailslap, tidyup, tripleaxel] ttype=ice
INFO     	     incineroar   intimidate  assaultvest [fakeout, knockoff, overheat, uturn] ttype=water
INFO     	    oricoriopau       dancer heavydutyboots [hurricane, quiverdance, revelationdance, roost] ttype=ground
INFO     Sampling battle 7
INFO     	     conkeldurr         guts     flameorb [closecombat, facade, knockoff, machpunch] ttype=normal
INFO     	          hoopa     magician      lifeorb [focusblast, nastyplot, psyshock, shadowball] ttype=fighting
INFO     Sampling 3 unrevealed pokemon
INFO     	       clodsire      unaware    leftovers [earthquake, recover, spikes, toxic] ttype=steel
INFO     	     arceusdark    multitype   dreadplate [calmmind, dazzlinggleam, judgment, recover] ttype=fairy
INFO     	      tatsugiri   stormdrain heavydutyboots [dracometeor, nastyplot, rapidspin, surf] ttype=water
INFO     Searching for a move using PUCT MCTS with neural priors...
INFO     Sampling 8 battles at 250ms each
INFO     Computing neural priors for all battles...
INFO     Initialized StateTranslator with TeamPreviewObservationSpace
INFO     Initializing LocalPolicyProvider with model: Minikazam
INFO     Loading pretrained Minikazam model...


 		 AMAGO v3.1
            	 -------------------------
            	 Agent: Agent
            		 Max Sequence Length: 64
            		 TstepEncoder Type: MetamonPerceiverTstepEncoder
            		 TrajEncoder Type: GRUTrajEncoder
            		 Total Parameters: 4,761,778
            		 Offline Loss Weight: 1.0
            		 Online Loss Weight: 0.0
            		 Mixed Precision: NO
            		 Checkpoint Path: /Users/yadureddy/Documents/GitHub/clean/pokeagent_ac_mcts/.metamon_cache/pretrained_models/models--jakegrigsby--metamon/snapshots/c5d1cb9abb6747066a325228845a5a8af3d12139/minikazam/minikazam/ckpts
            	 Environment:
            		 DummyAsyncVectorEnv(Gym Env x 1)
            		 Exploration Type: None
            	 Dataset: DoNothingDataset
            	 Accelerate Processes: 1 


INFO     Successfully loaded Minikazam model
ERROR    Error translating battle to observation: 
WARNING  Failed to get priors for battle: 
ERROR    Error translating battle to observation: 
WARNING  Failed to get priors for battle: 
ERROR    Error translating battle to observation: 
WARNING  Failed to get priors for battle: 
ERROR    Error translating battle to observation: 
WARNING  Failed to get priors for battle: 
ERROR    Error translating battle to observation: 
WARNING  Failed to get priors for battle: 
ERROR    Error translating battle to observation: 
WARNING  Failed to get priors for battle: 
ERROR    Error translating battle to observation: 
WARNING  Failed to get priors for battle: 
ERROR    Error translating battle to observation: 
WARNING  Failed to get priors for battle: 
INFO     Successfully computed neural priors for 0/8 battles
INFO     Using PUCT-guided move selection (priors integrated during search)...
INFO     Policy 0: switch enamorustherian visited 71.27% avg_score=0.498 sample_chance_multiplier=0.125
INFO     Policy 1: switch enamorustherian visited 75.89% avg_score=0.494 sample_chance_multiplier=0.125
INFO     Policy 2: switch enamorustherian visited 91.91% avg_score=0.475 sample_chance_multiplier=0.125
INFO     Policy 3: switch enamorustherian visited 91.41% avg_score=0.502 sample_chance_multiplier=0.125
INFO     Policy 4: switch enamorustherian visited 79.67% avg_score=0.491 sample_chance_multiplier=0.125
INFO     Policy 5: switch enamorustherian visited 84.35% avg_score=0.403 sample_chance_multiplier=0.125
INFO     Policy 6: switch enamorustherian visited 88.07% avg_score=0.496 sample_chance_multiplier=0.125
INFO     Policy 7: switch enamorustherian visited 87.17% avg_score=0.503 sample_chance_multiplier=0.125
INFO     Considered Choices:
INFO     	83.718%: switch enamorustherian
INFO     Choice: switch enamorustherian
INFO     enamorustherian switched in, adding intimidate to impossible abilities
INFO     enamorustherian switched in, adding pressure to impossible abilities
INFO     enamorustherian switched in, adding neutralizinggas to impossible abilities
INFO     enamorustherian switched in, adding sandstream to impossible abilities
INFO     enamorustherian switched in, adding drought to impossible abilities
INFO     enamorustherian switched in, adding drizzle to impossible abilities
INFO     enamorustherian switched in, adding snowwarning to impossible abilities
INFO     enamorustherian switched in, adding boosterenergy to impossible items
INFO     enamorustherian switched in, adding airballoon to impossible items
INFO     conkeldurr used a fighting move, removing fightinggem from possible items
INFO     Setting conkeldurr's last used move: closecombat
INFO     conkeldurr did 11.97% damage to enamorustherian with closecombat
INFO     conkeldurr's defense was unboosted by 1 to -1
INFO     conkeldurr's special-defense was unboosted by 1 to -1
INFO     conkeldurr got status: brn
INFO     No longer guessing lumberry because conkeldurr got status brn
INFO     
INFO     Turn: 6
INFO     Sampling battle 0
INFO     	     conkeldurr         guts     flameorb [closecombat, facade, knockoff, machpunch] ttype=normal
INFO     	          hoopa     magician      lifeorb [focusblast, nastyplot, psyshock, shadowball] ttype=psychic
INFO     Sampling 3 unrevealed pokemon
INFO     	      azumarill    hugepower   choiceband [aquajet, knockoff, liquidation, playrough] ttype=water
INFO     	        sylveon     pixilate    leftovers [calmmind, hypervoice, protect, wish] ttype=steel
INFO     	     chandelure    flashfire  choicescarf [energyball, fireblast, shadowball, trick] ttype=ghost
INFO     Sampling battle 1
INFO     	     conkeldurr         guts     flameorb [closecombat, facade, knockoff, machpunch] ttype=normal
INFO     	          hoopa     magician      lifeorb [focusblast, nastyplot, psyshock, shadowball] ttype=psychic
INFO     Sampling 3 unrevealed pokemon
INFO     	   deoxysattack     pressure      lifeorb [icebeam, knockoff, psychoboost, superpower] ttype=fighting
INFO     	       pelipper      drizzle heavydutyboots [hurricane, hydropump, roost, uturn] ttype=water
INFO     	       sneasler     unburden    whiteherb [acrobatics, closecombat, direclaw, swordsdance] ttype=flying
INFO     Sampling battle 2
INFO     	     conkeldurr         guts     flameorb [closecombat, facade, knockoff, machpunch] ttype=normal
INFO     	          hoopa     magician      lifeorb [focusblast, nastyplot, psychic, shadowball] ttype=fighting
INFO     Sampling 3 unrevealed pokemon
INFO     	      terapagos    terashift  chestoberry [calmmind, earthpower, rest, terastarstorm] ttype=stellar
INFO     	        scrafty   intimidate      lifeorb [closecombat, dragondance, knockoff, poisonjab] ttype=poison
INFO     	  deoxysdefense     pressure    leftovers [psychicnoise, recover, spikes, teleport] ttype=fairy
INFO     Sampling battle 3
INFO     	     conkeldurr         guts     flameorb [closecombat, facade, knockoff, machpunch] ttype=normal
INFO     	          hoopa     magician      lifeorb [focusblast, nastyplot, psyshock, shadowball] ttype=psychic
INFO     Sampling 3 unrevealed pokemon
INFO     	        kleavor    sharpness   choiceband [closecombat, stoneaxe, uturn, xscissor] ttype=fighting
INFO     	     archaludon      stamina    leftovers [bodypress, dracometeor, flashcannon, stealthrock] ttype=fighting
INFO     	       mienshao  regenerator      lifeorb [closecombat, knockoff, poisonjab, swordsdance] ttype=fighting
INFO     Searching for a move using PUCT MCTS with neural priors...
INFO     Sampling 4 battles at 500ms each
INFO     Computing neural priors for all battles...
INFO     Initialized StateTranslator with TeamPreviewObservationSpace
INFO     Initializing LocalPolicyProvider with model: Minikazam
INFO     Loading pretrained Minikazam model...


 		 AMAGO v3.1
            	 -------------------------
            	 Agent: Agent
            		 Max Sequence Length: 64
            		 TstepEncoder Type: MetamonPerceiverTstepEncoder
            		 TrajEncoder Type: GRUTrajEncoder
            		 Total Parameters: 4,761,778
            		 Offline Loss Weight: 1.0
            		 Online Loss Weight: 0.0
            		 Mixed Precision: NO
            		 Checkpoint Path: /Users/yadureddy/Documents/GitHub/clean/pokeagent_ac_mcts/.metamon_cache/pretrained_models/models--jakegrigsby--metamon/snapshots/c5d1cb9abb6747066a325228845a5a8af3d12139/minikazam/minikazam/ckpts
            	 Environment:
            		 DummyAsyncVectorEnv(Gym Env x 1)
            		 Exploration Type: None
            	 Dataset: DoNothingDataset
            	 Accelerate Processes: 1 


INFO     Successfully loaded Minikazam model
ERROR    Error translating battle to observation: 
WARNING  Failed to get priors for battle: 
ERROR    Error translating battle to observation: 
WARNING  Failed to get priors for battle: 
ERROR    Error translating battle to observation: 
WARNING  Failed to get priors for battle: 
ERROR    Error translating battle to observation: 
WARNING  Failed to get priors for battle: 
INFO     Successfully computed neural priors for 0/4 battles
INFO     Using PUCT-guided move selection (priors integrated during search)...
INFO     Policy 0: moonblast visited 40.91% avg_score=0.48 sample_chance_multiplier=0.25
INFO     Policy 1: moonblast visited 95.96% avg_score=0.553 sample_chance_multiplier=0.25
INFO     Policy 2: moonblast visited 80.98% avg_score=0.546 sample_chance_multiplier=0.25
INFO     Policy 3: moonblast visited 59.94% avg_score=0.49 sample_chance_multiplier=0.25
INFO     Considered Choices:
INFO     	69.446%: moonblast
INFO     Choice: moonblast
INFO     Opponent has switched - clearing the last used move
INFO     enamorustherian already has the move moonblast. Decrementing the PP by 1
INFO     enamorustherian used a fairy move, removing fairygem from possible items
INFO     Setting enamorustherian's last used move: moonblast
INFO     enamorustherian used a damaging move - not guessing lifeorb anymore
INFO     enamorustherian did 35.0% damage to hoopa with moonblast
INFO     hoopa has less than maxhp during upkeep, no longer guessing leftovers or blacksludge
INFO     
INFO     Turn: 7
INFO     Sampling battle 0
INFO     	          hoopa     magician      lifeorb [focusblast, nastyplot, psychic, shadowball] ttype=psychic
INFO     	     conkeldurr         guts     flameorb [closecombat, facade, knockoff, machpunch] ttype=normal
INFO     Sampling 3 unrevealed pokemon
INFO     	       leavanny  chlorophyll   loadeddice [bulletseed, knockoff, stickyweb, tripleaxel] ttype=ghost
INFO     	         latias     levitate      souldew [calmmind, dracometeor, psyshock, recover] ttype=steel
INFO     	      zebstrika    sapsipper      lifeorb [highhorsepower, overheat, supercellslam, voltswitch] ttype=ground
INFO     Sampling battle 1
INFO     	          hoopa     magician      lifeorb [focusblast, nastyplot, psyshock, shadowball] ttype=ghost
INFO     	     conkeldurr         guts     flameorb [closecombat, facade, knockoff, machpunch] ttype=normal
INFO     Sampling 3 unrevealed pokemon
INFO     	        bisharp      defiant     eviolite [ironhead, suckerpunch, swordsdance, throatchop] ttype=ghost
INFO     	   squawkabilly         guts     flameorb [bravebird, facade, protect, quickattack] ttype=normal
INFO     	     copperajah   heavymetal   choiceband [heavyslam, knockoff, supercellslam, superpower] ttype=steel
INFO     Sampling battle 2
INFO     	          hoopa     magician      lifeorb [focusblast, nastyplot, psyshock, shadowball] ttype=psychic
INFO     	     conkeldurr         guts     flameorb [closecombat, facade, knockoff, machpunch] ttype=normal
INFO     Sampling 3 unrevealed pokemon
INFO     	      ironhands   quarkdrive  assaultvest [drainpunch, icepunch, voltswitch, wildcharge] ttype=electric
INFO     	    brutebonnet protosynthesis    leftovers [crunch, seedbomb, spore, suckerpunch] ttype=poison
INFO     	      farigiraf    sapsipper    leftovers [bodyslam, protect, psychicnoise, wish] ttype=fairy
INFO     Sampling battle 3
INFO     	          hoopa     magician      lifeorb [focusblast, nastyplot, psyshock, shadowball] ttype=ghost
INFO     	     conkeldurr         guts     flameorb [closecombat, facade, knockoff, machpunch] ttype=normal
INFO     Sampling 3 unrevealed pokemon
INFO     	        carbink       sturdy    leftovers [bodypress, irondefense, moonblast, rockpolish] ttype=fighting
INFO     	      alomomola  regenerator    leftovers [flipturn, protect, scald, wish] ttype=steel
INFO     	         pyroar      unnerve heavydutyboots [darkpulse, fireblast, hypervoice, workup] ttype=fire
INFO     Searching for a move using PUCT MCTS with neural priors...
INFO     Sampling 4 battles at 500ms each
INFO     Computing neural priors for all battles...
INFO     Initialized StateTranslator with TeamPreviewObservationSpace
INFO     Initializing LocalPolicyProvider with model: Minikazam
INFO     Loading pretrained Minikazam model...


 		 AMAGO v3.1
            	 -------------------------
            	 Agent: Agent
            		 Max Sequence Length: 64
            		 TstepEncoder Type: MetamonPerceiverTstepEncoder
            		 TrajEncoder Type: GRUTrajEncoder
            		 Total Parameters: 4,761,778
            		 Offline Loss Weight: 1.0
            		 Online Loss Weight: 0.0
            		 Mixed Precision: NO
            		 Checkpoint Path: /Users/yadureddy/Documents/GitHub/clean/pokeagent_ac_mcts/.metamon_cache/pretrained_models/models--jakegrigsby--metamon/snapshots/c5d1cb9abb6747066a325228845a5a8af3d12139/minikazam/minikazam/ckpts
            	 Environment:
            		 DummyAsyncVectorEnv(Gym Env x 1)
            		 Exploration Type: None
            	 Dataset: DoNothingDataset
            	 Accelerate Processes: 1 


INFO     Successfully loaded Minikazam model
ERROR    Error translating battle to observation: 
WARNING  Failed to get priors for battle: 
ERROR    Error translating battle to observation: 
WARNING  Failed to get priors for battle: 
ERROR    Error translating battle to observation: 
WARNING  Failed to get priors for battle: 
ERROR    Error translating battle to observation: 
WARNING  Failed to get priors for battle: 
INFO     Successfully computed neural priors for 0/4 battles
INFO     Using PUCT-guided move selection (priors integrated during search)...
INFO     Policy 0: switch tatsugiridroopy visited 54.96% avg_score=0.387 sample_chance_multiplier=0.25
INFO     Policy 1: moonblast visited 97.91% avg_score=0.459 sample_chance_multiplier=0.25
INFO     Policy 2: moonblast visited 96.44% avg_score=0.436 sample_chance_multiplier=0.25
INFO     Policy 3: moonblast visited 97.12% avg_score=0.438 sample_chance_multiplier=0.25
INFO     Considered Choices:
INFO     	74.379%: moonblast
INFO     Choice: moonblast
INFO     Updated hoopa's min speed to 124
INFO     hoopa used a psychic move, removing psychicgem from possible items
INFO     Setting hoopa's last used move: psyshock
INFO     hoopa used a damaging move - not guessing lifeorb anymore
INFO     hoopa did 54.83% damage to enamorustherian with psyshock
INFO     Setting hoopa's item to: lifeorb
INFO     enamorustherian already has the move moonblast. Decrementing the PP by 1
INFO     enamorustherian used a fairy move, removing fairygem from possible items
INFO     Setting enamorustherian's last used move: moonblast
INFO     enamorustherian used a damaging move - not guessing lifeorb anymore
INFO     enamorustherian did 33.0% damage to hoopa with moonblast
INFO     hoopa's special-attack was unboosted by 1 to -1
INFO     hoopa has less than maxhp during upkeep, no longer guessing leftovers or blacksludge
INFO     
INFO     Turn: 8
INFO     Sampling battle 0
INFO     	          hoopa     magician      lifeorb [focusblast, nastyplot, psyshock, shadowball] ttype=ghost
INFO     	     conkeldurr         guts     flameorb [closecombat, facade, knockoff, machpunch] ttype=normal
INFO     Sampling 3 unrevealed pokemon
INFO     	   brambleghast    windrider    leftovers [leechseed, poltergeist, powerwhip, substitute] ttype=steel
INFO     	     forretress       sturdy    leftovers [bodypress, ironhead, spikes, stealthrock] ttype=fighting
INFO     	        dondozo      unaware    leftovers [curse, rest, sleeptalk, wavecrash] ttype=dragon
INFO     Sampling battle 1
INFO     	          hoopa     magician      lifeorb [focusblast, nastyplot, psyshock, shadowball] ttype=ghost
INFO     	     conkeldurr         guts     flameorb [closecombat, facade, knockoff, machpunch] ttype=normal
INFO     Sampling 3 unrevealed pokemon
INFO     	      hatterene  magicbounce  assaultvest [drainingkiss, mysticalfire, nuzzle, psychic] ttype=steel
INFO     	       virizion    justified      lifeorb [closecombat, leafblade, stoneedge, swordsdance] ttype=rock
INFO     	     bombirdier rockypayload heavydutyboots [bravebird, knockoff, roost, stoneedge] ttype=rock
INFO     Sampling battle 2
INFO     	          hoopa     magician      lifeorb [focusblast, nastyplot, psyshock, shadowball] ttype=psychic
INFO     	     conkeldurr         guts     flameorb [closecombat, facade, knockoff, machpunch] ttype=normal
INFO     Sampling 3 unrevealed pokemon
INFO     	        manaphy    hydration    leftovers [energyball, icebeam, surf, tailglow] ttype=water
INFO     	          lugia   multiscale heavydutyboots [aeroblast, calmmind, psychicnoise, recover] ttype=steel
INFO     	       cacturne  waterabsorb      lifeorb [focusblast, knockoff, leafstorm, suckerpunch] ttype=grass
INFO     Sampling battle 3
INFO     	          hoopa     magician      lifeorb [focusblast, nastyplot, psyshock, shadowball] ttype=ghost
INFO     	     conkeldurr         guts     flameorb [closecombat, facade, knockoff, machpunch] ttype=normal
INFO     Sampling 3 unrevealed pokemon
INFO     	   persianalola      furcoat      lifeorb [darkpulse, nastyplot, powergem, thunderbolt] ttype=electric
INFO     	        okidogi   toxicchain  assaultvest [drainpunch, gunkshot, highhorsepower, knockoff] ttype=dark
INFO     	    fezandipiti   toxicchain    leftovers [beatup, gunkshot, moonblast, roost] ttype=water
INFO     Searching for a move using PUCT MCTS with neural priors...
INFO     Sampling 4 battles at 500ms each
INFO     Computing neural priors for all battles...
INFO     Initialized StateTranslator with TeamPreviewObservationSpace
INFO     Initializing LocalPolicyProvider with model: Minikazam
INFO     Loading pretrained Minikazam model...


 		 AMAGO v3.1
            	 -------------------------
            	 Agent: Agent
            		 Max Sequence Length: 64
            		 TstepEncoder Type: MetamonPerceiverTstepEncoder
            		 TrajEncoder Type: GRUTrajEncoder
            		 Total Parameters: 4,761,778
            		 Offline Loss Weight: 1.0
            		 Online Loss Weight: 0.0
            		 Mixed Precision: NO
            		 Checkpoint Path: /Users/yadureddy/Documents/GitHub/clean/pokeagent_ac_mcts/.metamon_cache/pretrained_models/models--jakegrigsby--metamon/snapshots/c5d1cb9abb6747066a325228845a5a8af3d12139/minikazam/minikazam/ckpts
            	 Environment:
            		 DummyAsyncVectorEnv(Gym Env x 1)
            		 Exploration Type: None
            	 Dataset: DoNothingDataset
            	 Accelerate Processes: 1 


INFO     Successfully loaded Minikazam model
ERROR    Error translating battle to observation: 
WARNING  Failed to get priors for battle: 
ERROR    Error translating battle to observation: 
WARNING  Failed to get priors for battle: 
ERROR    Error translating battle to observation: 
WARNING  Failed to get priors for battle: 
ERROR    Error translating battle to observation: 
WARNING  Failed to get priors for battle: 
INFO     Successfully computed neural priors for 0/4 battles
INFO     Using PUCT-guided move selection (priors integrated during search)...
INFO     Policy 0: switch ironcrown visited 90.61% avg_score=0.409 sample_chance_multiplier=0.25
INFO     Policy 1: switch ironcrown visited 98.09% avg_score=0.433 sample_chance_multiplier=0.25
INFO     Policy 2: switch ironcrown visited 97.36% avg_score=0.419 sample_chance_multiplier=0.25
INFO     Policy 3: switch ironcrown visited 98.28% avg_score=0.48 sample_chance_multiplier=0.25
INFO     Considered Choices:
INFO     	96.085%: switch ironcrown
INFO     Choice: switch ironcrown
INFO     ironcrown switched in, adding intimidate to impossible abilities
INFO     ironcrown switched in, adding pressure to impossible abilities
INFO     ironcrown switched in, adding neutralizinggas to impossible abilities
INFO     ironcrown switched in, adding sandstream to impossible abilities
INFO     ironcrown switched in, adding drought to impossible abilities
INFO     ironcrown switched in, adding drizzle to impossible abilities
INFO     ironcrown switched in, adding snowwarning to impossible abilities
INFO     ironcrown switched in, adding boosterenergy to impossible items
INFO     ironcrown switched in, adding airballoon to impossible items
INFO     hoopa already has the move psyshock. Decrementing the PP by 1
INFO     hoopa used a psychic move, removing psychicgem from possible items
INFO     Setting hoopa's last used move: psyshock
INFO     hoopa used a damaging move - not guessing lifeorb anymore
INFO     hoopa did 10.07% damage to ironcrown with psyshock
INFO     Setting hoopa's item to: lifeorb
INFO     hoopa has less than maxhp during upkeep, no longer guessing leftovers or blacksludge
INFO     
INFO     Turn: 9
INFO     Sampling battle 0
INFO     	          hoopa     magician      lifeorb [focusblast, nastyplot, psyshock, shadowball] ttype=ghost
INFO     	     conkeldurr         guts     flameorb [closecombat, facade, knockoff, machpunch] ttype=normal
INFO     Sampling 3 unrevealed pokemon
INFO     	       leavanny  chlorophyll   loadeddice [bulletseed, knockoff, swordsdance, tripleaxel] ttype=ghost
INFO     	        weezing     levitate    leftovers [fireblast, painsplit, sludgebomb, toxicspikes] ttype=steel
INFO     	       ampharos       static  assaultvest [dazzlinggleam, discharge, focusblast, voltswitch] ttype=fairy
INFO     Sampling battle 1
INFO     	          hoopa     magician      lifeorb [focusblast, nastyplot, psyshock, shadowball] ttype=psychic
INFO     	     conkeldurr         guts     flameorb [closecombat, facade, knockoff, machpunch] ttype=normal
INFO     Sampling 3 unrevealed pokemon
INFO     	   persianalola      furcoat heavydutyboots [foulplay, partingshot, taunt, thunderwave] ttype=ghost
INFO     	       oranguru   innerfocus  choicespecs [focusblast, hypervoice, psyshock, trick] ttype=fighting
INFO     	      regieleki   transistor       magnet [explosion, rapidspin, thunderbolt, voltswitch] ttype=electric
INFO     Sampling battle 2
INFO     	          hoopa     magician      lifeorb [focusblast, nastyplot, psyshock, shadowball] ttype=fighting
INFO     	     conkeldurr         guts     flameorb [closecombat, facade, knockoff, machpunch] ttype=normal
INFO     Sampling 3 unrevealed pokemon
INFO     	       leavanny        swarm heavydutyboots [knockoff, leafblade, lunge, swordsdance] ttype=ghost
INFO     	      probopass   magnetpull    leftovers [bodypress, flashcannon, irondefense, thunderwave] ttype=fighting
INFO     	        slaking       truant   choiceband [doubleedge, earthquake, gigaimpact, knockoff] ttype=normal
INFO     Sampling battle 3
INFO     	          hoopa     magician      lifeorb [focusblast, nastyplot, psyshock, shadowball] ttype=psychic
INFO     	     conkeldurr         guts     flameorb [closecombat, facade, knockoff, machpunch] ttype=normal
INFO     Sampling 3 unrevealed pokemon
INFO     	      hitmontop   intimidate   choiceband [closecombat, earthquake, stoneedge, suckerpunch] ttype=steel
INFO     	      vileplume  effectspore    leftovers [gigadrain, leechseed, sludgebomb, strengthsap] ttype=water
INFO     	        drednaw   shellarmor    whiteherb [earthquake, liquidation, shellsmash, stoneedge] ttype=water
INFO     Searching for a move using PUCT MCTS with neural priors...
INFO     Sampling 4 battles at 500ms each
INFO     Computing neural priors for all battles...
INFO     Initialized StateTranslator with TeamPreviewObservationSpace
INFO     Initializing LocalPolicyProvider with model: Minikazam
INFO     Loading pretrained Minikazam model...


 		 AMAGO v3.1
            	 -------------------------
            	 Agent: Agent
            		 Max Sequence Length: 64
            		 TstepEncoder Type: MetamonPerceiverTstepEncoder
            		 TrajEncoder Type: GRUTrajEncoder
            		 Total Parameters: 4,761,778
            		 Offline Loss Weight: 1.0
            		 Online Loss Weight: 0.0
            		 Mixed Precision: NO
            		 Checkpoint Path: /Users/yadureddy/Documents/GitHub/clean/pokeagent_ac_mcts/.metamon_cache/pretrained_models/models--jakegrigsby--metamon/snapshots/c5d1cb9abb6747066a325228845a5a8af3d12139/minikazam/minikazam/ckpts
            	 Environment:
            		 DummyAsyncVectorEnv(Gym Env x 1)
            		 Exploration Type: None
            	 Dataset: DoNothingDataset
            	 Accelerate Processes: 1 


INFO     Successfully loaded Minikazam model
ERROR    Error translating battle to observation: 
WARNING  Failed to get priors for battle: 
ERROR    Error translating battle to observation: 
WARNING  Failed to get priors for battle: 
ERROR    Error translating battle to observation: 
WARNING  Failed to get priors for battle: 
ERROR    Error translating battle to observation: 
WARNING  Failed to get priors for battle: 
INFO     Successfully computed neural priors for 0/4 battles
INFO     Using PUCT-guided move selection (priors integrated during search)...
INFO     Policy 0: psyshock visited 98.65% avg_score=0.593 sample_chance_multiplier=0.25
INFO     Policy 1: voltswitch visited 95.41% avg_score=0.525 sample_chance_multiplier=0.25
INFO     Policy 2: tachyoncutter visited 96.94% avg_score=0.474 sample_chance_multiplier=0.25
INFO     Policy 3: voltswitch visited 85.13% avg_score=0.473 sample_chance_multiplier=0.25
INFO     Considered Choices:
INFO     	45.462%: voltswitch
INFO     Choice: voltswitch
INFO     ironcrown already has the move voltswitch. Decrementing the PP by 1
INFO     ironcrown used a electric move, removing electricgem from possible items
INFO     Setting ironcrown's last used move: voltswitch
INFO     ironcrown used a damaging move - not guessing lifeorb anymore
INFO     ironcrown did 4.0% damage to hoopa with voltswitch
INFO     Sampling battle 0
INFO     	          hoopa     magician      lifeorb [focusblast, nastyplot, psyshock, shadowball] ttype=ghost
INFO     	     conkeldurr         guts     flameorb [closecombat, facade, knockoff, machpunch] ttype=normal
INFO     Sampling 3 unrevealed pokemon
INFO     	      zebstrika    sapsipper      lifeorb [highhorsepower, overheat, supercellslam, voltswitch] ttype=ground
INFO     	         swanna    hydration heavydutyboots [bravebird, hydropump, knockoff, roost] ttype=ground
INFO     	       reshiram   turboblaze heavydutyboots [dragondance, flareblitz, outrage, stoneedge] ttype=dragon
INFO     Sampling battle 1
INFO     	          hoopa     magician      lifeorb [focusblast, nastyplot, psyshock, shadowball] ttype=fighting
INFO     	     conkeldurr         guts     flameorb [closecombat, facade, knockoff, machpunch] ttype=normal
INFO     Sampling 3 unrevealed pokemon
INFO     	 electrodehisui   soundproof      lifeorb [leafstorm, taunt, thunderbolt, voltswitch] ttype=electric
INFO     	      indeedeef psychicsurge      lifeorb [calmmind, dazzlinggleam, hypervoice, psychic] ttype=fairy
INFO     	        suicune     pressure    leftovers [calmmind, icebeam, scald, substitute] ttype=dragon
INFO     Sampling battle 2
INFO     	          hoopa     magician      lifeorb [focusblast, nastyplot, psyshock, shadowball] ttype=psychic
INFO     	     conkeldurr         guts     flameorb [closecombat, facade, knockoff, machpunch] ttype=normal
INFO     Sampling 3 unrevealed pokemon
INFO     	           hooh  regenerator heavydutyboots [bravebird, earthquake, recover, sacredfire] ttype=steel
INFO     	        palafin   zerotohero    leftovers [bulkup, icepunch, jetpunch, wavecrash] ttype=steel
INFO     	      greattusk protosynthesis  assaultvest [closecombat, headlongrush, rapidspin, stoneedge] ttype=ground
INFO     Sampling battle 3
INFO     	          hoopa     magician      lifeorb [focusblast, nastyplot, psyshock, shadowball] ttype=fighting
INFO     	     conkeldurr         guts     flameorb [closecombat, facade, knockoff, machpunch] ttype=normal
INFO     Sampling 3 unrevealed pokemon
INFO     	   hoopaunbound     magician   choiceband [drainpunch, hyperspacefury, trick, zenheadbutt] ttype=fighting
INFO     	    gougingfire protosynthesis heavydutyboots [dragondance, earthquake, heatcrash, outrage] ttype=ground
INFO     	       zangoose   toxicboost     toxicorb [closecombat, facade, knockoff, quickattack] ttype=normal
INFO     Searching for a move using PUCT MCTS with neural priors...
INFO     Sampling 4 battles at 500ms each
INFO     Computing neural priors for all battles...
INFO     Initialized StateTranslator with TeamPreviewObservationSpace
INFO     Initializing LocalPolicyProvider with model: Minikazam
INFO     Loading pretrained Minikazam model...


 		 AMAGO v3.1
            	 -------------------------
            	 Agent: Agent
            		 Max Sequence Length: 64
            		 TstepEncoder Type: MetamonPerceiverTstepEncoder
            		 TrajEncoder Type: GRUTrajEncoder
            		 Total Parameters: 4,761,778
            		 Offline Loss Weight: 1.0
            		 Online Loss Weight: 0.0
            		 Mixed Precision: NO
            		 Checkpoint Path: /Users/yadureddy/Documents/GitHub/clean/pokeagent_ac_mcts/.metamon_cache/pretrained_models/models--jakegrigsby--metamon/snapshots/c5d1cb9abb6747066a325228845a5a8af3d12139/minikazam/minikazam/ckpts
            	 Environment:
            		 DummyAsyncVectorEnv(Gym Env x 1)
            		 Exploration Type: None
            	 Dataset: DoNothingDataset
            	 Accelerate Processes: 1 


INFO     Successfully loaded Minikazam model
ERROR    Error translating battle to observation: 
WARNING  Failed to get priors for battle: 
ERROR    Error translating battle to observation: 
WARNING  Failed to get priors for battle: 
ERROR    Error translating battle to observation: 
WARNING  Failed to get priors for battle: 
ERROR    Error translating battle to observation: 
WARNING  Failed to get priors for battle: 
INFO     Successfully computed neural priors for 0/4 battles
INFO     Using PUCT-guided move selection (priors integrated during search)...
INFO     Policy 0: switch tatsugiridroopy visited 86.44% avg_score=0.519 sample_chance_multiplier=0.25
INFO     Policy 1: switch ironthorns visited 74.24% avg_score=0.454 sample_chance_multiplier=0.25
INFO     Policy 2: switch malamar visited 99.11% avg_score=0.685 sample_chance_multiplier=0.25
INFO     Policy 3: switch ironthorns visited 98.37% avg_score=0.544 sample_chance_multiplier=0.25
INFO     Considered Choices:
INFO     	43.304%: switch ironthorns
INFO     Choice: switch ironthorns
INFO     ironthorns switched in, adding intimidate to impossible abilities
INFO     ironthorns switched in, adding pressure to impossible abilities
INFO     ironthorns switched in, adding neutralizinggas to impossible abilities
INFO     ironthorns switched in, adding sandstream to impossible abilities
INFO     ironthorns switched in, adding drought to impossible abilities
INFO     ironthorns switched in, adding drizzle to impossible abilities
INFO     ironthorns switched in, adding snowwarning to impossible abilities
INFO     ironthorns switched in, adding boosterenergy to impossible items
INFO     ironthorns switched in, adding airballoon to impossible items
INFO     Removing ironthorns's item: boosterenergy
INFO     Setting ironthorns's removed item to boosterenergy
INFO     Setting ironthorns's ability to quarkdrive
INFO     Starting the volatile status quarkdriveatk on ironthorns
INFO     hoopa has less than maxhp during upkeep, no longer guessing leftovers or blacksludge
INFO     Opponent has switched - clearing the last used move
INFO     cramorant switched in, adding intimidate to impossible abilities
INFO     cramorant switched in, adding pressure to impossible abilities
INFO     cramorant switched in, adding neutralizinggas to impossible abilities
INFO     cramorant switched in, adding sandstream to impossible abilities
INFO     cramorant switched in, adding drought to impossible abilities
INFO     cramorant switched in, adding drizzle to impossible abilities
INFO     cramorant switched in, adding snowwarning to impossible abilities
INFO     cramorant switched in, adding boosterenergy to impossible items
INFO     cramorant switched in, adding airballoon to impossible items
INFO     
INFO     Turn: 10
INFO     Sampling battle 0
INFO     	      cramorant  gulpmissile heavydutyboots [bravebird, defog, roost, surf] ttype=ground
INFO     	     conkeldurr         guts     flameorb [closecombat, facade, knockoff, machpunch] ttype=normal
INFO     Sampling 2 unrevealed pokemon
INFO     	       vigoroth  vitalspirit     eviolite [bodyslam, bulkup, knockoff, slackoff] ttype=ghost
INFO     	      honchkrow        moxie heavydutyboots [bravebird, heatwave, lashout, suckerpunch] ttype=dark
INFO     Sampling battle 1
INFO     	      cramorant  gulpmissile heavydutyboots [bravebird, defog, roost, surf] ttype=ground
INFO     	     conkeldurr         guts     flameorb [closecombat, facade, knockoff, machpunch] ttype=normal
INFO     Sampling 2 unrevealed pokemon
INFO     	    arceusghost    multitype  spookyplate [calmmind, focusblast, judgment, recover] ttype=ghost
INFO     	       salazzle    corrosion heavydutyboots [fireblast, nastyplot, sludgewave, terablast] ttype=grass
INFO     Sampling battle 2
INFO     	      cramorant  gulpmissile heavydutyboots [bravebird, defog, roost, surf] ttype=ground
INFO     	     conkeldurr         guts     flameorb [closecombat, facade, knockoff, machpunch] ttype=normal
INFO     Sampling 2 unrevealed pokemon
INFO     	       rotomfan     levitate heavydutyboots [airslash, thunderbolt, voltswitch, willowisp] ttype=electric
INFO     	    oinkolognef     thickfat    leftovers [bodyslam, curse, rest, sleeptalk] ttype=fairy
INFO     Sampling battle 3
INFO     	      cramorant  gulpmissile heavydutyboots [bravebird, defog, roost, surf] ttype=ground
INFO     	     conkeldurr         guts     flameorb [closecombat, facade, knockoff, machpunch] ttype=normal
INFO     Sampling 2 unrevealed pokemon
INFO     	       miraidon hadronengine  choicespecs [dracometeor, electrodrift, overheat, voltswitch] ttype=electric
INFO     	     typhlosion    flashfire  choicescarf [eruption, fireblast, focusblast, scorchingsands] ttype=fire
INFO     Searching for a move using PUCT MCTS with neural priors...
INFO     Sampling 4 battles at 500ms each
INFO     Computing neural priors for all battles...
INFO     Initialized StateTranslator with TeamPreviewObservationSpace
INFO     Initializing LocalPolicyProvider with model: Minikazam
INFO     Loading pretrained Minikazam model...


 		 AMAGO v3.1
            	 -------------------------
            	 Agent: Agent
            		 Max Sequence Length: 64
            		 TstepEncoder Type: MetamonPerceiverTstepEncoder
            		 TrajEncoder Type: GRUTrajEncoder
            		 Total Parameters: 4,761,778
            		 Offline Loss Weight: 1.0
            		 Online Loss Weight: 0.0
            		 Mixed Precision: NO
            		 Checkpoint Path: /Users/yadureddy/Documents/GitHub/clean/pokeagent_ac_mcts/.metamon_cache/pretrained_models/models--jakegrigsby--metamon/snapshots/c5d1cb9abb6747066a325228845a5a8af3d12139/minikazam/minikazam/ckpts
            	 Environment:
            		 DummyAsyncVectorEnv(Gym Env x 1)
            		 Exploration Type: None
            	 Dataset: DoNothingDataset
            	 Accelerate Processes: 1 


INFO     Successfully loaded Minikazam model
ERROR    Error translating battle to observation: 
WARNING  Failed to get priors for battle: 
ERROR    Error translating battle to observation: 
WARNING  Failed to get priors for battle: 
ERROR    Error translating battle to observation: 
WARNING  Failed to get priors for battle: 
ERROR    Error translating battle to observation: 
WARNING  Failed to get priors for battle: 
INFO     Successfully computed neural priors for 0/4 battles
INFO     Using PUCT-guided move selection (priors integrated during search)...
INFO     Policy 0: wildcharge visited 98.53% avg_score=0.634 sample_chance_multiplier=0.25
INFO     Policy 1: dragondance visited 86.92% avg_score=0.551 sample_chance_multiplier=0.25
INFO     Policy 2: dragondance visited 96.69% avg_score=0.563 sample_chance_multiplier=0.25
INFO     Policy 3: dragondance visited 66.92% avg_score=0.521 sample_chance_multiplier=0.25
INFO     Considered Choices:
INFO     	62.737%: dragondance
INFO     Choice: dragondance
INFO     Updated cramorant's min speed to 167
INFO     cramorant used a water move, removing watergem from possible items
INFO     Setting cramorant's last used move: surf
INFO     cramorant used a damaging move - not guessing lifeorb anymore
INFO     cramorant did 60.260000000000005% damage to ironthorns with surf
INFO     Form Change: cramorant -> Cramorant-Gulping
INFO     ironthorns already has the move dragondance. Decrementing the PP by 1
INFO     ironthorns using dragondance makes it unlikely to have a choice item. Setting can_have_choice_item to False
INFO     ironthorns used a status-move. Adding `assaultvest` to impossible items
INFO     Setting ironthorns's last used move: dragondance
INFO     ironthorns's attack was boosted by 1 to 1
INFO     ironthorns's speed was boosted by 1 to 1
INFO     
INFO     Turn: 11
INFO     Sampling battle 0
INFO     	cramorantgulping  gulpmissile heavydutyboots [bravebird, defog, roost, surf] ttype=ground
INFO     	     conkeldurr         guts     flameorb [closecombat, facade, knockoff, machpunch] ttype=normal
INFO     Sampling 2 unrevealed pokemon
INFO     	     irontreads   quarkdrive  assaultvest [earthquake, ironhead, rapidspin, voltswitch] ttype=dragon
INFO     	      mandibuzz     overcoat heavydutyboots [bravebird, defog, foulplay, roost] ttype=steel
INFO     Sampling battle 1
INFO     	cramorantgulping  gulpmissile heavydutyboots [bravebird, defog, roost, surf] ttype=ground
INFO     	     conkeldurr         guts     flameorb [closecombat, facade, knockoff, machpunch] ttype=normal
INFO     Sampling 2 unrevealed pokemon
INFO     	       skarmory       sturdy    leftovers [bodypress, bravebird, roost, spikes] ttype=fighting
INFO     	 electrodehisui    aftermath      lifeorb [gigadrain, taunt, thunderbolt, voltswitch] ttype=grass
INFO     Sampling battle 2
INFO     	cramorantgulping  gulpmissile heavydutyboots [bravebird, defog, roost, surf] ttype=ground
INFO     	     conkeldurr         guts     flameorb [closecombat, facade, knockoff, machpunch] ttype=normal
INFO     Sampling 2 unrevealed pokemon
INFO     	        dipplin   stickyhold     eviolite [dragonpulse, dragontail, gigadrain, recover] ttype=steel
INFO     	        spidops     stakeout heavydutyboots [circlethrow, spikes, stickyweb, uturn] ttype=ghost
INFO     Sampling battle 3
INFO     	cramorantgulping  gulpmissile heavydutyboots [bravebird, defog, roost, surf] ttype=ground
INFO     	     conkeldurr         guts     flameorb [closecombat, facade, knockoff, machpunch] ttype=normal
INFO     Sampling 2 unrevealed pokemon
INFO     	          azelf     levitate  assaultvest [explosion, fireblast, psychic, uturn] ttype=fire
INFO     	   dialgaorigin     pressure adamantcrystal [dracometeor, heavyslam, stealthrock, thunderwave] ttype=steel
INFO     Searching for a move using PUCT MCTS with neural priors...
INFO     Sampling 4 battles at 500ms each
INFO     Computing neural priors for all battles...
INFO     Initialized StateTranslator with TeamPreviewObservationSpace
INFO     Initializing LocalPolicyProvider with model: Minikazam
INFO     Loading pretrained Minikazam model...


 		 AMAGO v3.1
            	 -------------------------
            	 Agent: Agent
            		 Max Sequence Length: 64
            		 TstepEncoder Type: MetamonPerceiverTstepEncoder
            		 TrajEncoder Type: GRUTrajEncoder
            		 Total Parameters: 4,761,778
            		 Offline Loss Weight: 1.0
            		 Online Loss Weight: 0.0
            		 Mixed Precision: NO
            		 Checkpoint Path: /Users/yadureddy/Documents/GitHub/clean/pokeagent_ac_mcts/.metamon_cache/pretrained_models/models--jakegrigsby--metamon/snapshots/c5d1cb9abb6747066a325228845a5a8af3d12139/minikazam/minikazam/ckpts
            	 Environment:
            		 DummyAsyncVectorEnv(Gym Env x 1)
            		 Exploration Type: None
            	 Dataset: DoNothingDataset
            	 Accelerate Processes: 1 


INFO     Successfully loaded Minikazam model
ERROR    Error translating battle to observation: 
WARNING  Failed to get priors for battle: 
ERROR    Error translating battle to observation: 
WARNING  Failed to get priors for battle: 
ERROR    Error translating battle to observation: 
WARNING  Failed to get priors for battle: 
ERROR    Error translating battle to observation: 
WARNING  Failed to get priors for battle: 
INFO     Successfully computed neural priors for 0/4 battles
INFO     Using PUCT-guided move selection (priors integrated during search)...
INFO     Policy 0: wildcharge visited 73.95% avg_score=0.671 sample_chance_multiplier=0.25
INFO     Policy 1: stoneedge visited 89.24% avg_score=0.559 sample_chance_multiplier=0.25
INFO     Policy 2: stoneedge visited 90.34% avg_score=0.55 sample_chance_multiplier=0.25
INFO     Policy 3: stoneedge visited 64.03% avg_score=0.594 sample_chance_multiplier=0.25
INFO     Considered Choices:
INFO     	61.144%: stoneedge
INFO     Choice: stoneedge
INFO     Opponent has switched - clearing the last used move
INFO     Resetting cramorantgulping to 'cramorant' on switch out
INFO     ironthorns already has the move stoneedge. Decrementing the PP by 1
INFO     ironthorns used a rock move, removing rockgem from possible items
INFO     Setting ironthorns's last used move: stoneedge
INFO     ironthorns used a damaging move - not guessing lifeorb anymore
INFO     ironthorns did 42.0% damage to conkeldurr with stoneedge
INFO     conkeldurr has less than maxhp during upkeep, no longer guessing leftovers or blacksludge
INFO     
INFO     Turn: 12
INFO     Sampling battle 0
INFO     	     conkeldurr         guts     flameorb [closecombat, facade, knockoff, machpunch] ttype=normal
INFO     	      cramorant  gulpmissile heavydutyboots [bravebird, defog, roost, surf] ttype=ground
INFO     Sampling 2 unrevealed pokemon
INFO     	         dodrio    earlybird   choiceband [bravebird, drillrun, knockoff, quickattack] ttype=flying
INFO     	       oranguru   innerfocus  choicespecs [focusblast, hypervoice, psyshock, trick] ttype=psychic
INFO     Sampling battle 1
INFO     	     conkeldurr         guts     flameorb [closecombat, facade, knockoff, machpunch] ttype=normal
INFO     	      cramorant  gulpmissile heavydutyboots [bravebird, defog, roost, surf] ttype=ground
INFO     Sampling 2 unrevealed pokemon
INFO     	        florges   flowerveil    leftovers [calmmind, moonblast, synthesis, terablast] ttype=ground
INFO     	          azelf     levitate      lifeorb [fireblast, knockoff, psychic, stealthrock] ttype=fire
INFO     Sampling battle 2
INFO     	     conkeldurr         guts     flameorb [closecombat, facade, knockoff, machpunch] ttype=normal
INFO     	      cramorant  gulpmissile heavydutyboots [bravebird, defog, roost, surf] ttype=ground
INFO     Sampling 2 unrevealed pokemon
INFO     	     ironthorns   quarkdrive  assaultvest [icepunch, stoneedge, voltswitch, wildcharge] ttype=grass
INFO     	       cinccino   technician   loadeddice [bulletseed, tailslap, tidyup, tripleaxel] ttype=ice
INFO     Sampling battle 3
INFO     	     conkeldurr         guts     flameorb [closecombat, facade, knockoff, machpunch] ttype=normal
INFO     	      cramorant  gulpmissile heavydutyboots [bravebird, defog, roost, surf] ttype=ground
INFO     Sampling 2 unrevealed pokemon
INFO     	     misdreavus     levitate     eviolite [calmmind, drainingkiss, shadowball, willowisp] ttype=fairy
INFO     	      hitmonlee     reckless   choiceband [highjumpkick, knockoff, poisonjab, stoneedge] ttype=fighting
INFO     Searching for a move using PUCT MCTS with neural priors...
INFO     Sampling 4 battles at 500ms each
INFO     Computing neural priors for all battles...
INFO     Initialized StateTranslator with TeamPreviewObservationSpace
INFO     Initializing LocalPolicyProvider with model: Minikazam
INFO     Loading pretrained Minikazam model...


 		 AMAGO v3.1
            	 -------------------------
            	 Agent: Agent
            		 Max Sequence Length: 64
            		 TstepEncoder Type: MetamonPerceiverTstepEncoder
            		 TrajEncoder Type: GRUTrajEncoder
            		 Total Parameters: 4,761,778
            		 Offline Loss Weight: 1.0
            		 Online Loss Weight: 0.0
            		 Mixed Precision: NO
            		 Checkpoint Path: /Users/yadureddy/Documents/GitHub/clean/pokeagent_ac_mcts/.metamon_cache/pretrained_models/models--jakegrigsby--metamon/snapshots/c5d1cb9abb6747066a325228845a5a8af3d12139/minikazam/minikazam/ckpts
            	 Environment:
            		 DummyAsyncVectorEnv(Gym Env x 1)
            		 Exploration Type: None
            	 Dataset: DoNothingDataset
            	 Accelerate Processes: 1 


INFO     Successfully loaded Minikazam model
ERROR    Error translating battle to observation: 
WARNING  Failed to get priors for battle: 
ERROR    Error translating battle to observation: 
WARNING  Failed to get priors for battle: 
ERROR    Error translating battle to observation: 
WARNING  Failed to get priors for battle: 
ERROR    Error translating battle to observation: 
WARNING  Failed to get priors for battle: 
INFO     Successfully computed neural priors for 0/4 battles
INFO     Using PUCT-guided move selection (priors integrated during search)...
INFO     Policy 0: switch enamorustherian visited 26.15% avg_score=0.399 sample_chance_multiplier=0.25
INFO     Policy 1: switch entei visited 21.71% avg_score=0.395 sample_chance_multiplier=0.25
INFO     Policy 2: stoneedge visited 91.53% avg_score=0.485 sample_chance_multiplier=0.25
INFO     Policy 3: switch ironcrown visited 47.61% avg_score=0.415 sample_chance_multiplier=0.25
INFO     Considered Choices:
INFO     	32.442%: stoneedge
INFO     Choice: stoneedge
INFO     conkeldurr used a fighting move, removing fightinggem from possible items
INFO     Setting conkeldurr's last used move: machpunch
INFO     conkeldurr did 39.739999999999995% damage to ironthorns with machpunch
INFO     Removing quarkdriveatk from ironthorns
INFO     conkeldurr has less than maxhp during upkeep, no longer guessing leftovers or blacksludge
INFO     Sampling battle 0
INFO     	     conkeldurr         guts     flameorb [closecombat, facade, knockoff, machpunch] ttype=normal
INFO     	      cramorant  gulpmissile heavydutyboots [bravebird, defog, roost, surf] ttype=ground
INFO     Sampling 2 unrevealed pokemon
INFO     	        scyther   technician     eviolite [bugbite, closecombat, dualwingbeat, swordsdance] ttype=fighting
INFO     	         latios     levitate  choicespecs [aurasphere, dracometeor, flipturn, lusterpurge] ttype=steel
INFO     Sampling battle 1
INFO     	     conkeldurr         guts     flameorb [closecombat, facade, knockoff, machpunch] ttype=normal
INFO     	      cramorant  gulpmissile heavydutyboots [bravebird, defog, roost, surf] ttype=ground
INFO     Sampling 2 unrevealed pokemon
INFO     	         pyroar      unnerve heavydutyboots [darkpulse, fireblast, hypervoice, workup] ttype=fire
INFO     	        lucario   innerfocus      lifeorb [aurasphere, flashcannon, nastyplot, vacuumwave] ttype=fighting
INFO     Sampling battle 2
INFO     	     conkeldurr         guts     flameorb [closecombat, facade, knockoff, machpunch] ttype=normal
INFO     	      cramorant  gulpmissile heavydutyboots [bravebird, defog, roost, surf] ttype=ground
INFO     Sampling 2 unrevealed pokemon
INFO     	        scrafty   intimidate      lifeorb [closecombat, dragondance, knockoff, poisonjab] ttype=poison
INFO     	       mudsdale      stamina    leftovers [earthquake, heavyslam, roar, stoneedge] ttype=steel
INFO     Sampling battle 3
INFO     	     conkeldurr         guts     flameorb [closecombat, facade, knockoff, machpunch] ttype=normal
INFO     	      cramorant  gulpmissile heavydutyboots [bravebird, defog, roost, surf] ttype=ground
INFO     Sampling 2 unrevealed pokemon
INFO     	          arbok   intimidate    leftovers [glare, gunkshot, knockoff, toxicspikes] ttype=dark
INFO     	      coalossal    flamebody heavydutyboots [overheat, stealthrock, stoneedge, willowisp] ttype=ghost
INFO     Searching for a move using PUCT MCTS with neural priors...
INFO     Sampling 4 battles at 500ms each
INFO     Computing neural priors for all battles...
INFO     Initialized StateTranslator with TeamPreviewObservationSpace
INFO     Initializing LocalPolicyProvider with model: Minikazam
INFO     Loading pretrained Minikazam model...


 		 AMAGO v3.1
            	 -------------------------
            	 Agent: Agent
            		 Max Sequence Length: 64
            		 TstepEncoder Type: MetamonPerceiverTstepEncoder
            		 TrajEncoder Type: GRUTrajEncoder
            		 Total Parameters: 4,761,778
            		 Offline Loss Weight: 1.0
            		 Online Loss Weight: 0.0
            		 Mixed Precision: NO
            		 Checkpoint Path: /Users/yadureddy/Documents/GitHub/clean/pokeagent_ac_mcts/.metamon_cache/pretrained_models/models--jakegrigsby--metamon/snapshots/c5d1cb9abb6747066a325228845a5a8af3d12139/minikazam/minikazam/ckpts
            	 Environment:
            		 DummyAsyncVectorEnv(Gym Env x 1)
            		 Exploration Type: None
            	 Dataset: DoNothingDataset
            	 Accelerate Processes: 1 


INFO     Successfully loaded Minikazam model
ERROR    Error translating battle to observation: 
WARNING  Failed to get priors for battle: 
ERROR    Error translating battle to observation: 
WARNING  Failed to get priors for battle: 
ERROR    Error translating battle to observation: 
WARNING  Failed to get priors for battle: 
ERROR    Error translating battle to observation: 
WARNING  Failed to get priors for battle: 
INFO     Successfully computed neural priors for 0/4 battles
INFO     Using PUCT-guided move selection (priors integrated during search)...
INFO     Policy 0: switch entei visited 57.78% avg_score=0.596 sample_chance_multiplier=0.25
INFO     Policy 1: switch ironcrown visited 97.88% avg_score=0.682 sample_chance_multiplier=0.25
INFO     Policy 2: switch entei visited 97.01% avg_score=0.65 sample_chance_multiplier=0.25
INFO     Policy 3: switch ironcrown visited 97.63% avg_score=0.765 sample_chance_multiplier=0.25
INFO     Considered Choices:
INFO     	59.048%: switch ironcrown
INFO     Choice: switch ironcrown
INFO     
INFO     Turn: 13
INFO     Sampling battle 0
INFO     	     conkeldurr         guts     flameorb [closecombat, facade, knockoff, machpunch] ttype=normal
INFO     	      cramorant  gulpmissile heavydutyboots [bravebird, defog, roost, surf] ttype=ground
INFO     Sampling 2 unrevealed pokemon
INFO     	   arceusdragon    multitype   dracoplate [extremespeed, flareblitz, outrage, swordsdance] ttype=fire
INFO     	        weezing     levitate    leftovers [fireblast, painsplit, sludgebomb, willowisp] ttype=steel
INFO     Sampling battle 1
INFO     	     conkeldurr         guts     flameorb [closecombat, facade, knockoff, machpunch] ttype=normal
INFO     	      cramorant  gulpmissile heavydutyboots [bravebird, defog, roost, surf] ttype=ground
INFO     Sampling 2 unrevealed pokemon
INFO     	    fezandipiti   toxicchain    leftovers [gunkshot, moonblast, roost, uturn] ttype=water
INFO     	      zebstrika    sapsipper      lifeorb [highhorsepower, overheat, supercellslam, voltswitch] ttype=ground
INFO     Sampling battle 2
INFO     	     conkeldurr         guts     flameorb [closecombat, facade, knockoff, machpunch] ttype=normal
INFO     	      cramorant  gulpmissile heavydutyboots [bravebird, defog, roost, surf] ttype=ground
INFO     Sampling 2 unrevealed pokemon
INFO     	        kleavor    sharpness  choicescarf [closecombat, stoneaxe, uturn, xscissor] ttype=bug
INFO     	        bisharp      defiant     eviolite [ironhead, suckerpunch, swordsdance, throatchop] ttype=ghost
INFO     Sampling battle 3
INFO     	     conkeldurr         guts     flameorb [closecombat, facade, knockoff, machpunch] ttype=normal
INFO     	      cramorant  gulpmissile heavydutyboots [bravebird, defog, roost, surf] ttype=ground
INFO     Sampling 2 unrevealed pokemon
INFO     	         emboar     reckless  assaultvest [closecombat, flareblitz, scald, wildcharge] ttype=fire
INFO     	         luxray         guts     flameorb [facade, playrough, supercellslam, trailblaze] ttype=normal
INFO     Searching for a move using PUCT MCTS with neural priors...
INFO     Sampling 4 battles at 500ms each
INFO     Computing neural priors for all battles...
INFO     Initialized StateTranslator with TeamPreviewObservationSpace
INFO     Initializing LocalPolicyProvider with model: Minikazam
INFO     Loading pretrained Minikazam model...


 		 AMAGO v3.1
            	 -------------------------
            	 Agent: Agent
            		 Max Sequence Length: 64
            		 TstepEncoder Type: MetamonPerceiverTstepEncoder
            		 TrajEncoder Type: GRUTrajEncoder
            		 Total Parameters: 4,761,778
            		 Offline Loss Weight: 1.0
            		 Online Loss Weight: 0.0
            		 Mixed Precision: NO
            		 Checkpoint Path: /Users/yadureddy/Documents/GitHub/clean/pokeagent_ac_mcts/.metamon_cache/pretrained_models/models--jakegrigsby--metamon/snapshots/c5d1cb9abb6747066a325228845a5a8af3d12139/minikazam/minikazam/ckpts
            	 Environment:
            		 DummyAsyncVectorEnv(Gym Env x 1)
            		 Exploration Type: None
            	 Dataset: DoNothingDataset
            	 Accelerate Processes: 1 


INFO     Successfully loaded Minikazam model
ERROR    Error translating battle to observation: 
WARNING  Failed to get priors for battle: 
ERROR    Error translating battle to observation: 
WARNING  Failed to get priors for battle: 
ERROR    Error translating battle to observation: 
WARNING  Failed to get priors for battle: 
ERROR    Error translating battle to observation: 
WARNING  Failed to get priors for battle: 
INFO     Successfully computed neural priors for 0/4 battles
INFO     Using PUCT-guided move selection (priors integrated during search)...
INFO     Policy 0: tachyoncutter visited 60.72% avg_score=0.677 sample_chance_multiplier=0.25
INFO     Policy 1: psyshock visited 98.54% avg_score=0.673 sample_chance_multiplier=0.25
INFO     Policy 2: voltswitch visited 47.41% avg_score=0.65 sample_chance_multiplier=0.25
INFO     Policy 3: psyshock visited 98.57% avg_score=0.697 sample_chance_multiplier=0.25
INFO     Considered Choices:
INFO     	53.115%: psyshock
INFO     Choice: psyshock
INFO     conkeldurr already has the move machpunch. Decrementing the PP by 1
INFO     conkeldurr used a fighting move, removing fightinggem from possible items
INFO     Setting conkeldurr's last used move: machpunch
INFO     conkeldurr did 27.99% damage to ironcrown with machpunch
INFO     ironcrown already has the move psyshock. Decrementing the PP by 1
INFO     ironcrown used a psychic move, removing psychicgem from possible items
INFO     Setting ironcrown's last used move: psyshock
INFO     ironcrown used a damaging move - not guessing lifeorb anymore
INFO     ironcrown did 46.0% damage to conkeldurr with psyshock
INFO     conkeldurr has less than maxhp during upkeep, no longer guessing leftovers or blacksludge
INFO     Opponent has switched - clearing the last used move
INFO     
INFO     Turn: 14
INFO     Sampling battle 0
INFO     	      cramorant  gulpmissile heavydutyboots [bravebird, defog, roost, surf] ttype=ground
INFO     Sampling 2 unrevealed pokemon
INFO     	        carbink       sturdy    leftovers [bodypress, irondefense, moonblast, rockpolish] ttype=fighting
INFO     	        shaymin  naturalcure    leftovers [airslash, earthpower, seedflare, synthesis] ttype=steel
INFO     Sampling battle 1
INFO     	      cramorant  gulpmissile heavydutyboots [bravebird, defog, roost, surf] ttype=ground
INFO     Sampling 2 unrevealed pokemon
INFO     	        shiftry    windrider heavydutyboots [defog, knockoff, leafstorm, suckerpunch] ttype=dark
INFO     	       lurantis     contrary    leftovers [defog, leafstorm, superpower, synthesis] ttype=fighting
INFO     Sampling battle 2
INFO     	      cramorant  gulpmissile heavydutyboots [bravebird, defog, roost, surf] ttype=ground
INFO     Sampling 2 unrevealed pokemon
INFO     	          entei   innerfocus   choiceband [extremespeed, flareblitz, sacredfire, stompingtantrum] ttype=normal
INFO     	     toxtricity     punkrock  choicespecs [boomburst, overdrive, sludgewave, voltswitch] ttype=normal
INFO     Sampling battle 3
INFO     	      cramorant  gulpmissile heavydutyboots [bravebird, defog, roost, surf] ttype=ground
INFO     Sampling 2 unrevealed pokemon
INFO     	      dragapult   cursedbody heavydutyboots [dragondarts, hex, uturn, willowisp] ttype=fairy
INFO     	   lycanrocdusk   toughclaws   choiceband [accelerock, closecombat, psychicfangs, stoneedge] ttype=fighting
INFO     Searching for a move using PUCT MCTS with neural priors...
INFO     Sampling 4 battles at 500ms each
INFO     Computing neural priors for all battles...
INFO     Initialized StateTranslator with TeamPreviewObservationSpace
INFO     Initializing LocalPolicyProvider with model: Minikazam
INFO     Loading pretrained Minikazam model...


 		 AMAGO v3.1
            	 -------------------------
            	 Agent: Agent
            		 Max Sequence Length: 64
            		 TstepEncoder Type: MetamonPerceiverTstepEncoder
            		 TrajEncoder Type: GRUTrajEncoder
            		 Total Parameters: 4,761,778
            		 Offline Loss Weight: 1.0
            		 Online Loss Weight: 0.0
            		 Mixed Precision: NO
            		 Checkpoint Path: /Users/yadureddy/Documents/GitHub/clean/pokeagent_ac_mcts/.metamon_cache/pretrained_models/models--jakegrigsby--metamon/snapshots/c5d1cb9abb6747066a325228845a5a8af3d12139/minikazam/minikazam/ckpts
            	 Environment:
            		 DummyAsyncVectorEnv(Gym Env x 1)
            		 Exploration Type: None
            	 Dataset: DoNothingDataset
            	 Accelerate Processes: 1 


INFO     Successfully loaded Minikazam model
ERROR    Error translating battle to observation: 
WARNING  Failed to get priors for battle: 
ERROR    Error translating battle to observation: 
WARNING  Failed to get priors for battle: 
ERROR    Error translating battle to observation: 
WARNING  Failed to get priors for battle: 
ERROR    Error translating battle to observation: 
WARNING  Failed to get priors for battle: 
INFO     Successfully computed neural priors for 0/4 battles
INFO     Using PUCT-guided move selection (priors integrated during search)...
INFO     Policy 0: psyshock visited 49.0% avg_score=0.501 sample_chance_multiplier=0.25
INFO     Policy 1: psyshock visited 63.74% avg_score=0.541 sample_chance_multiplier=0.25
INFO     Policy 2: psyshock visited 97.77% avg_score=0.617 sample_chance_multiplier=0.25
INFO     Policy 3: psyshock visited 98.73% avg_score=0.633 sample_chance_multiplier=0.25
INFO     Considered Choices:
INFO     	77.31%: psyshock
INFO     Choice: psyshock
INFO     Updated cramorant's max speed to 198
INFO     ironcrown already has the move psyshock. Decrementing the PP by 1
INFO     ironcrown used a psychic move, removing psychicgem from possible items
INFO     Setting ironcrown's last used move: psyshock
INFO     ironcrown used a damaging move - not guessing lifeorb anymore
INFO     ironcrown did 63.0% damage to cramorant with psyshock
INFO     cramorant already has the move surf. Decrementing the PP by 1
INFO     cramorant used a water move, removing watergem from possible items
INFO     Setting cramorant's last used move: surf
INFO     cramorant used a damaging move - not guessing lifeorb anymore
INFO     cramorant did 32.84% damage to ironcrown with surf
INFO     Form Change: cramorant -> Cramorant-Gorging
INFO     cramorantgorging has less than maxhp during upkeep, no longer guessing leftovers or blacksludge
INFO     
INFO     Turn: 15
INFO     Sampling battle 0
INFO     	cramorantgorging  gulpmissile heavydutyboots [bravebird, defog, roost, surf] ttype=ground
INFO     Sampling 2 unrevealed pokemon
INFO     	         pyroar      unnerve heavydutyboots [darkpulse, fireblast, hypervoice, taunt] ttype=fire
INFO     	          minun   voltabsorb      lifeorb [alluringvoice, encore, nastyplot, thunderbolt] ttype=electric
INFO     Sampling battle 1
INFO     	cramorantgorging  gulpmissile heavydutyboots [bravebird, defog, roost, surf] ttype=ground
INFO     Sampling 2 unrevealed pokemon
INFO     	    sandyshocks protosynthesis heavydutyboots [earthpower, stealthrock, thunderbolt, voltswitch] ttype=grass
INFO     	        dipplin   stickyhold     eviolite [dragonpulse, gigadrain, recover, suckerpunch] ttype=steel
INFO     Sampling battle 2
INFO     	cramorantgorging  gulpmissile heavydutyboots [bravebird, defog, roost, surf] ttype=ground
INFO     Sampling 2 unrevealed pokemon
INFO     	     sandaconda     shedskin    leftovers [coil, earthquake, rest, stoneedge] ttype=steel
INFO     	       venomoth   tintedlens heavydutyboots [bugbuzz, quiverdance, sleeppowder, sludgewave] ttype=steel
INFO     Sampling battle 3
INFO     	cramorantgorging  gulpmissile heavydutyboots [bravebird, defog, roost, surf] ttype=ground
INFO     Sampling 2 unrevealed pokemon
INFO     	        torkoal      drought heavydutyboots [fireblast, rapidspin, solarbeam, yawn] ttype=grass
INFO     	         kommoo   soundproof  throatspray [clangingscales, clangoroussoul, closecombat, ironhead] ttype=steel
INFO     Searching for a move using PUCT MCTS with neural priors...
INFO     Sampling 4 battles at 500ms each
INFO     Computing neural priors for all battles...
INFO     Initialized StateTranslator with TeamPreviewObservationSpace
INFO     Initializing LocalPolicyProvider with model: Minikazam
INFO     Loading pretrained Minikazam model...


 		 AMAGO v3.1
            	 -------------------------
            	 Agent: Agent
            		 Max Sequence Length: 64
            		 TstepEncoder Type: MetamonPerceiverTstepEncoder
            		 TrajEncoder Type: GRUTrajEncoder
            		 Total Parameters: 4,761,778
            		 Offline Loss Weight: 1.0
            		 Online Loss Weight: 0.0
            		 Mixed Precision: NO
            		 Checkpoint Path: /Users/yadureddy/Documents/GitHub/clean/pokeagent_ac_mcts/.metamon_cache/pretrained_models/models--jakegrigsby--metamon/snapshots/c5d1cb9abb6747066a325228845a5a8af3d12139/minikazam/minikazam/ckpts
            	 Environment:
            		 DummyAsyncVectorEnv(Gym Env x 1)
            		 Exploration Type: None
            	 Dataset: DoNothingDataset
            	 Accelerate Processes: 1 


INFO     Successfully loaded Minikazam model
ERROR    Error translating battle to observation: 
WARNING  Failed to get priors for battle: 
ERROR    Error translating battle to observation: 
WARNING  Failed to get priors for battle: 
ERROR    Error translating battle to observation: 
WARNING  Failed to get priors for battle: 
ERROR    Error translating battle to observation: 
WARNING  Failed to get priors for battle: 
INFO     Successfully computed neural priors for 0/4 battles
INFO     Using PUCT-guided move selection (priors integrated during search)...
INFO     Policy 0: psyshock visited 98.19% avg_score=0.558 sample_chance_multiplier=0.25
INFO     Policy 1: psyshock visited 94.23% avg_score=0.462 sample_chance_multiplier=0.25
INFO     Policy 2: psyshock visited 88.74% avg_score=0.697 sample_chance_multiplier=0.25
INFO     Policy 3: psyshock visited 98.99% avg_score=0.62 sample_chance_multiplier=0.25
INFO     Considered Choices:
INFO     	95.037%: psyshock
INFO     Choice: psyshock
INFO     ironcrown already has the move psyshock. Decrementing the PP by 1
INFO     ironcrown used a psychic move, removing psychicgem from possible items
INFO     Setting ironcrown's last used move: psyshock
INFO     ironcrown used a damaging move - not guessing lifeorb anymore
INFO     ironcrown did 36.78% damage to cramorantgorging with psyshock
INFO     Setting cramorantgorging's ability to: gulpmissile
INFO     ironcrown got status: par
INFO     No longer guessing lumberry because ironcrown got status par
INFO     Form Change: cramorantgorging -> Cramorant
INFO     cramorant has less than maxhp during upkeep, no longer guessing leftovers or blacksludge
INFO     Opponent has switched - clearing the last used move
INFO     cinccino switched in, adding intimidate to impossible abilities
INFO     cinccino switched in, adding pressure to impossible abilities
INFO     cinccino switched in, adding neutralizinggas to impossible abilities
INFO     cinccino switched in, adding sandstream to impossible abilities
INFO     cinccino switched in, adding drought to impossible abilities
INFO     cinccino switched in, adding drizzle to impossible abilities
INFO     cinccino switched in, adding snowwarning to impossible abilities
INFO     cinccino switched in, adding boosterenergy to impossible items
INFO     cinccino switched in, adding airballoon to impossible items
INFO     
INFO     Turn: 16
INFO     Sampling battle 0
INFO     	       cinccino   technician   loadeddice [bulletseed, tailslap, tidyup, tripleaxel] ttype=grass
INFO     Sampling 1 unrevealed pokemon
INFO     	        noctowl   tintedlens heavydutyboots [hurricane, hypervoice, nastyplot, roost] ttype=steel
INFO     Sampling battle 1
INFO     	       cinccino   technician   loadeddice [bulletseed, tailslap, tidyup, tripleaxel] ttype=normal
INFO     Sampling 1 unrevealed pokemon
INFO     	       magcargo    weakarmor heavydutyboots [earthpower, fireblast, powergem, shellsmash] ttype=dragon
INFO     Sampling battle 2
INFO     	       cinccino   technician   loadeddice [bulletseed, tailslap, tripleaxel, uturn] ttype=normal
INFO     Sampling 1 unrevealed pokemon
INFO     	    slitherwing protosynthesis boosterenergy [bulkup, closecombat, earthquake, wildcharge] ttype=electric
INFO     Sampling battle 3
INFO     	       cinccino   technician   loadeddice [bulletseed, tailslap, tripleaxel, uturn] ttype=grass
INFO     Sampling 1 unrevealed pokemon
INFO     	typhlosionhisui        blaze    leftovers [calmmind, fireblast, shadowball, substitute] ttype=fire
INFO     Searching for a move using PUCT MCTS with neural priors...
INFO     Sampling 4 battles at 500ms each
INFO     Computing neural priors for all battles...
INFO     Initialized StateTranslator with TeamPreviewObservationSpace
INFO     Initializing LocalPolicyProvider with model: Minikazam
INFO     Loading pretrained Minikazam model...


 		 AMAGO v3.1
            	 -------------------------
            	 Agent: Agent
            		 Max Sequence Length: 64
            		 TstepEncoder Type: MetamonPerceiverTstepEncoder
            		 TrajEncoder Type: GRUTrajEncoder
            		 Total Parameters: 4,761,778
            		 Offline Loss Weight: 1.0
            		 Online Loss Weight: 0.0
            		 Mixed Precision: NO
            		 Checkpoint Path: /Users/yadureddy/Documents/GitHub/clean/pokeagent_ac_mcts/.metamon_cache/pretrained_models/models--jakegrigsby--metamon/snapshots/c5d1cb9abb6747066a325228845a5a8af3d12139/minikazam/minikazam/ckpts
            	 Environment:
            		 DummyAsyncVectorEnv(Gym Env x 1)
            		 Exploration Type: None
            	 Dataset: DoNothingDataset
            	 Accelerate Processes: 1 


INFO     Successfully loaded Minikazam model
ERROR    Error translating battle to observation: 
WARNING  Failed to get priors for battle: 
ERROR    Error translating battle to observation: 
WARNING  Failed to get priors for battle: 
ERROR    Error translating battle to observation: 
WARNING  Failed to get priors for battle: 
ERROR    Error translating battle to observation: 
WARNING  Failed to get priors for battle: 
INFO     Successfully computed neural priors for 0/4 battles
INFO     Using PUCT-guided move selection (priors integrated during search)...
INFO     Policy 0: psyshock visited 98.61% avg_score=0.517 sample_chance_multiplier=0.25
INFO     Policy 1: psyshock visited 99.01% avg_score=0.574 sample_chance_multiplier=0.25
INFO     Policy 2: psyshock visited 90.62% avg_score=0.415 sample_chance_multiplier=0.25
INFO     Policy 3: psyshock visited 96.13% avg_score=0.312 sample_chance_multiplier=0.25
INFO     Considered Choices:
INFO     	96.096%: psyshock
INFO     Choice: psyshock
INFO     Updated cinccino's min speed to 99
INFO     cinccino used a normal move, removing normalgem from possible items
INFO     Setting cinccino's last used move: tailslap
INFO     cinccino used a damaging move - not guessing lifeorb anymore
INFO     cinccino did 4.1000000000000005% damage to ironcrown with tailslap
INFO     Sampling battle 0
INFO     	       cinccino   technician   loadeddice [bulletseed, tailslap, tripleaxel, uturn] ttype=grass
INFO     Sampling 1 unrevealed pokemon
INFO     	      metagross    clearbody weaknesspolicy [agility, earthquake, heavyslam, psychicfangs] ttype=ground
INFO     Sampling battle 1
INFO     	       cinccino   technician   loadeddice [bulletseed, tailslap, tidyup, tripleaxel] ttype=grass
INFO     Sampling 1 unrevealed pokemon
INFO     	        mesprit     levitate    leftovers [encore, psychicnoise, stealthrock, thunderwave] ttype=steel
INFO     Sampling battle 2
INFO     	       cinccino   technician   loadeddice [bulletseed, tailslap, tripleaxel, uturn] ttype=ice
INFO     Sampling 1 unrevealed pokemon
INFO     	   arceusground    multitype   earthplate [calmmind, fireblast, judgment, recover] ttype=ground
INFO     Sampling battle 3
INFO     	       cinccino   technician   loadeddice [bulletseed, tailslap, tripleaxel, uturn] ttype=grass
INFO     Sampling 1 unrevealed pokemon
INFO     	       dragalge adaptability  choicespecs [dracometeor, flipturn, focusblast, sludgewave] ttype=fighting
INFO     Searching for a move using PUCT MCTS with neural priors...
INFO     Sampling 4 battles at 500ms each
INFO     Computing neural priors for all battles...
INFO     Initialized StateTranslator with TeamPreviewObservationSpace
INFO     Initializing LocalPolicyProvider with model: Minikazam
INFO     Loading pretrained Minikazam model...


 		 AMAGO v3.1
            	 -------------------------
            	 Agent: Agent
            		 Max Sequence Length: 64
            		 TstepEncoder Type: MetamonPerceiverTstepEncoder
            		 TrajEncoder Type: GRUTrajEncoder
            		 Total Parameters: 4,761,778
            		 Offline Loss Weight: 1.0
            		 Online Loss Weight: 0.0
            		 Mixed Precision: NO
            		 Checkpoint Path: /Users/yadureddy/Documents/GitHub/clean/pokeagent_ac_mcts/.metamon_cache/pretrained_models/models--jakegrigsby--metamon/snapshots/c5d1cb9abb6747066a325228845a5a8af3d12139/minikazam/minikazam/ckpts
            	 Environment:
            		 DummyAsyncVectorEnv(Gym Env x 1)
            		 Exploration Type: None
            	 Dataset: DoNothingDataset
            	 Accelerate Processes: 1 


INFO     Successfully loaded Minikazam model
ERROR    Error translating battle to observation: 
WARNING  Failed to get priors for battle: 
ERROR    Error translating battle to observation: 
WARNING  Failed to get priors for battle: 
ERROR    Error translating battle to observation: 
WARNING  Failed to get priors for battle: 
ERROR    Error translating battle to observation: 
WARNING  Failed to get priors for battle: 
INFO     Successfully computed neural priors for 0/4 battles
INFO     Using PUCT-guided move selection (priors integrated during search)...
INFO     Policy 0: switch malamar visited 99.64% avg_score=0.823 sample_chance_multiplier=0.25
INFO     Policy 1: switch malamar visited 99.3% avg_score=0.708 sample_chance_multiplier=0.25
INFO     Policy 2: switch malamar visited 87.09% avg_score=0.403 sample_chance_multiplier=0.25
INFO     Policy 3: switch entei visited 99.11% avg_score=0.695 sample_chance_multiplier=0.25
INFO     Considered Choices:
INFO     	71.555%: switch malamar
INFO     Choice: switch malamar
INFO     malamar switched in, adding intimidate to impossible abilities
INFO     malamar switched in, adding pressure to impossible abilities
INFO     malamar switched in, adding neutralizinggas to impossible abilities
INFO     malamar switched in, adding sandstream to impossible abilities
INFO     malamar switched in, adding drought to impossible abilities
INFO     malamar switched in, adding drizzle to impossible abilities
INFO     malamar switched in, adding snowwarning to impossible abilities
INFO     malamar switched in, adding boosterenergy to impossible items
INFO     malamar switched in, adding airballoon to impossible items
INFO     
INFO     Turn: 17
INFO     Sampling battle 0
INFO     	       cinccino   technician   loadeddice [bulletseed, tailslap, tidyup, tripleaxel] ttype=ice
INFO     Sampling 1 unrevealed pokemon
INFO     	  slowkinggalar  regenerator    leftovers [fireblast, psychicnoise, slackoff, sludgebomb] ttype=dark
INFO     Sampling battle 1
INFO     	       cinccino   technician   loadeddice [bulletseed, tailslap, tripleaxel, uturn] ttype=grass
INFO     Sampling 1 unrevealed pokemon
INFO     	       froslass   cursedbody     widelens [poltergeist, taunt, tripleaxel, willowisp] ttype=ice
INFO     Sampling battle 2
INFO     	       cinccino   technician   loadeddice [bulletseed, tailslap, tidyup, tripleaxel] ttype=ice
INFO     Sampling 1 unrevealed pokemon
INFO     	     skeledirge      unaware heavydutyboots [hex, slackoff, torchsong, willowisp] ttype=water
INFO     Sampling battle 3
INFO     	       cinccino   technician   loadeddice [bulletseed, tailslap, tidyup, tripleaxel] ttype=normal
INFO     Sampling 1 unrevealed pokemon
INFO     	        falinks      defiant      lifeorb [closecombat, ironhead, knockoff, noretreat] ttype=steel
INFO     Searching for a move using PUCT MCTS with neural priors...
INFO     Sampling 4 battles at 500ms each
INFO     Computing neural priors for all battles...
INFO     Initialized StateTranslator with TeamPreviewObservationSpace
INFO     Initializing LocalPolicyProvider with model: Minikazam
INFO     Loading pretrained Minikazam model...


 		 AMAGO v3.1
            	 -------------------------
            	 Agent: Agent
            		 Max Sequence Length: 64
            		 TstepEncoder Type: MetamonPerceiverTstepEncoder
            		 TrajEncoder Type: GRUTrajEncoder
            		 Total Parameters: 4,761,778
            		 Offline Loss Weight: 1.0
            		 Online Loss Weight: 0.0
            		 Mixed Precision: NO
            		 Checkpoint Path: /Users/yadureddy/Documents/GitHub/clean/pokeagent_ac_mcts/.metamon_cache/pretrained_models/models--jakegrigsby--metamon/snapshots/c5d1cb9abb6747066a325228845a5a8af3d12139/minikazam/minikazam/ckpts
            	 Environment:
            		 DummyAsyncVectorEnv(Gym Env x 1)
            		 Exploration Type: None
            	 Dataset: DoNothingDataset
            	 Accelerate Processes: 1 


INFO     Successfully loaded Minikazam model
ERROR    Error translating battle to observation: 
WARNING  Failed to get priors for battle: 
ERROR    Error translating battle to observation: 
WARNING  Failed to get priors for battle: 
ERROR    Error translating battle to observation: 
WARNING  Failed to get priors for battle: 
ERROR    Error translating battle to observation: 
WARNING  Failed to get priors for battle: 
INFO     Successfully computed neural priors for 0/4 battles
INFO     Using PUCT-guided move selection (priors integrated during search)...
INFO     Policy 0: superpower visited 61.42% avg_score=0.482 sample_chance_multiplier=0.25
INFO     Policy 1: switch tatsugiridroopy visited 64.83% avg_score=0.267 sample_chance_multiplier=0.25
INFO     Policy 2: superpower visited 87.01% avg_score=0.54 sample_chance_multiplier=0.25
INFO     Policy 3: superpower visited 99.54% avg_score=0.784 sample_chance_multiplier=0.25
INFO     Considered Choices:
INFO     	62.278%: superpower
INFO     Choice: superpower
INFO     Updated cinccino's min speed to 167
INFO     cinccino used two different moves - it cannot have a choice item
INFO     cinccino using tidyup makes it unlikely to have a choice item. Setting can_have_choice_item to False
INFO     cinccino used a status-move. Adding `assaultvest` to impossible items
INFO     Setting cinccino's last used move: tidyup
INFO     cinccino's attack was boosted by 1 to 1
INFO     cinccino's speed was boosted by 1 to 1
INFO     malamar already has the move superpower. Decrementing the PP by 1
INFO     malamar used a fighting move, removing fightinggem from possible items
INFO     Setting malamar's last used move: superpower
INFO     malamar used a damaging move - not guessing lifeorb anymore
INFO     malamar did 79.0% damage to cinccino with superpower
INFO     malamar's attack was boosted by 1 to 1
INFO     malamar's defense was boosted by 1 to 1
INFO     cinccino has less than maxhp during upkeep, no longer guessing leftovers or blacksludge
INFO     
INFO     Turn: 18
INFO     Sampling battle 0
INFO     	       cinccino   technician   loadeddice [bulletseed, tailslap, tidyup, tripleaxel] ttype=ice
INFO     Sampling 1 unrevealed pokemon
INFO     	  arceuspsychic    multitype    mindplate [bodypress, cosmicpower, recover, storedpower] ttype=steel
INFO     Sampling battle 1
INFO     	       cinccino   technician   loadeddice [bulletseed, tailslap, tidyup, tripleaxel] ttype=normal
INFO     Sampling 1 unrevealed pokemon
INFO     	       ribombee   shielddust    focussash [bugbuzz, moonblast, stickyweb, stunspore] ttype=ghost
INFO     Sampling battle 2
INFO     	       cinccino   technician   loadeddice [bulletseed, tailslap, tidyup, tripleaxel] ttype=ice
INFO     Sampling 1 unrevealed pokemon
INFO     	         pawmot   voltabsorb   leppaberry [closecombat, doubleshock, nuzzle, revivalblessing] ttype=electric
INFO     Sampling battle 3
INFO     	       cinccino   technician   loadeddice [bulletseed, tailslap, tidyup, tripleaxel] ttype=ice
INFO     Sampling 1 unrevealed pokemon
INFO     	        snorlax     thickfat    leftovers [bodyslam, crunch, curse, earthquake] ttype=ground
INFO     Searching for a move using PUCT MCTS with neural priors...
INFO     Sampling 4 battles at 500ms each
INFO     Computing neural priors for all battles...
INFO     Initialized StateTranslator with TeamPreviewObservationSpace
INFO     Initializing LocalPolicyProvider with model: Minikazam
INFO     Loading pretrained Minikazam model...


 		 AMAGO v3.1
            	 -------------------------
            	 Agent: Agent
            		 Max Sequence Length: 64
            		 TstepEncoder Type: MetamonPerceiverTstepEncoder
            		 TrajEncoder Type: GRUTrajEncoder
            		 Total Parameters: 4,761,778
            		 Offline Loss Weight: 1.0
            		 Online Loss Weight: 0.0
            		 Mixed Precision: NO
            		 Checkpoint Path: /Users/yadureddy/Documents/GitHub/clean/pokeagent_ac_mcts/.metamon_cache/pretrained_models/models--jakegrigsby--metamon/snapshots/c5d1cb9abb6747066a325228845a5a8af3d12139/minikazam/minikazam/ckpts
            	 Environment:
            		 DummyAsyncVectorEnv(Gym Env x 1)
            		 Exploration Type: None
            	 Dataset: DoNothingDataset
            	 Accelerate Processes: 1 


INFO     Successfully loaded Minikazam model
ERROR    Error translating battle to observation: 
WARNING  Failed to get priors for battle: 
ERROR    Error translating battle to observation: 
WARNING  Failed to get priors for battle: 
ERROR    Error translating battle to observation: 
WARNING  Failed to get priors for battle: 
ERROR    Error translating battle to observation: 
WARNING  Failed to get priors for battle: 
INFO     Successfully computed neural priors for 0/4 battles
INFO     Using PUCT-guided move selection (priors integrated during search)...
INFO     Policy 0: superpower visited 99.53% avg_score=0.723 sample_chance_multiplier=0.25
INFO     Policy 1: superpower visited 99.47% avg_score=0.769 sample_chance_multiplier=0.25
INFO     Policy 2: superpower visited 99.8% avg_score=0.946 sample_chance_multiplier=0.25
INFO     Policy 3: superpower visited 99.81% avg_score=0.947 sample_chance_multiplier=0.25
INFO     Considered Choices:
INFO     	99.655%: superpower
INFO     Choice: superpower
INFO     Updated cinccino's min speed to 167
INFO     cinccino used two different moves - it cannot have a choice item
INFO     cinccino used a ice move, removing icegem from possible items
INFO     Setting cinccino's last used move: tripleaxel
INFO     cinccino used a damaging move - not guessing lifeorb anymore
INFO     cinccino did 7.64% damage to malamar with tripleaxel
INFO     malamar already has the move superpower. Decrementing the PP by 1
INFO     malamar used a fighting move, removing fightinggem from possible items
INFO     Setting malamar's last used move: superpower
INFO     malamar used a damaging move - not guessing lifeorb anymore
INFO     malamar did 21.0% damage to cinccino with superpower
INFO     malamar's attack was boosted by 1 to 2
INFO     malamar's defense was boosted by 1 to 2
INFO     Setting malamar's item to: leftovers
INFO     cinccino has less than maxhp during upkeep, no longer guessing leftovers or blacksludge
INFO     Opponent has switched - clearing the last used move
INFO     venomoth switched in, adding intimidate to impossible abilities
INFO     venomoth switched in, adding pressure to impossible abilities
INFO     venomoth switched in, adding neutralizinggas to impossible abilities
INFO     venomoth switched in, adding sandstream to impossible abilities
INFO     venomoth switched in, adding drought to impossible abilities
INFO     venomoth switched in, adding drizzle to impossible abilities
INFO     venomoth switched in, adding snowwarning to impossible abilities
INFO     venomoth switched in, adding boosterenergy to impossible items
INFO     venomoth switched in, adding airballoon to impossible items
INFO     
INFO     Turn: 19
INFO     Sampling battle 0
INFO     	       venomoth   tintedlens heavydutyboots [bugbuzz, quiverdance, sleeppowder, sludgewave] ttype=water
INFO     Sampling battle 1
INFO     	       venomoth   tintedlens heavydutyboots [bugbuzz, quiverdance, sleeppowder, sludgewave] ttype=bug
INFO     Sampling battle 2
INFO     	       venomoth   tintedlens heavydutyboots [bugbuzz, quiverdance, sleeppowder, sludgewave] ttype=poison
INFO     Sampling battle 3
INFO     	       venomoth   tintedlens heavydutyboots [bugbuzz, quiverdance, sleeppowder, sludgewave] ttype=water
INFO     Searching for a move using PUCT MCTS with neural priors...
INFO     Sampling 4 battles at 500ms each
INFO     Computing neural priors for all battles...
INFO     Initialized StateTranslator with TeamPreviewObservationSpace
INFO     Initializing LocalPolicyProvider with model: Minikazam
INFO     Loading pretrained Minikazam model...


 		 AMAGO v3.1
            	 -------------------------
            	 Agent: Agent
            		 Max Sequence Length: 64
            		 TstepEncoder Type: MetamonPerceiverTstepEncoder
            		 TrajEncoder Type: GRUTrajEncoder
            		 Total Parameters: 4,761,778
            		 Offline Loss Weight: 1.0
            		 Online Loss Weight: 0.0
            		 Mixed Precision: NO
            		 Checkpoint Path: /Users/yadureddy/Documents/GitHub/clean/pokeagent_ac_mcts/.metamon_cache/pretrained_models/models--jakegrigsby--metamon/snapshots/c5d1cb9abb6747066a325228845a5a8af3d12139/minikazam/minikazam/ckpts
            	 Environment:
            		 DummyAsyncVectorEnv(Gym Env x 1)
            		 Exploration Type: None
            	 Dataset: DoNothingDataset
            	 Accelerate Processes: 1 


INFO     Successfully loaded Minikazam model
ERROR    Error translating battle to observation: 
WARNING  Failed to get priors for battle: 
ERROR    Error translating battle to observation: 
WARNING  Failed to get priors for battle: 
ERROR    Error translating battle to observation: 
WARNING  Failed to get priors for battle: 
ERROR    Error translating battle to observation: 
WARNING  Failed to get priors for battle: 
INFO     Successfully computed neural priors for 0/4 battles
INFO     Using PUCT-guided move selection (priors integrated during search)...
INFO     Policy 0: switch entei visited 94.43% avg_score=0.191 sample_chance_multiplier=0.25
INFO     Policy 1: switch entei visited 88.39% avg_score=0.2 sample_chance_multiplier=0.25
INFO     Policy 2: switch entei visited 97.37% avg_score=0.192 sample_chance_multiplier=0.25
INFO     Policy 3: switch entei visited 90.9% avg_score=0.193 sample_chance_multiplier=0.25
INFO     Considered Choices:
INFO     	92.772%: switch entei
INFO     Choice: switch entei
INFO     venomoth using quiverdance makes it unlikely to have a choice item. Setting can_have_choice_item to False
INFO     venomoth used a status-move. Adding `assaultvest` to impossible items
INFO     Setting venomoth's last used move: quiverdance
INFO     venomoth's special-attack was boosted by 1 to 1
INFO     venomoth's special-defense was boosted by 1 to 1
INFO     venomoth's speed was boosted by 1 to 1
INFO     
INFO     Turn: 20
INFO     Sampling battle 0
INFO     	       venomoth   tintedlens heavydutyboots [bugbuzz, quiverdance, sleeppowder, sludgewave] ttype=water
INFO     Sampling battle 1
INFO     	       venomoth   tintedlens heavydutyboots [bugbuzz, quiverdance, sleeppowder, sludgewave] ttype=poison
INFO     Sampling battle 2
INFO     	       venomoth   tintedlens heavydutyboots [bugbuzz, quiverdance, sleeppowder, sludgewave] ttype=poison
INFO     Sampling battle 3
INFO     	       venomoth   tintedlens heavydutyboots [bugbuzz, quiverdance, sleeppowder, sludgewave] ttype=poison
INFO     Searching for a move using PUCT MCTS with neural priors...
INFO     Sampling 4 battles at 500ms each
INFO     Computing neural priors for all battles...
INFO     Initialized StateTranslator with TeamPreviewObservationSpace
INFO     Initializing LocalPolicyProvider with model: Minikazam
INFO     Loading pretrained Minikazam model...


 		 AMAGO v3.1
            	 -------------------------
            	 Agent: Agent
            		 Max Sequence Length: 64
            		 TstepEncoder Type: MetamonPerceiverTstepEncoder
            		 TrajEncoder Type: GRUTrajEncoder
            		 Total Parameters: 4,761,778
            		 Offline Loss Weight: 1.0
            		 Online Loss Weight: 0.0
            		 Mixed Precision: NO
            		 Checkpoint Path: /Users/yadureddy/Documents/GitHub/clean/pokeagent_ac_mcts/.metamon_cache/pretrained_models/models--jakegrigsby--metamon/snapshots/c5d1cb9abb6747066a325228845a5a8af3d12139/minikazam/minikazam/ckpts
            	 Environment:
            		 DummyAsyncVectorEnv(Gym Env x 1)
            		 Exploration Type: None
            	 Dataset: DoNothingDataset
            	 Accelerate Processes: 1 


INFO     Successfully loaded Minikazam model
ERROR    Error translating battle to observation: 
WARNING  Failed to get priors for battle: 
ERROR    Error translating battle to observation: 
WARNING  Failed to get priors for battle: 
ERROR    Error translating battle to observation: 
WARNING  Failed to get priors for battle: 
ERROR    Error translating battle to observation: 
WARNING  Failed to get priors for battle: 
INFO     Successfully computed neural priors for 0/4 battles
