INFO     Logging in...
INFO     Logging in to local server...
INFO     Searching for ranked gen9randombattle match
INFO     Initialized battle-gen9randombattle-59 against: Neural5
INFO     Opponent has switched - clearing the last used move
INFO     piloswine switched in, adding intimidate to impossible abilities
INFO     piloswine switched in, adding pressure to impossible abilities
INFO     piloswine switched in, adding neutralizinggas to impossible abilities
INFO     piloswine switched in, adding sandstream to impossible abilities
INFO     piloswine switched in, adding drought to impossible abilities
INFO     piloswine switched in, adding drizzle to impossible abilities
INFO     piloswine switched in, adding snowwarning to impossible abilities
INFO     piloswine switched in, adding boosterenergy to impossible items
INFO     piloswine switched in, adding airballoon to impossible items
INFO     
INFO     Turn: 1
INFO     Sampling battle 0
INFO     	      piloswine     thickfat     eviolite [earthquake, iceshard, iciclecrash, roar] ttype=dragon
INFO     Sampling 5 unrevealed pokemon
INFO     	     screamtail protosynthesis    leftovers [dazzlinggleam, encore, protect, wish] ttype=poison
INFO     	       cinccino   technician   loadeddice [bulletseed, tailslap, tripleaxel, uturn] ttype=grass
INFO     	       politoed      drizzle  chestoberry [hydropump, hypnosis, icebeam, rest] ttype=steel
INFO     	      volcarona    flamebody heavydutyboots [fireblast, gigadrain, morningsun, quiverdance] ttype=grass
INFO     	      poliwrath  waterabsorb    leftovers [bulkup, drainpunch, icepunch, liquidation] ttype=water
INFO     Sampling battle 1
INFO     	      piloswine     thickfat     eviolite [earthquake, iceshard, iciclecrash, stealthrock] ttype=poison
INFO     Sampling 5 unrevealed pokemon
INFO     	          rotom     levitate      lifeorb [shadowball, thunderbolt, voltswitch, willowisp] ttype=electric
INFO     	      zamazenta dauntlessshield    leftovers [bodypress, crunch, irondefense, stoneedge] ttype=fighting
INFO     	      amoonguss  regenerator    leftovers [gigadrain, sludgebomb, spore, stompingtantrum] ttype=water
INFO     	       regirock    clearbody    leftovers [bodypress, stealthrock, stoneedge, thunderwave] ttype=fighting
INFO     	     golemalola    galvanize   choiceband [doubleedge, earthquake, explosion, stoneedge] ttype=grass
INFO     Sampling battle 2
INFO     	      piloswine     thickfat     eviolite [earthquake, iceshard, iciclecrash, roar] ttype=poison
INFO     Sampling 5 unrevealed pokemon
INFO     	         kommoo   soundproof  throatspray [boomburst, clangingscales, clangoroussoul, closecombat] ttype=normal
INFO     	       clodsire      unaware    leftovers [earthquake, poisonjab, recover, stealthrock] ttype=steel
INFO     	   slowbrogalar  regenerator    leftovers [earthquake, psychic, shellsidearm, slackoff] ttype=ground
INFO     	          hypno     insomnia    leftovers [encore, knockoff, psychicnoise, toxic] ttype=dark
INFO     	       vivillon compoundeyes heavydutyboots [hurricane, quiverdance, sleeppowder, terablast] ttype=ground
INFO     Sampling battle 3
INFO     	      piloswine     thickfat     eviolite [earthquake, iceshard, iciclecrash, roar] ttype=poison
INFO     Sampling 5 unrevealed pokemon
INFO     	    arceussteel    multitype    ironplate [earthquake, judgment, recover, willowisp] ttype=ghost
INFO     	       dusknoir        frisk      lifeorb [earthquake, painsplit, poltergeist, shadowsneak] ttype=ground
INFO     	         flygon     levitate   choiceband [earthquake, outrage, stoneedge, uturn] ttype=ground
INFO     	       venomoth   tintedlens heavydutyboots [bugbuzz, quiverdance, sleeppowder, sludgewave] ttype=poison
INFO     	      mismagius     levitate  choicespecs [energyball, shadowball, thunderbolt, trick] ttype=electric
INFO     Sampling battle 4
INFO     	      piloswine     thickfat     eviolite [earthquake, iceshard, iciclecrash, stealthrock] ttype=poison
INFO     Sampling 5 unrevealed pokemon
INFO     	 giratinaorigin     levitate griseouscore [dracometeor, poltergeist, shadowsneak, willowisp] ttype=fairy
INFO     	         gengar   cursedbody      lifeorb [focusblast, shadowball, sludgewave, toxicspikes] ttype=dark
INFO     	        weavile   pickpocket heavydutyboots [iceshard, knockoff, swordsdance, tripleaxel] ttype=ice
INFO     	         zekrom     teravolt    leftovers [boltstrike, dragondance, outrage, substitute] ttype=electric
INFO     	       necrozma   prismarmor    leftovers [calmmind, earthpower, moonlight, photongeyser] ttype=fairy
INFO     Sampling battle 5
INFO     	      piloswine     thickfat     eviolite [earthquake, iciclecrash, roar, stealthrock] ttype=dragon
INFO     Sampling 5 unrevealed pokemon
INFO     	       gyarados        moxie heavydutyboots [dragondance, earthquake, terablast, waterfall] ttype=flying
INFO     	      sinistcha    heatproof    leftovers [calmmind, matchagotcha, shadowball, strengthsap] ttype=steel
INFO     	ogerponcornerstone       sturdy cornerstonemask [ivycudgel, powerwhip, superpower, synthesis] ttype=rock
INFO     	         phione    hydration    leftovers [grassknot, icebeam, scald, takeheart] ttype=steel
INFO     	       cobalion    justified    leftovers [aurasphere, calmmind, flashcannon, vacuumwave] ttype=ghost
INFO     Sampling battle 6
INFO     	      piloswine     thickfat     eviolite [earthquake, iceshard, iciclecrash, stealthrock] ttype=poison
INFO     Sampling 5 unrevealed pokemon
INFO     	       tornadus      defiant  choicespecs [bleakwindstorm, focusblast, heatwave, uturn] ttype=flying
INFO     	      rampardos   sheerforce      lifeorb [earthquake, firepunch, rockslide, zenheadbutt] ttype=rock
INFO     	ogerponcornerstone       sturdy cornerstonemask [ivycudgel, powerwhip, superpower, synthesis] ttype=rock
INFO     	      decidueye     overgrow  assaultvest [knockoff, leafstorm, spiritshackle, uturn] ttype=dark
INFO     	      volcanion  waterabsorb  choicespecs [earthpower, flamethrower, sludgebomb, steameruption] ttype=water
INFO     Sampling battle 7
INFO     	      piloswine     thickfat     eviolite [earthquake, iceshard, iciclecrash, stealthrock] ttype=dragon
INFO     Sampling 5 unrevealed pokemon
INFO     	      trevenant  naturalcure      lifeorb [drainpunch, poltergeist, willowisp, woodhammer] ttype=fighting
INFO     	        weavile   pickpocket heavydutyboots [knockoff, lowkick, swordsdance, tripleaxel] ttype=fighting
INFO     	         tinglu vesselofruin    leftovers [earthquake, spikes, stealthrock, throatchop] ttype=poison
INFO     	        pikachu lightningrod    lightball [fakeout, knockoff, surf, volttackle] ttype=water
INFO     	           hooh  regenerator heavydutyboots [bravebird, earthquake, recover, sacredfire] ttype=steel
INFO     Searching for a move using MCTS...
INFO     Sampling 8 battles at 250ms each
INFO     Policy 0: switch urshifurapidstrike visited 43.51% avg_score=0.478 sample_chance_multiplier=0.125
INFO     Policy 1: dracometeor visited 46.81% avg_score=0.384 sample_chance_multiplier=0.125
INFO     Policy 2: switch urshifurapidstrike visited 34.96% avg_score=0.464 sample_chance_multiplier=0.125
INFO     Policy 3: switch urshifurapidstrike visited 52.72% avg_score=0.512 sample_chance_multiplier=0.125
INFO     Policy 4: dracometeor visited 42.15% avg_score=0.396 sample_chance_multiplier=0.125
INFO     Policy 5: dracometeor visited 44.86% avg_score=0.39 sample_chance_multiplier=0.125
INFO     Policy 6: dracometeor visited 39.45% avg_score=0.401 sample_chance_multiplier=0.125
INFO     Policy 7: dracometeor visited 49.92% avg_score=0.412 sample_chance_multiplier=0.125
INFO     Considered Choices:
INFO     	32.423%: dracometeor
INFO     	28.395%: switch urshifurapidstrike
INFO     Choice: switch urshifurapidstrike
INFO     urshifurapidstrike switched in, adding intimidate to impossible abilities
INFO     urshifurapidstrike switched in, adding pressure to impossible abilities
INFO     urshifurapidstrike switched in, adding neutralizinggas to impossible abilities
INFO     urshifurapidstrike switched in, adding sandstream to impossible abilities
INFO     urshifurapidstrike switched in, adding drought to impossible abilities
INFO     urshifurapidstrike switched in, adding drizzle to impossible abilities
INFO     urshifurapidstrike switched in, adding snowwarning to impossible abilities
INFO     urshifurapidstrike switched in, adding boosterenergy to impossible items
INFO     urshifurapidstrike switched in, adding airballoon to impossible items
INFO     piloswine used a ice move, removing icegem from possible items
INFO     Setting piloswine's last used move: iceshard
INFO     piloswine used a damaging move - not guessing lifeorb anymore
INFO     piloswine did 7.66% damage to urshifurapidstrike with iceshard
INFO     
INFO     Turn: 2
INFO     Sampling battle 0
INFO     	      piloswine     thickfat     eviolite [earthquake, iceshard, iciclecrash, stealthrock] ttype=poison
INFO     Sampling 5 unrevealed pokemon
INFO     	  articunogalar  competitive heavydutyboots [calmmind, freezingglare, hurricane, recover] ttype=steel
INFO     	        seviper  infiltrator  choicescarf [earthquake, flamethrower, gunkshot, switcheroo] ttype=ground
INFO     	      armarouge    weakarmor  choicespecs [armorcannon, aurasphere, energyball, psyshock] ttype=fire
INFO     	       inteleon      torrent  choicespecs [darkpulse, hydropump, icebeam, uturn] ttype=water
INFO     	         swanna    hydration heavydutyboots [bravebird, hydropump, knockoff, roost] ttype=ground
INFO     Sampling battle 1
INFO     	      piloswine     thickfat     eviolite [earthquake, iceshard, iciclecrash, roar] ttype=poison
INFO     Sampling 5 unrevealed pokemon
INFO     	      zamazenta dauntlessshield   choiceband [closecombat, crunch, ironhead, stoneedge] ttype=dark
INFO     	          arbok   intimidate    focussash [gunkshot, knockoff, suckerpunch, toxicspikes] ttype=dark
INFO     	        pikachu lightningrod    lightball [knockoff, surf, voltswitch, volttackle] ttype=water
INFO     	  zaciancrowned intrepidsword  rustedsword [behemothblade, closecombat, playrough, swordsdance] ttype=fighting
INFO     	        ariados     insomnia heavydutyboots [knockoff, megahorn, poisonjab, toxicspikes] ttype=ghost
INFO     Sampling battle 2
INFO     	      piloswine     thickfat     eviolite [earthquake, iceshard, iciclecrash, stealthrock] ttype=poison
INFO     Sampling 5 unrevealed pokemon
INFO     	       arcanine   intimidate heavydutyboots [closecombat, extremespeed, flareblitz, morningsun] ttype=fighting
INFO     	          lugia   multiscale heavydutyboots [aeroblast, calmmind, earthpower, recover] ttype=steel
INFO     	        snorlax     thickfat  chestoberry [bodyslam, curse, earthquake, rest] ttype=poison
INFO     	         espeon  magicbounce  choicespecs [alluringvoice, psychic, shadowball, trick] ttype=fairy
INFO     	      mismagius     levitate  choicespecs [dazzlinggleam, mysticalfire, shadowball, trick] ttype=ghost
INFO     Sampling battle 3
INFO     	      piloswine     thickfat     eviolite [earthquake, iceshard, iciclecrash, stealthrock] ttype=dragon
INFO     Sampling 5 unrevealed pokemon
INFO     	       meloetta  serenegrace  choicespecs [focusblast, hypervoice, psyshock, uturn] ttype=psychic
INFO     	       vikavolt     levitate heavydutyboots [bugbuzz, discharge, stickyweb, voltswitch] ttype=electric
INFO     	      cinderace       libero heavydutyboots [courtchange, highjumpkick, pyroball, uturn] ttype=fighting
INFO     	       porygon2     download     eviolite [discharge, icebeam, recover, triattack] ttype=ghost
INFO     	     sandaconda     shedskin    leftovers [coil, earthquake, glare, stoneedge] ttype=dragon
INFO     Searching for a move using MCTS...
INFO     Sampling 4 battles at 500ms each
INFO     Policy 0: surgingstrikes visited 56.44% avg_score=0.546 sample_chance_multiplier=0.25
INFO     Policy 1: surgingstrikes visited 89.24% avg_score=0.722 sample_chance_multiplier=0.25
INFO     Policy 2: surgingstrikes visited 45.37% avg_score=0.515 sample_chance_multiplier=0.25
INFO     Policy 3: surgingstrikes visited 93.79% avg_score=0.772 sample_chance_multiplier=0.25
INFO     Considered Choices:
INFO     	71.209%: surgingstrikes
INFO     Choice: surgingstrikes
INFO     Opponent has switched - clearing the last used move
INFO     thundurustherian switched in, adding intimidate to impossible abilities
INFO     thundurustherian switched in, adding pressure to impossible abilities
INFO     thundurustherian switched in, adding neutralizinggas to impossible abilities
INFO     thundurustherian switched in, adding sandstream to impossible abilities
INFO     thundurustherian switched in, adding drought to impossible abilities
INFO     thundurustherian switched in, adding drizzle to impossible abilities
INFO     thundurustherian switched in, adding snowwarning to impossible abilities
INFO     thundurustherian switched in, adding boosterenergy to impossible items
INFO     thundurustherian switched in, adding airballoon to impossible items
INFO     urshifurapidstrike already has the move surgingstrikes. Decrementing the PP by 1
INFO     urshifurapidstrike used a water move, removing watergem from possible items
INFO     Setting urshifurapidstrike's last used move: surgingstrikes
INFO     urshifurapidstrike used a damaging move - not guessing lifeorb anymore
INFO     urshifurapidstrike did 26.0% damage to thundurustherian with surgingstrikes
WARNING  Would remove all possibilities, not removing any
WARNING  actual_damage_dealt=67.08
INFO     Setting urshifurapidstrike's item to: lifeorb
INFO     thundurustherian has less than maxhp during upkeep, no longer guessing leftovers or blacksludge
INFO     
INFO     Turn: 3
INFO     Sampling battle 0
INFO     	thundurustherian   voltabsorb heavydutyboots [focusblast, nastyplot, terablast, thunderbolt] ttype=flying
INFO     	      piloswine     thickfat     eviolite [earthquake, iceshard, iciclecrash, stealthrock] ttype=dragon
INFO     Sampling 4 unrevealed pokemon
INFO     	       empoleon  competitive    leftovers [icebeam, roar, roost, surf] ttype=flying
INFO     	        urshifu   unseenfist      lifeorb [closecombat, poisonjab, swordsdance, wickedblow] ttype=poison
INFO     	urshifurapidstrike   unseenfist   choiceband [aquajet, closecombat, icespinner, surgingstrikes] ttype=water
INFO     	       frosmoth    icescales heavydutyboots [bugbuzz, gigadrain, icebeam, quiverdance] ttype=water
INFO     Sampling battle 1
INFO     	thundurustherian   voltabsorb heavydutyboots [focusblast, nastyplot, terablast, thunderbolt] ttype=flying
INFO     	      piloswine     thickfat     eviolite [earthquake, iceshard, iciclecrash, stealthrock] ttype=dragon
INFO     Sampling 4 unrevealed pokemon
INFO     	       gumshoos     stakeout   choiceband [doubleedge, earthquake, knockoff, uturn] ttype=normal
INFO     	      metagross    clearbody    leftovers [earthquake, heavyslam, psychicfangs, stealthrock] ttype=water
INFO     	      spiritomb  infiltrator    leftovers [foulplay, painsplit, poltergeist, suckerpunch] ttype=steel
INFO     	      glastrier chillingneigh   choiceband [closecombat, heavyslam, highhorsepower, iciclecrash] ttype=steel
INFO     Sampling battle 2
INFO     	thundurustherian   voltabsorb heavydutyboots [focusblast, nastyplot, terablast, thunderbolt] ttype=flying
INFO     	      piloswine     thickfat     eviolite [earthquake, iceshard, iciclecrash, roar] ttype=dragon
INFO     Sampling 4 unrevealed pokemon
INFO     	      tatsugiri   stormdrain heavydutyboots [dracometeor, nastyplot, rapidspin, surf] ttype=water
INFO     	    brutebonnet protosynthesis    leftovers [closecombat, seedbomb, spore, suckerpunch] ttype=poison
INFO     	     arceusfire    multitype   flameplate [earthquake, extremespeed, flareblitz, swordsdance] ttype=fire
INFO     	      cryogonal     levitate heavydutyboots [icebeam, rapidspin, recover, terablast] ttype=electric
INFO     Sampling battle 3
INFO     	thundurustherian   voltabsorb heavydutyboots [grassknot, nastyplot, psychic, thunderbolt] ttype=electric
INFO     	      piloswine     thickfat     eviolite [earthquake, iceshard, iciclecrash, stealthrock] ttype=dragon
INFO     Sampling 4 unrevealed pokemon
INFO     	       magcargo    flamebody heavydutyboots [lavaplume, powergem, recover, stealthrock] ttype=dragon
INFO     	      registeel    clearbody  chestoberry [bodypress, irondefense, ironhead, rest] ttype=fighting
INFO     	     wigglytuff  competitive    leftovers [alluringvoice, knockoff, protect, wish] ttype=steel
INFO     	       articuno     pressure heavydutyboots [bravebird, freezedry, haze, roost] ttype=ground
INFO     Sampling battle 4
INFO     	thundurustherian   voltabsorb heavydutyboots [grassknot, nastyplot, psychic, thunderbolt] ttype=psychic
INFO     	      piloswine     thickfat     eviolite [earthquake, iceshard, iciclecrash, roar] ttype=poison
INFO     Sampling 4 unrevealed pokemon
INFO     	       oranguru   innerfocus  choicespecs [focusblast, hypervoice, psyshock, trick] ttype=normal
INFO     	      rampardos   sheerforce      lifeorb [earthquake, firepunch, rockslide, zenheadbutt] ttype=psychic
INFO     	      indeedeef psychicsurge  choicescarf [dazzlinggleam, healingwish, hypervoice, psyshock] ttype=fairy
INFO     	         luxray   intimidate  assaultvest [playrough, throatchop, voltswitch, wildcharge] ttype=electric
INFO     Sampling battle 5
INFO     	thundurustherian   voltabsorb heavydutyboots [focusblast, nastyplot, terablast, thunderbolt] ttype=flying
INFO     	      piloswine     thickfat     eviolite [earthquake, iceshard, iciclecrash, roar] ttype=dragon
INFO     Sampling 4 unrevealed pokemon
INFO     	      rotomwash     levitate    leftovers [hydropump, thunderbolt, voltswitch, willowisp] ttype=water
INFO     	   deoxysattack     pressure      lifeorb [extremespeed, knockoff, psychoboost, superpower] ttype=fighting
INFO     	      kingambit supremeoverlord    leftovers [ironhead, kowtowcleave, suckerpunch, swordsdance] ttype=flying
INFO     	     whimsicott    prankster    leftovers [encore, gigadrain, moonblast, stunspore] ttype=poison
INFO     Sampling battle 6
INFO     	thundurustherian   voltabsorb heavydutyboots [focusblast, nastyplot, terablast, thunderbolt] ttype=flying
INFO     	      piloswine     thickfat     eviolite [earthquake, iceshard, iciclecrash, stealthrock] ttype=poison
INFO     Sampling 4 unrevealed pokemon
INFO     	      amoonguss  regenerator    leftovers [gigadrain, sludgebomb, spore, toxic] ttype=steel
INFO     	   basculegionf adaptability  choicespecs [flipturn, hydropump, icebeam, shadowball] ttype=water
INFO     	       oranguru   innerfocus  choicespecs [focusblast, hypervoice, psyshock, thunderbolt] ttype=psychic
INFO     	       politoed      drizzle    leftovers [encore, hydropump, hypnosis, icebeam] ttype=steel
INFO     Sampling battle 7
INFO     	thundurustherian   voltabsorb heavydutyboots [grassknot, nastyplot, psychic, thunderbolt] ttype=electric
INFO     	      piloswine     thickfat     eviolite [earthquake, iceshard, iciclecrash, roar] ttype=dragon
INFO     Sampling 4 unrevealed pokemon
INFO     	         klefki    prankster    leftovers [dazzlinggleam, foulplay, spikes, thunderwave] ttype=flying
INFO     	      eternatus     pressure    leftovers [dynamaxcannon, fireblast, recover, sludgebomb] ttype=fire
INFO     	   avalugghisui       sturdy heavydutyboots [avalanche, bodypress, recover, stoneedge] ttype=ghost
INFO     	        golduck    cloudnine  choicespecs [flipturn, grassknot, hydropump, icebeam] ttype=water
INFO     Searching for a move using MCTS...
INFO     Sampling 8 battles at 250ms each
INFO     Policy 0: aquajet visited 54.96% avg_score=0.539 sample_chance_multiplier=0.125
INFO     Policy 1: aquajet visited 53.18% avg_score=0.515 sample_chance_multiplier=0.125
INFO     Policy 2: aquajet visited 39.15% avg_score=0.527 sample_chance_multiplier=0.125
INFO     Policy 3: aquajet visited 49.88% avg_score=0.526 sample_chance_multiplier=0.125
INFO     Policy 4: aquajet visited 54.49% avg_score=0.551 sample_chance_multiplier=0.125
INFO     Policy 5: aquajet visited 37.17% avg_score=0.535 sample_chance_multiplier=0.125
INFO     Policy 6: switch gliscor visited 32.22% avg_score=0.477 sample_chance_multiplier=0.125
INFO     Policy 7: aquajet visited 34.64% avg_score=0.485 sample_chance_multiplier=0.125
INFO     Considered Choices:
INFO     	43.206%: aquajet
INFO     Choice: aquajet
INFO     urshifurapidstrike already has the move aquajet. Decrementing the PP by 1
INFO     urshifurapidstrike used a water move, removing watergem from possible items
INFO     Setting urshifurapidstrike's last used move: aquajet
INFO     urshifurapidstrike used a damaging move - not guessing lifeorb anymore
INFO     urshifurapidstrike did 25.0% damage to thundurustherian with aquajet
INFO     Setting urshifurapidstrike's item to: lifeorb
INFO     thundurustherian has less than maxhp during upkeep, no longer guessing leftovers or blacksludge
INFO     Opponent has switched - clearing the last used move
INFO     bellossom switched in, adding intimidate to impossible abilities
INFO     bellossom switched in, adding pressure to impossible abilities
INFO     bellossom switched in, adding neutralizinggas to impossible abilities
INFO     bellossom switched in, adding sandstream to impossible abilities
INFO     bellossom switched in, adding drought to impossible abilities
INFO     bellossom switched in, adding drizzle to impossible abilities
INFO     bellossom switched in, adding snowwarning to impossible abilities
INFO     bellossom switched in, adding boosterenergy to impossible items
INFO     bellossom switched in, adding airballoon to impossible items
INFO     
INFO     Turn: 4
INFO     Sampling battle 0
INFO     	      bellossom  chlorophyll    leftovers [gigadrain, quiverdance, strengthsap, terablast] ttype=rock
INFO     	      piloswine     thickfat     eviolite [earthquake, iceshard, iciclecrash, roar] ttype=poison
INFO     Sampling 3 unrevealed pokemon
INFO     	          hoopa     magician      lifeorb [focusblast, nastyplot, psychic, shadowball] ttype=fighting
INFO     	       froslass   cursedbody     widelens [destinybond, poltergeist, spikes, tripleaxel] ttype=ice
INFO     	      gastrodon   stormdrain    leftovers [clearsmog, earthquake, recover, surf] ttype=steel
INFO     Sampling battle 1
INFO     	      bellossom  chlorophyll    leftovers [gigadrain, quiverdance, sludgebomb, strengthsap] ttype=poison
INFO     	      piloswine     thickfat     eviolite [earthquake, iceshard, iciclecrash, stealthrock] ttype=dragon
INFO     Sampling 3 unrevealed pokemon
INFO     	    arceuswater    multitype  splashplate [icebeam, judgment, recover, willowisp] ttype=steel
INFO     	       illumise    prankster heavydutyboots [bugbuzz, encore, roost, thunderwave] ttype=water
INFO     	         raikou     pressure    leftovers [calmmind, scald, shadowball, thunderbolt] ttype=electric
INFO     Sampling battle 2
INFO     	      bellossom  chlorophyll    leftovers [gigadrain, quiverdance, strengthsap, terablast] ttype=rock
INFO     	      piloswine     thickfat     eviolite [earthquake, iceshard, iciclecrash, roar] ttype=poison
INFO     Sampling 3 unrevealed pokemon
INFO     	       reshiram   turboblaze heavydutyboots [blueflare, dracometeor, earthpower, willowisp] ttype=fire
INFO     	     archaludon      stamina  assaultvest [bodypress, dracometeor, dragontail, flashcannon] ttype=fighting
INFO     	       vivillon compoundeyes heavydutyboots [bugbuzz, hurricane, quiverdance, sleeppowder] ttype=steel
INFO     Sampling battle 3
INFO     	      bellossom  chlorophyll    leftovers [gigadrain, quiverdance, strengthsap, terablast] ttype=rock
INFO     	      piloswine     thickfat     eviolite [earthquake, iceshard, iciclecrash, roar] ttype=dragon
INFO     Sampling 3 unrevealed pokemon
INFO     	         veluza    sharpness   choiceband [aquacutter, aquajet, nightslash, psychocut] ttype=dark
INFO     	  arcaninehisui     rockhead  choicescarf [closecombat, flareblitz, headsmash, wildcharge] ttype=rock
INFO     	      clawitzer megalauncher  choicespecs [darkpulse, dragonpulse, uturn, waterpulse] ttype=dragon
INFO     Sampling battle 4
INFO     	      bellossom  chlorophyll    leftovers [gigadrain, quiverdance, strengthsap, terablast] ttype=rock
INFO     	      piloswine     thickfat     eviolite [earthquake, iceshard, iciclecrash, stealthrock] ttype=poison
INFO     Sampling 3 unrevealed pokemon
INFO     	         raichu lightningrod    focussash [alluringvoice, nastyplot, surf, thunderbolt] ttype=water
INFO     	       arboliva    seedsower    leftovers [earthpower, energyball, hypervoice, strengthsap] ttype=grass
INFO     	        urshifu   unseenfist  choicescarf [closecombat, poisonjab, uturn, wickedblow] ttype=fighting
INFO     Sampling battle 5
INFO     	      bellossom  chlorophyll    leftovers [gigadrain, quiverdance, sludgebomb, strengthsap] ttype=poison
INFO     	      piloswine     thickfat     eviolite [earthquake, iceshard, iciclecrash, roar] ttype=dragon
INFO     Sampling 3 unrevealed pokemon
INFO     	    gougingfire protosynthesis heavydutyboots [dragondance, earthquake, heatcrash, outrage] ttype=ground
INFO     	    slitherwing protosynthesis   choiceband [closecombat, flareblitz, uturn, wildcharge] ttype=electric
INFO     	         kyogre      drizzle    leftovers [calmmind, icebeam, originpulse, thunder] ttype=steel
INFO     Sampling battle 6
INFO     	      bellossom  chlorophyll    leftovers [gigadrain, quiverdance, strengthsap, terablast] ttype=rock
INFO     	      piloswine     thickfat     eviolite [earthquake, iceshard, iciclecrash, roar] ttype=dragon
INFO     Sampling 3 unrevealed pokemon
INFO     	       ampharos       static  choicespecs [dazzlinggleam, focusblast, thunderbolt, voltswitch] ttype=electric
INFO     	    roaringmoon protosynthesis     lumberry [dragondance, earthquake, knockoff, outrage] ttype=dragon
INFO     	        dewgong     thickfat heavydutyboots [encore, flipturn, hydropump, icebeam] ttype=steel
INFO     Sampling battle 7
INFO     	      bellossom  chlorophyll    leftovers [gigadrain, moonblast, quiverdance, strengthsap] ttype=fairy
INFO     	      piloswine     thickfat     eviolite [earthquake, iceshard, iciclecrash, roar] ttype=poison
INFO     Sampling 3 unrevealed pokemon
INFO     	       indeedee psychicsurge  choicescarf [dazzlinggleam, expandingforce, hypervoice, shadowball] ttype=psychic
INFO     	    raichualola  surgesurfer  choicespecs [alluringvoice, psychic, surf, thunderbolt] ttype=fairy
INFO     	zamazentacrowned dauntlessshield rustedshield [bodypress, heavyslam, irondefense, stoneedge] ttype=fighting
INFO     Searching for a move using MCTS...
INFO     Sampling 8 battles at 250ms each
INFO     Policy 0: switch gliscor visited 19.94% avg_score=0.335 sample_chance_multiplier=0.125
INFO     Policy 1: switch registeel visited 63.21% avg_score=0.409 sample_chance_multiplier=0.125
INFO     Policy 2: switch registeel visited 31.76% avg_score=0.361 sample_chance_multiplier=0.125
INFO     Policy 3: switch registeel visited 22.19% avg_score=0.348 sample_chance_multiplier=0.125
INFO     Policy 4: switch gliscor visited 22.0% avg_score=0.346 sample_chance_multiplier=0.125
INFO     Policy 5: switch registeel visited 60.08% avg_score=0.403 sample_chance_multiplier=0.125
INFO     Policy 6: switch gliscor visited 20.86% avg_score=0.343 sample_chance_multiplier=0.125
INFO     Policy 7: switch registeel visited 77.85% avg_score=0.412 sample_chance_multiplier=0.125
INFO     Considered Choices:
INFO     	38.672%: switch registeel
INFO     Choice: switch registeel
INFO     registeel switched in, adding intimidate to impossible abilities
INFO     registeel switched in, adding pressure to impossible abilities
INFO     registeel switched in, adding neutralizinggas to impossible abilities
INFO     registeel switched in, adding sandstream to impossible abilities
INFO     registeel switched in, adding drought to impossible abilities
INFO     registeel switched in, adding drizzle to impossible abilities
INFO     registeel switched in, adding snowwarning to impossible abilities
INFO     registeel switched in, adding boosterenergy to impossible items
INFO     registeel switched in, adding airballoon to impossible items
INFO     bellossom using quiverdance makes it unlikely to have a choice item. Setting can_have_choice_item to False
INFO     bellossom used a status-move. Adding `assaultvest` to impossible items
INFO     Setting bellossom's last used move: quiverdance
INFO     bellossom's special-attack was boosted by 1 to 1
INFO     bellossom's special-defense was boosted by 1 to 1
INFO     bellossom's speed was boosted by 1 to 1
INFO     
INFO     Turn: 5
INFO     Sampling battle 0
INFO     	      bellossom  chlorophyll    leftovers [gigadrain, quiverdance, strengthsap, terablast] ttype=fire
INFO     	      piloswine     thickfat     eviolite [earthquake, iceshard, iciclecrash, roar] ttype=poison
INFO     Sampling 3 unrevealed pokemon
INFO     	          azelf     levitate    leftovers [knockoff, psychic, stealthrock, taunt] ttype=dark
INFO     	     arceusrock    multitype   stoneplate [earthquake, recover, stoneedge, swordsdance] ttype=ground
INFO     	         tauros   sheerforce      lifeorb [bodyslam, closecombat, earthquake, throatchop] ttype=ground
INFO     Sampling battle 1
INFO     	      bellossom  chlorophyll    leftovers [gigadrain, quiverdance, strengthsap, terablast] ttype=rock
INFO     	      piloswine     thickfat     eviolite [earthquake, iceshard, iciclecrash, roar] ttype=dragon
INFO     Sampling 3 unrevealed pokemon
INFO     	            mew  synchronize    leftovers [encore, psychic, toxicspikes, uturn] ttype=dark
INFO     	     arceusfire    multitype   flameplate [dragondance, earthquake, flareblitz, recover] ttype=ground
INFO     	      bastiodon   soundproof  chestoberry [bodypress, foulplay, irondefense, rest] ttype=fighting
INFO     Sampling battle 2
INFO     	      bellossom  chlorophyll    leftovers [gigadrain, quiverdance, sludgebomb, strengthsap] ttype=poison
INFO     	      piloswine     thickfat     eviolite [earthquake, iceshard, iciclecrash, stealthrock] ttype=poison
INFO     Sampling 3 unrevealed pokemon
INFO     	      palossand watercompaction    leftovers [earthpower, shadowball, shoreup, sludgebomb] ttype=poison
INFO     	      cinderace       libero   choiceband [gunkshot, highjumpkick, pyroball, uturn] ttype=fighting
INFO     	         klefki    prankster    leftovers [magnetrise, playrough, spikes, thunderwave] ttype=water
INFO     Sampling battle 3
INFO     	      bellossom  chlorophyll    leftovers [gigadrain, quiverdance, sludgebomb, strengthsap] ttype=poison
INFO     	      piloswine     thickfat     eviolite [earthquake, iceshard, iciclecrash, stealthrock] ttype=dragon
INFO     Sampling 3 unrevealed pokemon
INFO     	       meowstic    prankster    lightclay [lightscreen, psychicnoise, reflect, yawn] ttype=fairy
INFO     	       hariyama         guts     flameorb [closecombat, facade, fakeout, knockoff] ttype=normal
INFO     	       oranguru   innerfocus  choicespecs [hypervoice, psyshock, thunderbolt, trick] ttype=psychic
INFO     Searching for a move using MCTS...
INFO     Sampling 4 battles at 500ms each
INFO     Policy 0: irondefense visited 95.16% avg_score=0.69 sample_chance_multiplier=0.25
INFO     Policy 1: irondefense visited 94.73% avg_score=0.665 sample_chance_multiplier=0.25
INFO     Policy 2: irondefense visited 95.63% avg_score=0.655 sample_chance_multiplier=0.25
INFO     Policy 3: irondefense visited 95.93% avg_score=0.61 sample_chance_multiplier=0.25
INFO     Considered Choices:
INFO     	95.36%: irondefense
INFO     Choice: irondefense
INFO     Updated bellossom's min speed to 85
INFO     bellossom already has the move quiverdance. Decrementing the PP by 1
INFO     bellossom using quiverdance makes it unlikely to have a choice item. Setting can_have_choice_item to False
INFO     bellossom used a status-move. Adding `assaultvest` to impossible items
INFO     Setting bellossom's last used move: quiverdance
INFO     bellossom's special-attack was boosted by 1 to 2
INFO     bellossom's special-defense was boosted by 1 to 2
INFO     bellossom's speed was boosted by 1 to 2
INFO     registeel already has the move irondefense. Decrementing the PP by 1
INFO     registeel using irondefense makes it unlikely to have a choice item. Setting can_have_choice_item to False
INFO     registeel used a status-move. Adding `assaultvest` to impossible items
INFO     Setting registeel's last used move: irondefense
INFO     registeel's defense was boosted by 2 to 2
INFO     
INFO     Turn: 6
INFO     Sampling battle 0
INFO     	      bellossom  chlorophyll    leftovers [gigadrain, quiverdance, strengthsap, terablast] ttype=fire
INFO     	      piloswine     thickfat     eviolite [earthquake, iceshard, iciclecrash, roar] ttype=poison
INFO     Sampling 3 unrevealed pokemon
INFO     	       dusknoir        frisk      lifeorb [earthquake, painsplit, poltergeist, shadowsneak] ttype=ground
INFO     	    deoxysspeed     pressure    leftovers [psychoboost, spikes, superpower, taunt] ttype=steel
INFO     	       meowstic    prankster    lightclay [lightscreen, psychicnoise, reflect, thunderwave] ttype=fairy
INFO     Sampling battle 1
INFO     	      bellossom  chlorophyll    leftovers [gigadrain, quiverdance, strengthsap, terablast] ttype=fire
INFO     	      piloswine     thickfat     eviolite [earthquake, iceshard, iciclecrash, stealthrock] ttype=dragon
INFO     Sampling 3 unrevealed pokemon
INFO     	     misdreavus     levitate     eviolite [calmmind, drainingkiss, shadowball, willowisp] ttype=fairy
INFO     	     hitmonchan     ironfist      lifeorb [closecombat, knockoff, machpunch, swordsdance] ttype=dark
INFO     	      eternatus     pressure    powerherb [dynamaxcannon, fireblast, meteorbeam, sludgebomb] ttype=dragon
INFO     Sampling battle 2
INFO     	      bellossom  chlorophyll    leftovers [gigadrain, quiverdance, strengthsap, terablast] ttype=rock
INFO     	      piloswine     thickfat     eviolite [earthquake, iceshard, iciclecrash, stealthrock] ttype=dragon
INFO     Sampling 3 unrevealed pokemon
INFO     	         swalot   liquidooze    leftovers [clearsmog, knockoff, sludgebomb, toxicspikes] ttype=dark
INFO     	        toxapex  regenerator    leftovers [haze, liquidation, recover, toxic] ttype=grass
INFO     	      tyranitar   sandstream    leftovers [dragontail, knockoff, stoneedge, thunderwave] ttype=rock
INFO     Sampling battle 3
INFO     	      bellossom  chlorophyll    leftovers [gigadrain, moonblast, quiverdance, strengthsap] ttype=fairy
INFO     	      piloswine     thickfat     eviolite [earthquake, iceshard, iciclecrash, roar] ttype=dragon
INFO     Sampling 3 unrevealed pokemon
INFO     	      hatterene  magicbounce  assaultvest [drainingkiss, mysticalfire, nuzzle, psychic] ttype=fairy
INFO     	      primarina      torrent    leftovers [calmmind, drainingkiss, psychic, sparklingaria] ttype=poison
INFO     	      poliwrath    swiftswim      lifeorb [closecombat, knockoff, liquidation, raindance] ttype=water
INFO     Searching for a move using MCTS...
INFO     Sampling 4 battles at 500ms each
INFO     Policy 0: irondefense visited 93.36% avg_score=0.784 sample_chance_multiplier=0.25
INFO     Policy 1: irondefense visited 94.59% avg_score=0.729 sample_chance_multiplier=0.25
INFO     Policy 2: irondefense visited 93.0% avg_score=0.793 sample_chance_multiplier=0.25
INFO     Policy 3: irondefense visited 91.58% avg_score=0.805 sample_chance_multiplier=0.25
INFO     Considered Choices:
INFO     	93.131%: irondefense
INFO     Choice: irondefense
INFO     Opponent has switched - clearing the last used move
INFO     emboar switched in, adding intimidate to impossible abilities
INFO     emboar switched in, adding pressure to impossible abilities
INFO     emboar switched in, adding neutralizinggas to impossible abilities
INFO     emboar switched in, adding sandstream to impossible abilities
INFO     emboar switched in, adding drought to impossible abilities
INFO     emboar switched in, adding drizzle to impossible abilities
INFO     emboar switched in, adding snowwarning to impossible abilities
INFO     emboar switched in, adding boosterenergy to impossible items
INFO     emboar switched in, adding airballoon to impossible items
INFO     registeel already has the move irondefense. Decrementing the PP by 1
INFO     registeel using irondefense makes it unlikely to have a choice item. Setting can_have_choice_item to False
INFO     registeel used a status-move. Adding `assaultvest` to impossible items
INFO     Setting registeel's last used move: irondefense
INFO     registeel's defense was boosted by 2 to 4
INFO     
INFO     Turn: 7
INFO     Sampling battle 0
INFO     	         emboar     reckless   choiceband [closecombat, flareblitz, knockoff, wildcharge] ttype=fire
INFO     	      piloswine     thickfat     eviolite [earthquake, iceshard, iciclecrash, roar] ttype=dragon
INFO     	      bellossom  chlorophyll    leftovers [gigadrain, quiverdance, sludgebomb, strengthsap] ttype=poison
INFO     Sampling 2 unrevealed pokemon
INFO     	       cinccino   technician   loadeddice [bulletseed, tailslap, tripleaxel, uturn] ttype=ice
INFO     	      farigiraf    sapsipper    leftovers [bodyslam, protect, psychicnoise, wish] ttype=fairy
INFO     Sampling battle 1
INFO     	         emboar     reckless    leftovers [bulkup, drainpunch, flareblitz, trailblaze] ttype=grass
INFO     	      piloswine     thickfat     eviolite [earthquake, iceshard, iciclecrash, roar] ttype=poison
INFO     	      bellossom  chlorophyll    leftovers [gigadrain, quiverdance, strengthsap, terablast] ttype=rock
INFO     Sampling 2 unrevealed pokemon
INFO     	         gogoat    sapsipper    leftovers [bulkup, earthquake, hornleech, milkdrink] ttype=ground
INFO     	       pelipper      drizzle  choicespecs [hurricane, hydropump, uturn, weatherball] ttype=flying
INFO     Sampling battle 2
INFO     	         emboar     reckless   choiceband [closecombat, flareblitz, knockoff, wildcharge] ttype=fire
INFO     	      piloswine     thickfat     eviolite [earthquake, iceshard, iciclecrash, roar] ttype=poison
INFO     	      bellossom  chlorophyll    leftovers [gigadrain, quiverdance, sludgebomb, strengthsap] ttype=poison
INFO     Sampling 2 unrevealed pokemon
INFO     	squawkabillyblue         guts     flameorb [bravebird, facade, quickattack, uturn] ttype=normal
INFO     	    arceuswater    multitype  splashplate [calmmind, judgment, recover, willowisp] ttype=steel
INFO     Sampling battle 3
INFO     	         emboar     reckless  choicescarf [closecombat, flareblitz, headsmash, knockoff] ttype=fire
INFO     	      piloswine     thickfat     eviolite [earthquake, iceshard, iciclecrash, roar] ttype=dragon
INFO     	      bellossom  chlorophyll    leftovers [gigadrain, quiverdance, strengthsap, terablast] ttype=rock
INFO     Sampling 2 unrevealed pokemon
INFO     	      regigigas    slowstart    leftovers [bodyslam, knockoff, rest, sleeptalk] ttype=ghost
INFO     	 decidueyehisui      scrappy    leftovers [knockoff, leafblade, roost, triplearrows] ttype=water
INFO     Searching for a move using MCTS...
INFO     Sampling 4 battles at 500ms each
INFO     Policy 0: bodypress visited 99.06% avg_score=0.657 sample_chance_multiplier=0.25
INFO     Policy 1: switch electrodehisui visited 46.56% avg_score=0.342 sample_chance_multiplier=0.25
INFO     Policy 2: bodypress visited 98.01% avg_score=0.573 sample_chance_multiplier=0.25
INFO     Policy 3: bodypress visited 98.21% avg_score=0.709 sample_chance_multiplier=0.25
INFO     Considered Choices:
INFO     	79.529%: bodypress
INFO     Choice: bodypress
INFO     Updated emboar's min speed to 128
INFO     emboar used a fire move, removing firegem from possible items
INFO     Setting emboar's last used move: flareblitz
INFO     emboar used a damaging move - not guessing lifeorb anymore
INFO     emboar did 48.85% damage to registeel with flareblitz
INFO     registeel already has the move bodypress. Decrementing the PP by 1
INFO     registeel used a fighting move, removing fightinggem from possible items
INFO     Setting registeel's last used move: bodypress
INFO     registeel used a damaging move - not guessing lifeorb anymore
INFO     registeel did 87.0% damage to emboar with bodypress
INFO     emboar has less than maxhp during upkeep, no longer guessing leftovers or blacksludge
INFO     Opponent has switched - clearing the last used move
INFO     poliwrath switched in, adding intimidate to impossible abilities
INFO     poliwrath switched in, adding pressure to impossible abilities
INFO     poliwrath switched in, adding neutralizinggas to impossible abilities
INFO     poliwrath switched in, adding sandstream to impossible abilities
INFO     poliwrath switched in, adding drought to impossible abilities
INFO     poliwrath switched in, adding drizzle to impossible abilities
INFO     poliwrath switched in, adding snowwarning to impossible abilities
INFO     poliwrath switched in, adding boosterenergy to impossible items
INFO     poliwrath switched in, adding airballoon to impossible items
INFO     
INFO     Turn: 8
INFO     Sampling battle 0
INFO     	      poliwrath    swiftswim      lifeorb [closecombat, knockoff, liquidation, raindance] ttype=fighting
INFO     	      piloswine     thickfat     eviolite [earthquake, iceshard, iciclecrash, stealthrock] ttype=poison
INFO     	      bellossom  chlorophyll    leftovers [gigadrain, moonblast, quiverdance, strengthsap] ttype=fairy
INFO     Sampling 1 unrevealed pokemon
INFO     	      volcanion  waterabsorb heavydutyboots [flamethrower, haze, sludgebomb, steameruption] ttype=fire
INFO     Sampling battle 1
INFO     	      poliwrath  waterabsorb  assaultvest [circlethrow, closecombat, knockoff, liquidation] ttype=fighting
INFO     	      piloswine     thickfat     eviolite [earthquake, iceshard, iciclecrash, roar] ttype=poison
INFO     	      bellossom  chlorophyll    leftovers [gigadrain, quiverdance, sludgebomb, strengthsap] ttype=poison
INFO     Sampling 1 unrevealed pokemon
INFO     	       smeargle     owntempo    focussash [ceaselessedge, spore, stealthrock, stickyweb] ttype=ghost
INFO     Sampling battle 2
INFO     	      poliwrath  waterabsorb    leftovers [bulkup, drainpunch, icepunch, liquidation] ttype=fighting
INFO     	      piloswine     thickfat     eviolite [earthquake, iceshard, iciclecrash, stealthrock] ttype=dragon
INFO     	      bellossom  chlorophyll    leftovers [gigadrain, quiverdance, strengthsap, terablast] ttype=rock
INFO     Sampling 1 unrevealed pokemon
INFO     	      reuniclus   magicguard      lifeorb [calmmind, focusblast, psyshock, recover] ttype=fighting
INFO     Sampling battle 3
INFO     	      poliwrath  waterabsorb    leftovers [bulkup, drainpunch, knockoff, liquidation] ttype=fighting
INFO     	      piloswine     thickfat     eviolite [earthquake, iceshard, iciclecrash, roar] ttype=poison
INFO     	      bellossom  chlorophyll    leftovers [gigadrain, quiverdance, sludgebomb, strengthsap] ttype=poison
INFO     Sampling 1 unrevealed pokemon
INFO     	       giratina     pressure    leftovers [dragontail, rest, shadowball, sleeptalk] ttype=fairy
INFO     Searching for a move using MCTS...
INFO     Sampling 4 battles at 500ms each
INFO     Policy 0: bodypress visited 89.12% avg_score=0.444 sample_chance_multiplier=0.25
INFO     Policy 1: bodypress visited 94.2% avg_score=0.498 sample_chance_multiplier=0.25
INFO     Policy 2: bodypress visited 65.03% avg_score=0.405 sample_chance_multiplier=0.25
INFO     Policy 3: bodypress visited 57.45% avg_score=0.48 sample_chance_multiplier=0.25
INFO     Considered Choices:
INFO     	76.449%: bodypress
INFO     Choice: bodypress
INFO     Updated poliwrath's min speed to 128
INFO     poliwrath using bulkup makes it unlikely to have a choice item. Setting can_have_choice_item to False
INFO     poliwrath used a status-move. Adding `assaultvest` to impossible items
INFO     Setting poliwrath's last used move: bulkup
INFO     poliwrath's attack was boosted by 1 to 1
INFO     poliwrath's defense was boosted by 1 to 1
INFO     registeel already has the move bodypress. Decrementing the PP by 1
INFO     registeel used a fighting move, removing fightinggem from possible items
INFO     Setting registeel's last used move: bodypress
INFO     registeel used a damaging move - not guessing lifeorb anymore
INFO     registeel did 41.0% damage to poliwrath with bodypress
INFO     Setting poliwrath's item to: leftovers
INFO     poliwrath has less than maxhp during upkeep, no longer guessing leftovers or blacksludge
INFO     
INFO     Turn: 9
INFO     Sampling battle 0
INFO     	      poliwrath  waterabsorb    leftovers [bulkup, drainpunch, liquidation, poisonjab] ttype=water
INFO     	      piloswine     thickfat     eviolite [earthquake, iceshard, iciclecrash, stealthrock] ttype=poison
INFO     	      bellossom  chlorophyll    leftovers [gigadrain, quiverdance, sludgebomb, strengthsap] ttype=poison
INFO     Sampling 1 unrevealed pokemon
INFO     	       porygon2     download     eviolite [discharge, icebeam, recover, triattack] ttype=ghost
INFO     Sampling battle 1
INFO     	      poliwrath  waterabsorb    leftovers [bulkup, drainpunch, icepunch, liquidation] ttype=water
INFO     	      piloswine     thickfat     eviolite [earthquake, iceshard, iciclecrash, stealthrock] ttype=poison
INFO     	      bellossom  chlorophyll    leftovers [gigadrain, quiverdance, sludgebomb, strengthsap] ttype=poison
INFO     Sampling 1 unrevealed pokemon
INFO     	         latias     levitate      souldew [calmmind, dracometeor, psyshock, recover] ttype=steel
INFO     Sampling battle 2
INFO     	      poliwrath  waterabsorb    leftovers [bulkup, drainpunch, knockoff, liquidation] ttype=water
INFO     	      piloswine     thickfat     eviolite [earthquake, iceshard, iciclecrash, roar] ttype=poison
INFO     	      bellossom  chlorophyll    leftovers [gigadrain, quiverdance, strengthsap, terablast] ttype=fire
INFO     Sampling 1 unrevealed pokemon
INFO     	         tauros   sheerforce      lifeorb [bodyslam, closecombat, throatchop, zenheadbutt] ttype=normal
INFO     Sampling battle 3
INFO     	      poliwrath  waterabsorb    leftovers [bulkup, drainpunch, icepunch, liquidation] ttype=water
INFO     	      piloswine     thickfat     eviolite [earthquake, iceshard, iciclecrash, stealthrock] ttype=poison
INFO     	      bellossom  chlorophyll    leftovers [gigadrain, quiverdance, strengthsap, terablast] ttype=rock
INFO     Sampling 1 unrevealed pokemon
INFO     	     oinkologne     thickfat    leftovers [bodyslam, curse, highhorsepower, lashout] ttype=ground
INFO     Searching for a move using MCTS...
INFO     Sampling 4 battles at 500ms each
INFO     Policy 0: bodypress visited 97.71% avg_score=0.532 sample_chance_multiplier=0.25
INFO     Policy 1: bodypress visited 98.06% avg_score=0.528 sample_chance_multiplier=0.25
INFO     Policy 2: bodypress visited 98.2% avg_score=0.55 sample_chance_multiplier=0.25
INFO     Policy 3: bodypress visited 97.97% avg_score=0.527 sample_chance_multiplier=0.25
INFO     Considered Choices:
INFO     	97.985%: bodypress
INFO     Choice: bodypress
INFO     Updated poliwrath's min speed to 128
INFO     poliwrath already has the move bulkup. Decrementing the PP by 1
INFO     poliwrath using bulkup makes it unlikely to have a choice item. Setting can_have_choice_item to False
INFO     poliwrath used a status-move. Adding `assaultvest` to impossible items
INFO     Setting poliwrath's last used move: bulkup
INFO     poliwrath's attack was boosted by 1 to 2
INFO     poliwrath's defense was boosted by 1 to 2
INFO     registeel already has the move bodypress. Decrementing the PP by 1
INFO     registeel used a fighting move, removing fightinggem from possible items
INFO     Setting registeel's last used move: bodypress
INFO     registeel used a damaging move - not guessing lifeorb anymore
INFO     registeel did 36.0% damage to poliwrath with bodypress
INFO     Setting poliwrath's item to: leftovers
INFO     poliwrath has less than maxhp during upkeep, no longer guessing leftovers or blacksludge
INFO     
INFO     Turn: 10
INFO     Sampling battle 0
INFO     	      poliwrath  waterabsorb    leftovers [bulkup, drainpunch, icepunch, liquidation] ttype=steel
INFO     	      piloswine     thickfat     eviolite [earthquake, iceshard, iciclecrash, roar] ttype=poison
INFO     	      bellossom  chlorophyll    leftovers [gigadrain, quiverdance, sludgebomb, strengthsap] ttype=poison
INFO     Sampling 1 unrevealed pokemon
INFO     	         swanna    hydration heavydutyboots [bravebird, defog, hydropump, roost] ttype=ground
INFO     Sampling battle 1
INFO     	      poliwrath  waterabsorb    leftovers [bulkup, drainpunch, knockoff, liquidation] ttype=water
INFO     	      piloswine     thickfat     eviolite [earthquake, iceshard, iciclecrash, roar] ttype=poison
INFO     	      bellossom  chlorophyll    leftovers [gigadrain, quiverdance, strengthsap, terablast] ttype=fire
INFO     Sampling 1 unrevealed pokemon
INFO     	        slaking       truant   choiceband [doubleedge, earthquake, gigaimpact, knockoff] ttype=ghost
INFO     Sampling battle 2
INFO     	      poliwrath  waterabsorb    leftovers [bulkup, drainpunch, knockoff, liquidation] ttype=steel
INFO     	      piloswine     thickfat     eviolite [earthquake, iceshard, iciclecrash, stealthrock] ttype=dragon
INFO     	      bellossom  chlorophyll    leftovers [gigadrain, quiverdance, strengthsap, terablast] ttype=rock
INFO     Sampling 1 unrevealed pokemon
INFO     	       enamorus    cutecharm heavydutyboots [calmmind, earthpower, moonblast, mysticalfire] ttype=ground
INFO     Sampling battle 3
INFO     	      poliwrath  waterabsorb    leftovers [bulkup, drainpunch, liquidation, poisonjab] ttype=steel
INFO     	      piloswine     thickfat     eviolite [earthquake, iceshard, iciclecrash, roar] ttype=poison
INFO     	      bellossom  chlorophyll    leftovers [gigadrain, moonblast, quiverdance, strengthsap] ttype=fairy
INFO     Sampling 1 unrevealed pokemon
INFO     	    ironboulder   quarkdrive boosterenergy [closecombat, mightycleave, swordsdance, zenheadbutt] ttype=fighting
INFO     Searching for a move using MCTS...
INFO     Sampling 4 battles at 500ms each
INFO     Policy 0: bodypress visited 88.03% avg_score=0.559 sample_chance_multiplier=0.25
INFO     Policy 1: bodypress visited 80.74% avg_score=0.544 sample_chance_multiplier=0.25
INFO     Policy 2: bodypress visited 84.3% avg_score=0.529 sample_chance_multiplier=0.25
INFO     Policy 3: bodypress visited 78.56% avg_score=0.581 sample_chance_multiplier=0.25
INFO     Considered Choices:
INFO     	82.91%: bodypress
INFO     Choice: bodypress
INFO     Updated poliwrath's min speed to 128
INFO     poliwrath used two different moves - it cannot have a choice item
INFO     poliwrath used a fighting move, removing fightinggem from possible items
INFO     Setting poliwrath's last used move: drainpunch
INFO     poliwrath used a damaging move - not guessing lifeorb anymore
INFO     poliwrath did 29.770000000000003% damage to registeel with drainpunch
INFO     registeel already has the move bodypress. Decrementing the PP by 1
INFO     registeel used a fighting move, removing fightinggem from possible items
INFO     Setting registeel's last used move: bodypress
INFO     registeel used a damaging move - not guessing lifeorb anymore
INFO     registeel did 31.0% damage to poliwrath with bodypress
INFO     Setting poliwrath's item to: leftovers
INFO     poliwrath has less than maxhp during upkeep, no longer guessing leftovers or blacksludge
INFO     
INFO     Turn: 11
INFO     Sampling battle 0
INFO     	      poliwrath  waterabsorb    leftovers [bulkup, drainpunch, liquidation, poisonjab] ttype=fighting
INFO     	      piloswine     thickfat     eviolite [earthquake, iceshard, iciclecrash, stealthrock] ttype=dragon
INFO     	      bellossom  chlorophyll    leftovers [gigadrain, quiverdance, sludgebomb, strengthsap] ttype=poison
INFO     Sampling 1 unrevealed pokemon
INFO     	     mabosstiff     stakeout  choicescarf [crunch, playrough, psychicfangs, wildcharge] ttype=fairy
INFO     Sampling battle 1
INFO     	      poliwrath  waterabsorb    leftovers [bulkup, drainpunch, liquidation, poisonjab] ttype=steel
INFO     	      piloswine     thickfat     eviolite [earthquake, iceshard, iciclecrash, stealthrock] ttype=dragon
INFO     	      bellossom  chlorophyll    leftovers [gigadrain, quiverdance, strengthsap, terablast] ttype=fire
INFO     Sampling 1 unrevealed pokemon
INFO     	         lapras  waterabsorb heavydutyboots [freezedry, rest, sleeptalk, sparklingaria] ttype=ground
INFO     Sampling battle 2
INFO     	      poliwrath  waterabsorb    leftovers [bulkup, drainpunch, icepunch, liquidation] ttype=steel
INFO     	      piloswine     thickfat     eviolite [earthquake, iceshard, iciclecrash, roar] ttype=poison
INFO     	      bellossom  chlorophyll    leftovers [gigadrain, moonblast, quiverdance, strengthsap] ttype=fairy
INFO     Sampling 1 unrevealed pokemon
INFO     	      dunsparce  serenegrace     eviolite [bodyslam, coil, earthquake, roost] ttype=ground
INFO     Sampling battle 3
INFO     	      poliwrath  waterabsorb    leftovers [bulkup, drainpunch, icepunch, liquidation] ttype=fighting
INFO     	      piloswine     thickfat     eviolite [earthquake, iceshard, iciclecrash, roar] ttype=poison
INFO     	      bellossom  chlorophyll    leftovers [gigadrain, quiverdance, strengthsap, terablast] ttype=fire
INFO     Sampling 1 unrevealed pokemon
INFO     	         minior  shieldsdown    whiteherb [acrobatics, earthquake, powergem, shellsmash] ttype=flying
INFO     Searching for a move using MCTS...
INFO     Sampling 4 battles at 500ms each
INFO     Policy 0: switch dragapult visited 68.56% avg_score=0.521 sample_chance_multiplier=0.25
INFO     Policy 1: switch dragapult visited 66.51% avg_score=0.525 sample_chance_multiplier=0.25
INFO     Policy 2: switch dragapult visited 77.99% avg_score=0.575 sample_chance_multiplier=0.25
INFO     Policy 3: switch dragapult visited 42.44% avg_score=0.441 sample_chance_multiplier=0.25
INFO     Considered Choices:
INFO     	63.874%: switch dragapult
INFO     Choice: switch dragapult
INFO     dragapult switched in, adding intimidate to impossible abilities
INFO     dragapult switched in, adding pressure to impossible abilities
INFO     dragapult switched in, adding neutralizinggas to impossible abilities
INFO     dragapult switched in, adding sandstream to impossible abilities
INFO     dragapult switched in, adding drought to impossible abilities
INFO     dragapult switched in, adding drizzle to impossible abilities
INFO     dragapult switched in, adding snowwarning to impossible abilities
INFO     dragapult switched in, adding boosterenergy to impossible items
INFO     dragapult switched in, adding airballoon to impossible items
INFO     poliwrath already has the move drainpunch. Decrementing the PP by 1
INFO     poliwrath used a fighting move, removing fightinggem from possible items
INFO     Setting poliwrath's last used move: drainpunch
INFO     poliwrath used a damaging move - not guessing lifeorb anymore
INFO     Setting poliwrath's item to: leftovers
INFO     poliwrath has less than maxhp during upkeep, no longer guessing leftovers or blacksludge
INFO     
INFO     Turn: 12
INFO     Sampling battle 0
INFO     	      poliwrath  waterabsorb    leftovers [bulkup, drainpunch, icepunch, liquidation] ttype=steel
INFO     	      piloswine     thickfat     eviolite [earthquake, iceshard, iciclecrash, stealthrock] ttype=poison
INFO     	      bellossom  chlorophyll    leftovers [gigadrain, moonblast, quiverdance, strengthsap] ttype=fairy
INFO     Sampling 1 unrevealed pokemon
INFO     	       bronzong     levitate    leftovers [hypnosis, ironhead, psychic, stealthrock] ttype=electric
INFO     Sampling battle 1
INFO     	      poliwrath  waterabsorb    leftovers [bulkup, drainpunch, icepunch, liquidation] ttype=fighting
INFO     	      piloswine     thickfat     eviolite [earthquake, iceshard, iciclecrash, roar] ttype=poison
INFO     	      bellossom  chlorophyll    leftovers [gigadrain, moonblast, quiverdance, strengthsap] ttype=fairy
INFO     Sampling 1 unrevealed pokemon
INFO     	         gengar   cursedbody      lifeorb [encore, focusblast, shadowball, sludgewave] ttype=fighting
INFO     Sampling battle 2
INFO     	      poliwrath  waterabsorb    leftovers [bulkup, drainpunch, knockoff, liquidation] ttype=water
INFO     	      piloswine     thickfat     eviolite [earthquake, iceshard, iciclecrash, roar] ttype=poison
INFO     	      bellossom  chlorophyll    leftovers [gigadrain, quiverdance, strengthsap, terablast] ttype=rock
INFO     Sampling 1 unrevealed pokemon
INFO     	    kyuremwhite   turboblaze  choicespecs [dracometeor, earthpower, freezedry, fusionflare] ttype=dragon
INFO     Sampling battle 3
INFO     	      poliwrath  waterabsorb    leftovers [bulkup, drainpunch, liquidation, poisonjab] ttype=water
INFO     	      piloswine     thickfat     eviolite [earthquake, iceshard, iciclecrash, stealthrock] ttype=poison
INFO     	      bellossom  chlorophyll    leftovers [gigadrain, quiverdance, sludgebomb, strengthsap] ttype=poison
INFO     Sampling 1 unrevealed pokemon
INFO     	       meowstic    prankster    lightclay [lightscreen, psychicnoise, reflect, thunderwave] ttype=fairy
INFO     Searching for a move using MCTS...
INFO     Sampling 4 battles at 500ms each
INFO     Policy 0: shadowball visited 78.32% avg_score=0.633 sample_chance_multiplier=0.25
INFO     Policy 1: shadowball visited 78.46% avg_score=0.627 sample_chance_multiplier=0.25
INFO     Policy 2: shadowball visited 40.67% avg_score=0.674 sample_chance_multiplier=0.25
INFO     Policy 3: shadowball visited 44.12% avg_score=0.634 sample_chance_multiplier=0.25
INFO     Considered Choices:
INFO     	60.393%: shadowball
INFO     Choice: shadowball
INFO     dragapult already has the move shadowball. Decrementing the PP by 1
INFO     dragapult used a ghost move, removing ghostgem from possible items
INFO     Setting dragapult's last used move: shadowball
INFO     dragapult used a damaging move - not guessing lifeorb anymore
INFO     dragapult did 28.999999999999996% damage to poliwrath with shadowball
INFO     poliwrath has less than maxhp during upkeep, no longer guessing leftovers or blacksludge
INFO     Opponent has switched - clearing the last used move
INFO     
INFO     Turn: 13
INFO     Sampling battle 0
INFO     	      piloswine     thickfat     eviolite [earthquake, iceshard, iciclecrash, stealthrock] ttype=poison
INFO     	      bellossom  chlorophyll    leftovers [gigadrain, quiverdance, strengthsap, terablast] ttype=rock
INFO     Sampling 1 unrevealed pokemon
INFO     	necrozmadawnwings   prismarmor      lifeorb [brickbreak, dragondance, moongeistbeam, photongeyser] ttype=fighting
INFO     Sampling battle 1
INFO     	      piloswine     thickfat     eviolite [earthquake, iceshard, iciclecrash, roar] ttype=dragon
INFO     	      bellossom  chlorophyll    leftovers [gigadrain, quiverdance, strengthsap, terablast] ttype=rock
INFO     Sampling 1 unrevealed pokemon
INFO     	       inteleon      torrent  choicespecs [darkpulse, hydropump, icebeam, uturn] ttype=water
INFO     Sampling battle 2
INFO     	      piloswine     thickfat     eviolite [earthquake, iceshard, iciclecrash, roar] ttype=poison
INFO     	      bellossom  chlorophyll    leftovers [gigadrain, quiverdance, strengthsap, terablast] ttype=fire
INFO     Sampling 1 unrevealed pokemon
INFO     	       ampharos       static      lifeorb [agility, dazzlinggleam, focusblast, thunderbolt] ttype=electric
INFO     Sampling battle 3
INFO     	      piloswine     thickfat     eviolite [earthquake, iceshard, iciclecrash, stealthrock] ttype=poison
INFO     	      bellossom  chlorophyll    leftovers [gigadrain, quiverdance, strengthsap, terablast] ttype=fire
INFO     Sampling 1 unrevealed pokemon
INFO     	        moltres    flamebody heavydutyboots [bravebird, fireblast, roost, willowisp] ttype=dragon
INFO     Searching for a move using MCTS...
INFO     Sampling 4 battles at 500ms each
INFO     Policy 0: switch urshifurapidstrike visited 64.96% avg_score=0.329 sample_chance_multiplier=0.25
INFO     Policy 1: switch urshifurapidstrike visited 37.74% avg_score=0.392 sample_chance_multiplier=0.25
INFO     Policy 2: switch urshifurapidstrike visited 39.14% avg_score=0.392 sample_chance_multiplier=0.25
INFO     Policy 3: switch urshifurapidstrike visited 47.43% avg_score=0.341 sample_chance_multiplier=0.25
INFO     Considered Choices:
INFO     	47.318%: switch urshifurapidstrike
INFO     Choice: switch urshifurapidstrike
INFO     piloswine used a status-move. Adding `assaultvest` to impossible items
INFO     Setting piloswine's last used move: stealthrock
INFO     Incremented side condition stealthrock to 1 for urshifurapidstrike
INFO     
INFO     Turn: 14
INFO     Sampling battle 0
INFO     	      piloswine     thickfat     eviolite [earthquake, iceshard, iciclecrash, stealthrock] ttype=poison
INFO     	      bellossom  chlorophyll    leftovers [gigadrain, quiverdance, strengthsap, terablast] ttype=fire
INFO     Sampling 1 unrevealed pokemon
INFO     	       arcanine   intimidate heavydutyboots [extremespeed, flareblitz, morningsun, roar] ttype=normal
INFO     Sampling battle 1
INFO     	      piloswine     thickfat     eviolite [earthquake, iceshard, iciclecrash, stealthrock] ttype=poison
INFO     	      bellossom  chlorophyll    leftovers [gigadrain, quiverdance, sludgebomb, strengthsap] ttype=poison
INFO     Sampling 1 unrevealed pokemon
INFO     	     perrserker   toughclaws   choiceband [closecombat, ironhead, knockoff, uturn] ttype=fighting
INFO     Sampling battle 2
INFO     	      piloswine     thickfat     eviolite [earthquake, iceshard, iciclecrash, stealthrock] ttype=poison
INFO     	      bellossom  chlorophyll    leftovers [gigadrain, quiverdance, strengthsap, terablast] ttype=rock
INFO     Sampling 1 unrevealed pokemon
INFO     	      honchkrow        moxie heavydutyboots [bravebird, heatwave, lashout, suckerpunch] ttype=flying
INFO     Sampling battle 3
INFO     	      piloswine     thickfat     eviolite [earthquake, iceshard, iciclecrash, stealthrock] ttype=dragon
INFO     	      bellossom  chlorophyll    leftovers [gigadrain, quiverdance, strengthsap, terablast] ttype=rock
INFO     Sampling 1 unrevealed pokemon
INFO     	       floatzel    waterveil   choiceband [crunch, flipturn, icespinner, wavecrash] ttype=water
INFO     Searching for a move using MCTS...
INFO     Sampling 4 battles at 500ms each
INFO     Policy 0: swordsdance visited 93.56% avg_score=0.587 sample_chance_multiplier=0.25
INFO     Policy 1: swordsdance visited 98.43% avg_score=0.755 sample_chance_multiplier=0.25
INFO     Policy 2: swordsdance visited 95.39% avg_score=0.621 sample_chance_multiplier=0.25
INFO     Policy 3: swordsdance visited 80.42% avg_score=0.505 sample_chance_multiplier=0.25
INFO     Considered Choices:
INFO     	91.951%: swordsdance
INFO     Choice: swordsdance
INFO     Opponent has switched - clearing the last used move
INFO     urshifurapidstrike already has the move swordsdance. Decrementing the PP by 1
INFO     urshifurapidstrike using swordsdance makes it unlikely to have a choice item. Setting can_have_choice_item to False
INFO     urshifurapidstrike used a status-move. Adding `assaultvest` to impossible items
INFO     Setting urshifurapidstrike's last used move: swordsdance
INFO     urshifurapidstrike's attack was boosted by 2 to 2
INFO     
INFO     Turn: 15
INFO     Sampling battle 0
INFO     	      bellossom  chlorophyll    leftovers [gigadrain, moonblast, quiverdance, strengthsap] ttype=fairy
INFO     	      piloswine     thickfat     eviolite [earthquake, iceshard, iciclecrash, stealthrock] ttype=poison
INFO     Sampling 1 unrevealed pokemon
INFO     	          lugia   multiscale heavydutyboots [aeroblast, calmmind, earthpower, recover] ttype=steel
INFO     Sampling battle 1
INFO     	      bellossom  chlorophyll    leftovers [gigadrain, quiverdance, strengthsap, terablast] ttype=rock
INFO     	      piloswine     thickfat     eviolite [earthquake, iceshard, iciclecrash, stealthrock] ttype=poison
INFO     Sampling 1 unrevealed pokemon
INFO     	        banette   cursedbody      lifeorb [gunkshot, poltergeist, shadowsneak, thunderwave] ttype=poison
INFO     Sampling battle 2
INFO     	      bellossom  chlorophyll    leftovers [gigadrain, moonblast, quiverdance, strengthsap] ttype=fairy
INFO     	      piloswine     thickfat     eviolite [earthquake, iceshard, iciclecrash, stealthrock] ttype=poison
INFO     Sampling 1 unrevealed pokemon
INFO     	        palafin   zerotohero    leftovers [bulkup, icepunch, jetpunch, wavecrash] ttype=steel
INFO     Sampling battle 3
INFO     	      bellossom  chlorophyll    leftovers [gigadrain, quiverdance, strengthsap, terablast] ttype=rock
INFO     	      piloswine     thickfat     eviolite [earthquake, iceshard, iciclecrash, stealthrock] ttype=dragon
INFO     Sampling 1 unrevealed pokemon
INFO     	        glaceon      icebody heavydutyboots [freezedry, mudshot, protect, wish] ttype=ground
INFO     Searching for a move using MCTS...
INFO     Sampling 4 battles at 500ms each
INFO     Policy 0: closecombat visited 60.54% avg_score=0.385 sample_chance_multiplier=0.25
INFO     Policy 1: closecombat visited 91.61% avg_score=0.677 sample_chance_multiplier=0.25
INFO     Policy 2: closecombat visited 94.08% avg_score=0.784 sample_chance_multiplier=0.25
INFO     Policy 3: closecombat visited 99.8% avg_score=0.922 sample_chance_multiplier=0.25
INFO     Considered Choices:
INFO     	86.506%: closecombat
INFO     Choice: closecombat
INFO     urshifurapidstrike already has the move closecombat. Decrementing the PP by 1
INFO     urshifurapidstrike used a fighting move, removing fightinggem from possible items
INFO     Setting urshifurapidstrike's last used move: closecombat
INFO     urshifurapidstrike used a damaging move - not guessing lifeorb anymore
INFO     urshifurapidstrike did 100.0% damage to bellossom with closecombat
INFO     urshifurapidstrike's defense was unboosted by 1 to -1
INFO     urshifurapidstrike's special-defense was unboosted by 1 to -1
INFO     Setting urshifurapidstrike's item to: lifeorb
INFO     bellossom has less than maxhp during upkeep, no longer guessing leftovers or blacksludge
INFO     Opponent has switched - clearing the last used move
INFO     dragonite switched in, adding intimidate to impossible abilities
INFO     dragonite switched in, adding pressure to impossible abilities
INFO     dragonite switched in, adding neutralizinggas to impossible abilities
INFO     dragonite switched in, adding sandstream to impossible abilities
INFO     dragonite switched in, adding drought to impossible abilities
INFO     dragonite switched in, adding drizzle to impossible abilities
INFO     dragonite switched in, adding snowwarning to impossible abilities
INFO     dragonite switched in, adding boosterenergy to impossible items
INFO     dragonite switched in, adding airballoon to impossible items
INFO     
INFO     Turn: 16
INFO     Sampling battle 0
INFO     	      dragonite   multiscale heavydutyboots [dragondance, earthquake, outrage, roost] ttype=steel
INFO     	      piloswine     thickfat     eviolite [earthquake, iceshard, iciclecrash, stealthrock] ttype=poison
INFO     Sampling battle 1
INFO     	      dragonite   multiscale heavydutyboots [dragondance, earthquake, outrage, roost] ttype=ground
INFO     	      piloswine     thickfat     eviolite [earthquake, iceshard, iciclecrash, stealthrock] ttype=poison
INFO     Sampling battle 2
INFO     	      dragonite   multiscale heavydutyboots [dragondance, earthquake, outrage, terablast] ttype=flying
INFO     	      piloswine     thickfat     eviolite [earthquake, iceshard, iciclecrash, stealthrock] ttype=poison
INFO     Sampling battle 3
INFO     	      dragonite   multiscale heavydutyboots [dragondance, earthquake, outrage, roost] ttype=ground
INFO     	      piloswine     thickfat     eviolite [earthquake, iceshard, iciclecrash, stealthrock] ttype=dragon
INFO     Searching for a move using MCTS...
INFO     Sampling 4 battles at 500ms each
INFO     Policy 0: surgingstrikes visited 38.92% avg_score=0.159 sample_chance_multiplier=0.25
INFO     Policy 1: surgingstrikes visited 35.35% avg_score=0.156 sample_chance_multiplier=0.25
INFO     Policy 2: surgingstrikes visited 86.33% avg_score=0.244 sample_chance_multiplier=0.25
INFO     Policy 3: surgingstrikes visited 37.18% avg_score=0.158 sample_chance_multiplier=0.25
INFO     Considered Choices:
INFO     	49.445%: surgingstrikes
INFO     Choice: surgingstrikes
INFO     Updated dragonite's max speed to 189
INFO     urshifurapidstrike already has the move surgingstrikes. Decrementing the PP by 1
INFO     urshifurapidstrike used a water move, removing watergem from possible items
INFO     Setting urshifurapidstrike's last used move: surgingstrikes
INFO     urshifurapidstrike used a damaging move - not guessing lifeorb anymore
INFO     urshifurapidstrike did 10.0% damage to dragonite with surgingstrikes
WARNING  Would remove all possibilities, not removing any
WARNING  actual_damage_dealt=25.700000000000003
INFO     Setting urshifurapidstrike's item to: lifeorb
INFO     dragonite using dragondance makes it unlikely to have a choice item. Setting can_have_choice_item to False
INFO     dragonite used a status-move. Adding `assaultvest` to impossible items
INFO     Setting dragonite's last used move: dragondance
INFO     dragonite's attack was boosted by 1 to 1
INFO     dragonite's speed was boosted by 1 to 1
INFO     dragonite has less than maxhp during upkeep, no longer guessing leftovers or blacksludge
INFO     
INFO     Turn: 17
INFO     Sampling battle 0
INFO     	      dragonite   multiscale heavydutyboots [dragondance, earthquake, ironhead, outrage] ttype=steel
INFO     	      piloswine     thickfat     eviolite [earthquake, iceshard, iciclecrash, stealthrock] ttype=poison
INFO     Sampling battle 1
INFO     	      dragonite   multiscale heavydutyboots [dragondance, earthquake, outrage, roost] ttype=ground
INFO     	      piloswine     thickfat     eviolite [earthquake, iceshard, iciclecrash, stealthrock] ttype=dragon
INFO     Sampling battle 2
INFO     	      dragonite   multiscale heavydutyboots [dragondance, earthquake, outrage, terablast] ttype=flying
INFO     	      piloswine     thickfat     eviolite [earthquake, iceshard, iciclecrash, stealthrock] ttype=poison
INFO     Sampling battle 3
INFO     	      dragonite   multiscale heavydutyboots [dragondance, earthquake, outrage, roost] ttype=steel
INFO     	      piloswine     thickfat     eviolite [earthquake, iceshard, iciclecrash, stealthrock] ttype=dragon
INFO     Searching for a move using MCTS...
INFO     Sampling 4 battles at 500ms each
INFO     Policy 0: aquajet visited 98.2% avg_score=0.389 sample_chance_multiplier=0.25
INFO     Policy 1: closecombat visited 78.38% avg_score=0.371 sample_chance_multiplier=0.25
INFO     Policy 2: aquajet visited 95.71% avg_score=0.388 sample_chance_multiplier=0.25
INFO     Policy 3: closecombat visited 78.21% avg_score=0.368 sample_chance_multiplier=0.25
INFO     Considered Choices:
INFO     	56.558%: aquajet
INFO     Choice: aquajet
INFO     urshifurapidstrike already has the move aquajet. Decrementing the PP by 1
INFO     urshifurapidstrike used a water move, removing watergem from possible items
INFO     Setting urshifurapidstrike's last used move: aquajet
INFO     urshifurapidstrike used a damaging move - not guessing lifeorb anymore
INFO     urshifurapidstrike did 22.0% damage to dragonite with aquajet
INFO     Setting urshifurapidstrike's item to: lifeorb
INFO     dragonite used two different moves - it cannot have a choice item
INFO     dragonite used a ground move, removing groundgem from possible items
INFO     Setting dragonite's last used move: earthquake
INFO     dragonite used a damaging move - not guessing lifeorb anymore
INFO     dragonite did 43.07% damage to urshifurapidstrike with earthquake
INFO     dragonite has less than maxhp during upkeep, no longer guessing leftovers or blacksludge
INFO     Sampling battle 0
INFO     	      dragonite   multiscale heavydutyboots [dragondance, earthquake, outrage, roost] ttype=steel
INFO     	      piloswine     thickfat     eviolite [earthquake, iceshard, iciclecrash, stealthrock] ttype=dragon
INFO     Sampling battle 1
INFO     	      dragonite   multiscale heavydutyboots [dragondance, earthquake, outrage, terablast] ttype=flying
INFO     	      piloswine     thickfat     eviolite [earthquake, iceshard, iciclecrash, stealthrock] ttype=dragon
INFO     Sampling battle 2
INFO     	      dragonite   multiscale heavydutyboots [dragondance, earthquake, ironhead, outrage] ttype=steel
INFO     	      piloswine     thickfat     eviolite [earthquake, iceshard, iciclecrash, stealthrock] ttype=dragon
INFO     Sampling battle 3
INFO     	      dragonite   multiscale heavydutyboots [dragondance, earthquake, ironhead, outrage] ttype=steel
INFO     	      piloswine     thickfat     eviolite [earthquake, iceshard, iciclecrash, stealthrock] ttype=dragon
INFO     Searching for a move using MCTS...
INFO     Sampling 4 battles at 500ms each
INFO     Policy 0: switch electrodehisui visited 84.66% avg_score=0.557 sample_chance_multiplier=0.25
INFO     Policy 1: switch electrodehisui visited 93.22% avg_score=0.577 sample_chance_multiplier=0.25
INFO     Policy 2: switch electrodehisui visited 92.34% avg_score=0.577 sample_chance_multiplier=0.25
INFO     Policy 3: switch electrodehisui visited 92.47% avg_score=0.577 sample_chance_multiplier=0.25
INFO     Considered Choices:
INFO     	90.674%: switch electrodehisui
INFO     Choice: switch electrodehisui
INFO     electrodehisui switched in, adding intimidate to impossible abilities
INFO     electrodehisui switched in, adding pressure to impossible abilities
INFO     electrodehisui switched in, adding neutralizinggas to impossible abilities
INFO     electrodehisui switched in, adding sandstream to impossible abilities
INFO     electrodehisui switched in, adding drought to impossible abilities
INFO     electrodehisui switched in, adding drizzle to impossible abilities
INFO     electrodehisui switched in, adding snowwarning to impossible abilities
INFO     electrodehisui switched in, adding boosterenergy to impossible items
INFO     electrodehisui switched in, adding airballoon to impossible items
INFO     
INFO     Turn: 18
INFO     Sampling battle 0
INFO     	      dragonite   multiscale heavydutyboots [dragondance, earthquake, outrage, terablast] ttype=flying
INFO     	      piloswine     thickfat     eviolite [earthquake, iceshard, iciclecrash, stealthrock] ttype=poison
INFO     Sampling battle 1
INFO     	      dragonite   multiscale heavydutyboots [dragondance, earthquake, outrage, roost] ttype=steel
INFO     	      piloswine     thickfat     eviolite [earthquake, iceshard, iciclecrash, stealthrock] ttype=dragon
INFO     Sampling battle 2
INFO     	      dragonite   multiscale heavydutyboots [dragondance, earthquake, ironhead, outrage] ttype=steel
INFO     	      piloswine     thickfat     eviolite [earthquake, iceshard, iciclecrash, stealthrock] ttype=dragon
INFO     Sampling battle 3
INFO     	      dragonite   multiscale heavydutyboots [dragondance, earthquake, outrage, roost] ttype=ground
INFO     	      piloswine     thickfat     eviolite [earthquake, iceshard, iciclecrash, stealthrock] ttype=dragon
INFO     Searching for a move using MCTS...
INFO     Sampling 4 battles at 500ms each
INFO     Policy 0: substitute visited 52.27% avg_score=0.613 sample_chance_multiplier=0.25
INFO     Policy 1: thunderbolt visited 59.19% avg_score=0.591 sample_chance_multiplier=0.25
INFO     Policy 2: substitute visited 50.84% avg_score=0.612 sample_chance_multiplier=0.25
INFO     Policy 3: thunderbolt visited 59.17% avg_score=0.592 sample_chance_multiplier=0.25
INFO     Considered Choices:
INFO     	49.203%: thunderbolt
INFO     Choice: thunderbolt
INFO     Opponent has switched - clearing the last used move
INFO     electrodehisui already has the move thunderbolt. Decrementing the PP by 1
INFO     electrodehisui used a electric move, removing electricgem from possible items
INFO     Setting electrodehisui's last used move: thunderbolt
INFO     electrodehisui used a damaging move - not guessing lifeorb anymore
INFO     Setting electrodehisui's item to: leftovers
INFO     
INFO     Turn: 19
INFO     Sampling battle 0
INFO     	      piloswine     thickfat     eviolite [earthquake, iceshard, iciclecrash, stealthrock] ttype=dragon
INFO     	      dragonite   multiscale heavydutyboots [dragondance, earthquake, outrage, roost] ttype=ground
INFO     Sampling battle 1
INFO     	      piloswine     thickfat     eviolite [earthquake, iceshard, iciclecrash, stealthrock] ttype=poison
INFO     	      dragonite   multiscale heavydutyboots [dragondance, earthquake, outrage, terablast] ttype=flying
INFO     Sampling battle 2
INFO     	      piloswine     thickfat     eviolite [earthquake, iceshard, iciclecrash, stealthrock] ttype=poison
INFO     	      dragonite   multiscale heavydutyboots [dragondance, earthquake, ironhead, outrage] ttype=steel
INFO     Sampling battle 3
INFO     	      piloswine     thickfat     eviolite [earthquake, iceshard, iciclecrash, stealthrock] ttype=poison
INFO     	      dragonite   multiscale heavydutyboots [dragondance, earthquake, outrage, roost] ttype=ground
INFO     Searching for a move using MCTS...
INFO     Sampling 4 battles at 500ms each
INFO     Policy 0: gigadrain visited 86.54% avg_score=0.485 sample_chance_multiplier=0.25
INFO     Policy 1: gigadrain visited 83.74% avg_score=0.496 sample_chance_multiplier=0.25
INFO     Policy 2: gigadrain visited 82.15% avg_score=0.486 sample_chance_multiplier=0.25
INFO     Policy 3: gigadrain visited 84.8% avg_score=0.489 sample_chance_multiplier=0.25
INFO     Considered Choices:
INFO     	84.31%: gigadrain
INFO     Choice: gigadrain
INFO     Updated piloswine's max speed to 311
INFO     electrodehisui already has the move gigadrain. Decrementing the PP by 1
INFO     electrodehisui used a grass move, removing grassgem from possible items
INFO     Setting electrodehisui's last used move: gigadrain
INFO     electrodehisui used a damaging move - not guessing lifeorb anymore
INFO     electrodehisui did 44.0% damage to piloswine with gigadrain
WARNING  Would remove all possibilities, not removing any
WARNING  actual_damage_dealt=135.96
INFO     piloswine used a ice move, removing icegem from possible items
INFO     Setting piloswine's last used move: iciclecrash
INFO     piloswine used a damaging move - not guessing lifeorb anymore
INFO     piloswine has less than maxhp during upkeep, no longer guessing leftovers or blacksludge
INFO     
INFO     Turn: 20
INFO     Sampling battle 0
INFO     	      piloswine     thickfat     eviolite [earthquake, iceshard, iciclecrash, stealthrock] ttype=dragon
INFO     	      dragonite   multiscale heavydutyboots [dragondance, earthquake, outrage, roost] ttype=steel
INFO     Sampling battle 1
INFO     	      piloswine     thickfat     eviolite [earthquake, iceshard, iciclecrash, stealthrock] ttype=dragon
INFO     	      dragonite   multiscale heavydutyboots [dragondance, earthquake, outrage, roost] ttype=ground
INFO     Sampling battle 2
INFO     	      piloswine     thickfat     eviolite [earthquake, iceshard, iciclecrash, stealthrock] ttype=poison
INFO     	      dragonite   multiscale heavydutyboots [dragondance, earthquake, ironhead, outrage] ttype=steel
INFO     Sampling battle 3
INFO     	      piloswine     thickfat     eviolite [earthquake, iceshard, iciclecrash, stealthrock] ttype=dragon
INFO     	      dragonite   multiscale heavydutyboots [dragondance, earthquake, outrage, terablast] ttype=flying
INFO     Searching for a move using MCTS...
INFO     Sampling 4 battles at 500ms each
INFO     Policy 0: switch darkrai visited 97.55% avg_score=0.678 sample_chance_multiplier=0.25
INFO     Policy 1: gigadrain visited 97.53% avg_score=0.685 sample_chance_multiplier=0.25
INFO     Policy 2: gigadrain visited 96.92% avg_score=0.648 sample_chance_multiplier=0.25
INFO     Policy 3: switch darkrai visited 97.95% avg_score=0.68 sample_chance_multiplier=0.25
INFO     Considered Choices:
INFO     	49.237%: switch darkrai
INFO     	48.979%: gigadrain
INFO     Choice: gigadrain
INFO     Updated piloswine's max speed to 311
INFO     electrodehisui already has the move gigadrain. Decrementing the PP by 1
INFO     electrodehisui used a grass move, removing grassgem from possible items
INFO     Setting electrodehisui's last used move: gigadrain
INFO     electrodehisui used a damaging move - not guessing lifeorb anymore
INFO     electrodehisui did 38.0% damage to piloswine with gigadrain
INFO     piloswine used two different moves - it cannot have a choice item
INFO     piloswine used a ground move, removing groundgem from possible items
INFO     Setting piloswine's last used move: earthquake
INFO     piloswine used a damaging move - not guessing lifeorb anymore
INFO     piloswine did 55.279999999999994% damage to electrodehisui with earthquake
INFO     Setting electrodehisui's item to: leftovers
INFO     piloswine has less than maxhp during upkeep, no longer guessing leftovers or blacksludge
INFO     
INFO     Turn: 21
INFO     Sampling battle 0
INFO     	      piloswine     thickfat     eviolite [earthquake, iceshard, iciclecrash, stealthrock] ttype=dragon
INFO     	      dragonite   multiscale heavydutyboots [dragondance, earthquake, outrage, terablast] ttype=flying
INFO     Sampling battle 1
INFO     	      piloswine     thickfat     eviolite [earthquake, iceshard, iciclecrash, stealthrock] ttype=dragon
INFO     	      dragonite   multiscale heavydutyboots [dragondance, earthquake, ironhead, outrage] ttype=steel
INFO     Sampling battle 2
INFO     	      piloswine     thickfat     eviolite [earthquake, iceshard, iciclecrash, stealthrock] ttype=poison
INFO     	      dragonite   multiscale heavydutyboots [dragondance, earthquake, outrage, roost] ttype=steel
INFO     Sampling battle 3
INFO     	      piloswine     thickfat     eviolite [earthquake, iceshard, iciclecrash, stealthrock] ttype=poison
INFO     	      dragonite   multiscale heavydutyboots [dragondance, earthquake, outrage, roost] ttype=steel
INFO     Searching for a move using MCTS...
INFO     Sampling 4 battles at 500ms each
INFO     Policy 0: gigadrain visited 99.72% avg_score=0.957 sample_chance_multiplier=0.25
INFO     Policy 1: gigadrain visited 99.67% avg_score=0.957 sample_chance_multiplier=0.25
INFO     Policy 2: gigadrain visited 99.7% avg_score=0.96 sample_chance_multiplier=0.25
INFO     Policy 3: gigadrain visited 99.74% avg_score=0.961 sample_chance_multiplier=0.25
INFO     Considered Choices:
INFO     	99.704%: gigadrain
INFO     Choice: gigadrain
INFO     Opponent has switched - clearing the last used move
INFO     electrodehisui already has the move gigadrain. Decrementing the PP by 1
INFO     electrodehisui used a grass move, removing grassgem from possible items
INFO     Setting electrodehisui's last used move: gigadrain
INFO     electrodehisui used a damaging move - not guessing lifeorb anymore
INFO     electrodehisui did 7.000000000000001% damage to dragonite with gigadrain
INFO     Setting electrodehisui's item to: leftovers
INFO     dragonite has less than maxhp during upkeep, no longer guessing leftovers or blacksludge
INFO     
INFO     Turn: 22
INFO     Sampling battle 0
INFO     	      dragonite   multiscale heavydutyboots [dragondance, earthquake, ironhead, outrage] ttype=steel
INFO     	      piloswine     thickfat     eviolite [earthquake, iceshard, iciclecrash, stealthrock] ttype=poison
INFO     Sampling battle 1
INFO     	      dragonite   multiscale heavydutyboots [dragondance, earthquake, ironhead, outrage] ttype=steel
INFO     	      piloswine     thickfat     eviolite [earthquake, iceshard, iciclecrash, stealthrock] ttype=poison
INFO     Sampling battle 2
INFO     	      dragonite   multiscale heavydutyboots [dragondance, earthquake, ironhead, outrage] ttype=steel
INFO     	      piloswine     thickfat     eviolite [earthquake, iceshard, iciclecrash, stealthrock] ttype=poison
INFO     Sampling battle 3
INFO     	      dragonite   multiscale heavydutyboots [dragondance, earthquake, outrage, roost] ttype=steel
INFO     	      piloswine     thickfat     eviolite [earthquake, iceshard, iciclecrash, stealthrock] ttype=dragon
INFO     Searching for a move using MCTS...
INFO     Sampling 4 battles at 500ms each
INFO     Policy 0: thunderbolt visited 99.8% avg_score=0.983 sample_chance_multiplier=0.25
INFO     Policy 1: thunderbolt visited 99.79% avg_score=0.983 sample_chance_multiplier=0.25
INFO     Policy 2: thunderbolt visited 99.81% avg_score=0.984 sample_chance_multiplier=0.25
INFO     Policy 3: thunderbolt visited 99.82% avg_score=0.985 sample_chance_multiplier=0.25
INFO     Considered Choices:
INFO     	99.806%: thunderbolt
INFO     Choice: thunderbolt
INFO     Opponent has switched - clearing the last used move
INFO     electrodehisui already has the move thunderbolt. Decrementing the PP by 1
INFO     electrodehisui used a electric move, removing electricgem from possible items
INFO     Setting electrodehisui's last used move: thunderbolt
INFO     electrodehisui used a damaging move - not guessing lifeorb anymore
INFO     Setting electrodehisui's item to: leftovers
INFO     piloswine has less than maxhp during upkeep, no longer guessing leftovers or blacksludge
INFO     
INFO     Turn: 23
INFO     Sampling battle 0
INFO     	      piloswine     thickfat     eviolite [earthquake, iceshard, iciclecrash, stealthrock] ttype=poison
INFO     	      dragonite   multiscale heavydutyboots [dragondance, earthquake, outrage, terablast] ttype=flying
INFO     Sampling battle 1
INFO     	      piloswine     thickfat     eviolite [earthquake, iceshard, iciclecrash, stealthrock] ttype=poison
INFO     	      dragonite   multiscale heavydutyboots [dragondance, earthquake, outrage, terablast] ttype=flying
INFO     Sampling battle 2
INFO     	      piloswine     thickfat     eviolite [earthquake, iceshard, iciclecrash, stealthrock] ttype=poison
INFO     	      dragonite   multiscale heavydutyboots [dragondance, earthquake, outrage, terablast] ttype=flying
INFO     Sampling battle 3
INFO     	      piloswine     thickfat     eviolite [earthquake, iceshard, iciclecrash, stealthrock] ttype=poison
INFO     	      dragonite   multiscale heavydutyboots [dragondance, earthquake, outrage, roost] ttype=ground
INFO     Searching for a move using MCTS...
INFO     Sampling 4 battles at 500ms each
INFO     Policy 0: gigadrain visited 99.83% avg_score=0.986 sample_chance_multiplier=0.25
INFO     Policy 1: gigadrain visited 99.85% avg_score=0.986 sample_chance_multiplier=0.25
INFO     Policy 2: gigadrain visited 99.85% avg_score=0.986 sample_chance_multiplier=0.25
INFO     Policy 3: gigadrain visited 99.84% avg_score=0.988 sample_chance_multiplier=0.25
INFO     Considered Choices:
INFO     	99.843%: gigadrain
INFO     Choice: gigadrain
INFO     Opponent has switched - clearing the last used move
INFO     electrodehisui already has the move gigadrain. Decrementing the PP by 1
INFO     electrodehisui used a grass move, removing grassgem from possible items
INFO     Setting electrodehisui's last used move: gigadrain
INFO     electrodehisui used a damaging move - not guessing lifeorb anymore
INFO     electrodehisui did 8.0% damage to dragonite with gigadrain
INFO     Setting electrodehisui's item to: leftovers
INFO     dragonite has less than maxhp during upkeep, no longer guessing leftovers or blacksludge
INFO     
INFO     Turn: 24
INFO     Sampling battle 0
INFO     	      dragonite   multiscale heavydutyboots [dragondance, earthquake, ironhead, outrage] ttype=steel
INFO     	      piloswine     thickfat     eviolite [earthquake, iceshard, iciclecrash, stealthrock] ttype=poison
INFO     Sampling battle 1
INFO     	      dragonite   multiscale heavydutyboots [dragondance, earthquake, ironhead, outrage] ttype=steel
INFO     	      piloswine     thickfat     eviolite [earthquake, iceshard, iciclecrash, stealthrock] ttype=dragon
INFO     Sampling battle 2
INFO     	      dragonite   multiscale heavydutyboots [dragondance, earthquake, ironhead, outrage] ttype=steel
INFO     	      piloswine     thickfat     eviolite [earthquake, iceshard, iciclecrash, stealthrock] ttype=poison
INFO     Sampling battle 3
INFO     	      dragonite   multiscale heavydutyboots [dragondance, earthquake, outrage, terablast] ttype=flying
INFO     	      piloswine     thickfat     eviolite [earthquake, iceshard, iciclecrash, stealthrock] ttype=dragon
INFO     Searching for a move using MCTS...
INFO     Sampling 4 battles at 500ms each
INFO     Policy 0: thunderbolt visited 99.87% avg_score=0.991 sample_chance_multiplier=0.25
INFO     Policy 1: thunderbolt visited 99.87% avg_score=0.991 sample_chance_multiplier=0.25
INFO     Policy 2: thunderbolt visited 99.86% avg_score=0.991 sample_chance_multiplier=0.25
INFO     Policy 3: thunderbolt visited 99.88% avg_score=0.991 sample_chance_multiplier=0.25
INFO     Considered Choices:
INFO     	99.867%: thunderbolt
INFO     Choice: thunderbolt
INFO     Opponent has switched - clearing the last used move
INFO     electrodehisui already has the move thunderbolt. Decrementing the PP by 1
INFO     electrodehisui used a electric move, removing electricgem from possible items
INFO     Setting electrodehisui's last used move: thunderbolt
INFO     electrodehisui used a damaging move - not guessing lifeorb anymore
INFO     Setting electrodehisui's item to: leftovers
INFO     piloswine has less than maxhp during upkeep, no longer guessing leftovers or blacksludge
INFO     
INFO     Turn: 25
INFO     Sampling battle 0
INFO     	      piloswine     thickfat     eviolite [earthquake, iceshard, iciclecrash, stealthrock] ttype=poison
INFO     	      dragonite   multiscale heavydutyboots [dragondance, earthquake, outrage, roost] ttype=ground
INFO     Sampling battle 1
INFO     	      piloswine     thickfat     eviolite [earthquake, iceshard, iciclecrash, stealthrock] ttype=poison
INFO     	      dragonite   multiscale heavydutyboots [dragondance, earthquake, outrage, roost] ttype=steel
INFO     Sampling battle 2
INFO     	      piloswine     thickfat     eviolite [earthquake, iceshard, iciclecrash, stealthrock] ttype=dragon
INFO     	      dragonite   multiscale heavydutyboots [dragondance, earthquake, outrage, terablast] ttype=flying
INFO     Sampling battle 3
INFO     	      piloswine     thickfat     eviolite [earthquake, iceshard, iciclecrash, stealthrock] ttype=poison
INFO     	      dragonite   multiscale heavydutyboots [dragondance, earthquake, ironhead, outrage] ttype=steel
INFO     Searching for a move using MCTS...
INFO     Sampling 4 battles at 500ms each
INFO     Policy 0: gigadrain visited 99.93% avg_score=0.994 sample_chance_multiplier=0.25
INFO     Policy 1: gigadrain visited 99.93% avg_score=0.994 sample_chance_multiplier=0.25
INFO     Policy 2: gigadrain visited 99.93% avg_score=0.993 sample_chance_multiplier=0.25
INFO     Policy 3: gigadrain visited 99.93% avg_score=0.992 sample_chance_multiplier=0.25
INFO     Considered Choices:
INFO     	99.932%: gigadrain
INFO     Choice: gigadrain
INFO     Opponent has switched - clearing the last used move
INFO     electrodehisui already has the move gigadrain. Decrementing the PP by 1
INFO     electrodehisui used a grass move, removing grassgem from possible items
INFO     Setting electrodehisui's last used move: gigadrain
INFO     electrodehisui used a damaging move - not guessing lifeorb anymore
INFO     electrodehisui did 7.000000000000001% damage to dragonite with gigadrain
INFO     Setting electrodehisui's item to: leftovers
INFO     dragonite has less than maxhp during upkeep, no longer guessing leftovers or blacksludge
INFO     
INFO     Turn: 26
INFO     Sampling battle 0
INFO     	      dragonite   multiscale heavydutyboots [dragondance, earthquake, outrage, terablast] ttype=flying
INFO     	      piloswine     thickfat     eviolite [earthquake, iceshard, iciclecrash, stealthrock] ttype=poison
INFO     Sampling battle 1
INFO     	      dragonite   multiscale heavydutyboots [dragondance, earthquake, outrage, roost] ttype=ground
INFO     	      piloswine     thickfat     eviolite [earthquake, iceshard, iciclecrash, stealthrock] ttype=poison
INFO     Sampling battle 2
INFO     	      dragonite   multiscale heavydutyboots [dragondance, earthquake, outrage, terablast] ttype=flying
INFO     	      piloswine     thickfat     eviolite [earthquake, iceshard, iciclecrash, stealthrock] ttype=poison
INFO     Sampling battle 3
INFO     	      dragonite   multiscale heavydutyboots [dragondance, earthquake, ironhead, outrage] ttype=steel
INFO     	      piloswine     thickfat     eviolite [earthquake, iceshard, iciclecrash, stealthrock] ttype=poison
INFO     Searching for a move using MCTS...
INFO     Sampling 4 battles at 500ms each
INFO     Policy 0: gigadrain visited 99.95% avg_score=0.997 sample_chance_multiplier=0.25
INFO     Policy 1: gigadrain visited 99.95% avg_score=0.998 sample_chance_multiplier=0.25
INFO     Policy 2: gigadrain visited 99.95% avg_score=0.997 sample_chance_multiplier=0.25
INFO     Policy 3: gigadrain visited 99.95% avg_score=0.997 sample_chance_multiplier=0.25
INFO     Considered Choices:
INFO     	99.95%: gigadrain
INFO     Choice: gigadrain
INFO     Opponent has switched - clearing the last used move
INFO     electrodehisui already has the move gigadrain. Decrementing the PP by 1
INFO     electrodehisui used a grass move, removing grassgem from possible items
INFO     Setting electrodehisui's last used move: gigadrain
INFO     electrodehisui used a damaging move - not guessing lifeorb anymore
INFO     electrodehisui did 18.0% damage to piloswine with gigadrain
INFO     piloswine has less than maxhp during upkeep, no longer guessing leftovers or blacksludge
INFO     Opponent has switched - clearing the last used move
INFO     
INFO     Turn: 27
INFO     Sampling battle 0
INFO     	      dragonite   multiscale heavydutyboots [dragondance, earthquake, outrage, terablast] ttype=flying
INFO     Sampling battle 1
INFO     	      dragonite   multiscale heavydutyboots [dragondance, earthquake, outrage, terablast] ttype=flying
INFO     Sampling battle 2
INFO     	      dragonite   multiscale heavydutyboots [dragondance, earthquake, outrage, terablast] ttype=flying
INFO     Sampling battle 3
INFO     	      dragonite   multiscale heavydutyboots [dragondance, earthquake, ironhead, outrage] ttype=steel
INFO     Searching for a move using MCTS...
INFO     Sampling 4 battles at 500ms each
INFO     Policy 0: gigadrain visited 40.03% avg_score=1.0 sample_chance_multiplier=0.25
INFO     Policy 1: gigadrain visited 39.11% avg_score=1.0 sample_chance_multiplier=0.25
INFO     Policy 2: gigadrain visited 39.68% avg_score=1.0 sample_chance_multiplier=0.25
INFO     Policy 3: gigadrain visited 38.12% avg_score=1.0 sample_chance_multiplier=0.25
INFO     Considered Choices:
INFO     	39.237%: gigadrain
INFO     	39.237%: thunderbolt
INFO     Choice: thunderbolt
INFO     Winner: Vanilla5
INFO     Won with team: None
INFO     W: 1	L: 0
INFO     Searching for ranked gen9randombattle match
INFO     Initialized battle-gen9randombattle-60 against: Neural5
INFO     Opponent has switched - clearing the last used move
INFO     haxorus switched in, adding intimidate to impossible abilities
INFO     haxorus switched in, adding pressure to impossible abilities
INFO     haxorus switched in, adding neutralizinggas to impossible abilities
INFO     haxorus switched in, adding sandstream to impossible abilities
INFO     haxorus switched in, adding drought to impossible abilities
INFO     haxorus switched in, adding drizzle to impossible abilities
INFO     haxorus switched in, adding snowwarning to impossible abilities
INFO     haxorus switched in, adding boosterenergy to impossible items
INFO     haxorus switched in, adding airballoon to impossible items
INFO     Setting haxorus's ability to moldbreaker
INFO     
INFO     Turn: 1
INFO     Sampling battle 0
INFO     	        haxorus  moldbreaker   loadeddice [earthquake, ironhead, scaleshot, swordsdance] ttype=steel
INFO     Sampling 5 unrevealed pokemon
INFO     	      mightyena   intimidate   choiceband [crunch, playrough, poisonfang, suckerpunch] ttype=fairy
INFO     	     talonflame    flamebody heavydutyboots [bravebird, overheat, roost, uturn] ttype=ground
INFO     	       solgaleo fullmetalbody  rockyhelmet [closecombat, morningsun, psychicfangs, sunsteelstrike] ttype=water
INFO     	         latios     levitate      souldew [aurasphere, calmmind, dracometeor, lusterpurge] ttype=psychic
INFO     	        persian       limber   choiceband [doubleedge, knockoff, switcheroo, uturn] ttype=ghost
INFO     Sampling battle 1
INFO     	        haxorus  moldbreaker   loadeddice [earthquake, ironhead, scaleshot, swordsdance] ttype=steel
INFO     Sampling 5 unrevealed pokemon
INFO     	         komala     comatose  choicescarf [doubleedge, knockoff, superpower, uturn] ttype=fighting
INFO     	 lilliganthisui       hustle     widelens [closecombat, leafblade, sleeppowder, victorydance] ttype=fighting
INFO     	        noctowl   tintedlens heavydutyboots [hurricane, hypervoice, nastyplot, roost] ttype=steel
INFO     	     incineroar   intimidate heavydutyboots [flareblitz, knockoff, swordsdance, trailblaze] ttype=grass
INFO     	      araquanid  waterbubble  assaultvest [hydropump, leechlife, liquidation, mirrorcoat] ttype=steel
INFO     Sampling battle 2
INFO     	        haxorus  moldbreaker   loadeddice [closecombat, ironhead, scaleshot, swordsdance] ttype=steel
INFO     Sampling 5 unrevealed pokemon
INFO     	    kyuremblack     teravolt   loadeddice [dragondance, fusionbolt, iciclespear, scaleshot] ttype=electric
INFO     	       solgaleo fullmetalbody  rockyhelmet [closecombat, earthquake, morningsun, sunsteelstrike] ttype=water
INFO     	        sylveon     pixilate    leftovers [calmmind, hypervoice, protect, wish] ttype=steel
INFO     	     wigglytuff  competitive    leftovers [dazzlinggleam, fireblast, protect, wish] ttype=steel
INFO     	        urshifu   unseenfist      lifeorb [closecombat, poisonjab, swordsdance, wickedblow] ttype=dark
INFO     Sampling battle 3
INFO     	        haxorus  moldbreaker     lumberry [dragondance, earthquake, ironhead, outrage] ttype=steel
INFO     Sampling 5 unrevealed pokemon
INFO     	      eternatus     pressure    leftovers [dynamaxcannon, flamethrower, recover, toxic] ttype=water
INFO     	     wigglytuff  competitive    leftovers [alluringvoice, protect, thunderwave, wish] ttype=steel
INFO     	 sandslashalola    slushrush   choiceband [earthquake, ironhead, knockoff, tripleaxel] ttype=water
INFO     	        spidops     stakeout heavydutyboots [circlethrow, knockoff, spikes, toxicspikes] ttype=ghost
INFO     	        flareon         guts     toxicorb [facade, flareblitz, quickattack, trailblaze] ttype=normal
INFO     Sampling battle 4
INFO     	        haxorus  moldbreaker   loadeddice [closecombat, ironhead, scaleshot, swordsdance] ttype=steel
INFO     Sampling 5 unrevealed pokemon
INFO     	      meowsticf  competitive      lifeorb [alluringvoice, nastyplot, psyshock, thunderbolt] ttype=fairy
INFO     	   palkiaorigin     pressure lustrousglobe [dracometeor, fireblast, hydropump, thunderwave] ttype=fire
INFO     	       jumpluff  infiltrator              [acrobatics, leechseed, strengthsap, substitute] ttype=steel
INFO     	    arceuswater    multitype  splashplate [calmmind, judgment, recover, willowisp] ttype=steel
INFO     	         scizor   technician   choiceband [bulletpunch, closecombat, knockoff, uturn] ttype=dragon
INFO     Sampling battle 5
INFO     	        haxorus  moldbreaker   loadeddice [closecombat, ironhead, scaleshot, swordsdance] ttype=steel
INFO     Sampling 5 unrevealed pokemon
INFO     	      tatsugiri   stormdrain heavydutyboots [dracometeor, hydropump, nastyplot, rapidspin] ttype=water
INFO     	         eiscue      iceface  sitrusberry [bellydrum, icespinner, liquidation, terablast] ttype=ground
INFO     	     galvantula compoundeyes  choicespecs [bugbuzz, gigadrain, thunder, voltswitch] ttype=electric
INFO     	        scyther   technician heavydutyboots [bugbite, closecombat, dualwingbeat, swordsdance] ttype=fighting
INFO     	         kyogre      drizzle    leftovers [calmmind, icebeam, originpulse, thunder] ttype=electric
INFO     Sampling battle 6
INFO     	        haxorus  moldbreaker     lumberry [dragondance, earthquake, ironhead, outrage] ttype=steel
INFO     Sampling 5 unrevealed pokemon
INFO     	      bellibolt electromorphosis    leftovers [muddywater, slackoff, thunderbolt, voltswitch] ttype=water
INFO     	        urshifu   unseenfist   choiceband [closecombat, poisonjab, uturn, wickedblow] ttype=poison
INFO     	        gurdurr         guts     eviolite [bulkup, drainpunch, knockoff, machpunch] ttype=steel
INFO     	       lumineon   stormdrain      lifeorb [alluringvoice, encore, hydropump, icebeam] ttype=fairy
INFO     	     copperajah   heavymetal   choiceband [earthquake, heavyslam, knockoff, superpower] ttype=steel
INFO     Sampling battle 7
INFO     	        haxorus  moldbreaker     lumberry [closecombat, dragondance, ironhead, outrage] ttype=steel
INFO     Sampling 5 unrevealed pokemon
INFO     	      rampardos   sheerforce  choicescarf [earthquake, firepunch, headsmash, rockslide] ttype=ground
INFO     	       meloetta  serenegrace      lifeorb [calmmind, focusblast, hypervoice, psyshock] ttype=normal
INFO     	     feraligatr   sheerforce      lifeorb [crunch, dragondance, icepunch, liquidation] ttype=water
INFO     	          chiyu  beadsofruin  choicescarf [darkpulse, flamethrower, overheat, psychic] ttype=fire
INFO     	       dusknoir        frisk   choiceband [leechlife, poltergeist, shadowsneak, trick] ttype=ghost
INFO     Searching for a move using MCTS...
INFO     Sampling 8 battles at 250ms each
INFO     Policy 0: switch dewgong visited 52.77% avg_score=0.485 sample_chance_multiplier=0.125
INFO     Policy 1: switch dewgong visited 63.36% avg_score=0.505 sample_chance_multiplier=0.125
INFO     Policy 2: switch masquerain visited 79.11% avg_score=0.481 sample_chance_multiplier=0.125
INFO     Policy 3: switch dewgong visited 83.36% avg_score=0.522 sample_chance_multiplier=0.125
INFO     Policy 4: switch masquerain visited 48.49% avg_score=0.425 sample_chance_multiplier=0.125
INFO     Policy 5: shadowball visited 32.48% avg_score=0.379 sample_chance_multiplier=0.125
INFO     Policy 6: switch arceusfighting visited 47.05% avg_score=0.512 sample_chance_multiplier=0.125
INFO     Policy 7: shadowball visited 49.56% avg_score=0.514 sample_chance_multiplier=0.125
INFO     Considered Choices:
INFO     	33.887%: switch masquerain
INFO     	27.073%: switch dewgong
INFO     Choice: switch masquerain
INFO     masquerain switched in, adding intimidate to impossible abilities
INFO     masquerain switched in, adding pressure to impossible abilities
INFO     masquerain switched in, adding neutralizinggas to impossible abilities
INFO     masquerain switched in, adding sandstream to impossible abilities
INFO     masquerain switched in, adding drought to impossible abilities
INFO     masquerain switched in, adding drizzle to impossible abilities
INFO     masquerain switched in, adding snowwarning to impossible abilities
INFO     masquerain switched in, adding boosterenergy to impossible items
INFO     masquerain switched in, adding airballoon to impossible items
INFO     Setting masquerain's ability to intimidate
INFO     haxorus's attack was unboosted by 1 to -1
INFO     haxorus used a ground move, removing groundgem from possible items
INFO     Setting haxorus's last used move: earthquake
INFO     haxorus used a damaging move - not guessing lifeorb anymore
INFO     
INFO     Turn: 2
INFO     Sampling battle 0
INFO     	        haxorus  moldbreaker   loadeddice [earthquake, ironhead, scaleshot, swordsdance] ttype=steel
INFO     Sampling 5 unrevealed pokemon
INFO     	thundurustherian   voltabsorb  choicespecs [focusblast, psychic, sludgewave, thunderbolt] ttype=psychic
INFO     	      bastiodon   soundproof  chestoberry [bodypress, foulplay, irondefense, rest] ttype=fighting
INFO     	        manaphy    hydration    leftovers [energyball, hydropump, icebeam, tailglow] ttype=grass
INFO     	        blissey  naturalcure    leftovers [seismictoss, softboiled, stealthrock, thunderwave] ttype=fairy
INFO     	         goodra    sapsipper  assaultvest [dracometeor, earthquake, fireblast, sludgebomb] ttype=ground
INFO     Sampling battle 1
INFO     	        haxorus  moldbreaker   loadeddice [earthquake, ironhead, scaleshot, swordsdance] ttype=steel
INFO     Sampling 5 unrevealed pokemon
INFO     	        manaphy    hydration    leftovers [energyball, hydropump, icebeam, tailglow] ttype=water
INFO     	     tentacruel   liquidooze    leftovers [flipturn, sludgebomb, surf, toxicspikes] ttype=grass
INFO     	         rabsca  synchronize heavydutyboots [bugbuzz, psychic, revivalblessing, trickroom] ttype=steel
INFO     	          rotom     levitate      lifeorb [nastyplot, shadowball, thunderbolt, willowisp] ttype=ghost
INFO     	      regidrago   dragonsmaw      lifeorb [dragonclaw, dragondance, earthquake, terablast] ttype=steel
INFO     Sampling battle 2
INFO     	        haxorus  moldbreaker     lumberry [dragondance, earthquake, ironhead, outrage] ttype=steel
INFO     Sampling 5 unrevealed pokemon
INFO     	         pawmot   voltabsorb   leppaberry [closecombat, doubleshock, nuzzle, revivalblessing] ttype=electric
INFO     	    arceusgrass    multitype  meadowplate [calmmind, earthpower, icebeam, judgment] ttype=ground
INFO     	        torkoal      drought heavydutyboots [lavaplume, rapidspin, solarbeam, yawn] ttype=dragon
INFO     	        scrafty   intimidate      lifeorb [closecombat, dragondance, knockoff, poisonjab] ttype=poison
INFO     	        dewgong     thickfat heavydutyboots [encore, icebeam, knockoff, surf] ttype=dragon
INFO     Sampling battle 3
INFO     	        haxorus  moldbreaker   loadeddice [earthquake, ironhead, scaleshot, swordsdance] ttype=steel
INFO     Sampling 5 unrevealed pokemon
INFO     	         swanna    hydration heavydutyboots [bravebird, hydropump, knockoff, roost] ttype=ground
INFO     	       whiscash    oblivious    leftovers [earthquake, icebeam, spikes, stealthrock] ttype=steel
INFO     	        dedenne   cheekpouch  sitrusberry [dazzlinggleam, nuzzle, thunderbolt, uturn] ttype=flying
INFO     	     victreebel  chlorophyll      lifeorb [powerwhip, sludgewave, strengthsap, suckerpunch] ttype=steel
INFO     	       ribombee   shielddust heavydutyboots [bugbuzz, moonblast, stickyweb, stunspore] ttype=ghost
INFO     Searching for a move using MCTS...
INFO     Sampling 4 battles at 500ms each
INFO     Policy 0: stickyweb visited 70.0% avg_score=0.525 sample_chance_multiplier=0.25
INFO     Policy 1: stickyweb visited 35.59% avg_score=0.528 sample_chance_multiplier=0.25
INFO     Policy 2: stickyweb visited 95.34% avg_score=0.631 sample_chance_multiplier=0.25
INFO     Policy 3: stickyweb visited 31.85% avg_score=0.54 sample_chance_multiplier=0.25
INFO     Considered Choices:
INFO     	58.196%: stickyweb
INFO     Choice: stickyweb
INFO     Updated haxorus's min speed to 189
INFO     haxorus used two different moves - it cannot have a choice item
INFO     haxorus used a dragon move, removing dragongem from possible items
INFO     Setting haxorus's last used move: scaleshot
INFO     haxorus used a damaging move - not guessing lifeorb anymore
INFO     haxorus did 10.23% damage to masquerain with scaleshot
INFO     haxorus's defense was unboosted by 1 to -1
INFO     haxorus's speed was boosted by 1 to 1
INFO     masquerain already has the move stickyweb. Decrementing the PP by 1
INFO     masquerain used a status-move. Adding `assaultvest` to impossible items
INFO     Setting masquerain's last used move: stickyweb
INFO     Incremented side condition stickyweb to 1 for haxorus
INFO     
INFO     Turn: 3
INFO     Sampling battle 0
INFO     	        haxorus  moldbreaker   loadeddice [earthquake, ironhead, scaleshot, swordsdance] ttype=steel
INFO     Sampling 5 unrevealed pokemon
INFO     	     electivire   motordrive   choiceband [earthquake, icepunch, knockoff, supercellslam] ttype=dark
INFO     	       solgaleo fullmetalbody  rockyhelmet [closecombat, morningsun, psychicfangs, sunsteelstrike] ttype=water
INFO     	         latios     levitate      souldew [aurasphere, calmmind, dracometeor, lusterpurge] ttype=steel
INFO     	   zoroarkhisui     illusion  choicespecs [bittermalice, flamethrower, hypervoice, uturn] ttype=normal
INFO     	      zamazenta dauntlessshield   choiceband [closecombat, crunch, ironhead, stoneedge] ttype=steel
INFO     Sampling battle 1
INFO     	        haxorus  moldbreaker   loadeddice [earthquake, ironhead, scaleshot, swordsdance] ttype=steel
INFO     Sampling 5 unrevealed pokemon
INFO     	     kricketune   technician    focussash [knockoff, pounce, stickyweb, taunt] ttype=ghost
INFO     	      cryogonal     levitate heavydutyboots [flashcannon, freezedry, haze, recover] ttype=poison
INFO     	    ironboulder   quarkdrive boosterenergy [closecombat, mightycleave, swordsdance, zenheadbutt] ttype=fighting
INFO     	       miraidon hadronengine  choicespecs [dracometeor, electrodrift, overheat, voltswitch] ttype=electric
INFO     	  zaciancrowned intrepidsword  rustedsword [behemothblade, closecombat, playrough, swordsdance] ttype=fighting
INFO     Sampling battle 2
INFO     	        haxorus  moldbreaker   loadeddice [earthquake, ironhead, scaleshot, swordsdance] ttype=steel
INFO     Sampling 5 unrevealed pokemon
INFO     	       cloyster    skilllink    whiteherb [hydropump, iciclespear, rockblast, shellsmash] ttype=rock
INFO     	 arceusfighting    multitype    fistplate [bodypress, cosmicpower, recover, storedpower] ttype=steel
INFO     	      vespiquen     pressure heavydutyboots [airslash, roost, spikes, uturn] ttype=steel
INFO     	      araquanid  waterbubble heavydutyboots [hydropump, leechlife, liquidation, stickyweb] ttype=water
INFO     	    sandyshocks protosynthesis heavydutyboots [earthpower, thunderbolt, thunderwave, voltswitch] ttype=ground
INFO     Sampling battle 3
INFO     	        haxorus  moldbreaker   loadeddice [earthquake, ironhead, scaleshot, swordsdance] ttype=steel
INFO     Sampling 5 unrevealed pokemon
INFO     	       magcargo    weakarmor heavydutyboots [earthpower, fireblast, powergem, shellsmash] ttype=grass
INFO     	       giratina     pressure    leftovers [rest, shadowball, sleeptalk, willowisp] ttype=fairy
INFO     	       vikavolt     levitate heavydutyboots [bugbuzz, discharge, stickyweb, voltswitch] ttype=electric
INFO     	   arceusground    multitype   earthplate [calmmind, icebeam, judgment, recover] ttype=dragon
INFO     	        torkoal      drought heavydutyboots [fireblast, solarbeam, stealthrock, yawn] ttype=grass
INFO     Searching for a move using MCTS...
INFO     Sampling 4 battles at 500ms each
INFO     Policy 0: switch dewgong visited 39.07% avg_score=0.506 sample_chance_multiplier=0.25
INFO     Policy 1: switch dewgong visited 57.24% avg_score=0.533 sample_chance_multiplier=0.25
INFO     Policy 2: switch dewgong visited 35.96% avg_score=0.472 sample_chance_multiplier=0.25
INFO     Policy 3: switch dewgong visited 53.08% avg_score=0.509 sample_chance_multiplier=0.25
INFO     Considered Choices:
INFO     	46.335%: switch dewgong
INFO     Choice: switch dewgong
INFO     dewgong switched in, adding intimidate to impossible abilities
INFO     dewgong switched in, adding pressure to impossible abilities
INFO     dewgong switched in, adding neutralizinggas to impossible abilities
INFO     dewgong switched in, adding sandstream to impossible abilities
INFO     dewgong switched in, adding drought to impossible abilities
INFO     dewgong switched in, adding drizzle to impossible abilities
INFO     dewgong switched in, adding snowwarning to impossible abilities
INFO     dewgong switched in, adding boosterenergy to impossible items
INFO     dewgong switched in, adding airballoon to impossible items
INFO     haxorus used two different moves - it cannot have a choice item
INFO     haxorus used a steel move, removing steelgem from possible items
INFO     Setting haxorus's last used move: ironhead
INFO     haxorus used a damaging move - not guessing lifeorb anymore
INFO     haxorus did 13.04% damage to dewgong with ironhead
INFO     
INFO     Turn: 4
INFO     Sampling battle 0
INFO     	        haxorus  moldbreaker   loadeddice [earthquake, ironhead, scaleshot, swordsdance] ttype=steel
INFO     Sampling 5 unrevealed pokemon
INFO     	   slowbrogalar  regenerator  assaultvest [fireblast, psychic, shellsidearm, surf] ttype=water
INFO     	     chandelure    flamebody heavydutyboots [calmmind, fireblast, shadowball, willowisp] ttype=fire
INFO     	       magearna    soulheart  choicescarf [aurasphere, flashcannon, fleurcannon, voltswitch] ttype=fairy
INFO     	 arceusfighting    multitype    fistplate [bodypress, irondefense, recover, shadowball] ttype=steel
INFO     	      meowsticf  competitive      lifeorb [alluringvoice, darkpulse, nastyplot, psyshock] ttype=fairy
INFO     Sampling battle 1
INFO     	        haxorus  moldbreaker   loadeddice [earthquake, ironhead, scaleshot, swordsdance] ttype=steel
INFO     Sampling 5 unrevealed pokemon
INFO     	   hoopaunbound     magician   choiceband [drainpunch, hyperspacefury, trick, zenheadbutt] ttype=dark
INFO     	      magmortar    flamebody heavydutyboots [earthquake, fireblast, thunderbolt, willowisp] ttype=electric
INFO     	       whiscash    oblivious    leftovers [earthquake, hydropump, icebeam, spikes] ttype=ghost
INFO     	       espathra   speedboost  choicespecs [dazzlinggleam, luminacrash, shadowball, uturn] ttype=psychic
INFO     	       regirock    clearbody  chestoberry [bodypress, curse, rest, stoneedge] ttype=fighting
INFO     Sampling battle 2
INFO     	        haxorus  moldbreaker   loadeddice [earthquake, ironhead, scaleshot, swordsdance] ttype=steel
INFO     Sampling 5 unrevealed pokemon
INFO     	     calyrexice asone(glastrier) heavydutyboots [closecombat, glaciallance, highhorsepower, trickroom] ttype=fighting
INFO     	         kyurem     pressure heavydutyboots [dracometeor, earthpower, freezedry, outrage] ttype=ground
INFO     	       ludicolo    swiftswim      lifeorb [gigadrain, hydropump, icebeam, raindance] ttype=steel
INFO     	    dudunsparce      rattled    leftovers [boomburst, calmmind, earthpower, roost] ttype=fairy
INFO     	       hariyama         guts     flameorb [closecombat, facade, headlongrush, knockoff] ttype=normal
INFO     Sampling battle 3
INFO     	        haxorus  moldbreaker   loadeddice [earthquake, ironhead, scaleshot, swordsdance] ttype=steel
INFO     Sampling 5 unrevealed pokemon
INFO     	    arceusfairy    multitype   pixieplate [calmmind, earthpower, judgment, recover] ttype=ground
INFO     	       ursaring    quickfeet     toxicorb [closecombat, facade, swordsdance, throatchop] ttype=normal
INFO     	         pawmot     ironfist      lifeorb [closecombat, doubleshock, icepunch, revivalblessing] ttype=electric
INFO     	     irontreads   quarkdrive  assaultvest [earthquake, ironhead, rapidspin, voltswitch] ttype=water
INFO     	    polteageist   cursedbody    whiteherb [shadowball, shellsmash, storedpower, terablast] ttype=fighting
INFO     Searching for a move using MCTS...
INFO     Sampling 4 battles at 500ms each
INFO     Policy 0: tripleaxel visited 76.65% avg_score=0.644 sample_chance_multiplier=0.25
INFO     Policy 1: tripleaxel visited 54.83% avg_score=0.631 sample_chance_multiplier=0.25
INFO     Policy 2: tripleaxel visited 62.26% avg_score=0.559 sample_chance_multiplier=0.25
INFO     Policy 3: tripleaxel visited 73.34% avg_score=0.654 sample_chance_multiplier=0.25
INFO     Considered Choices:
INFO     	66.77%: tripleaxel
INFO     Choice: tripleaxel
INFO     Opponent has switched - clearing the last used move
INFO     wyrdeer switched in, adding intimidate to impossible abilities
INFO     wyrdeer switched in, adding pressure to impossible abilities
INFO     wyrdeer switched in, adding neutralizinggas to impossible abilities
INFO     wyrdeer switched in, adding sandstream to impossible abilities
INFO     wyrdeer switched in, adding drought to impossible abilities
INFO     wyrdeer switched in, adding drizzle to impossible abilities
INFO     wyrdeer switched in, adding snowwarning to impossible abilities
INFO     wyrdeer switched in, adding boosterenergy to impossible items
INFO     wyrdeer switched in, adding airballoon to impossible items
INFO     wyrdeer's speed was unboosted by 1 to -1
INFO     Setting wyrdeer's ability to intimidate
INFO     dewgong's attack was unboosted by 1 to -1
INFO     dewgong already has the move tripleaxel. Decrementing the PP by 1
INFO     dewgong used a ice move, removing icegem from possible items
INFO     Setting dewgong's last used move: tripleaxel
INFO     dewgong used a damaging move - not guessing lifeorb anymore
INFO     dewgong did 4.0% damage to wyrdeer with tripleaxel
INFO     Setting wyrdeer's item to: leftovers
INFO     wyrdeer has less than maxhp during upkeep, no longer guessing leftovers or blacksludge
INFO     
INFO     Turn: 5
INFO     Sampling battle 0
INFO     	        wyrdeer   intimidate    leftovers [bodyslam, earthquake, psychicnoise, thunderwave] ttype=ground
INFO     	        haxorus  moldbreaker   loadeddice [earthquake, ironhead, scaleshot, swordsdance] ttype=steel
INFO     Sampling 4 unrevealed pokemon
INFO     	        diancie    clearbody    leftovers [bodypress, diamondstorm, moonblast, stealthrock] ttype=fighting
INFO     	        spidops     stakeout heavydutyboots [circlethrow, spikes, stickyweb, toxicspikes] ttype=ghost
INFO     	      vespiquen     pressure heavydutyboots [hurricane, roost, toxic, uturn] ttype=steel
INFO     	   greninjabond   battlebond      lifeorb [darkpulse, gunkshot, hydropump, icebeam] ttype=water
INFO     Sampling battle 1
INFO     	        wyrdeer   intimidate    leftovers [earthquake, megahorn, psychicnoise, thunderwave] ttype=ground
INFO     	        haxorus  moldbreaker   loadeddice [earthquake, ironhead, scaleshot, swordsdance] ttype=steel
INFO     Sampling 4 unrevealed pokemon
INFO     	      mandibuzz     overcoat heavydutyboots [bravebird, defog, foulplay, roost] ttype=steel
INFO     	        golduck    cloudnine  choicespecs [flipturn, grassknot, hydropump, icebeam] ttype=grass
INFO     	      vespiquen     pressure heavydutyboots [hurricane, roost, spikes, uturn] ttype=steel
INFO     	       venomoth   tintedlens heavydutyboots [bugbuzz, quiverdance, sleeppowder, sludgewave] ttype=water
INFO     Sampling battle 2
INFO     	        wyrdeer   intimidate    leftovers [bodyslam, earthquake, psychicnoise, thunderwave] ttype=ground
INFO     	        haxorus  moldbreaker   loadeddice [earthquake, ironhead, scaleshot, swordsdance] ttype=steel
INFO     Sampling 4 unrevealed pokemon
INFO     	ogerponhearthflame  moldbreaker hearthflamemask [ivycudgel, powerwhip, swordsdance, trailblaze] ttype=fire
INFO     	        ariados        swarm    focussash [knockoff, megahorn, poisonjab, stickyweb] ttype=ghost
INFO     	        milotic  competitive    leftovers [haze, icebeam, recover, scald] ttype=steel
INFO     	        wugtrio        gooey   choiceband [aquajet, liquidation, stompingtantrum, throatchop] ttype=water
INFO     Sampling battle 3
INFO     	        wyrdeer   intimidate    leftovers [earthquake, megahorn, psychicnoise, thunderwave] ttype=ground
INFO     	        haxorus  moldbreaker   loadeddice [earthquake, ironhead, scaleshot, swordsdance] ttype=steel
INFO     Sampling 4 unrevealed pokemon
INFO     	         luxray   intimidate  assaultvest [icefang, playrough, voltswitch, wildcharge] ttype=fairy
INFO     	       tinkaton  moldbreaker    leftovers [encore, gigatonhammer, playrough, thunderwave] ttype=water
INFO     	      regidrago   dragonsmaw     lumberry [dracometeor, dragondance, earthquake, outrage] ttype=dragon
INFO     	     victreebel  chlorophyll      lifeorb [powerwhip, sludgewave, strengthsap, suckerpunch] ttype=grass
INFO     Sampling battle 4
INFO     	        wyrdeer   intimidate    leftovers [bodyslam, earthquake, psychicnoise, thunderwave] ttype=ground
INFO     	        haxorus  moldbreaker   loadeddice [earthquake, ironhead, scaleshot, swordsdance] ttype=steel
INFO     Sampling 4 unrevealed pokemon
INFO     	 electrodehisui       static      lifeorb [gigadrain, taunt, thunderbolt, thunderwave] ttype=grass
INFO     	        dedenne   cheekpouch  sitrusberry [dazzlinggleam, nuzzle, superfang, thunderbolt] ttype=flying
INFO     	         comfey       triage    leftovers [calmmind, drainingkiss, gigadrain, terablast] ttype=ground
INFO     	      quaquaval        moxie      lifeorb [aquastep, closecombat, roost, swordsdance] ttype=fighting
INFO     Sampling battle 5
INFO     	        wyrdeer   intimidate    leftovers [bodyslam, earthquake, psychicnoise, thunderwave] ttype=ground
INFO     	        haxorus  moldbreaker   loadeddice [earthquake, ironhead, scaleshot, swordsdance] ttype=steel
INFO     Sampling 4 unrevealed pokemon
INFO     	     ironthorns   quarkdrive  choicescarf [earthquake, icepunch, stoneedge, wildcharge] ttype=water
INFO     	  calyrexshadow asone(spectrier)      lifeorb [astralbarrage, nastyplot, pollenpuff, psyshock] ttype=ghost
INFO     	      vileplume  effectspore    leftovers [gigadrain, leechseed, sludgebomb, strengthsap] ttype=steel
INFO     	    meowscarada      protean      lifeorb [flowertrick, knockoff, toxicspikes, tripleaxel] ttype=grass
INFO     Sampling battle 6
INFO     	        wyrdeer   intimidate    leftovers [earthquake, megahorn, psychicnoise, thunderwave] ttype=ground
INFO     	        haxorus  moldbreaker   loadeddice [earthquake, ironhead, scaleshot, swordsdance] ttype=steel
INFO     Sampling 4 unrevealed pokemon
INFO     	   dialgaorigin     pressure adamantcrystal [dracometeor, heavyslam, stealthrock, thunderwave] ttype=steel
INFO     	         pyroar      unnerve heavydutyboots [darkpulse, fireblast, hypervoice, willowisp] ttype=fire
INFO     	      quaquaval        moxie heavydutyboots [aquastep, closecombat, rapidspin, roost] ttype=fighting
INFO     	     conkeldurr         guts     flameorb [closecombat, facade, knockoff, machpunch] ttype=normal
INFO     Sampling battle 7
INFO     	        wyrdeer   intimidate    leftovers [bodyslam, earthquake, psychicnoise, thunderwave] ttype=ground
INFO     	        haxorus  moldbreaker   loadeddice [earthquake, ironhead, scaleshot, swordsdance] ttype=steel
INFO     Sampling 4 unrevealed pokemon
INFO     	      indeedeef psychicsurge      lifeorb [calmmind, hypervoice, psychic, shadowball] ttype=psychic
INFO     	       lumineon   stormdrain      lifeorb [alluringvoice, encore, hydropump, icebeam] ttype=water
INFO     	       houndoom    flashfire heavydutyboots [darkpulse, fireblast, sludgebomb, suckerpunch] ttype=poison
INFO     	      honchkrow        moxie heavydutyboots [bravebird, heatwave, suckerpunch, uturn] ttype=flying
INFO     Searching for a move using MCTS...
INFO     Sampling 8 battles at 250ms each
INFO     Policy 0: flipturn visited 34.0% avg_score=0.542 sample_chance_multiplier=0.125
INFO     Policy 1: tripleaxel visited 41.44% avg_score=0.527 sample_chance_multiplier=0.125
INFO     Policy 2: flipturn visited 41.69% avg_score=0.56 sample_chance_multiplier=0.125
INFO     Policy 3: surf visited 29.52% avg_score=0.562 sample_chance_multiplier=0.125
INFO     Policy 4: flipturn visited 40.78% avg_score=0.564 sample_chance_multiplier=0.125
INFO     Policy 5: flipturn visited 45.02% avg_score=0.572 sample_chance_multiplier=0.125
INFO     Policy 6: surf visited 33.38% avg_score=0.526 sample_chance_multiplier=0.125
INFO     Policy 7: flipturn visited 24.02% avg_score=0.531 sample_chance_multiplier=0.125
INFO     Considered Choices:
INFO     	29.768%: flipturn
INFO     	23.923%: surf
INFO     Choice: flipturn
INFO     dewgong already has the move flipturn. Decrementing the PP by 1
INFO     dewgong used a water move, removing watergem from possible items
INFO     Setting dewgong's last used move: flipturn
INFO     dewgong used a damaging move - not guessing lifeorb anymore
INFO     dewgong did 14.000000000000002% damage to wyrdeer with flipturn
INFO     Sampling battle 0
INFO     	        wyrdeer   intimidate    leftovers [earthquake, megahorn, psychicnoise, thunderwave] ttype=ground
INFO     	        haxorus  moldbreaker   loadeddice [earthquake, ironhead, scaleshot, swordsdance] ttype=steel
INFO     Sampling 4 unrevealed pokemon
INFO     	         minior  shieldsdown    whiteherb [acrobatics, earthquake, powergem, shellsmash] ttype=flying
INFO     	      mamoswine     thickfat      lifeorb [earthquake, iceshard, iciclecrash, stealthrock] ttype=ice
INFO     	         comfey       triage    leftovers [calmmind, drainingkiss, gigadrain, terablast] ttype=ground
INFO     	       oranguru   innerfocus      lifeorb [hypervoice, nastyplot, psyshock, thunderbolt] ttype=normal
INFO     Sampling battle 1
INFO     	        wyrdeer   intimidate    leftovers [bodyslam, earthquake, psychicnoise, thunderwave] ttype=ground
INFO     	        haxorus  moldbreaker   loadeddice [earthquake, ironhead, scaleshot, swordsdance] ttype=steel
INFO     Sampling 4 unrevealed pokemon
INFO     	       cinccino   technician   loadeddice [bulletseed, tailslap, tidyup, tripleaxel] ttype=normal
INFO     	       basculin adaptability   choiceband [aquajet, doubleedge, flipturn, wavecrash] ttype=water
INFO     	         lunala shadowshield    leftovers [calmmind, moonblast, moongeistbeam, moonlight] ttype=fairy
INFO     	      amoonguss  regenerator    leftovers [gigadrain, sludgebomb, spore, stompingtantrum] ttype=steel
INFO     Sampling battle 2
INFO     	        wyrdeer   intimidate    leftovers [earthquake, megahorn, psychicnoise, thunderwave] ttype=ground
INFO     	        haxorus  moldbreaker   loadeddice [earthquake, ironhead, scaleshot, swordsdance] ttype=steel
INFO     Sampling 4 unrevealed pokemon
INFO     	   lycanrocdusk   toughclaws      lifeorb [accelerock, closecombat, stoneedge, swordsdance] ttype=fighting
INFO     	       virizion    justified      lifeorb [closecombat, leafblade, stoneedge, swordsdance] ttype=rock
INFO     	    stonjourner    powerspot      lifeorb [earthquake, heatcrash, rockpolish, stoneedge] ttype=ground
INFO     	       ludicolo    swiftswim      lifeorb [gigadrain, hydropump, icebeam, raindance] ttype=water
INFO     Sampling battle 3
INFO     	        wyrdeer   intimidate    leftovers [earthquake, megahorn, psychicnoise, thunderwave] ttype=ground
INFO     	        haxorus  moldbreaker   loadeddice [earthquake, ironhead, scaleshot, swordsdance] ttype=steel
INFO     Sampling 4 unrevealed pokemon
INFO     	ogerponhearthflame  moldbreaker hearthflamemask [ivycudgel, powerwhip, stompingtantrum, swordsdance] ttype=fire
INFO     	      cresselia     levitate    leftovers [calmmind, moonlight, psyshock, thunderbolt] ttype=poison
INFO     	      mightyena   intimidate   choiceband [crunch, playrough, poisonfang, suckerpunch] ttype=poison
INFO     	        lanturn   voltabsorb heavydutyboots [scald, thunderbolt, thunderwave, voltswitch] ttype=flying
INFO     Sampling battle 4
INFO     	        wyrdeer   intimidate    leftovers [bodyslam, earthquake, psychicnoise, thunderwave] ttype=ground
INFO     	        haxorus  moldbreaker   loadeddice [earthquake, ironhead, scaleshot, swordsdance] ttype=steel
INFO     Sampling 4 unrevealed pokemon
INFO     	 sandslashalola    slushrush  choicescarf [earthquake, ironhead, knockoff, tripleaxel] ttype=water
INFO     	        diancie    clearbody    leftovers [calmmind, diamondstorm, drainingkiss, earthpower] ttype=fairy
INFO     	      alomomola  regenerator    leftovers [flipturn, protect, scald, wish] ttype=steel
INFO     	    roaringmoon protosynthesis     lumberry [dragondance, knockoff, outrage, roost] ttype=dark
INFO     Sampling battle 5
INFO     	        wyrdeer   intimidate    leftovers [bodyslam, earthquake, psychicnoise, thunderwave] ttype=ground
INFO     	        haxorus  moldbreaker   loadeddice [earthquake, ironhead, scaleshot, swordsdance] ttype=steel
INFO     Sampling 4 unrevealed pokemon
INFO     	      duraludon   lightmetal     eviolite [bodypress, dracometeor, flashcannon, stealthrock] ttype=fighting
INFO     	        malamar     contrary  chestoberry [knockoff, psychocut, rest, superpower] ttype=poison
INFO     	      cinderace       libero heavydutyboots [courtchange, highjumpkick, pyroball, suckerpunch] ttype=fighting
INFO     	     incineroar   intimidate heavydutyboots [closecombat, flareblitz, knockoff, partingshot] ttype=fighting
INFO     Sampling battle 6
INFO     	        wyrdeer   intimidate    leftovers [earthquake, megahorn, psychicnoise, thunderwave] ttype=ground
INFO     	        haxorus  moldbreaker   loadeddice [earthquake, ironhead, scaleshot, swordsdance] ttype=steel
INFO     Sampling 4 unrevealed pokemon
INFO     	necrozmaduskmane   prismarmor weaknesspolicy [dragondance, earthquake, morningsun, sunsteelstrike] ttype=steel
INFO     	      ninetales      drought heavydutyboots [fireblast, nastyplot, scorchingsands, solarbeam] ttype=fire
INFO     	     talonflame    flamebody heavydutyboots [bravebird, overheat, roost, willowisp] ttype=dragon
INFO     	taurospaldeacombat   intimidate      lifeorb [bulkup, closecombat, ironhead, stoneedge] ttype=fighting
INFO     Sampling battle 7
INFO     	        wyrdeer   intimidate    leftovers [earthquake, megahorn, psychicnoise, thunderwave] ttype=ground
INFO     	        haxorus  moldbreaker   loadeddice [earthquake, ironhead, scaleshot, swordsdance] ttype=steel
INFO     Sampling 4 unrevealed pokemon
INFO     	        shaymin  naturalcure    leftovers [airslash, earthpower, seedflare, synthesis] ttype=steel
INFO     	      rampardos   sheerforce      lifeorb [earthquake, firepunch, rockslide, zenheadbutt] ttype=rock
INFO     	     whimsicott    prankster    leftovers [encore, gigadrain, moonblast, stunspore] ttype=poison
INFO     	         espeon  magicbounce      lifeorb [alluringvoice, calmmind, psychic, shadowball] ttype=psychic
INFO     Searching for a move using MCTS...
INFO     Sampling 8 battles at 250ms each
INFO     Policy 0: switch vaporeon visited 62.65% avg_score=0.504 sample_chance_multiplier=0.125
INFO     Policy 1: switch masquerain visited 26.0% avg_score=0.381 sample_chance_multiplier=0.125
INFO     Policy 2: switch masquerain visited 64.34% avg_score=0.529 sample_chance_multiplier=0.125
INFO     Policy 3: switch vaporeon visited 44.77% avg_score=0.471 sample_chance_multiplier=0.125
INFO     Policy 4: switch vaporeon visited 40.73% avg_score=0.496 sample_chance_multiplier=0.125
INFO     Policy 5: switch vaporeon visited 43.69% avg_score=0.438 sample_chance_multiplier=0.125
INFO     Policy 6: switch vaporeon visited 72.49% avg_score=0.5 sample_chance_multiplier=0.125
INFO     Policy 7: switch masquerain visited 44.59% avg_score=0.514 sample_chance_multiplier=0.125
INFO     Considered Choices:
INFO     	43.252%: switch vaporeon
INFO     Choice: switch vaporeon
INFO     vaporeon switched in, adding intimidate to impossible abilities
INFO     vaporeon switched in, adding pressure to impossible abilities
INFO     vaporeon switched in, adding neutralizinggas to impossible abilities
INFO     vaporeon switched in, adding sandstream to impossible abilities
INFO     vaporeon switched in, adding drought to impossible abilities
INFO     vaporeon switched in, adding drizzle to impossible abilities
INFO     vaporeon switched in, adding snowwarning to impossible abilities
INFO     vaporeon switched in, adding boosterenergy to impossible items
INFO     vaporeon switched in, adding airballoon to impossible items
INFO     wyrdeer used a normal move, removing normalgem from possible items
INFO     Setting wyrdeer's last used move: bodyslam
INFO     wyrdeer used a damaging move - not guessing lifeorb anymore
INFO     wyrdeer did 36.54% damage to vaporeon with bodyslam
INFO     vaporeon got status: par
INFO     No longer guessing lumberry because vaporeon got status par
INFO     Setting wyrdeer's item to: leftovers
INFO     Setting vaporeon's item to: leftovers
INFO     wyrdeer has less than maxhp during upkeep, no longer guessing leftovers or blacksludge
INFO     
INFO     Turn: 6
INFO     Sampling battle 0
INFO     	        wyrdeer   intimidate    leftovers [bodyslam, earthquake, psychicnoise, thunderwave] ttype=ground
INFO     	        haxorus  moldbreaker   loadeddice [earthquake, ironhead, scaleshot, swordsdance] ttype=steel
INFO     Sampling 4 unrevealed pokemon
INFO     	       meganium     overgrow    leftovers [dragontail, energyball, knockoff, synthesis] ttype=poison
INFO     	      honchkrow        moxie heavydutyboots [bravebird, heatwave, suckerpunch, uturn] ttype=dark
INFO     	       chimecho     levitate    leftovers [healbell, knockoff, psychicnoise, recover] ttype=electric
INFO     	       dusknoir        frisk    leftovers [earthquake, painsplit, poltergeist, shadowsneak] ttype=dark
INFO     Sampling battle 1
INFO     	        wyrdeer   intimidate    leftovers [bodyslam, earthquake, psychicnoise, thunderwave] ttype=ground
INFO     	        haxorus  moldbreaker   loadeddice [earthquake, ironhead, scaleshot, swordsdance] ttype=steel
INFO     Sampling 4 unrevealed pokemon
INFO     	     whimsicott    prankster    leftovers [encore, gigadrain, moonblast, stunspore] ttype=steel
INFO     	tornadustherian  regenerator  choicespecs [bleakwindstorm, focusblast, heatwave, uturn] ttype=fighting
INFO     	     houndstone       fluffy    leftovers [bodypress, poltergeist, shadowsneak, willowisp] ttype=fighting
INFO     	       basculin adaptability   choiceband [aquajet, doubleedge, flipturn, wavecrash] ttype=water
INFO     Sampling battle 2
INFO     	        wyrdeer   intimidate    leftovers [bodyslam, earthquake, psychicnoise, thunderwave] ttype=ground
INFO     	        haxorus  moldbreaker   loadeddice [earthquake, ironhead, scaleshot, swordsdance] ttype=steel
INFO     Sampling 4 unrevealed pokemon
INFO     	         regice    clearbody heavydutyboots [icebeam, rest, sleeptalk, thunderbolt] ttype=electric
INFO     	         gengar   cursedbody      lifeorb [encore, shadowball, sludgewave, toxicspikes] ttype=ghost
INFO     	    arceusghost    multitype  spookyplate [focusblast, judgment, recover, willowisp] ttype=normal
INFO     	      rotomheat     levitate heavydutyboots [overheat, painsplit, thunderbolt, voltswitch] ttype=electric
INFO     Sampling battle 3
INFO     	        wyrdeer   intimidate    leftovers [bodyslam, earthquake, psychicnoise, thunderwave] ttype=ground
INFO     	        haxorus  moldbreaker   loadeddice [earthquake, ironhead, scaleshot, swordsdance] ttype=steel
INFO     Sampling 4 unrevealed pokemon
INFO     	      zamazenta dauntlessshield   choiceband [closecombat, crunch, ironhead, psychicfangs] ttype=steel
INFO     	    corviknight  mirrorarmor    leftovers [bodypress, bravebird, defog, roost] ttype=dragon
INFO     	 arceuselectric    multitype     zapplate [calmmind, icebeam, judgment, recover] ttype=ice
INFO     	        gallade    sharpness   choiceband [leafblade, nightslash, psychocut, sacredsword] ttype=grass
INFO     Searching for a move using MCTS...
INFO     Sampling 4 battles at 500ms each
INFO     Policy 0: scald visited 49.47% avg_score=0.476 sample_chance_multiplier=0.25
INFO     Policy 1: scald visited 51.2% avg_score=0.489 sample_chance_multiplier=0.25
INFO     Policy 2: scald visited 51.33% avg_score=0.481 sample_chance_multiplier=0.25
INFO     Policy 3: scald visited 45.63% avg_score=0.452 sample_chance_multiplier=0.25
INFO     Considered Choices:
INFO     	49.408%: scald
INFO     Choice: scald
INFO     wyrdeer already has the move bodyslam. Decrementing the PP by 1
INFO     wyrdeer used a normal move, removing normalgem from possible items
INFO     Setting wyrdeer's last used move: bodyslam
INFO     wyrdeer used a damaging move - not guessing lifeorb anymore
INFO     wyrdeer did 35.709999999999994% damage to vaporeon with bodyslam
INFO     Setting wyrdeer's item to: leftovers
INFO     Setting vaporeon's item to: leftovers
INFO     wyrdeer has less than maxhp during upkeep, no longer guessing leftovers or blacksludge
INFO     
INFO     Turn: 7
INFO     Sampling battle 0
INFO     	        wyrdeer   intimidate    leftovers [bodyslam, earthquake, psychicnoise, thunderwave] ttype=ground
INFO     	        haxorus  moldbreaker   loadeddice [earthquake, ironhead, scaleshot, swordsdance] ttype=steel
INFO     Sampling 4 unrevealed pokemon
INFO     	      reuniclus   magicguard      lifeorb [calmmind, focusblast, psychic, recover] ttype=steel
INFO     	       tsareena queenlymajesty heavydutyboots [highjumpkick, powerwhip, rapidspin, synthesis] ttype=steel
INFO     	         luxray   intimidate  assaultvest [icefang, playrough, voltswitch, wildcharge] ttype=fairy
INFO     	     scovillain  chlorophyll  choicespecs [energyball, flamethrower, leafstorm, overheat] ttype=grass
INFO     Sampling battle 1
INFO     	        wyrdeer   intimidate    leftovers [bodyslam, earthquake, psychicnoise, thunderwave] ttype=ground
INFO     	        haxorus  moldbreaker   loadeddice [earthquake, ironhead, scaleshot, swordsdance] ttype=steel
INFO     Sampling 4 unrevealed pokemon
INFO     	     grimmsnarl    prankster    lightclay [lightscreen, reflect, spiritbreak, thunderwave] ttype=poison
INFO     	squawkabillyyellow       hustle heavydutyboots [bravebird, doubleedge, partingshot, quickattack] ttype=flying
INFO     	      registeel    clearbody    leftovers [bodypress, irondefense, ironhead, thunderwave] ttype=fighting
INFO     	       basculin adaptability   choiceband [aquajet, doubleedge, flipturn, wavecrash] ttype=water
INFO     Sampling battle 2
INFO     	        wyrdeer   intimidate    leftovers [bodyslam, earthquake, psychicnoise, thunderwave] ttype=ground
INFO     	        haxorus  moldbreaker   loadeddice [earthquake, ironhead, scaleshot, swordsdance] ttype=steel
INFO     Sampling 4 unrevealed pokemon
INFO     	       vigoroth  vitalspirit     eviolite [bodyslam, bulkup, earthquake, slackoff] ttype=ground
INFO     	          golem       sturdy weaknesspolicy [earthquake, explosion, rockpolish, stoneedge] ttype=grass
INFO     	         lunala shadowshield    leftovers [calmmind, moongeistbeam, moonlight, psyshock] ttype=dark
INFO     	      volcarona    flamebody heavydutyboots [bugbuzz, fierydance, gigadrain, quiverdance] ttype=fire
INFO     Sampling battle 3
INFO     	        wyrdeer   intimidate    leftovers [bodyslam, earthquake, psychicnoise, thunderwave] ttype=ground
INFO     	        haxorus  moldbreaker   loadeddice [earthquake, ironhead, scaleshot, swordsdance] ttype=steel
INFO     Sampling 4 unrevealed pokemon
INFO     	       ironmoth   quarkdrive heavydutyboots [energyball, fierydance, sludgewave, toxicspikes] ttype=fire
INFO     	     copperajah   heavymetal   choiceband [earthquake, heavyslam, supercellslam, superpower] ttype=steel
INFO     	   avalugghisui       sturdy heavydutyboots [avalanche, bodypress, recover, stoneedge] ttype=flying
INFO     	       torterra     overgrow   loadeddice [bulletseed, headlongrush, rockblast, shellsmash] ttype=water
INFO     Searching for a move using MCTS...
INFO     Sampling 4 battles at 500ms each
INFO     Policy 0: scald visited 57.95% avg_score=0.471 sample_chance_multiplier=0.25
INFO     Policy 1: scald visited 52.57% avg_score=0.459 sample_chance_multiplier=0.25
INFO     Policy 2: scald visited 54.45% avg_score=0.473 sample_chance_multiplier=0.25
INFO     Policy 3: scald visited 55.19% avg_score=0.465 sample_chance_multiplier=0.25
INFO     Considered Choices:
INFO     	55.038%: scald
INFO     Choice: scald
INFO     Updated wyrdeer's min speed to 120
INFO     wyrdeer already has the move bodyslam. Decrementing the PP by 1
INFO     wyrdeer used a normal move, removing normalgem from possible items
INFO     Setting wyrdeer's last used move: bodyslam
INFO     wyrdeer used a damaging move - not guessing lifeorb anymore
INFO     wyrdeer did 34.07% damage to vaporeon with bodyslam
INFO     vaporeon already has the move scald. Decrementing the PP by 1
INFO     vaporeon used a water move, removing watergem from possible items
INFO     Setting vaporeon's last used move: scald
INFO     vaporeon used a damaging move - not guessing lifeorb anymore
INFO     vaporeon did 34.0% damage to wyrdeer with scald
INFO     wyrdeer got status: brn
INFO     No longer guessing lumberry because wyrdeer got status brn
INFO     Setting wyrdeer's item to: leftovers
INFO     Setting vaporeon's item to: leftovers
INFO     wyrdeer has less than maxhp during upkeep, no longer guessing leftovers or blacksludge
INFO     
INFO     Turn: 8
INFO     Sampling battle 0
INFO     	        wyrdeer   intimidate    leftovers [bodyslam, earthquake, psychicnoise, thunderwave] ttype=ground
INFO     	        haxorus  moldbreaker   loadeddice [earthquake, ironhead, scaleshot, swordsdance] ttype=steel
INFO     Sampling 4 unrevealed pokemon
INFO     	     irontreads   quarkdrive    leftovers [earthquake, ironhead, knockoff, stealthrock] ttype=ghost
INFO     	       smeargle     owntempo    focussash [ceaselessedge, spore, stealthrock, stickyweb] ttype=ghost
INFO     	         glalie   innerfocus heavydutyboots [disable, earthquake, freezedry, spikes] ttype=ground
INFO     	   slowbrogalar  regenerator    leftovers [psychic, shellsidearm, slackoff, thunderwave] ttype=dark
INFO     Sampling battle 1
INFO     	        wyrdeer   intimidate    leftovers [bodyslam, earthquake, psychicnoise, thunderwave] ttype=ground
INFO     	        haxorus  moldbreaker   loadeddice [earthquake, ironhead, scaleshot, swordsdance] ttype=steel
INFO     Sampling 4 unrevealed pokemon
INFO     	 decidueyehisui      scrappy    leftovers [leafblade, roost, suckerpunch, triplearrows] ttype=water
INFO     	      cresselia     levitate    leftovers [calmmind, moonblast, moonlight, psyshock] ttype=poison
INFO     	    kyuremblack     teravolt   loadeddice [dragondance, iciclespear, scaleshot, terablast] ttype=ground
INFO     	ogerponwellspring  waterabsorb wellspringmask [hornleech, ivycudgel, playrough, swordsdance] ttype=water
INFO     Sampling battle 2
INFO     	        wyrdeer   intimidate    leftovers [bodyslam, earthquake, psychicnoise, thunderwave] ttype=ground
INFO     	        haxorus  moldbreaker   loadeddice [earthquake, ironhead, scaleshot, swordsdance] ttype=steel
INFO     Sampling 4 unrevealed pokemon
INFO     	     grimmsnarl    prankster    leftovers [spiritbreak, suckerpunch, taunt, thunderwave] ttype=poison
INFO     	          minun   voltabsorb      lifeorb [alluringvoice, grassknot, nastyplot, thunderbolt] ttype=fairy
INFO     	       rayquaza      airlock   loadeddice [dragonascent, earthquake, scaleshot, swordsdance] ttype=dragon
INFO     	      bellossom  chlorophyll    leftovers [gigadrain, quiverdance, sludgebomb, strengthsap] ttype=poison
INFO     Sampling battle 3
INFO     	        wyrdeer   intimidate    leftovers [bodyslam, earthquake, psychicnoise, thunderwave] ttype=ground
INFO     	        haxorus  moldbreaker   loadeddice [earthquake, ironhead, scaleshot, swordsdance] ttype=steel
INFO     Sampling 4 unrevealed pokemon
INFO     	       cacturne  waterabsorb      lifeorb [focusblast, knockoff, leafstorm, suckerpunch] ttype=poison
INFO     	       bronzong     levitate    leftovers [hypnosis, ironhead, psychicnoise, stealthrock] ttype=electric
INFO     	         tauros   sheerforce      lifeorb [bodyslam, closecombat, earthquake, throatchop] ttype=fighting
INFO     	      garganacl purifyingsalt    leftovers [bodypress, recover, saltcure, stealthrock] ttype=ghost
INFO     Searching for a move using MCTS...
INFO     Sampling 4 battles at 500ms each
INFO     Policy 0: protect visited 26.71% avg_score=0.459 sample_chance_multiplier=0.25
INFO     Policy 1: protect visited 34.1% avg_score=0.446 sample_chance_multiplier=0.25
INFO     Policy 2: protect visited 25.19% avg_score=0.448 sample_chance_multiplier=0.25
INFO     Policy 3: protect visited 36.22% avg_score=0.453 sample_chance_multiplier=0.25
INFO     Considered Choices:
INFO     	30.553%: protect
INFO     Choice: protect
INFO     vaporeon already has the move protect. Decrementing the PP by 1
INFO     vaporeon used a status-move. Adding `assaultvest` to impossible items
INFO     Setting vaporeon's last used move: protect
INFO     vaporeon used a protect move, set protect side condition to 2
INFO     wyrdeer used two different moves - it cannot have a choice item
INFO     wyrdeer used a psychic move, removing psychicgem from possible items
INFO     Setting wyrdeer's last used move: psychicnoise
INFO     wyrdeer used a damaging move - not guessing lifeorb anymore
INFO     Setting wyrdeer's item to: leftovers
INFO     Setting vaporeon's item to: leftovers
INFO     Setting protect to 1 for the bot
INFO     wyrdeer has less than maxhp during upkeep, no longer guessing leftovers or blacksludge
INFO     
INFO     Turn: 9
INFO     Sampling battle 0
INFO     	        wyrdeer   intimidate    leftovers [bodyslam, earthquake, psychicnoise, thunderwave] ttype=ground
INFO     	        haxorus  moldbreaker   loadeddice [earthquake, ironhead, scaleshot, swordsdance] ttype=steel
INFO     Sampling 4 unrevealed pokemon
INFO     	       delibird  vitalspirit heavydutyboots [bravebird, freezedry, rapidspin, spikes] ttype=ghost
INFO     	       basculin adaptability   choiceband [aquajet, doubleedge, flipturn, wavecrash] ttype=water
INFO     	         rhydon lightningrod     eviolite [earthquake, megahorn, stealthrock, stoneedge] ttype=fairy
INFO     	    zapdosgalar      defiant   choiceband [bravebird, closecombat, knockoff, uturn] ttype=fighting
INFO     Sampling battle 1
INFO     	        wyrdeer   intimidate    leftovers [bodyslam, earthquake, psychicnoise, thunderwave] ttype=ground
INFO     	        haxorus  moldbreaker   loadeddice [earthquake, ironhead, scaleshot, swordsdance] ttype=steel
INFO     Sampling 4 unrevealed pokemon
INFO     	        dondozo      unaware    leftovers [curse, rest, sleeptalk, wavecrash] ttype=fairy
INFO     	     eelektross     levitate  assaultvest [discharge, flamethrower, gigadrain, uturn] ttype=poison
INFO     	         mewtwo      unnerve      lifeorb [aurasphere, darkpulse, nastyplot, psystrike] ttype=dark
INFO     	thundurustherian   voltabsorb  choicespecs [grassknot, psychic, sludgewave, thunderbolt] ttype=electric
INFO     Sampling battle 2
INFO     	        wyrdeer   intimidate    leftovers [bodyslam, earthquake, psychicnoise, thunderwave] ttype=ground
INFO     	        haxorus  moldbreaker   loadeddice [earthquake, ironhead, scaleshot, swordsdance] ttype=steel
INFO     Sampling 4 unrevealed pokemon
INFO     	thundurustherian   voltabsorb heavydutyboots [grassknot, nastyplot, sludgewave, thunderbolt] ttype=poison
INFO     	       dachsbun wellbakedbody    leftovers [bodypress, playrough, protect, wish] ttype=steel
INFO     	      garganacl purifyingsalt    leftovers [earthquake, protect, recover, saltcure] ttype=dragon
INFO     	    kyuremwhite   turboblaze  choicespecs [dracometeor, earthpower, freezedry, fusionflare] ttype=dragon
INFO     Sampling battle 3
INFO     	        wyrdeer   intimidate    leftovers [bodyslam, earthquake, psychicnoise, thunderwave] ttype=ground
INFO     	        haxorus  moldbreaker   loadeddice [earthquake, ironhead, scaleshot, swordsdance] ttype=steel
INFO     Sampling 4 unrevealed pokemon
INFO     	     perrserker steelyspirit      lifeorb [closecombat, ironhead, knockoff, stealthrock] ttype=steel
INFO     	       maushold   technician     widelens [bite, encore, populationbomb, tidyup] ttype=normal
INFO     	      cryogonal     levitate heavydutyboots [flashcannon, freezedry, rapidspin, recover] ttype=poison
INFO     	         lunala shadowshield    leftovers [calmmind, moongeistbeam, moonlight, psyshock] ttype=fairy
INFO     Searching for a move using MCTS...
INFO     Sampling 4 battles at 500ms each
INFO     Policy 0: protect visited 22.14% avg_score=0.439 sample_chance_multiplier=0.25
INFO     Policy 1: protect visited 23.82% avg_score=0.441 sample_chance_multiplier=0.25
INFO     Policy 2: switch mismagius visited 30.29% avg_score=0.458 sample_chance_multiplier=0.25
INFO     Policy 3: scald visited 41.22% avg_score=0.401 sample_chance_multiplier=0.25
INFO     Considered Choices:
INFO     	19.174%: scald
INFO     	18.827%: switch mismagius
INFO     	17.427%: protect
INFO     Choice: switch mismagius
INFO     mismagius switched in, adding intimidate to impossible abilities
INFO     mismagius switched in, adding pressure to impossible abilities
INFO     mismagius switched in, adding neutralizinggas to impossible abilities
INFO     mismagius switched in, adding sandstream to impossible abilities
INFO     mismagius switched in, adding drought to impossible abilities
INFO     mismagius switched in, adding drizzle to impossible abilities
INFO     mismagius switched in, adding snowwarning to impossible abilities
INFO     mismagius switched in, adding boosterenergy to impossible items
INFO     mismagius switched in, adding airballoon to impossible items
INFO     wyrdeer already has the move psychicnoise. Decrementing the PP by 1
INFO     wyrdeer used a psychic move, removing psychicgem from possible items
INFO     Setting wyrdeer's last used move: psychicnoise
INFO     wyrdeer used a damaging move - not guessing lifeorb anymore
INFO     wyrdeer did 29.630000000000003% damage to mismagius with psychicnoise
INFO     Starting the volatile status healblock on mismagius
INFO     Setting wyrdeer's item to: leftovers
INFO     Setting protect to 0 for the bot
INFO     wyrdeer has less than maxhp during upkeep, no longer guessing leftovers or blacksludge
INFO     
INFO     Turn: 10
INFO     Sampling battle 0
INFO     	        wyrdeer   intimidate    leftovers [bodyslam, earthquake, psychicnoise, thunderwave] ttype=ground
INFO     	        haxorus  moldbreaker   loadeddice [earthquake, ironhead, scaleshot, swordsdance] ttype=steel
INFO     Sampling 4 unrevealed pokemon
INFO     	         comfey       triage    leftovers [calmmind, drainingkiss, synthesis, terablast] ttype=ground
INFO     	          rotom     levitate  choicescarf [shadowball, thunderbolt, trick, voltswitch] ttype=ghost
INFO     	            muk  poisontouch    leftovers [gunkshot, icepunch, knockoff, toxicspikes] ttype=dark
INFO     	taurospaldeablaze   intimidate   choiceband [closecombat, flareblitz, stoneedge, wildcharge] ttype=fighting
INFO     Sampling battle 1
INFO     	        wyrdeer   intimidate    leftovers [bodyslam, earthquake, psychicnoise, thunderwave] ttype=ground
INFO     	        haxorus  moldbreaker   loadeddice [earthquake, ironhead, scaleshot, swordsdance] ttype=steel
INFO     Sampling 4 unrevealed pokemon
INFO     	       orthworm   eartheater    leftovers [bodypress, heavyslam, shedtail, spikes] ttype=ghost
INFO     	        milotic  competitive    leftovers [haze, icebeam, recover, scald] ttype=dragon
INFO     	    ironvaliant   quarkdrive      lifeorb [closecombat, encore, knockoff, moonblast] ttype=dark
INFO     	      terapagos    terashift  chestoberry [calmmind, darkpulse, rest, terastarstorm] ttype=stellar
INFO     Sampling battle 2
INFO     	        wyrdeer   intimidate    leftovers [bodyslam, earthquake, psychicnoise, thunderwave] ttype=ground
INFO     	        haxorus  moldbreaker   loadeddice [earthquake, ironhead, scaleshot, swordsdance] ttype=steel
INFO     Sampling 4 unrevealed pokemon
INFO     	       sawsbuck  serenegrace      lifeorb [headbutt, highhorsepower, hornleech, swordsdance] ttype=normal
INFO     	      spectrier    grimneigh    leftovers [drainingkiss, nastyplot, shadowball, substitute] ttype=fairy
INFO     	       illumise    prankster heavydutyboots [bugbuzz, encore, roost, thunderwave] ttype=water
INFO     	      quaquaval        moxie   choiceband [aquastep, closecombat, knockoff, uturn] ttype=water
INFO     Sampling battle 3
INFO     	        wyrdeer   intimidate    leftovers [bodyslam, earthquake, psychicnoise, thunderwave] ttype=ground
INFO     	        haxorus  moldbreaker   loadeddice [earthquake, ironhead, scaleshot, swordsdance] ttype=steel
INFO     Sampling 4 unrevealed pokemon
INFO     	          rotom     levitate      lifeorb [nastyplot, shadowball, thunderbolt, willowisp] ttype=ghost
INFO     	      sandslash     sandrush  assaultvest [earthquake, knockoff, rapidspin, stoneedge] ttype=dragon
INFO     	   arceuspoison    multitype   toxicplate [dragondance, earthquake, gunkshot, recover] ttype=ground
INFO     	      hitmontop   intimidate  assaultvest [closecombat, earthquake, rapidspin, stoneedge] ttype=steel
INFO     Searching for a move using MCTS...
INFO     Sampling 4 battles at 500ms each
INFO     Policy 0: switch dewgong visited 42.18% avg_score=0.436 sample_chance_multiplier=0.25
INFO     Policy 1: nastyplot visited 45.0% avg_score=0.467 sample_chance_multiplier=0.25
INFO     Policy 2: nastyplot visited 68.48% avg_score=0.49 sample_chance_multiplier=0.25
INFO     Policy 3: nastyplot visited 49.13% avg_score=0.489 sample_chance_multiplier=0.25
INFO     Considered Choices:
INFO     	45.108%: nastyplot
INFO     Choice: nastyplot
INFO     Updated wyrdeer's max speed to 345
INFO     mismagius already has the move nastyplot. Decrementing the PP by 1
INFO     mismagius using nastyplot makes it unlikely to have a choice item. Setting can_have_choice_item to False
INFO     mismagius used a status-move. Adding `assaultvest` to impossible items
INFO     Setting mismagius's last used move: nastyplot
INFO     mismagius's special-attack was boosted by 2 to 2
INFO     wyrdeer already has the move psychicnoise. Decrementing the PP by 1
INFO     wyrdeer used a psychic move, removing psychicgem from possible items
INFO     Setting wyrdeer's last used move: psychicnoise
INFO     wyrdeer used a damaging move - not guessing lifeorb anymore
INFO     wyrdeer did 30.04% damage to mismagius with psychicnoise
INFO     Setting wyrdeer's item to: leftovers
INFO     Removing the volatile status healblock from mismagius
INFO     wyrdeer has less than maxhp during upkeep, no longer guessing leftovers or blacksludge
INFO     
INFO     Turn: 11
INFO     Sampling battle 0
INFO     	        wyrdeer   intimidate    leftovers [bodyslam, earthquake, psychicnoise, thunderwave] ttype=ground
INFO     	        haxorus  moldbreaker   loadeddice [earthquake, ironhead, scaleshot, swordsdance] ttype=steel
INFO     Sampling 4 unrevealed pokemon
INFO     	  arceuspsychic    multitype    mindplate [bodypress, cosmicpower, recover, storedpower] ttype=steel
INFO     	      quaquaval        moxie   choiceband [aquastep, closecombat, tripleaxel, uturn] ttype=fighting
INFO     	       vigoroth  vitalspirit     eviolite [bodyslam, bulkup, earthquake, slackoff] ttype=ground
INFO     	     typhlosion    flashfire  choicescarf [eruption, fireblast, focusblast, scorchingsands] ttype=fire
INFO     Sampling battle 1
INFO     	        wyrdeer   intimidate    leftovers [bodyslam, earthquake, psychicnoise, thunderwave] ttype=ground
INFO     	        haxorus  moldbreaker   loadeddice [earthquake, ironhead, scaleshot, swordsdance] ttype=steel
INFO     Sampling 4 unrevealed pokemon
INFO     	    fluttermane protosynthesis  choicespecs [moonblast, psyshock, shadowball, thunderbolt] ttype=fairy
INFO     	       medicham    purepower   choiceband [bulletpunch, closecombat, poisonjab, zenheadbutt] ttype=fighting
INFO     	      hippowdon   sandstream    leftovers [earthquake, slackoff, stoneedge, whirlwind] ttype=rock
INFO     	      volcanion  waterabsorb heavydutyboots [flamethrower, haze, sludgebomb, steameruption] ttype=water
INFO     Sampling battle 2
INFO     	        wyrdeer   intimidate    leftovers [bodyslam, earthquake, psychicnoise, thunderwave] ttype=ground
INFO     	        haxorus  moldbreaker   loadeddice [earthquake, ironhead, scaleshot, swordsdance] ttype=steel
INFO     Sampling 4 unrevealed pokemon
INFO     	       drifblim     unburden  sitrusberry [airslash, calmmind, shadowball, strengthsap] ttype=fairy
INFO     	         dialga     pressure    leftovers [dracometeor, heavyslam, stealthrock, thunderwave] ttype=flying
INFO     	       vaporeon  waterabsorb    leftovers [flipturn, protect, scald, wish] ttype=ghost
INFO     	       vivillon compoundeyes heavydutyboots [bugbuzz, hurricane, quiverdance, sleeppowder] ttype=steel
INFO     Sampling battle 3
INFO     	        wyrdeer   intimidate    leftovers [bodyslam, earthquake, psychicnoise, thunderwave] ttype=ground
INFO     	        haxorus  moldbreaker   loadeddice [earthquake, ironhead, scaleshot, swordsdance] ttype=steel
INFO     Sampling 4 unrevealed pokemon
INFO     	         rabsca  synchronize heavydutyboots [bugbuzz, earthpower, psychic, revivalblessing] ttype=steel
INFO     	ursalunabloodmoon     mindseye    leftovers [bloodmoon, calmmind, moonlight, vacuumwave] ttype=normal
INFO     	        leafeon  chlorophyll      lifeorb [doubleedge, knockoff, leafblade, swordsdance] ttype=dark
INFO     	      magmortar    flamebody heavydutyboots [fireblast, focusblast, taunt, thunderbolt] ttype=water
INFO     Searching for a move using MCTS...
INFO     Sampling 4 battles at 500ms each
INFO     Policy 0: nastyplot visited 44.06% avg_score=0.399 sample_chance_multiplier=0.25
INFO     Policy 1: terablast visited 84.47% avg_score=0.416 sample_chance_multiplier=0.25
INFO     Policy 2: terablast visited 34.1% avg_score=0.288 sample_chance_multiplier=0.25
INFO     Policy 3: nastyplot visited 53.68% avg_score=0.342 sample_chance_multiplier=0.25
INFO     Considered Choices:
INFO     	40.266%: terablast
INFO     	30.585%: nastyplot
INFO     Choice: terablast
INFO     Opponent has switched - clearing the last used move
INFO     haxorus's speed was unboosted by 1 to -1
INFO     Setting haxorus's ability to moldbreaker
INFO     mismagius already has the move terablast. Decrementing the PP by 1
INFO     mismagius used a normal move, removing normalgem from possible items
INFO     Setting mismagius's last used move: terablast
INFO     mismagius used a damaging move - not guessing lifeorb anymore
INFO     mismagius did 100.0% damage to haxorus with terablast
INFO     Setting mismagius's item to: leftovers
INFO     haxorus has less than maxhp during upkeep, no longer guessing leftovers or blacksludge
INFO     Opponent has switched - clearing the last used move
INFO     staraptor switched in, adding intimidate to impossible abilities
INFO     staraptor switched in, adding pressure to impossible abilities
INFO     staraptor switched in, adding neutralizinggas to impossible abilities
INFO     staraptor switched in, adding sandstream to impossible abilities
INFO     staraptor switched in, adding drought to impossible abilities
INFO     staraptor switched in, adding drizzle to impossible abilities
INFO     staraptor switched in, adding snowwarning to impossible abilities
INFO     staraptor switched in, adding boosterenergy to impossible items
INFO     staraptor switched in, adding airballoon to impossible items
INFO     
INFO     Turn: 12
INFO     Sampling battle 0
INFO     	      staraptor     reckless   choiceband [bravebird, closecombat, doubleedge, uturn] ttype=fighting
INFO     	        wyrdeer   intimidate    leftovers [bodyslam, earthquake, psychicnoise, thunderwave] ttype=ground
INFO     Sampling 3 unrevealed pokemon
INFO     	   hoopaunbound     magician  assaultvest [focusblast, gunkshot, hyperspacefury, psychic] ttype=fighting
INFO     	        shaymin  naturalcure    leftovers [airslash, earthpower, seedflare, synthesis] ttype=ground
INFO     	        torkoal      drought heavydutyboots [earthquake, fireblast, solarbeam, yawn] ttype=grass
INFO     Sampling battle 1
INFO     	      staraptor     reckless   choiceband [bravebird, closecombat, doubleedge, quickattack] ttype=fighting
INFO     	        wyrdeer   intimidate    leftovers [bodyslam, earthquake, psychicnoise, thunderwave] ttype=ground
INFO     Sampling 3 unrevealed pokemon
INFO     	        shiftry    windrider      lifeorb [knockoff, leafstorm, suckerpunch, willowisp] ttype=dark
INFO     	        mesprit     levitate    leftovers [encore, knockoff, psychicnoise, thunderwave] ttype=dark
INFO     	     annihilape      defiant    leftovers [bulkup, drainpunch, ragefist, taunt] ttype=water
INFO     Sampling battle 2
INFO     	      staraptor     reckless   choiceband [bravebird, closecombat, doubleedge, quickattack] ttype=fighting
INFO     	        wyrdeer   intimidate    leftovers [bodyslam, earthquake, psychicnoise, thunderwave] ttype=ground
INFO     Sampling 3 unrevealed pokemon
INFO     	thundurustherian   voltabsorb  choicespecs [grassknot, psychic, sludgewave, thunderbolt] ttype=poison
INFO     	         regice    clearbody heavydutyboots [bodypress, icebeam, thunderbolt, thunderwave] ttype=electric
INFO     	         gengar   cursedbody  choicespecs [focusblast, shadowball, sludgewave, trick] ttype=dark
INFO     Sampling battle 3
INFO     	      staraptor     reckless   choiceband [bravebird, closecombat, doubleedge, uturn] ttype=flying
INFO     	        wyrdeer   intimidate    leftovers [bodyslam, earthquake, psychicnoise, thunderwave] ttype=ground
INFO     Sampling 3 unrevealed pokemon
INFO     	         eiscue      iceface  sitrusberry [bellydrum, icespinner, ironhead, liquidation] ttype=water
INFO     	        torkoal      drought heavydutyboots [earthquake, fireblast, solarbeam, stealthrock] ttype=grass
INFO     	      kingambit supremeoverlord    leftovers [ironhead, kowtowcleave, suckerpunch, swordsdance] ttype=dark
INFO     Sampling battle 4
INFO     	      staraptor     reckless   choiceband [bravebird, doubleedge, quickattack, uturn] ttype=flying
INFO     	        wyrdeer   intimidate    leftovers [bodyslam, earthquake, psychicnoise, thunderwave] ttype=ground
INFO     Sampling 3 unrevealed pokemon
INFO     	      primarina  liquidvoice    leftovers [calmmind, drainingkiss, moonblast, psychicnoise] ttype=steel
INFO     	         flygon     levitate     lumberry [dragondance, earthquake, outrage, stoneedge] ttype=ground
INFO     	       overqwil   intimidate      lifeorb [crunch, gunkshot, liquidation, swordsdance] ttype=water
INFO     Sampling battle 5
INFO     	      staraptor     reckless   choiceband [bravebird, closecombat, quickattack, uturn] ttype=fighting
INFO     	        wyrdeer   intimidate    leftovers [bodyslam, earthquake, psychicnoise, thunderwave] ttype=ground
INFO     Sampling 3 unrevealed pokemon
INFO     	       swampert      torrent    leftovers [earthquake, flipturn, icebeam, yawn] ttype=poison
INFO     	        yanmega   tintedlens  choicespecs [airslash, bugbuzz, gigadrain, uturn] ttype=bug
INFO     	 keldeoresolute    justified  choicespecs [airslash, hydropump, secretsword, vacuumwave] ttype=fighting
INFO     Sampling battle 6
INFO     	      staraptor     reckless   choiceband [bravebird, closecombat, doubleedge, uturn] ttype=flying
INFO     	        wyrdeer   intimidate    leftovers [bodyslam, earthquake, psychicnoise, thunderwave] ttype=ground
INFO     Sampling 3 unrevealed pokemon
INFO     	         palkia     pressure  choicespecs [dracometeor, fireblast, hydropump, spacialrend] ttype=water
INFO     	     krookodile   intimidate      lifeorb [earthquake, gunkshot, knockoff, stealthrock] ttype=poison
INFO     	        weezing     levitate    leftovers [fireblast, painsplit, sludgebomb, toxicspikes] ttype=steel
INFO     Sampling battle 7
INFO     	      staraptor     reckless   choiceband [bravebird, closecombat, doubleedge, uturn] ttype=fighting
INFO     	        wyrdeer   intimidate    leftovers [bodyslam, earthquake, psychicnoise, thunderwave] ttype=ground
INFO     Sampling 3 unrevealed pokemon
INFO     	       dachsbun wellbakedbody    leftovers [bodypress, playrough, protect, wish] ttype=steel
INFO     	        lanturn   voltabsorb heavydutyboots [scald, thunderbolt, thunderwave, voltswitch] ttype=flying
INFO     	   arceusdragon    multitype   dracoplate [dragondance, flareblitz, heavyslam, outrage] ttype=fire
INFO     Searching for a move using MCTS...
INFO     Sampling 8 battles at 250ms each
INFO     Policy 0: terablast visited 74.41% avg_score=0.372 sample_chance_multiplier=0.125
INFO     Policy 1: terablast visited 80.01% avg_score=0.375 sample_chance_multiplier=0.125
INFO     Policy 2: terablast visited 73.0% avg_score=0.335 sample_chance_multiplier=0.125
INFO     Policy 3: terablast visited 73.74% avg_score=0.364 sample_chance_multiplier=0.125
INFO     Policy 4: terablast visited 70.26% avg_score=0.334 sample_chance_multiplier=0.125
INFO     Policy 5: terablast visited 77.72% avg_score=0.358 sample_chance_multiplier=0.125
INFO     Policy 6: terablast visited 73.2% avg_score=0.363 sample_chance_multiplier=0.125
INFO     Policy 7: terablast visited 76.18% avg_score=0.359 sample_chance_multiplier=0.125
INFO     Considered Choices:
INFO     	74.816%: terablast
INFO     Choice: terablast
INFO     Updated staraptor's max speed to 230
INFO     mismagius already has the move terablast. Decrementing the PP by 1
INFO     mismagius used a normal move, removing normalgem from possible items
INFO     Setting mismagius's last used move: terablast
INFO     mismagius used a damaging move - not guessing lifeorb anymore
INFO     mismagius did 65.0% damage to staraptor with terablast
INFO     staraptor used a flying move, removing flyinggem from possible items
INFO     Setting staraptor's last used move: bravebird
INFO     staraptor used a damaging move - not guessing lifeorb anymore
INFO     staraptor did 46.5% damage to mismagius with bravebird
INFO     staraptor has less than maxhp during upkeep, no longer guessing leftovers or blacksludge
INFO     Sampling battle 0
INFO     	      staraptor     reckless   choiceband [bravebird, closecombat, doubleedge, quickattack] ttype=fighting
INFO     	        wyrdeer   intimidate    leftovers [bodyslam, earthquake, psychicnoise, thunderwave] ttype=ground
INFO     Sampling 3 unrevealed pokemon
INFO     	         raichu lightningrod  assaultvest [grassknot, knockoff, thunderbolt, voltswitch] ttype=grass
INFO     	     gothitelle    shadowtag    leftovers [calmmind, darkpulse, psychicnoise, thunderbolt] ttype=steel
INFO     	lycanrocmidnight      noguard      lifeorb [closecombat, knockoff, stealthrock, stoneedge] ttype=fighting
INFO     Sampling battle 1
INFO     	      staraptor     reckless   choiceband [bravebird, closecombat, quickattack, uturn] ttype=fighting
INFO     	        wyrdeer   intimidate    leftovers [bodyslam, earthquake, psychicnoise, thunderwave] ttype=ground
INFO     Sampling 3 unrevealed pokemon
INFO     	      charizard        blaze heavydutyboots [earthquake, flamethrower, hurricane, willowisp] ttype=fire
INFO     	         gengar   cursedbody      lifeorb [focusblast, shadowball, sludgewave, willowisp] ttype=dark
INFO     	      probopass   magnetpull    leftovers [bodypress, irondefense, powergem, thunderwave] ttype=fighting
INFO     Sampling battle 2
INFO     	      staraptor     reckless   choiceband [bravebird, closecombat, doubleedge, quickattack] ttype=flying
INFO     	        wyrdeer   intimidate    leftovers [bodyslam, earthquake, psychicnoise, thunderwave] ttype=ground
INFO     Sampling 3 unrevealed pokemon
INFO     	      piloswine     thickfat     eviolite [earthquake, iceshard, iciclecrash, stealthrock] ttype=dragon
INFO     	        cetitan   sheerforce      lifeorb [iceshard, iciclecrash, liquidation, superpower] ttype=water
INFO     	        pikachu lightningrod    lightball [knockoff, surf, voltswitch, volttackle] ttype=water
INFO     Sampling battle 3
INFO     	      staraptor     reckless   choiceband [bravebird, closecombat, quickattack, uturn] ttype=fighting
INFO     	        wyrdeer   intimidate    leftovers [bodyslam, earthquake, psychicnoise, thunderwave] ttype=ground
INFO     Sampling 3 unrevealed pokemon
INFO     	       alcremie    aromaveil    leftovers [acidarmor, calmmind, dazzlinggleam, recover] ttype=poison
INFO     	      sandslash     sandrush    leftovers [earthquake, rapidspin, stoneedge, swordsdance] ttype=steel
INFO     	       floatzel    waterveil   choiceband [crunch, flipturn, icespinner, wavecrash] ttype=water
INFO     Searching for a move using MCTS...
INFO     Sampling 4 battles at 500ms each
INFO     Policy 0: switch arceusfighting visited 57.51% avg_score=0.51 sample_chance_multiplier=0.25
INFO     Policy 1: switch arceusfighting visited 88.02% avg_score=0.527 sample_chance_multiplier=0.25
INFO     Policy 2: switch arceusfighting visited 92.43% avg_score=0.594 sample_chance_multiplier=0.25
INFO     Policy 3: switch arceusfighting visited 58.53% avg_score=0.496 sample_chance_multiplier=0.25
INFO     Considered Choices:
INFO     	74.123%: switch arceusfighting
INFO     Choice: switch arceusfighting
INFO     arceusfighting switched in, adding intimidate to impossible abilities
INFO     arceusfighting switched in, adding pressure to impossible abilities
INFO     arceusfighting switched in, adding neutralizinggas to impossible abilities
INFO     arceusfighting switched in, adding sandstream to impossible abilities
INFO     arceusfighting switched in, adding drought to impossible abilities
INFO     arceusfighting switched in, adding drizzle to impossible abilities
INFO     arceusfighting switched in, adding snowwarning to impossible abilities
INFO     arceusfighting switched in, adding boosterenergy to impossible items
INFO     arceusfighting switched in, adding airballoon to impossible items
INFO     
INFO     Turn: 13
INFO     Sampling battle 0
INFO     	      staraptor     reckless   choiceband [bravebird, closecombat, doubleedge, quickattack] ttype=flying
INFO     	        wyrdeer   intimidate    leftovers [bodyslam, earthquake, psychicnoise, thunderwave] ttype=ground
INFO     Sampling 3 unrevealed pokemon
INFO     	        wochien tabletsofruin    leftovers [gigadrain, knockoff, ruination, stunspore] ttype=poison
INFO     	   dugtrioalola tanglinghair      lifeorb [earthquake, ironhead, stealthrock, stoneedge] ttype=ground
INFO     	       gyarados   intimidate heavydutyboots [dragondance, earthquake, terablast, waterfall] ttype=flying
INFO     Sampling battle 1
INFO     	      staraptor     reckless   choiceband [bravebird, closecombat, doubleedge, quickattack] ttype=fighting
INFO     	        wyrdeer   intimidate    leftovers [bodyslam, earthquake, psychicnoise, thunderwave] ttype=ground
INFO     Sampling 3 unrevealed pokemon
INFO     	       whiscash    oblivious    leftovers [earthquake, hydropump, icebeam, spikes] ttype=poison
INFO     	      arceusbug    multitype  insectplate [calmmind, earthpower, judgment, recover] ttype=ground
INFO     	        kleavor    sharpness  choicescarf [closecombat, stoneaxe, uturn, xscissor] ttype=rock
INFO     Sampling battle 2
INFO     	      staraptor     reckless   choiceband [bravebird, closecombat, doubleedge, quickattack] ttype=flying
INFO     	        wyrdeer   intimidate    leftovers [bodyslam, earthquake, psychicnoise, thunderwave] ttype=ground
INFO     Sampling 3 unrevealed pokemon
INFO     	   arceuspoison    multitype   toxicplate [dragondance, earthquake, gunkshot, recover] ttype=ground
INFO     	      alomomola  regenerator  rockyhelmet [flipturn, protect, scald, wish] ttype=steel
INFO     	       giratina     pressure    leftovers [defog, dragontail, rest, shadowball] ttype=fairy
INFO     Sampling battle 3
INFO     	      staraptor     reckless   choiceband [bravebird, closecombat, quickattack, uturn] ttype=fighting
INFO     	        wyrdeer   intimidate    leftovers [bodyslam, earthquake, psychicnoise, thunderwave] ttype=ground
INFO     Sampling 3 unrevealed pokemon
INFO     	       dachsbun wellbakedbody    leftovers [playrough, protect, stompingtantrum, wish] ttype=steel
INFO     	        bruxish    strongjaw      lifeorb [crunch, psychicfangs, swordsdance, wavecrash] ttype=dark
INFO     	      zamazenta dauntlessshield   choiceband [closecombat, crunch, ironhead, stoneedge] ttype=steel
INFO     Searching for a move using MCTS...
INFO     Sampling 4 battles at 500ms each
INFO     Policy 0: bodypress visited 50.47% avg_score=0.51 sample_chance_multiplier=0.25
INFO     Policy 1: bodypress visited 47.86% avg_score=0.559 sample_chance_multiplier=0.25
INFO     Policy 2: switch chandelure visited 27.54% avg_score=0.425 sample_chance_multiplier=0.25
INFO     Policy 3: bodypress visited 45.97% avg_score=0.532 sample_chance_multiplier=0.25
INFO     Considered Choices:
INFO     	41.311%: bodypress
INFO     Choice: bodypress
INFO     Opponent has switched - clearing the last used move
INFO     wyrdeer's speed was unboosted by 1 to -1
INFO     Setting wyrdeer's ability to intimidate
INFO     arceusfighting's attack was unboosted by 1 to -1
INFO     arceusfighting already has the move bodypress. Decrementing the PP by 1
INFO     arceusfighting used a fighting move, removing fightinggem from possible items
INFO     Setting arceusfighting's last used move: bodypress
INFO     arceusfighting used a damaging move - not guessing lifeorb anymore
INFO     arceusfighting did 28.999999999999996% damage to wyrdeer with bodypress
INFO     Setting wyrdeer's item to: leftovers
INFO     wyrdeer has less than maxhp during upkeep, no longer guessing leftovers or blacksludge
INFO     
INFO     Turn: 14
INFO     Sampling battle 0
INFO     	        wyrdeer   intimidate    leftovers [bodyslam, earthquake, psychicnoise, thunderwave] ttype=ground
INFO     	      staraptor     reckless  choicescarf [bravebird, closecombat, doubleedge, uturn] ttype=flying
INFO     Sampling 3 unrevealed pokemon
INFO     	      hitmonlee     reckless   choiceband [highjumpkick, knockoff, machpunch, poisonjab] ttype=fighting
INFO     	        noivern  infiltrator heavydutyboots [boomburst, dracometeor, hurricane, roost] ttype=normal
INFO     	          chiyu  beadsofruin heavydutyboots [darkpulse, fireblast, nastyplot, willowisp] ttype=fire
INFO     Sampling battle 1
INFO     	        wyrdeer   intimidate    leftovers [bodyslam, earthquake, psychicnoise, thunderwave] ttype=ground
INFO     	      staraptor     reckless   choiceband [bravebird, closecombat, doubleedge, quickattack] ttype=fighting
INFO     Sampling 3 unrevealed pokemon
INFO     	      spiritomb  infiltrator    leftovers [foulplay, painsplit, poltergeist, willowisp] ttype=poison
INFO     	         kommoo   soundproof  throatspray [boomburst, clangingscales, clangoroussoul, closecombat] ttype=normal
INFO     	     pincurchin electricsurge    leftovers [discharge, recover, scald, toxicspikes] ttype=water
INFO     Sampling battle 2
INFO     	        wyrdeer   intimidate    leftovers [bodyslam, earthquake, psychicnoise, thunderwave] ttype=ground
INFO     	      staraptor     reckless   choiceband [bravebird, closecombat, doubleedge, uturn] ttype=flying
INFO     Sampling 3 unrevealed pokemon
INFO     	      clawitzer megalauncher  choicespecs [aurasphere, darkpulse, dragonpulse, waterpulse] ttype=dark
INFO     	       jumpluff  infiltrator              [acrobatics, leechseed, strengthsap, substitute] ttype=steel
INFO     	   persianalola      furcoat      lifeorb [darkpulse, nastyplot, terablast, thunderbolt] ttype=poison
INFO     Sampling battle 3
INFO     	        wyrdeer   intimidate    leftovers [bodyslam, earthquake, psychicnoise, thunderwave] ttype=ground
INFO     	      staraptor     reckless   choiceband [bravebird, closecombat, doubleedge, quickattack] ttype=flying
INFO     Sampling 3 unrevealed pokemon
INFO     	    deoxysspeed     pressure    focussash [knockoff, psychoboost, stealthrock, taunt] ttype=dark
INFO     	     whimsicott    prankster heavydutyboots [encore, moonblast, stunspore, uturn] ttype=steel
INFO     	      revavroom       filter      lifeorb [gunkshot, highhorsepower, ironhead, shiftgear] ttype=ground
INFO     Searching for a move using MCTS...
INFO     Sampling 4 battles at 500ms each
INFO     Policy 0: switch vaporeon visited 36.62% avg_score=0.498 sample_chance_multiplier=0.25
INFO     Policy 1: switch dewgong visited 38.25% avg_score=0.491 sample_chance_multiplier=0.25
INFO     Policy 2: bodypress visited 33.33% avg_score=0.476 sample_chance_multiplier=0.25
INFO     Policy 3: switch vaporeon visited 44.78% avg_score=0.513 sample_chance_multiplier=0.25
INFO     Considered Choices:
INFO     	32.828%: switch vaporeon
INFO     	30.217%: switch dewgong
INFO     Choice: switch dewgong
INFO     Opponent has switched - clearing the last used move
INFO     armarouge switched in, adding intimidate to impossible abilities
INFO     armarouge switched in, adding pressure to impossible abilities
INFO     armarouge switched in, adding neutralizinggas to impossible abilities
INFO     armarouge switched in, adding sandstream to impossible abilities
INFO     armarouge switched in, adding drought to impossible abilities
INFO     armarouge switched in, adding drizzle to impossible abilities
INFO     armarouge switched in, adding snowwarning to impossible abilities
INFO     armarouge switched in, adding boosterenergy to impossible items
INFO     armarouge switched in, adding airballoon to impossible items
INFO     armarouge's speed was unboosted by 1 to -1
INFO     
INFO     Turn: 15
INFO     Sampling battle 0
INFO     	      armarouge    weakarmor    powerherb [armorcannon, energyball, meteorbeam, psyshock] ttype=fire
INFO     	      staraptor     reckless   choiceband [bravebird, doubleedge, quickattack, uturn] ttype=flying
INFO     	        wyrdeer   intimidate    leftovers [bodyslam, earthquake, psychicnoise, thunderwave] ttype=ground
INFO     Sampling 2 unrevealed pokemon
INFO     	      cryogonal     levitate heavydutyboots [flashcannon, freezedry, haze, recover] ttype=poison
INFO     	      toxicroak      dryskin   choiceband [closecombat, gunkshot, knockoff, suckerpunch] ttype=dark
INFO     Sampling battle 1
INFO     	      armarouge    weakarmor    powerherb [armorcannon, energyball, meteorbeam, psyshock] ttype=grass
INFO     	      staraptor     reckless   choiceband [bravebird, closecombat, quickattack, uturn] ttype=flying
INFO     	        wyrdeer   intimidate    leftovers [bodyslam, earthquake, psychicnoise, thunderwave] ttype=ground
INFO     Sampling 2 unrevealed pokemon
INFO     	     hitmonchan     ironfist      lifeorb [drainpunch, icepunch, knockoff, swordsdance] ttype=dark
INFO     	        diancie    clearbody    leftovers [calmmind, diamondstorm, drainingkiss, earthpower] ttype=fairy
INFO     Sampling battle 2
INFO     	      armarouge    weakarmor    powerherb [armorcannon, energyball, meteorbeam, psyshock] ttype=grass
INFO     	      staraptor     reckless   choiceband [bravebird, closecombat, doubleedge, quickattack] ttype=flying
INFO     	        wyrdeer   intimidate    leftovers [bodyslam, earthquake, psychicnoise, thunderwave] ttype=ground
INFO     Sampling 2 unrevealed pokemon
INFO     	      infernape        blaze   choiceband [closecombat, flareblitz, knockoff, stoneedge] ttype=fire
INFO     	      hippowdon   sandstream  rockyhelmet [earthquake, slackoff, stoneedge, whirlwind] ttype=steel
INFO     Sampling battle 3
INFO     	      armarouge    weakarmor  choicespecs [armorcannon, aurasphere, energyball, psyshock] ttype=psychic
INFO     	      staraptor     reckless   choiceband [bravebird, closecombat, doubleedge, quickattack] ttype=flying
INFO     	        wyrdeer   intimidate    leftovers [bodyslam, earthquake, psychicnoise, thunderwave] ttype=ground
INFO     Sampling 2 unrevealed pokemon
INFO     	     baxcalibur thermalexchange   choiceband [earthquake, glaiverush, iceshard, iciclecrash] ttype=ground
INFO     	       empoleon  competitive    leftovers [knockoff, roar, roost, surf] ttype=grass
INFO     Searching for a move using MCTS...
INFO     Sampling 4 battles at 500ms each
INFO     Policy 0: surf visited 30.28% avg_score=0.461 sample_chance_multiplier=0.25
INFO     Policy 1: surf visited 26.62% avg_score=0.458 sample_chance_multiplier=0.25
INFO     Policy 2: surf visited 72.3% avg_score=0.538 sample_chance_multiplier=0.25
INFO     Policy 3: switch vaporeon visited 25.83% avg_score=0.446 sample_chance_multiplier=0.25
INFO     Considered Choices:
INFO     	35.723%: surf
INFO     Choice: surf
INFO     Opponent has switched - clearing the last used move
INFO     wyrdeer's speed was unboosted by 1 to -1
INFO     Setting wyrdeer's ability to intimidate
INFO     dewgong's attack was unboosted by 1 to -1
INFO     dewgong already has the move surf. Decrementing the PP by 1
INFO     dewgong used a water move, removing watergem from possible items
INFO     Setting dewgong's last used move: surf
INFO     dewgong used a damaging move - not guessing lifeorb anymore
INFO     dewgong did 14.000000000000002% damage to wyrdeer with surf
INFO     wyrdeer has less than maxhp during upkeep, no longer guessing leftovers or blacksludge
INFO     Opponent has switched - clearing the last used move
INFO     
INFO     Turn: 16
INFO     Sampling battle 0
INFO     	      staraptor     reckless   choiceband [bravebird, closecombat, doubleedge, quickattack] ttype=flying
INFO     	      armarouge    weakarmor  choicespecs [armorcannon, aurasphere, energyball, psyshock] ttype=psychic
INFO     Sampling 2 unrevealed pokemon
INFO     	       empoleon  competitive    leftovers [flipturn, roar, roost, surf] ttype=flying
INFO     	       mukalola  poisontouch  assaultvest [drainpunch, knockoff, poisonjab, shadowsneak] ttype=dark
INFO     Sampling battle 1
INFO     	      staraptor     reckless   choiceband [bravebird, closecombat, quickattack, uturn] ttype=fighting
INFO     	      armarouge    weakarmor  choicespecs [armorcannon, energyball, focusblast, psyshock] ttype=fighting
INFO     Sampling 2 unrevealed pokemon
INFO     	        flamigo      scrappy      lifeorb [bravebird, closecombat, roost, swordsdance] ttype=steel
INFO     	     houndstone       fluffy    leftovers [bodypress, poltergeist, rest, sleeptalk] ttype=fighting
INFO     Sampling battle 2
INFO     	      staraptor     reckless   choiceband [bravebird, closecombat, quickattack, uturn] ttype=fighting
INFO     	      armarouge    weakarmor    powerherb [armorcannon, energyball, meteorbeam, psyshock] ttype=fire
INFO     Sampling 2 unrevealed pokemon
INFO     	         zekrom     teravolt    leftovers [boltstrike, dragondance, outrage, substitute] ttype=steel
INFO     	       swampert      torrent    leftovers [earthquake, flipturn, icebeam, stealthrock] ttype=steel
INFO     Sampling battle 3
INFO     	      staraptor     reckless   choiceband [bravebird, closecombat, doubleedge, quickattack] ttype=flying
INFO     	      armarouge    weakarmor    powerherb [armorcannon, energyball, meteorbeam, psyshock] ttype=grass
INFO     Sampling 2 unrevealed pokemon
INFO     	        diancie    clearbody    leftovers [bodypress, diamondstorm, moonblast, stealthrock] ttype=fighting
INFO     	  oricoriosensu       dancer heavydutyboots [hurricane, quiverdance, revelationdance, roost] ttype=ghost
INFO     Searching for a move using MCTS...
INFO     Sampling 4 battles at 500ms each
INFO     Policy 0: flipturn visited 22.97% avg_score=0.598 sample_chance_multiplier=0.25
INFO     Policy 1: flipturn visited 19.21% avg_score=0.482 sample_chance_multiplier=0.25
INFO     Policy 2: tripleaxel visited 31.21% avg_score=0.57 sample_chance_multiplier=0.25
INFO     Policy 3: switch vaporeon visited 87.81% avg_score=0.529 sample_chance_multiplier=0.25
INFO     Considered Choices:
INFO     	31.244%: switch vaporeon
INFO     Choice: switch vaporeon
INFO     staraptor already has the move bravebird. Decrementing the PP by 1
INFO     staraptor used a flying move, removing flyinggem from possible items
INFO     Setting staraptor's last used move: bravebird
INFO     staraptor used a damaging move - not guessing lifeorb anymore
INFO     staraptor did 17.86% damage to vaporeon with bravebird
INFO     staraptor has less than maxhp during upkeep, no longer guessing leftovers or blacksludge
INFO     Sampling battle 0
INFO     	      staraptor     reckless   choiceband [bravebird, closecombat, doubleedge, quickattack] ttype=fighting
INFO     	      armarouge    weakarmor    powerherb [armorcannon, energyball, meteorbeam, psyshock] ttype=fire
INFO     Sampling 2 unrevealed pokemon
INFO     	      mamoswine     thickfat      lifeorb [earthquake, iceshard, iciclecrash, stealthrock] ttype=ground
INFO     	      mismagius     levitate  choicespecs [dazzlinggleam, shadowball, thunderbolt, trick] ttype=electric
INFO     Sampling battle 1
INFO     	      staraptor     reckless   choiceband [bravebird, closecombat, quickattack, uturn] ttype=fighting
INFO     	      armarouge    weakarmor    powerherb [armorcannon, energyball, meteorbeam, psyshock] ttype=grass
INFO     Sampling 2 unrevealed pokemon
INFO     	       skuntank    aftermath      lifeorb [fireblast, gunkshot, knockoff, taunt] ttype=dark
INFO     	     ironthorns   quarkdrive   choiceband [earthquake, icepunch, stoneedge, wildcharge] ttype=grass
INFO     Sampling battle 2
INFO     	      staraptor     reckless   choiceband [bravebird, closecombat, quickattack, uturn] ttype=flying
INFO     	      armarouge    weakarmor    powerherb [armorcannon, energyball, meteorbeam, psyshock] ttype=grass
INFO     Sampling 2 unrevealed pokemon
INFO     	ogerponcornerstone       sturdy cornerstonemask [ivycudgel, powerwhip, spikes, synthesis] ttype=rock
INFO     	      ninetales      drought heavydutyboots [fireblast, nastyplot, scorchingsands, solarbeam] ttype=fire
INFO     Sampling battle 3
INFO     	      staraptor     reckless   choiceband [bravebird, closecombat, quickattack, uturn] ttype=fighting
INFO     	      armarouge    weakarmor  choicespecs [armorcannon, energyball, focusblast, psyshock] ttype=psychic
INFO     Sampling 2 unrevealed pokemon
INFO     	      ironhands   quarkdrive  assaultvest [closecombat, icepunch, thunderpunch, voltswitch] ttype=fighting
INFO     	       giratina     pressure    leftovers [dragontail, rest, shadowball, sleeptalk] ttype=fairy
INFO     Searching for a move using MCTS...
INFO     Sampling 4 battles at 500ms each
INFO     Policy 0: switch arceusfighting visited 50.2% avg_score=0.521 sample_chance_multiplier=0.25
INFO     Policy 1: switch arceusfighting visited 91.1% avg_score=0.58 sample_chance_multiplier=0.25
INFO     Policy 2: switch arceusfighting visited 83.35% avg_score=0.49 sample_chance_multiplier=0.25
INFO     Policy 3: switch arceusfighting visited 83.0% avg_score=0.565 sample_chance_multiplier=0.25
INFO     Considered Choices:
INFO     	76.912%: switch arceusfighting
INFO     Choice: switch arceusfighting
INFO     
INFO     Turn: 17
INFO     Sampling battle 0
INFO     	      staraptor     reckless   choiceband [bravebird, closecombat, doubleedge, quickattack] ttype=fighting
INFO     	      armarouge    weakarmor  choicespecs [armorcannon, aurasphere, energyball, psyshock] ttype=fire
INFO     Sampling 2 unrevealed pokemon
INFO     	   lycanrocdusk   toughclaws      lifeorb [accelerock, closecombat, stoneedge, swordsdance] ttype=fighting
INFO     	       jumpluff  infiltrator              [acrobatics, sleeppowder, strengthsap, uturn] ttype=steel
INFO     Sampling battle 1
INFO     	      staraptor     reckless  choicescarf [bravebird, closecombat, doubleedge, uturn] ttype=fighting
INFO     	      armarouge    weakarmor    powerherb [armorcannon, energyball, meteorbeam, psyshock] ttype=fire
INFO     Sampling 2 unrevealed pokemon
INFO     	      terrakion    justified   choiceband [closecombat, earthquake, quickattack, stoneedge] ttype=ground
INFO     	     ironthorns   quarkdrive  choicescarf [earthquake, icepunch, stoneedge, wildcharge] ttype=grass
INFO     Sampling battle 2
INFO     	      staraptor     reckless   choiceband [bravebird, closecombat, doubleedge, quickattack] ttype=flying
INFO     	      armarouge    weakarmor  choicespecs [armorcannon, aurasphere, energyball, psyshock] ttype=grass
INFO     Sampling 2 unrevealed pokemon
INFO     	        leafeon  chlorophyll      lifeorb [knockoff, leafblade, swordsdance, synthesis] ttype=dark
INFO     	      bastiodon   soundproof  chestoberry [bodypress, foulplay, irondefense, rest] ttype=fighting
INFO     Sampling battle 3
INFO     	      staraptor     reckless   choiceband [bravebird, closecombat, doubleedge, quickattack] ttype=flying
INFO     	      armarouge    weakarmor    powerherb [armorcannon, energyball, meteorbeam, psyshock] ttype=grass
INFO     Sampling 2 unrevealed pokemon
INFO     	       delibird       hustle heavydutyboots [bravebird, drillrun, icespinner, spikes] ttype=ground
INFO     	          golem       sturdy  custapberry [earthquake, explosion, stealthrock, stoneedge] ttype=ground
INFO     Searching for a move using MCTS...
INFO     Sampling 4 battles at 500ms each
INFO     Policy 0: bodypress visited 56.35% avg_score=0.54 sample_chance_multiplier=0.25
INFO     Policy 1: switch dewgong visited 93.85% avg_score=0.612 sample_chance_multiplier=0.25
INFO     Policy 2: bodypress visited 55.16% avg_score=0.612 sample_chance_multiplier=0.25
INFO     Policy 3: switch dewgong visited 47.17% avg_score=0.557 sample_chance_multiplier=0.25
INFO     Considered Choices:
INFO     	50.389%: switch dewgong
INFO     	39.717%: bodypress
INFO     Choice: bodypress
INFO     Opponent has switched - clearing the last used move
INFO     armarouge's speed was unboosted by 1 to -1
INFO     arceusfighting already has the move bodypress. Decrementing the PP by 1
INFO     arceusfighting used a fighting move, removing fightinggem from possible items
INFO     Setting arceusfighting's last used move: bodypress
INFO     arceusfighting used a damaging move - not guessing lifeorb anymore
INFO     arceusfighting did 16.0% damage to armarouge with bodypress
INFO     Setting armarouge's ability to weakarmor
INFO     armarouge's defense was unboosted by 1 to -1
INFO     armarouge's speed was boosted by 2 to 1
INFO     armarouge has less than maxhp during upkeep, no longer guessing leftovers or blacksludge
INFO     
INFO     Turn: 18
INFO     Sampling battle 0
INFO     	      armarouge    weakarmor    powerherb [armorcannon, energyball, meteorbeam, psyshock] ttype=fire
INFO     	      staraptor     reckless   choiceband [bravebird, closecombat, doubleedge, uturn] ttype=flying
INFO     Sampling 2 unrevealed pokemon
INFO     	       ironmoth   quarkdrive heavydutyboots [energyball, fierydance, sludgewave, toxicspikes] ttype=fire
INFO     	       tsareena queenlymajesty heavydutyboots [powerwhip, synthesis, tripleaxel, uturn] ttype=steel
INFO     Sampling battle 1
INFO     	      armarouge    weakarmor    powerherb [armorcannon, energyball, meteorbeam, psyshock] ttype=fire
INFO     	      staraptor     reckless   choiceband [bravebird, closecombat, quickattack, uturn] ttype=fighting
INFO     Sampling 2 unrevealed pokemon
INFO     	      lilligant     owntempo      lifeorb [alluringvoice, petaldance, quiverdance, sleeppowder] ttype=grass
INFO     	        bisharp      defiant     eviolite [ironhead, stealthrock, suckerpunch, throatchop] ttype=ghost
INFO     Sampling battle 2
INFO     	      armarouge    weakarmor    powerherb [armorcannon, energyball, meteorbeam, psyshock] ttype=grass
INFO     	      staraptor     reckless   choiceband [bravebird, closecombat, doubleedge, uturn] ttype=flying
INFO     Sampling 2 unrevealed pokemon
INFO     	    arceussteel    multitype    ironplate [calmmind, earthpower, judgment, recover] ttype=ghost
INFO     	      mamoswine     thickfat      lifeorb [earthquake, iceshard, iciclecrash, stealthrock] ttype=ground
INFO     Sampling battle 3
INFO     	      armarouge    weakarmor  choicespecs [armorcannon, aurasphere, energyball, psyshock] ttype=psychic
INFO     	      staraptor     reckless   choiceband [bravebird, doubleedge, quickattack, uturn] ttype=flying
INFO     Sampling 2 unrevealed pokemon
INFO     	      rotomwash     levitate  choicescarf [hydropump, thunderbolt, trick, voltswitch] ttype=water
INFO     	        breloom   technician      lifeorb [bulletseed, machpunch, rocktomb, spore] ttype=fighting
INFO     Searching for a move using MCTS...
INFO     Sampling 4 battles at 500ms each
INFO     Policy 0: switch dewgong visited 42.5% avg_score=0.387 sample_chance_multiplier=0.25
INFO     Policy 1: switch dewgong visited 44.99% avg_score=0.408 sample_chance_multiplier=0.25
INFO     Policy 2: switch dewgong visited 46.18% avg_score=0.419 sample_chance_multiplier=0.25
INFO     Policy 3: switch masquerain visited 73.13% avg_score=0.346 sample_chance_multiplier=0.25
INFO     Considered Choices:
INFO     	37.991%: switch dewgong
INFO     	29.585%: bodypress
INFO     Choice: switch dewgong
INFO     armarouge used a psychic move, removing psychicgem from possible items
INFO     Setting armarouge's last used move: psyshock
INFO     armarouge used a damaging move - not guessing lifeorb anymore
INFO     armarouge did 26.090000000000003% damage to dewgong with psyshock
INFO     armarouge has less than maxhp during upkeep, no longer guessing leftovers or blacksludge
INFO     
INFO     Turn: 19
INFO     Sampling battle 0
INFO     	      armarouge    weakarmor    powerherb [armorcannon, energyball, meteorbeam, psyshock] ttype=fire
INFO     	      staraptor     reckless   choiceband [bravebird, closecombat, doubleedge, quickattack] ttype=flying
INFO     Sampling 2 unrevealed pokemon
INFO     	         emboar     reckless  assaultvest [closecombat, flareblitz, knockoff, wildcharge] ttype=electric
INFO     	      tatsugiri   stormdrain heavydutyboots [dracometeor, hydropump, nastyplot, rapidspin] ttype=water
INFO     Sampling battle 1
INFO     	      armarouge    weakarmor    powerherb [armorcannon, energyball, meteorbeam, psyshock] ttype=grass
INFO     	      staraptor     reckless   choiceband [bravebird, closecombat, quickattack, uturn] ttype=fighting
INFO     Sampling 2 unrevealed pokemon
INFO     	   lycanrocdusk   toughclaws   choiceband [accelerock, closecombat, psychicfangs, stoneedge] ttype=fighting
INFO     	       ludicolo    swiftswim  choicespecs [gigadrain, hydropump, icebeam, leafstorm] ttype=water
INFO     Sampling battle 2
INFO     	      armarouge    weakarmor    powerherb [armorcannon, energyball, meteorbeam, psyshock] ttype=grass
INFO     	      staraptor     reckless   choiceband [bravebird, closecombat, quickattack, uturn] ttype=fighting
INFO     Sampling 2 unrevealed pokemon
INFO     	typhlosionhisui        blaze    leftovers [calmmind, fireblast, shadowball, substitute] ttype=fire
INFO     	        scrafty     shedskin    leftovers [bulkup, drainpunch, knockoff, rest] ttype=poison
INFO     Sampling battle 3
INFO     	      armarouge    weakarmor    powerherb [armorcannon, energyball, meteorbeam, psyshock] ttype=grass
INFO     	      staraptor     reckless   choiceband [bravebird, closecombat, doubleedge, quickattack] ttype=flying
INFO     Sampling 2 unrevealed pokemon
INFO     	       arcanine   intimidate heavydutyboots [closecombat, flareblitz, morningsun, willowisp] ttype=fighting
INFO     	        gliscor   poisonheal     toxicorb [earthquake, knockoff, protect, toxicspikes] ttype=water
INFO     Searching for a move using MCTS...
INFO     Sampling 4 battles at 500ms each
INFO     Policy 0: surf visited 82.31% avg_score=0.482 sample_chance_multiplier=0.25
INFO     Policy 1: surf visited 82.81% avg_score=0.51 sample_chance_multiplier=0.25
INFO     Policy 2: surf visited 85.9% avg_score=0.528 sample_chance_multiplier=0.25
INFO     Policy 3: surf visited 76.87% avg_score=0.447 sample_chance_multiplier=0.25
INFO     Considered Choices:
INFO     	81.974%: surf
INFO     Choice: surf
INFO     Updated armarouge's min speed to 123
INFO     armarouge used two different moves - it cannot have a choice item
INFO     armarouge used a rock move, removing rockgem from possible items
INFO     Setting armarouge's last used move: meteorbeam
INFO     armarouge used a damaging move - not guessing lifeorb anymore
INFO     armarouge did 45.96% damage to dewgong with meteorbeam
INFO     Adding the volatile status meteorbeam to armarouge
INFO     armarouge's special-attack was boosted by 1 to 1
INFO     Removing armarouge's item: powerherb
INFO     Setting armarouge's removed item to powerherb
INFO     Removing volatile status meteorbeam from armarouge because of -anim
INFO     dewgong already has the move surf. Decrementing the PP by 1
INFO     dewgong used a water move, removing watergem from possible items
INFO     Setting dewgong's last used move: surf
INFO     dewgong used a damaging move - not guessing lifeorb anymore
INFO     dewgong did 75.0% damage to armarouge with surf
INFO     armarouge has less than maxhp during upkeep, no longer guessing leftovers or blacksludge
INFO     
INFO     Turn: 20
INFO     Sampling battle 0
INFO     	      armarouge    weakarmor         None [armorcannon, energyball, meteorbeam, psyshock] ttype=grass
INFO     	      staraptor     reckless   choiceband [bravebird, closecombat, doubleedge, quickattack] ttype=flying
INFO     Sampling 2 unrevealed pokemon
INFO     	      tyranitar   sandstream    leftovers [dragondance, earthquake, knockoff, stoneedge] ttype=ghost
INFO     	      spectrier    grimneigh    leftovers [darkpulse, nastyplot, shadowball, substitute] ttype=dark
INFO     Sampling battle 1
INFO     	      armarouge    weakarmor         None [armorcannon, energyball, meteorbeam, psyshock] ttype=fire
INFO     	      staraptor     reckless   choiceband [bravebird, closecombat, doubleedge, uturn] ttype=fighting
INFO     Sampling 2 unrevealed pokemon
INFO     	          klawf   angershell    scopelens [highhorsepower, knockoff, stoneedge, swordsdance] ttype=rock
INFO     	          minun   voltabsorb      lifeorb [encore, grassknot, nastyplot, thunderbolt] ttype=electric
INFO     Sampling battle 2
INFO     	      armarouge    weakarmor         None [armorcannon, energyball, meteorbeam, psyshock] ttype=grass
INFO     	      staraptor     reckless   choiceband [bravebird, closecombat, doubleedge, quickattack] ttype=fighting
INFO     Sampling 2 unrevealed pokemon
INFO     	      magnezone     analytic  assaultvest [bodypress, flashcannon, thunderbolt, voltswitch] ttype=flying
INFO     	      tatsugiri   stormdrain heavydutyboots [dracometeor, nastyplot, rapidspin, surf] ttype=water
INFO     Sampling battle 3
INFO     	      armarouge    weakarmor         None [armorcannon, energyball, meteorbeam, psyshock] ttype=fire
INFO     	      staraptor     reckless   choiceband [bravebird, closecombat, doubleedge, quickattack] ttype=flying
INFO     Sampling 2 unrevealed pokemon
INFO     	     toedscruel myceliummight    leftovers [earthpower, leafstorm, rapidspin, spore] ttype=water
INFO     	           hooh  regenerator heavydutyboots [bravebird, earthquake, recover, sacredfire] ttype=ground
INFO     Searching for a move using MCTS...
INFO     Sampling 4 battles at 500ms each
INFO     Policy 0: tripleaxel visited 22.35% avg_score=0.304 sample_chance_multiplier=0.25
INFO     Policy 1: tripleaxel visited 49.14% avg_score=0.413 sample_chance_multiplier=0.25
INFO     Policy 2: knockoff visited 20.86% avg_score=0.27 sample_chance_multiplier=0.25
INFO     Policy 3: surf visited 21.11% avg_score=0.272 sample_chance_multiplier=0.25
INFO     Considered Choices:
INFO     	28.245%: tripleaxel
INFO     Choice: tripleaxel
INFO     Updated armarouge's min speed to 123
INFO     armarouge already has the move psyshock. Decrementing the PP by 1
INFO     armarouge used two different moves - it cannot have a choice item
INFO     armarouge used a psychic move, removing psychicgem from possible items
INFO     Setting armarouge's last used move: psyshock
INFO     armarouge used a damaging move - not guessing lifeorb anymore
INFO     armarouge did 14.91% damage to dewgong with psyshock
INFO     armarouge has less than maxhp during upkeep, no longer guessing leftovers or blacksludge
INFO     Sampling battle 0
INFO     	      armarouge    weakarmor         None [armorcannon, energyball, meteorbeam, psyshock] ttype=grass
INFO     	      staraptor     reckless   choiceband [bravebird, doubleedge, quickattack, uturn] ttype=flying
INFO     Sampling 2 unrevealed pokemon
INFO     	         comfey       triage    leftovers [calmmind, drainingkiss, taunt, terablast] ttype=ground
INFO     	        heatran    flashfire   airballoon [earthpower, flashcannon, lavaplume, stealthrock] ttype=grass
INFO     Sampling battle 1
INFO     	      armarouge    weakarmor         None [armorcannon, energyball, meteorbeam, psyshock] ttype=fire
INFO     	      staraptor     reckless   choiceband [bravebird, closecombat, doubleedge, quickattack] ttype=flying
INFO     Sampling 2 unrevealed pokemon
INFO     	     whimsicott    prankster heavydutyboots [encore, moonblast, stunspore, uturn] ttype=poison
INFO     	 arceuselectric    multitype     zapplate [calmmind, icebeam, judgment, recover] ttype=electric
INFO     Sampling battle 2
INFO     	      armarouge    weakarmor         None [armorcannon, energyball, meteorbeam, psyshock] ttype=grass
INFO     	      staraptor     reckless   choiceband [bravebird, closecombat, doubleedge, quickattack] ttype=flying
INFO     Sampling 2 unrevealed pokemon
INFO     	        drednaw   shellarmor    whiteherb [earthquake, liquidation, shellsmash, stoneedge] ttype=ground
INFO     	      charizard        blaze heavydutyboots [earthquake, flamethrower, hurricane, willowisp] ttype=ground
INFO     Sampling battle 3
INFO     	      armarouge    weakarmor         None [armorcannon, energyball, meteorbeam, psyshock] ttype=fire
INFO     	      staraptor     reckless   choiceband [bravebird, closecombat, doubleedge, quickattack] ttype=fighting
INFO     Sampling 2 unrevealed pokemon
INFO     	urshifurapidstrike   unseenfist  choicescarf [closecombat, icespinner, surgingstrikes, uturn] ttype=water
INFO     	       vaporeon  waterabsorb    leftovers [calmmind, protect, scald, wish] ttype=ground
INFO     Searching for a move using MCTS...
INFO     Sampling 4 battles at 500ms each
INFO     Policy 0: switch chandelure visited 90.71% avg_score=0.433 sample_chance_multiplier=0.25
INFO     Policy 1: switch arceusfighting visited 62.13% avg_score=0.395 sample_chance_multiplier=0.25
INFO     Policy 2: switch chandelure visited 62.59% avg_score=0.291 sample_chance_multiplier=0.25
INFO     Policy 3: switch chandelure visited 66.13% avg_score=0.392 sample_chance_multiplier=0.25
INFO     Considered Choices:
INFO     	61.359%: switch chandelure
INFO     Choice: switch chandelure
INFO     chandelure switched in, adding intimidate to impossible abilities
INFO     chandelure switched in, adding pressure to impossible abilities
INFO     chandelure switched in, adding neutralizinggas to impossible abilities
INFO     chandelure switched in, adding sandstream to impossible abilities
INFO     chandelure switched in, adding drought to impossible abilities
INFO     chandelure switched in, adding drizzle to impossible abilities
INFO     chandelure switched in, adding snowwarning to impossible abilities
INFO     chandelure switched in, adding boosterenergy to impossible items
INFO     chandelure switched in, adding airballoon to impossible items
INFO     
INFO     Turn: 21
INFO     Sampling battle 0
INFO     	      armarouge    weakarmor         None [armorcannon, energyball, meteorbeam, psyshock] ttype=fire
INFO     	      staraptor     reckless   choiceband [bravebird, doubleedge, quickattack, uturn] ttype=flying
INFO     Sampling 2 unrevealed pokemon
INFO     	        beartic    slushrush heavydutyboots [closecombat, earthquake, iciclecrash, swordsdance] ttype=fighting
INFO     	       swampert         damp    leftovers [earthquake, knockoff, stealthrock, yawn] ttype=poison
INFO     Sampling battle 1
INFO     	      armarouge    weakarmor         None [armorcannon, energyball, meteorbeam, psyshock] ttype=fire
INFO     	      staraptor     reckless   choiceband [bravebird, closecombat, doubleedge, uturn] ttype=flying
INFO     Sampling 2 unrevealed pokemon
INFO     	     tentacruel   liquidooze    leftovers [flipturn, sludgebomb, surf, toxic] ttype=flying
INFO     	       gyarados        moxie heavydutyboots [dragondance, earthquake, temperflare, waterfall] ttype=ground
INFO     Sampling battle 2
INFO     	      armarouge    weakarmor         None [armorcannon, energyball, meteorbeam, psyshock] ttype=grass
INFO     	      staraptor     reckless  choicescarf [bravebird, closecombat, doubleedge, uturn] ttype=flying
INFO     Sampling 2 unrevealed pokemon
INFO     	        breloom   technician      lifeorb [bulletseed, machpunch, rocktomb, spore] ttype=rock
INFO     	       regirock    clearbody  chestoberry [bodypress, irondefense, rest, stoneedge] ttype=fighting
INFO     Sampling battle 3
INFO     	      armarouge    weakarmor         None [armorcannon, energyball, meteorbeam, psyshock] ttype=fire
INFO     	      staraptor     reckless   choiceband [bravebird, closecombat, doubleedge, uturn] ttype=flying
INFO     Sampling 2 unrevealed pokemon
INFO     	 arceuselectric    multitype     zapplate [calmmind, icebeam, judgment, recover] ttype=ice
INFO     	       floatzel    waterveil   choiceband [crunch, flipturn, icespinner, wavecrash] ttype=water
INFO     Searching for a move using MCTS...
INFO     Sampling 4 battles at 500ms each
INFO     Policy 0: shadowball visited 62.63% avg_score=0.545 sample_chance_multiplier=0.25
INFO     Policy 1: shadowball visited 37.28% avg_score=0.301 sample_chance_multiplier=0.25
INFO     Policy 2: energyball visited 81.5% avg_score=0.497 sample_chance_multiplier=0.25
INFO     Policy 3: shadowball visited 69.71% avg_score=0.451 sample_chance_multiplier=0.25
INFO     Considered Choices:
INFO     	45.633%: shadowball
INFO     	43.108%: energyball
INFO     Choice: energyball
INFO     Updated armarouge's min speed to 123
INFO     armarouge already has the move psyshock. Decrementing the PP by 1
INFO     armarouge used a psychic move, removing psychicgem from possible items
INFO     Setting armarouge's last used move: psyshock
INFO     armarouge used a damaging move - not guessing lifeorb anymore
INFO     armarouge did 62.55% damage to chandelure with psyshock
INFO     chandelure already has the move energyball. Decrementing the PP by 1
INFO     chandelure used a grass move, removing grassgem from possible items
INFO     Setting chandelure's last used move: energyball
INFO     chandelure used a damaging move - not guessing lifeorb anymore
INFO     chandelure did 9.0% damage to armarouge with energyball
INFO     armarouge has less than maxhp during upkeep, no longer guessing leftovers or blacksludge
INFO     Opponent has switched - clearing the last used move
INFO     sneasler switched in, adding intimidate to impossible abilities
INFO     sneasler switched in, adding pressure to impossible abilities
INFO     sneasler switched in, adding neutralizinggas to impossible abilities
INFO     sneasler switched in, adding sandstream to impossible abilities
INFO     sneasler switched in, adding drought to impossible abilities
INFO     sneasler switched in, adding drizzle to impossible abilities
INFO     sneasler switched in, adding snowwarning to impossible abilities
INFO     sneasler switched in, adding boosterenergy to impossible items
INFO     sneasler switched in, adding airballoon to impossible items
INFO     sneasler's speed was unboosted by 1 to -1
INFO     Removing sneasler's item: whiteherb
INFO     Setting sneasler's removed item to whiteherb
INFO     Adding unburden volatile to sneasler
INFO     Setting sneasler's speed boost to 0
INFO     
INFO     Turn: 22
INFO     Sampling battle 0
INFO     	       sneasler     unburden         None [acrobatics, closecombat, gunkshot, swordsdance] ttype=flying
INFO     	      staraptor     reckless   choiceband [bravebird, closecombat, quickattack, uturn] ttype=fighting
INFO     Sampling 1 unrevealed pokemon
INFO     	     grimmsnarl    prankster    lightclay [lightscreen, partingshot, reflect, spiritbreak] ttype=poison
INFO     Sampling battle 1
INFO     	       sneasler     unburden         None [acrobatics, closecombat, gunkshot, swordsdance] ttype=flying
INFO     	      staraptor     reckless   choiceband [bravebird, closecombat, quickattack, uturn] ttype=fighting
INFO     Sampling 1 unrevealed pokemon
INFO     	     ironbundle   quarkdrive heavydutyboots [encore, flipturn, freezedry, hydropump] ttype=water
INFO     Sampling battle 2
INFO     	       sneasler     unburden         None [acrobatics, closecombat, gunkshot, swordsdance] ttype=flying
INFO     	      staraptor     reckless  choicescarf [bravebird, closecombat, doubleedge, uturn] ttype=flying
INFO     Sampling 1 unrevealed pokemon
INFO     	        groudon      drought    leftovers [heatcrash, precipiceblades, stoneedge, thunderwave] ttype=fire
INFO     Sampling battle 3
INFO     	       sneasler     unburden         None [acrobatics, closecombat, gunkshot, swordsdance] ttype=flying
INFO     	      staraptor     reckless   choiceband [bravebird, closecombat, doubleedge, quickattack] ttype=flying
INFO     Sampling 1 unrevealed pokemon
INFO     	      volcarona    flamebody heavydutyboots [fierydance, gigadrain, morningsun, quiverdance] ttype=fire
INFO     Searching for a move using MCTS...
INFO     Sampling 4 battles at 500ms each
INFO     Policy 0: fireblast visited 63.61% avg_score=0.26 sample_chance_multiplier=0.25
INFO     Policy 1: fireblast visited 65.23% avg_score=0.271 sample_chance_multiplier=0.25
INFO     Policy 2: fireblast visited 63.91% avg_score=0.267 sample_chance_multiplier=0.25
INFO     Policy 3: fireblast visited 80.66% avg_score=0.302 sample_chance_multiplier=0.25
INFO     Considered Choices:
INFO     	68.35%: fireblast
INFO     Choice: fireblast
INFO     sneasler using swordsdance makes it unlikely to have a choice item. Setting can_have_choice_item to False
INFO     sneasler used a status-move. Adding `assaultvest` to impossible items
INFO     Setting sneasler's last used move: swordsdance
INFO     sneasler's attack was boosted by 2 to 2
INFO     chandelure already has the move fireblast. Decrementing the PP by 1
INFO     chandelure used a fire move, removing firegem from possible items
INFO     Setting chandelure's last used move: fireblast
INFO     chandelure used a damaging move - not guessing lifeorb anymore
INFO     
INFO     Turn: 23
INFO     Sampling battle 0
INFO     	       sneasler     unburden         None [acrobatics, closecombat, gunkshot, swordsdance] ttype=flying
INFO     	      staraptor     reckless  choicescarf [bravebird, closecombat, doubleedge, uturn] ttype=flying
INFO     Sampling 1 unrevealed pokemon
INFO     	     feraligatr   sheerforce      lifeorb [crunch, dragondance, icepunch, liquidation] ttype=dark
INFO     Sampling battle 1
INFO     	       sneasler     unburden         None [acrobatics, closecombat, direclaw, swordsdance] ttype=flying
INFO     	      staraptor     reckless  choicescarf [bravebird, closecombat, doubleedge, uturn] ttype=flying
INFO     Sampling 1 unrevealed pokemon
INFO     	     shayminsky  serenegrace  choicespecs [airslash, dazzlinggleam, earthpower, seedflare] ttype=grass
INFO     Sampling battle 2
INFO     	       sneasler     unburden         None [acrobatics, closecombat, direclaw, swordsdance] ttype=flying
INFO     	      staraptor     reckless   choiceband [bravebird, closecombat, quickattack, uturn] ttype=flying
INFO     Sampling 1 unrevealed pokemon
INFO     	     rotomfrost     levitate heavydutyboots [blizzard, thunderbolt, voltswitch, willowisp] ttype=electric
INFO     Sampling battle 3
INFO     	       sneasler     unburden         None [acrobatics, closecombat, direclaw, swordsdance] ttype=flying
INFO     	      staraptor     reckless  choicescarf [bravebird, closecombat, doubleedge, uturn] ttype=flying
INFO     Sampling 1 unrevealed pokemon
INFO     	      amoonguss  regenerator    leftovers [gigadrain, sludgebomb, spore, stompingtantrum] ttype=steel
INFO     Searching for a move using MCTS...
INFO     Sampling 4 battles at 500ms each
INFO     Policy 0: switch masquerain visited 24.37% avg_score=0.126 sample_chance_multiplier=0.25
INFO     Policy 1: switch masquerain visited 26.51% avg_score=0.127 sample_chance_multiplier=0.25
INFO     Policy 2: switch masquerain visited 26.76% avg_score=0.127 sample_chance_multiplier=0.25
INFO     Policy 3: switch masquerain visited 25.63% avg_score=0.129 sample_chance_multiplier=0.25
INFO     Considered Choices:
INFO     	25.816%: switch masquerain
INFO     Choice: switch masquerain
INFO     Setting masquerain's ability to intimidate
INFO     sneasler's attack was unboosted by 1 to 1
INFO     sneasler used two different moves - it cannot have a choice item
INFO     sneasler used a flying move, removing flyinggem from possible items
INFO     Setting sneasler's last used move: acrobatics
INFO     sneasler used a damaging move - not guessing lifeorb anymore
INFO     sneasler did 49.24% damage to masquerain with acrobatics
INFO     Sampling battle 0
INFO     	       sneasler     unburden         None [acrobatics, closecombat, gunkshot, swordsdance] ttype=flying
INFO     	      staraptor     reckless   choiceband [bravebird, closecombat, doubleedge, uturn] ttype=flying
INFO     Sampling 1 unrevealed pokemon
INFO     	     arceusfire    multitype   flameplate [dragondance, earthquake, flareblitz, recover] ttype=ground
INFO     Sampling battle 1
INFO     	       sneasler     unburden         None [acrobatics, closecombat, direclaw, swordsdance] ttype=flying
INFO     	      staraptor     reckless   choiceband [bravebird, closecombat, quickattack, uturn] ttype=flying
INFO     Sampling 1 unrevealed pokemon
INFO     	       dragalge adaptability  choicespecs [dracometeor, flipturn, focusblast, sludgewave] ttype=fighting
INFO     Sampling battle 2
INFO     	       sneasler     unburden         None [acrobatics, closecombat, direclaw, swordsdance] ttype=flying
INFO     	      staraptor     reckless   choiceband [bravebird, closecombat, doubleedge, uturn] ttype=fighting
INFO     Sampling 1 unrevealed pokemon
INFO     	       frosmoth    icescales heavydutyboots [bugbuzz, gigadrain, icebeam, quiverdance] ttype=water
INFO     Sampling battle 3
INFO     	       sneasler     unburden         None [acrobatics, closecombat, gunkshot, swordsdance] ttype=flying
INFO     	      staraptor     reckless   choiceband [bravebird, closecombat, quickattack, uturn] ttype=fighting
INFO     Sampling 1 unrevealed pokemon
INFO     	      zamazenta dauntlessshield    leftovers [bodypress, irondefense, ironhead, stoneedge] ttype=steel
INFO     Searching for a move using MCTS...
INFO     Sampling 4 battles at 500ms each
INFO     Policy 0: switch arceusfighting visited 58.23% avg_score=0.031 sample_chance_multiplier=0.25
INFO     Policy 1: switch arceusfighting visited 59.85% avg_score=0.033 sample_chance_multiplier=0.25
INFO     Policy 2: switch arceusfighting visited 58.8% avg_score=0.029 sample_chance_multiplier=0.25
INFO     Policy 3: switch arceusfighting visited 57.42% avg_score=0.03 sample_chance_multiplier=0.25
INFO     Considered Choices:
INFO     	58.577%: switch arceusfighting
INFO     Choice: switch arceusfighting
INFO     
INFO     Turn: 24
INFO     Sampling battle 0
INFO     	       sneasler     unburden         None [acrobatics, closecombat, direclaw, swordsdance] ttype=flying
INFO     	      staraptor     reckless   choiceband [bravebird, closecombat, quickattack, uturn] ttype=fighting
INFO     Sampling 1 unrevealed pokemon
INFO     	          rotom     levitate      lifeorb [nastyplot, shadowball, thunderbolt, willowisp] ttype=ghost
INFO     Sampling battle 1
INFO     	       sneasler     unburden         None [acrobatics, closecombat, gunkshot, swordsdance] ttype=flying
INFO     	      staraptor     reckless   choiceband [bravebird, closecombat, doubleedge, quickattack] ttype=fighting
INFO     Sampling 1 unrevealed pokemon
INFO     	    kilowattrel   voltabsorb heavydutyboots [discharge, hurricane, roost, uturn] ttype=steel
INFO     Sampling battle 2
INFO     	       sneasler     unburden         None [acrobatics, closecombat, gunkshot, swordsdance] ttype=flying
INFO     	      staraptor     reckless   choiceband [bravebird, closecombat, doubleedge, uturn] ttype=flying
INFO     Sampling 1 unrevealed pokemon
INFO     	        wochien tabletsofruin    leftovers [gigadrain, knockoff, ruination, stunspore] ttype=poison
INFO     Sampling battle 3
INFO     	       sneasler     unburden         None [acrobatics, closecombat, direclaw, swordsdance] ttype=flying
INFO     	      staraptor     reckless   choiceband [bravebird, closecombat, doubleedge, quickattack] ttype=fighting
INFO     Sampling 1 unrevealed pokemon
INFO     	       rayquaza      airlock heavydutyboots [dragonascent, earthquake, extremespeed, swordsdance] ttype=normal
INFO     Searching for a move using MCTS...
INFO     Sampling 4 battles at 500ms each
INFO     Policy 0: recover visited 42.74% avg_score=0.033 sample_chance_multiplier=0.25
INFO     Policy 1: recover visited 41.28% avg_score=0.033 sample_chance_multiplier=0.25
INFO     Policy 2: recover visited 41.11% avg_score=0.03 sample_chance_multiplier=0.25
INFO     Policy 3: recover visited 42.83% avg_score=0.037 sample_chance_multiplier=0.25
INFO     Considered Choices:
INFO     	41.99%: recover
INFO     Choice: recover
INFO     sneasler already has the move acrobatics. Decrementing the PP by 1
INFO     sneasler used a flying move, removing flyinggem from possible items
INFO     Setting sneasler's last used move: acrobatics
INFO     sneasler used a damaging move - not guessing lifeorb anymore
INFO     sneasler did 72.54% damage to arceusfighting with acrobatics
INFO     arceusfighting already has the move recover. Decrementing the PP by 1
INFO     arceusfighting using recover makes it unlikely to have a choice item. Setting can_have_choice_item to False
INFO     arceusfighting used a status-move. Adding `assaultvest` to impossible items
INFO     Setting arceusfighting's last used move: recover
INFO     
INFO     Turn: 25
INFO     Sampling battle 0
INFO     	       sneasler     unburden         None [acrobatics, closecombat, gunkshot, swordsdance] ttype=flying
INFO     	      staraptor     reckless   choiceband [bravebird, closecombat, doubleedge, quickattack] ttype=fighting
INFO     Sampling 1 unrevealed pokemon
INFO     	     bombirdier rockypayload   choiceband [bravebird, knockoff, stoneedge, uturn] ttype=rock
INFO     Sampling battle 1
INFO     	       sneasler     unburden         None [acrobatics, closecombat, gunkshot, swordsdance] ttype=flying
INFO     	      staraptor     reckless   choiceband [bravebird, closecombat, doubleedge, quickattack] ttype=flying
INFO     Sampling 1 unrevealed pokemon
INFO     	          chiyu  beadsofruin  choicespecs [darkpulse, flamethrower, overheat, psychic] ttype=dark
INFO     Sampling battle 2
INFO     	       sneasler     unburden         None [acrobatics, closecombat, gunkshot, swordsdance] ttype=flying
INFO     	      staraptor     reckless   choiceband [bravebird, closecombat, quickattack, uturn] ttype=flying
INFO     Sampling 1 unrevealed pokemon
INFO     	        carbink       sturdy    leftovers [bodypress, irondefense, moonblast, rockpolish] ttype=fighting
INFO     Sampling battle 3
INFO     	       sneasler     unburden         None [acrobatics, closecombat, gunkshot, swordsdance] ttype=flying
INFO     	      staraptor     reckless   choiceband [bravebird, closecombat, doubleedge, quickattack] ttype=fighting
INFO     Sampling 1 unrevealed pokemon
INFO     	        pikachu lightningrod    lightball [fakeout, playrough, surf, volttackle] ttype=water
INFO     Searching for a move using MCTS...
INFO     Sampling 4 battles at 500ms each
INFO     Policy 0: bodypress visited 22.57% avg_score=0.018 sample_chance_multiplier=0.25
INFO     Policy 1: bodypress visited 22.44% avg_score=0.017 sample_chance_multiplier=0.25
INFO     Policy 2: storedpower visited 21.58% avg_score=0.015 sample_chance_multiplier=0.25
INFO     Policy 3: bodypress visited 21.93% avg_score=0.016 sample_chance_multiplier=0.25
INFO     Considered Choices:
INFO     	22.121%: bodypress
INFO     	22.038%: storedpower
INFO     	18.824%: cosmicpower
INFO     	18.539%: switch chandelure
INFO     	18.478%: recover
INFO     Choice: storedpower
INFO     sneasler already has the move acrobatics. Decrementing the PP by 1
INFO     sneasler used a flying move, removing flyinggem from possible items
INFO     Setting sneasler's last used move: acrobatics
INFO     sneasler used a damaging move - not guessing lifeorb anymore
INFO     sneasler did 77.46% damage to arceusfighting with acrobatics
INFO     Sampling battle 0
INFO     	       sneasler     unburden         None [acrobatics, closecombat, gunkshot, swordsdance] ttype=flying
INFO     	      staraptor     reckless   choiceband [bravebird, closecombat, doubleedge, uturn] ttype=fighting
INFO     Sampling 1 unrevealed pokemon
INFO     	        umbreon  synchronize    leftovers [foulplay, protect, toxic, wish] ttype=poison
INFO     Sampling battle 1
INFO     	       sneasler     unburden         None [acrobatics, closecombat, gunkshot, swordsdance] ttype=flying
INFO     	      staraptor     reckless   choiceband [bravebird, closecombat, doubleedge, quickattack] ttype=flying
INFO     Sampling 1 unrevealed pokemon
INFO     	         minior  shieldsdown    whiteherb [acrobatics, earthquake, powergem, shellsmash] ttype=steel
INFO     Sampling battle 2
INFO     	       sneasler     unburden         None [acrobatics, closecombat, gunkshot, swordsdance] ttype=flying
INFO     	      staraptor     reckless   choiceband [bravebird, closecombat, quickattack, uturn] ttype=flying
INFO     Sampling 1 unrevealed pokemon
INFO     	       ampharos       static  assaultvest [dazzlinggleam, discharge, focusblast, voltswitch] ttype=fairy
INFO     Sampling battle 3
INFO     	       sneasler     unburden         None [acrobatics, closecombat, direclaw, swordsdance] ttype=flying
INFO     	      staraptor     reckless   choiceband [bravebird, closecombat, quickattack, uturn] ttype=flying
INFO     Sampling 1 unrevealed pokemon
INFO     	       illumise    prankster heavydutyboots [bugbuzz, encore, roost, thunderwave] ttype=water
INFO     Searching for a move using MCTS...
INFO     Sampling 4 battles at 500ms each
INFO     Policy 0: switch chandelure visited 100.0% avg_score=0.001 sample_chance_multiplier=0.25
INFO     Policy 1: switch chandelure visited 100.0% avg_score=0.0 sample_chance_multiplier=0.25
INFO     Policy 2: switch chandelure visited 100.0% avg_score=0.0 sample_chance_multiplier=0.25
INFO     Policy 3: switch chandelure visited 100.0% avg_score=0.0 sample_chance_multiplier=0.25
INFO     Considered Choices:
INFO     	100.0%: switch chandelure
INFO     Choice: switch chandelure
INFO     
INFO     Turn: 26
INFO     Sampling battle 0
INFO     	       sneasler     unburden         None [acrobatics, closecombat, gunkshot, swordsdance] ttype=flying
INFO     	      staraptor     reckless   choiceband [bravebird, closecombat, doubleedge, quickattack] ttype=flying
INFO     Sampling 1 unrevealed pokemon
INFO     	    kyuremwhite   turboblaze  choicespecs [dracometeor, earthpower, freezedry, fusionflare] ttype=dragon
INFO     Sampling battle 1
INFO     	       sneasler     unburden         None [acrobatics, closecombat, gunkshot, swordsdance] ttype=flying
INFO     	      staraptor     reckless   choiceband [bravebird, doubleedge, quickattack, uturn] ttype=flying
INFO     Sampling 1 unrevealed pokemon
INFO     	         golurk      noguard      lifeorb [earthquake, poltergeist, stealthrock, stoneedge] ttype=ghost
INFO     Sampling battle 2
INFO     	       sneasler     unburden         None [acrobatics, closecombat, gunkshot, swordsdance] ttype=flying
INFO     	      staraptor     reckless   choiceband [bravebird, closecombat, doubleedge, uturn] ttype=fighting
INFO     Sampling 1 unrevealed pokemon
INFO     	    basculegion adaptability  assaultvest [aquajet, flipturn, shadowball, wavecrash] ttype=water
INFO     Sampling battle 3
INFO     	       sneasler     unburden         None [acrobatics, closecombat, direclaw, swordsdance] ttype=flying
INFO     	      staraptor     reckless   choiceband [bravebird, closecombat, doubleedge, uturn] ttype=fighting
INFO     Sampling 1 unrevealed pokemon
INFO     	       illumise    prankster heavydutyboots [bugbuzz, encore, roost, thunderwave] ttype=steel
INFO     Searching for a move using MCTS...
INFO     Sampling 4 battles at 500ms each
INFO     Policy 0: fireblast visited 30.14% avg_score=0.002 sample_chance_multiplier=0.25
INFO     Policy 1: fireblast visited 26.16% avg_score=0.001 sample_chance_multiplier=0.25
INFO     Policy 2: calmmind visited 30.35% avg_score=0.002 sample_chance_multiplier=0.25
INFO     Policy 3: fireblast visited 26.18% avg_score=0.001 sample_chance_multiplier=0.25
INFO     Considered Choices:
INFO     	25.731%: fireblast
INFO     	25.302%: calmmind
INFO     	24.828%: energyball
INFO     	24.14%: shadowball
INFO     Choice: calmmind
INFO     Winner: Neural5
INFO     Lost with team: None
INFO     W: 1	L: 1
INFO     Searching for ranked gen9randombattle match
INFO     Initialized battle-gen9randombattle-61 against: Neural5
INFO     Opponent has switched - clearing the last used move
INFO     malamar switched in, adding intimidate to impossible abilities
INFO     malamar switched in, adding pressure to impossible abilities
INFO     malamar switched in, adding neutralizinggas to impossible abilities
INFO     malamar switched in, adding sandstream to impossible abilities
INFO     malamar switched in, adding drought to impossible abilities
INFO     malamar switched in, adding drizzle to impossible abilities
INFO     malamar switched in, adding snowwarning to impossible abilities
INFO     malamar switched in, adding boosterenergy to impossible items
INFO     malamar switched in, adding airballoon to impossible items
INFO     
INFO     Turn: 1
INFO     Sampling battle 0
INFO     	        malamar     contrary    leftovers [knockoff, rest, sleeptalk, superpower] ttype=steel
INFO     Sampling 5 unrevealed pokemon
INFO     	        cetitan   sheerforce      lifeorb [iceshard, iciclecrash, liquidation, superpower] ttype=water
INFO     	        dondozo      unaware    leftovers [curse, rest, sleeptalk, wavecrash] ttype=fairy
INFO     	      dragonite   multiscale heavydutyboots [dragondance, earthquake, outrage, roost] ttype=ground
INFO     	       chimecho     levitate    leftovers [encore, knockoff, psychicnoise, recover] ttype=electric
INFO     	     archaludon      stamina  assaultvest [bodypress, dracometeor, dragontail, flashcannon] ttype=fighting
INFO     Sampling battle 1
INFO     	        malamar     contrary  chestoberry [knockoff, psychocut, rest, superpower] ttype=steel
INFO     Sampling 5 unrevealed pokemon
INFO     	       gyarados   intimidate heavydutyboots [dragondance, earthquake, temperflare, waterfall] ttype=ground
INFO     	       slowking  regenerator    leftovers [psyshock, scald, slackoff, thunderwave] ttype=fairy
INFO     	    goodrahisui    sapsipper  assaultvest [dracometeor, earthquake, heavyslam, thunderbolt] ttype=ground
INFO     	   weezinggalar     levitate    leftovers [gunkshot, painsplit, strangesteam, willowisp] ttype=steel
INFO     	        dugtrio    arenatrap    focussash [earthquake, stoneedge, suckerpunch, swordsdance] ttype=ghost
INFO     Sampling battle 2
INFO     	        malamar     contrary  chestoberry [knockoff, psychocut, rest, superpower] ttype=fighting
INFO     Sampling 5 unrevealed pokemon
INFO     	     gothitelle    shadowtag    leftovers [calmmind, focusblast, psychicnoise, thunderbolt] ttype=electric
INFO     	        kleavor    sharpness   choiceband [closecombat, stoneaxe, uturn, xscissor] ttype=rock
INFO     	      hydrapple  regenerator  assaultvest [dragontail, earthpower, ficklebeam, leafstorm] ttype=steel
INFO     	       magcargo    flamebody heavydutyboots [lavaplume, recover, stealthrock, yawn] ttype=dragon
INFO     	      trevenant  naturalcure   choiceband [drainpunch, hornleech, poltergeist, woodhammer] ttype=fighting
INFO     Sampling battle 3
INFO     	        malamar     contrary    leftovers [knockoff, rest, sleeptalk, superpower] ttype=steel
INFO     Sampling 5 unrevealed pokemon
INFO     	   weezinggalar     levitate    leftovers [defog, fireblast, gunkshot, strangesteam] ttype=steel
INFO     	       regirock    clearbody    leftovers [bodypress, stealthrock, stoneedge, thunderwave] ttype=fighting
INFO     	     masquerain   intimidate heavydutyboots [hurricane, hydropump, stickyweb, uturn] ttype=ground
INFO     	      hydreigon     levitate  choicespecs [darkpulse, dracometeor, flashcannon, uturn] ttype=steel
INFO     	     calyrexice asone(glastrier) weaknesspolicy [agility, closecombat, glaciallance, highhorsepower] ttype=ground
INFO     Sampling battle 4
INFO     	        malamar     contrary    leftovers [knockoff, rest, sleeptalk, superpower] ttype=steel
INFO     Sampling 5 unrevealed pokemon
INFO     	  oricoriosensu       dancer heavydutyboots [hurricane, quiverdance, revelationdance, roost] ttype=fighting
INFO     	      palossand watercompaction    leftovers [earthpower, shadowball, shoreup, sludgebomb] ttype=water
INFO     	 ninetalesalola  snowwarning    lightclay [auroraveil, blizzard, moonblast, nastyplot] ttype=steel
INFO     	      magnezone   magnetpull  assaultvest [discharge, flashcannon, mirrorcoat, voltswitch] ttype=flying
INFO     	        morpeko hungerswitch    leftovers [aurawheel, knockoff, protect, rapidspin] ttype=electric
INFO     Sampling battle 5
INFO     	        malamar     contrary  chestoberry [knockoff, psychocut, rest, superpower] ttype=steel
INFO     Sampling 5 unrevealed pokemon
INFO     	     hitmonchan     ironfist    leftovers [drainpunch, knockoff, rapidspin, swordsdance] ttype=dark
INFO     	       skarmory       sturdy    leftovers [bravebird, roost, spikes, stealthrock] ttype=dragon
INFO     	      mandibuzz     overcoat heavydutyboots [defog, foulplay, roost, uturn] ttype=steel
INFO     	        dondozo      unaware    leftovers [curse, rest, sleeptalk, wavecrash] ttype=fairy
INFO     	         swalot   liquidooze    leftovers [clearsmog, knockoff, painsplit, sludgebomb] ttype=dark
INFO     Sampling battle 6
INFO     	        malamar     contrary    leftovers [knockoff, rest, sleeptalk, superpower] ttype=fighting
INFO     Sampling 5 unrevealed pokemon
INFO     	       tsareena queenlymajesty   choiceband [knockoff, powerwhip, tripleaxel, uturn] ttype=steel
INFO     	       magearna    soulheart    leftovers [flashcannon, fleurcannon, spikes, thunderwave] ttype=water
INFO     	         arceus    multitype    leftovers [extremespeed, recover, shadowclaw, swordsdance] ttype=ghost
INFO     	       mienshao  regenerator  assaultvest [closecombat, fakeout, knockoff, uturn] ttype=dark
INFO     	        leafeon  chlorophyll      lifeorb [doubleedge, knockoff, leafblade, swordsdance] ttype=normal
INFO     Sampling battle 7
INFO     	        malamar     contrary  chestoberry [knockoff, psychocut, rest, superpower] ttype=poison
INFO     Sampling 5 unrevealed pokemon
INFO     	     mabosstiff     stakeout  choicescarf [crunch, playrough, psychicfangs, wildcharge] ttype=dark
INFO     	      excadrill  moldbreaker  assaultvest [earthquake, ironhead, rapidspin, rockslide] ttype=water
INFO     	       drifblim    aftermath heavydutyboots [airslash, defog, shadowball, strengthsap] ttype=ghost
INFO     	      magnezone   magnetpull  assaultvest [bodypress, discharge, flashcannon, voltswitch] ttype=water
INFO     	       mudsdale      stamina    leftovers [earthquake, heavyslam, roar, stoneedge] ttype=steel
INFO     Searching for a move using MCTS...
INFO     Sampling 8 battles at 250ms each
INFO     Policy 0: shadowball visited 44.23% avg_score=0.66 sample_chance_multiplier=0.125
INFO     Policy 1: nastyplot visited 51.23% avg_score=0.64 sample_chance_multiplier=0.125
INFO     Policy 2: shadowball visited 55.76% avg_score=0.6 sample_chance_multiplier=0.125
INFO     Policy 3: focusblast visited 46.84% avg_score=0.593 sample_chance_multiplier=0.125
INFO     Policy 4: shadowball visited 37.84% avg_score=0.533 sample_chance_multiplier=0.125
INFO     Policy 5: shadowball visited 57.02% avg_score=0.636 sample_chance_multiplier=0.125
INFO     Policy 6: shadowball visited 57.75% avg_score=0.607 sample_chance_multiplier=0.125
INFO     Policy 7: focusblast visited 48.84% avg_score=0.603 sample_chance_multiplier=0.125
INFO     Considered Choices:
INFO     	41.066%: shadowball
INFO     Choice: shadowball
INFO     Opponent has switched - clearing the last used move
INFO     entei switched in, adding intimidate to impossible abilities
INFO     entei switched in, adding pressure to impossible abilities
INFO     entei switched in, adding neutralizinggas to impossible abilities
INFO     entei switched in, adding sandstream to impossible abilities
INFO     entei switched in, adding drought to impossible abilities
INFO     entei switched in, adding drizzle to impossible abilities
INFO     entei switched in, adding snowwarning to impossible abilities
INFO     entei switched in, adding boosterenergy to impossible items
INFO     entei switched in, adding airballoon to impossible items
INFO     hoopa already has the move shadowball. Decrementing the PP by 1
INFO     hoopa used a ghost move, removing ghostgem from possible items
INFO     Setting hoopa's last used move: shadowball
INFO     hoopa used a damaging move - not guessing lifeorb anymore
INFO     hoopa did 63.0% damage to entei with shadowball
INFO     Setting hoopa's item to: lifeorb
INFO     entei has less than maxhp during upkeep, no longer guessing leftovers or blacksludge
INFO     
INFO     Turn: 2
INFO     Sampling battle 0
INFO     	          entei   innerfocus   choiceband [extremespeed, flareblitz, sacredfire, stoneedge] ttype=normal
INFO     	        malamar     contrary    leftovers [knockoff, rest, sleeptalk, superpower] ttype=steel
INFO     Sampling 4 unrevealed pokemon
INFO     	       granbull   intimidate    leftovers [earthquake, encore, playrough, thunderwave] ttype=ground
INFO     	         komala     comatose   choiceband [doubleedge, knockoff, superpower, uturn] ttype=fighting
INFO     	        luvdisc    swiftswim heavydutyboots [endeavor, substitute, surf, whirlpool] ttype=ghost
INFO     	         goodra    sapsipper  assaultvest [dracometeor, knockoff, powerwhip, sludgebomb] ttype=steel
INFO     Sampling battle 1
INFO     	          entei   innerfocus   choiceband [extremespeed, flareblitz, sacredfire, stompingtantrum] ttype=fire
INFO     	        malamar     contrary    leftovers [knockoff, rest, sleeptalk, superpower] ttype=poison
INFO     Sampling 4 unrevealed pokemon
INFO     	      toucannon    skilllink heavydutyboots [beakblast, boomburst, bulletseed, roost] ttype=steel
INFO     	  oricoriosensu       dancer heavydutyboots [hurricane, quiverdance, revelationdance, roost] ttype=fighting
INFO     	   arceusground    multitype   earthplate [calmmind, icebeam, judgment, recover] ttype=dragon
INFO     	       chimecho     levitate    leftovers [encore, knockoff, psychicnoise, recover] ttype=steel
INFO     Sampling battle 2
INFO     	          entei   innerfocus   choiceband [extremespeed, flareblitz, sacredfire, stoneedge] ttype=fire
INFO     	        malamar     contrary  chestoberry [knockoff, psychocut, rest, superpower] ttype=fighting
INFO     Sampling 4 unrevealed pokemon
INFO     	     incineroar   intimidate heavydutyboots [flareblitz, knockoff, swordsdance, trailblaze] ttype=grass
INFO     	      clawitzer megalauncher  choicespecs [darkpulse, dragonpulse, uturn, waterpulse] ttype=dragon
INFO     	      heracross         guts     flameorb [closecombat, facade, knockoff, trailblaze] ttype=normal
INFO     	      serperior     contrary    leftovers [dragonpulse, leafstorm, leechseed, substitute] ttype=grass
INFO     Sampling battle 3
INFO     	          entei   innerfocus   choiceband [extremespeed, flareblitz, sacredfire, stoneedge] ttype=fire
INFO     	        malamar     contrary  chestoberry [knockoff, psychocut, rest, superpower] ttype=steel
INFO     Sampling 4 unrevealed pokemon
INFO     	      glastrier chillingneigh heavydutyboots [closecombat, highhorsepower, iciclecrash, swordsdance] ttype=ground
INFO     	 arceusfighting    multitype    fistplate [bodypress, irondefense, recover, shadowball] ttype=steel
INFO     	    ironjugulis   quarkdrive  choicespecs [darkpulse, earthpower, hurricane, uturn] ttype=flying
INFO     	          arbok   intimidate      lifeorb [earthquake, gunkshot, suckerpunch, toxicspikes] ttype=ground
INFO     Sampling battle 4
INFO     	          entei   innerfocus   choiceband [extremespeed, flareblitz, sacredfire, stompingtantrum] ttype=fire
INFO     	        malamar     contrary  chestoberry [knockoff, psychocut, rest, superpower] ttype=steel
INFO     Sampling 4 unrevealed pokemon
INFO     	        dewgong     thickfat heavydutyboots [encore, knockoff, surf, tripleaxel] ttype=grass
INFO     	     conkeldurr         guts     flameorb [closecombat, facade, knockoff, machpunch] ttype=normal
INFO     	        grumpig     thickfat  choicespecs [earthpower, focusblast, psyshock, shadowball] ttype=ghost
INFO     	         golurk      noguard   choiceband [dynamicpunch, earthquake, poltergeist, stoneedge] ttype=ghost
INFO     Sampling battle 5
INFO     	          entei   innerfocus   choiceband [extremespeed, flareblitz, sacredfire, stoneedge] ttype=normal
INFO     	        malamar     contrary  chestoberry [knockoff, psychocut, rest, superpower] ttype=poison
INFO     Sampling 4 unrevealed pokemon
INFO     	       maushold   technician     widelens [bite, encore, populationbomb, tidyup] ttype=normal
INFO     	       drifblim    aftermath heavydutyboots [airslash, defog, shadowball, strengthsap] ttype=fairy
INFO     	      cinderace       libero heavydutyboots [courtchange, highjumpkick, pyroball, suckerpunch] ttype=fighting
INFO     	      primarina      torrent    leftovers [calmmind, drainingkiss, psychic, sparklingaria] ttype=fairy
INFO     Sampling battle 6
INFO     	          entei   innerfocus   choiceband [extremespeed, flareblitz, sacredfire, stompingtantrum] ttype=fire
INFO     	        malamar     contrary  chestoberry [knockoff, psychocut, rest, superpower] ttype=poison
INFO     Sampling 4 unrevealed pokemon
INFO     	  deoxysdefense     pressure  rockyhelmet [psychicnoise, recover, spikes, teleport] ttype=fairy
INFO     	     ironbundle   quarkdrive  choicespecs [flipturn, freezedry, hydropump, icebeam] ttype=water
INFO     	    arceusghost    multitype  spookyplate [focusblast, judgment, recover, willowisp] ttype=fighting
INFO     	     kricketune   technician heavydutyboots [knockoff, pounce, swordsdance, taunt] ttype=ghost
INFO     Sampling battle 7
INFO     	          entei   innerfocus   choiceband [extremespeed, flareblitz, sacredfire, stoneedge] ttype=normal
INFO     	        malamar     contrary  chestoberry [knockoff, psychocut, rest, superpower] ttype=fighting
INFO     Sampling 4 unrevealed pokemon
INFO     	        flareon         guts     toxicorb [facade, flareblitz, quickattack, trailblaze] ttype=normal
INFO     	   basculegionf adaptability  choicespecs [flipturn, hydropump, icebeam, shadowball] ttype=water
INFO     	       bronzong     levitate    leftovers [earthquake, hypnosis, psychicnoise, stealthrock] ttype=electric
INFO     	       swampert      torrent    leftovers [earthquake, flipturn, roar, stealthrock] ttype=poison
INFO     Searching for a move using MCTS...
INFO     Sampling 8 battles at 250ms each
INFO     Policy 0: switch volcanion visited 55.84% avg_score=0.502 sample_chance_multiplier=0.125
INFO     Policy 1: switch volcanion visited 46.42% avg_score=0.491 sample_chance_multiplier=0.125
INFO     Policy 2: switch volcanion visited 53.4% avg_score=0.462 sample_chance_multiplier=0.125
INFO     Policy 3: switch volcanion visited 46.57% avg_score=0.501 sample_chance_multiplier=0.125
INFO     Policy 4: switch volcanion visited 53.12% avg_score=0.453 sample_chance_multiplier=0.125
INFO     Policy 5: switch volcanion visited 51.42% avg_score=0.497 sample_chance_multiplier=0.125
INFO     Policy 6: switch volcanion visited 43.95% avg_score=0.507 sample_chance_multiplier=0.125
INFO     Policy 7: switch volcanion visited 46.22% avg_score=0.477 sample_chance_multiplier=0.125
INFO     Considered Choices:
INFO     	49.616%: switch volcanion
INFO     Choice: switch volcanion
INFO     volcanion switched in, adding intimidate to impossible abilities
INFO     volcanion switched in, adding pressure to impossible abilities
INFO     volcanion switched in, adding neutralizinggas to impossible abilities
INFO     volcanion switched in, adding sandstream to impossible abilities
INFO     volcanion switched in, adding drought to impossible abilities
INFO     volcanion switched in, adding drizzle to impossible abilities
INFO     volcanion switched in, adding snowwarning to impossible abilities
INFO     volcanion switched in, adding boosterenergy to impossible items
INFO     volcanion switched in, adding airballoon to impossible items
INFO     entei used a fire move, removing firegem from possible items
INFO     Setting entei's last used move: flareblitz
INFO     entei used a damaging move - not guessing lifeorb anymore
INFO     entei did 15.229999999999999% damage to volcanion with flareblitz
INFO     entei has less than maxhp during upkeep, no longer guessing leftovers or blacksludge
INFO     
INFO     Turn: 3
INFO     Sampling battle 0
INFO     	          entei   innerfocus   choiceband [extremespeed, flareblitz, sacredfire, stoneedge] ttype=fire
INFO     	        malamar     contrary  chestoberry [knockoff, psychocut, rest, superpower] ttype=steel
INFO     Sampling 4 unrevealed pokemon
INFO     	squawkabillywhite       hustle heavydutyboots [bravebird, foulplay, partingshot, quickattack] ttype=flying
INFO     	     bombirdier     bigpecks heavydutyboots [bravebird, knockoff, roost, stealthrock] ttype=steel
INFO     	    arceusfairy    multitype   pixieplate [calmmind, earthpower, judgment, recover] ttype=steel
INFO     	         lunala shadowshield    leftovers [calmmind, moongeistbeam, moonlight, psyshock] ttype=fairy
INFO     Sampling battle 1
INFO     	          entei   innerfocus   choiceband [extremespeed, flareblitz, sacredfire, stoneedge] ttype=fire
INFO     	        malamar     contrary    leftovers [knockoff, rest, sleeptalk, superpower] ttype=fighting
INFO     Sampling 4 unrevealed pokemon
INFO     	        haxorus  moldbreaker   loadeddice [earthquake, ironhead, scaleshot, swordsdance] ttype=steel
INFO     	      magmortar    flamebody heavydutyboots [fireblast, scorchingsands, taunt, thunderbolt] ttype=electric
INFO     	     bombirdier     bigpecks heavydutyboots [bravebird, knockoff, roost, suckerpunch] ttype=dark
INFO     	    fluttermane protosynthesis      lifeorb [calmmind, moonblast, mysticalfire, shadowball] ttype=fairy
INFO     Sampling battle 2
INFO     	          entei   innerfocus   choiceband [extremespeed, flareblitz, sacredfire, stompingtantrum] ttype=normal
INFO     	        malamar     contrary  chestoberry [knockoff, psychocut, rest, superpower] ttype=fighting
INFO     Sampling 4 unrevealed pokemon
INFO     	     skeledirge      unaware heavydutyboots [hex, slackoff, torchsong, willowisp] ttype=water
INFO     	 giratinaorigin     levitate griseouscore [defog, dracometeor, poltergeist, shadowsneak] ttype=steel
INFO     	         zekrom     teravolt    leftovers [boltstrike, dragondance, outrage, substitute] ttype=grass
INFO     	       rotommow     levitate    leftovers [leafstorm, nastyplot, thunderbolt, willowisp] ttype=electric
INFO     Sampling battle 3
INFO     	          entei   innerfocus   choiceband [extremespeed, flareblitz, sacredfire, stoneedge] ttype=fire
INFO     	        malamar     contrary  chestoberry [knockoff, psychocut, rest, superpower] ttype=fighting
INFO     Sampling 4 unrevealed pokemon
INFO     	       dachsbun wellbakedbody    leftovers [playrough, protect, stompingtantrum, wish] ttype=steel
INFO     	       meowstic    prankster    lightclay [lightscreen, psychicnoise, reflect, thunderwave] ttype=fairy
INFO     	        mimikyu     disguise      lifeorb [drainpunch, playrough, shadowsneak, swordsdance] ttype=fairy
INFO     	         glalie   innerfocus heavydutyboots [earthquake, freezedry, spikes, taunt] ttype=water
INFO     Searching for a move using MCTS...
INFO     Sampling 4 battles at 500ms each
INFO     Policy 0: steameruption visited 44.56% avg_score=0.514 sample_chance_multiplier=0.25
INFO     Policy 1: steameruption visited 28.53% avg_score=0.567 sample_chance_multiplier=0.25
INFO     Policy 2: flamethrower visited 27.45% avg_score=0.504 sample_chance_multiplier=0.25
INFO     Policy 3: steameruption visited 86.96% avg_score=0.635 sample_chance_multiplier=0.25
INFO     Considered Choices:
INFO     	43.727%: steameruption
INFO     Choice: steameruption
INFO     Opponent has switched - clearing the last used move
INFO     tatsugiridroopy switched in, adding intimidate to impossible abilities
INFO     tatsugiridroopy switched in, adding pressure to impossible abilities
INFO     tatsugiridroopy switched in, adding neutralizinggas to impossible abilities
INFO     tatsugiridroopy switched in, adding sandstream to impossible abilities
INFO     tatsugiridroopy switched in, adding drought to impossible abilities
INFO     tatsugiridroopy switched in, adding drizzle to impossible abilities
INFO     tatsugiridroopy switched in, adding snowwarning to impossible abilities
INFO     tatsugiridroopy switched in, adding boosterenergy to impossible items
INFO     tatsugiridroopy switched in, adding airballoon to impossible items
INFO     volcanion already has the move steameruption. Decrementing the PP by 1
INFO     volcanion used a water move, removing watergem from possible items
INFO     Setting volcanion's last used move: steameruption
INFO     volcanion used a damaging move - not guessing lifeorb anymore
INFO     Setting tatsugiridroopy's ability to stormdrain
INFO     tatsugiridroopy's special-attack was boosted by 1 to 1
INFO     
INFO     Turn: 4
INFO     Sampling battle 0
INFO     	tatsugiridroopy   stormdrain heavydutyboots [dracometeor, nastyplot, rapidspin, surf] ttype=water
INFO     	        malamar     contrary    leftovers [knockoff, rest, sleeptalk, superpower] ttype=fighting
INFO     	          entei   innerfocus   choiceband [extremespeed, flareblitz, sacredfire, stoneedge] ttype=fire
INFO     Sampling 3 unrevealed pokemon
INFO     	       dragalge adaptability  choicespecs [dracometeor, flipturn, focusblast, sludgewave] ttype=fighting
INFO     	   arceuspoison    multitype   toxicplate [earthquake, gunkshot, recover, swordsdance] ttype=ground
INFO     	     mabosstiff     stakeout   choiceband [crunch, playrough, psychicfangs, wildcharge] ttype=fairy
INFO     Sampling battle 1
INFO     	tatsugiridroopy   stormdrain heavydutyboots [dracometeor, hydropump, nastyplot, rapidspin] ttype=water
INFO     	        malamar     contrary  chestoberry [knockoff, psychocut, rest, superpower] ttype=poison
INFO     	          entei   innerfocus   choiceband [extremespeed, flareblitz, sacredfire, stoneedge] ttype=normal
INFO     Sampling 3 unrevealed pokemon
INFO     	       greninja      protean      lifeorb [gunkshot, hydropump, icebeam, spikes] ttype=poison
INFO     	        florges   flowerveil    leftovers [calmmind, moonblast, protect, wish] ttype=steel
INFO     	     pincurchin electricsurge    leftovers [curse, liquidation, recover, zingzap] ttype=grass
INFO     Sampling battle 2
INFO     	tatsugiridroopy   stormdrain heavydutyboots [dracometeor, nastyplot, rapidspin, surf] ttype=water
INFO     	        malamar     contrary  chestoberry [knockoff, psychocut, rest, superpower] ttype=poison
INFO     	          entei   innerfocus   choiceband [extremespeed, flareblitz, sacredfire, stompingtantrum] ttype=fire
INFO     Sampling 3 unrevealed pokemon
INFO     	       hariyama         guts     flameorb [closecombat, facade, headlongrush, knockoff] ttype=normal
INFO     	      meowsticf  competitive      lifeorb [darkpulse, nastyplot, psyshock, thunderbolt] ttype=dark
INFO     	   brambleghast    windrider heavydutyboots [poltergeist, powerwhip, rapidspin, strengthsap] ttype=fairy
INFO     Sampling battle 3
INFO     	tatsugiridroopy   stormdrain heavydutyboots [dracometeor, hydropump, nastyplot, rapidspin] ttype=water
INFO     	        malamar     contrary    leftovers [knockoff, rest, sleeptalk, superpower] ttype=poison
INFO     	          entei   innerfocus   choiceband [extremespeed, flareblitz, sacredfire, stoneedge] ttype=fire
INFO     Sampling 3 unrevealed pokemon
INFO     	       miraidon hadronengine    leftovers [calmmind, dracometeor, electrodrift, substitute] ttype=electric
INFO     	         regice    clearbody heavydutyboots [bodypress, icebeam, thunderbolt, thunderwave] ttype=electric
INFO     	     incineroar   intimidate heavydutyboots [flareblitz, knockoff, swordsdance, trailblaze] ttype=grass
INFO     Sampling battle 4
INFO     	tatsugiridroopy   stormdrain heavydutyboots [dracometeor, nastyplot, rapidspin, surf] ttype=water
INFO     	        malamar     contrary  chestoberry [knockoff, psychocut, rest, superpower] ttype=steel
INFO     	          entei   innerfocus   choiceband [extremespeed, flareblitz, sacredfire, stompingtantrum] ttype=fire
INFO     Sampling 3 unrevealed pokemon
INFO     	        mimikyu     disguise      lifeorb [playrough, shadowsneak, swordsdance, woodhammer] ttype=grass
INFO     	        kingdra    swiftswim     lumberry [dragondance, outrage, waterfall, wavecrash] ttype=water
INFO     	        tropius      harvest  sitrusberry [dragondance, dualwingbeat, earthquake, synthesis] ttype=ground
INFO     Sampling battle 5
INFO     	tatsugiridroopy   stormdrain heavydutyboots [dracometeor, hydropump, nastyplot, rapidspin] ttype=water
INFO     	        malamar     contrary  chestoberry [knockoff, psychocut, rest, superpower] ttype=fighting
INFO     	          entei   innerfocus   choiceband [extremespeed, flareblitz, sacredfire, stoneedge] ttype=normal
INFO     Sampling 3 unrevealed pokemon
INFO     	       sunflora  chlorophyll  choicespecs [dazzlinggleam, earthpower, leafstorm, sludgebomb] ttype=ground
INFO     	    polteageist   cursedbody    whiteherb [shadowball, shellsmash, storedpower, strengthsap] ttype=psychic
INFO     	    sandyshocks protosynthesis heavydutyboots [earthpower, spikes, thunderbolt, voltswitch] ttype=electric
INFO     Sampling battle 6
INFO     	tatsugiridroopy   stormdrain heavydutyboots [dracometeor, nastyplot, rapidspin, surf] ttype=water
INFO     	        malamar     contrary    leftovers [knockoff, rest, sleeptalk, superpower] ttype=fighting
INFO     	          entei   innerfocus   choiceband [extremespeed, flareblitz, sacredfire, stompingtantrum] ttype=fire
INFO     Sampling 3 unrevealed pokemon
INFO     	        umbreon  synchronize    leftovers [foulplay, protect, toxic, wish] ttype=poison
INFO     	      thundurus    prankster heavydutyboots [knockoff, sludgewave, thunderbolt, thunderwave] ttype=electric
INFO     	         kyogre      drizzle    leftovers [calmmind, icebeam, originpulse, thunder] ttype=dragon
INFO     Sampling battle 7
INFO     	tatsugiridroopy   stormdrain heavydutyboots [dracometeor, hydropump, nastyplot, rapidspin] ttype=water
INFO     	        malamar     contrary    leftovers [knockoff, rest, sleeptalk, superpower] ttype=steel
INFO     	          entei   innerfocus   choiceband [extremespeed, flareblitz, sacredfire, stoneedge] ttype=normal
INFO     Sampling 3 unrevealed pokemon
INFO     	    fluttermane protosynthesis      lifeorb [calmmind, moonblast, shadowball, thunderbolt] ttype=fairy
INFO     	   avalugghisui       sturdy heavydutyboots [avalanche, rapidspin, recover, stoneedge] ttype=ghost
INFO     	    oinkolognef     thickfat    leftovers [bodyslam, curse, highhorsepower, lashout] ttype=ground
INFO     Searching for a move using MCTS...
INFO     Sampling 8 battles at 250ms each
INFO     Policy 0: haze visited 74.35% avg_score=0.475 sample_chance_multiplier=0.125
INFO     Policy 1: haze visited 29.55% avg_score=0.427 sample_chance_multiplier=0.125
INFO     Policy 2: haze visited 36.13% avg_score=0.423 sample_chance_multiplier=0.125
INFO     Policy 3: haze visited 45.51% avg_score=0.46 sample_chance_multiplier=0.125
INFO     Policy 4: switch hoopa visited 36.79% avg_score=0.395 sample_chance_multiplier=0.125
INFO     Policy 5: haze visited 62.31% avg_score=0.465 sample_chance_multiplier=0.125
INFO     Policy 6: haze visited 62.38% avg_score=0.463 sample_chance_multiplier=0.125
INFO     Policy 7: haze visited 31.02% avg_score=0.424 sample_chance_multiplier=0.125
INFO     Considered Choices:
INFO     	44.865%: haze
INFO     Choice: haze
INFO     Updated tatsugiridroopy's min speed to 156
INFO     tatsugiridroopy used a dragon move, removing dragongem from possible items
INFO     Setting tatsugiridroopy's last used move: dracometeor
INFO     tatsugiridroopy used a damaging move - not guessing lifeorb anymore
INFO     tatsugiridroopy did 84.77% damage to volcanion with dracometeor
INFO     tatsugiridroopy's special-attack was unboosted by 2 to -1
INFO     Sampling battle 0
INFO     	tatsugiridroopy   stormdrain heavydutyboots [dracometeor, nastyplot, rapidspin, surf] ttype=water
INFO     	        malamar     contrary  chestoberry [knockoff, psychocut, rest, superpower] ttype=steel
INFO     	          entei   innerfocus   choiceband [extremespeed, flareblitz, sacredfire, stoneedge] ttype=normal
INFO     Sampling 3 unrevealed pokemon
INFO     	      toucannon      keeneye heavydutyboots [beakblast, boomburst, roost, uturn] ttype=steel
INFO     	   arceusflying    multitype     skyplate [calmmind, earthpower, judgment, recover] ttype=ground
INFO     	    ironboulder   quarkdrive      lifeorb [closecombat, mightycleave, swordsdance, zenheadbutt] ttype=fighting
INFO     Sampling battle 1
INFO     	tatsugiridroopy   stormdrain heavydutyboots [dracometeor, hydropump, nastyplot, rapidspin] ttype=water
INFO     	        malamar     contrary  chestoberry [knockoff, psychocut, rest, superpower] ttype=fighting
INFO     	          entei   innerfocus   choiceband [extremespeed, flareblitz, sacredfire, stoneedge] ttype=normal
INFO     Sampling 3 unrevealed pokemon
INFO     	       lycanroc     sandrush   choiceband [accelerock, closecombat, crunch, stoneedge] ttype=fighting
INFO     	      thundurus      defiant  choicespecs [focusblast, grassknot, thunderbolt, uturn] ttype=steel
INFO     	       oricorio       dancer heavydutyboots [hurricane, quiverdance, revelationdance, roost] ttype=ground
INFO     Sampling battle 2
INFO     	tatsugiridroopy   stormdrain heavydutyboots [dracometeor, nastyplot, rapidspin, surf] ttype=water
INFO     	        malamar     contrary    leftovers [knockoff, rest, sleeptalk, superpower] ttype=fighting
INFO     	          entei   innerfocus   choiceband [extremespeed, flareblitz, sacredfire, stompingtantrum] ttype=fire
INFO     Sampling 3 unrevealed pokemon
INFO     	    oinkolognef     thickfat    leftovers [bodyslam, curse, rest, sleeptalk] ttype=poison
INFO     	       meganium     overgrow    leftovers [dragontail, energyball, knockoff, synthesis] ttype=water
INFO     	    fezandipiti   toxicchain    leftovers [gunkshot, playrough, swordsdance, terablast] ttype=ground
INFO     Sampling battle 3
INFO     	tatsugiridroopy   stormdrain heavydutyboots [dracometeor, nastyplot, rapidspin, surf] ttype=water
INFO     	        malamar     contrary    leftovers [knockoff, rest, sleeptalk, superpower] ttype=steel
INFO     	          entei   innerfocus   choiceband [extremespeed, flareblitz, sacredfire, stoneedge] ttype=fire
INFO     Sampling 3 unrevealed pokemon
INFO     	        weezing     levitate    leftovers [fireblast, gunkshot, painsplit, toxicspikes] ttype=steel
INFO     	squawkabillyyellow       hustle heavydutyboots [bravebird, doubleedge, partingshot, quickattack] ttype=flying
INFO     	       delibird  vitalspirit heavydutyboots [bravebird, freezedry, rapidspin, spikes] ttype=ghost
INFO     Searching for a move using MCTS...
INFO     Sampling 4 battles at 500ms each
INFO     Policy 0: switch conkeldurr visited 70.2% avg_score=0.6 sample_chance_multiplier=0.25
INFO     Policy 1: switch hoopa visited 45.57% avg_score=0.566 sample_chance_multiplier=0.25
INFO     Policy 2: switch venomoth visited 50.46% avg_score=0.605 sample_chance_multiplier=0.25
INFO     Policy 3: switch conkeldurr visited 80.48% avg_score=0.584 sample_chance_multiplier=0.25
INFO     Considered Choices:
INFO     	45.456%: switch conkeldurr
INFO     Choice: switch conkeldurr
INFO     conkeldurr switched in, adding intimidate to impossible abilities
INFO     conkeldurr switched in, adding pressure to impossible abilities
INFO     conkeldurr switched in, adding neutralizinggas to impossible abilities
INFO     conkeldurr switched in, adding sandstream to impossible abilities
INFO     conkeldurr switched in, adding drought to impossible abilities
INFO     conkeldurr switched in, adding drizzle to impossible abilities
INFO     conkeldurr switched in, adding snowwarning to impossible abilities
INFO     conkeldurr switched in, adding boosterenergy to impossible items
INFO     conkeldurr switched in, adding airballoon to impossible items
INFO     
INFO     Turn: 5
INFO     Sampling battle 0
INFO     	tatsugiridroopy   stormdrain heavydutyboots [dracometeor, nastyplot, rapidspin, surf] ttype=water
INFO     	        malamar     contrary    leftovers [knockoff, rest, sleeptalk, superpower] ttype=poison
INFO     	          entei   innerfocus   choiceband [extremespeed, flareblitz, sacredfire, stoneedge] ttype=normal
INFO     Sampling 3 unrevealed pokemon
INFO     	       vaporeon  waterabsorb    leftovers [protect, roar, scald, wish] ttype=ghost
INFO     	        kleavor    sharpness  choicescarf [closecombat, stoneaxe, uturn, xscissor] ttype=fighting
INFO     	       ursaluna         guts     flameorb [facade, headlongrush, swordsdance, trailblaze] ttype=normal
INFO     Sampling battle 1
INFO     	tatsugiridroopy   stormdrain heavydutyboots [dracometeor, nastyplot, rapidspin, surf] ttype=water
INFO     	        malamar     contrary    leftovers [knockoff, rest, sleeptalk, superpower] ttype=poison
INFO     	          entei   innerfocus   choiceband [extremespeed, flareblitz, sacredfire, stompingtantrum] ttype=normal
INFO     Sampling 3 unrevealed pokemon
INFO     	      hatterene  magicbounce  assaultvest [drainingkiss, mysticalfire, nuzzle, psychic] ttype=steel
INFO     	       camerupt    solidrock    leftovers [earthquake, overheat, stealthrock, willowisp] ttype=water
INFO     	        cetitan   sheerforce      lifeorb [iceshard, iciclecrash, liquidation, superpower] ttype=water
INFO     Sampling battle 2
INFO     	tatsugiridroopy   stormdrain heavydutyboots [dracometeor, hydropump, nastyplot, rapidspin] ttype=water
INFO     	        malamar     contrary  chestoberry [knockoff, psychocut, rest, superpower] ttype=poison
INFO     	          entei   innerfocus   choiceband [extremespeed, flareblitz, sacredfire, stoneedge] ttype=normal
INFO     Sampling 3 unrevealed pokemon
INFO     	    oricoriopau       dancer heavydutyboots [hurricane, quiverdance, revelationdance, roost] ttype=fighting
INFO     	  zaciancrowned intrepidsword  rustedsword [behemothblade, closecombat, playrough, swordsdance] ttype=fighting
INFO     	    zapdosgalar      defiant  choicescarf [bravebird, closecombat, knockoff, uturn] ttype=fighting
INFO     Sampling battle 3
INFO     	tatsugiridroopy   stormdrain heavydutyboots [dracometeor, nastyplot, rapidspin, surf] ttype=water
INFO     	        malamar     contrary    leftovers [knockoff, rest, sleeptalk, superpower] ttype=fighting
INFO     	          entei   innerfocus   choiceband [extremespeed, flareblitz, sacredfire, stoneedge] ttype=fire
INFO     Sampling 3 unrevealed pokemon
INFO     	necrozmaduskmane   prismarmor weaknesspolicy [dragondance, earthquake, photongeyser, sunsteelstrike] ttype=water
INFO     	     masquerain   intimidate heavydutyboots [hurricane, hydropump, stickyweb, uturn] ttype=steel
INFO     	       illumise    prankster heavydutyboots [bugbuzz, encore, roost, thunderwave] ttype=water
INFO     Searching for a move using MCTS...
INFO     Sampling 4 battles at 500ms each
INFO     Policy 0: closecombat visited 80.64% avg_score=0.568 sample_chance_multiplier=0.25
INFO     Policy 1: closecombat visited 60.96% avg_score=0.568 sample_chance_multiplier=0.25
INFO     Policy 2: closecombat visited 23.75% avg_score=0.47 sample_chance_multiplier=0.25
INFO     Policy 3: closecombat visited 50.15% avg_score=0.53 sample_chance_multiplier=0.25
INFO     Considered Choices:
INFO     	53.875%: closecombat
INFO     Choice: closecombat
INFO     Opponent has switched - clearing the last used move
INFO     enamorustherian switched in, adding intimidate to impossible abilities
INFO     enamorustherian switched in, adding pressure to impossible abilities
INFO     enamorustherian switched in, adding neutralizinggas to impossible abilities
INFO     enamorustherian switched in, adding sandstream to impossible abilities
INFO     enamorustherian switched in, adding drought to impossible abilities
INFO     enamorustherian switched in, adding drizzle to impossible abilities
INFO     enamorustherian switched in, adding snowwarning to impossible abilities
INFO     enamorustherian switched in, adding boosterenergy to impossible items
INFO     enamorustherian switched in, adding airballoon to impossible items
INFO     conkeldurr already has the move closecombat. Decrementing the PP by 1
INFO     conkeldurr used a fighting move, removing fightinggem from possible items
INFO     Setting conkeldurr's last used move: closecombat
INFO     conkeldurr did 11.0% damage to enamorustherian with closecombat
INFO     conkeldurr's defense was unboosted by 1 to -1
INFO     conkeldurr's special-defense was unboosted by 1 to -1
INFO     conkeldurr got status: brn
INFO     No longer guessing lumberry because conkeldurr got status brn
INFO     enamorustherian has less than maxhp during upkeep, no longer guessing leftovers or blacksludge
INFO     
INFO     Turn: 6
INFO     Sampling battle 0
INFO     	enamorustherian     overcoat weaknesspolicy [agility, earthpower, moonblast, superpower] ttype=ground
INFO     	        malamar     contrary  chestoberry [knockoff, psychocut, rest, superpower] ttype=poison
INFO     	          entei   innerfocus   choiceband [extremespeed, flareblitz, sacredfire, stoneedge] ttype=normal
INFO     	tatsugiridroopy   stormdrain heavydutyboots [dracometeor, nastyplot, rapidspin, surf] ttype=water
INFO     Sampling 2 unrevealed pokemon
INFO     	    zapdosgalar      defiant  choicescarf [bravebird, closecombat, knockoff, uturn] ttype=dark
INFO     	       mudsdale      stamina    leftovers [earthquake, heavyslam, roar, stoneedge] ttype=steel
INFO     Sampling battle 1
INFO     	enamorustherian     overcoat weaknesspolicy [agility, earthpower, moonblast, mysticalfire] ttype=ground
INFO     	        malamar     contrary  chestoberry [knockoff, psychocut, rest, superpower] ttype=steel
INFO     	          entei   innerfocus   choiceband [extremespeed, flareblitz, sacredfire, stoneedge] ttype=fire
INFO     	tatsugiridroopy   stormdrain heavydutyboots [dracometeor, nastyplot, rapidspin, surf] ttype=water
INFO     Sampling 2 unrevealed pokemon
INFO     	     krookodile   intimidate      lifeorb [bulkup, earthquake, gunkshot, knockoff] ttype=ground
INFO     	       salazzle    corrosion heavydutyboots [fireblast, nastyplot, sludgewave, terablast] ttype=grass
INFO     Sampling battle 2
INFO     	enamorustherian     overcoat weaknesspolicy [agility, earthpower, moonblast, mysticalfire] ttype=ground
INFO     	        malamar     contrary    leftovers [knockoff, rest, sleeptalk, superpower] ttype=poison
INFO     	          entei   innerfocus   choiceband [extremespeed, flareblitz, sacredfire, stoneedge] ttype=fire
INFO     	tatsugiridroopy   stormdrain heavydutyboots [dracometeor, nastyplot, rapidspin, surf] ttype=water
INFO     Sampling 2 unrevealed pokemon
INFO     	     wigglytuff  competitive    leftovers [alluringvoice, fireblast, knockoff, thunderwave] ttype=steel
INFO     	      zamazenta dauntlessshield   choiceband [closecombat, crunch, ironhead, psychicfangs] ttype=fighting
INFO     Sampling battle 3
INFO     	enamorustherian     overcoat weaknesspolicy [agility, earthpower, moonblast, mysticalfire] ttype=ground
INFO     	        malamar     contrary    leftovers [knockoff, rest, sleeptalk, superpower] ttype=steel
INFO     	          entei   innerfocus   choiceband [extremespeed, flareblitz, sacredfire, stompingtantrum] ttype=fire
INFO     	tatsugiridroopy   stormdrain heavydutyboots [dracometeor, nastyplot, rapidspin, surf] ttype=water
INFO     Sampling 2 unrevealed pokemon
INFO     	     galvantula compoundeyes    focussash [bugbuzz, gigadrain, stickyweb, thunder] ttype=electric
INFO     	      greattusk protosynthesis  assaultvest [closecombat, headlongrush, knockoff, rapidspin] ttype=ground
INFO     Searching for a move using MCTS...
INFO     Sampling 4 battles at 500ms each
INFO     Policy 0: switch hoopa visited 58.04% avg_score=0.496 sample_chance_multiplier=0.25
INFO     Policy 1: switch hoopa visited 43.88% avg_score=0.482 sample_chance_multiplier=0.25
INFO     Policy 2: switch hoopa visited 60.66% avg_score=0.478 sample_chance_multiplier=0.25
INFO     Policy 3: switch cramorant visited 67.1% avg_score=0.526 sample_chance_multiplier=0.25
INFO     Considered Choices:
INFO     	47.233%: switch hoopa
INFO     Choice: switch hoopa
INFO     hoopa switched in, adding intimidate to impossible abilities
INFO     hoopa switched in, adding pressure to impossible abilities
INFO     hoopa switched in, adding neutralizinggas to impossible abilities
INFO     hoopa switched in, adding sandstream to impossible abilities
INFO     hoopa switched in, adding drought to impossible abilities
INFO     hoopa switched in, adding drizzle to impossible abilities
INFO     hoopa switched in, adding snowwarning to impossible abilities
INFO     hoopa switched in, adding boosterenergy to impossible items
INFO     hoopa switched in, adding airballoon to impossible items
INFO     enamorustherian used a fairy move, removing fairygem from possible items
INFO     Setting enamorustherian's last used move: moonblast
INFO     enamorustherian used a damaging move - not guessing lifeorb anymore
INFO     enamorustherian did 34.18% damage to hoopa with moonblast
INFO     enamorustherian has less than maxhp during upkeep, no longer guessing leftovers or blacksludge
INFO     
INFO     Turn: 7
INFO     Sampling battle 0
INFO     	enamorustherian     overcoat weaknesspolicy [agility, earthpower, moonblast, superpower] ttype=ground
INFO     	        malamar     contrary  chestoberry [knockoff, psychocut, rest, superpower] ttype=steel
INFO     	          entei   innerfocus   choiceband [extremespeed, flareblitz, sacredfire, stompingtantrum] ttype=fire
INFO     	tatsugiridroopy   stormdrain heavydutyboots [dracometeor, hydropump, nastyplot, rapidspin] ttype=water
INFO     Sampling 2 unrevealed pokemon
INFO     	      rhyperior    solidrock  assaultvest [dragontail, earthquake, megahorn, stoneedge] ttype=grass
INFO     	 keldeoresolute    justified    leftovers [calmmind, hydropump, secretsword, substitute] ttype=steel
INFO     Sampling battle 1
INFO     	enamorustherian     overcoat weaknesspolicy [agility, earthpower, moonblast, superpower] ttype=ground
INFO     	        malamar     contrary    leftovers [knockoff, rest, sleeptalk, superpower] ttype=poison
INFO     	          entei   innerfocus   choiceband [extremespeed, flareblitz, sacredfire, stoneedge] ttype=fire
INFO     	tatsugiridroopy   stormdrain heavydutyboots [dracometeor, nastyplot, rapidspin, surf] ttype=water
INFO     Sampling 2 unrevealed pokemon
INFO     	        haxorus  moldbreaker   loadeddice [earthquake, ironhead, scaleshot, swordsdance] ttype=steel
INFO     	        dedenne   cheekpouch  sitrusberry [dazzlinggleam, nuzzle, thunderbolt, uturn] ttype=flying
INFO     Sampling battle 2
INFO     	enamorustherian     overcoat  assaultvest [earthpower, moonblast, mysticalfire, superpower] ttype=ground
INFO     	        malamar     contrary  chestoberry [knockoff, psychocut, rest, superpower] ttype=steel
INFO     	          entei   innerfocus   choiceband [extremespeed, flareblitz, sacredfire, stoneedge] ttype=normal
INFO     	tatsugiridroopy   stormdrain heavydutyboots [dracometeor, nastyplot, rapidspin, surf] ttype=water
INFO     Sampling 2 unrevealed pokemon
INFO     	     baxcalibur thermalexchange   loadeddice [earthquake, iciclespear, scaleshot, swordsdance] ttype=dragon
INFO     	         lunala shadowshield    leftovers [calmmind, focusblast, moongeistbeam, moonlight] ttype=fighting
INFO     Sampling battle 3
INFO     	enamorustherian     overcoat  assaultvest [moonblast, mysticalfire, psychic, superpower] ttype=fairy
INFO     	        malamar     contrary    leftovers [knockoff, rest, sleeptalk, superpower] ttype=steel
INFO     	          entei   innerfocus   choiceband [extremespeed, flareblitz, sacredfire, stompingtantrum] ttype=normal
INFO     	tatsugiridroopy   stormdrain heavydutyboots [dracometeor, nastyplot, rapidspin, surf] ttype=water
INFO     Sampling 2 unrevealed pokemon
INFO     	        bruxish    strongjaw  choicescarf [flipturn, icefang, psychicfangs, wavecrash] ttype=psychic
INFO     	        flapple       hustle     lumberry [dragondance, gravapple, outrage, terablast] ttype=fire
INFO     Searching for a move using MCTS...
INFO     Sampling 4 battles at 500ms each
INFO     Policy 0: shadowball visited 59.53% avg_score=0.591 sample_chance_multiplier=0.25
INFO     Policy 1: shadowball visited 49.75% avg_score=0.588 sample_chance_multiplier=0.25
INFO     Policy 2: psyshock visited 33.99% avg_score=0.534 sample_chance_multiplier=0.25
INFO     Policy 3: psyshock visited 56.32% avg_score=0.557 sample_chance_multiplier=0.25
INFO     Considered Choices:
INFO     	42.255%: shadowball
INFO     	35.055%: psyshock
INFO     Choice: psyshock
INFO     Updated enamorustherian's max speed to 168
INFO     hoopa already has the move psyshock. Decrementing the PP by 1
INFO     hoopa used a psychic move, removing psychicgem from possible items
INFO     Setting hoopa's last used move: psyshock
INFO     hoopa used a damaging move - not guessing lifeorb anymore
INFO     hoopa did 55.00000000000001% damage to enamorustherian with psyshock
INFO     Setting hoopa's item to: lifeorb
INFO     enamorustherian already has the move moonblast. Decrementing the PP by 1
INFO     enamorustherian used a fairy move, removing fairygem from possible items
INFO     Setting enamorustherian's last used move: moonblast
INFO     enamorustherian used a damaging move - not guessing lifeorb anymore
INFO     enamorustherian did 33.09% damage to hoopa with moonblast
INFO     hoopa's special-attack was unboosted by 1 to -1
INFO     enamorustherian has less than maxhp during upkeep, no longer guessing leftovers or blacksludge
INFO     
INFO     Turn: 8
INFO     Sampling battle 0
INFO     	enamorustherian     overcoat  assaultvest [earthpower, moonblast, mysticalfire, superpower] ttype=ground
INFO     	        malamar     contrary    leftovers [knockoff, rest, sleeptalk, superpower] ttype=steel
INFO     	          entei   innerfocus   choiceband [extremespeed, flareblitz, sacredfire, stompingtantrum] ttype=fire
INFO     	tatsugiridroopy   stormdrain heavydutyboots [dracometeor, nastyplot, rapidspin, surf] ttype=water
INFO     Sampling 2 unrevealed pokemon
INFO     	squawkabillywhite       hustle   choiceband [bravebird, doubleedge, foulplay, quickattack] ttype=normal
INFO     	      eternatus     pressure  rockyhelmet [dynamaxcannon, flamethrower, recover, toxicspikes] ttype=water
INFO     Sampling battle 1
INFO     	enamorustherian     overcoat  assaultvest [earthpower, moonblast, psychic, superpower] ttype=ground
INFO     	        malamar     contrary  chestoberry [knockoff, psychocut, rest, superpower] ttype=poison
INFO     	          entei   innerfocus   choiceband [extremespeed, flareblitz, sacredfire, stoneedge] ttype=normal
INFO     	tatsugiridroopy   stormdrain heavydutyboots [dracometeor, nastyplot, rapidspin, surf] ttype=water
INFO     Sampling 2 unrevealed pokemon
INFO     	         emboar     reckless  assaultvest [closecombat, flareblitz, suckerpunch, wildcharge] ttype=fire
INFO     	  zaciancrowned intrepidsword  rustedsword [behemothblade, closecombat, playrough, swordsdance] ttype=fighting
INFO     Sampling battle 2
INFO     	enamorustherian     overcoat weaknesspolicy [agility, earthpower, moonblast, superpower] ttype=ground
INFO     	        malamar     contrary    leftovers [knockoff, rest, sleeptalk, superpower] ttype=poison
INFO     	          entei   innerfocus   choiceband [extremespeed, flareblitz, sacredfire, stoneedge] ttype=normal
INFO     	tatsugiridroopy   stormdrain heavydutyboots [dracometeor, nastyplot, rapidspin, surf] ttype=water
INFO     Sampling 2 unrevealed pokemon
INFO     	       samurott      torrent  assaultvest [flipturn, hydropump, icebeam, knockoff] ttype=dark
INFO     	        pikachu lightningrod    lightball [fakeout, surf, voltswitch, volttackle] ttype=water
INFO     Sampling battle 3
INFO     	enamorustherian     overcoat  assaultvest [earthpower, moonblast, mysticalfire, superpower] ttype=ground
INFO     	        malamar     contrary  chestoberry [knockoff, psychocut, rest, superpower] ttype=poison
INFO     	          entei   innerfocus   choiceband [extremespeed, flareblitz, sacredfire, stompingtantrum] ttype=normal
INFO     	tatsugiridroopy   stormdrain heavydutyboots [dracometeor, hydropump, nastyplot, rapidspin] ttype=water
INFO     Sampling 2 unrevealed pokemon
INFO     	      trevenant  naturalcure      lifeorb [drainpunch, hornleech, poltergeist, rest] ttype=fighting
INFO     	            mew  synchronize    leftovers [encore, psychic, stealthrock, uturn] ttype=dark
INFO     Searching for a move using MCTS...
INFO     Sampling 4 battles at 500ms each
INFO     Policy 0: psyshock visited 80.07% avg_score=0.638 sample_chance_multiplier=0.25
INFO     Policy 1: focusblast visited 53.39% avg_score=0.509 sample_chance_multiplier=0.25
INFO     Policy 2: psyshock visited 34.33% avg_score=0.599 sample_chance_multiplier=0.25
INFO     Policy 3: shadowball visited 81.68% avg_score=0.644 sample_chance_multiplier=0.25
INFO     Considered Choices:
INFO     	37.568%: psyshock
INFO     	30.647%: shadowball
INFO     Choice: psyshock
INFO     Opponent has switched - clearing the last used move
INFO     ironcrown switched in, adding intimidate to impossible abilities
INFO     ironcrown switched in, adding pressure to impossible abilities
INFO     ironcrown switched in, adding neutralizinggas to impossible abilities
INFO     ironcrown switched in, adding sandstream to impossible abilities
INFO     ironcrown switched in, adding drought to impossible abilities
INFO     ironcrown switched in, adding drizzle to impossible abilities
INFO     ironcrown switched in, adding snowwarning to impossible abilities
INFO     ironcrown switched in, adding boosterenergy to impossible items
INFO     ironcrown switched in, adding airballoon to impossible items
INFO     hoopa already has the move psyshock. Decrementing the PP by 1
INFO     hoopa used a psychic move, removing psychicgem from possible items
INFO     Setting hoopa's last used move: psyshock
INFO     hoopa used a damaging move - not guessing lifeorb anymore
INFO     hoopa did 10.0% damage to ironcrown with psyshock
INFO     Setting hoopa's item to: lifeorb
INFO     ironcrown has less than maxhp during upkeep, no longer guessing leftovers or blacksludge
INFO     
INFO     Turn: 9
INFO     Sampling battle 0
INFO     	      ironcrown   quarkdrive  choicespecs [focusblast, psyshock, tachyoncutter, voltswitch] ttype=fighting
INFO     	        malamar     contrary    leftovers [knockoff, rest, sleeptalk, superpower] ttype=fighting
INFO     	          entei   innerfocus   choiceband [extremespeed, flareblitz, sacredfire, stompingtantrum] ttype=fire
INFO     	tatsugiridroopy   stormdrain heavydutyboots [dracometeor, nastyplot, rapidspin, surf] ttype=water
INFO     	enamorustherian     overcoat  assaultvest [moonblast, mysticalfire, psychic, superpower] ttype=fairy
INFO     Sampling 1 unrevealed pokemon
INFO     	       jumpluff  infiltrator              [acrobatics, leechseed, strengthsap, substitute] ttype=steel
INFO     Sampling battle 1
INFO     	      ironcrown   quarkdrive  choicespecs [focusblast, psyshock, tachyoncutter, voltswitch] ttype=fighting
INFO     	        malamar     contrary  chestoberry [knockoff, psychocut, rest, superpower] ttype=steel
INFO     	          entei   innerfocus   choiceband [extremespeed, flareblitz, sacredfire, stompingtantrum] ttype=normal
INFO     	tatsugiridroopy   stormdrain heavydutyboots [dracometeor, hydropump, nastyplot, rapidspin] ttype=water
INFO     	enamorustherian     overcoat weaknesspolicy [agility, earthpower, moonblast, mysticalfire] ttype=ground
INFO     Sampling 1 unrevealed pokemon
INFO     	     arceusrock    multitype   stoneplate [calmmind, fireblast, judgment, recover] ttype=dragon
INFO     Sampling battle 2
INFO     	      ironcrown   quarkdrive  choicespecs [focusblast, psyshock, tachyoncutter, voltswitch] ttype=steel
INFO     	        malamar     contrary  chestoberry [knockoff, psychocut, rest, superpower] ttype=steel
INFO     	          entei   innerfocus   choiceband [extremespeed, flareblitz, sacredfire, stompingtantrum] ttype=normal
INFO     	tatsugiridroopy   stormdrain heavydutyboots [dracometeor, hydropump, nastyplot, rapidspin] ttype=water
INFO     	enamorustherian     overcoat  assaultvest [earthpower, moonblast, mysticalfire, superpower] ttype=fairy
INFO     Sampling 1 unrevealed pokemon
INFO     	       cinccino   technician   loadeddice [bulletseed, tailslap, tidyup, tripleaxel] ttype=ice
INFO     Sampling battle 3
INFO     	      ironcrown   quarkdrive  choicespecs [focusblast, psyshock, tachyoncutter, voltswitch] ttype=fighting
INFO     	        malamar     contrary    leftovers [knockoff, rest, sleeptalk, superpower] ttype=steel
INFO     	          entei   innerfocus   choiceband [extremespeed, flareblitz, sacredfire, stompingtantrum] ttype=normal
INFO     	tatsugiridroopy   stormdrain heavydutyboots [dracometeor, nastyplot, rapidspin, surf] ttype=water
INFO     	enamorustherian     overcoat weaknesspolicy [agility, earthpower, moonblast, superpower] ttype=ground
INFO     Sampling 1 unrevealed pokemon
INFO     	      glastrier chillingneigh heavydutyboots [closecombat, highhorsepower, iciclecrash, swordsdance] ttype=ground
INFO     Searching for a move using MCTS...
INFO     Sampling 4 battles at 500ms each
INFO     Policy 0: nastyplot visited 24.67% avg_score=0.393 sample_chance_multiplier=0.25
INFO     Policy 1: nastyplot visited 24.79% avg_score=0.392 sample_chance_multiplier=0.25
INFO     Policy 2: shadowball visited 26.61% avg_score=0.395 sample_chance_multiplier=0.25
INFO     Policy 3: shadowball visited 25.83% avg_score=0.383 sample_chance_multiplier=0.25
INFO     Considered Choices:
INFO     	25.0%: shadowball
INFO     	24.521%: psyshock
INFO     	23.782%: nastyplot
INFO     	23.545%: focusblast
INFO     Choice: psyshock
INFO     Updated ironcrown's min speed to 168
INFO     ironcrown used a electric move, removing electricgem from possible items
INFO     Setting ironcrown's last used move: voltswitch
INFO     ironcrown used a damaging move - not guessing lifeorb anymore
INFO     ironcrown did 3.27% damage to hoopa with voltswitch
INFO     Opponent has switched - clearing the last used move
INFO     ironthorns switched in, adding intimidate to impossible abilities
INFO     ironthorns switched in, adding pressure to impossible abilities
INFO     ironthorns switched in, adding neutralizinggas to impossible abilities
INFO     ironthorns switched in, adding sandstream to impossible abilities
INFO     ironthorns switched in, adding drought to impossible abilities
INFO     ironthorns switched in, adding drizzle to impossible abilities
INFO     ironthorns switched in, adding snowwarning to impossible abilities
INFO     ironthorns switched in, adding boosterenergy to impossible items
INFO     ironthorns switched in, adding airballoon to impossible items
INFO     Removing ironthorns's item: boosterenergy
INFO     Setting ironthorns's removed item to boosterenergy
INFO     Setting ironthorns's ability to quarkdrive
INFO     Starting the volatile status quarkdriveatk on ironthorns
INFO     Sampling battle 0
INFO     	     ironthorns   quarkdrive         None [dragondance, earthquake, stoneedge, wildcharge] ttype=grass
INFO     	        malamar     contrary  chestoberry [knockoff, psychocut, rest, superpower] ttype=fighting
INFO     	          entei   innerfocus   choiceband [extremespeed, flareblitz, sacredfire, stoneedge] ttype=normal
INFO     	tatsugiridroopy   stormdrain heavydutyboots [dracometeor, nastyplot, rapidspin, surf] ttype=water
INFO     	enamorustherian     overcoat  assaultvest [earthpower, moonblast, psychic, superpower] ttype=ground
INFO     	      ironcrown   quarkdrive  choicespecs [focusblast, psyshock, tachyoncutter, voltswitch] ttype=steel
INFO     Sampling battle 1
INFO     	     ironthorns   quarkdrive         None [dragondance, earthquake, stoneedge, wildcharge] ttype=rock
INFO     	        malamar     contrary  chestoberry [knockoff, psychocut, rest, superpower] ttype=poison
INFO     	          entei   innerfocus   choiceband [extremespeed, flareblitz, sacredfire, stompingtantrum] ttype=normal
INFO     	tatsugiridroopy   stormdrain heavydutyboots [dracometeor, nastyplot, rapidspin, surf] ttype=water
INFO     	enamorustherian     overcoat  assaultvest [earthpower, moonblast, mysticalfire, superpower] ttype=ground
INFO     	      ironcrown   quarkdrive  choicespecs [focusblast, psyshock, tachyoncutter, voltswitch] ttype=fighting
INFO     Sampling battle 2
INFO     	     ironthorns   quarkdrive         None [dragondance, icepunch, stoneedge, wildcharge] ttype=rock
INFO     	        malamar     contrary  chestoberry [knockoff, psychocut, rest, superpower] ttype=steel
INFO     	          entei   innerfocus   choiceband [extremespeed, flareblitz, sacredfire, stoneedge] ttype=fire
INFO     	tatsugiridroopy   stormdrain heavydutyboots [dracometeor, hydropump, nastyplot, rapidspin] ttype=water
INFO     	enamorustherian     overcoat  assaultvest [earthpower, moonblast, mysticalfire, superpower] ttype=ground
INFO     	      ironcrown   quarkdrive  choicespecs [focusblast, psyshock, tachyoncutter, voltswitch] ttype=fighting
INFO     Sampling battle 3
INFO     	     ironthorns   quarkdrive         None [dragondance, earthquake, stoneedge, wildcharge] ttype=grass
INFO     	        malamar     contrary    leftovers [knockoff, rest, sleeptalk, superpower] ttype=fighting
INFO     	          entei   innerfocus   choiceband [extremespeed, flareblitz, sacredfire, stompingtantrum] ttype=normal
INFO     	tatsugiridroopy   stormdrain heavydutyboots [dracometeor, hydropump, nastyplot, rapidspin] ttype=water
INFO     	enamorustherian     overcoat weaknesspolicy [agility, earthpower, moonblast, superpower] ttype=ground
INFO     	      ironcrown   quarkdrive  choicespecs [focusblast, psyshock, tachyoncutter, voltswitch] ttype=steel
INFO     Searching for a move using MCTS...
INFO     Sampling 4 battles at 500ms each
INFO     Policy 0: switch cramorant visited 55.41% avg_score=0.408 sample_chance_multiplier=0.25
INFO     Policy 1: switch cramorant visited 45.34% avg_score=0.409 sample_chance_multiplier=0.25
INFO     Policy 2: switch cramorant visited 49.32% avg_score=0.408 sample_chance_multiplier=0.25
INFO     Policy 3: switch cramorant visited 49.15% avg_score=0.416 sample_chance_multiplier=0.25
INFO     Considered Choices:
INFO     	49.802%: switch cramorant
INFO     Choice: switch cramorant
INFO     cramorant switched in, adding intimidate to impossible abilities
INFO     cramorant switched in, adding pressure to impossible abilities
INFO     cramorant switched in, adding neutralizinggas to impossible abilities
INFO     cramorant switched in, adding sandstream to impossible abilities
INFO     cramorant switched in, adding drought to impossible abilities
INFO     cramorant switched in, adding drizzle to impossible abilities
INFO     cramorant switched in, adding snowwarning to impossible abilities
INFO     cramorant switched in, adding boosterenergy to impossible items
INFO     cramorant switched in, adding airballoon to impossible items
INFO     
INFO     Turn: 10
INFO     Sampling battle 0
INFO     	     ironthorns   quarkdrive         None [dragondance, earthquake, stoneedge, wildcharge] ttype=ground
INFO     	        malamar     contrary  chestoberry [knockoff, psychocut, rest, superpower] ttype=fighting
INFO     	          entei   innerfocus   choiceband [extremespeed, flareblitz, sacredfire, stoneedge] ttype=normal
INFO     	tatsugiridroopy   stormdrain heavydutyboots [dracometeor, hydropump, nastyplot, rapidspin] ttype=water
INFO     	enamorustherian     overcoat weaknesspolicy [agility, earthpower, moonblast, mysticalfire] ttype=ground
INFO     	      ironcrown   quarkdrive  choicespecs [focusblast, psyshock, tachyoncutter, voltswitch] ttype=fighting
INFO     Sampling battle 1
INFO     	     ironthorns   quarkdrive         None [dragondance, earthquake, stoneedge, wildcharge] ttype=rock
INFO     	        malamar     contrary    leftovers [knockoff, rest, sleeptalk, superpower] ttype=steel
INFO     	          entei   innerfocus   choiceband [extremespeed, flareblitz, sacredfire, stompingtantrum] ttype=normal
INFO     	tatsugiridroopy   stormdrain heavydutyboots [dracometeor, nastyplot, rapidspin, surf] ttype=water
INFO     	enamorustherian     overcoat weaknesspolicy [agility, earthpower, moonblast, mysticalfire] ttype=ground
INFO     	      ironcrown   quarkdrive  choicespecs [focusblast, psyshock, tachyoncutter, voltswitch] ttype=fighting
INFO     Sampling battle 2
INFO     	     ironthorns   quarkdrive         None [dragondance, earthquake, stoneedge, wildcharge] ttype=flying
INFO     	        malamar     contrary    leftovers [knockoff, rest, sleeptalk, superpower] ttype=poison
INFO     	          entei   innerfocus   choiceband [extremespeed, flareblitz, sacredfire, stoneedge] ttype=normal
INFO     	tatsugiridroopy   stormdrain heavydutyboots [dracometeor, nastyplot, rapidspin, surf] ttype=water
INFO     	enamorustherian     overcoat  assaultvest [earthpower, moonblast, mysticalfire, superpower] ttype=fairy
INFO     	      ironcrown   quarkdrive  choicespecs [focusblast, psyshock, tachyoncutter, voltswitch] ttype=fighting
INFO     Sampling battle 3
INFO     	     ironthorns   quarkdrive         None [dragondance, earthquake, stoneedge, wildcharge] ttype=ground
INFO     	        malamar     contrary  chestoberry [knockoff, psychocut, rest, superpower] ttype=fighting
INFO     	          entei   innerfocus   choiceband [extremespeed, flareblitz, sacredfire, stoneedge] ttype=normal
INFO     	tatsugiridroopy   stormdrain heavydutyboots [dracometeor, nastyplot, rapidspin, surf] ttype=water
INFO     	enamorustherian     overcoat weaknesspolicy [agility, earthpower, moonblast, superpower] ttype=ground
INFO     	      ironcrown   quarkdrive  choicespecs [focusblast, psyshock, tachyoncutter, voltswitch] ttype=fighting
INFO     Searching for a move using MCTS...
INFO     Sampling 4 battles at 500ms each
INFO     Policy 0: surf visited 94.44% avg_score=0.396 sample_chance_multiplier=0.25
INFO     Policy 1: surf visited 91.05% avg_score=0.387 sample_chance_multiplier=0.25
INFO     Policy 2: surf visited 92.81% avg_score=0.385 sample_chance_multiplier=0.25
INFO     Policy 3: surf visited 92.31% avg_score=0.381 sample_chance_multiplier=0.25
INFO     Considered Choices:
INFO     	92.653%: surf
INFO     Choice: surf
INFO     Updated ironthorns's max speed to 195
INFO     cramorant already has the move surf. Decrementing the PP by 1
INFO     cramorant used a water move, removing watergem from possible items
INFO     Setting cramorant's last used move: surf
INFO     cramorant used a damaging move - not guessing lifeorb anymore
INFO     cramorant did 60.0% damage to ironthorns with surf
INFO     Form Change: cramorant -> Cramorant-Gulping
INFO     ironthorns using dragondance makes it unlikely to have a choice item. Setting can_have_choice_item to False
INFO     ironthorns used a status-move. Adding `assaultvest` to impossible items
INFO     Setting ironthorns's last used move: dragondance
INFO     ironthorns's attack was boosted by 1 to 1
INFO     ironthorns's speed was boosted by 1 to 1
INFO     ironthorns has less than maxhp during upkeep, no longer guessing leftovers or blacksludge
INFO     
INFO     Turn: 11
INFO     Sampling battle 0
INFO     	     ironthorns   quarkdrive         None [dragondance, earthquake, stoneedge, wildcharge] ttype=rock
INFO     	        malamar     contrary    leftovers [knockoff, rest, sleeptalk, superpower] ttype=steel
INFO     	          entei   innerfocus   choiceband [extremespeed, flareblitz, sacredfire, stoneedge] ttype=normal
INFO     	tatsugiridroopy   stormdrain heavydutyboots [dracometeor, nastyplot, rapidspin, surf] ttype=water
INFO     	enamorustherian     overcoat  assaultvest [earthpower, moonblast, mysticalfire, superpower] ttype=fairy
INFO     	      ironcrown   quarkdrive  choicespecs [focusblast, psyshock, tachyoncutter, voltswitch] ttype=fighting
INFO     Sampling battle 1
INFO     	     ironthorns   quarkdrive         None [dragondance, earthquake, stoneedge, wildcharge] ttype=ground
INFO     	        malamar     contrary    leftovers [knockoff, rest, sleeptalk, superpower] ttype=steel
INFO     	          entei   innerfocus   choiceband [extremespeed, flareblitz, sacredfire, stoneedge] ttype=fire
INFO     	tatsugiridroopy   stormdrain heavydutyboots [dracometeor, hydropump, nastyplot, rapidspin] ttype=water
INFO     	enamorustherian     overcoat weaknesspolicy [agility, earthpower, moonblast, mysticalfire] ttype=ground
INFO     	      ironcrown   quarkdrive  choicespecs [focusblast, psyshock, tachyoncutter, voltswitch] ttype=steel
INFO     Sampling battle 2
INFO     	     ironthorns   quarkdrive         None [dragondance, earthquake, stoneedge, wildcharge] ttype=ground
INFO     	        malamar     contrary    leftovers [knockoff, rest, sleeptalk, superpower] ttype=fighting
INFO     	          entei   innerfocus   choiceband [extremespeed, flareblitz, sacredfire, stoneedge] ttype=fire
INFO     	tatsugiridroopy   stormdrain heavydutyboots [dracometeor, hydropump, nastyplot, rapidspin] ttype=water
INFO     	enamorustherian     overcoat weaknesspolicy [agility, earthpower, moonblast, mysticalfire] ttype=ground
INFO     	      ironcrown   quarkdrive  choicespecs [focusblast, psyshock, tachyoncutter, voltswitch] ttype=fighting
INFO     Sampling battle 3
INFO     	     ironthorns   quarkdrive         None [dragondance, earthquake, stoneedge, wildcharge] ttype=flying
INFO     	        malamar     contrary  chestoberry [knockoff, psychocut, rest, superpower] ttype=poison
INFO     	          entei   innerfocus   choiceband [extremespeed, flareblitz, sacredfire, stoneedge] ttype=fire
INFO     	tatsugiridroopy   stormdrain heavydutyboots [dracometeor, hydropump, nastyplot, rapidspin] ttype=water
INFO     	enamorustherian     overcoat weaknesspolicy [agility, earthpower, moonblast, superpower] ttype=ground
INFO     	      ironcrown   quarkdrive  choicespecs [focusblast, psyshock, tachyoncutter, voltswitch] ttype=fighting
INFO     Searching for a move using MCTS...
INFO     Sampling 4 battles at 500ms each
INFO     Policy 0: switch conkeldurr visited 42.29% avg_score=0.385 sample_chance_multiplier=0.25
INFO     Policy 1: switch conkeldurr visited 33.62% avg_score=0.387 sample_chance_multiplier=0.25
INFO     Policy 2: switch conkeldurr visited 45.66% avg_score=0.389 sample_chance_multiplier=0.25
INFO     Policy 3: switch conkeldurr visited 31.81% avg_score=0.386 sample_chance_multiplier=0.25
INFO     Considered Choices:
INFO     	38.343%: switch conkeldurr
INFO     Choice: switch conkeldurr
INFO     Resetting cramorantgulping to 'cramorant' on switch out
INFO     ironthorns used two different moves - it cannot have a choice item
INFO     ironthorns used a rock move, removing rockgem from possible items
INFO     Setting ironthorns's last used move: stoneedge
INFO     ironthorns used a damaging move - not guessing lifeorb anymore
INFO     ironthorns did 42.809999999999995% damage to conkeldurr with stoneedge
INFO     ironthorns has less than maxhp during upkeep, no longer guessing leftovers or blacksludge
INFO     
INFO     Turn: 12
INFO     Sampling battle 0
INFO     	     ironthorns   quarkdrive         None [dragondance, earthquake, stoneedge, wildcharge] ttype=rock
INFO     	        malamar     contrary    leftovers [knockoff, rest, sleeptalk, superpower] ttype=fighting
INFO     	          entei   innerfocus   choiceband [extremespeed, flareblitz, sacredfire, stoneedge] ttype=normal
INFO     	tatsugiridroopy   stormdrain heavydutyboots [dracometeor, nastyplot, rapidspin, surf] ttype=water
INFO     	enamorustherian     overcoat weaknesspolicy [agility, earthpower, moonblast, mysticalfire] ttype=ground
INFO     	      ironcrown   quarkdrive  choicespecs [focusblast, psyshock, tachyoncutter, voltswitch] ttype=steel
INFO     Sampling battle 1
INFO     	     ironthorns   quarkdrive         None [dragondance, earthquake, stoneedge, wildcharge] ttype=ground
INFO     	        malamar     contrary  chestoberry [knockoff, psychocut, rest, superpower] ttype=poison
INFO     	          entei   innerfocus   choiceband [extremespeed, flareblitz, sacredfire, stoneedge] ttype=normal
INFO     	tatsugiridroopy   stormdrain heavydutyboots [dracometeor, nastyplot, rapidspin, surf] ttype=water
INFO     	enamorustherian     overcoat weaknesspolicy [agility, earthpower, moonblast, superpower] ttype=ground
INFO     	      ironcrown   quarkdrive  choicespecs [focusblast, psyshock, tachyoncutter, voltswitch] ttype=steel
INFO     Sampling battle 2
INFO     	     ironthorns   quarkdrive         None [dragondance, icepunch, stoneedge, wildcharge] ttype=flying
INFO     	        malamar     contrary    leftovers [knockoff, rest, sleeptalk, superpower] ttype=poison
INFO     	          entei   innerfocus   choiceband [extremespeed, flareblitz, sacredfire, stoneedge] ttype=normal
INFO     	tatsugiridroopy   stormdrain heavydutyboots [dracometeor, hydropump, nastyplot, rapidspin] ttype=water
INFO     	enamorustherian     overcoat weaknesspolicy [agility, earthpower, moonblast, mysticalfire] ttype=ground
INFO     	      ironcrown   quarkdrive  choicespecs [focusblast, psyshock, tachyoncutter, voltswitch] ttype=fighting
INFO     Sampling battle 3
INFO     	     ironthorns   quarkdrive         None [dragondance, earthquake, stoneedge, wildcharge] ttype=flying
INFO     	        malamar     contrary  chestoberry [knockoff, psychocut, rest, superpower] ttype=poison
INFO     	          entei   innerfocus   choiceband [extremespeed, flareblitz, sacredfire, stoneedge] ttype=normal
INFO     	tatsugiridroopy   stormdrain heavydutyboots [dracometeor, hydropump, nastyplot, rapidspin] ttype=water
INFO     	enamorustherian     overcoat weaknesspolicy [agility, earthpower, moonblast, mysticalfire] ttype=ground
INFO     	      ironcrown   quarkdrive  choicespecs [focusblast, psyshock, tachyoncutter, voltswitch] ttype=fighting
INFO     Searching for a move using MCTS...
INFO     Sampling 4 battles at 500ms each
INFO     Policy 0: machpunch visited 71.06% avg_score=0.514 sample_chance_multiplier=0.25
INFO     Policy 1: machpunch visited 94.77% avg_score=0.496 sample_chance_multiplier=0.25
INFO     Policy 2: machpunch visited 87.49% avg_score=0.502 sample_chance_multiplier=0.25
INFO     Policy 3: machpunch visited 93.99% avg_score=0.498 sample_chance_multiplier=0.25
INFO     Considered Choices:
INFO     	86.827%: machpunch
INFO     Choice: machpunch
INFO     conkeldurr already has the move machpunch. Decrementing the PP by 1
INFO     conkeldurr used a fighting move, removing fightinggem from possible items
INFO     Setting conkeldurr's last used move: machpunch
INFO     conkeldurr did 40.0% damage to ironthorns with machpunch
INFO     Removing quarkdriveatk from ironthorns
INFO     ironthorns has less than maxhp during upkeep, no longer guessing leftovers or blacksludge
INFO     Opponent has switched - clearing the last used move
INFO     
INFO     Turn: 13
INFO     Sampling battle 0
INFO     	      ironcrown   quarkdrive  choicespecs [focusblast, psyshock, tachyoncutter, voltswitch] ttype=fighting
INFO     	        malamar     contrary    leftovers [knockoff, rest, sleeptalk, superpower] ttype=fighting
INFO     	          entei   innerfocus   choiceband [extremespeed, flareblitz, sacredfire, stoneedge] ttype=normal
INFO     	tatsugiridroopy   stormdrain heavydutyboots [dracometeor, hydropump, nastyplot, rapidspin] ttype=water
INFO     	enamorustherian     overcoat weaknesspolicy [agility, earthpower, moonblast, mysticalfire] ttype=ground
INFO     Sampling battle 1
INFO     	      ironcrown   quarkdrive  choicespecs [focusblast, psyshock, tachyoncutter, voltswitch] ttype=steel
INFO     	        malamar     contrary    leftovers [knockoff, rest, sleeptalk, superpower] ttype=poison
INFO     	          entei   innerfocus   choiceband [extremespeed, flareblitz, sacredfire, stompingtantrum] ttype=fire
INFO     	tatsugiridroopy   stormdrain heavydutyboots [dracometeor, nastyplot, rapidspin, surf] ttype=water
INFO     	enamorustherian     overcoat weaknesspolicy [agility, earthpower, moonblast, mysticalfire] ttype=ground
INFO     Sampling battle 2
INFO     	      ironcrown   quarkdrive  choicespecs [focusblast, psyshock, tachyoncutter, voltswitch] ttype=fighting
INFO     	        malamar     contrary  chestoberry [knockoff, psychocut, rest, superpower] ttype=steel
INFO     	          entei   innerfocus   choiceband [extremespeed, flareblitz, sacredfire, stoneedge] ttype=normal
INFO     	tatsugiridroopy   stormdrain heavydutyboots [dracometeor, hydropump, nastyplot, rapidspin] ttype=water
INFO     	enamorustherian     overcoat weaknesspolicy [agility, earthpower, moonblast, superpower] ttype=ground
INFO     Sampling battle 3
INFO     	      ironcrown   quarkdrive  choicespecs [focusblast, psyshock, tachyoncutter, voltswitch] ttype=fighting
INFO     	        malamar     contrary  chestoberry [knockoff, psychocut, rest, superpower] ttype=fighting
INFO     	          entei   innerfocus   choiceband [extremespeed, flareblitz, sacredfire, stompingtantrum] ttype=fire
INFO     	tatsugiridroopy   stormdrain heavydutyboots [dracometeor, nastyplot, rapidspin, surf] ttype=water
INFO     	enamorustherian     overcoat weaknesspolicy [agility, earthpower, moonblast, mysticalfire] ttype=ground
INFO     Searching for a move using MCTS...
INFO     Sampling 4 battles at 500ms each
INFO     Policy 0: machpunch visited 59.48% avg_score=0.292 sample_chance_multiplier=0.25
INFO     Policy 1: machpunch visited 73.95% avg_score=0.296 sample_chance_multiplier=0.25
INFO     Policy 2: machpunch visited 61.1% avg_score=0.291 sample_chance_multiplier=0.25
INFO     Policy 3: machpunch visited 69.32% avg_score=0.288 sample_chance_multiplier=0.25
INFO     Considered Choices:
INFO     	65.963%: machpunch
INFO     Choice: machpunch
INFO     conkeldurr already has the move machpunch. Decrementing the PP by 1
INFO     conkeldurr used a fighting move, removing fightinggem from possible items
INFO     Setting conkeldurr's last used move: machpunch
INFO     conkeldurr did 28.000000000000004% damage to ironcrown with machpunch
INFO     ironcrown used a psychic move, removing psychicgem from possible items
INFO     Setting ironcrown's last used move: psyshock
INFO     ironcrown used a damaging move - not guessing lifeorb anymore
INFO     ironcrown did 45.15% damage to conkeldurr with psyshock
INFO     ironcrown has less than maxhp during upkeep, no longer guessing leftovers or blacksludge
INFO     Sampling battle 0
INFO     	      ironcrown   quarkdrive  choicespecs [focusblast, psyshock, tachyoncutter, voltswitch] ttype=fighting
INFO     	        malamar     contrary    leftovers [knockoff, rest, sleeptalk, superpower] ttype=fighting
INFO     	          entei   innerfocus   choiceband [extremespeed, flareblitz, sacredfire, stompingtantrum] ttype=fire
INFO     	tatsugiridroopy   stormdrain heavydutyboots [dracometeor, nastyplot, rapidspin, surf] ttype=water
INFO     	enamorustherian     overcoat  assaultvest [earthpower, moonblast, mysticalfire, superpower] ttype=ground
INFO     Sampling battle 1
INFO     	      ironcrown   quarkdrive  choicespecs [focusblast, psyshock, tachyoncutter, voltswitch] ttype=fighting
INFO     	        malamar     contrary  chestoberry [knockoff, psychocut, rest, superpower] ttype=fighting
INFO     	          entei   innerfocus   choiceband [extremespeed, flareblitz, sacredfire, stoneedge] ttype=fire
INFO     	tatsugiridroopy   stormdrain heavydutyboots [dracometeor, nastyplot, rapidspin, surf] ttype=water
INFO     	enamorustherian     overcoat weaknesspolicy [agility, earthpower, moonblast, superpower] ttype=ground
INFO     Sampling battle 2
INFO     	      ironcrown   quarkdrive  choicespecs [focusblast, psyshock, tachyoncutter, voltswitch] ttype=steel
INFO     	        malamar     contrary    leftovers [knockoff, rest, sleeptalk, superpower] ttype=poison
INFO     	          entei   innerfocus   choiceband [extremespeed, flareblitz, sacredfire, stoneedge] ttype=fire
INFO     	tatsugiridroopy   stormdrain heavydutyboots [dracometeor, hydropump, nastyplot, rapidspin] ttype=water
INFO     	enamorustherian     overcoat  assaultvest [earthpower, moonblast, psychic, superpower] ttype=fairy
INFO     Sampling battle 3
INFO     	      ironcrown   quarkdrive  choicespecs [focusblast, psyshock, tachyoncutter, voltswitch] ttype=steel
INFO     	        malamar     contrary    leftovers [knockoff, rest, sleeptalk, superpower] ttype=fighting
INFO     	          entei   innerfocus   choiceband [extremespeed, flareblitz, sacredfire, stompingtantrum] ttype=fire
INFO     	tatsugiridroopy   stormdrain heavydutyboots [dracometeor, nastyplot, rapidspin, surf] ttype=water
INFO     	enamorustherian     overcoat weaknesspolicy [agility, earthpower, moonblast, superpower] ttype=ground
INFO     Searching for a move using MCTS...
INFO     Sampling 4 battles at 500ms each
INFO     Policy 0: switch cramorant visited 83.43% avg_score=0.474 sample_chance_multiplier=0.25
INFO     Policy 1: switch cramorant visited 59.18% avg_score=0.455 sample_chance_multiplier=0.25
INFO     Policy 2: switch cramorant visited 86.39% avg_score=0.475 sample_chance_multiplier=0.25
INFO     Policy 3: switch cramorant visited 83.77% avg_score=0.477 sample_chance_multiplier=0.25
INFO     Considered Choices:
INFO     	78.195%: switch cramorant
INFO     Choice: switch cramorant
INFO     
INFO     Turn: 14
INFO     Sampling battle 0
INFO     	      ironcrown   quarkdrive  choicespecs [focusblast, psyshock, tachyoncutter, voltswitch] ttype=steel
INFO     	        malamar     contrary  chestoberry [knockoff, psychocut, rest, superpower] ttype=poison
INFO     	          entei   innerfocus   choiceband [extremespeed, flareblitz, sacredfire, stompingtantrum] ttype=normal
INFO     	tatsugiridroopy   stormdrain heavydutyboots [dracometeor, hydropump, nastyplot, rapidspin] ttype=water
INFO     	enamorustherian     overcoat  assaultvest [moonblast, mysticalfire, psychic, superpower] ttype=fairy
INFO     Sampling battle 1
INFO     	      ironcrown   quarkdrive  choicespecs [focusblast, psyshock, tachyoncutter, voltswitch] ttype=fighting
INFO     	        malamar     contrary  chestoberry [knockoff, psychocut, rest, superpower] ttype=steel
INFO     	          entei   innerfocus   choiceband [extremespeed, flareblitz, sacredfire, stompingtantrum] ttype=fire
INFO     	tatsugiridroopy   stormdrain heavydutyboots [dracometeor, nastyplot, rapidspin, surf] ttype=water
INFO     	enamorustherian     overcoat  assaultvest [earthpower, moonblast, mysticalfire, superpower] ttype=ground
INFO     Sampling battle 2
INFO     	      ironcrown   quarkdrive  choicespecs [focusblast, psyshock, tachyoncutter, voltswitch] ttype=steel
INFO     	        malamar     contrary    leftovers [knockoff, rest, sleeptalk, superpower] ttype=fighting
INFO     	          entei   innerfocus   choiceband [extremespeed, flareblitz, sacredfire, stoneedge] ttype=normal
INFO     	tatsugiridroopy   stormdrain heavydutyboots [dracometeor, nastyplot, rapidspin, surf] ttype=water
INFO     	enamorustherian     overcoat weaknesspolicy [agility, earthpower, moonblast, mysticalfire] ttype=ground
INFO     Sampling battle 3
INFO     	      ironcrown   quarkdrive  choicespecs [focusblast, psyshock, tachyoncutter, voltswitch] ttype=steel
INFO     	        malamar     contrary  chestoberry [knockoff, psychocut, rest, superpower] ttype=fighting
INFO     	          entei   innerfocus   choiceband [extremespeed, flareblitz, sacredfire, stompingtantrum] ttype=fire
INFO     	tatsugiridroopy   stormdrain heavydutyboots [dracometeor, nastyplot, rapidspin, surf] ttype=water
INFO     	enamorustherian     overcoat  assaultvest [earthpower, moonblast, mysticalfire, superpower] ttype=fairy
INFO     Searching for a move using MCTS...
INFO     Sampling 4 battles at 500ms each
INFO     Policy 0: surf visited 96.46% avg_score=0.456 sample_chance_multiplier=0.25
INFO     Policy 1: surf visited 96.59% avg_score=0.455 sample_chance_multiplier=0.25
INFO     Policy 2: surf visited 93.76% avg_score=0.48 sample_chance_multiplier=0.25
INFO     Policy 3: surf visited 96.56% avg_score=0.453 sample_chance_multiplier=0.25
INFO     Considered Choices:
INFO     	95.844%: surf
INFO     Choice: surf
INFO     Updated ironcrown's min speed to 195
INFO     ironcrown already has the move psyshock. Decrementing the PP by 1
INFO     ironcrown used a psychic move, removing psychicgem from possible items
INFO     Setting ironcrown's last used move: psyshock
INFO     ironcrown used a damaging move - not guessing lifeorb anymore
INFO     ironcrown did 63.6% damage to cramorant with psyshock
INFO     cramorant already has the move surf. Decrementing the PP by 1
INFO     cramorant used a water move, removing watergem from possible items
INFO     Setting cramorant's last used move: surf
INFO     cramorant used a damaging move - not guessing lifeorb anymore
INFO     cramorant did 32.0% damage to ironcrown with surf
INFO     Form Change: cramorant -> Cramorant-Gorging
INFO     ironcrown has less than maxhp during upkeep, no longer guessing leftovers or blacksludge
INFO     
INFO     Turn: 15
INFO     Sampling battle 0
INFO     	      ironcrown   quarkdrive  choicespecs [focusblast, psyshock, tachyoncutter, voltswitch] ttype=fighting
INFO     	        malamar     contrary  chestoberry [knockoff, psychocut, rest, superpower] ttype=poison
INFO     	          entei   innerfocus   choiceband [extremespeed, flareblitz, sacredfire, stompingtantrum] ttype=fire
INFO     	tatsugiridroopy   stormdrain heavydutyboots [dracometeor, nastyplot, rapidspin, surf] ttype=water
INFO     	enamorustherian     overcoat weaknesspolicy [agility, earthpower, moonblast, superpower] ttype=ground
INFO     Sampling battle 1
INFO     	      ironcrown   quarkdrive  choicespecs [focusblast, psyshock, tachyoncutter, voltswitch] ttype=steel
INFO     	        malamar     contrary    leftovers [knockoff, rest, sleeptalk, superpower] ttype=steel
INFO     	          entei   innerfocus   choiceband [extremespeed, flareblitz, sacredfire, stoneedge] ttype=normal
INFO     	tatsugiridroopy   stormdrain heavydutyboots [dracometeor, nastyplot, rapidspin, surf] ttype=water
INFO     	enamorustherian     overcoat  assaultvest [moonblast, mysticalfire, psychic, superpower] ttype=fairy
INFO     Sampling battle 2
INFO     	      ironcrown   quarkdrive  choicespecs [focusblast, psyshock, tachyoncutter, voltswitch] ttype=fighting
INFO     	        malamar     contrary  chestoberry [knockoff, psychocut, rest, superpower] ttype=poison
INFO     	          entei   innerfocus   choiceband [extremespeed, flareblitz, sacredfire, stompingtantrum] ttype=normal
INFO     	tatsugiridroopy   stormdrain heavydutyboots [dracometeor, hydropump, nastyplot, rapidspin] ttype=water
INFO     	enamorustherian     overcoat weaknesspolicy [agility, earthpower, moonblast, mysticalfire] ttype=ground
INFO     Sampling battle 3
INFO     	      ironcrown   quarkdrive  choicespecs [focusblast, psyshock, tachyoncutter, voltswitch] ttype=steel
INFO     	        malamar     contrary    leftovers [knockoff, rest, sleeptalk, superpower] ttype=poison
INFO     	          entei   innerfocus   choiceband [extremespeed, flareblitz, sacredfire, stoneedge] ttype=normal
INFO     	tatsugiridroopy   stormdrain heavydutyboots [dracometeor, nastyplot, rapidspin, surf] ttype=water
INFO     	enamorustherian     overcoat weaknesspolicy [agility, earthpower, moonblast, superpower] ttype=ground
INFO     Searching for a move using MCTS...
INFO     Sampling 4 battles at 500ms each
INFO     Policy 0: bravebird visited 28.98% avg_score=0.532 sample_chance_multiplier=0.25
INFO     Policy 1: bravebird visited 33.14% avg_score=0.559 sample_chance_multiplier=0.25
INFO     Policy 2: roost visited 27.88% avg_score=0.528 sample_chance_multiplier=0.25
INFO     Policy 3: surf visited 36.45% avg_score=0.562 sample_chance_multiplier=0.25
INFO     Considered Choices:
INFO     	29.183%: surf
INFO     	28.777%: bravebird
INFO     	24.39%: roost
INFO     Choice: bravebird
INFO     Updated ironcrown's min speed to 195
INFO     ironcrown already has the move psyshock. Decrementing the PP by 1
INFO     ironcrown used a psychic move, removing psychicgem from possible items
INFO     Setting ironcrown's last used move: psyshock
INFO     ironcrown used a damaging move - not guessing lifeorb anymore
INFO     ironcrown did 36.4% damage to cramorantgorging with psyshock
INFO     Setting cramorantgorging's ability to: gulpmissile
INFO     ironcrown got status: par
INFO     No longer guessing lumberry because ironcrown got status par
INFO     Form Change: cramorantgorging -> Cramorant
INFO     ironcrown has less than maxhp during upkeep, no longer guessing leftovers or blacksludge
INFO     Sampling battle 0
INFO     	      ironcrown   quarkdrive  choicespecs [focusblast, psyshock, tachyoncutter, voltswitch] ttype=steel
INFO     	        malamar     contrary    leftovers [knockoff, rest, sleeptalk, superpower] ttype=steel
INFO     	          entei   innerfocus   choiceband [extremespeed, flareblitz, sacredfire, stompingtantrum] ttype=fire
INFO     	tatsugiridroopy   stormdrain heavydutyboots [dracometeor, hydropump, nastyplot, rapidspin] ttype=water
INFO     	enamorustherian     overcoat weaknesspolicy [agility, earthpower, moonblast, superpower] ttype=ground
INFO     Sampling battle 1
INFO     	      ironcrown   quarkdrive  choicespecs [focusblast, psyshock, tachyoncutter, voltswitch] ttype=fighting
INFO     	        malamar     contrary  chestoberry [knockoff, psychocut, rest, superpower] ttype=steel
INFO     	          entei   innerfocus   choiceband [extremespeed, flareblitz, sacredfire, stoneedge] ttype=normal
INFO     	tatsugiridroopy   stormdrain heavydutyboots [dracometeor, nastyplot, rapidspin, surf] ttype=water
INFO     	enamorustherian     overcoat  assaultvest [earthpower, moonblast, mysticalfire, superpower] ttype=ground
INFO     Sampling battle 2
INFO     	      ironcrown   quarkdrive  choicespecs [focusblast, psyshock, tachyoncutter, voltswitch] ttype=steel
INFO     	        malamar     contrary    leftovers [knockoff, rest, sleeptalk, superpower] ttype=fighting
INFO     	          entei   innerfocus   choiceband [extremespeed, flareblitz, sacredfire, stoneedge] ttype=fire
INFO     	tatsugiridroopy   stormdrain heavydutyboots [dracometeor, nastyplot, rapidspin, surf] ttype=water
INFO     	enamorustherian     overcoat  assaultvest [earthpower, moonblast, mysticalfire, superpower] ttype=ground
INFO     Sampling battle 3
INFO     	      ironcrown   quarkdrive  choicespecs [focusblast, psyshock, tachyoncutter, voltswitch] ttype=fighting
INFO     	        malamar     contrary  chestoberry [knockoff, psychocut, rest, superpower] ttype=fighting
INFO     	          entei   innerfocus   choiceband [extremespeed, flareblitz, sacredfire, stompingtantrum] ttype=normal
INFO     	tatsugiridroopy   stormdrain heavydutyboots [dracometeor, nastyplot, rapidspin, surf] ttype=water
INFO     	enamorustherian     overcoat weaknesspolicy [agility, earthpower, moonblast, mysticalfire] ttype=ground
INFO     Searching for a move using MCTS...
INFO     Sampling 4 battles at 500ms each
INFO     Policy 0: switch cinccino visited 99.1% avg_score=0.66 sample_chance_multiplier=0.25
INFO     Policy 1: switch cinccino visited 98.36% avg_score=0.562 sample_chance_multiplier=0.25
INFO     Policy 2: switch cinccino visited 99.29% avg_score=0.656 sample_chance_multiplier=0.25
INFO     Policy 3: switch cinccino visited 98.35% avg_score=0.566 sample_chance_multiplier=0.25
INFO     Considered Choices:
INFO     	98.774%: switch cinccino
INFO     Choice: switch cinccino
INFO     cinccino switched in, adding intimidate to impossible abilities
INFO     cinccino switched in, adding pressure to impossible abilities
INFO     cinccino switched in, adding neutralizinggas to impossible abilities
INFO     cinccino switched in, adding sandstream to impossible abilities
INFO     cinccino switched in, adding drought to impossible abilities
INFO     cinccino switched in, adding drizzle to impossible abilities
INFO     cinccino switched in, adding snowwarning to impossible abilities
INFO     cinccino switched in, adding boosterenergy to impossible items
INFO     cinccino switched in, adding airballoon to impossible items
INFO     
INFO     Turn: 16
INFO     Sampling battle 0
INFO     	      ironcrown   quarkdrive  choicespecs [focusblast, psyshock, tachyoncutter, voltswitch] ttype=fighting
INFO     	        malamar     contrary  chestoberry [knockoff, psychocut, rest, superpower] ttype=fighting
INFO     	          entei   innerfocus   choiceband [extremespeed, flareblitz, sacredfire, stoneedge] ttype=normal
INFO     	tatsugiridroopy   stormdrain heavydutyboots [dracometeor, nastyplot, rapidspin, surf] ttype=water
INFO     	enamorustherian     overcoat  assaultvest [earthpower, moonblast, mysticalfire, superpower] ttype=fairy
INFO     Sampling battle 1
INFO     	      ironcrown   quarkdrive  choicespecs [focusblast, psyshock, tachyoncutter, voltswitch] ttype=fighting
INFO     	        malamar     contrary    leftovers [knockoff, rest, sleeptalk, superpower] ttype=steel
INFO     	          entei   innerfocus   choiceband [extremespeed, flareblitz, sacredfire, stompingtantrum] ttype=normal
INFO     	tatsugiridroopy   stormdrain heavydutyboots [dracometeor, hydropump, nastyplot, rapidspin] ttype=water
INFO     	enamorustherian     overcoat weaknesspolicy [agility, earthpower, moonblast, superpower] ttype=ground
INFO     Sampling battle 2
INFO     	      ironcrown   quarkdrive  choicespecs [focusblast, psyshock, tachyoncutter, voltswitch] ttype=steel
INFO     	        malamar     contrary    leftovers [knockoff, rest, sleeptalk, superpower] ttype=steel
INFO     	          entei   innerfocus   choiceband [extremespeed, flareblitz, sacredfire, stoneedge] ttype=normal
INFO     	tatsugiridroopy   stormdrain heavydutyboots [dracometeor, hydropump, nastyplot, rapidspin] ttype=water
INFO     	enamorustherian     overcoat weaknesspolicy [agility, earthpower, moonblast, mysticalfire] ttype=ground
INFO     Sampling battle 3
INFO     	      ironcrown   quarkdrive  choicespecs [focusblast, psyshock, tachyoncutter, voltswitch] ttype=fighting
INFO     	        malamar     contrary  chestoberry [knockoff, psychocut, rest, superpower] ttype=steel
INFO     	          entei   innerfocus   choiceband [extremespeed, flareblitz, sacredfire, stoneedge] ttype=fire
INFO     	tatsugiridroopy   stormdrain heavydutyboots [dracometeor, nastyplot, rapidspin, surf] ttype=water
INFO     	enamorustherian     overcoat weaknesspolicy [agility, earthpower, moonblast, superpower] ttype=ground
INFO     Searching for a move using MCTS...
INFO     Sampling 4 battles at 500ms each
INFO     Policy 0: tailslap visited 26.99% avg_score=0.559 sample_chance_multiplier=0.25
INFO     Policy 1: tailslap visited 62.79% avg_score=0.67 sample_chance_multiplier=0.25
INFO     Policy 2: tailslap visited 63.94% avg_score=0.664 sample_chance_multiplier=0.25
INFO     Policy 3: bulletseed visited 28.03% avg_score=0.566 sample_chance_multiplier=0.25
INFO     Considered Choices:
INFO     	44.517%: tailslap
INFO     Choice: tailslap
INFO     cinccino already has the move tailslap. Decrementing the PP by 1
INFO     cinccino used a normal move, removing normalgem from possible items
INFO     Setting cinccino's last used move: tailslap
INFO     cinccino used a damaging move - not guessing lifeorb anymore
INFO     cinccino did 5.0% damage to ironcrown with tailslap
INFO     ironcrown has less than maxhp during upkeep, no longer guessing leftovers or blacksludge
INFO     Opponent has switched - clearing the last used move
INFO     
INFO     Turn: 17
INFO     Sampling battle 0
INFO     	        malamar     contrary    leftovers [knockoff, rest, sleeptalk, superpower] ttype=poison
INFO     	          entei   innerfocus   choiceband [extremespeed, flareblitz, sacredfire, stompingtantrum] ttype=normal
INFO     	tatsugiridroopy   stormdrain heavydutyboots [dracometeor, hydropump, nastyplot, rapidspin] ttype=water
INFO     	enamorustherian     overcoat weaknesspolicy [agility, earthpower, moonblast, superpower] ttype=ground
INFO     Sampling battle 1
INFO     	        malamar     contrary    leftovers [knockoff, rest, sleeptalk, superpower] ttype=steel
INFO     	          entei   innerfocus   choiceband [extremespeed, flareblitz, sacredfire, stoneedge] ttype=fire
INFO     	tatsugiridroopy   stormdrain heavydutyboots [dracometeor, nastyplot, rapidspin, surf] ttype=water
INFO     	enamorustherian     overcoat weaknesspolicy [agility, earthpower, moonblast, superpower] ttype=ground
INFO     Sampling battle 2
INFO     	        malamar     contrary    leftovers [knockoff, rest, sleeptalk, superpower] ttype=fighting
INFO     	          entei   innerfocus   choiceband [extremespeed, flareblitz, sacredfire, stompingtantrum] ttype=normal
INFO     	tatsugiridroopy   stormdrain heavydutyboots [dracometeor, hydropump, nastyplot, rapidspin] ttype=water
INFO     	enamorustherian     overcoat  assaultvest [moonblast, mysticalfire, psychic, superpower] ttype=fairy
INFO     Sampling battle 3
INFO     	        malamar     contrary    leftovers [knockoff, rest, sleeptalk, superpower] ttype=steel
INFO     	          entei   innerfocus   choiceband [extremespeed, flareblitz, sacredfire, stoneedge] ttype=fire
INFO     	tatsugiridroopy   stormdrain heavydutyboots [dracometeor, hydropump, nastyplot, rapidspin] ttype=water
INFO     	enamorustherian     overcoat  assaultvest [earthpower, moonblast, psychic, superpower] ttype=ground
INFO     Searching for a move using MCTS...
INFO     Sampling 4 battles at 500ms each
INFO     Policy 0: tidyup visited 72.31% avg_score=0.62 sample_chance_multiplier=0.25
INFO     Policy 1: tidyup visited 69.48% avg_score=0.617 sample_chance_multiplier=0.25
INFO     Policy 2: tidyup visited 65.51% avg_score=0.612 sample_chance_multiplier=0.25
INFO     Policy 3: tidyup visited 68.88% avg_score=0.613 sample_chance_multiplier=0.25
INFO     Considered Choices:
INFO     	69.044%: tidyup
INFO     Choice: tidyup
INFO     Updated malamar's max speed to 239
INFO     cinccino already has the move tidyup. Decrementing the PP by 1
INFO     cinccino using tidyup makes it unlikely to have a choice item. Setting can_have_choice_item to False
INFO     cinccino used a status-move. Adding `assaultvest` to impossible items
INFO     Setting cinccino's last used move: tidyup
INFO     cinccino's attack was boosted by 1 to 1
INFO     cinccino's speed was boosted by 1 to 1
INFO     malamar used a fighting move, removing fightinggem from possible items
INFO     Setting malamar's last used move: superpower
INFO     malamar used a damaging move - not guessing lifeorb anymore
INFO     malamar did 79.23% damage to cinccino with superpower
INFO     malamar's attack was boosted by 1 to 1
INFO     malamar's defense was boosted by 1 to 1
INFO     
INFO     Turn: 18
INFO     Sampling battle 0
INFO     	        malamar     contrary  chestoberry [knockoff, psychocut, rest, superpower] ttype=fighting
INFO     	          entei   innerfocus   choiceband [extremespeed, flareblitz, sacredfire, stoneedge] ttype=normal
INFO     	tatsugiridroopy   stormdrain heavydutyboots [dracometeor, nastyplot, rapidspin, surf] ttype=water
INFO     	enamorustherian     overcoat  assaultvest [earthpower, moonblast, mysticalfire, superpower] ttype=fairy
INFO     Sampling battle 1
INFO     	        malamar     contrary    leftovers [knockoff, rest, sleeptalk, superpower] ttype=poison
INFO     	          entei   innerfocus   choiceband [extremespeed, flareblitz, sacredfire, stompingtantrum] ttype=fire
INFO     	tatsugiridroopy   stormdrain heavydutyboots [dracometeor, hydropump, nastyplot, rapidspin] ttype=water
INFO     	enamorustherian     overcoat weaknesspolicy [agility, earthpower, moonblast, superpower] ttype=ground
INFO     Sampling battle 2
INFO     	        malamar     contrary  chestoberry [knockoff, psychocut, rest, superpower] ttype=poison
INFO     	          entei   innerfocus   choiceband [extremespeed, flareblitz, sacredfire, stoneedge] ttype=normal
INFO     	tatsugiridroopy   stormdrain heavydutyboots [dracometeor, hydropump, nastyplot, rapidspin] ttype=water
INFO     	enamorustherian     overcoat weaknesspolicy [agility, earthpower, moonblast, superpower] ttype=ground
INFO     Sampling battle 3
INFO     	        malamar     contrary  chestoberry [knockoff, psychocut, rest, superpower] ttype=fighting
INFO     	          entei   innerfocus   choiceband [extremespeed, flareblitz, sacredfire, stompingtantrum] ttype=fire
INFO     	tatsugiridroopy   stormdrain heavydutyboots [dracometeor, nastyplot, rapidspin, surf] ttype=water
INFO     	enamorustherian     overcoat  assaultvest [earthpower, moonblast, mysticalfire, superpower] ttype=ground
INFO     Searching for a move using MCTS...
INFO     Sampling 4 battles at 500ms each
INFO     Policy 0: tripleaxel visited 42.34% avg_score=0.042 sample_chance_multiplier=0.25
INFO     Policy 1: tailslap visited 48.38% avg_score=0.714 sample_chance_multiplier=0.25
INFO     Policy 2: tripleaxel visited 43.28% avg_score=0.043 sample_chance_multiplier=0.25
INFO     Policy 3: tripleaxel visited 40.81% avg_score=0.042 sample_chance_multiplier=0.25
INFO     Considered Choices:
INFO     	39.893%: tailslap
INFO     	33.459%: tripleaxel
INFO     Choice: tripleaxel
INFO     Updated malamar's max speed to 239
INFO     cinccino already has the move tripleaxel. Decrementing the PP by 1
INFO     cinccino used a ice move, removing icegem from possible items
INFO     Setting cinccino's last used move: tripleaxel
INFO     cinccino used a damaging move - not guessing lifeorb anymore
INFO     cinccino did 7.000000000000001% damage to malamar with tripleaxel
INFO     malamar already has the move superpower. Decrementing the PP by 1
INFO     malamar used a fighting move, removing fightinggem from possible items
INFO     Setting malamar's last used move: superpower
INFO     malamar used a damaging move - not guessing lifeorb anymore
INFO     malamar did 20.77% damage to cinccino with superpower
INFO     malamar's attack was boosted by 1 to 2
INFO     malamar's defense was boosted by 1 to 2
INFO     Setting malamar's item to: leftovers
INFO     malamar has less than maxhp during upkeep, no longer guessing leftovers or blacksludge
INFO     Sampling battle 0
INFO     	        malamar     contrary    leftovers [knockoff, rest, sleeptalk, superpower] ttype=steel
INFO     	          entei   innerfocus   choiceband [extremespeed, flareblitz, sacredfire, stompingtantrum] ttype=fire
INFO     	tatsugiridroopy   stormdrain heavydutyboots [dracometeor, hydropump, nastyplot, rapidspin] ttype=water
INFO     	enamorustherian     overcoat weaknesspolicy [agility, earthpower, moonblast, superpower] ttype=ground
INFO     Sampling battle 1
INFO     	        malamar     contrary    leftovers [knockoff, rest, sleeptalk, superpower] ttype=steel
INFO     	          entei   innerfocus   choiceband [extremespeed, flareblitz, sacredfire, stompingtantrum] ttype=fire
INFO     	tatsugiridroopy   stormdrain heavydutyboots [dracometeor, hydropump, nastyplot, rapidspin] ttype=water
INFO     	enamorustherian     overcoat weaknesspolicy [agility, earthpower, moonblast, mysticalfire] ttype=ground
INFO     Sampling battle 2
INFO     	        malamar     contrary    leftovers [knockoff, rest, sleeptalk, superpower] ttype=poison
INFO     	          entei   innerfocus   choiceband [extremespeed, flareblitz, sacredfire, stompingtantrum] ttype=fire
INFO     	tatsugiridroopy   stormdrain heavydutyboots [dracometeor, hydropump, nastyplot, rapidspin] ttype=water
INFO     	enamorustherian     overcoat  assaultvest [earthpower, moonblast, mysticalfire, superpower] ttype=fairy
INFO     Sampling battle 3
INFO     	        malamar     contrary    leftovers [knockoff, rest, sleeptalk, superpower] ttype=poison
INFO     	          entei   innerfocus   choiceband [extremespeed, flareblitz, sacredfire, stoneedge] ttype=normal
INFO     	tatsugiridroopy   stormdrain heavydutyboots [dracometeor, nastyplot, rapidspin, surf] ttype=water
INFO     	enamorustherian     overcoat weaknesspolicy [agility, earthpower, moonblast, superpower] ttype=ground
INFO     Searching for a move using MCTS...
INFO     Sampling 4 battles at 500ms each
INFO     Policy 0: switch venomoth visited 100.0% avg_score=0.827 sample_chance_multiplier=0.25
INFO     Policy 1: switch venomoth visited 100.0% avg_score=0.828 sample_chance_multiplier=0.25
INFO     Policy 2: switch venomoth visited 100.0% avg_score=0.821 sample_chance_multiplier=0.25
INFO     Policy 3: switch venomoth visited 100.0% avg_score=0.825 sample_chance_multiplier=0.25
INFO     Considered Choices:
INFO     	100.0%: switch venomoth
INFO     Choice: switch venomoth
INFO     venomoth switched in, adding intimidate to impossible abilities
INFO     venomoth switched in, adding pressure to impossible abilities
INFO     venomoth switched in, adding neutralizinggas to impossible abilities
INFO     venomoth switched in, adding sandstream to impossible abilities
INFO     venomoth switched in, adding drought to impossible abilities
INFO     venomoth switched in, adding drizzle to impossible abilities
INFO     venomoth switched in, adding snowwarning to impossible abilities
INFO     venomoth switched in, adding boosterenergy to impossible items
INFO     venomoth switched in, adding airballoon to impossible items
INFO     
INFO     Turn: 19
INFO     Sampling battle 0
INFO     	        malamar     contrary    leftovers [knockoff, rest, sleeptalk, superpower] ttype=poison
INFO     	          entei   innerfocus   choiceband [extremespeed, flareblitz, sacredfire, stoneedge] ttype=fire
INFO     	tatsugiridroopy   stormdrain heavydutyboots [dracometeor, hydropump, nastyplot, rapidspin] ttype=water
INFO     	enamorustherian     overcoat weaknesspolicy [agility, earthpower, moonblast, superpower] ttype=ground
INFO     Sampling battle 1
INFO     	        malamar     contrary    leftovers [knockoff, rest, sleeptalk, superpower] ttype=poison
INFO     	          entei   innerfocus   choiceband [extremespeed, flareblitz, sacredfire, stompingtantrum] ttype=normal
INFO     	tatsugiridroopy   stormdrain heavydutyboots [dracometeor, hydropump, nastyplot, rapidspin] ttype=water
INFO     	enamorustherian     overcoat weaknesspolicy [agility, earthpower, moonblast, mysticalfire] ttype=ground
INFO     Sampling battle 2
INFO     	        malamar     contrary    leftovers [knockoff, rest, sleeptalk, superpower] ttype=fighting
INFO     	          entei   innerfocus   choiceband [extremespeed, flareblitz, sacredfire, stoneedge] ttype=normal
INFO     	tatsugiridroopy   stormdrain heavydutyboots [dracometeor, nastyplot, rapidspin, surf] ttype=water
INFO     	enamorustherian     overcoat  assaultvest [moonblast, mysticalfire, psychic, superpower] ttype=fairy
INFO     Sampling battle 3
INFO     	        malamar     contrary    leftovers [knockoff, rest, sleeptalk, superpower] ttype=steel
INFO     	          entei   innerfocus   choiceband [extremespeed, flareblitz, sacredfire, stompingtantrum] ttype=fire
INFO     	tatsugiridroopy   stormdrain heavydutyboots [dracometeor, hydropump, nastyplot, rapidspin] ttype=water
INFO     	enamorustherian     overcoat  assaultvest [earthpower, moonblast, mysticalfire, superpower] ttype=ground
INFO     Searching for a move using MCTS...
INFO     Sampling 4 battles at 500ms each
INFO     Policy 0: quiverdance visited 73.66% avg_score=0.821 sample_chance_multiplier=0.25
INFO     Policy 1: quiverdance visited 77.58% avg_score=0.818 sample_chance_multiplier=0.25
INFO     Policy 2: quiverdance visited 71.62% avg_score=0.815 sample_chance_multiplier=0.25
INFO     Policy 3: quiverdance visited 63.96% avg_score=0.809 sample_chance_multiplier=0.25
INFO     Considered Choices:
INFO     	71.703%: quiverdance
INFO     Choice: quiverdance
INFO     Opponent has switched - clearing the last used move
INFO     venomoth already has the move quiverdance. Decrementing the PP by 1
INFO     venomoth using quiverdance makes it unlikely to have a choice item. Setting can_have_choice_item to False
INFO     venomoth used a status-move. Adding `assaultvest` to impossible items
INFO     Setting venomoth's last used move: quiverdance
INFO     venomoth's special-attack was boosted by 1 to 1
INFO     venomoth's special-defense was boosted by 1 to 1
INFO     venomoth's speed was boosted by 1 to 1
INFO     entei has less than maxhp during upkeep, no longer guessing leftovers or blacksludge
INFO     
INFO     Turn: 20
INFO     Sampling battle 0
INFO     	          entei   innerfocus   choiceband [extremespeed, flareblitz, sacredfire, stompingtantrum] ttype=normal
INFO     	tatsugiridroopy   stormdrain heavydutyboots [dracometeor, hydropump, nastyplot, rapidspin] ttype=water
INFO     	enamorustherian     overcoat  assaultvest [earthpower, moonblast, psychic, superpower] ttype=fairy
INFO     	        malamar     contrary    leftovers [knockoff, rest, sleeptalk, superpower] ttype=poison
INFO     Sampling battle 1
INFO     	          entei   innerfocus   choiceband [extremespeed, flareblitz, sacredfire, stoneedge] ttype=fire
INFO     	tatsugiridroopy   stormdrain heavydutyboots [dracometeor, hydropump, nastyplot, rapidspin] ttype=water
INFO     	enamorustherian     overcoat  assaultvest [earthpower, moonblast, mysticalfire, superpower] ttype=ground
INFO     	        malamar     contrary    leftovers [knockoff, rest, sleeptalk, superpower] ttype=steel
INFO     Sampling battle 2
INFO     	          entei   innerfocus   choiceband [extremespeed, flareblitz, sacredfire, stompingtantrum] ttype=fire
INFO     	tatsugiridroopy   stormdrain heavydutyboots [dracometeor, hydropump, nastyplot, rapidspin] ttype=water
INFO     	enamorustherian     overcoat weaknesspolicy [agility, earthpower, moonblast, superpower] ttype=ground
INFO     	        malamar     contrary    leftovers [knockoff, rest, sleeptalk, superpower] ttype=poison
INFO     Sampling battle 3
INFO     	          entei   innerfocus   choiceband [extremespeed, flareblitz, sacredfire, stoneedge] ttype=normal
INFO     	tatsugiridroopy   stormdrain heavydutyboots [dracometeor, hydropump, nastyplot, rapidspin] ttype=water
INFO     	enamorustherian     overcoat weaknesspolicy [agility, earthpower, moonblast, superpower] ttype=ground
INFO     	        malamar     contrary    leftovers [knockoff, rest, sleeptalk, superpower] ttype=fighting
INFO     Searching for a move using MCTS...
INFO     Sampling 4 battles at 500ms each
INFO     Policy 0: bugbuzz visited 65.52% avg_score=0.714 sample_chance_multiplier=0.25
INFO     Policy 1: sludgewave visited 88.59% avg_score=0.716 sample_chance_multiplier=0.25
INFO     Policy 2: bugbuzz visited 93.11% avg_score=0.733 sample_chance_multiplier=0.25
INFO     Policy 3: bugbuzz visited 86.36% avg_score=0.735 sample_chance_multiplier=0.25
INFO     Considered Choices:
INFO     	63.581%: bugbuzz
INFO     Choice: bugbuzz
INFO     entei used a normal move, removing normalgem from possible items
INFO     Setting entei's last used move: extremespeed
INFO     entei used a damaging move - not guessing lifeorb anymore
INFO     entei did 41.57% damage to venomoth with extremespeed
INFO     venomoth already has the move bugbuzz. Decrementing the PP by 1
INFO     venomoth used a bug move, removing buggem from possible items
INFO     Setting venomoth's last used move: bugbuzz
INFO     venomoth used a damaging move - not guessing lifeorb anymore
INFO     venomoth did 32.0% damage to entei with bugbuzz
INFO     entei has less than maxhp during upkeep, no longer guessing leftovers or blacksludge
INFO     Opponent has switched - clearing the last used move
INFO     
INFO     Turn: 21
INFO     Sampling battle 0
INFO     	tatsugiridroopy   stormdrain heavydutyboots [dracometeor, nastyplot, rapidspin, surf] ttype=water
INFO     	enamorustherian     overcoat weaknesspolicy [agility, earthpower, moonblast, mysticalfire] ttype=ground
INFO     	        malamar     contrary    leftovers [knockoff, rest, sleeptalk, superpower] ttype=poison
INFO     Sampling battle 1
INFO     	tatsugiridroopy   stormdrain heavydutyboots [dracometeor, hydropump, nastyplot, rapidspin] ttype=water
INFO     	enamorustherian     overcoat weaknesspolicy [agility, earthpower, moonblast, superpower] ttype=ground
INFO     	        malamar     contrary    leftovers [knockoff, rest, sleeptalk, superpower] ttype=poison
INFO     Sampling battle 2
INFO     	tatsugiridroopy   stormdrain heavydutyboots [dracometeor, hydropump, nastyplot, rapidspin] ttype=water
INFO     	enamorustherian     overcoat  assaultvest [earthpower, moonblast, psychic, superpower] ttype=fairy
INFO     	        malamar     contrary    leftovers [knockoff, rest, sleeptalk, superpower] ttype=steel
INFO     Sampling battle 3
INFO     	tatsugiridroopy   stormdrain heavydutyboots [dracometeor, hydropump, nastyplot, rapidspin] ttype=water
INFO     	enamorustherian     overcoat weaknesspolicy [agility, earthpower, moonblast, superpower] ttype=ground
INFO     	        malamar     contrary    leftovers [knockoff, rest, sleeptalk, superpower] ttype=fighting
INFO     Searching for a move using MCTS...
INFO     Sampling 4 battles at 500ms each
INFO     Policy 0: sleeppowder visited 99.06% avg_score=0.701 sample_chance_multiplier=0.25
INFO     Policy 1: sleeppowder visited 98.95% avg_score=0.707 sample_chance_multiplier=0.25
INFO     Policy 2: sleeppowder visited 99.12% avg_score=0.69 sample_chance_multiplier=0.25
INFO     Policy 3: sleeppowder visited 99.06% avg_score=0.71 sample_chance_multiplier=0.25
INFO     Considered Choices:
INFO     	99.046%: sleeppowder
INFO     Choice: sleeppowder
INFO     Updated tatsugiridroopy's max speed to 298
INFO     venomoth already has the move sleeppowder. Decrementing the PP by 1
INFO     venomoth used a status-move. Adding `assaultvest` to impossible items
INFO     Setting venomoth's last used move: sleeppowder
INFO     tatsugiridroopy already has the move dracometeor. Decrementing the PP by 1
INFO     tatsugiridroopy used a dragon move, removing dragongem from possible items
INFO     Setting tatsugiridroopy's last used move: dracometeor
INFO     tatsugiridroopy used a damaging move - not guessing lifeorb anymore
INFO     tatsugiridroopy did 50.980000000000004% damage to venomoth with dracometeor
INFO     tatsugiridroopy's special-attack was unboosted by 2 to -2
INFO     
INFO     Turn: 22
INFO     Sampling battle 0
INFO     	tatsugiridroopy   stormdrain heavydutyboots [dracometeor, nastyplot, rapidspin, surf] ttype=water
INFO     	enamorustherian     overcoat weaknesspolicy [agility, earthpower, moonblast, superpower] ttype=ground
INFO     	        malamar     contrary    leftovers [knockoff, rest, sleeptalk, superpower] ttype=fighting
INFO     Sampling battle 1
INFO     	tatsugiridroopy   stormdrain heavydutyboots [dracometeor, nastyplot, rapidspin, surf] ttype=water
INFO     	enamorustherian     overcoat weaknesspolicy [agility, earthpower, moonblast, mysticalfire] ttype=ground
INFO     	        malamar     contrary    leftovers [knockoff, rest, sleeptalk, superpower] ttype=steel
INFO     Sampling battle 2
INFO     	tatsugiridroopy   stormdrain heavydutyboots [dracometeor, hydropump, nastyplot, rapidspin] ttype=water
INFO     	enamorustherian     overcoat weaknesspolicy [agility, earthpower, moonblast, mysticalfire] ttype=ground
INFO     	        malamar     contrary    leftovers [knockoff, rest, sleeptalk, superpower] ttype=fighting
INFO     Sampling battle 3
INFO     	tatsugiridroopy   stormdrain heavydutyboots [dracometeor, hydropump, nastyplot, rapidspin] ttype=water
INFO     	enamorustherian     overcoat  assaultvest [earthpower, moonblast, mysticalfire, superpower] ttype=fairy
INFO     	        malamar     contrary    leftovers [knockoff, rest, sleeptalk, superpower] ttype=poison
INFO     Searching for a move using MCTS...
INFO     Sampling 4 battles at 500ms each
INFO     Policy 0: sleeppowder visited 61.69% avg_score=0.312 sample_chance_multiplier=0.25
INFO     Policy 1: sleeppowder visited 60.13% avg_score=0.312 sample_chance_multiplier=0.25
INFO     Policy 2: sleeppowder visited 62.4% avg_score=0.335 sample_chance_multiplier=0.25
INFO     Policy 3: sleeppowder visited 62.97% avg_score=0.314 sample_chance_multiplier=0.25
INFO     Considered Choices:
INFO     	61.799%: sleeppowder
INFO     Choice: sleeppowder
INFO     Opponent has switched - clearing the last used move
INFO     venomoth already has the move sleeppowder. Decrementing the PP by 1
INFO     venomoth used a status-move. Adding `assaultvest` to impossible items
INFO     Setting venomoth's last used move: sleeppowder
INFO     Setting malamar's item to: leftovers
INFO     malamar has less than maxhp during upkeep, no longer guessing leftovers or blacksludge
INFO     
INFO     Turn: 23
INFO     Sampling battle 0
INFO     	        malamar     contrary    leftovers [knockoff, rest, sleeptalk, superpower] ttype=poison
INFO     	enamorustherian     overcoat  assaultvest [earthpower, moonblast, mysticalfire, superpower] ttype=ground
INFO     	tatsugiridroopy   stormdrain heavydutyboots [dracometeor, hydropump, nastyplot, rapidspin] ttype=water
INFO     Sampling battle 1
INFO     	        malamar     contrary    leftovers [knockoff, rest, sleeptalk, superpower] ttype=fighting
INFO     	enamorustherian     overcoat  assaultvest [moonblast, mysticalfire, psychic, superpower] ttype=fairy
INFO     	tatsugiridroopy   stormdrain heavydutyboots [dracometeor, nastyplot, rapidspin, surf] ttype=water
INFO     Sampling battle 2
INFO     	        malamar     contrary    leftovers [knockoff, rest, sleeptalk, superpower] ttype=fighting
INFO     	enamorustherian     overcoat  assaultvest [earthpower, moonblast, psychic, superpower] ttype=ground
INFO     	tatsugiridroopy   stormdrain heavydutyboots [dracometeor, hydropump, nastyplot, rapidspin] ttype=water
INFO     Sampling battle 3
INFO     	        malamar     contrary    leftovers [knockoff, rest, sleeptalk, superpower] ttype=fighting
INFO     	enamorustherian     overcoat  assaultvest [earthpower, moonblast, mysticalfire, superpower] ttype=ground
INFO     	tatsugiridroopy   stormdrain heavydutyboots [dracometeor, nastyplot, rapidspin, surf] ttype=water
INFO     Searching for a move using MCTS...
INFO     Sampling 4 battles at 500ms each
INFO     Policy 0: bugbuzz visited 91.18% avg_score=0.446 sample_chance_multiplier=0.25
INFO     Policy 1: bugbuzz visited 90.91% avg_score=0.425 sample_chance_multiplier=0.25
INFO     Policy 2: bugbuzz visited 97.17% avg_score=0.447 sample_chance_multiplier=0.25
INFO     Policy 3: bugbuzz visited 90.58% avg_score=0.424 sample_chance_multiplier=0.25
INFO     Considered Choices:
INFO     	92.459%: bugbuzz
INFO     Choice: bugbuzz
INFO     Opponent has switched - clearing the last used move
INFO     venomoth already has the move bugbuzz. Decrementing the PP by 1
INFO     venomoth used a bug move, removing buggem from possible items
INFO     Setting venomoth's last used move: bugbuzz
INFO     venomoth used a damaging move - not guessing lifeorb anymore
INFO     venomoth did 23.0% damage to enamorustherian with bugbuzz
INFO     enamorustherian's special-defense was unboosted by 1 to -1
INFO     enamorustherian has less than maxhp during upkeep, no longer guessing leftovers or blacksludge
INFO     
INFO     Turn: 24
INFO     Sampling battle 0
INFO     	enamorustherian     overcoat weaknesspolicy [agility, earthpower, moonblast, mysticalfire] ttype=ground
INFO     	tatsugiridroopy   stormdrain heavydutyboots [dracometeor, nastyplot, rapidspin, surf] ttype=water
INFO     	        malamar     contrary    leftovers [knockoff, rest, sleeptalk, superpower] ttype=fighting
INFO     Sampling battle 1
INFO     	enamorustherian     overcoat weaknesspolicy [agility, earthpower, moonblast, superpower] ttype=ground
INFO     	tatsugiridroopy   stormdrain heavydutyboots [dracometeor, hydropump, nastyplot, rapidspin] ttype=water
INFO     	        malamar     contrary    leftovers [knockoff, rest, sleeptalk, superpower] ttype=fighting
INFO     Sampling battle 2
INFO     	enamorustherian     overcoat weaknesspolicy [agility, earthpower, moonblast, superpower] ttype=ground
INFO     	tatsugiridroopy   stormdrain heavydutyboots [dracometeor, hydropump, nastyplot, rapidspin] ttype=water
INFO     	        malamar     contrary    leftovers [knockoff, rest, sleeptalk, superpower] ttype=steel
INFO     Sampling battle 3
INFO     	enamorustherian     overcoat weaknesspolicy [agility, earthpower, moonblast, superpower] ttype=ground
INFO     	tatsugiridroopy   stormdrain heavydutyboots [dracometeor, hydropump, nastyplot, rapidspin] ttype=water
INFO     	        malamar     contrary    leftovers [knockoff, rest, sleeptalk, superpower] ttype=steel
INFO     Searching for a move using MCTS...
INFO     Sampling 4 battles at 500ms each
INFO     Policy 0: bugbuzz visited 61.99% avg_score=0.397 sample_chance_multiplier=0.25
INFO     Policy 1: bugbuzz visited 55.29% avg_score=0.427 sample_chance_multiplier=0.25
INFO     Policy 2: bugbuzz visited 53.06% avg_score=0.423 sample_chance_multiplier=0.25
INFO     Policy 3: bugbuzz visited 53.81% avg_score=0.422 sample_chance_multiplier=0.25
INFO     Considered Choices:
INFO     	56.042%: bugbuzz
INFO     	42.462%: sludgewave
INFO     Choice: bugbuzz
INFO     venomoth already has the move bugbuzz. Decrementing the PP by 1
INFO     venomoth used a bug move, removing buggem from possible items
INFO     Setting venomoth's last used move: bugbuzz
INFO     venomoth used a damaging move - not guessing lifeorb anymore
INFO     venomoth did 11.0% damage to enamorustherian with bugbuzz
INFO     enamorustherian has less than maxhp during upkeep, no longer guessing leftovers or blacksludge
INFO     Opponent has switched - clearing the last used move
INFO     
INFO     Turn: 25
INFO     Sampling battle 0
INFO     	tatsugiridroopy   stormdrain heavydutyboots [dracometeor, hydropump, nastyplot, rapidspin] ttype=water
INFO     	        malamar     contrary    leftovers [knockoff, rest, sleeptalk, superpower] ttype=steel
INFO     Sampling battle 1
INFO     	tatsugiridroopy   stormdrain heavydutyboots [dracometeor, hydropump, nastyplot, rapidspin] ttype=water
INFO     	        malamar     contrary    leftovers [knockoff, rest, sleeptalk, superpower] ttype=steel
INFO     Sampling battle 2
INFO     	tatsugiridroopy   stormdrain heavydutyboots [dracometeor, hydropump, nastyplot, rapidspin] ttype=water
INFO     	        malamar     contrary    leftovers [knockoff, rest, sleeptalk, superpower] ttype=poison
INFO     Sampling battle 3
INFO     	tatsugiridroopy   stormdrain heavydutyboots [dracometeor, nastyplot, rapidspin, surf] ttype=water
INFO     	        malamar     contrary    leftovers [knockoff, rest, sleeptalk, superpower] ttype=steel
INFO     Searching for a move using MCTS...
INFO     Sampling 4 battles at 500ms each
INFO     Policy 0: sleeppowder visited 95.42% avg_score=0.435 sample_chance_multiplier=0.25
INFO     Policy 1: sleeppowder visited 96.5% avg_score=0.437 sample_chance_multiplier=0.25
INFO     Policy 2: sleeppowder visited 93.37% avg_score=0.429 sample_chance_multiplier=0.25
INFO     Policy 3: sleeppowder visited 93.39% avg_score=0.406 sample_chance_multiplier=0.25
INFO     Considered Choices:
INFO     	94.67%: sleeppowder
INFO     Choice: sleeppowder
INFO     Opponent has switched - clearing the last used move
INFO     venomoth already has the move sleeppowder. Decrementing the PP by 1
INFO     venomoth used a status-move. Adding `assaultvest` to impossible items
INFO     Setting venomoth's last used move: sleeppowder
INFO     Setting sleep_turns to 0 for malamar
INFO     malamar got status: slp
INFO     No longer guessing lumberry because malamar got status slp
INFO     Setting malamar's item to: leftovers
INFO     malamar has less than maxhp during upkeep, no longer guessing leftovers or blacksludge
INFO     
INFO     Turn: 26
INFO     Sampling battle 0
INFO     	        malamar     contrary    leftovers [knockoff, rest, sleeptalk, superpower] ttype=steel
INFO     	tatsugiridroopy   stormdrain heavydutyboots [dracometeor, hydropump, nastyplot, rapidspin] ttype=water
INFO     Sampling battle 1
INFO     	        malamar     contrary    leftovers [knockoff, rest, sleeptalk, superpower] ttype=poison
INFO     	tatsugiridroopy   stormdrain heavydutyboots [dracometeor, hydropump, nastyplot, rapidspin] ttype=water
INFO     Sampling battle 2
INFO     	        malamar     contrary    leftovers [knockoff, rest, sleeptalk, superpower] ttype=poison
INFO     	tatsugiridroopy   stormdrain heavydutyboots [dracometeor, hydropump, nastyplot, rapidspin] ttype=water
INFO     Sampling battle 3
INFO     	        malamar     contrary    leftovers [knockoff, rest, sleeptalk, superpower] ttype=fighting
INFO     	tatsugiridroopy   stormdrain heavydutyboots [dracometeor, nastyplot, rapidspin, surf] ttype=water
INFO     Searching for a move using MCTS...
INFO     Sampling 4 battles at 500ms each
INFO     Policy 0: bugbuzz visited 81.58% avg_score=0.419 sample_chance_multiplier=0.25
INFO     Policy 1: bugbuzz visited 83.67% avg_score=0.413 sample_chance_multiplier=0.25
INFO     Policy 2: bugbuzz visited 82.14% avg_score=0.417 sample_chance_multiplier=0.25
INFO     Policy 3: bugbuzz visited 71.43% avg_score=0.376 sample_chance_multiplier=0.25
INFO     Considered Choices:
INFO     	79.704%: bugbuzz
INFO     Choice: bugbuzz
INFO     Opponent has switched - clearing the last used move
INFO     venomoth already has the move bugbuzz. Decrementing the PP by 1
INFO     venomoth used a bug move, removing buggem from possible items
INFO     Setting venomoth's last used move: bugbuzz
INFO     venomoth used a damaging move - not guessing lifeorb anymore
INFO     venomoth did 51.0% damage to tatsugiridroopy with bugbuzz
INFO     tatsugiridroopy has less than maxhp during upkeep, no longer guessing leftovers or blacksludge
INFO     
INFO     Turn: 27
INFO     Sampling battle 0
INFO     	tatsugiridroopy   stormdrain heavydutyboots [dracometeor, hydropump, nastyplot, rapidspin] ttype=water
INFO     	        malamar     contrary    leftovers [knockoff, rest, sleeptalk, superpower] ttype=fighting
INFO     Sampling battle 1
INFO     	tatsugiridroopy   stormdrain heavydutyboots [dracometeor, nastyplot, rapidspin, surf] ttype=water
INFO     	        malamar     contrary    leftovers [knockoff, rest, sleeptalk, superpower] ttype=fighting
INFO     Sampling battle 2
INFO     	tatsugiridroopy   stormdrain heavydutyboots [dracometeor, hydropump, nastyplot, rapidspin] ttype=water
INFO     	        malamar     contrary    leftovers [knockoff, rest, sleeptalk, superpower] ttype=steel
INFO     Sampling battle 3
INFO     	tatsugiridroopy   stormdrain heavydutyboots [dracometeor, hydropump, nastyplot, rapidspin] ttype=water
INFO     	        malamar     contrary    leftovers [knockoff, rest, sleeptalk, superpower] ttype=fighting
INFO     Searching for a move using MCTS...
INFO     Sampling 4 battles at 500ms each
INFO     Policy 0: sludgewave visited 99.95% avg_score=0.684 sample_chance_multiplier=0.25
INFO     Policy 1: sludgewave visited 99.96% avg_score=0.649 sample_chance_multiplier=0.25
INFO     Policy 2: sludgewave visited 99.96% avg_score=0.683 sample_chance_multiplier=0.25
INFO     Policy 3: sludgewave visited 99.97% avg_score=0.683 sample_chance_multiplier=0.25
INFO     Considered Choices:
INFO     	99.963%: sludgewave
INFO     Choice: sludgewave
INFO     venomoth already has the move sludgewave. Decrementing the PP by 1
INFO     venomoth used a poison move, removing poisongem from possible items
INFO     Setting venomoth's last used move: sludgewave
INFO     venomoth used a damaging move - not guessing lifeorb anymore
INFO     venomoth did 49.0% damage to tatsugiridroopy with sludgewave
INFO     tatsugiridroopy has less than maxhp during upkeep, no longer guessing leftovers or blacksludge
INFO     Opponent has switched - clearing the last used move
INFO     
INFO     Turn: 28
INFO     Sampling battle 0
INFO     	        malamar     contrary    leftovers [knockoff, rest, sleeptalk, superpower] ttype=poison
INFO     Sampling battle 1
INFO     	        malamar     contrary    leftovers [knockoff, rest, sleeptalk, superpower] ttype=fighting
INFO     Sampling battle 2
INFO     	        malamar     contrary    leftovers [knockoff, rest, sleeptalk, superpower] ttype=poison
INFO     Sampling battle 3
INFO     	        malamar     contrary    leftovers [knockoff, rest, sleeptalk, superpower] ttype=fighting
INFO     Searching for a move using MCTS...
INFO     Sampling 4 battles at 500ms each
INFO     Policy 0: bugbuzz visited 97.9% avg_score=1.0 sample_chance_multiplier=0.25
INFO     Policy 1: bugbuzz visited 98.3% avg_score=1.0 sample_chance_multiplier=0.25
INFO     Policy 2: bugbuzz visited 99.86% avg_score=1.0 sample_chance_multiplier=0.25
INFO     Policy 3: bugbuzz visited 95.77% avg_score=1.0 sample_chance_multiplier=0.25
INFO     Considered Choices:
INFO     	97.956%: bugbuzz
INFO     Choice: bugbuzz
INFO     Winner: Vanilla5
INFO     Won with team: None
INFO     W: 2	L: 1
INFO     Searching for ranked gen9randombattle match
INFO     Initialized battle-gen9randombattle-62 against: Neural5
INFO     Opponent has switched - clearing the last used move
INFO     volcanion switched in, adding intimidate to impossible abilities
INFO     volcanion switched in, adding pressure to impossible abilities
INFO     volcanion switched in, adding neutralizinggas to impossible abilities
INFO     volcanion switched in, adding sandstream to impossible abilities
INFO     volcanion switched in, adding drought to impossible abilities
INFO     volcanion switched in, adding drizzle to impossible abilities
INFO     volcanion switched in, adding snowwarning to impossible abilities
INFO     volcanion switched in, adding boosterenergy to impossible items
INFO     volcanion switched in, adding airballoon to impossible items
INFO     
INFO     Turn: 1
INFO     Sampling battle 0
INFO     	      volcanion  waterabsorb heavydutyboots [earthpower, flamethrower, haze, steameruption] ttype=fire
INFO     Sampling 5 unrevealed pokemon
INFO     	       sneasler  poisontouch   choiceband [closecombat, direclaw, throatchop, uturn] ttype=dark
INFO     	   crabominable     ironfist   choiceband [drainpunch, earthquake, gunkshot, icehammer] ttype=ground
INFO     	      terapagos    terashift  chestoberry [calmmind, earthpower, rest, terastarstorm] ttype=stellar
INFO     	      exeggutor      harvest  sitrusberry [leechseed, psychicnoise, sleeppowder, substitute] ttype=steel
INFO     	        bruxish    strongjaw  choicescarf [crunch, flipturn, psychicfangs, wavecrash] ttype=psychic
INFO     Sampling battle 1
INFO     	      volcanion  waterabsorb  choicespecs [earthpower, flamethrower, sludgebomb, steameruption] ttype=ground
INFO     Sampling 5 unrevealed pokemon
INFO     	       lurantis     contrary    leftovers [defog, leafstorm, superpower, synthesis] ttype=fighting
INFO     	   arceusground    multitype   earthplate [earthquake, extremespeed, stoneedge, swordsdance] ttype=normal
INFO     	   moltresgalar      berserk weaknesspolicy [agility, fierywrath, hurricane, nastyplot] ttype=dark
INFO     	      regigigas    slowstart    leftovers [bodyslam, knockoff, protect, substitute] ttype=ghost
INFO     	   slowbrogalar  regenerator  assaultvest [earthquake, foulplay, psychic, shellsidearm] ttype=ground
INFO     Sampling battle 2
INFO     	      volcanion  waterabsorb  choicescarf [earthpower, flamethrower, sludgebomb, steameruption] ttype=ground
INFO     Sampling 5 unrevealed pokemon
INFO     	      electrode   soundproof      lifeorb [explosion, foulplay, thunderbolt, thunderwave] ttype=dark
INFO     	     victreebel  chlorophyll      lifeorb [knockoff, powerwhip, sleeppowder, sludgewave] ttype=grass
INFO     	        florges   flowerveil    leftovers [calmmind, moonblast, protect, wish] ttype=steel
INFO     	        bisharp      defiant     eviolite [ironhead, stealthrock, suckerpunch, throatchop] ttype=ghost
INFO     	      primarina      torrent  choicespecs [flipturn, hydropump, moonblast, psychic] ttype=water
INFO     Sampling battle 3
INFO     	      volcanion  waterabsorb heavydutyboots [flamethrower, haze, sludgebomb, steameruption] ttype=fire
INFO     Sampling 5 unrevealed pokemon
INFO     	         raichu lightningrod  assaultvest [alluringvoice, nuzzle, surf, thunderbolt] ttype=water
INFO     	     gothitelle    shadowtag    leftovers [calmmind, darkpulse, psychicnoise, thunderbolt] ttype=flying
INFO     	      metagross    clearbody  choicescarf [earthquake, heavyslam, knockoff, psychicfangs] ttype=water
INFO     	         glalie   innerfocus heavydutyboots [earthquake, freezedry, spikes, taunt] ttype=water
INFO     	        ariados     insomnia heavydutyboots [knockoff, megahorn, poisonjab, stickyweb] ttype=ghost
INFO     Sampling battle 4
INFO     	      volcanion  waterabsorb heavydutyboots [earthpower, flamethrower, haze, steameruption] ttype=ground
INFO     Sampling 5 unrevealed pokemon
INFO     	    roaringmoon protosynthesis     lumberry [dragondance, ironhead, knockoff, outrage] ttype=dragon
INFO     	     misdreavus     levitate     eviolite [calmmind, drainingkiss, shadowball, willowisp] ttype=fairy
INFO     	      excadrill     sandrush    leftovers [earthquake, ironhead, rapidspin, swordsdance] ttype=water
INFO     	          minun   voltabsorb      lifeorb [encore, grassknot, nastyplot, thunderbolt] ttype=electric
INFO     	       venusaur  chlorophyll    leftovers [leechseed, sleeppowder, sludgebomb, substitute] ttype=steel
INFO     Sampling battle 5
INFO     	      volcanion  waterabsorb heavydutyboots [flamethrower, haze, sludgebomb, steameruption] ttype=fire
INFO     Sampling 5 unrevealed pokemon
INFO     	       bronzong     levitate    leftovers [hypnosis, ironhead, psychic, stealthrock] ttype=electric
INFO     	     chandelure    flashfire heavydutyboots [calmmind, fireblast, shadowball, willowisp] ttype=ghost
INFO     	       skarmory       sturdy  rockyhelmet [bodypress, bravebird, roost, stealthrock] ttype=fighting
INFO     	       sunflora  chlorophyll  choicespecs [dazzlinggleam, earthpower, leafstorm, sludgebomb] ttype=poison
INFO     	    kilowattrel   voltabsorb heavydutyboots [discharge, hurricane, roost, uturn] ttype=water
INFO     Sampling battle 6
INFO     	      volcanion  waterabsorb  assaultvest [earthpower, flamecharge, flamethrower, steameruption] ttype=fire
INFO     Sampling 5 unrevealed pokemon
INFO     	  samurotthisui    sharpness   choiceband [ceaselessedge, razorshell, sacredsword, suckerpunch] ttype=water
INFO     	          lokix   tintedlens silverpowder [firstimpression, knockoff, suckerpunch, uturn] ttype=bug
INFO     	   slowbrogalar  regenerator    leftovers [psychic, shellsidearm, slackoff, thunderwave] ttype=poison
INFO     	       jumpluff  infiltrator              [acrobatics, encore, sleeppowder, strengthsap] ttype=steel
INFO     	         gengar   cursedbody      lifeorb [encore, shadowball, sludgewave, willowisp] ttype=dark
INFO     Sampling battle 7
INFO     	      volcanion  waterabsorb heavydutyboots [flamethrower, haze, sludgebomb, steameruption] ttype=fire
INFO     Sampling 5 unrevealed pokemon
INFO     	     grimmsnarl    prankster    leftovers [partingshot, spiritbreak, suckerpunch, thunderwave] ttype=steel
INFO     	       zangoose   toxicboost     toxicorb [closecombat, facade, knockoff, swordsdance] ttype=normal
INFO     	        delphox        blaze  choicespecs [fireblast, focusblast, grassknot, psyshock] ttype=fire
INFO     	        luvdisc    swiftswim heavydutyboots [endeavor, substitute, surf, whirlpool] ttype=ghost
INFO     	       hariyama     thickfat  assaultvest [bulletpunch, closecombat, heavyslam, knockoff] ttype=steel
INFO     Searching for a move using MCTS...
INFO     Sampling 8 battles at 250ms each
INFO     Policy 0: switch luxray visited 50.5% avg_score=0.528 sample_chance_multiplier=0.125
INFO     Policy 1: protect visited 36.24% avg_score=0.443 sample_chance_multiplier=0.125
INFO     Policy 2: protect visited 33.19% avg_score=0.489 sample_chance_multiplier=0.125
INFO     Policy 3: switch luxray visited 81.94% avg_score=0.547 sample_chance_multiplier=0.125
INFO     Policy 4: switch kyurem visited 37.33% avg_score=0.507 sample_chance_multiplier=0.125
INFO     Policy 5: switch luxray visited 79.65% avg_score=0.53 sample_chance_multiplier=0.125
INFO     Policy 6: switch luxray visited 67.4% avg_score=0.57 sample_chance_multiplier=0.125
INFO     Policy 7: switch luxray visited 82.61% avg_score=0.605 sample_chance_multiplier=0.125
INFO     Considered Choices:
INFO     	53.249%: switch luxray
INFO     Choice: switch luxray
INFO     luxray switched in, adding intimidate to impossible abilities
INFO     luxray switched in, adding pressure to impossible abilities
INFO     luxray switched in, adding neutralizinggas to impossible abilities
INFO     luxray switched in, adding sandstream to impossible abilities
INFO     luxray switched in, adding drought to impossible abilities
INFO     luxray switched in, adding drizzle to impossible abilities
INFO     luxray switched in, adding snowwarning to impossible abilities
INFO     luxray switched in, adding boosterenergy to impossible items
INFO     luxray switched in, adding airballoon to impossible items
INFO     volcanion used a water move, removing watergem from possible items
INFO     Setting volcanion's last used move: steameruption
INFO     volcanion used a damaging move - not guessing lifeorb anymore
INFO     volcanion did 50.88% damage to luxray with steameruption
INFO     luxray got status: brn
INFO     No longer guessing lumberry because luxray got status brn
INFO     
INFO     Turn: 2
INFO     Sampling battle 0
INFO     	      volcanion  waterabsorb  assaultvest [earthpower, flamecharge, flamethrower, steameruption] ttype=fire
INFO     Sampling 5 unrevealed pokemon
INFO     	         zekrom     teravolt    leftovers [boltstrike, dragondance, outrage, substitute] ttype=steel
INFO     	     victreebel  chlorophyll      lifeorb [poisonjab, powerwhip, suckerpunch, swordsdance] ttype=dark
INFO     	   avalugghisui       sturdy heavydutyboots [avalanche, bodypress, recover, stoneedge] ttype=ghost
INFO     	      poliwrath    swiftswim      lifeorb [closecombat, knockoff, liquidation, raindance] ttype=fighting
INFO     	       mienshao  regenerator      lifeorb [closecombat, knockoff, poisonjab, swordsdance] ttype=dark
INFO     Sampling battle 1
INFO     	      volcanion  waterabsorb  assaultvest [earthpower, flamecharge, flamethrower, steameruption] ttype=water
INFO     Sampling 5 unrevealed pokemon
INFO     	squawkabillywhite       hustle heavydutyboots [bravebird, doubleedge, partingshot, quickattack] ttype=flying
INFO     	        shaymin  naturalcure    leftovers [airslash, earthpower, seedflare, synthesis] ttype=ground
INFO     	       cobalion    justified    leftovers [bodypress, ironhead, stealthrock, stoneedge] ttype=ghost
INFO     	       clodsire  waterabsorb    leftovers [earthquake, poisonjab, recover, spikes] ttype=steel
INFO     	   deoxysattack     pressure      lifeorb [icebeam, knockoff, psychoboost, superpower] ttype=fighting
INFO     Sampling battle 2
INFO     	      volcanion  waterabsorb  assaultvest [earthpower, flamecharge, flamethrower, steameruption] ttype=fire
INFO     Sampling 5 unrevealed pokemon
INFO     	         pawmot   voltabsorb   leppaberry [closecombat, doubleshock, nuzzle, revivalblessing] ttype=electric
INFO     	        malamar     contrary  chestoberry [knockoff, psychocut, rest, superpower] ttype=fighting
INFO     	      rotomwash     levitate    leftovers [hydropump, nastyplot, thunderbolt, willowisp] ttype=water
INFO     	   squawkabilly         guts     flameorb [bravebird, facade, protect, quickattack] ttype=normal
INFO     	         espeon  magicbounce      lifeorb [calmmind, morningsun, psyshock, shadowball] ttype=psychic
INFO     Sampling battle 3
INFO     	      volcanion  waterabsorb heavydutyboots [flamethrower, haze, sludgebomb, steameruption] ttype=fire
INFO     Sampling 5 unrevealed pokemon
INFO     	      passimian      defiant  choicescarf [closecombat, earthquake, knockoff, rockslide] ttype=fighting
INFO     	      lilligant     owntempo      lifeorb [alluringvoice, petaldance, quiverdance, sleeppowder] ttype=grass
INFO     	     conkeldurr         guts     flameorb [closecombat, facade, knockoff, machpunch] ttype=normal
INFO     	        beartic    swiftswim heavydutyboots [aquajet, closecombat, iciclecrash, swordsdance] ttype=fighting
INFO     	         tauros   sheerforce      lifeorb [bodyslam, closecombat, earthquake, throatchop] ttype=fighting
INFO     Searching for a move using MCTS...
INFO     Sampling 4 battles at 500ms each
INFO     Policy 0: supercellslam visited 35.31% avg_score=0.459 sample_chance_multiplier=0.25
INFO     Policy 1: supercellslam visited 45.79% avg_score=0.517 sample_chance_multiplier=0.25
INFO     Policy 2: facade visited 50.0% avg_score=0.578 sample_chance_multiplier=0.25
INFO     Policy 3: supercellslam visited 61.57% avg_score=0.582 sample_chance_multiplier=0.25
INFO     Considered Choices:
INFO     	45.317%: supercellslam
INFO     Choice: supercellslam
INFO     Opponent has switched - clearing the last used move
INFO     breloom switched in, adding intimidate to impossible abilities
INFO     breloom switched in, adding pressure to impossible abilities
INFO     breloom switched in, adding neutralizinggas to impossible abilities
INFO     breloom switched in, adding sandstream to impossible abilities
INFO     breloom switched in, adding drought to impossible abilities
INFO     breloom switched in, adding drizzle to impossible abilities
INFO     breloom switched in, adding snowwarning to impossible abilities
INFO     breloom switched in, adding boosterenergy to impossible items
INFO     breloom switched in, adding airballoon to impossible items
INFO     luxray already has the move supercellslam. Decrementing the PP by 1
INFO     luxray used a electric move, removing electricgem from possible items
INFO     Setting luxray's last used move: supercellslam
INFO     luxray used a damaging move - not guessing lifeorb anymore
INFO     Sampling battle 0
INFO     	        breloom   technician      lifeorb [bulletseed, machpunch, rocktomb, spore] ttype=rock
INFO     	      volcanion  waterabsorb  assaultvest [earthpower, flamecharge, flamethrower, steameruption] ttype=ground
INFO     Sampling 4 unrevealed pokemon
INFO     	        weavile   pickpocket   choiceband [iceshard, knockoff, lowkick, tripleaxel] ttype=fighting
INFO     	      alomomola  regenerator    leftovers [flipturn, protect, scald, wish] ttype=steel
INFO     	        dedenne   cheekpouch  sitrusberry [dazzlinggleam, nuzzle, superfang, thunderbolt] ttype=flying
INFO     	ogerponcornerstone       sturdy cornerstonemask [ivycudgel, powerwhip, superpower, swordsdance] ttype=rock
INFO     Sampling battle 1
INFO     	        breloom   technician      lifeorb [bulletseed, machpunch, rocktomb, swordsdance] ttype=rock
INFO     	      volcanion  waterabsorb  assaultvest [flamecharge, flamethrower, sludgebomb, steameruption] ttype=water
INFO     Sampling 4 unrevealed pokemon
INFO     	      alomomola  regenerator    leftovers [flipturn, protect, scald, wish] ttype=steel
INFO     	     copperajah   heavymetal   choiceband [earthquake, heavyslam, supercellslam, superpower] ttype=steel
INFO     	     ironleaves   quarkdrive   choiceband [closecombat, leafblade, megahorn, psyblade] ttype=fighting
INFO     	       medicham    purepower   choiceband [bulletpunch, closecombat, poisonjab, zenheadbutt] ttype=fighting
INFO     Sampling battle 2
INFO     	        breloom   technician      lifeorb [bulletseed, machpunch, rocktomb, swordsdance] ttype=rock
INFO     	      volcanion  waterabsorb heavydutyboots [earthpower, flamethrower, haze, steameruption] ttype=fire
INFO     Sampling 4 unrevealed pokemon
INFO     	        wugtrio        gooey   choiceband [aquajet, liquidation, stompingtantrum, throatchop] ttype=ground
INFO     	necrozmaduskmane   prismarmor weaknesspolicy [dragondance, earthquake, morningsun, sunsteelstrike] ttype=water
INFO     	        umbreon  synchronize    leftovers [foulplay, protect, toxic, wish] ttype=poison
INFO     	       glimmora  toxicdebris heavydutyboots [earthpower, mortalspin, sludgewave, spikes] ttype=ground
INFO     Sampling battle 3
INFO     	        breloom   technician      lifeorb [bulletseed, machpunch, rocktomb, swordsdance] ttype=rock
INFO     	      volcanion  waterabsorb  assaultvest [flamecharge, flamethrower, sludgebomb, steameruption] ttype=water
INFO     Sampling 4 unrevealed pokemon
INFO     	 giratinaorigin     levitate griseouscore [defog, dracometeor, poltergeist, willowisp] ttype=dragon
INFO     	    sandyshocks protosynthesis heavydutyboots [earthpower, spikes, thunderbolt, voltswitch] ttype=grass
INFO     	   crabominable     ironfist   choiceband [drainpunch, earthquake, gunkshot, icehammer] ttype=ground
INFO     	     misdreavus     levitate     eviolite [calmmind, drainingkiss, shadowball, willowisp] ttype=fairy
INFO     Sampling battle 4
INFO     	        breloom   technician      lifeorb [bulletseed, machpunch, rocktomb, spore] ttype=rock
INFO     	      volcanion  waterabsorb  choicescarf [earthpower, flamethrower, sludgebomb, steameruption] ttype=ground
INFO     Sampling 4 unrevealed pokemon
INFO     	 exeggutoralola      harvest  sitrusberry [dracometeor, flamethrower, stunspore, woodhammer] ttype=fire
INFO     	   slowbrogalar  regenerator  rockyhelmet [fireblast, psychic, shellsidearm, slackoff] ttype=poison
INFO     	necrozmadawnwings   prismarmor    leftovers [calmmind, moongeistbeam, moonlight, photongeyser] ttype=fairy
INFO     	      eternatus     pressure  rockyhelmet [dynamaxcannon, flamethrower, recover, toxic] ttype=water
INFO     Sampling battle 5
INFO     	        breloom   technician      lifeorb [bulletseed, machpunch, rocktomb, spore] ttype=fighting
INFO     	      volcanion  waterabsorb  assaultvest [earthpower, flamecharge, flamethrower, steameruption] ttype=water
INFO     Sampling 4 unrevealed pokemon
INFO     	          lugia   multiscale heavydutyboots [aeroblast, calmmind, earthpower, recover] ttype=steel
INFO     	        luvdisc    swiftswim heavydutyboots [endeavor, substitute, surf, whirlpool] ttype=ghost
INFO     	     typhlosion    flashfire  choicescarf [eruption, fireblast, focusblast, scorchingsands] ttype=fire
INFO     	         rhydon lightningrod     eviolite [earthquake, megahorn, stealthrock, stoneedge] ttype=grass
INFO     Sampling battle 6
INFO     	        breloom   technician      lifeorb [bulletseed, machpunch, spore, swordsdance] ttype=fighting
INFO     	      volcanion  waterabsorb  assaultvest [flamecharge, flamethrower, sludgebomb, steameruption] ttype=water
INFO     Sampling 4 unrevealed pokemon
INFO     	      alomomola  regenerator  rockyhelmet [flipturn, protect, scald, wish] ttype=steel
INFO     	      toxicroak      dryskin   choiceband [closecombat, gunkshot, knockoff, suckerpunch] ttype=dark
INFO     	       lurantis     contrary    leftovers [knockoff, leafstorm, superpower, synthesis] ttype=fighting
INFO     	       miraidon hadronengine  choicespecs [dracometeor, electrodrift, overheat, voltswitch] ttype=electric
INFO     Sampling battle 7
INFO     	        breloom   technician      lifeorb [bulletseed, machpunch, rocktomb, swordsdance] ttype=fighting
INFO     	      volcanion  waterabsorb heavydutyboots [flamethrower, haze, sludgebomb, steameruption] ttype=fire
INFO     Sampling 4 unrevealed pokemon
INFO     	         tinglu vesselofruin  assaultvest [earthquake, heavyslam, payback, ruination] ttype=steel
INFO     	      sandslash     sandrush    leftovers [earthquake, knockoff, spikes, stoneedge] ttype=steel
INFO     	taurospaldeacombat   intimidate   choiceband [closecombat, earthquake, ironhead, throatchop] ttype=steel
INFO     	        kleavor    sharpness heavydutyboots [closecombat, defog, stoneaxe, xscissor] ttype=fighting
INFO     Searching for a move using MCTS...
INFO     Sampling 8 battles at 250ms each
INFO     Policy 0: switch victreebel visited 45.35% avg_score=0.602 sample_chance_multiplier=0.125
INFO     Policy 1: switch kyurem visited 50.03% avg_score=0.531 sample_chance_multiplier=0.125
INFO     Policy 2: switch victreebel visited 91.0% avg_score=0.671 sample_chance_multiplier=0.125
INFO     Policy 3: switch victreebel visited 44.44% avg_score=0.595 sample_chance_multiplier=0.125
INFO     Policy 4: switch drifblim visited 48.55% avg_score=0.613 sample_chance_multiplier=0.125
INFO     Policy 5: switch kyurem visited 80.09% avg_score=0.622 sample_chance_multiplier=0.125
INFO     Policy 6: switch kyurem visited 55.85% avg_score=0.583 sample_chance_multiplier=0.125
INFO     Policy 7: switch victreebel visited 88.04% avg_score=0.664 sample_chance_multiplier=0.125
INFO     Considered Choices:
INFO     	39.714%: switch victreebel
INFO     	35.642%: switch kyurem
INFO     Choice: switch victreebel
INFO     victreebel switched in, adding intimidate to impossible abilities
INFO     victreebel switched in, adding pressure to impossible abilities
INFO     victreebel switched in, adding neutralizinggas to impossible abilities
INFO     victreebel switched in, adding sandstream to impossible abilities
INFO     victreebel switched in, adding drought to impossible abilities
INFO     victreebel switched in, adding drizzle to impossible abilities
INFO     victreebel switched in, adding snowwarning to impossible abilities
INFO     victreebel switched in, adding boosterenergy to impossible items
INFO     victreebel switched in, adding airballoon to impossible items
INFO     
INFO     Turn: 3
INFO     Sampling battle 0
INFO     	        breloom   technician      lifeorb [bulletseed, machpunch, rocktomb, swordsdance] ttype=rock
INFO     	      volcanion  waterabsorb  assaultvest [earthpower, flamecharge, flamethrower, steameruption] ttype=water
INFO     Sampling 4 unrevealed pokemon
INFO     	    arceusgrass    multitype  meadowplate [calmmind, fireblast, judgment, recover] ttype=fire
INFO     	      garganacl purifyingsalt    leftovers [protect, recover, saltcure, stealthrock] ttype=ghost
INFO     	        mesprit     levitate    leftovers [encore, psychicnoise, thunderwave, uturn] ttype=dark
INFO     	      gardevoir        trace  choicescarf [focusblast, moonblast, psychic, trick] ttype=fairy
INFO     Sampling battle 1
INFO     	        breloom   technician      lifeorb [bulletseed, machpunch, rocktomb, spore] ttype=rock
INFO     	      volcanion  waterabsorb  assaultvest [flamecharge, flamethrower, sludgebomb, steameruption] ttype=water
INFO     Sampling 4 unrevealed pokemon
INFO     	        toxapex  regenerator    leftovers [haze, liquidation, recover, toxicspikes] ttype=grass
INFO     	      mismagius     levitate  choicespecs [dazzlinggleam, energyball, mysticalfire, shadowball] ttype=fire
INFO     	         scizor   technician    leftovers [bulletpunch, defog, knockoff, uturn] ttype=dragon
INFO     	        gallade    sharpness      lifeorb [agility, nightslash, psychocut, sacredsword] ttype=dark
INFO     Sampling battle 2
INFO     	        breloom   technician      lifeorb [bulletseed, machpunch, rocktomb, swordsdance] ttype=rock
INFO     	      volcanion  waterabsorb  assaultvest [earthpower, flamecharge, flamethrower, steameruption] ttype=fire
INFO     Sampling 4 unrevealed pokemon
INFO     	         kyogre      drizzle    leftovers [calmmind, icebeam, originpulse, thunder] ttype=electric
INFO     	      coalossal    flamebody heavydutyboots [overheat, spikes, stoneedge, willowisp] ttype=ghost
INFO     	       medicham    purepower   choiceband [bulletpunch, closecombat, icepunch, zenheadbutt] ttype=fighting
INFO     	     victreebel  chlorophyll      lifeorb [powerwhip, sludgewave, strengthsap, suckerpunch] ttype=steel
INFO     Sampling battle 3
INFO     	        breloom   technician      lifeorb [bulletseed, machpunch, rocktomb, swordsdance] ttype=fighting
INFO     	      volcanion  waterabsorb heavydutyboots [earthpower, flamethrower, haze, steameruption] ttype=ground
INFO     Sampling 4 unrevealed pokemon
INFO     	         klefki    prankster    leftovers [dazzlinggleam, foulplay, spikes, thunderwave] ttype=water
INFO     	 sandslashalola    slushrush    leftovers [ironhead, rapidspin, spikes, tripleaxel] ttype=water
INFO     	     misdreavus     levitate     eviolite [calmmind, drainingkiss, shadowball, willowisp] ttype=fairy
INFO     	       greedent   cheekpouch  sitrusberry [doubleedge, earthquake, knockoff, swordsdance] ttype=ground
INFO     Sampling battle 4
INFO     	        breloom   technician      lifeorb [bulletseed, machpunch, rocktomb, spore] ttype=fighting
INFO     	      volcanion  waterabsorb  choicescarf [earthpower, flamethrower, sludgebomb, steameruption] ttype=ground
INFO     Sampling 4 unrevealed pokemon
INFO     	    kilowattrel   voltabsorb heavydutyboots [discharge, hurricane, roost, uturn] ttype=steel
INFO     	   arceusdragon    multitype   dracoplate [flareblitz, heavyslam, outrage, swordsdance] ttype=fire
INFO     	     rotomfrost     levitate heavydutyboots [blizzard, nastyplot, thunderbolt, willowisp] ttype=electric
INFO     	       vigoroth  vitalspirit     eviolite [bodyslam, bulkup, knockoff, slackoff] ttype=ghost
INFO     Sampling battle 5
INFO     	        breloom   technician      lifeorb [bulletseed, machpunch, spore, swordsdance] ttype=fighting
INFO     	      volcanion  waterabsorb heavydutyboots [flamethrower, haze, sludgebomb, steameruption] ttype=water
INFO     Sampling 4 unrevealed pokemon
INFO     	       indeedee psychicsurge  choicescarf [expandingforce, healingwish, hypervoice, shadowball] ttype=psychic
INFO     	        manaphy    hydration    leftovers [energyball, hydropump, icebeam, tailglow] ttype=water
INFO     	       torterra     overgrow   loadeddice [bulletseed, headlongrush, rockblast, shellsmash] ttype=water
INFO     	 oricoriopompom       dancer heavydutyboots [hurricane, quiverdance, revelationdance, roost] ttype=ground
INFO     Sampling battle 6
INFO     	        breloom   technician      lifeorb [bulletseed, machpunch, rocktomb, spore] ttype=rock
INFO     	      volcanion  waterabsorb  assaultvest [earthpower, flamecharge, flamethrower, steameruption] ttype=water
INFO     Sampling 4 unrevealed pokemon
INFO     	      gardevoir        trace  choicescarf [focusblast, moonblast, mysticalfire, psyshock] ttype=fairy
INFO     	         espeon  magicbounce      lifeorb [alluringvoice, morningsun, psychic, shadowball] ttype=psychic
INFO     	       orthworm   eartheater  chestoberry [bodypress, coil, irontail, rest] ttype=fighting
INFO     	     pincurchin electricsurge    leftovers [curse, liquidation, recover, zingzap] ttype=grass
INFO     Sampling battle 7
INFO     	        breloom   technician      lifeorb [bulletseed, machpunch, spore, swordsdance] ttype=fighting
INFO     	      volcanion  waterabsorb heavydutyboots [earthpower, flamethrower, haze, steameruption] ttype=water
INFO     Sampling 4 unrevealed pokemon
INFO     	        manaphy    hydration    leftovers [energyball, hydropump, icebeam, tailglow] ttype=water
INFO     	       alcremie    aromaveil    leftovers [acidarmor, alluringvoice, calmmind, recover] ttype=steel
INFO     	   avalugghisui       sturdy heavydutyboots [avalanche, bodypress, recover, stoneedge] ttype=poison
INFO     	        tropius      harvest  sitrusberry [airslash, leechseed, protect, substitute] ttype=steel
INFO     Searching for a move using MCTS...
INFO     Sampling 8 battles at 250ms each
INFO     Policy 0: powerwhip visited 55.46% avg_score=0.645 sample_chance_multiplier=0.125
INFO     Policy 1: swordsdance visited 49.59% avg_score=0.587 sample_chance_multiplier=0.125
INFO     Policy 2: switch kyurem visited 27.95% avg_score=0.559 sample_chance_multiplier=0.125
INFO     Policy 3: switch kyurem visited 48.16% avg_score=0.464 sample_chance_multiplier=0.125
INFO     Policy 4: poisonjab visited 63.98% avg_score=0.594 sample_chance_multiplier=0.125
INFO     Policy 5: poisonjab visited 80.5% avg_score=0.69 sample_chance_multiplier=0.125
INFO     Policy 6: poisonjab visited 61.7% avg_score=0.691 sample_chance_multiplier=0.125
INFO     Policy 7: powerwhip visited 54.8% avg_score=0.61 sample_chance_multiplier=0.125
INFO     Considered Choices:
INFO     	41.49%: poisonjab
INFO     Choice: poisonjab
INFO     Opponent has switched - clearing the last used move
INFO     scizor switched in, adding intimidate to impossible abilities
INFO     scizor switched in, adding pressure to impossible abilities
INFO     scizor switched in, adding neutralizinggas to impossible abilities
INFO     scizor switched in, adding sandstream to impossible abilities
INFO     scizor switched in, adding drought to impossible abilities
INFO     scizor switched in, adding drizzle to impossible abilities
INFO     scizor switched in, adding snowwarning to impossible abilities
INFO     scizor switched in, adding boosterenergy to impossible items
INFO     scizor switched in, adding airballoon to impossible items
INFO     victreebel already has the move poisonjab. Decrementing the PP by 1
INFO     victreebel used a poison move, removing poisongem from possible items
INFO     Setting victreebel's last used move: poisonjab
INFO     victreebel used a damaging move - not guessing lifeorb anymore
INFO     
INFO     Turn: 4
INFO     Sampling battle 0
INFO     	         scizor   technician      lifeorb [bulletpunch, closecombat, knockoff, swordsdance] ttype=steel
INFO     	      volcanion  waterabsorb heavydutyboots [earthpower, flamethrower, haze, steameruption] ttype=fire
INFO     	        breloom   technician      lifeorb [bulletseed, machpunch, rocktomb, spore] ttype=rock
INFO     Sampling 3 unrevealed pokemon
INFO     	      tatsugiri   stormdrain heavydutyboots [dracometeor, hydropump, nastyplot, rapidspin] ttype=water
INFO     	        donphan       sturdy    leftovers [earthquake, icespinner, rapidspin, stealthrock] ttype=water
INFO     	          hoopa     magician      lifeorb [focusblast, nastyplot, psyshock, shadowball] ttype=ghost
INFO     Sampling battle 1
INFO     	         scizor   technician      lifeorb [bulletpunch, closecombat, knockoff, swordsdance] ttype=steel
INFO     	      volcanion  waterabsorb heavydutyboots [flamethrower, haze, sludgebomb, steameruption] ttype=fire
INFO     	        breloom   technician      lifeorb [bulletseed, machpunch, rocktomb, swordsdance] ttype=rock
INFO     Sampling 3 unrevealed pokemon
INFO     	       grafaiai  poisontouch  assaultvest [gunkshot, knockoff, superfang, uturn] ttype=dark
INFO     	     baxcalibur thermalexchange heavydutyboots [dragondance, earthquake, glaiverush, iciclecrash] ttype=ground
INFO     	     eelektross     levitate  assaultvest [discharge, dragontail, flamethrower, uturn] ttype=poison
INFO     Sampling battle 2
INFO     	         scizor   technician      lifeorb [bugbite, bulletpunch, knockoff, swordsdance] ttype=steel
INFO     	      volcanion  waterabsorb  assaultvest [earthpower, flamecharge, flamethrower, steameruption] ttype=water
INFO     	        breloom   technician      lifeorb [bulletseed, machpunch, rocktomb, swordsdance] ttype=fighting
INFO     Sampling 3 unrevealed pokemon
INFO     	     galvantula compoundeyes heavydutyboots [bugbuzz, stickyweb, thunder, voltswitch] ttype=electric
INFO     	      terapagos    terashift  chestoberry [calmmind, earthpower, rest, terastarstorm] ttype=stellar
INFO     	     eelektross     levitate  assaultvest [discharge, flamethrower, gigadrain, uturn] ttype=poison
INFO     Sampling battle 3
INFO     	         scizor   technician    leftovers [bulletpunch, defog, knockoff, uturn] ttype=dragon
INFO     	      volcanion  waterabsorb  choicescarf [earthpower, flamethrower, sludgebomb, steameruption] ttype=ground
INFO     	        breloom   technician      lifeorb [bulletseed, machpunch, rocktomb, spore] ttype=rock
INFO     Sampling 3 unrevealed pokemon
INFO     	     conkeldurr         guts     flameorb [closecombat, facade, knockoff, machpunch] ttype=normal
INFO     	      rhyperior    solidrock weaknesspolicy [earthquake, megahorn, rockpolish, stoneedge] ttype=ground
INFO     	   weezinggalar     levitate    leftovers [defog, gunkshot, painsplit, strangesteam] ttype=steel
INFO     Sampling battle 4
INFO     	         scizor   technician   choiceband [bulletpunch, closecombat, knockoff, uturn] ttype=steel
INFO     	      volcanion  waterabsorb heavydutyboots [flamethrower, haze, sludgebomb, steameruption] ttype=water
INFO     	        breloom   technician      lifeorb [bulletseed, machpunch, spore, swordsdance] ttype=fighting
INFO     Sampling 3 unrevealed pokemon
INFO     	     mabosstiff     stakeout  choicescarf [crunch, playrough, psychicfangs, wildcharge] ttype=dark
INFO     	       bronzong     levitate    leftovers [earthquake, ironhead, psychic, stealthrock] ttype=electric
INFO     	       whiscash    oblivious    leftovers [earthquake, hydropump, icebeam, spikes] ttype=ghost
INFO     Sampling battle 5
INFO     	         scizor   technician   choiceband [bulletpunch, closecombat, knockoff, uturn] ttype=steel
INFO     	      volcanion  waterabsorb heavydutyboots [earthpower, flamethrower, haze, steameruption] ttype=ground
INFO     	        breloom   technician      lifeorb [bulletseed, machpunch, rocktomb, swordsdance] ttype=rock
INFO     Sampling 3 unrevealed pokemon
INFO     	    arceusfairy    multitype   pixieplate [calmmind, earthpower, judgment, recover] ttype=ground
INFO     	      clawitzer megalauncher  choicespecs [aurasphere, darkpulse, dragonpulse, waterpulse] ttype=dark
INFO     	    goodrahisui    sapsipper  assaultvest [dracometeor, fireblast, heavyslam, hydropump] ttype=flying
INFO     Sampling battle 6
INFO     	         scizor   technician    leftovers [bulletpunch, defog, knockoff, uturn] ttype=steel
INFO     	      volcanion  waterabsorb  assaultvest [flamecharge, flamethrower, sludgebomb, steameruption] ttype=water
INFO     	        breloom   technician      lifeorb [bulletseed, machpunch, rocktomb, swordsdance] ttype=rock
INFO     Sampling 3 unrevealed pokemon
INFO     	       alcremie    aromaveil    leftovers [acidarmor, alluringvoice, calmmind, recover] ttype=poison
INFO     	          hypno     insomnia    leftovers [encore, knockoff, psychicnoise, thunderwave] ttype=fairy
INFO     	      rillaboom  grassysurge   choiceband [grassyglide, highhorsepower, uturn, woodhammer] ttype=grass
INFO     Sampling battle 7
INFO     	         scizor   technician      lifeorb [bulletpunch, closecombat, knockoff, swordsdance] ttype=steel
INFO     	      volcanion  waterabsorb heavydutyboots [earthpower, flamethrower, haze, steameruption] ttype=ground
INFO     	        breloom   technician      lifeorb [bulletseed, machpunch, rocktomb, swordsdance] ttype=fighting
INFO     Sampling 3 unrevealed pokemon
INFO     	      metagross    clearbody    leftovers [earthquake, heavyslam, knockoff, stealthrock] ttype=water
INFO     	       gumshoos     stakeout   choiceband [doubleedge, earthquake, knockoff, uturn] ttype=ground
INFO     	   arceuspoison    multitype   toxicplate [earthquake, extremespeed, gunkshot, swordsdance] ttype=ground
INFO     Searching for a move using MCTS...
INFO     Sampling 8 battles at 250ms each
INFO     Policy 0: switch drifblim visited 40.79% avg_score=0.391 sample_chance_multiplier=0.125
INFO     Policy 1: switch drifblim visited 40.58% avg_score=0.389 sample_chance_multiplier=0.125
INFO     Policy 2: switch drifblim visited 84.34% avg_score=0.398 sample_chance_multiplier=0.125
INFO     Policy 3: switch drifblim visited 60.28% avg_score=0.444 sample_chance_multiplier=0.125
INFO     Policy 4: switch drifblim visited 65.81% avg_score=0.451 sample_chance_multiplier=0.125
INFO     Policy 5: switch exeggutor visited 33.66% avg_score=0.393 sample_chance_multiplier=0.125
INFO     Policy 6: switch drifblim visited 64.79% avg_score=0.495 sample_chance_multiplier=0.125
INFO     Policy 7: switch drifblim visited 46.05% avg_score=0.391 sample_chance_multiplier=0.125
INFO     Considered Choices:
INFO     	52.734%: switch drifblim
INFO     Choice: switch drifblim
INFO     drifblim switched in, adding intimidate to impossible abilities
INFO     drifblim switched in, adding pressure to impossible abilities
INFO     drifblim switched in, adding neutralizinggas to impossible abilities
INFO     drifblim switched in, adding sandstream to impossible abilities
INFO     drifblim switched in, adding drought to impossible abilities
INFO     drifblim switched in, adding drizzle to impossible abilities
INFO     drifblim switched in, adding snowwarning to impossible abilities
INFO     drifblim switched in, adding boosterenergy to impossible items
INFO     drifblim switched in, adding airballoon to impossible items
INFO     scizor using swordsdance makes it unlikely to have a choice item. Setting can_have_choice_item to False
INFO     scizor used a status-move. Adding `assaultvest` to impossible items
INFO     Setting scizor's last used move: swordsdance
INFO     scizor's attack was boosted by 2 to 2
INFO     
INFO     Turn: 5
INFO     Sampling battle 0
INFO     	         scizor   technician      lifeorb [bugbite, bulletpunch, closecombat, swordsdance] ttype=steel
INFO     	      volcanion  waterabsorb  choicescarf [earthpower, flamethrower, sludgebomb, steameruption] ttype=ground
INFO     	        breloom   technician      lifeorb [bulletseed, machpunch, rocktomb, swordsdance] ttype=rock
INFO     Sampling 3 unrevealed pokemon
INFO     	    arceusfairy    multitype   pixieplate [calmmind, earthpower, judgment, recover] ttype=steel
INFO     	       cinccino   technician   loadeddice [bulletseed, tailslap, tidyup, tripleaxel] ttype=ice
INFO     	       appletun     thickfat    leftovers [appleacid, dragonpulse, dragontail, recover] ttype=steel
INFO     Sampling battle 1
INFO     	         scizor   technician      lifeorb [bulletpunch, closecombat, knockoff, swordsdance] ttype=steel
INFO     	      volcanion  waterabsorb heavydutyboots [earthpower, flamethrower, haze, steameruption] ttype=fire
INFO     	        breloom   technician      lifeorb [bulletseed, machpunch, rocktomb, swordsdance] ttype=rock
INFO     Sampling 3 unrevealed pokemon
INFO     	lycanrocmidnight      noguard      lifeorb [closecombat, stoneedge, suckerpunch, swordsdance] ttype=fighting
INFO     	      zamazenta dauntlessshield   choiceband [closecombat, crunch, ironhead, psychicfangs] ttype=dark
INFO     	     misdreavus     levitate     eviolite [calmmind, drainingkiss, shadowball, willowisp] ttype=fairy
INFO     Sampling battle 2
INFO     	         scizor   technician      lifeorb [bugbite, bulletpunch, knockoff, swordsdance] ttype=steel
INFO     	      volcanion  waterabsorb heavydutyboots [flamethrower, haze, sludgebomb, steameruption] ttype=fire
INFO     	        breloom   technician      lifeorb [bulletseed, machpunch, spore, swordsdance] ttype=fighting
INFO     Sampling 3 unrevealed pokemon
INFO     	       espathra   speedboost    leftovers [calmmind, dazzlinggleam, roost, storedpower] ttype=fairy
INFO     	     victreebel  chlorophyll      lifeorb [knockoff, powerwhip, sleeppowder, sludgewave] ttype=steel
INFO     	       porygonz adaptability  choicescarf [icebeam, thunderbolt, triattack, trick] ttype=electric
INFO     Sampling battle 3
INFO     	         scizor   technician      lifeorb [bulletpunch, closecombat, knockoff, swordsdance] ttype=steel
INFO     	      volcanion  waterabsorb heavydutyboots [earthpower, flamethrower, haze, steameruption] ttype=ground
INFO     	        breloom   technician      lifeorb [bulletseed, machpunch, rocktomb, swordsdance] ttype=rock
INFO     Sampling 3 unrevealed pokemon
INFO     	        milotic  competitive    leftovers [dragontail, icebeam, recover, scald] ttype=steel
INFO     	      regieleki   transistor       magnet [rapidspin, terablast, thunderbolt, voltswitch] ttype=ice
INFO     	     skeledirge      unaware heavydutyboots [flamecharge, shadowball, slackoff, torchsong] ttype=fairy
INFO     Searching for a move using MCTS...
INFO     Sampling 4 battles at 500ms each
INFO     Policy 0: airslash visited 85.4% avg_score=0.538 sample_chance_multiplier=0.25
INFO     Policy 1: airslash visited 71.19% avg_score=0.528 sample_chance_multiplier=0.25
INFO     Policy 2: airslash visited 81.24% avg_score=0.524 sample_chance_multiplier=0.25
INFO     Policy 3: airslash visited 87.65% avg_score=0.552 sample_chance_multiplier=0.25
INFO     Considered Choices:
INFO     	81.37%: airslash
INFO     Choice: airslash
INFO     drifblim already has the move airslash. Decrementing the PP by 1
INFO     drifblim used a flying move, removing flyinggem from possible items
INFO     Setting drifblim's last used move: airslash
INFO     drifblim used a damaging move - not guessing lifeorb anymore
INFO     drifblim did 38.0% damage to scizor with airslash
INFO     scizor has less than maxhp during upkeep, no longer guessing leftovers or blacksludge
INFO     
INFO     Turn: 6
INFO     Sampling battle 0
INFO     	         scizor   technician      lifeorb [bugbite, bulletpunch, closecombat, swordsdance] ttype=steel
INFO     	      volcanion  waterabsorb heavydutyboots [earthpower, flamethrower, haze, steameruption] ttype=fire
INFO     	        breloom   technician      lifeorb [bulletseed, machpunch, spore, swordsdance] ttype=fighting
INFO     Sampling 3 unrevealed pokemon
INFO     	     kricketune   technician    focussash [knockoff, pounce, stickyweb, taunt] ttype=ghost
INFO     	       necrozma   prismarmor      lifeorb [earthquake, knockoff, photongeyser, swordsdance] ttype=steel
INFO     	       sneasler  poisontouch   choiceband [closecombat, direclaw, throatchop, uturn] ttype=fighting
INFO     Sampling battle 1
INFO     	         scizor   technician      lifeorb [bulletpunch, closecombat, knockoff, swordsdance] ttype=steel
INFO     	      volcanion  waterabsorb heavydutyboots [earthpower, flamethrower, haze, steameruption] ttype=water
INFO     	        breloom   technician      lifeorb [bulletseed, machpunch, rocktomb, swordsdance] ttype=rock
INFO     Sampling 3 unrevealed pokemon
INFO     	       dusknoir        frisk   choiceband [earthquake, leechlife, poltergeist, shadowsneak] ttype=ghost
INFO     	        manaphy    hydration    leftovers [energyball, icebeam, surf, tailglow] ttype=water
INFO     	      excadrill     sandrush  assaultvest [earthquake, ironhead, rapidspin, rockslide] ttype=water
INFO     Sampling battle 2
INFO     	         scizor   technician      lifeorb [bulletpunch, closecombat, knockoff, swordsdance] ttype=steel
INFO     	      volcanion  waterabsorb heavydutyboots [earthpower, flamethrower, haze, steameruption] ttype=fire
INFO     	        breloom   technician      lifeorb [bulletseed, machpunch, rocktomb, spore] ttype=rock
INFO     Sampling 3 unrevealed pokemon
INFO     	        dugtrio    arenatrap    focussash [earthquake, stoneedge, suckerpunch, swordsdance] ttype=flying
INFO     	     copperajah   heavymetal   choiceband [earthquake, heatcrash, heavyslam, stoneedge] ttype=fire
INFO     	      ceruledge    weakarmor heavydutyboots [bitterblade, closecombat, poltergeist, swordsdance] ttype=fire
INFO     Sampling battle 3
INFO     	         scizor   technician      lifeorb [bulletpunch, closecombat, knockoff, swordsdance] ttype=steel
INFO     	      volcanion  waterabsorb heavydutyboots [earthpower, flamethrower, haze, steameruption] ttype=water
INFO     	        breloom   technician      lifeorb [bulletseed, machpunch, rocktomb, swordsdance] ttype=rock
INFO     Sampling 3 unrevealed pokemon
INFO     	      rampardos   sheerforce      lifeorb [earthquake, firepunch, rockslide, zenheadbutt] ttype=psychic
INFO     	     mabosstiff     stakeout   choiceband [crunch, playrough, psychicfangs, wildcharge] ttype=fairy
INFO     	  samurotthisui    sharpness  choicescarf [ceaselessedge, flipturn, razorshell, sacredsword] ttype=poison
INFO     Searching for a move using MCTS...
INFO     Sampling 4 battles at 500ms each
INFO     Policy 0: airslash visited 49.39% avg_score=0.64 sample_chance_multiplier=0.25
INFO     Policy 1: strengthsap visited 44.71% avg_score=0.641 sample_chance_multiplier=0.25
INFO     Policy 2: strengthsap visited 50.53% avg_score=0.59 sample_chance_multiplier=0.25
INFO     Policy 3: strengthsap visited 50.11% avg_score=0.628 sample_chance_multiplier=0.25
INFO     Considered Choices:
INFO     	48.05%: strengthsap
INFO     	39.784%: airslash
INFO     Choice: strengthsap
INFO     Updated scizor's max speed to 187
INFO     drifblim already has the move strengthsap. Decrementing the PP by 1
INFO     drifblim used a status-move. Adding `assaultvest` to impossible items
INFO     Setting drifblim's last used move: strengthsap
INFO     scizor's attack was unboosted by 1 to 1
INFO     scizor already has the move swordsdance. Decrementing the PP by 1
INFO     scizor using swordsdance makes it unlikely to have a choice item. Setting can_have_choice_item to False
INFO     scizor used a status-move. Adding `assaultvest` to impossible items
INFO     Setting scizor's last used move: swordsdance
INFO     scizor's attack was boosted by 2 to 3
INFO     scizor has less than maxhp during upkeep, no longer guessing leftovers or blacksludge
INFO     
INFO     Turn: 7
INFO     Sampling battle 0
INFO     	         scizor   technician      lifeorb [bugbite, bulletpunch, knockoff, swordsdance] ttype=steel
INFO     	      volcanion  waterabsorb  assaultvest [earthpower, flamecharge, flamethrower, steameruption] ttype=ground
INFO     	        breloom   technician      lifeorb [bulletseed, machpunch, rocktomb, swordsdance] ttype=rock
INFO     Sampling 3 unrevealed pokemon
INFO     	        noctowl   tintedlens heavydutyboots [calmmind, hurricane, hypervoice, roost] ttype=normal
INFO     	     mabosstiff     stakeout  choicescarf [crunch, playrough, psychicfangs, wildcharge] ttype=dark
INFO     	     copperajah   sheerforce      lifeorb [earthquake, ironhead, playrough, rockslide] ttype=fairy
INFO     Sampling battle 1
INFO     	         scizor   technician      lifeorb [bugbite, bulletpunch, knockoff, swordsdance] ttype=steel
INFO     	      volcanion  waterabsorb heavydutyboots [earthpower, flamethrower, haze, steameruption] ttype=water
INFO     	        breloom   technician      lifeorb [bulletseed, machpunch, rocktomb, spore] ttype=fighting
INFO     Sampling 3 unrevealed pokemon
INFO     	       rotommow     levitate    leftovers [leafstorm, nastyplot, thunderbolt, willowisp] ttype=grass
INFO     	      clawitzer megalauncher  assaultvest [aurasphere, dragonpulse, uturn, waterpulse] ttype=dragon
INFO     	        malamar     contrary  chestoberry [knockoff, psychocut, rest, superpower] ttype=steel
INFO     Sampling battle 2
INFO     	         scizor   technician      lifeorb [bugbite, bulletpunch, knockoff, swordsdance] ttype=steel
INFO     	      volcanion  waterabsorb  assaultvest [earthpower, flamecharge, flamethrower, steameruption] ttype=ground
INFO     	        breloom   technician      lifeorb [bulletseed, machpunch, rocktomb, spore] ttype=fighting
INFO     Sampling 3 unrevealed pokemon
INFO     	    arceuswater    multitype  splashplate [calmmind, judgment, recover, willowisp] ttype=steel
INFO     	       magearna    soulheart    leftovers [flashcannon, fleurcannon, spikes, voltswitch] ttype=fairy
INFO     	      armarouge    weakarmor  choicespecs [armorcannon, energyball, focusblast, psyshock] ttype=fire
INFO     Sampling battle 3
INFO     	         scizor   technician      lifeorb [bulletpunch, closecombat, knockoff, swordsdance] ttype=steel
INFO     	      volcanion  waterabsorb heavydutyboots [earthpower, flamethrower, haze, steameruption] ttype=ground
INFO     	        breloom   technician      lifeorb [bulletseed, machpunch, rocktomb, spore] ttype=fighting
INFO     Sampling 3 unrevealed pokemon
INFO     	   dugtrioalola tanglinghair      lifeorb [earthquake, ironhead, suckerpunch, swordsdance] ttype=steel
INFO     	      poliwrath  waterabsorb  assaultvest [circlethrow, closecombat, knockoff, liquidation] ttype=fighting
INFO     	       cyclizar  regenerator heavydutyboots [dracometeor, rapidspin, shedtail, taunt] ttype=dragon
INFO     Searching for a move using MCTS...
INFO     Sampling 4 battles at 500ms each
INFO     Policy 0: airslash visited 64.93% avg_score=0.613 sample_chance_multiplier=0.25
INFO     Policy 1: airslash visited 81.05% avg_score=0.663 sample_chance_multiplier=0.25
INFO     Policy 2: airslash visited 70.0% avg_score=0.632 sample_chance_multiplier=0.25
INFO     Policy 3: airslash visited 76.0% avg_score=0.669 sample_chance_multiplier=0.25
INFO     Considered Choices:
INFO     	72.995%: airslash
INFO     Choice: airslash
INFO     scizor used two different moves - it cannot have a choice item
INFO     scizor used a steel move, removing steelgem from possible items
INFO     Setting scizor's last used move: bulletpunch
INFO     scizor used a damaging move - not guessing lifeorb anymore
INFO     scizor did 85.18% damage to drifblim with bulletpunch
INFO     Setting scizor's item to: lifeorb
INFO     drifblim already has the move airslash. Decrementing the PP by 1
INFO     drifblim used a flying move, removing flyinggem from possible items
INFO     Setting drifblim's last used move: airslash
INFO     drifblim used a damaging move - not guessing lifeorb anymore
INFO     drifblim did 40.0% damage to scizor with airslash
INFO     scizor has less than maxhp during upkeep, no longer guessing leftovers or blacksludge
INFO     
INFO     Turn: 8
INFO     Sampling battle 0
INFO     	         scizor   technician      lifeorb [bugbite, bulletpunch, closecombat, swordsdance] ttype=steel
INFO     	      volcanion  waterabsorb heavydutyboots [earthpower, flamethrower, haze, steameruption] ttype=ground
INFO     	        breloom   technician      lifeorb [bulletseed, machpunch, rocktomb, swordsdance] ttype=fighting
INFO     Sampling 3 unrevealed pokemon
INFO     	      rillaboom  grassysurge   choiceband [grassyglide, knockoff, uturn, woodhammer] ttype=grass
INFO     	       magcargo    flamebody heavydutyboots [lavaplume, powergem, recover, yawn] ttype=grass
INFO     	     ironbundle   quarkdrive  choicespecs [flipturn, freezedry, hydropump, icebeam] ttype=ice
INFO     Sampling battle 1
INFO     	         scizor   technician      lifeorb [bugbite, bulletpunch, closecombat, swordsdance] ttype=steel
INFO     	      volcanion  waterabsorb heavydutyboots [earthpower, flamethrower, haze, steameruption] ttype=ground
INFO     	        breloom   technician      lifeorb [bulletseed, machpunch, rocktomb, swordsdance] ttype=fighting
INFO     Sampling 3 unrevealed pokemon
INFO     	     kricketune   technician    focussash [knockoff, pounce, stickyweb, taunt] ttype=ghost
INFO     	      toucannon      keeneye heavydutyboots [beakblast, boomburst, roost, uturn] ttype=steel
INFO     	      rampardos   sheerforce  choicescarf [earthquake, firepunch, headsmash, rockslide] ttype=rock
INFO     Sampling battle 2
INFO     	         scizor   technician      lifeorb [bugbite, bulletpunch, knockoff, swordsdance] ttype=steel
INFO     	      volcanion  waterabsorb  assaultvest [earthpower, flamecharge, flamethrower, steameruption] ttype=water
INFO     	        breloom   technician      lifeorb [bulletseed, machpunch, rocktomb, swordsdance] ttype=rock
INFO     Sampling 3 unrevealed pokemon
INFO     	         zekrom     teravolt    leftovers [boltstrike, dragondance, outrage, substitute] ttype=grass
INFO     	       oricorio       dancer heavydutyboots [hurricane, quiverdance, revelationdance, roost] ttype=ground
INFO     	     oinkologne     thickfat    leftovers [curse, doubleedge, highhorsepower, lashout] ttype=ground
INFO     Sampling battle 3
INFO     	         scizor   technician      lifeorb [bugbite, bulletpunch, closecombat, swordsdance] ttype=steel
INFO     	      volcanion  waterabsorb heavydutyboots [earthpower, flamethrower, haze, steameruption] ttype=fire
INFO     	        breloom   technician      lifeorb [bulletseed, machpunch, rocktomb, spore] ttype=rock
INFO     Sampling 3 unrevealed pokemon
INFO     	       quagsire      unaware    leftovers [earthquake, icebeam, recover, toxic] ttype=fairy
INFO     	         raikou     pressure  choicespecs [scald, shadowball, thunderbolt, voltswitch] ttype=electric
INFO     	          rotom     levitate  choicescarf [shadowball, thunderbolt, trick, voltswitch] ttype=electric
INFO     Searching for a move using MCTS...
INFO     Sampling 4 battles at 500ms each
INFO     Policy 0: strengthsap visited 22.84% avg_score=0.549 sample_chance_multiplier=0.25
INFO     Policy 1: strengthsap visited 27.42% avg_score=0.67 sample_chance_multiplier=0.25
INFO     Policy 2: strengthsap visited 42.1% avg_score=0.755 sample_chance_multiplier=0.25
INFO     Policy 3: strengthsap visited 74.1% avg_score=0.806 sample_chance_multiplier=0.25
INFO     Considered Choices:
INFO     	41.613%: strengthsap
INFO     Choice: strengthsap
INFO     scizor already has the move bulletpunch. Decrementing the PP by 1
INFO     scizor used a steel move, removing steelgem from possible items
INFO     Setting scizor's last used move: bulletpunch
INFO     scizor used a damaging move - not guessing lifeorb anymore
INFO     scizor did 14.82% damage to drifblim with bulletpunch
INFO     Setting drifblim's ability to: aftermath
INFO     scizor has less than maxhp during upkeep, no longer guessing leftovers or blacksludge
INFO     Sampling battle 0
INFO     	         scizor   technician      lifeorb [bugbite, bulletpunch, closecombat, swordsdance] ttype=steel
INFO     	      volcanion  waterabsorb  assaultvest [flamecharge, flamethrower, sludgebomb, steameruption] ttype=fire
INFO     	        breloom   technician      lifeorb [bulletseed, machpunch, spore, swordsdance] ttype=fighting
INFO     Sampling 3 unrevealed pokemon
INFO     	       porygonz     download  choicescarf [icebeam, shadowball, thunderbolt, triattack] ttype=electric
INFO     	     electivire   motordrive      lifeorb [earthquake, knockoff, supercellslam, voltswitch] ttype=dark
INFO     	       quagsire      unaware    leftovers [earthquake, recover, spikes, toxic] ttype=fairy
INFO     Sampling battle 1
INFO     	         scizor   technician      lifeorb [bugbite, bulletpunch, knockoff, swordsdance] ttype=steel
INFO     	      volcanion  waterabsorb  choicescarf [earthpower, flamethrower, sludgebomb, steameruption] ttype=water
INFO     	        breloom   technician      lifeorb [bulletseed, machpunch, rocktomb, spore] ttype=fighting
INFO     Sampling 3 unrevealed pokemon
INFO     	    polteageist   cursedbody    whiteherb [gigadrain, shadowball, shellsmash, storedpower] ttype=psychic
INFO     	        lucario    justified      lifeorb [closecombat, extremespeed, meteormash, swordsdance] ttype=normal
INFO     	    ironboulder   quarkdrive      lifeorb [closecombat, mightycleave, swordsdance, zenheadbutt] ttype=fighting
INFO     Sampling battle 2
INFO     	         scizor   technician      lifeorb [bugbite, bulletpunch, knockoff, swordsdance] ttype=steel
INFO     	      volcanion  waterabsorb  choicescarf [earthpower, flamethrower, sludgebomb, steameruption] ttype=fire
INFO     	        breloom   technician      lifeorb [bulletseed, machpunch, rocktomb, swordsdance] ttype=rock
INFO     Sampling 3 unrevealed pokemon
INFO     	      eternatus     pressure    powerherb [dynamaxcannon, fireblast, meteorbeam, sludgebomb] ttype=dragon
INFO     	           uxie     levitate    leftovers [encore, knockoff, psychicnoise, stealthrock] ttype=dark
INFO     	       chienpao  swordofruin   choiceband [crunch, iceshard, iciclecrash, sacredsword] ttype=fighting
INFO     Sampling battle 3
INFO     	         scizor   technician      lifeorb [bugbite, bulletpunch, knockoff, swordsdance] ttype=steel
INFO     	      volcanion  waterabsorb  assaultvest [earthpower, flamecharge, flamethrower, steameruption] ttype=ground
INFO     	        breloom   technician      lifeorb [bulletseed, machpunch, rocktomb, swordsdance] ttype=fighting
INFO     Sampling 3 unrevealed pokemon
INFO     	      ninetales      drought heavydutyboots [fireblast, nastyplot, scorchingsands, solarbeam] ttype=grass
INFO     	       ludicolo    swiftswim  choicespecs [gigadrain, hydropump, icebeam, leafstorm] ttype=water
INFO     	        spidops     stakeout heavydutyboots [circlethrow, spikes, stickyweb, toxicspikes] ttype=ghost
INFO     Searching for a move using MCTS...
INFO     Sampling 4 battles at 500ms each
INFO     Policy 0: switch victreebel visited 72.98% avg_score=0.464 sample_chance_multiplier=0.25
INFO     Policy 1: switch dachsbun visited 66.47% avg_score=0.492 sample_chance_multiplier=0.25
INFO     Policy 2: switch exeggutor visited 51.34% avg_score=0.481 sample_chance_multiplier=0.25
INFO     Policy 3: switch kyurem visited 84.46% avg_score=0.509 sample_chance_multiplier=0.25
INFO     Considered Choices:
INFO     	32.552%: switch kyurem
INFO     Choice: switch kyurem
INFO     kyurem switched in, adding intimidate to impossible abilities
INFO     kyurem switched in, adding pressure to impossible abilities
INFO     kyurem switched in, adding neutralizinggas to impossible abilities
INFO     kyurem switched in, adding sandstream to impossible abilities
INFO     kyurem switched in, adding drought to impossible abilities
INFO     kyurem switched in, adding drizzle to impossible abilities
INFO     kyurem switched in, adding snowwarning to impossible abilities
INFO     kyurem switched in, adding boosterenergy to impossible items
INFO     kyurem switched in, adding airballoon to impossible items
INFO     Opponent has switched - clearing the last used move
INFO     regice switched in, adding intimidate to impossible abilities
INFO     regice switched in, adding pressure to impossible abilities
INFO     regice switched in, adding neutralizinggas to impossible abilities
INFO     regice switched in, adding sandstream to impossible abilities
INFO     regice switched in, adding drought to impossible abilities
INFO     regice switched in, adding drizzle to impossible abilities
INFO     regice switched in, adding snowwarning to impossible abilities
INFO     regice switched in, adding boosterenergy to impossible items
INFO     regice switched in, adding airballoon to impossible items
INFO     Setting kyurem's ability to pressure
INFO     
INFO     Turn: 9
INFO     Sampling battle 0
INFO     	         regice    clearbody heavydutyboots [bodypress, icebeam, thunderbolt, thunderwave] ttype=electric
INFO     	      volcanion  waterabsorb heavydutyboots [earthpower, flamethrower, haze, steameruption] ttype=ground
INFO     	        breloom   technician      lifeorb [bulletseed, machpunch, rocktomb, spore] ttype=rock
INFO     Sampling 2 unrevealed pokemon
INFO     	         zapdos       static heavydutyboots [hurricane, roost, thunderbolt, uturn] ttype=electric
INFO     	        okidogi   toxicchain  assaultvest [drainpunch, gunkshot, knockoff, psychicfangs] ttype=dark
INFO     Sampling battle 1
INFO     	         regice    clearbody heavydutyboots [icebeam, rest, sleeptalk, thunderbolt] ttype=electric
INFO     	      volcanion  waterabsorb  assaultvest [flamecharge, flamethrower, sludgebomb, steameruption] ttype=fire
INFO     	        breloom   technician      lifeorb [bulletseed, machpunch, spore, swordsdance] ttype=fighting
INFO     Sampling 2 unrevealed pokemon
INFO     	          hoopa     magician      lifeorb [focusblast, nastyplot, psyshock, shadowball] ttype=fighting
INFO     	        sableye    prankster    leftovers [encore, knockoff, recover, thunderwave] ttype=poison
INFO     Sampling battle 2
INFO     	         regice    clearbody heavydutyboots [icebeam, rest, sleeptalk, thunderbolt] ttype=electric
INFO     	      volcanion  waterabsorb  assaultvest [flamecharge, flamethrower, sludgebomb, steameruption] ttype=water
INFO     	        breloom   technician      lifeorb [bulletseed, machpunch, rocktomb, spore] ttype=rock
INFO     Sampling 2 unrevealed pokemon
INFO     	      sudowoodo     rockhead    leftovers [earthquake, headsmash, stealthrock, woodhammer] ttype=grass
INFO     	       quagsire      unaware    leftovers [earthquake, icebeam, recover, toxic] ttype=poison
INFO     Sampling battle 3
INFO     	         regice    clearbody heavydutyboots [bodypress, icebeam, thunderbolt, thunderwave] ttype=electric
INFO     	      volcanion  waterabsorb heavydutyboots [flamethrower, haze, sludgebomb, steameruption] ttype=fire
INFO     	        breloom   technician      lifeorb [bulletseed, machpunch, rocktomb, swordsdance] ttype=fighting
INFO     Sampling 2 unrevealed pokemon
INFO     	       ursaring    quickfeet     toxicorb [closecombat, crunch, facade, swordsdance] ttype=normal
INFO     	     conkeldurr         guts     flameorb [closecombat, facade, knockoff, machpunch] ttype=normal
INFO     Searching for a move using MCTS...
INFO     Sampling 4 battles at 500ms each
INFO     Policy 0: outrage visited 89.53% avg_score=0.508 sample_chance_multiplier=0.25
INFO     Policy 1: outrage visited 86.81% avg_score=0.552 sample_chance_multiplier=0.25
INFO     Policy 2: outrage visited 89.4% avg_score=0.553 sample_chance_multiplier=0.25
INFO     Policy 3: outrage visited 86.67% avg_score=0.475 sample_chance_multiplier=0.25
INFO     Considered Choices:
INFO     	88.103%: outrage
INFO     Choice: outrage
INFO     Updated regice's max speed to 191
INFO     kyurem already has the move outrage. Decrementing the PP by 1
INFO     kyurem used a dragon move, removing dragongem from possible items
INFO     Adding lockedmove to kyurem
INFO     Setting kyurem's last used move: outrage
INFO     kyurem used a damaging move - not guessing lifeorb anymore
INFO     kyurem did 40.0% damage to regice with outrage
INFO     regice used a status-move. Adding `assaultvest` to impossible items
INFO     Setting regice's last used move: thunderwave
INFO     kyurem got status: par
INFO     No longer guessing lumberry because kyurem got status par
INFO     Incremented lockedmove for user to 1
INFO     regice has less than maxhp during upkeep, no longer guessing leftovers or blacksludge
INFO     
INFO     Turn: 10
INFO     Sampling battle 0
INFO     	         regice    clearbody heavydutyboots [bodypress, icebeam, thunderbolt, thunderwave] ttype=electric
INFO     	      volcanion  waterabsorb heavydutyboots [earthpower, flamethrower, haze, steameruption] ttype=ground
INFO     	        breloom   technician      lifeorb [bulletseed, machpunch, spore, swordsdance] ttype=fighting
INFO     Sampling 2 unrevealed pokemon
INFO     	          azelf     levitate  choicespecs [dazzlinggleam, psychic, thunderbolt, trick] ttype=fairy
INFO     	    arceusfairy    multitype   pixieplate [calmmind, earthpower, judgment, recover] ttype=ground
INFO     Sampling battle 1
INFO     	         regice    clearbody heavydutyboots [bodypress, icebeam, thunderbolt, thunderwave] ttype=electric
INFO     	      volcanion  waterabsorb  choicescarf [earthpower, flamethrower, sludgebomb, steameruption] ttype=ground
INFO     	        breloom   technician      lifeorb [bulletseed, machpunch, rocktomb, swordsdance] ttype=rock
INFO     Sampling 2 unrevealed pokemon
INFO     	        flapple       hustle     lumberry [dragondance, gravapple, outrage, terablast] ttype=fire
INFO     	        zoroark     illusion  choicespecs [darkpulse, flamethrower, focusblast, sludgebomb] ttype=poison
INFO     Sampling battle 2
INFO     	         regice    clearbody heavydutyboots [bodypress, icebeam, thunderbolt, thunderwave] ttype=electric
INFO     	      volcanion  waterabsorb heavydutyboots [flamethrower, haze, sludgebomb, steameruption] ttype=water
INFO     	        breloom   technician      lifeorb [bulletseed, machpunch, spore, swordsdance] ttype=fighting
INFO     Sampling 2 unrevealed pokemon
INFO     	          hypno     insomnia    leftovers [focusblast, protect, psychicnoise, toxic] ttype=dark
INFO     	   lycanrocdusk   toughclaws   choiceband [accelerock, closecombat, psychicfangs, stoneedge] ttype=fighting
INFO     Sampling battle 3
INFO     	         regice    clearbody heavydutyboots [bodypress, icebeam, thunderbolt, thunderwave] ttype=electric
INFO     	      volcanion  waterabsorb heavydutyboots [flamethrower, haze, sludgebomb, steameruption] ttype=fire
INFO     	        breloom   technician      lifeorb [bulletseed, machpunch, rocktomb, spore] ttype=rock
INFO     Sampling 2 unrevealed pokemon
INFO     	      hatterene  magicbounce    leftovers [calmmind, drainingkiss, mysticalfire, psyshock] ttype=fairy
INFO     	landorustherian   intimidate    leftovers [earthquake, stealthrock, stoneedge, taunt] ttype=ground
INFO     Searching for a move using MCTS...
INFO     Sampling 4 battles at 500ms each
INFO     Policy 0: outrage visited 100.0% avg_score=0.334 sample_chance_multiplier=0.25
INFO     Policy 1: outrage visited 100.0% avg_score=0.347 sample_chance_multiplier=0.25
INFO     Policy 2: outrage visited 100.0% avg_score=0.344 sample_chance_multiplier=0.25
INFO     Policy 3: outrage visited 100.0% avg_score=0.297 sample_chance_multiplier=0.25
INFO     Considered Choices:
INFO     	100.0%: outrage
INFO     Choice: outrage
INFO     regice used two different moves - it cannot have a choice item
INFO     regice used a fighting move, removing fightinggem from possible items
INFO     Setting regice's last used move: bodypress
INFO     regice used a damaging move - not guessing lifeorb anymore
INFO     regice did 43.26% damage to kyurem with bodypress
INFO     Starting the volatile status confusion on kyurem
INFO     kyurem got confused, no longer guessing lumberry
INFO     kyurem got confused from fatigue, removing lockedmove from volatile statuses
INFO     regice has less than maxhp during upkeep, no longer guessing leftovers or blacksludge
INFO     
INFO     Turn: 11
INFO     Sampling battle 0
INFO     	         regice    clearbody heavydutyboots [bodypress, icebeam, thunderbolt, thunderwave] ttype=electric
INFO     	      volcanion  waterabsorb  assaultvest [flamecharge, flamethrower, sludgebomb, steameruption] ttype=fire
INFO     	        breloom   technician      lifeorb [bulletseed, machpunch, rocktomb, swordsdance] ttype=rock
INFO     Sampling 2 unrevealed pokemon
INFO     	       arcanine   intimidate heavydutyboots [extremespeed, flareblitz, morningsun, roar] ttype=normal
INFO     	      spectrier    grimneigh    leftovers [drainingkiss, nastyplot, shadowball, substitute] ttype=fairy
INFO     Sampling battle 1
INFO     	         regice    clearbody heavydutyboots [bodypress, icebeam, thunderbolt, thunderwave] ttype=electric
INFO     	      volcanion  waterabsorb heavydutyboots [earthpower, flamethrower, haze, steameruption] ttype=water
INFO     	        breloom   technician      lifeorb [bulletseed, machpunch, rocktomb, swordsdance] ttype=fighting
INFO     Sampling 2 unrevealed pokemon
INFO     	       tornadus      defiant  choicespecs [bleakwindstorm, focusblast, heatwave, uturn] ttype=flying
INFO     	     ironthorns   quarkdrive heavydutyboots [stealthrock, stoneedge, voltswitch, wildcharge] ttype=water
INFO     Sampling battle 2
INFO     	         regice    clearbody heavydutyboots [bodypress, icebeam, thunderbolt, thunderwave] ttype=electric
INFO     	      volcanion  waterabsorb  assaultvest [earthpower, flamecharge, flamethrower, steameruption] ttype=fire
INFO     	        breloom   technician      lifeorb [bulletseed, machpunch, rocktomb, swordsdance] ttype=rock
INFO     Sampling 2 unrevealed pokemon
INFO     	        sableye    prankster    leftovers [encore, knockoff, recover, thunderwave] ttype=steel
INFO     	      honchkrow        moxie heavydutyboots [bravebird, heatwave, suckerpunch, uturn] ttype=dark
INFO     Sampling battle 3
INFO     	         regice    clearbody heavydutyboots [bodypress, icebeam, thunderbolt, thunderwave] ttype=electric
INFO     	      volcanion  waterabsorb heavydutyboots [earthpower, flamethrower, haze, steameruption] ttype=ground
INFO     	        breloom   technician      lifeorb [bulletseed, machpunch, rocktomb, spore] ttype=rock
INFO     Sampling 2 unrevealed pokemon
INFO     	      spiritomb  infiltrator    leftovers [foulplay, poltergeist, suckerpunch, willowisp] ttype=steel
INFO     	      dunsparce  serenegrace     eviolite [bodyslam, coil, earthquake, roost] ttype=ground
INFO     Searching for a move using MCTS...
INFO     Sampling 4 battles at 500ms each
INFO     Policy 0: outrage visited 54.04% avg_score=0.46 sample_chance_multiplier=0.25
INFO     Policy 1: outrage visited 77.81% avg_score=0.49 sample_chance_multiplier=0.25
INFO     Policy 2: switch dachsbun visited 68.03% avg_score=0.482 sample_chance_multiplier=0.25
INFO     Policy 3: switch dachsbun visited 89.91% avg_score=0.623 sample_chance_multiplier=0.25
INFO     Considered Choices:
INFO     	51.494%: switch dachsbun
INFO     Choice: switch dachsbun
INFO     dachsbun switched in, adding intimidate to impossible abilities
INFO     dachsbun switched in, adding pressure to impossible abilities
INFO     dachsbun switched in, adding neutralizinggas to impossible abilities
INFO     dachsbun switched in, adding sandstream to impossible abilities
INFO     dachsbun switched in, adding drought to impossible abilities
INFO     dachsbun switched in, adding drizzle to impossible abilities
INFO     dachsbun switched in, adding snowwarning to impossible abilities
INFO     dachsbun switched in, adding boosterenergy to impossible items
INFO     dachsbun switched in, adding airballoon to impossible items
INFO     regice used two different moves - it cannot have a choice item
INFO     regice used a ice move, removing icegem from possible items
INFO     Setting regice's last used move: icebeam
INFO     regice used a damaging move - not guessing lifeorb anymore
INFO     regice did 60.24% damage to dachsbun with icebeam
WARNING  Would remove all possibilities, not removing any
WARNING  actual_damage_dealt=153.0096
INFO     Setting dachsbun's item to: leftovers
INFO     regice has less than maxhp during upkeep, no longer guessing leftovers or blacksludge
INFO     
INFO     Turn: 12
INFO     Sampling battle 0
INFO     	         regice    clearbody heavydutyboots [bodypress, icebeam, thunderbolt, thunderwave] ttype=electric
INFO     	      volcanion  waterabsorb heavydutyboots [flamethrower, haze, sludgebomb, steameruption] ttype=fire
INFO     	        breloom   technician      lifeorb [bulletseed, machpunch, spore, swordsdance] ttype=fighting
INFO     Sampling 2 unrevealed pokemon
INFO     	         phione    hydration    leftovers [grassknot, icebeam, scald, takeheart] ttype=steel
INFO     	    raichualola  surgesurfer  choicespecs [focusblast, psyshock, surf, thunderbolt] ttype=fighting
INFO     Sampling battle 1
INFO     	         regice    clearbody heavydutyboots [bodypress, icebeam, thunderbolt, thunderwave] ttype=electric
INFO     	      volcanion  waterabsorb heavydutyboots [flamethrower, haze, sludgebomb, steameruption] ttype=water
INFO     	        breloom   technician      lifeorb [bulletseed, machpunch, spore, swordsdance] ttype=fighting
INFO     Sampling 2 unrevealed pokemon
INFO     	        flapple       hustle   choiceband [gravapple, outrage, suckerpunch, uturn] ttype=steel
INFO     	        dugtrio    arenatrap      lifeorb [earthquake, stoneedge, suckerpunch, swordsdance] ttype=flying
INFO     Sampling battle 2
INFO     	         regice    clearbody heavydutyboots [bodypress, icebeam, thunderbolt, thunderwave] ttype=electric
INFO     	      volcanion  waterabsorb  assaultvest [earthpower, flamecharge, flamethrower, steameruption] ttype=water
INFO     	        breloom   technician      lifeorb [bulletseed, machpunch, rocktomb, swordsdance] ttype=fighting
INFO     Sampling 2 unrevealed pokemon
INFO     	         kyogre      drizzle  choicescarf [icebeam, originpulse, thunder, waterspout] ttype=water
INFO     	         zapdos       static heavydutyboots [discharge, heatwave, hurricane, roost] ttype=electric
INFO     Sampling battle 3
INFO     	         regice    clearbody heavydutyboots [bodypress, icebeam, thunderbolt, thunderwave] ttype=electric
INFO     	      volcanion  waterabsorb heavydutyboots [flamethrower, haze, sludgebomb, steameruption] ttype=fire
INFO     	        breloom   technician      lifeorb [bulletseed, machpunch, rocktomb, swordsdance] ttype=rock
INFO     Sampling 2 unrevealed pokemon
INFO     	        flapple       hustle   choiceband [gravapple, outrage, suckerpunch, uturn] ttype=steel
INFO     	      girafarig    sapsipper     eviolite [dazzlinggleam, nastyplot, psychic, thunderbolt] ttype=fairy
INFO     Searching for a move using MCTS...
INFO     Sampling 4 battles at 500ms each
INFO     Policy 0: playrough visited 56.09% avg_score=0.54 sample_chance_multiplier=0.25
INFO     Policy 1: playrough visited 54.32% avg_score=0.547 sample_chance_multiplier=0.25
INFO     Policy 2: playrough visited 50.36% avg_score=0.527 sample_chance_multiplier=0.25
INFO     Policy 3: playrough visited 47.37% avg_score=0.51 sample_chance_multiplier=0.25
INFO     Considered Choices:
INFO     	52.036%: playrough
INFO     Choice: playrough
INFO     Updated regice's max speed to 191
INFO     dachsbun already has the move playrough. Decrementing the PP by 1
INFO     dachsbun used a fairy move, removing fairygem from possible items
INFO     Setting dachsbun's last used move: playrough
INFO     dachsbun used a damaging move - not guessing lifeorb anymore
INFO     dachsbun did 43.0% damage to regice with playrough
WARNING  Would remove all possibilities, not removing any
WARNING  actual_damage_dealt=122.12
INFO     regice already has the move icebeam. Decrementing the PP by 1
INFO     regice used a ice move, removing icegem from possible items
INFO     Setting regice's last used move: icebeam
INFO     regice used a damaging move - not guessing lifeorb anymore
INFO     regice did 38.98% damage to dachsbun with icebeam
INFO     Setting dachsbun's item to: leftovers
INFO     regice has less than maxhp during upkeep, no longer guessing leftovers or blacksludge
INFO     
INFO     Turn: 13
INFO     Sampling battle 0
INFO     	         regice    clearbody heavydutyboots [bodypress, icebeam, thunderbolt, thunderwave] ttype=electric
INFO     	      volcanion  waterabsorb heavydutyboots [earthpower, flamethrower, haze, steameruption] ttype=water
INFO     	        breloom   technician      lifeorb [bulletseed, machpunch, rocktomb, swordsdance] ttype=fighting
INFO     Sampling 2 unrevealed pokemon
INFO     	      bellibolt electromorphosis    leftovers [muddywater, slackoff, thunderbolt, voltswitch] ttype=electric
INFO     	          lugia   multiscale heavydutyboots [aeroblast, calmmind, earthpower, recover] ttype=steel
INFO     Sampling battle 1
INFO     	         regice    clearbody heavydutyboots [bodypress, icebeam, thunderbolt, thunderwave] ttype=electric
INFO     	      volcanion  waterabsorb  assaultvest [earthpower, flamecharge, flamethrower, steameruption] ttype=ground
INFO     	        breloom   technician      lifeorb [bulletseed, machpunch, rocktomb, spore] ttype=rock
INFO     Sampling 2 unrevealed pokemon
INFO     	       cloyster    skilllink    whiteherb [hydropump, iciclespear, rockblast, shellsmash] ttype=rock
INFO     	ogerponcornerstone       sturdy cornerstonemask [ivycudgel, powerwhip, spikes, synthesis] ttype=rock
INFO     Sampling battle 2
INFO     	         regice    clearbody heavydutyboots [bodypress, icebeam, thunderbolt, thunderwave] ttype=electric
INFO     	      volcanion  waterabsorb heavydutyboots [earthpower, flamethrower, haze, steameruption] ttype=ground
INFO     	        breloom   technician      lifeorb [bulletseed, machpunch, rocktomb, swordsdance] ttype=rock
INFO     Sampling 2 unrevealed pokemon
INFO     	        kleavor    sharpness heavydutyboots [closecombat, stoneaxe, swordsdance, xscissor] ttype=bug
INFO     	      sandslash     sandrush    leftovers [earthquake, knockoff, rapidspin, swordsdance] ttype=dragon
INFO     Sampling battle 3
INFO     	         regice    clearbody heavydutyboots [bodypress, icebeam, thunderbolt, thunderwave] ttype=electric
INFO     	      volcanion  waterabsorb  assaultvest [flamecharge, flamethrower, sludgebomb, steameruption] ttype=fire
INFO     	        breloom   technician      lifeorb [bulletseed, machpunch, rocktomb, spore] ttype=fighting
INFO     Sampling 2 unrevealed pokemon
INFO     	  oricoriosensu       dancer heavydutyboots [hurricane, quiverdance, revelationdance, roost] ttype=fighting
INFO     	       chimecho     levitate    leftovers [encore, knockoff, psychicnoise, recover] ttype=electric
INFO     Searching for a move using MCTS...
INFO     Sampling 4 battles at 500ms each
INFO     Policy 0: wish visited 48.75% avg_score=0.509 sample_chance_multiplier=0.25
INFO     Policy 1: playrough visited 89.4% avg_score=0.611 sample_chance_multiplier=0.25
INFO     Policy 2: playrough visited 55.08% avg_score=0.577 sample_chance_multiplier=0.25
INFO     Policy 3: playrough visited 48.92% avg_score=0.527 sample_chance_multiplier=0.25
INFO     Considered Choices:
INFO     	57.56%: playrough
INFO     Choice: playrough
INFO     dachsbun already has the move playrough. Decrementing the PP by 1
INFO     dachsbun used a fairy move, removing fairygem from possible items
INFO     Setting dachsbun's last used move: playrough
INFO     dachsbun used a damaging move - not guessing lifeorb anymore
INFO     dachsbun did 17.0% damage to regice with playrough
INFO     Setting dachsbun's item to: leftovers
INFO     regice has less than maxhp during upkeep, no longer guessing leftovers or blacksludge
INFO     Opponent has switched - clearing the last used move
INFO     lumineon switched in, adding intimidate to impossible abilities
INFO     lumineon switched in, adding pressure to impossible abilities
INFO     lumineon switched in, adding neutralizinggas to impossible abilities
INFO     lumineon switched in, adding sandstream to impossible abilities
INFO     lumineon switched in, adding drought to impossible abilities
INFO     lumineon switched in, adding drizzle to impossible abilities
INFO     lumineon switched in, adding snowwarning to impossible abilities
INFO     lumineon switched in, adding boosterenergy to impossible items
INFO     lumineon switched in, adding airballoon to impossible items
INFO     
INFO     Turn: 14
INFO     Sampling battle 0
INFO     	       lumineon   stormdrain      lifeorb [alluringvoice, encore, hydropump, icebeam] ttype=water
INFO     	      volcanion  waterabsorb  choicescarf [earthpower, flamethrower, sludgebomb, steameruption] ttype=fire
INFO     	        breloom   technician      lifeorb [bulletseed, machpunch, spore, swordsdance] ttype=fighting
INFO     Sampling 1 unrevealed pokemon
INFO     	       ursaluna         guts     flameorb [crunch, facade, headlongrush, trailblaze] ttype=normal
INFO     Sampling battle 1
INFO     	       lumineon   stormdrain      lifeorb [alluringvoice, encore, hydropump, icebeam] ttype=water
INFO     	      volcanion  waterabsorb heavydutyboots [earthpower, flamethrower, haze, steameruption] ttype=fire
INFO     	        breloom   technician      lifeorb [bulletseed, machpunch, rocktomb, spore] ttype=rock
INFO     Sampling 1 unrevealed pokemon
INFO     	       garchomp    roughskin  rockyhelmet [earthquake, outrage, spikes, stealthrock] ttype=ground
INFO     Sampling battle 2
INFO     	       lumineon   stormdrain      lifeorb [alluringvoice, encore, hydropump, icebeam] ttype=water
INFO     	      volcanion  waterabsorb  choicescarf [earthpower, flamethrower, sludgebomb, steameruption] ttype=ground
INFO     	        breloom   technician      lifeorb [bulletseed, machpunch, rocktomb, spore] ttype=rock
INFO     Sampling 1 unrevealed pokemon
WARNING  steel is not a known move
INFO     	          ditto     imposter  choicescarf [transform]
INFO     Sampling battle 3
INFO     	       lumineon   stormdrain heavydutyboots [encore, hydropump, icebeam, uturn] ttype=ground
INFO     	      volcanion  waterabsorb  choicescarf [earthpower, flamethrower, sludgebomb, steameruption] ttype=water
INFO     	        breloom   technician      lifeorb [bulletseed, machpunch, rocktomb, spore] ttype=fighting
INFO     Sampling 1 unrevealed pokemon
INFO     	        kleavor    sharpness  choicescarf [closecombat, stoneaxe, uturn, xscissor] ttype=fighting
INFO     Searching for a move using MCTS...
INFO     Sampling 4 battles at 500ms each
INFO     Policy 0: wish visited 76.21% avg_score=0.526 sample_chance_multiplier=0.25
INFO     Policy 1: wish visited 90.75% avg_score=0.614 sample_chance_multiplier=0.25
INFO     Policy 2: wish visited 87.18% avg_score=0.61 sample_chance_multiplier=0.25
INFO     Policy 3: wish visited 58.26% avg_score=0.55 sample_chance_multiplier=0.25
INFO     Considered Choices:
INFO     	78.099%: wish
INFO     Choice: wish
INFO     Updated lumineon's max speed to 227
INFO     dachsbun already has the move wish. Decrementing the PP by 1
INFO     dachsbun used a status-move. Adding `assaultvest` to impossible items
INFO     Setting dachsbun's last used move: wish
INFO     dachsbun used wish - expecting 127.0 health of recovery next turn
INFO     lumineon used a ice move, removing icegem from possible items
INFO     Setting lumineon's last used move: icebeam
INFO     lumineon used a damaging move - not guessing lifeorb anymore
INFO     lumineon did 18.5% damage to dachsbun with icebeam
INFO     Setting lumineon's item to: lifeorb
INFO     Decrementing wish to 1 for the bot
INFO     lumineon has less than maxhp during upkeep, no longer guessing leftovers or blacksludge
INFO     Sampling battle 0
INFO     	       lumineon   stormdrain      lifeorb [alluringvoice, encore, hydropump, icebeam] ttype=water
INFO     	      volcanion  waterabsorb heavydutyboots [flamethrower, haze, sludgebomb, steameruption] ttype=water
INFO     	        breloom   technician      lifeorb [bulletseed, machpunch, rocktomb, swordsdance] ttype=fighting
INFO     Sampling 1 unrevealed pokemon
INFO     	       cyclizar  regenerator heavydutyboots [dracometeor, rapidspin, shedtail, taunt] ttype=steel
INFO     Sampling battle 1
INFO     	       lumineon   stormdrain      lifeorb [alluringvoice, encore, hydropump, icebeam] ttype=fairy
INFO     	      volcanion  waterabsorb  assaultvest [flamecharge, flamethrower, sludgebomb, steameruption] ttype=water
INFO     	        breloom   technician      lifeorb [bulletseed, machpunch, rocktomb, spore] ttype=rock
INFO     Sampling 1 unrevealed pokemon
INFO     	thundurustherian   voltabsorb  choicespecs [focusblast, psychic, sludgewave, thunderbolt] ttype=electric
INFO     Sampling battle 2
INFO     	       lumineon   stormdrain      lifeorb [alluringvoice, encore, hydropump, icebeam] ttype=water
INFO     	      volcanion  waterabsorb  assaultvest [earthpower, flamecharge, flamethrower, steameruption] ttype=ground
INFO     	        breloom   technician      lifeorb [bulletseed, machpunch, rocktomb, swordsdance] ttype=rock
INFO     Sampling 1 unrevealed pokemon
INFO     	       greedent   cheekpouch  sitrusberry [doubleedge, earthquake, knockoff, swordsdance] ttype=ground
INFO     Sampling battle 3
INFO     	       lumineon   stormdrain      lifeorb [alluringvoice, encore, hydropump, icebeam] ttype=water
INFO     	      volcanion  waterabsorb  assaultvest [earthpower, flamecharge, flamethrower, steameruption] ttype=ground
INFO     	        breloom   technician      lifeorb [bulletseed, machpunch, rocktomb, spore] ttype=fighting
INFO     Sampling 1 unrevealed pokemon
INFO     	       greedent   cheekpouch  sitrusberry [bodyslam, earthquake, knockoff, swordsdance] ttype=ground
INFO     Searching for a move using MCTS...
INFO     Sampling 4 battles at 500ms each
INFO     Policy 0: switch kyurem visited 68.49% avg_score=0.696 sample_chance_multiplier=0.25
INFO     Policy 1: switch kyurem visited 70.28% avg_score=0.647 sample_chance_multiplier=0.25
INFO     Policy 2: switch kyurem visited 78.61% avg_score=0.658 sample_chance_multiplier=0.25
INFO     Policy 3: switch kyurem visited 65.51% avg_score=0.641 sample_chance_multiplier=0.25
INFO     Considered Choices:
INFO     	70.721%: switch kyurem
INFO     Choice: switch kyurem
INFO     Setting kyurem's ability to pressure
INFO     
INFO     Turn: 15
INFO     Sampling battle 0
INFO     	       lumineon   stormdrain      lifeorb [alluringvoice, encore, hydropump, icebeam] ttype=water
INFO     	      volcanion  waterabsorb  choicescarf [earthpower, flamethrower, sludgebomb, steameruption] ttype=ground
INFO     	        breloom   technician      lifeorb [bulletseed, machpunch, spore, swordsdance] ttype=fighting
INFO     Sampling 1 unrevealed pokemon
INFO     	     wigglytuff  competitive    leftovers [dazzlinggleam, knockoff, protect, wish] ttype=steel
INFO     Sampling battle 1
INFO     	       lumineon   stormdrain      lifeorb [alluringvoice, encore, hydropump, icebeam] ttype=fairy
INFO     	      volcanion  waterabsorb heavydutyboots [earthpower, flamethrower, haze, steameruption] ttype=fire
INFO     	        breloom   technician      lifeorb [bulletseed, machpunch, rocktomb, swordsdance] ttype=rock
INFO     Sampling 1 unrevealed pokemon
INFO     	      rhyperior    solidrock   choiceband [earthquake, icepunch, megahorn, stoneedge] ttype=bug
INFO     Sampling battle 2
INFO     	       lumineon   stormdrain      lifeorb [alluringvoice, encore, hydropump, icebeam] ttype=fairy
INFO     	      volcanion  waterabsorb  choicescarf [earthpower, flamethrower, sludgebomb, steameruption] ttype=fire
INFO     	        breloom   technician      lifeorb [bulletseed, machpunch, rocktomb, swordsdance] ttype=rock
INFO     Sampling 1 unrevealed pokemon
INFO     	      ceruledge    weakarmor heavydutyboots [bitterblade, closecombat, poltergeist, swordsdance] ttype=fighting
INFO     Sampling battle 3
INFO     	       lumineon   stormdrain      lifeorb [alluringvoice, encore, hydropump, icebeam] ttype=fairy
INFO     	      volcanion  waterabsorb heavydutyboots [earthpower, flamethrower, haze, steameruption] ttype=fire
INFO     	        breloom   technician      lifeorb [bulletseed, machpunch, rocktomb, spore] ttype=fighting
INFO     Sampling 1 unrevealed pokemon
INFO     	landorustherian   intimidate    leftovers [earthquake, stealthrock, stoneedge, uturn] ttype=ground
INFO     Searching for a move using MCTS...
INFO     Sampling 4 battles at 500ms each
INFO     Policy 0: freezedry visited 60.54% avg_score=0.687 sample_chance_multiplier=0.25
INFO     Policy 1: freezedry visited 67.35% avg_score=0.698 sample_chance_multiplier=0.25
INFO     Policy 2: freezedry visited 47.0% avg_score=0.648 sample_chance_multiplier=0.25
INFO     Policy 3: freezedry visited 66.68% avg_score=0.687 sample_chance_multiplier=0.25
INFO     Considered Choices:
INFO     	60.393%: freezedry
INFO     Choice: freezedry
INFO     lumineon used two different moves - it cannot have a choice item
INFO     lumineon used a fairy move, removing fairygem from possible items
INFO     Setting lumineon's last used move: alluringvoice
INFO     lumineon used a damaging move - not guessing lifeorb anymore
INFO     lumineon did 43.26% damage to kyurem with alluringvoice
INFO     Setting lumineon's item to: lifeorb
INFO     Decrementing wish to 0 for the bot
INFO     lumineon has less than maxhp during upkeep, no longer guessing leftovers or blacksludge
INFO     
INFO     Turn: 16
INFO     Sampling battle 0
INFO     	       lumineon   stormdrain      lifeorb [alluringvoice, encore, hydropump, icebeam] ttype=fairy
INFO     	      volcanion  waterabsorb heavydutyboots [earthpower, flamethrower, haze, steameruption] ttype=water
INFO     	        breloom   technician      lifeorb [bulletseed, machpunch, rocktomb, swordsdance] ttype=rock
INFO     Sampling 1 unrevealed pokemon
INFO     	     bombirdier rockypayload   choiceband [bravebird, knockoff, stoneedge, suckerpunch] ttype=rock
INFO     Sampling battle 1
INFO     	       lumineon   stormdrain      lifeorb [alluringvoice, encore, hydropump, icebeam] ttype=water
INFO     	      volcanion  waterabsorb heavydutyboots [flamethrower, haze, sludgebomb, steameruption] ttype=fire
INFO     	        breloom   technician      lifeorb [bulletseed, machpunch, rocktomb, spore] ttype=rock
INFO     Sampling 1 unrevealed pokemon
INFO     	  braviaryhisui   sheerforce      lifeorb [agility, heatwave, hurricane, psychic] ttype=steel
INFO     Sampling battle 2
INFO     	       lumineon   stormdrain      lifeorb [alluringvoice, encore, hydropump, icebeam] ttype=water
INFO     	      volcanion  waterabsorb heavydutyboots [flamethrower, haze, sludgebomb, steameruption] ttype=water
INFO     	        breloom   technician      lifeorb [bulletseed, machpunch, spore, swordsdance] ttype=fighting
INFO     Sampling 1 unrevealed pokemon
INFO     	       gumshoos adaptability   choiceband [doubleedge, earthquake, knockoff, uturn] ttype=ground
INFO     Sampling battle 3
INFO     	       lumineon   stormdrain      lifeorb [alluringvoice, encore, hydropump, icebeam] ttype=fairy
INFO     	      volcanion  waterabsorb  assaultvest [earthpower, flamecharge, flamethrower, steameruption] ttype=ground
INFO     	        breloom   technician      lifeorb [bulletseed, machpunch, rocktomb, spore] ttype=rock
INFO     Sampling 1 unrevealed pokemon
INFO     	     chandelure    flashfire heavydutyboots [calmmind, fireblast, flamecharge, shadowball] ttype=ghost
INFO     Searching for a move using MCTS...
INFO     Sampling 4 battles at 500ms each
INFO     Policy 0: freezedry visited 49.91% avg_score=0.539 sample_chance_multiplier=0.25
INFO     Policy 1: freezedry visited 51.56% avg_score=0.55 sample_chance_multiplier=0.25
INFO     Policy 2: freezedry visited 51.13% avg_score=0.573 sample_chance_multiplier=0.25
INFO     Policy 3: earthpower visited 44.56% avg_score=0.515 sample_chance_multiplier=0.25
INFO     Considered Choices:
INFO     	39.576%: freezedry
INFO     	31.724%: outrage
INFO     Choice: freezedry
INFO     Opponent has switched - clearing the last used move
INFO     chiyu switched in, adding intimidate to impossible abilities
INFO     chiyu switched in, adding pressure to impossible abilities
INFO     chiyu switched in, adding neutralizinggas to impossible abilities
INFO     chiyu switched in, adding sandstream to impossible abilities
INFO     chiyu switched in, adding drought to impossible abilities
INFO     chiyu switched in, adding drizzle to impossible abilities
INFO     chiyu switched in, adding snowwarning to impossible abilities
INFO     chiyu switched in, adding boosterenergy to impossible items
INFO     chiyu switched in, adding airballoon to impossible items
INFO     Setting chiyu's ability to beadsofruin
INFO     kyurem already has the move freezedry. Decrementing the PP by 1
INFO     kyurem used a ice move, removing icegem from possible items
INFO     Setting kyurem's last used move: freezedry
INFO     kyurem used a damaging move - not guessing lifeorb anymore
INFO     kyurem did 17.0% damage to chiyu with freezedry
INFO     chiyu has less than maxhp during upkeep, no longer guessing leftovers or blacksludge
INFO     
INFO     Turn: 17
INFO     Sampling battle 0
INFO     	          chiyu  beadsofruin heavydutyboots [darkpulse, fireblast, nastyplot, psychic] ttype=fire
INFO     	      volcanion  waterabsorb heavydutyboots [earthpower, flamethrower, haze, steameruption] ttype=ground
INFO     	        breloom   technician      lifeorb [bulletseed, machpunch, rocktomb, swordsdance] ttype=fighting
INFO     	       lumineon   stormdrain      lifeorb [alluringvoice, encore, hydropump, icebeam] ttype=water
INFO     Sampling battle 1
INFO     	          chiyu  beadsofruin heavydutyboots [darkpulse, fireblast, nastyplot, psychic] ttype=fire
INFO     	      volcanion  waterabsorb heavydutyboots [flamethrower, haze, sludgebomb, steameruption] ttype=fire
INFO     	        breloom   technician      lifeorb [bulletseed, machpunch, spore, swordsdance] ttype=fighting
INFO     	       lumineon   stormdrain      lifeorb [alluringvoice, encore, hydropump, icebeam] ttype=fairy
INFO     Sampling battle 2
INFO     	          chiyu  beadsofruin heavydutyboots [darkpulse, fireblast, nastyplot, psychic] ttype=dark
INFO     	      volcanion  waterabsorb heavydutyboots [flamethrower, haze, sludgebomb, steameruption] ttype=fire
INFO     	        breloom   technician      lifeorb [bulletseed, machpunch, rocktomb, swordsdance] ttype=rock
INFO     	       lumineon   stormdrain      lifeorb [alluringvoice, encore, hydropump, icebeam] ttype=fairy
INFO     Sampling battle 3
INFO     	          chiyu  beadsofruin  choicespecs [darkpulse, flamethrower, overheat, psychic] ttype=fire
INFO     	      volcanion  waterabsorb heavydutyboots [flamethrower, haze, sludgebomb, steameruption] ttype=water
INFO     	        breloom   technician      lifeorb [bulletseed, machpunch, rocktomb, swordsdance] ttype=fighting
INFO     	       lumineon   stormdrain      lifeorb [alluringvoice, encore, hydropump, icebeam] ttype=water
INFO     Searching for a move using MCTS...
INFO     Sampling 4 battles at 500ms each
INFO     Policy 0: outrage visited 32.57% avg_score=0.202 sample_chance_multiplier=0.25
INFO     Policy 1: outrage visited 31.68% avg_score=0.199 sample_chance_multiplier=0.25
INFO     Policy 2: outrage visited 31.9% avg_score=0.199 sample_chance_multiplier=0.25
INFO     Policy 3: switch victreebel visited 18.81% avg_score=0.029 sample_chance_multiplier=0.25
INFO     Considered Choices:
INFO     	27.986%: outrage
INFO     Choice: outrage
INFO     Updated chiyu's min speed to 95
INFO     chiyu used a fire move, removing firegem from possible items
INFO     Setting chiyu's last used move: fireblast
INFO     chiyu used a damaging move - not guessing lifeorb anymore
INFO     chiyu did 52.66% damage to kyurem with fireblast
INFO     kyurem already has the move outrage. Decrementing the PP by 1
INFO     kyurem used a dragon move, removing dragongem from possible items
INFO     Adding lockedmove to kyurem
INFO     Setting kyurem's last used move: outrage
INFO     kyurem used a damaging move - not guessing lifeorb anymore
INFO     kyurem did 70.0% damage to chiyu with outrage
INFO     Incremented lockedmove for user to 1
INFO     chiyu has less than maxhp during upkeep, no longer guessing leftovers or blacksludge
INFO     
INFO     Turn: 18
INFO     Sampling battle 0
INFO     	          chiyu  beadsofruin heavydutyboots [darkpulse, fireblast, nastyplot, willowisp] ttype=dark
INFO     	      volcanion  waterabsorb heavydutyboots [flamethrower, haze, sludgebomb, steameruption] ttype=water
INFO     	        breloom   technician      lifeorb [bulletseed, machpunch, rocktomb, swordsdance] ttype=rock
INFO     	       lumineon   stormdrain      lifeorb [alluringvoice, encore, hydropump, icebeam] ttype=fairy
INFO     Sampling battle 1
INFO     	          chiyu  beadsofruin heavydutyboots [darkpulse, fireblast, nastyplot, psychic] ttype=fire
INFO     	      volcanion  waterabsorb  assaultvest [flamecharge, flamethrower, sludgebomb, steameruption] ttype=water
INFO     	        breloom   technician      lifeorb [bulletseed, machpunch, rocktomb, swordsdance] ttype=fighting
INFO     	       lumineon   stormdrain      lifeorb [alluringvoice, encore, hydropump, icebeam] ttype=fairy
INFO     Sampling battle 2
INFO     	          chiyu  beadsofruin heavydutyboots [darkpulse, fireblast, nastyplot, willowisp] ttype=dark
INFO     	      volcanion  waterabsorb heavydutyboots [flamethrower, haze, sludgebomb, steameruption] ttype=water
INFO     	        breloom   technician      lifeorb [bulletseed, machpunch, rocktomb, spore] ttype=fighting
INFO     	       lumineon   stormdrain      lifeorb [alluringvoice, encore, hydropump, icebeam] ttype=fairy
INFO     Sampling battle 3
INFO     	          chiyu  beadsofruin heavydutyboots [darkpulse, fireblast, nastyplot, psychic] ttype=dark
INFO     	      volcanion  waterabsorb heavydutyboots [earthpower, flamethrower, haze, steameruption] ttype=fire
INFO     	        breloom   technician      lifeorb [bulletseed, machpunch, rocktomb, swordsdance] ttype=fighting
INFO     	       lumineon   stormdrain      lifeorb [alluringvoice, encore, hydropump, icebeam] ttype=water
INFO     Searching for a move using MCTS...
INFO     Sampling 4 battles at 500ms each
INFO     Policy 0: outrage visited 100.0% avg_score=0.273 sample_chance_multiplier=0.25
INFO     Policy 1: outrage visited 100.0% avg_score=0.271 sample_chance_multiplier=0.25
INFO     Policy 2: outrage visited 100.0% avg_score=0.275 sample_chance_multiplier=0.25
INFO     Policy 3: outrage visited 100.0% avg_score=0.268 sample_chance_multiplier=0.25
INFO     Considered Choices:
INFO     	100.0%: outrage
INFO     Choice: outrage
INFO     Updated chiyu's min speed to 95
INFO     chiyu used two different moves - it cannot have a choice item
INFO     chiyu used a dark move, removing darkgem from possible items
INFO     Setting chiyu's last used move: darkpulse
INFO     chiyu used a damaging move - not guessing lifeorb anymore
INFO     chiyu did 0.63% damage to kyurem with darkpulse
INFO     Incremented lockedmove for user to 2
INFO     chiyu has less than maxhp during upkeep, no longer guessing leftovers or blacksludge
INFO     Sampling battle 0
INFO     	          chiyu  beadsofruin heavydutyboots [darkpulse, fireblast, nastyplot, psychic] ttype=fire
INFO     	      volcanion  waterabsorb  choicescarf [earthpower, flamethrower, sludgebomb, steameruption] ttype=fire
INFO     	        breloom   technician      lifeorb [bulletseed, machpunch, rocktomb, spore] ttype=fighting
INFO     	       lumineon   stormdrain      lifeorb [alluringvoice, encore, hydropump, icebeam] ttype=fairy
INFO     Sampling battle 1
INFO     	          chiyu  beadsofruin heavydutyboots [darkpulse, fireblast, nastyplot, psychic] ttype=fire
INFO     	      volcanion  waterabsorb  choicescarf [earthpower, flamethrower, sludgebomb, steameruption] ttype=ground
INFO     	        breloom   technician      lifeorb [bulletseed, machpunch, rocktomb, spore] ttype=fighting
INFO     	       lumineon   stormdrain      lifeorb [alluringvoice, encore, hydropump, icebeam] ttype=fairy
INFO     Sampling battle 2
INFO     	          chiyu  beadsofruin heavydutyboots [darkpulse, fireblast, nastyplot, willowisp] ttype=fire
INFO     	      volcanion  waterabsorb heavydutyboots [flamethrower, haze, sludgebomb, steameruption] ttype=fire
INFO     	        breloom   technician      lifeorb [bulletseed, machpunch, rocktomb, spore] ttype=fighting
INFO     	       lumineon   stormdrain      lifeorb [alluringvoice, encore, hydropump, icebeam] ttype=fairy
INFO     Sampling battle 3
INFO     	          chiyu  beadsofruin heavydutyboots [darkpulse, fireblast, nastyplot, psychic] ttype=fire
INFO     	      volcanion  waterabsorb heavydutyboots [flamethrower, haze, sludgebomb, steameruption] ttype=fire
INFO     	        breloom   technician      lifeorb [bulletseed, machpunch, rocktomb, spore] ttype=rock
INFO     	       lumineon   stormdrain      lifeorb [alluringvoice, encore, hydropump, icebeam] ttype=fairy
INFO     Searching for a move using MCTS...
INFO     Sampling 4 battles at 500ms each
INFO     Policy 0: switch victreebel visited 60.35% avg_score=0.123 sample_chance_multiplier=0.25
INFO     Policy 1: switch victreebel visited 61.99% avg_score=0.123 sample_chance_multiplier=0.25
INFO     Policy 2: switch victreebel visited 91.62% avg_score=0.268 sample_chance_multiplier=0.25
INFO     Policy 3: switch victreebel visited 89.44% avg_score=0.262 sample_chance_multiplier=0.25
INFO     Considered Choices:
INFO     	75.852%: switch victreebel
INFO     Choice: switch victreebel
INFO     
INFO     Turn: 19
INFO     Sampling battle 0
INFO     	          chiyu  beadsofruin heavydutyboots [darkpulse, fireblast, nastyplot, willowisp] ttype=dark
INFO     	      volcanion  waterabsorb  assaultvest [flamecharge, flamethrower, sludgebomb, steameruption] ttype=water
INFO     	        breloom   technician      lifeorb [bulletseed, machpunch, rocktomb, swordsdance] ttype=fighting
INFO     	       lumineon   stormdrain      lifeorb [alluringvoice, encore, hydropump, icebeam] ttype=fairy
INFO     Sampling battle 1
INFO     	          chiyu  beadsofruin heavydutyboots [darkpulse, fireblast, nastyplot, psychic] ttype=fire
INFO     	      volcanion  waterabsorb heavydutyboots [flamethrower, haze, sludgebomb, steameruption] ttype=water
INFO     	        breloom   technician      lifeorb [bulletseed, machpunch, rocktomb, spore] ttype=rock
INFO     	       lumineon   stormdrain      lifeorb [alluringvoice, encore, hydropump, icebeam] ttype=water
INFO     Sampling battle 2
INFO     	          chiyu  beadsofruin heavydutyboots [darkpulse, fireblast, nastyplot, psychic] ttype=fire
INFO     	      volcanion  waterabsorb  assaultvest [earthpower, flamecharge, flamethrower, steameruption] ttype=ground
INFO     	        breloom   technician      lifeorb [bulletseed, machpunch, rocktomb, swordsdance] ttype=rock
INFO     	       lumineon   stormdrain      lifeorb [alluringvoice, encore, hydropump, icebeam] ttype=water
INFO     Sampling battle 3
INFO     	          chiyu  beadsofruin heavydutyboots [darkpulse, fireblast, nastyplot, psychic] ttype=dark
INFO     	      volcanion  waterabsorb  choicescarf [earthpower, flamethrower, sludgebomb, steameruption] ttype=ground
INFO     	        breloom   technician      lifeorb [bulletseed, machpunch, rocktomb, spore] ttype=rock
INFO     	       lumineon   stormdrain      lifeorb [alluringvoice, encore, hydropump, icebeam] ttype=water
INFO     Searching for a move using MCTS...
INFO     Sampling 4 battles at 500ms each
INFO     Policy 0: suckerpunch visited 76.11% avg_score=0.266 sample_chance_multiplier=0.25
INFO     Policy 1: suckerpunch visited 87.72% avg_score=0.261 sample_chance_multiplier=0.25
INFO     Policy 2: suckerpunch visited 88.09% avg_score=0.271 sample_chance_multiplier=0.25
INFO     Policy 3: swordsdance visited 42.47% avg_score=0.1 sample_chance_multiplier=0.25
INFO     Considered Choices:
INFO     	68.523%: suckerpunch
INFO     Choice: suckerpunch
INFO     victreebel already has the move suckerpunch. Decrementing the PP by 1
INFO     victreebel used a dark move, removing darkgem from possible items
INFO     Setting victreebel's last used move: suckerpunch
INFO     victreebel used a damaging move - not guessing lifeorb anymore
INFO     victreebel did 13.0% damage to chiyu with suckerpunch
INFO     Setting victreebel's item to: lifeorb
INFO     chiyu has less than maxhp during upkeep, no longer guessing leftovers or blacksludge
INFO     Opponent has switched - clearing the last used move
INFO     
INFO     Turn: 20
INFO     Sampling battle 0
INFO     	      volcanion  waterabsorb heavydutyboots [flamethrower, haze, sludgebomb, steameruption] ttype=water
INFO     	        breloom   technician      lifeorb [bulletseed, machpunch, rocktomb, spore] ttype=fighting
INFO     	       lumineon   stormdrain      lifeorb [alluringvoice, encore, hydropump, icebeam] ttype=water
INFO     Sampling battle 1
INFO     	      volcanion  waterabsorb  assaultvest [flamecharge, flamethrower, sludgebomb, steameruption] ttype=fire
INFO     	        breloom   technician      lifeorb [bulletseed, machpunch, rocktomb, spore] ttype=rock
INFO     	       lumineon   stormdrain      lifeorb [alluringvoice, encore, hydropump, icebeam] ttype=fairy
INFO     Sampling battle 2
INFO     	      volcanion  waterabsorb heavydutyboots [earthpower, flamethrower, haze, steameruption] ttype=ground
INFO     	        breloom   technician      lifeorb [bulletseed, machpunch, spore, swordsdance] ttype=fighting
INFO     	       lumineon   stormdrain      lifeorb [alluringvoice, encore, hydropump, icebeam] ttype=water
INFO     Sampling battle 3
INFO     	      volcanion  waterabsorb  assaultvest [flamecharge, flamethrower, sludgebomb, steameruption] ttype=fire
INFO     	        breloom   technician      lifeorb [bulletseed, machpunch, rocktomb, swordsdance] ttype=fighting
INFO     	       lumineon   stormdrain      lifeorb [alluringvoice, encore, hydropump, icebeam] ttype=fairy
INFO     Searching for a move using MCTS...
INFO     Sampling 4 battles at 500ms each
INFO     Policy 0: swordsdance visited 70.63% avg_score=0.199 sample_chance_multiplier=0.25
INFO     Policy 1: swordsdance visited 69.68% avg_score=0.192 sample_chance_multiplier=0.25
INFO     Policy 2: swordsdance visited 69.23% avg_score=0.208 sample_chance_multiplier=0.25
INFO     Policy 3: swordsdance visited 69.34% avg_score=0.189 sample_chance_multiplier=0.25
INFO     Considered Choices:
INFO     	69.721%: swordsdance
INFO     Choice: swordsdance
INFO     Updated volcanion's max speed to 177
INFO     victreebel already has the move swordsdance. Decrementing the PP by 1
INFO     victreebel using swordsdance makes it unlikely to have a choice item. Setting can_have_choice_item to False
INFO     victreebel used a status-move. Adding `assaultvest` to impossible items
INFO     Setting victreebel's last used move: swordsdance
INFO     victreebel's attack was boosted by 2 to 2
INFO     volcanion used a fire move, removing firegem from possible items
INFO     Setting volcanion's last used move: flamethrower
INFO     volcanion used a damaging move - not guessing lifeorb anymore
INFO     volcanion did 75.17% damage to victreebel with flamethrower
WARNING  Would remove all possibilities, not removing any
WARNING  actual_damage_dealt=217.99300000000002
INFO     
INFO     Turn: 21
INFO     Sampling battle 0
INFO     	      volcanion  waterabsorb  assaultvest [earthpower, flamecharge, flamethrower, steameruption] ttype=ground
INFO     	        breloom   technician      lifeorb [bulletseed, machpunch, spore, swordsdance] ttype=fighting
INFO     	       lumineon   stormdrain      lifeorb [alluringvoice, encore, hydropump, icebeam] ttype=fairy
INFO     Sampling battle 1
INFO     	      volcanion  waterabsorb  choicescarf [earthpower, flamethrower, sludgebomb, steameruption] ttype=fire
INFO     	        breloom   technician      lifeorb [bulletseed, machpunch, rocktomb, swordsdance] ttype=rock
INFO     	       lumineon   stormdrain      lifeorb [alluringvoice, encore, hydropump, icebeam] ttype=fairy
INFO     Sampling battle 2
INFO     	      volcanion  waterabsorb  assaultvest [flamecharge, flamethrower, sludgebomb, steameruption] ttype=fire
INFO     	        breloom   technician      lifeorb [bulletseed, machpunch, rocktomb, spore] ttype=rock
INFO     	       lumineon   stormdrain      lifeorb [alluringvoice, encore, hydropump, icebeam] ttype=fairy
INFO     Sampling battle 3
INFO     	      volcanion  waterabsorb  choicescarf [earthpower, flamethrower, sludgebomb, steameruption] ttype=ground
INFO     	        breloom   technician      lifeorb [bulletseed, machpunch, rocktomb, spore] ttype=fighting
INFO     	       lumineon   stormdrain      lifeorb [alluringvoice, encore, hydropump, icebeam] ttype=water
INFO     Searching for a move using MCTS...
INFO     Sampling 4 battles at 500ms each
INFO     Policy 0: powerwhip visited 42.71% avg_score=0.414 sample_chance_multiplier=0.25
INFO     Policy 1: suckerpunch visited 80.31% avg_score=0.059 sample_chance_multiplier=0.25
INFO     Policy 2: poisonjab visited 50.17% avg_score=0.399 sample_chance_multiplier=0.25
INFO     Policy 3: suckerpunch visited 76.56% avg_score=0.053 sample_chance_multiplier=0.25
INFO     Considered Choices:
INFO     	42.272%: suckerpunch
INFO     Choice: suckerpunch
INFO     victreebel already has the move suckerpunch. Decrementing the PP by 1
INFO     victreebel used a dark move, removing darkgem from possible items
INFO     Setting victreebel's last used move: suckerpunch
INFO     victreebel used a damaging move - not guessing lifeorb anymore
INFO     victreebel did 55.00000000000001% damage to volcanion with suckerpunch
INFO     Setting victreebel's item to: lifeorb
INFO     volcanion already has the move flamethrower. Decrementing the PP by 1
INFO     volcanion used a fire move, removing firegem from possible items
INFO     Setting volcanion's last used move: flamethrower
INFO     volcanion used a damaging move - not guessing lifeorb anymore
INFO     volcanion did 4.83% damage to victreebel with flamethrower
INFO     volcanion has less than maxhp during upkeep, no longer guessing leftovers or blacksludge
INFO     Sampling battle 0
INFO     	      volcanion  waterabsorb  assaultvest [earthpower, flamecharge, flamethrower, steameruption] ttype=ground
INFO     	        breloom   technician      lifeorb [bulletseed, machpunch, spore, swordsdance] ttype=fighting
INFO     	       lumineon   stormdrain      lifeorb [alluringvoice, encore, hydropump, icebeam] ttype=water
INFO     Sampling battle 1
INFO     	      volcanion  waterabsorb heavydutyboots [earthpower, flamethrower, haze, steameruption] ttype=ground
INFO     	        breloom   technician      lifeorb [bulletseed, machpunch, rocktomb, spore] ttype=rock
INFO     	       lumineon   stormdrain      lifeorb [alluringvoice, encore, hydropump, icebeam] ttype=fairy
INFO     Sampling battle 2
INFO     	      volcanion  waterabsorb heavydutyboots [earthpower, flamethrower, haze, steameruption] ttype=fire
INFO     	        breloom   technician      lifeorb [bulletseed, machpunch, rocktomb, spore] ttype=fighting
INFO     	       lumineon   stormdrain      lifeorb [alluringvoice, encore, hydropump, icebeam] ttype=fairy
INFO     Sampling battle 3
INFO     	      volcanion  waterabsorb  assaultvest [flamecharge, flamethrower, sludgebomb, steameruption] ttype=fire
INFO     	        breloom   technician      lifeorb [bulletseed, machpunch, rocktomb, swordsdance] ttype=rock
INFO     	       lumineon   stormdrain      lifeorb [alluringvoice, encore, hydropump, icebeam] ttype=fairy
INFO     Searching for a move using MCTS...
INFO     Sampling 4 battles at 500ms each
INFO     Policy 0: switch exeggutor visited 100.0% avg_score=0.007 sample_chance_multiplier=0.25
INFO     Policy 1: switch exeggutor visited 100.0% avg_score=0.007 sample_chance_multiplier=0.25
INFO     Policy 2: switch exeggutor visited 100.0% avg_score=0.006 sample_chance_multiplier=0.25
INFO     Policy 3: switch exeggutor visited 100.0% avg_score=0.008 sample_chance_multiplier=0.25
INFO     Considered Choices:
INFO     	100.0%: switch exeggutor
INFO     Choice: switch exeggutor
INFO     exeggutor switched in, adding intimidate to impossible abilities
INFO     exeggutor switched in, adding pressure to impossible abilities
INFO     exeggutor switched in, adding neutralizinggas to impossible abilities
INFO     exeggutor switched in, adding sandstream to impossible abilities
INFO     exeggutor switched in, adding drought to impossible abilities
INFO     exeggutor switched in, adding drizzle to impossible abilities
INFO     exeggutor switched in, adding snowwarning to impossible abilities
INFO     exeggutor switched in, adding boosterenergy to impossible items
INFO     exeggutor switched in, adding airballoon to impossible items
INFO     
INFO     Turn: 22
INFO     Sampling battle 0
INFO     	      volcanion  waterabsorb heavydutyboots [earthpower, flamethrower, haze, steameruption] ttype=water
INFO     	        breloom   technician      lifeorb [bulletseed, machpunch, rocktomb, swordsdance] ttype=fighting
INFO     	       lumineon   stormdrain      lifeorb [alluringvoice, encore, hydropump, icebeam] ttype=water
INFO     Sampling battle 1
INFO     	      volcanion  waterabsorb  assaultvest [flamecharge, flamethrower, sludgebomb, steameruption] ttype=water
INFO     	        breloom   technician      lifeorb [bulletseed, machpunch, rocktomb, swordsdance] ttype=rock
INFO     	       lumineon   stormdrain      lifeorb [alluringvoice, encore, hydropump, icebeam] ttype=fairy
INFO     Sampling battle 2
INFO     	      volcanion  waterabsorb heavydutyboots [earthpower, flamethrower, haze, steameruption] ttype=fire
INFO     	        breloom   technician      lifeorb [bulletseed, machpunch, rocktomb, spore] ttype=fighting
INFO     	       lumineon   stormdrain      lifeorb [alluringvoice, encore, hydropump, icebeam] ttype=fairy
INFO     Sampling battle 3
INFO     	      volcanion  waterabsorb heavydutyboots [flamethrower, haze, sludgebomb, steameruption] ttype=fire
INFO     	        breloom   technician      lifeorb [bulletseed, machpunch, rocktomb, spore] ttype=rock
INFO     	       lumineon   stormdrain      lifeorb [alluringvoice, encore, hydropump, icebeam] ttype=water
INFO     Searching for a move using MCTS...
INFO     Sampling 4 battles at 500ms each
INFO     Policy 0: substitute visited 40.62% avg_score=0.008 sample_chance_multiplier=0.25
INFO     Policy 1: substitute visited 40.71% avg_score=0.011 sample_chance_multiplier=0.25
INFO     Policy 2: substitute visited 40.47% avg_score=0.008 sample_chance_multiplier=0.25
INFO     Policy 3: substitute visited 37.8% avg_score=0.009 sample_chance_multiplier=0.25
INFO     Considered Choices:
INFO     	39.898%: substitute
INFO     Choice: substitute
INFO     Updated volcanion's min speed to 149
INFO     volcanion already has the move flamethrower. Decrementing the PP by 1
INFO     volcanion used a fire move, removing firegem from possible items
INFO     Setting volcanion's last used move: flamethrower
INFO     volcanion used a damaging move - not guessing lifeorb anymore
INFO     volcanion did 69.23% damage to exeggutor with flamethrower
INFO     Removing exeggutor's item: sitrusberry
INFO     Setting exeggutor's removed item to sitrusberry
INFO     exeggutor already has the move substitute. Decrementing the PP by 1
INFO     exeggutor using substitute makes it unlikely to have a choice item. Setting can_have_choice_item to False
INFO     exeggutor used a status-move. Adding `assaultvest` to impossible items
INFO     Setting exeggutor's last used move: substitute
INFO     Starting the volatile status substitute on exeggutor
INFO     exeggutor started a substitute - setting substitute_hit to False
INFO     Setting exeggutor's item to sitrusberry
INFO     volcanion has less than maxhp during upkeep, no longer guessing leftovers or blacksludge
INFO     Removing exeggutor's item: sitrusberry
INFO     
INFO     Turn: 23
INFO     Sampling battle 0
INFO     	      volcanion  waterabsorb  assaultvest [flamecharge, flamethrower, sludgebomb, steameruption] ttype=water
INFO     	        breloom   technician      lifeorb [bulletseed, machpunch, rocktomb, swordsdance] ttype=fighting
INFO     	       lumineon   stormdrain      lifeorb [alluringvoice, encore, hydropump, icebeam] ttype=fairy
INFO     Sampling battle 1
INFO     	      volcanion  waterabsorb  assaultvest [earthpower, flamecharge, flamethrower, steameruption] ttype=fire
INFO     	        breloom   technician      lifeorb [bulletseed, machpunch, rocktomb, spore] ttype=rock
INFO     	       lumineon   stormdrain      lifeorb [alluringvoice, encore, hydropump, icebeam] ttype=water
INFO     Sampling battle 2
INFO     	      volcanion  waterabsorb heavydutyboots [flamethrower, haze, sludgebomb, steameruption] ttype=water
INFO     	        breloom   technician      lifeorb [bulletseed, machpunch, rocktomb, spore] ttype=rock
INFO     	       lumineon   stormdrain      lifeorb [alluringvoice, encore, hydropump, icebeam] ttype=water
INFO     Sampling battle 3
INFO     	      volcanion  waterabsorb  choicescarf [earthpower, flamethrower, sludgebomb, steameruption] ttype=fire
INFO     	        breloom   technician      lifeorb [bulletseed, machpunch, rocktomb, spore] ttype=rock
INFO     	       lumineon   stormdrain      lifeorb [alluringvoice, encore, hydropump, icebeam] ttype=water
INFO     Searching for a move using MCTS...
INFO     Sampling 4 battles at 500ms each
INFO     Policy 0: substitute visited 43.34% avg_score=0.011 sample_chance_multiplier=0.25
INFO     Policy 1: substitute visited 50.25% avg_score=0.01 sample_chance_multiplier=0.25
INFO     Policy 2: substitute visited 54.66% avg_score=0.011 sample_chance_multiplier=0.25
INFO     Policy 3: substitute visited 51.9% avg_score=0.007 sample_chance_multiplier=0.25
INFO     Considered Choices:
INFO     	50.038%: substitute
INFO     Choice: substitute
INFO     Updated volcanion's min speed to 149
INFO     volcanion already has the move flamethrower. Decrementing the PP by 1
INFO     volcanion used a fire move, removing firegem from possible items
INFO     Setting volcanion's last used move: flamethrower
INFO     volcanion used a damaging move - not guessing lifeorb anymore
INFO     Substitute ended for exeggutor
INFO     Removing the volatile status substitute from exeggutor
INFO     exeggutor already has the move substitute. Decrementing the PP by 1
INFO     exeggutor using substitute makes it unlikely to have a choice item. Setting can_have_choice_item to False
INFO     exeggutor used a status-move. Adding `assaultvest` to impossible items
INFO     Setting exeggutor's last used move: substitute
INFO     Starting the volatile status substitute on exeggutor
INFO     exeggutor started a substitute - setting substitute_hit to False
INFO     volcanion has less than maxhp during upkeep, no longer guessing leftovers or blacksludge
INFO     
INFO     Turn: 24
INFO     Sampling battle 0
INFO     	      volcanion  waterabsorb  assaultvest [flamecharge, flamethrower, sludgebomb, steameruption] ttype=water
INFO     	        breloom   technician      lifeorb [bulletseed, machpunch, rocktomb, spore] ttype=rock
INFO     	       lumineon   stormdrain      lifeorb [alluringvoice, encore, hydropump, icebeam] ttype=water
INFO     Sampling battle 1
INFO     	      volcanion  waterabsorb  assaultvest [earthpower, flamecharge, flamethrower, steameruption] ttype=fire
INFO     	        breloom   technician      lifeorb [bulletseed, machpunch, rocktomb, spore] ttype=fighting
INFO     	       lumineon   stormdrain      lifeorb [alluringvoice, encore, hydropump, icebeam] ttype=fairy
INFO     Sampling battle 2
INFO     	      volcanion  waterabsorb  assaultvest [flamecharge, flamethrower, sludgebomb, steameruption] ttype=water
INFO     	        breloom   technician      lifeorb [bulletseed, machpunch, rocktomb, spore] ttype=fighting
INFO     	       lumineon   stormdrain      lifeorb [alluringvoice, encore, hydropump, icebeam] ttype=fairy
INFO     Sampling battle 3
INFO     	      volcanion  waterabsorb heavydutyboots [earthpower, flamethrower, haze, steameruption] ttype=fire
INFO     	        breloom   technician      lifeorb [bulletseed, machpunch, rocktomb, spore] ttype=fighting
INFO     	       lumineon   stormdrain      lifeorb [alluringvoice, encore, hydropump, icebeam] ttype=water
INFO     Searching for a move using MCTS...
INFO     Sampling 4 battles at 500ms each
INFO     Policy 0: substitute visited 44.57% avg_score=0.009 sample_chance_multiplier=0.25
INFO     Policy 1: substitute visited 37.62% avg_score=0.009 sample_chance_multiplier=0.25
INFO     Policy 2: substitute visited 47.2% avg_score=0.01 sample_chance_multiplier=0.25
INFO     Policy 3: substitute visited 41.38% avg_score=0.009 sample_chance_multiplier=0.25
INFO     Considered Choices:
INFO     	42.694%: substitute
INFO     Choice: substitute
INFO     Updated volcanion's min speed to 149
INFO     volcanion already has the move flamethrower. Decrementing the PP by 1
INFO     volcanion used a fire move, removing firegem from possible items
INFO     Setting volcanion's last used move: flamethrower
INFO     volcanion used a damaging move - not guessing lifeorb anymore
INFO     Substitute ended for exeggutor
INFO     Removing the volatile status substitute from exeggutor
INFO     exeggutor already has the move substitute. Decrementing the PP by 1
INFO     exeggutor using substitute makes it unlikely to have a choice item. Setting can_have_choice_item to False
INFO     exeggutor used a status-move. Adding `assaultvest` to impossible items
INFO     Setting exeggutor's last used move: substitute
INFO     Starting the volatile status substitute on exeggutor
INFO     exeggutor started a substitute - setting substitute_hit to False
INFO     volcanion has less than maxhp during upkeep, no longer guessing leftovers or blacksludge
INFO     
INFO     Turn: 25
INFO     Sampling battle 0
INFO     	      volcanion  waterabsorb  assaultvest [earthpower, flamecharge, flamethrower, steameruption] ttype=fire
INFO     	        breloom   technician      lifeorb [bulletseed, machpunch, rocktomb, swordsdance] ttype=rock
INFO     	       lumineon   stormdrain      lifeorb [alluringvoice, encore, hydropump, icebeam] ttype=water
INFO     Sampling battle 1
INFO     	      volcanion  waterabsorb heavydutyboots [earthpower, flamethrower, haze, steameruption] ttype=fire
INFO     	        breloom   technician      lifeorb [bulletseed, machpunch, rocktomb, spore] ttype=rock
INFO     	       lumineon   stormdrain      lifeorb [alluringvoice, encore, hydropump, icebeam] ttype=water
INFO     Sampling battle 2
INFO     	      volcanion  waterabsorb heavydutyboots [flamethrower, haze, sludgebomb, steameruption] ttype=fire
INFO     	        breloom   technician      lifeorb [bulletseed, machpunch, rocktomb, spore] ttype=rock
INFO     	       lumineon   stormdrain      lifeorb [alluringvoice, encore, hydropump, icebeam] ttype=water
INFO     Sampling battle 3
INFO     	      volcanion  waterabsorb heavydutyboots [flamethrower, haze, sludgebomb, steameruption] ttype=fire
INFO     	        breloom   technician      lifeorb [bulletseed, machpunch, rocktomb, swordsdance] ttype=fighting
INFO     	       lumineon   stormdrain      lifeorb [alluringvoice, encore, hydropump, icebeam] ttype=fairy
INFO     Searching for a move using MCTS...
INFO     Sampling 4 battles at 500ms each
INFO     Policy 0: sludgebomb visited 27.86% avg_score=0.005 sample_chance_multiplier=0.25
INFO     Policy 1: sludgebomb visited 30.29% avg_score=0.006 sample_chance_multiplier=0.25
INFO     Policy 2: sludgebomb visited 32.76% avg_score=0.008 sample_chance_multiplier=0.25
INFO     Policy 3: sludgebomb visited 32.32% avg_score=0.008 sample_chance_multiplier=0.25
INFO     Considered Choices:
INFO     	30.809%: sludgebomb
INFO     	26.548%: psychic
INFO     Choice: psychic
INFO     Updated volcanion's min speed to 149
INFO     volcanion already has the move flamethrower. Decrementing the PP by 1
INFO     volcanion used a fire move, removing firegem from possible items
INFO     Setting volcanion's last used move: flamethrower
INFO     volcanion used a damaging move - not guessing lifeorb anymore
INFO     Substitute ended for exeggutor
INFO     Removing the volatile status substitute from exeggutor
INFO     exeggutor already has the move psychic. Decrementing the PP by 1
INFO     exeggutor used a psychic move, removing psychicgem from possible items
INFO     Setting exeggutor's last used move: psychic
INFO     exeggutor used a damaging move - not guessing lifeorb anymore
INFO     exeggutor did 45.0% damage to volcanion with psychic
INFO     Setting exeggutor's item to sitrusberry
INFO     volcanion has less than maxhp during upkeep, no longer guessing leftovers or blacksludge
INFO     Removing exeggutor's item: sitrusberry
INFO     Opponent has switched - clearing the last used move
INFO     
INFO     Turn: 26
INFO     Sampling battle 0
INFO     	       lumineon   stormdrain      lifeorb [alluringvoice, encore, hydropump, icebeam] ttype=water
INFO     	        breloom   technician      lifeorb [bulletseed, machpunch, rocktomb, spore] ttype=rock
INFO     Sampling battle 1
INFO     	       lumineon   stormdrain      lifeorb [alluringvoice, encore, hydropump, icebeam] ttype=fairy
INFO     	        breloom   technician      lifeorb [bulletseed, machpunch, rocktomb, swordsdance] ttype=rock
INFO     Sampling battle 2
INFO     	       lumineon   stormdrain      lifeorb [alluringvoice, encore, hydropump, icebeam] ttype=water
INFO     	        breloom   technician      lifeorb [bulletseed, machpunch, rocktomb, spore] ttype=rock
INFO     Sampling battle 3
INFO     	       lumineon   stormdrain      lifeorb [alluringvoice, encore, hydropump, icebeam] ttype=fairy
INFO     	        breloom   technician      lifeorb [bulletseed, machpunch, rocktomb, spore] ttype=rock
INFO     Searching for a move using MCTS...
INFO     Sampling 4 battles at 500ms each
INFO     Policy 0: leechseed visited 27.01% avg_score=0.001 sample_chance_multiplier=0.25
INFO     Policy 1: sludgebomb visited 26.22% avg_score=0.001 sample_chance_multiplier=0.25
INFO     Policy 2: psychic visited 27.59% avg_score=0.002 sample_chance_multiplier=0.25
INFO     Policy 3: sludgebomb visited 25.94% avg_score=0.001 sample_chance_multiplier=0.25
INFO     Considered Choices:
INFO     	25.523%: psychic
INFO     	25.056%: sludgebomb
INFO     	24.724%: substitute
INFO     	24.697%: leechseed
INFO     Choice: substitute
INFO     Winner: Neural5
INFO     Lost with team: None
INFO     W: 2	L: 2
INFO     Searching for ranked gen9randombattle match
INFO     Initialized battle-gen9randombattle-63 against: Neural5
INFO     Opponent has switched - clearing the last used move
INFO     samurotthisui switched in, adding intimidate to impossible abilities
INFO     samurotthisui switched in, adding pressure to impossible abilities
INFO     samurotthisui switched in, adding neutralizinggas to impossible abilities
INFO     samurotthisui switched in, adding sandstream to impossible abilities
INFO     samurotthisui switched in, adding drought to impossible abilities
INFO     samurotthisui switched in, adding drizzle to impossible abilities
INFO     samurotthisui switched in, adding snowwarning to impossible abilities
INFO     samurotthisui switched in, adding boosterenergy to impossible items
INFO     samurotthisui switched in, adding airballoon to impossible items
INFO     
INFO     Turn: 1
INFO     Sampling battle 0
INFO     	  samurotthisui    sharpness   choiceband [ceaselessedge, flipturn, razorshell, sacredsword] ttype=dark
INFO     Sampling 5 unrevealed pokemon
INFO     	      decidueye     overgrow heavydutyboots [defog, leafstorm, roost, spiritshackle] ttype=ghost
INFO     	      gardevoir        trace  choicescarf [focusblast, healingwish, moonblast, psyshock] ttype=fairy
INFO     	       overqwil   intimidate   choiceband [aquajet, crunch, gunkshot, liquidation] ttype=water
INFO     	 sandslashalola    slushrush  choicescarf [earthquake, ironhead, knockoff, tripleaxel] ttype=flying
INFO     	       sneasler  poisontouch   choiceband [closecombat, direclaw, throatchop, uturn] ttype=dark
INFO     Sampling battle 1
INFO     	  samurotthisui    sharpness   choiceband [ceaselessedge, flipturn, razorshell, suckerpunch] ttype=dark
INFO     Sampling 5 unrevealed pokemon
INFO     	       giratina     pressure    leftovers [dragontail, rest, shadowball, sleeptalk] ttype=fairy
INFO     	      passimian      defiant   choiceband [closecombat, gunkshot, knockoff, rockslide] ttype=fighting
INFO     	       maushold   technician     widelens [bite, encore, populationbomb, tidyup] ttype=ghost
INFO     	       oricorio       dancer heavydutyboots [hurricane, quiverdance, revelationdance, roost] ttype=ground
INFO     	      glastrier chillingneigh   choiceband [closecombat, heavyslam, highhorsepower, iciclecrash] ttype=fighting
INFO     Sampling battle 2
INFO     	  samurotthisui    sharpness   choiceband [ceaselessedge, flipturn, razorshell, suckerpunch] ttype=water
INFO     Sampling 5 unrevealed pokemon
INFO     	        ogerpon      defiant    leftovers [ivycudgel, knockoff, spikes, synthesis] ttype=grass
INFO     	       tornadus      defiant  choicespecs [bleakwindstorm, grassknot, heatwave, uturn] ttype=fire
INFO     	        slaking       truant   choiceband [doubleedge, earthquake, gigaimpact, knockoff] ttype=normal
INFO     	       porygon2     download     eviolite [discharge, icebeam, recover, triattack] ttype=ghost
INFO     	         scizor   technician      lifeorb [bugbite, bulletpunch, knockoff, swordsdance] ttype=steel
INFO     Sampling battle 3
INFO     	  samurotthisui    sharpness      lifeorb [ceaselessedge, razorshell, suckerpunch, swordsdance] ttype=dark
INFO     Sampling 5 unrevealed pokemon
INFO     	zamazentacrowned dauntlessshield rustedshield [bodypress, heavyslam, irondefense, stoneedge] ttype=ghost
INFO     	  deoxysdefense     pressure    leftovers [psychicnoise, recover, stealthrock, teleport] ttype=steel
INFO     	     annihilape      defiant  chestoberry [bulkup, drainpunch, ragefist, rest] ttype=fairy
INFO     	        wyrdeer   intimidate    leftovers [bodyslam, earthquake, psychicnoise, thunderwave] ttype=ground
INFO     	       orthworm   eartheater    leftovers [bodypress, heavyslam, shedtail, spikes] ttype=ghost
INFO     Sampling battle 4
INFO     	  samurotthisui    sharpness      lifeorb [ceaselessedge, razorshell, suckerpunch, swordsdance] ttype=poison
INFO     Sampling 5 unrevealed pokemon
INFO     	  zaciancrowned intrepidsword  rustedsword [behemothblade, closecombat, playrough, swordsdance] ttype=fighting
INFO     	     typhlosion        blaze  choicespecs [eruption, fireblast, focusblast, scorchingsands] ttype=fire
INFO     	        slowbro  regenerator  rockyhelmet [calmmind, psychicnoise, scald, slackoff] ttype=fairy
INFO     	       vikavolt     levitate  choicespecs [bugbuzz, discharge, energyball, voltswitch] ttype=electric
INFO     	        dipplin   stickyhold     eviolite [dragonpulse, gigadrain, recover, suckerpunch] ttype=steel
INFO     Sampling battle 5
INFO     	  samurotthisui    sharpness   choiceband [ceaselessedge, razorshell, sacredsword, suckerpunch] ttype=poison
INFO     Sampling 5 unrevealed pokemon
INFO     	         zapdos       static heavydutyboots [hurricane, roost, thunderbolt, uturn] ttype=electric
INFO     	      blastoise      torrent    whiteherb [earthquake, hydropump, icebeam, shellsmash] ttype=water
INFO     	  articunogalar  competitive heavydutyboots [calmmind, freezingglare, hurricane, recover] ttype=steel
INFO     	     toxtricity     punkrock  throatspray [boomburst, gunkshot, overdrive, shiftgear] ttype=normal
INFO     	      cryogonal     levitate heavydutyboots [flashcannon, freezedry, haze, recover] ttype=steel
INFO     Sampling battle 6
INFO     	  samurotthisui    sharpness      lifeorb [ceaselessedge, razorshell, suckerpunch, swordsdance] ttype=water
INFO     Sampling 5 unrevealed pokemon
INFO     	      mandibuzz     overcoat heavydutyboots [bravebird, defog, knockoff, roost] ttype=steel
INFO     	        palafin   zerotohero    leftovers [bulkup, icepunch, jetpunch, wavecrash] ttype=dragon
INFO     	        volbeat    prankster heavydutyboots [encore, roost, thunderwave, uturn] ttype=water
INFO     	      arceusbug    multitype  insectplate [calmmind, fireblast, judgment, recover] ttype=fire
INFO     	      gardevoir        trace      lifeorb [calmmind, moonblast, mysticalfire, psychic] ttype=fairy
INFO     Sampling battle 7
INFO     	  samurotthisui    sharpness      lifeorb [ceaselessedge, razorshell, suckerpunch, swordsdance] ttype=water
INFO     Sampling 5 unrevealed pokemon
INFO     	      quaquaval        moxie      lifeorb [aquastep, closecombat, encore, swordsdance] ttype=water
INFO     	       lurantis     contrary  assaultvest [knockoff, leafstorm, leechlife, superpower] ttype=steel
INFO     	      excadrill  moldbreaker    leftovers [earthquake, ironhead, rapidspin, swordsdance] ttype=grass
INFO     	        beartic    slushrush heavydutyboots [aquajet, earthquake, iciclecrash, swordsdance] ttype=ground
INFO     	       sneasler     unburden    whiteherb [acrobatics, closecombat, direclaw, swordsdance] ttype=flying
INFO     Searching for a move using MCTS...
INFO     Sampling 8 battles at 250ms each
INFO     Policy 0: switch inteleon visited 30.79% avg_score=0.441 sample_chance_multiplier=0.125
INFO     Policy 1: psychocut visited 30.64% avg_score=0.438 sample_chance_multiplier=0.125
INFO     Policy 2: sacredsword visited 65.35% avg_score=0.457 sample_chance_multiplier=0.125
INFO     Policy 3: sacredsword visited 46.5% avg_score=0.554 sample_chance_multiplier=0.125
INFO     Policy 4: leafblade visited 55.92% avg_score=0.53 sample_chance_multiplier=0.125
INFO     Policy 5: sacredsword visited 50.67% avg_score=0.435 sample_chance_multiplier=0.125
INFO     Policy 6: leafblade visited 38.38% avg_score=0.528 sample_chance_multiplier=0.125
INFO     Policy 7: sacredsword visited 45.33% avg_score=0.566 sample_chance_multiplier=0.125
INFO     Considered Choices:
INFO     	40.202%: sacredsword
INFO     	31.591%: leafblade
INFO     Choice: leafblade
INFO     Updated samurotthisui's min speed to 174
INFO     samurotthisui used a water move, removing watergem from possible items
INFO     Setting samurotthisui's last used move: flipturn
INFO     samurotthisui used a damaging move - not guessing lifeorb anymore
INFO     samurotthisui did 45.0% damage to gallade with flipturn
INFO     Opponent has switched - clearing the last used move
INFO     jirachi switched in, adding intimidate to impossible abilities
INFO     jirachi switched in, adding pressure to impossible abilities
INFO     jirachi switched in, adding neutralizinggas to impossible abilities
INFO     jirachi switched in, adding sandstream to impossible abilities
INFO     jirachi switched in, adding drought to impossible abilities
INFO     jirachi switched in, adding drizzle to impossible abilities
INFO     jirachi switched in, adding snowwarning to impossible abilities
INFO     jirachi switched in, adding boosterenergy to impossible items
INFO     jirachi switched in, adding airballoon to impossible items
INFO     gallade already has the move leafblade. Decrementing the PP by 1
INFO     gallade used a grass move, removing grassgem from possible items
INFO     Setting gallade's last used move: leafblade
INFO     gallade used a damaging move - not guessing lifeorb anymore
INFO     gallade did 24.0% damage to jirachi with leafblade
INFO     Setting jirachi's item to: leftovers
INFO     jirachi has less than maxhp during upkeep, no longer guessing leftovers or blacksludge
INFO     
INFO     Turn: 2
INFO     Sampling battle 0
INFO     	        jirachi  serenegrace    leftovers [ironhead, protect, uturn, wish] ttype=water
INFO     	  samurotthisui    sharpness   choiceband [ceaselessedge, flipturn, razorshell, suckerpunch] ttype=poison
INFO     Sampling 4 unrevealed pokemon
INFO     	   avalugghisui       sturdy heavydutyboots [avalanche, rapidspin, recover, stoneedge] ttype=flying
INFO     	       greninja      protean      lifeorb [darkpulse, grassknot, gunkshot, hydropump] ttype=dark
INFO     	      meowsticf  competitive      lifeorb [darkpulse, nastyplot, psyshock, thunderbolt] ttype=dark
INFO     	       vikavolt     levitate  choicespecs [bugbuzz, discharge, energyball, voltswitch] ttype=electric
INFO     Sampling battle 1
INFO     	        jirachi  serenegrace    leftovers [drainpunch, ironhead, stealthrock, uturn] ttype=fighting
INFO     	  samurotthisui    sharpness  choicescarf [ceaselessedge, flipturn, razorshell, sacredsword] ttype=dark
INFO     Sampling 4 unrevealed pokemon
INFO     	  arcaninehisui     rockhead   choiceband [closecombat, flareblitz, headsmash, wildcharge] ttype=fire
INFO     	       ribombee   shielddust    focussash [moonblast, stickyweb, stunspore, uturn] ttype=ghost
INFO     	       gyarados        moxie heavydutyboots [dragondance, earthquake, temperflare, waterfall] ttype=ground
INFO     	    slitherwing protosynthesis      lifeorb [closecombat, firstimpression, flareblitz, wildcharge] ttype=bug
INFO     Sampling battle 2
INFO     	        jirachi  serenegrace    leftovers [bodyslam, ironhead, protect, wish] ttype=water
INFO     	  samurotthisui    sharpness   choiceband [ceaselessedge, flipturn, razorshell, suckerpunch] ttype=water
INFO     Sampling 4 unrevealed pokemon
INFO     	        persian       limber   choiceband [doubleedge, knockoff, switcheroo, uturn] ttype=ghost
INFO     	        weavile   pickpocket   choiceband [iceshard, knockoff, lowkick, tripleaxel] ttype=ice
INFO     	       arcanine   intimidate heavydutyboots [closecombat, flareblitz, morningsun, roar] ttype=fighting
INFO     	        banette     insomnia      lifeorb [gunkshot, poltergeist, shadowsneak, swordsdance] ttype=poison
INFO     Sampling battle 3
INFO     	        jirachi  serenegrace    leftovers [bodyslam, ironhead, protect, wish] ttype=water
INFO     	  samurotthisui    sharpness   choiceband [ceaselessedge, flipturn, razorshell, suckerpunch] ttype=poison
INFO     Sampling 4 unrevealed pokemon
INFO     	       rayquaza      airlock   loadeddice [dragonascent, earthquake, scaleshot, swordsdance] ttype=steel
INFO     	         kyurem     pressure heavydutyboots [earthpower, freezedry, icebeam, outrage] ttype=ground
INFO     	         kyogre      drizzle    leftovers [calmmind, icebeam, originpulse, thunder] ttype=electric
INFO     	        glaceon      icebody heavydutyboots [calmmind, freezedry, protect, wish] ttype=water
INFO     Sampling battle 4
INFO     	        jirachi  serenegrace    leftovers [bodyslam, ironhead, protect, wish] ttype=water
INFO     	  samurotthisui    sharpness   choiceband [ceaselessedge, flipturn, razorshell, suckerpunch] ttype=water
INFO     Sampling 4 unrevealed pokemon
INFO     	      trevenant  naturalcure      lifeorb [drainpunch, poltergeist, rest, woodhammer] ttype=fighting
INFO     	squawkabillyblue         guts     flameorb [bravebird, facade, protect, quickattack] ttype=normal
INFO     	        dewgong     thickfat heavydutyboots [encore, hydropump, icebeam, knockoff] ttype=dragon
INFO     	       blaziken   speedboost      lifeorb [closecombat, flareblitz, knockoff, swordsdance] ttype=fighting
INFO     Sampling battle 5
INFO     	        jirachi  serenegrace    leftovers [bodyslam, drainpunch, ironhead, stealthrock] ttype=water
INFO     	  samurotthisui    sharpness   choiceband [ceaselessedge, flipturn, razorshell, sacredsword] ttype=water
INFO     Sampling 4 unrevealed pokemon
INFO     	        seviper  infiltrator  choicescarf [gigadrain, gunkshot, knockoff, switcheroo] ttype=dark
INFO     	        bisharp      defiant     eviolite [ironhead, stealthrock, suckerpunch, throatchop] ttype=ghost
INFO     	       slowking  regenerator    leftovers [psyshock, scald, slackoff, thunderwave] ttype=fairy
INFO     	         kommoo   soundproof  throatspray [clangingscales, clangoroussoul, closecombat, ironhead] ttype=steel
INFO     Sampling battle 6
INFO     	        jirachi  serenegrace    leftovers [bodyslam, ironhead, protect, wish] ttype=water
INFO     	  samurotthisui    sharpness   choiceband [ceaselessedge, flipturn, razorshell, suckerpunch] ttype=water
INFO     Sampling 4 unrevealed pokemon
INFO     	     arceusdark    multitype   dreadplate [calmmind, dazzlinggleam, judgment, recover] ttype=fairy
INFO     	     electivire   motordrive      lifeorb [earthquake, flamethrower, supercellslam, voltswitch] ttype=electric
INFO     	      farigiraf    sapsipper    leftovers [futuresight, hypervoice, protect, wish] ttype=water
INFO     	         arceus    multitype      lifeorb [earthquake, extremespeed, recover, swordsdance] ttype=normal
INFO     Sampling battle 7
INFO     	        jirachi  serenegrace    leftovers [bodyslam, ironhead, protect, wish] ttype=water
INFO     	  samurotthisui    sharpness  choicescarf [ceaselessedge, flipturn, razorshell, sacredsword] ttype=water
INFO     Sampling 4 unrevealed pokemon
INFO     	      rampardos   sheerforce      lifeorb [earthquake, firepunch, rockslide, zenheadbutt] ttype=fire
INFO     	        sableye    prankster    leftovers [encore, knockoff, recover, willowisp] ttype=poison
INFO     	       sceptile     overgrow      lifeorb [focusblast, gigadrain, rockslide, shedtail] ttype=steel
INFO     	        delphox        blaze  choicescarf [fireblast, focusblast, grassknot, psyshock] ttype=fighting
INFO     Searching for a move using MCTS...
INFO     Sampling 8 battles at 250ms each
INFO     Policy 0: switch charizard visited 60.86% avg_score=0.497 sample_chance_multiplier=0.125
INFO     Policy 1: switch charizard visited 78.91% avg_score=0.439 sample_chance_multiplier=0.125
INFO     Policy 2: switch charizard visited 75.33% avg_score=0.415 sample_chance_multiplier=0.125
INFO     Policy 3: switch charizard visited 58.17% avg_score=0.387 sample_chance_multiplier=0.125
INFO     Policy 4: switch charizard visited 56.17% avg_score=0.374 sample_chance_multiplier=0.125
INFO     Policy 5: switch charizard visited 41.21% avg_score=0.347 sample_chance_multiplier=0.125
INFO     Policy 6: switch charizard visited 73.17% avg_score=0.415 sample_chance_multiplier=0.125
INFO     Policy 7: switch charizard visited 68.68% avg_score=0.418 sample_chance_multiplier=0.125
INFO     Considered Choices:
INFO     	64.061%: switch charizard
INFO     Choice: switch charizard
INFO     charizard switched in, adding intimidate to impossible abilities
INFO     charizard switched in, adding pressure to impossible abilities
INFO     charizard switched in, adding neutralizinggas to impossible abilities
INFO     charizard switched in, adding sandstream to impossible abilities
INFO     charizard switched in, adding drought to impossible abilities
INFO     charizard switched in, adding drizzle to impossible abilities
INFO     charizard switched in, adding snowwarning to impossible abilities
INFO     charizard switched in, adding boosterenergy to impossible items
INFO     charizard switched in, adding airballoon to impossible items
INFO     jirachi used a bug move, removing buggem from possible items
INFO     Setting jirachi's last used move: uturn
INFO     jirachi used a damaging move - not guessing lifeorb anymore
INFO     jirachi did 4.43% damage to charizard with uturn
INFO     Opponent has switched - clearing the last used move
INFO     
INFO     Turn: 3
INFO     Sampling battle 0
INFO     	  samurotthisui    sharpness   choiceband [ceaselessedge, flipturn, razorshell, suckerpunch] ttype=dark
INFO     	        jirachi  serenegrace    leftovers [ironhead, protect, uturn, wish] ttype=water
INFO     Sampling 4 unrevealed pokemon
INFO     	        bruxish    strongjaw  choicescarf [crunch, flipturn, psychicfangs, wavecrash] ttype=dark
INFO     	          chiyu  beadsofruin  choicespecs [darkpulse, flamethrower, overheat, psychic] ttype=dark
INFO     	         emboar     reckless  assaultvest [closecombat, flareblitz, knockoff, wildcharge] ttype=electric
INFO     	      hitmonlee     reckless   choiceband [highjumpkick, knockoff, machpunch, poisonjab] ttype=fighting
INFO     Sampling battle 1
INFO     	  samurotthisui    sharpness   choiceband [ceaselessedge, flipturn, razorshell, suckerpunch] ttype=poison
INFO     	        jirachi  serenegrace    leftovers [drainpunch, ironhead, stealthrock, uturn] ttype=fighting
INFO     Sampling 4 unrevealed pokemon
INFO     	        yanmega   tintedlens  choicespecs [airslash, bugbuzz, gigadrain, uturn] ttype=bug
INFO     	       granbull   intimidate    leftovers [earthquake, playrough, roar, thunderwave] ttype=ground
INFO     	     gothitelle    shadowtag    leftovers [calmmind, darkpulse, focusblast, psychicnoise] ttype=steel
INFO     	     oinkologne     thickfat    leftovers [bodyslam, curse, highhorsepower, lashout] ttype=ground
INFO     Sampling battle 2
INFO     	  samurotthisui    sharpness   choiceband [ceaselessedge, flipturn, razorshell, suckerpunch] ttype=dark
INFO     	        jirachi  serenegrace    leftovers [ironhead, protect, uturn, wish] ttype=water
INFO     Sampling 4 unrevealed pokemon
INFO     	      rampardos   sheerforce      lifeorb [earthquake, firepunch, rockslide, zenheadbutt] ttype=fire
INFO     	urshifurapidstrike   unseenfist      lifeorb [aquajet, closecombat, surgingstrikes, swordsdance] ttype=water
INFO     	        haxorus  moldbreaker   loadeddice [closecombat, ironhead, scaleshot, swordsdance] ttype=steel
INFO     	         eiscue      iceface  sitrusberry [bellydrum, icespinner, ironhead, liquidation] ttype=water
INFO     Sampling battle 3
INFO     	  samurotthisui    sharpness   choiceband [ceaselessedge, flipturn, razorshell, suckerpunch] ttype=dark
INFO     	        jirachi  serenegrace    leftovers [ironhead, protect, uturn, wish] ttype=water
INFO     Sampling 4 unrevealed pokemon
INFO     	     grimmsnarl    prankster    lightclay [lightscreen, partingshot, reflect, spiritbreak] ttype=steel
INFO     	    basculegion adaptability  assaultvest [aquajet, flipturn, shadowball, wavecrash] ttype=water
INFO     	     skeledirge      unaware heavydutyboots [flamecharge, shadowball, slackoff, torchsong] ttype=fairy
INFO     	      volcarona        swarm heavydutyboots [bugbuzz, fierydance, quiverdance, terablast] ttype=ground
INFO     Searching for a move using MCTS...
INFO     Sampling 4 battles at 500ms each
INFO     Policy 0: willowisp visited 46.04% avg_score=0.504 sample_chance_multiplier=0.25
INFO     Policy 1: focusblast visited 82.57% avg_score=0.542 sample_chance_multiplier=0.25
INFO     Policy 2: willowisp visited 84.05% avg_score=0.532 sample_chance_multiplier=0.25
INFO     Policy 3: willowisp visited 59.93% avg_score=0.487 sample_chance_multiplier=0.25
INFO     Considered Choices:
INFO     	51.074%: willowisp
INFO     	41.406%: focusblast
INFO     Choice: focusblast
INFO     Updated samurotthisui's max speed to 219
INFO     charizard already has the move focusblast. Decrementing the PP by 1
INFO     charizard used a fighting move, removing fightinggem from possible items
INFO     Setting charizard's last used move: focusblast
INFO     charizard used a damaging move - not guessing lifeorb anymore
INFO     charizard did 95.0% damage to samurotthisui with focusblast
INFO     samurotthisui already has the move flipturn. Decrementing the PP by 1
INFO     samurotthisui used a water move, removing watergem from possible items
INFO     Setting samurotthisui's last used move: flipturn
INFO     samurotthisui used a damaging move - not guessing lifeorb anymore
INFO     samurotthisui did 68.63% damage to charizard with flipturn
INFO     Opponent has switched - clearing the last used move
INFO     oricorio switched in, adding intimidate to impossible abilities
INFO     oricorio switched in, adding pressure to impossible abilities
INFO     oricorio switched in, adding neutralizinggas to impossible abilities
INFO     oricorio switched in, adding sandstream to impossible abilities
INFO     oricorio switched in, adding drought to impossible abilities
INFO     oricorio switched in, adding drizzle to impossible abilities
INFO     oricorio switched in, adding snowwarning to impossible abilities
INFO     oricorio switched in, adding boosterenergy to impossible items
INFO     oricorio switched in, adding airballoon to impossible items
INFO     
INFO     Turn: 4
INFO     Sampling battle 0
INFO     	       oricorio       dancer heavydutyboots [hurricane, quiverdance, revelationdance, roost] ttype=ground
INFO     	        jirachi  serenegrace    leftovers [ironhead, protect, uturn, wish] ttype=water
INFO     	  samurotthisui    sharpness   choiceband [ceaselessedge, flipturn, razorshell, sacredsword] ttype=dark
INFO     Sampling 3 unrevealed pokemon
INFO     	        gallade    sharpness   choiceband [leafblade, nightslash, psychocut, sacredsword] ttype=grass
INFO     	        wochien tabletsofruin    leftovers [knockoff, leechseed, protect, ruination] ttype=poison
INFO     	          entei   innerfocus   choiceband [extremespeed, flareblitz, sacredfire, stompingtantrum] ttype=fire
INFO     Sampling battle 1
INFO     	       oricorio       dancer heavydutyboots [hurricane, quiverdance, revelationdance, roost] ttype=ground
INFO     	        jirachi  serenegrace    leftovers [ironhead, protect, uturn, wish] ttype=water
INFO     	  samurotthisui    sharpness   choiceband [ceaselessedge, flipturn, razorshell, suckerpunch] ttype=dark
INFO     Sampling 3 unrevealed pokemon
INFO     	       qwilfish   intimidate    leftovers [destinybond, gunkshot, thunderwave, waterfall] ttype=dark
INFO     	    brutebonnet protosynthesis    leftovers [closecombat, seedbomb, spore, suckerpunch] ttype=fighting
INFO     	         zekrom     teravolt    leftovers [boltstrike, dragondance, outrage, substitute] ttype=fairy
INFO     Sampling battle 2
INFO     	       oricorio       dancer heavydutyboots [hurricane, quiverdance, revelationdance, roost] ttype=ground
INFO     	        jirachi  serenegrace    leftovers [ironhead, protect, uturn, wish] ttype=water
INFO     	  samurotthisui    sharpness   choiceband [ceaselessedge, flipturn, razorshell, suckerpunch] ttype=dark
INFO     Sampling 3 unrevealed pokemon
INFO     	        suicune     pressure    leftovers [calmmind, icebeam, scald, substitute] ttype=dragon
INFO     	 lilliganthisui       hustle      lifeorb [closecombat, icespinner, leafblade, victorydance] ttype=steel
INFO     	       magcargo    flamebody heavydutyboots [lavaplume, recover, stealthrock, yawn] ttype=grass
INFO     Sampling battle 3
INFO     	       oricorio       dancer heavydutyboots [hurricane, quiverdance, revelationdance, roost] ttype=ground
INFO     	        jirachi  serenegrace    leftovers [drainpunch, ironhead, stealthrock, uturn] ttype=fighting
INFO     	  samurotthisui    sharpness   choiceband [ceaselessedge, flipturn, razorshell, sacredsword] ttype=water
INFO     Sampling 3 unrevealed pokemon
INFO     	       camerupt    solidrock    leftovers [earthquake, overheat, roar, willowisp] ttype=grass
INFO     	  qwilfishhisui   intimidate     eviolite [crunch, gunkshot, spikes, toxicspikes] ttype=flying
INFO     	      lilligant  chlorophyll      lifeorb [gigadrain, quiverdance, sleeppowder, terablast] ttype=rock
INFO     Sampling battle 4
INFO     	       oricorio       dancer heavydutyboots [hurricane, quiverdance, revelationdance, roost] ttype=ground
INFO     	        jirachi  serenegrace    leftovers [drainpunch, ironhead, stealthrock, uturn] ttype=fighting
INFO     	  samurotthisui    sharpness   choiceband [ceaselessedge, flipturn, razorshell, sacredsword] ttype=poison
INFO     Sampling 3 unrevealed pokemon
INFO     	     ironbundle   quarkdrive heavydutyboots [encore, freezedry, hydropump, icebeam] ttype=water
INFO     	      terapagos    terashift  chestoberry [calmmind, darkpulse, rest, terastarstorm] ttype=stellar
INFO     	   arceuspoison    multitype   toxicplate [earthquake, extremespeed, gunkshot, swordsdance] ttype=normal
INFO     Sampling battle 5
INFO     	       oricorio       dancer heavydutyboots [hurricane, quiverdance, revelationdance, roost] ttype=ground
INFO     	        jirachi  serenegrace    leftovers [drainpunch, ironhead, stealthrock, uturn] ttype=fighting
INFO     	  samurotthisui    sharpness   choiceband [ceaselessedge, flipturn, razorshell, suckerpunch] ttype=dark
INFO     Sampling 3 unrevealed pokemon
INFO     	      indeedeef psychicsurge  choicespecs [dazzlinggleam, hypervoice, psyshock, shadowball] ttype=fairy
INFO     	        flareon         guts     toxicorb [facade, flareblitz, trailblaze, willowisp] ttype=normal
INFO     	      lilligant  chlorophyll      lifeorb [gigadrain, quiverdance, sleeppowder, terablast] ttype=fire
INFO     Sampling battle 6
INFO     	       oricorio       dancer heavydutyboots [hurricane, quiverdance, revelationdance, roost] ttype=ground
INFO     	        jirachi  serenegrace    leftovers [ironhead, protect, uturn, wish] ttype=water
INFO     	  samurotthisui    sharpness  choicescarf [ceaselessedge, flipturn, razorshell, sacredsword] ttype=water
INFO     Sampling 3 unrevealed pokemon
INFO     	        breloom   technician      lifeorb [bulletseed, machpunch, spore, swordsdance] ttype=fighting
INFO     	 arceusfighting    multitype    fistplate [bodypress, cosmicpower, recover, storedpower] ttype=steel
INFO     	     chandelure    flamebody heavydutyboots [calmmind, energyball, fireblast, shadowball] ttype=ghost
INFO     Sampling battle 7
INFO     	       oricorio       dancer heavydutyboots [hurricane, quiverdance, revelationdance, roost] ttype=ground
INFO     	        jirachi  serenegrace    leftovers [bodyslam, ironhead, stealthrock, uturn] ttype=water
INFO     	  samurotthisui    sharpness   choiceband [ceaselessedge, flipturn, razorshell, sacredsword] ttype=dark
INFO     Sampling 3 unrevealed pokemon
INFO     	      trevenant  naturalcure      lifeorb [drainpunch, hornleech, poltergeist, willowisp] ttype=fighting
INFO     	       drifblim    aftermath heavydutyboots [airslash, defog, shadowball, strengthsap] ttype=ghost
INFO     	       smeargle   technician     widelens [populationbomb, powertrip, shellsmash, spore] ttype=ghost
INFO     Searching for a move using MCTS...
INFO     Sampling 8 battles at 250ms each
INFO     Policy 0: hurricane visited 83.51% avg_score=0.476 sample_chance_multiplier=0.125
INFO     Policy 1: hurricane visited 76.32% avg_score=0.481 sample_chance_multiplier=0.125
INFO     Policy 2: hurricane visited 82.29% avg_score=0.477 sample_chance_multiplier=0.125
INFO     Policy 3: hurricane visited 81.02% avg_score=0.476 sample_chance_multiplier=0.125
INFO     Policy 4: hurricane visited 78.63% avg_score=0.485 sample_chance_multiplier=0.125
INFO     Policy 5: hurricane visited 81.5% avg_score=0.471 sample_chance_multiplier=0.125
INFO     Policy 6: hurricane visited 80.11% avg_score=0.476 sample_chance_multiplier=0.125
INFO     Policy 7: hurricane visited 83.83% avg_score=0.479 sample_chance_multiplier=0.125
INFO     Considered Choices:
INFO     	80.901%: hurricane
INFO     Choice: hurricane
INFO     Updated oricorio's max speed to 219
INFO     charizard already has the move hurricane. Decrementing the PP by 1
INFO     charizard used a flying move, removing flyinggem from possible items
INFO     Setting charizard's last used move: hurricane
INFO     charizard used a damaging move - not guessing lifeorb anymore
INFO     charizard did 56.99999999999999% damage to oricorio with hurricane
INFO     oricorio using quiverdance makes it unlikely to have a choice item. Setting can_have_choice_item to False
INFO     oricorio used a status-move. Adding `assaultvest` to impossible items
INFO     Setting oricorio's last used move: quiverdance
INFO     oricorio's special-attack was boosted by 1 to 1
INFO     oricorio's special-defense was boosted by 1 to 1
INFO     oricorio's speed was boosted by 1 to 1
INFO     oricorio has less than maxhp during upkeep, no longer guessing leftovers or blacksludge
INFO     
INFO     Turn: 5
INFO     Sampling battle 0
INFO     	       oricorio       dancer heavydutyboots [hurricane, quiverdance, revelationdance, roost] ttype=ground
INFO     	        jirachi  serenegrace    leftovers [bodyslam, ironhead, stealthrock, uturn] ttype=water
INFO     	  samurotthisui    sharpness   choiceband [ceaselessedge, flipturn, razorshell, suckerpunch] ttype=dark
INFO     Sampling 3 unrevealed pokemon
INFO     	      bellibolt electromorphosis    leftovers [muddywater, slackoff, thunderbolt, toxic] ttype=electric
INFO     	     bombirdier     bigpecks heavydutyboots [bravebird, knockoff, roost, uturn] ttype=steel
INFO     	        ariados     insomnia heavydutyboots [megahorn, poisonjab, stickyweb, suckerpunch] ttype=ghost
INFO     Sampling battle 1
INFO     	       oricorio       dancer heavydutyboots [hurricane, quiverdance, revelationdance, roost] ttype=ground
INFO     	        jirachi  serenegrace    leftovers [ironhead, protect, uturn, wish] ttype=water
INFO     	  samurotthisui    sharpness  choicescarf [ceaselessedge, flipturn, razorshell, sacredsword] ttype=dark
INFO     Sampling 3 unrevealed pokemon
INFO     	       giratina     pressure    leftovers [calmmind, dragonpulse, rest, sleeptalk] ttype=fairy
INFO     	       arcanine   intimidate heavydutyboots [closecombat, extremespeed, flareblitz, morningsun] ttype=normal
INFO     	     eelektross     levitate  assaultvest [closecombat, discharge, flamethrower, uturn] ttype=poison
INFO     Sampling battle 2
INFO     	       oricorio       dancer heavydutyboots [hurricane, quiverdance, revelationdance, roost] ttype=ground
INFO     	        jirachi  serenegrace    leftovers [ironhead, protect, uturn, wish] ttype=water
INFO     	  samurotthisui    sharpness   choiceband [ceaselessedge, flipturn, razorshell, sacredsword] ttype=dark
INFO     Sampling 3 unrevealed pokemon
INFO     	     skeledirge      unaware heavydutyboots [hex, slackoff, torchsong, willowisp] ttype=water
INFO     	         gogoat    sapsipper    leftovers [bulkup, earthquake, hornleech, milkdrink] ttype=water
INFO     	taurospaldeaaqua   intimidate      lifeorb [aquajet, bulkup, closecombat, liquidation] ttype=water
INFO     Sampling battle 3
INFO     	       oricorio       dancer heavydutyboots [hurricane, quiverdance, revelationdance, roost] ttype=ground
INFO     	        jirachi  serenegrace    leftovers [drainpunch, ironhead, stealthrock, uturn] ttype=fighting
INFO     	  samurotthisui    sharpness   choiceband [ceaselessedge, flipturn, razorshell, suckerpunch] ttype=poison
INFO     Sampling 3 unrevealed pokemon
INFO     	        noctowl   tintedlens heavydutyboots [calmmind, hurricane, hypervoice, roost] ttype=ground
INFO     	ogerponhearthflame  moldbreaker hearthflamemask [hornleech, ivycudgel, swordsdance, trailblaze] ttype=fire
INFO     	    stonjourner    powerspot      lifeorb [earthquake, heatcrash, stealthrock, stoneedge] ttype=fire
INFO     Searching for a move using MCTS...
INFO     Sampling 4 battles at 500ms each
INFO     Policy 0: hurricane visited 51.5% avg_score=0.447 sample_chance_multiplier=0.25
INFO     Policy 1: hurricane visited 76.83% avg_score=0.47 sample_chance_multiplier=0.25
INFO     Policy 2: hurricane visited 79.49% avg_score=0.47 sample_chance_multiplier=0.25
INFO     Policy 3: hurricane visited 78.82% avg_score=0.473 sample_chance_multiplier=0.25
INFO     Considered Choices:
INFO     	71.66%: hurricane
INFO     Choice: hurricane
INFO     Updated oricorio's min speed to 146
INFO     oricorio already has the move quiverdance. Decrementing the PP by 1
INFO     oricorio using quiverdance makes it unlikely to have a choice item. Setting can_have_choice_item to False
INFO     oricorio used a status-move. Adding `assaultvest` to impossible items
INFO     Setting oricorio's last used move: quiverdance
INFO     oricorio's special-attack was boosted by 1 to 2
INFO     oricorio's special-defense was boosted by 1 to 2
INFO     oricorio's speed was boosted by 1 to 2
INFO     charizard already has the move hurricane. Decrementing the PP by 1
INFO     charizard used a flying move, removing flyinggem from possible items
INFO     Setting charizard's last used move: hurricane
INFO     charizard used a damaging move - not guessing lifeorb anymore
INFO     charizard did 27.0% damage to oricorio with hurricane
WARNING  Would remove all possibilities, not removing any
WARNING  actual_damage_dealt=71.01
INFO     oricorio has less than maxhp during upkeep, no longer guessing leftovers or blacksludge
INFO     
INFO     Turn: 6
INFO     Sampling battle 0
INFO     	       oricorio       dancer heavydutyboots [hurricane, quiverdance, revelationdance, roost] ttype=ground
INFO     	        jirachi  serenegrace    leftovers [ironhead, protect, uturn, wish] ttype=water
INFO     	  samurotthisui    sharpness   choiceband [ceaselessedge, flipturn, razorshell, suckerpunch] ttype=poison
INFO     Sampling 3 unrevealed pokemon
INFO     	        kleavor    sharpness  choicescarf [closecombat, stoneaxe, uturn, xscissor] ttype=bug
INFO     	       mudsdale      stamina    leftovers [earthquake, heavyslam, roar, stoneedge] ttype=steel
INFO     	   basculegionf adaptability  choicespecs [flipturn, hydropump, icebeam, shadowball] ttype=water
INFO     Sampling battle 1
INFO     	       oricorio       dancer heavydutyboots [hurricane, quiverdance, revelationdance, roost] ttype=ground
INFO     	        jirachi  serenegrace    leftovers [ironhead, protect, uturn, wish] ttype=water
INFO     	  samurotthisui    sharpness   choiceband [ceaselessedge, flipturn, razorshell, suckerpunch] ttype=water
INFO     Sampling 3 unrevealed pokemon
INFO     	        golduck    swiftswim  choicespecs [flipturn, grassknot, hydropump, icebeam] ttype=grass
INFO     	      decidueye     overgrow  assaultvest [knockoff, leafstorm, spiritshackle, uturn] ttype=ghost
INFO     	    arceusghost    multitype  spookyplate [calmmind, focusblast, judgment, recover] ttype=normal
INFO     Sampling battle 2
INFO     	       oricorio       dancer heavydutyboots [hurricane, quiverdance, revelationdance, roost] ttype=ground
INFO     	        jirachi  serenegrace    leftovers [ironhead, protect, uturn, wish] ttype=water
INFO     	  samurotthisui    sharpness   choiceband [ceaselessedge, flipturn, razorshell, suckerpunch] ttype=dark
INFO     Sampling 3 unrevealed pokemon
INFO     	      heracross        moxie  choicescarf [closecombat, earthquake, knockoff, megahorn] ttype=bug
INFO     	       tsareena queenlymajesty   choiceband [highjumpkick, knockoff, powerwhip, uturn] ttype=fighting
INFO     	       houndoom    flashfire heavydutyboots [darkpulse, fireblast, nastyplot, suckerpunch] ttype=fire
INFO     Sampling battle 3
INFO     	       oricorio       dancer heavydutyboots [hurricane, quiverdance, revelationdance, roost] ttype=ground
INFO     	        jirachi  serenegrace    leftovers [drainpunch, ironhead, stealthrock, uturn] ttype=fighting
INFO     	  samurotthisui    sharpness  choicescarf [ceaselessedge, flipturn, razorshell, sacredsword] ttype=poison
INFO     Sampling 3 unrevealed pokemon
INFO     	     arceusrock    multitype   stoneplate [calmmind, earthpower, judgment, recover] ttype=dragon
INFO     	      regieleki   transistor       magnet [rapidspin, terablast, thunderbolt, voltswitch] ttype=ice
INFO     	 electrodehisui       static      lifeorb [leafstorm, taunt, thunderbolt, thunderwave] ttype=grass
INFO     Searching for a move using MCTS...
INFO     Sampling 4 battles at 500ms each
INFO     Policy 0: hurricane visited 64.32% avg_score=0.482 sample_chance_multiplier=0.25
INFO     Policy 1: hurricane visited 62.79% avg_score=0.485 sample_chance_multiplier=0.25
INFO     Policy 2: hurricane visited 64.38% avg_score=0.487 sample_chance_multiplier=0.25
INFO     Policy 3: hurricane visited 66.38% avg_score=0.487 sample_chance_multiplier=0.25
INFO     Considered Choices:
INFO     	64.467%: hurricane
INFO     Choice: hurricane
INFO     Updated oricorio's min speed to 146
INFO     oricorio used two different moves - it cannot have a choice item
INFO     oricorio using roost makes it unlikely to have a choice item. Setting can_have_choice_item to False
INFO     oricorio used a status-move. Adding `assaultvest` to impossible items
INFO     Setting oricorio's last used move: roost
INFO     oricorio has acquired the 'roost' volatilestatus
INFO     charizard already has the move hurricane. Decrementing the PP by 1
INFO     charizard used a flying move, removing flyinggem from possible items
INFO     Setting charizard's last used move: hurricane
INFO     charizard used a damaging move - not guessing lifeorb anymore
INFO     charizard did 27.0% damage to oricorio with hurricane
WARNING  Would remove all possibilities, not removing any
WARNING  actual_damage_dealt=71.01
INFO     Removing 'roost' from oricorio's volatiles
INFO     oricorio has less than maxhp during upkeep, no longer guessing leftovers or blacksludge
INFO     
INFO     Turn: 7
INFO     Sampling battle 0
INFO     	       oricorio       dancer heavydutyboots [hurricane, quiverdance, revelationdance, roost] ttype=ground
INFO     	        jirachi  serenegrace    leftovers [drainpunch, ironhead, stealthrock, uturn] ttype=fighting
INFO     	  samurotthisui    sharpness   choiceband [ceaselessedge, flipturn, razorshell, suckerpunch] ttype=water
INFO     Sampling 3 unrevealed pokemon
INFO     	     feraligatr   sheerforce      lifeorb [dragondance, icepunch, liquidation, trailblaze] ttype=grass
INFO     	 sandslashalola    slushrush  assaultvest [ironhead, knockoff, rapidspin, tripleaxel] ttype=water
INFO     	 decidueyehisui      scrappy    leftovers [leafblade, roost, triplearrows, uturn] ttype=water
INFO     Sampling battle 1
INFO     	       oricorio       dancer heavydutyboots [hurricane, quiverdance, revelationdance, roost] ttype=ground
INFO     	        jirachi  serenegrace    leftovers [drainpunch, ironhead, stealthrock, uturn] ttype=fighting
INFO     	  samurotthisui    sharpness  choicescarf [ceaselessedge, flipturn, razorshell, sacredsword] ttype=poison
INFO     Sampling 3 unrevealed pokemon
INFO     	         raikou     pressure    leftovers [calmmind, scald, substitute, thunderbolt] ttype=grass
INFO     	         regice    clearbody heavydutyboots [icebeam, rest, sleeptalk, thunderbolt] ttype=electric
INFO     	        falinks      defiant      lifeorb [closecombat, ironhead, knockoff, noretreat] ttype=dark
INFO     Sampling battle 2
INFO     	       oricorio       dancer heavydutyboots [hurricane, quiverdance, revelationdance, roost] ttype=ground
INFO     	        jirachi  serenegrace    leftovers [drainpunch, ironhead, stealthrock, uturn] ttype=fighting
INFO     	  samurotthisui    sharpness   choiceband [ceaselessedge, flipturn, razorshell, suckerpunch] ttype=poison
INFO     Sampling 3 unrevealed pokemon
INFO     	       espathra   speedboost    leftovers [calmmind, dazzlinggleam, protect, storedpower] ttype=fairy
INFO     	       pelipper      drizzle heavydutyboots [hurricane, hydropump, roost, uturn] ttype=ground
INFO     	        breloom   technician      lifeorb [bulletseed, machpunch, rocktomb, swordsdance] ttype=rock
INFO     Sampling battle 3
INFO     	       oricorio       dancer heavydutyboots [hurricane, quiverdance, revelationdance, roost] ttype=ground
INFO     	        jirachi  serenegrace    leftovers [drainpunch, ironhead, stealthrock, uturn] ttype=water
INFO     	  samurotthisui    sharpness   choiceband [ceaselessedge, flipturn, razorshell, suckerpunch] ttype=water
INFO     Sampling 3 unrevealed pokemon
INFO     	      tyranitar   sandstream    leftovers [knockoff, stealthrock, stoneedge, thunderwave] ttype=rock
INFO     	       reshiram   turboblaze heavydutyboots [blueflare, dracometeor, dragontail, earthpower] ttype=fire
INFO     	    dudunsparce      rattled    leftovers [boomburst, calmmind, earthpower, roost] ttype=fairy
INFO     Searching for a move using MCTS...
INFO     Sampling 4 battles at 500ms each
INFO     Policy 0: switch goodra visited 36.93% avg_score=0.461 sample_chance_multiplier=0.25
INFO     Policy 1: hurricane visited 47.08% avg_score=0.461 sample_chance_multiplier=0.25
INFO     Policy 2: hurricane visited 41.87% avg_score=0.457 sample_chance_multiplier=0.25
INFO     Policy 3: hurricane visited 45.87% avg_score=0.461 sample_chance_multiplier=0.25
INFO     Considered Choices:
INFO     	42.303%: hurricane
INFO     Choice: hurricane
INFO     Updated oricorio's min speed to 146
INFO     oricorio used two different moves - it cannot have a choice item
INFO     oricorio used a normal move, removing normalgem from possible items
INFO     Setting oricorio's last used move: revelationdance
INFO     oricorio used a damaging move - not guessing lifeorb anymore
INFO     oricorio did 26.939999999999998% damage to charizard with revelationdance
INFO     oricorio has less than maxhp during upkeep, no longer guessing leftovers or blacksludge
INFO     Sampling battle 0
INFO     	       oricorio       dancer heavydutyboots [hurricane, quiverdance, revelationdance, roost] ttype=ground
INFO     	        jirachi  serenegrace    leftovers [ironhead, protect, uturn, wish] ttype=water
INFO     	  samurotthisui    sharpness   choiceband [ceaselessedge, flipturn, razorshell, suckerpunch] ttype=dark
INFO     Sampling 3 unrevealed pokemon
INFO     	          lokix   tintedlens      lifeorb [firstimpression, knockoff, leechlife, suckerpunch] ttype=bug
INFO     	      trevenant  naturalcure   choiceband [drainpunch, hornleech, poltergeist, woodhammer] ttype=fighting
INFO     	          arbok   intimidate      lifeorb [earthquake, gunkshot, knockoff, toxicspikes] ttype=ground
INFO     Sampling battle 1
INFO     	       oricorio       dancer heavydutyboots [hurricane, quiverdance, revelationdance, roost] ttype=ground
INFO     	        jirachi  serenegrace    leftovers [drainpunch, ironhead, stealthrock, uturn] ttype=fighting
INFO     	  samurotthisui    sharpness   choiceband [ceaselessedge, flipturn, razorshell, sacredsword] ttype=poison
INFO     Sampling 3 unrevealed pokemon
INFO     	     grimmsnarl    prankster    leftovers [spiritbreak, suckerpunch, taunt, thunderwave] ttype=poison
INFO     	     feraligatr   sheerforce      lifeorb [dragondance, icepunch, liquidation, trailblaze] ttype=grass
INFO     	      passimian      defiant   choiceband [closecombat, earthquake, gunkshot, knockoff] ttype=fighting
INFO     Sampling battle 2
INFO     	       oricorio       dancer heavydutyboots [hurricane, quiverdance, revelationdance, roost] ttype=ground
INFO     	        jirachi  serenegrace    leftovers [drainpunch, ironhead, stealthrock, uturn] ttype=fighting
INFO     	  samurotthisui    sharpness   choiceband [ceaselessedge, flipturn, razorshell, suckerpunch] ttype=dark
INFO     Sampling 3 unrevealed pokemon
INFO     	     gothitelle    shadowtag    leftovers [calmmind, darkpulse, psychicnoise, thunderbolt] ttype=electric
INFO     	         gengar   cursedbody      lifeorb [encore, shadowball, sludgewave, toxicspikes] ttype=ghost
INFO     	   dugtrioalola tanglinghair      lifeorb [earthquake, ironhead, stealthrock, suckerpunch] ttype=ground
INFO     Sampling battle 3
INFO     	       oricorio       dancer heavydutyboots [hurricane, quiverdance, revelationdance, roost] ttype=ground
INFO     	        jirachi  serenegrace    leftovers [drainpunch, ironhead, stealthrock, uturn] ttype=water
INFO     	  samurotthisui    sharpness   choiceband [ceaselessedge, flipturn, razorshell, suckerpunch] ttype=poison
INFO     Sampling 3 unrevealed pokemon
INFO     	       maushold   technician     widelens [bite, encore, populationbomb, tidyup] ttype=ghost
INFO     	       gyarados        moxie heavydutyboots [dragondance, earthquake, terablast, waterfall] ttype=flying
INFO     	          rotom     levitate      lifeorb [shadowball, thunderbolt, voltswitch, willowisp] ttype=ghost
INFO     Searching for a move using MCTS...
INFO     Sampling 4 battles at 500ms each
INFO     Policy 0: switch goodra visited 67.54% avg_score=0.516 sample_chance_multiplier=0.25
INFO     Policy 1: switch goodra visited 70.99% avg_score=0.515 sample_chance_multiplier=0.25
INFO     Policy 2: switch goodra visited 67.45% avg_score=0.518 sample_chance_multiplier=0.25
INFO     Policy 3: switch goodra visited 66.71% avg_score=0.516 sample_chance_multiplier=0.25
INFO     Considered Choices:
INFO     	68.173%: switch goodra
INFO     Choice: switch goodra
INFO     goodra switched in, adding intimidate to impossible abilities
INFO     goodra switched in, adding pressure to impossible abilities
INFO     goodra switched in, adding neutralizinggas to impossible abilities
INFO     goodra switched in, adding sandstream to impossible abilities
INFO     goodra switched in, adding drought to impossible abilities
INFO     goodra switched in, adding drizzle to impossible abilities
INFO     goodra switched in, adding snowwarning to impossible abilities
INFO     goodra switched in, adding boosterenergy to impossible items
INFO     goodra switched in, adding airballoon to impossible items
INFO     
INFO     Turn: 8
INFO     Sampling battle 0
INFO     	       oricorio       dancer heavydutyboots [hurricane, quiverdance, revelationdance, roost] ttype=ground
INFO     	        jirachi  serenegrace    leftovers [drainpunch, ironhead, stealthrock, uturn] ttype=fighting
INFO     	  samurotthisui    sharpness   choiceband [ceaselessedge, flipturn, razorshell, sacredsword] ttype=dark
INFO     Sampling 3 unrevealed pokemon
INFO     	      metagross    clearbody    leftovers [bulletpunch, heavyslam, knockoff, stealthrock] ttype=water
INFO     	      decidueye     overgrow      lifeorb [knockoff, leafstorm, roost, spiritshackle] ttype=ghost
INFO     	       garchomp    roughskin   loadeddice [earthquake, firefang, scaleshot, swordsdance] ttype=fire
INFO     Sampling battle 1
INFO     	       oricorio       dancer heavydutyboots [hurricane, quiverdance, revelationdance, roost] ttype=ground
INFO     	        jirachi  serenegrace    leftovers [drainpunch, ironhead, stealthrock, uturn] ttype=fighting
INFO     	  samurotthisui    sharpness   choiceband [ceaselessedge, flipturn, razorshell, suckerpunch] ttype=dark
INFO     Sampling 3 unrevealed pokemon
INFO     	         eiscue      iceface  sitrusberry [bellydrum, icespinner, ironhead, liquidation] ttype=water
INFO     	          minun   voltabsorb      lifeorb [alluringvoice, encore, nastyplot, thunderbolt] ttype=fairy
INFO     	        carbink       sturdy    leftovers [bodypress, irondefense, moonblast, rockpolish] ttype=fighting
INFO     Sampling battle 2
INFO     	       oricorio       dancer heavydutyboots [hurricane, quiverdance, revelationdance, roost] ttype=ground
INFO     	        jirachi  serenegrace    leftovers [drainpunch, ironhead, stealthrock, uturn] ttype=fighting
INFO     	  samurotthisui    sharpness   choiceband [ceaselessedge, flipturn, razorshell, suckerpunch] ttype=dark
INFO     Sampling 3 unrevealed pokemon
INFO     	      regigigas    slowstart    leftovers [bodyslam, knockoff, protect, substitute] ttype=poison
INFO     	 keldeoresolute    justified  choicespecs [flipturn, hydropump, secretsword, vacuumwave] ttype=fighting
INFO     	      regieleki   transistor       magnet [explosion, rapidspin, thunderbolt, voltswitch] ttype=electric
INFO     Sampling battle 3
INFO     	       oricorio       dancer heavydutyboots [hurricane, quiverdance, revelationdance, roost] ttype=ground
INFO     	        jirachi  serenegrace    leftovers [ironhead, protect, uturn, wish] ttype=water
INFO     	  samurotthisui    sharpness   choiceband [ceaselessedge, flipturn, razorshell, sacredsword] ttype=dark
INFO     Sampling 3 unrevealed pokemon
INFO     	 decidueyehisui      scrappy    leftovers [leafblade, roost, triplearrows, uturn] ttype=water
INFO     	tornadustherian  regenerator heavydutyboots [bleakwindstorm, grassknot, heatwave, nastyplot] ttype=flying
INFO     	      eternatus     pressure    powerherb [dynamaxcannon, fireblast, meteorbeam, sludgebomb] ttype=dragon
INFO     Searching for a move using MCTS...
INFO     Sampling 4 battles at 500ms each
INFO     Policy 0: sludgebomb visited 60.83% avg_score=0.539 sample_chance_multiplier=0.25
INFO     Policy 1: sludgebomb visited 58.37% avg_score=0.541 sample_chance_multiplier=0.25
INFO     Policy 2: sludgebomb visited 56.73% avg_score=0.539 sample_chance_multiplier=0.25
INFO     Policy 3: sludgebomb visited 63.67% avg_score=0.539 sample_chance_multiplier=0.25
INFO     Considered Choices:
INFO     	59.9%: sludgebomb
INFO     Choice: sludgebomb
INFO     Updated oricorio's min speed to 146
INFO     oricorio used two different moves - it cannot have a choice item
INFO     oricorio used a flying move, removing flyinggem from possible items
INFO     Setting oricorio's last used move: hurricane
INFO     oricorio used a damaging move - not guessing lifeorb anymore
INFO     oricorio did 53.769999999999996% damage to goodra with hurricane
WARNING  Would remove all possibilities, not removing any
WARNING  actual_damage_dealt=157.0084
INFO     goodra already has the move sludgebomb. Decrementing the PP by 1
INFO     goodra used a poison move, removing poisongem from possible items
INFO     Setting goodra's last used move: sludgebomb
INFO     goodra used a damaging move - not guessing lifeorb anymore
INFO     goodra did 16.0% damage to oricorio with sludgebomb
INFO     oricorio got status: psn
INFO     No longer guessing lumberry because oricorio got status psn
INFO     oricorio has less than maxhp during upkeep, no longer guessing leftovers or blacksludge
INFO     
INFO     Turn: 9
INFO     Sampling battle 0
INFO     	       oricorio       dancer heavydutyboots [hurricane, quiverdance, revelationdance, roost] ttype=ground
INFO     	        jirachi  serenegrace    leftovers [ironhead, protect, uturn, wish] ttype=water
INFO     	  samurotthisui    sharpness  choicescarf [ceaselessedge, flipturn, razorshell, sacredsword] ttype=water
INFO     Sampling 3 unrevealed pokemon
INFO     	        dondozo      unaware    leftovers [curse, rest, sleeptalk, wavecrash] ttype=fairy
INFO     	      ceruledge    weakarmor heavydutyboots [bitterblade, closecombat, poltergeist, swordsdance] ttype=fire
INFO     	    polteageist   cursedbody    whiteherb [shadowball, shellsmash, storedpower, terablast] ttype=fighting
INFO     Sampling battle 1
INFO     	       oricorio       dancer heavydutyboots [hurricane, quiverdance, revelationdance, roost] ttype=ground
INFO     	        jirachi  serenegrace    leftovers [ironhead, protect, uturn, wish] ttype=water
INFO     	  samurotthisui    sharpness   choiceband [ceaselessedge, flipturn, razorshell, suckerpunch] ttype=dark
INFO     Sampling 3 unrevealed pokemon
INFO     	        glaceon      icebody heavydutyboots [freezedry, mudshot, protect, wish] ttype=ground
INFO     	     feraligatr   sheerforce      lifeorb [crunch, dragondance, icepunch, liquidation] ttype=dragon
INFO     	       camerupt    solidrock    leftovers [earthquake, overheat, stealthrock, willowisp] ttype=water
INFO     Sampling battle 2
INFO     	       oricorio       dancer heavydutyboots [hurricane, quiverdance, revelationdance, roost] ttype=ground
INFO     	        jirachi  serenegrace    leftovers [drainpunch, ironhead, stealthrock, uturn] ttype=fighting
INFO     	  samurotthisui    sharpness   choiceband [ceaselessedge, flipturn, razorshell, suckerpunch] ttype=poison
INFO     Sampling 3 unrevealed pokemon
INFO     	   greninjabond   battlebond      lifeorb [darkpulse, gunkshot, hydropump, icebeam] ttype=water
INFO     	   weezinggalar     levitate    leftovers [defog, gunkshot, strangesteam, willowisp] ttype=steel
INFO     	       solgaleo fullmetalbody  rockyhelmet [closecombat, morningsun, psychicfangs, sunsteelstrike] ttype=water
INFO     Sampling battle 3
INFO     	       oricorio       dancer heavydutyboots [hurricane, quiverdance, revelationdance, roost] ttype=ground
INFO     	        jirachi  serenegrace    leftovers [ironhead, protect, uturn, wish] ttype=water
INFO     	  samurotthisui    sharpness   choiceband [ceaselessedge, flipturn, razorshell, suckerpunch] ttype=water
INFO     Sampling 3 unrevealed pokemon
INFO     	enamorustherian     overcoat  choicespecs [earthpower, moonblast, mysticalfire, psychic] ttype=fairy
INFO     	          minun   voltabsorb      lifeorb [alluringvoice, encore, nastyplot, thunderbolt] ttype=fairy
INFO     	      gastrodon   stormdrain    leftovers [earthquake, icebeam, recover, surf] ttype=steel
INFO     Searching for a move using MCTS...
INFO     Sampling 4 battles at 500ms each
INFO     Policy 0: scald visited 45.25% avg_score=0.588 sample_chance_multiplier=0.25
INFO     Policy 1: scald visited 49.95% avg_score=0.59 sample_chance_multiplier=0.25
INFO     Policy 2: scald visited 51.15% avg_score=0.591 sample_chance_multiplier=0.25
INFO     Policy 3: scald visited 49.12% avg_score=0.592 sample_chance_multiplier=0.25
INFO     Considered Choices:
INFO     	48.864%: scald
INFO     Choice: scald
INFO     Updated oricorio's min speed to 146
INFO     oricorio already has the move roost. Decrementing the PP by 1
INFO     oricorio used two different moves - it cannot have a choice item
INFO     oricorio using roost makes it unlikely to have a choice item. Setting can_have_choice_item to False
INFO     oricorio used a status-move. Adding `assaultvest` to impossible items
INFO     Setting oricorio's last used move: roost
INFO     oricorio has acquired the 'roost' volatilestatus
INFO     goodra already has the move scald. Decrementing the PP by 1
INFO     goodra used a water move, removing watergem from possible items
INFO     Setting goodra's last used move: scald
INFO     goodra used a damaging move - not guessing lifeorb anymore
INFO     goodra did 27.0% damage to oricorio with scald
INFO     Removing 'roost' from oricorio's volatiles
INFO     oricorio has less than maxhp during upkeep, no longer guessing leftovers or blacksludge
INFO     
INFO     Turn: 10
INFO     Sampling battle 0
INFO     	       oricorio       dancer heavydutyboots [hurricane, quiverdance, revelationdance, roost] ttype=ground
INFO     	        jirachi  serenegrace    leftovers [ironhead, protect, uturn, wish] ttype=water
INFO     	  samurotthisui    sharpness   choiceband [ceaselessedge, flipturn, razorshell, sacredsword] ttype=dark
INFO     Sampling 3 unrevealed pokemon
INFO     	thundurustherian   voltabsorb  choicespecs [focusblast, grassknot, thunderbolt, voltswitch] ttype=electric
INFO     	      indeedeef psychicsurge  choicespecs [dazzlinggleam, hypervoice, psychic, shadowball] ttype=fairy
INFO     	      probopass   magnetpull  chestoberry [bodypress, flashcannon, irondefense, rest] ttype=fighting
INFO     Sampling battle 1
INFO     	       oricorio       dancer heavydutyboots [hurricane, quiverdance, revelationdance, roost] ttype=ground
INFO     	        jirachi  serenegrace    leftovers [ironhead, protect, uturn, wish] ttype=water
INFO     	  samurotthisui    sharpness  choicescarf [ceaselessedge, flipturn, razorshell, sacredsword] ttype=water
INFO     Sampling 3 unrevealed pokemon
INFO     	         tauros   sheerforce      lifeorb [bodyslam, closecombat, earthquake, throatchop] ttype=fighting
INFO     	      girafarig    sapsipper     eviolite [hypervoice, nastyplot, psyshock, thunderbolt] ttype=electric
INFO     	       chienpao  swordofruin heavydutyboots [iciclecrash, sacredsword, swordsdance, throatchop] ttype=ice
INFO     Sampling battle 2
INFO     	       oricorio       dancer heavydutyboots [hurricane, quiverdance, revelationdance, roost] ttype=ground
INFO     	        jirachi  serenegrace    leftovers [drainpunch, ironhead, stealthrock, uturn] ttype=fighting
INFO     	  samurotthisui    sharpness   choiceband [ceaselessedge, flipturn, razorshell, sacredsword] ttype=dark
INFO     Sampling 3 unrevealed pokemon
INFO     	     annihilape      defiant  chestoberry [bulkup, drainpunch, ragefist, rest] ttype=steel
INFO     	        heatran    flashfire   airballoon [earthpower, flashcannon, magmastorm, stealthrock] ttype=flying
INFO     	       rayquaza      airlock heavydutyboots [dragonascent, dragondance, earthquake, outrage] ttype=steel
INFO     Sampling battle 3
INFO     	       oricorio       dancer heavydutyboots [hurricane, quiverdance, revelationdance, roost] ttype=ground
INFO     	        jirachi  serenegrace    leftovers [ironhead, protect, uturn, wish] ttype=water
INFO     	  samurotthisui    sharpness   choiceband [ceaselessedge, flipturn, razorshell, suckerpunch] ttype=water
INFO     Sampling 3 unrevealed pokemon
INFO     	      sandslash     sandrush    leftovers [earthquake, knockoff, rapidspin, swordsdance] ttype=dragon
INFO     	    fezandipiti   toxicchain    leftovers [gunkshot, playrough, swordsdance, terablast] ttype=ground
INFO     	       landorus   sheerforce      lifeorb [earthpower, psychic, sludgewave, stealthrock] ttype=poison
INFO     Searching for a move using MCTS...
INFO     Sampling 4 battles at 500ms each
INFO     Policy 0: scald visited 48.0% avg_score=0.602 sample_chance_multiplier=0.25
INFO     Policy 1: scald visited 52.5% avg_score=0.609 sample_chance_multiplier=0.25
INFO     Policy 2: scald visited 44.13% avg_score=0.599 sample_chance_multiplier=0.25
INFO     Policy 3: scald visited 56.18% avg_score=0.608 sample_chance_multiplier=0.25
INFO     Considered Choices:
INFO     	50.204%: scald
INFO     Choice: scald
INFO     Updated oricorio's min speed to 146
INFO     oricorio already has the move roost. Decrementing the PP by 1
INFO     oricorio using roost makes it unlikely to have a choice item. Setting can_have_choice_item to False
INFO     oricorio used a status-move. Adding `assaultvest` to impossible items
INFO     Setting oricorio's last used move: roost
INFO     oricorio has acquired the 'roost' volatilestatus
INFO     goodra already has the move scald. Decrementing the PP by 1
INFO     goodra used a water move, removing watergem from possible items
INFO     Setting goodra's last used move: scald
INFO     goodra used a damaging move - not guessing lifeorb anymore
INFO     goodra did 28.000000000000004% damage to oricorio with scald
INFO     Removing 'roost' from oricorio's volatiles
INFO     oricorio has less than maxhp during upkeep, no longer guessing leftovers or blacksludge
INFO     
INFO     Turn: 11
INFO     Sampling battle 0
INFO     	       oricorio       dancer heavydutyboots [hurricane, quiverdance, revelationdance, roost] ttype=ground
INFO     	        jirachi  serenegrace    leftovers [drainpunch, ironhead, stealthrock, uturn] ttype=fighting
INFO     	  samurotthisui    sharpness   choiceband [ceaselessedge, flipturn, razorshell, suckerpunch] ttype=water
INFO     Sampling 3 unrevealed pokemon
INFO     	     pincurchin electricsurge    leftovers [discharge, recover, scald, toxicspikes] ttype=water
INFO     	        wyrdeer   intimidate  assaultvest [bodyslam, earthquake, megahorn, psychicnoise] ttype=ground
INFO     	      decidueye     overgrow heavydutyboots [defog, knockoff, leafstorm, spiritshackle] ttype=ghost
INFO     Sampling battle 1
INFO     	       oricorio       dancer heavydutyboots [hurricane, quiverdance, revelationdance, roost] ttype=ground
INFO     	        jirachi  serenegrace    leftovers [ironhead, protect, uturn, wish] ttype=water
INFO     	  samurotthisui    sharpness   choiceband [ceaselessedge, flipturn, razorshell, sacredsword] ttype=poison
INFO     Sampling 3 unrevealed pokemon
INFO     	        toxapex  regenerator    leftovers [haze, liquidation, recover, toxicspikes] ttype=grass
INFO     	        groudon      drought    leftovers [heatcrash, precipiceblades, roar, spikes] ttype=fire
INFO     	          rotom     levitate      lifeorb [nastyplot, shadowball, thunderbolt, willowisp] ttype=ghost
INFO     Sampling battle 2
INFO     	       oricorio       dancer heavydutyboots [hurricane, quiverdance, revelationdance, roost] ttype=ground
INFO     	        jirachi  serenegrace    leftovers [ironhead, protect, uturn, wish] ttype=water
INFO     	  samurotthisui    sharpness   choiceband [ceaselessedge, flipturn, razorshell, suckerpunch] ttype=dark
INFO     Sampling 3 unrevealed pokemon
INFO     	         espeon  magicbounce      lifeorb [alluringvoice, morningsun, psychic, shadowball] ttype=fairy
INFO     	      mightyena   intimidate  assaultvest [poisonfang, suckerpunch, superfang, throatchop] ttype=poison
INFO     	    arceussteel    multitype    ironplate [earthquake, judgment, recover, willowisp] ttype=ghost
INFO     Sampling battle 3
INFO     	       oricorio       dancer heavydutyboots [hurricane, quiverdance, revelationdance, roost] ttype=ground
INFO     	        jirachi  serenegrace    leftovers [ironhead, protect, uturn, wish] ttype=water
INFO     	  samurotthisui    sharpness   choiceband [ceaselessedge, flipturn, razorshell, suckerpunch] ttype=dark
INFO     Sampling 3 unrevealed pokemon
INFO     	      decidueye     overgrow heavydutyboots [defog, leafstorm, roost, spiritshackle] ttype=ghost
INFO     	     arceusfire    multitype   flameplate [calmmind, earthpower, judgment, recover] ttype=ground
INFO     	      pachirisu   voltabsorb  assaultvest [nuzzle, superfang, thunderbolt, uturn] ttype=flying
INFO     Searching for a move using MCTS...
INFO     Sampling 4 battles at 500ms each
INFO     Policy 0: scald visited 54.35% avg_score=0.609 sample_chance_multiplier=0.25
INFO     Policy 1: scald visited 52.78% avg_score=0.611 sample_chance_multiplier=0.25
INFO     Policy 2: scald visited 52.83% avg_score=0.61 sample_chance_multiplier=0.25
INFO     Policy 3: scald visited 56.42% avg_score=0.61 sample_chance_multiplier=0.25
INFO     Considered Choices:
INFO     	54.095%: scald
INFO     Choice: scald
INFO     Updated oricorio's min speed to 146
INFO     oricorio already has the move roost. Decrementing the PP by 1
INFO     oricorio using roost makes it unlikely to have a choice item. Setting can_have_choice_item to False
INFO     oricorio used a status-move. Adding `assaultvest` to impossible items
INFO     Setting oricorio's last used move: roost
INFO     oricorio has acquired the 'roost' volatilestatus
INFO     goodra already has the move scald. Decrementing the PP by 1
INFO     goodra used a water move, removing watergem from possible items
INFO     Setting goodra's last used move: scald
INFO     goodra used a damaging move - not guessing lifeorb anymore
INFO     goodra did 32.0% damage to oricorio with scald
INFO     Removing 'roost' from oricorio's volatiles
INFO     oricorio has less than maxhp during upkeep, no longer guessing leftovers or blacksludge
INFO     
INFO     Turn: 12
INFO     Sampling battle 0
INFO     	       oricorio       dancer heavydutyboots [hurricane, quiverdance, revelationdance, roost] ttype=ground
INFO     	        jirachi  serenegrace    leftovers [ironhead, protect, uturn, wish] ttype=water
INFO     	  samurotthisui    sharpness   choiceband [ceaselessedge, flipturn, razorshell, suckerpunch] ttype=dark
INFO     Sampling 3 unrevealed pokemon
INFO     	       necrozma   prismarmor      lifeorb [earthquake, knockoff, photongeyser, swordsdance] ttype=steel
INFO     	      terrakion    justified      lifeorb [closecombat, earthquake, stoneedge, swordsdance] ttype=fighting
INFO     	       arboliva    seedsower    leftovers [earthpower, energyball, hypervoice, strengthsap] ttype=poison
INFO     Sampling battle 1
INFO     	       oricorio       dancer heavydutyboots [hurricane, quiverdance, revelationdance, roost] ttype=ground
INFO     	        jirachi  serenegrace    leftovers [ironhead, protect, uturn, wish] ttype=water
INFO     	  samurotthisui    sharpness  choicescarf [ceaselessedge, flipturn, razorshell, sacredsword] ttype=water
INFO     Sampling 3 unrevealed pokemon
INFO     	        noctowl   tintedlens heavydutyboots [defog, hurricane, hypervoice, roost] ttype=ground
INFO     	        ariados        swarm heavydutyboots [knockoff, megahorn, poisonjab, toxicspikes] ttype=ghost
INFO     	       camerupt    solidrock    leftovers [earthquake, overheat, roar, stealthrock] ttype=grass
INFO     Sampling battle 2
INFO     	       oricorio       dancer heavydutyboots [hurricane, quiverdance, revelationdance, roost] ttype=ground
INFO     	        jirachi  serenegrace    leftovers [drainpunch, ironhead, stealthrock, uturn] ttype=water
INFO     	  samurotthisui    sharpness   choiceband [ceaselessedge, flipturn, razorshell, suckerpunch] ttype=water
INFO     Sampling 3 unrevealed pokemon
INFO     	       oranguru   innerfocus    leftovers [focusblast, nastyplot, psyshock, thunderbolt] ttype=fighting
INFO     	         tauros   sheerforce      lifeorb [bodyslam, closecombat, earthquake, throatchop] ttype=normal
INFO     	      lilligant  chlorophyll      lifeorb [gigadrain, quiverdance, sleeppowder, terablast] ttype=rock
INFO     Sampling battle 3
INFO     	       oricorio       dancer heavydutyboots [hurricane, quiverdance, revelationdance, roost] ttype=ground
INFO     	        jirachi  serenegrace    leftovers [ironhead, protect, uturn, wish] ttype=water
INFO     	  samurotthisui    sharpness   choiceband [ceaselessedge, flipturn, razorshell, suckerpunch] ttype=poison
INFO     Sampling 3 unrevealed pokemon
INFO     	      indeedeef psychicsurge      lifeorb [calmmind, dazzlinggleam, hypervoice, psyshock] ttype=fairy
INFO     	       orthworm   eartheater    leftovers [bodypress, heavyslam, shedtail, stealthrock] ttype=poison
INFO     	 arceusfighting    multitype    fistplate [bodypress, cosmicpower, recover, storedpower] ttype=steel
INFO     Searching for a move using MCTS...
INFO     Sampling 4 battles at 500ms each
INFO     Policy 0: scald visited 65.68% avg_score=0.613 sample_chance_multiplier=0.25
INFO     Policy 1: scald visited 73.76% avg_score=0.644 sample_chance_multiplier=0.25
INFO     Policy 2: scald visited 74.47% avg_score=0.633 sample_chance_multiplier=0.25
INFO     Policy 3: scald visited 73.31% avg_score=0.628 sample_chance_multiplier=0.25
INFO     Considered Choices:
INFO     	71.805%: scald
INFO     Choice: scald
INFO     Updated oricorio's min speed to 146
INFO     oricorio already has the move roost. Decrementing the PP by 1
INFO     oricorio using roost makes it unlikely to have a choice item. Setting can_have_choice_item to False
INFO     oricorio used a status-move. Adding `assaultvest` to impossible items
INFO     Setting oricorio's last used move: roost
INFO     oricorio has acquired the 'roost' volatilestatus
INFO     goodra already has the move scald. Decrementing the PP by 1
INFO     goodra used a water move, removing watergem from possible items
INFO     Setting goodra's last used move: scald
INFO     goodra used a damaging move - not guessing lifeorb anymore
INFO     goodra did 30.0% damage to oricorio with scald
INFO     Removing 'roost' from oricorio's volatiles
INFO     oricorio has less than maxhp during upkeep, no longer guessing leftovers or blacksludge
INFO     
INFO     Turn: 13
INFO     Sampling battle 0
INFO     	       oricorio       dancer heavydutyboots [hurricane, quiverdance, revelationdance, roost] ttype=ground
INFO     	        jirachi  serenegrace    leftovers [ironhead, protect, uturn, wish] ttype=water
INFO     	  samurotthisui    sharpness   choiceband [ceaselessedge, flipturn, razorshell, suckerpunch] ttype=dark
INFO     Sampling 3 unrevealed pokemon
INFO     	       quagsire      unaware    leftovers [earthquake, icebeam, recover, toxic] ttype=fairy
INFO     	    arceussteel    multitype    ironplate [calmmind, earthpower, judgment, recover] ttype=ghost
INFO     	        spidops     stakeout heavydutyboots [circlethrow, stickyweb, toxicspikes, uturn] ttype=ghost
INFO     Sampling battle 1
INFO     	       oricorio       dancer heavydutyboots [hurricane, quiverdance, revelationdance, roost] ttype=ground
INFO     	        jirachi  serenegrace    leftovers [ironhead, protect, uturn, wish] ttype=water
INFO     	  samurotthisui    sharpness   choiceband [ceaselessedge, flipturn, razorshell, suckerpunch] ttype=poison
INFO     Sampling 3 unrevealed pokemon
INFO     	      dragapult  infiltrator  choicespecs [dracometeor, fireblast, shadowball, uturn] ttype=fire
INFO     	            mew  synchronize      lifeorb [bugbuzz, hydropump, nastyplot, psychic] ttype=psychic
INFO     	    ironjugulis   quarkdrive  choicespecs [darkpulse, fireblast, hurricane, uturn] ttype=dark
INFO     Sampling battle 2
INFO     	       oricorio       dancer heavydutyboots [hurricane, quiverdance, revelationdance, roost] ttype=ground
INFO     	        jirachi  serenegrace    leftovers [drainpunch, ironhead, stealthrock, uturn] ttype=fighting
INFO     	  samurotthisui    sharpness   choiceband [ceaselessedge, flipturn, razorshell, suckerpunch] ttype=poison
INFO     Sampling 3 unrevealed pokemon
INFO     	      rotomheat     levitate heavydutyboots [overheat, thunderbolt, voltswitch, willowisp] ttype=fire
INFO     	      honchkrow        moxie heavydutyboots [bravebird, lashout, suckerpunch, thunderwave] ttype=flying
INFO     	       ursaluna         guts     flameorb [facade, headlongrush, swordsdance, trailblaze] ttype=normal
INFO     Sampling battle 3
INFO     	       oricorio       dancer heavydutyboots [hurricane, quiverdance, revelationdance, roost] ttype=ground
INFO     	        jirachi  serenegrace    leftovers [drainpunch, ironhead, stealthrock, uturn] ttype=fighting
INFO     	  samurotthisui    sharpness   choiceband [ceaselessedge, flipturn, razorshell, suckerpunch] ttype=dark
INFO     Sampling 3 unrevealed pokemon
INFO     	        persian       limber   choiceband [doubleedge, knockoff, switcheroo, uturn] ttype=ghost
INFO     	      hydreigon     levitate  choicespecs [darkpulse, dracometeor, fireblast, uturn] ttype=dragon
INFO     	       dusknoir        frisk    leftovers [earthquake, poltergeist, shadowsneak, willowisp] ttype=dark
INFO     Searching for a move using MCTS...
INFO     Sampling 4 battles at 500ms each
INFO     Policy 0: scald visited 68.46% avg_score=0.631 sample_chance_multiplier=0.25
INFO     Policy 1: scald visited 65.69% avg_score=0.626 sample_chance_multiplier=0.25
INFO     Policy 2: scald visited 74.45% avg_score=0.642 sample_chance_multiplier=0.25
INFO     Policy 3: scald visited 65.56% avg_score=0.627 sample_chance_multiplier=0.25
INFO     Considered Choices:
INFO     	68.54%: scald
INFO     Choice: scald
INFO     Updated oricorio's min speed to 146
INFO     oricorio already has the move roost. Decrementing the PP by 1
INFO     oricorio using roost makes it unlikely to have a choice item. Setting can_have_choice_item to False
INFO     oricorio used a status-move. Adding `assaultvest` to impossible items
INFO     Setting oricorio's last used move: roost
INFO     oricorio has acquired the 'roost' volatilestatus
INFO     goodra already has the move scald. Decrementing the PP by 1
INFO     goodra used a water move, removing watergem from possible items
INFO     Setting goodra's last used move: scald
INFO     goodra used a damaging move - not guessing lifeorb anymore
INFO     goodra did 30.0% damage to oricorio with scald
INFO     Removing 'roost' from oricorio's volatiles
INFO     oricorio has less than maxhp during upkeep, no longer guessing leftovers or blacksludge
INFO     
INFO     Turn: 14
INFO     Sampling battle 0
INFO     	       oricorio       dancer heavydutyboots [hurricane, quiverdance, revelationdance, roost] ttype=ground
INFO     	        jirachi  serenegrace    leftovers [ironhead, protect, uturn, wish] ttype=water
INFO     	  samurotthisui    sharpness  choicescarf [ceaselessedge, flipturn, razorshell, sacredsword] ttype=water
INFO     Sampling 3 unrevealed pokemon
INFO     	   dialgaorigin     pressure adamantcrystal [dracometeor, fireblast, flashcannon, stealthrock] ttype=steel
INFO     	ogerponwellspring  waterabsorb wellspringmask [hornleech, ivycudgel, playrough, swordsdance] ttype=water
INFO     	        mimikyu     disguise      lifeorb [playrough, shadowsneak, swordsdance, woodhammer] ttype=fairy
INFO     Sampling battle 1
INFO     	       oricorio       dancer heavydutyboots [hurricane, quiverdance, revelationdance, roost] ttype=ground
INFO     	        jirachi  serenegrace    leftovers [bodyslam, ironhead, stealthrock, uturn] ttype=water
INFO     	  samurotthisui    sharpness   choiceband [ceaselessedge, flipturn, razorshell, suckerpunch] ttype=dark
INFO     Sampling 3 unrevealed pokemon
INFO     	         latios     levitate  choicespecs [aurasphere, dracometeor, flipturn, lusterpurge] ttype=dragon
INFO     	      terapagos    terashift  chestoberry [calmmind, darkpulse, rest, terastarstorm] ttype=stellar
INFO     	      regieleki   transistor       magnet [explosion, rapidspin, thunderbolt, voltswitch] ttype=electric
INFO     Sampling battle 2
INFO     	       oricorio       dancer heavydutyboots [hurricane, quiverdance, revelationdance, roost] ttype=ground
INFO     	        jirachi  serenegrace    leftovers [ironhead, protect, uturn, wish] ttype=water
INFO     	  samurotthisui    sharpness  choicescarf [ceaselessedge, flipturn, razorshell, sacredsword] ttype=dark
INFO     Sampling 3 unrevealed pokemon
INFO     	      pecharunt poisonpuppeteer    leftovers [malignantchain, nastyplot, recover, shadowball] ttype=dark
INFO     	        gallade    sharpness   choiceband [leafblade, nightslash, psychocut, sacredsword] ttype=dark
INFO     	        dugtrio    arenatrap   choiceband [earthquake, stoneedge, suckerpunch, throatchop] ttype=dark
INFO     Sampling battle 3
INFO     	       oricorio       dancer heavydutyboots [hurricane, quiverdance, revelationdance, roost] ttype=ground
INFO     	        jirachi  serenegrace    leftovers [drainpunch, ironhead, stealthrock, uturn] ttype=fighting
INFO     	  samurotthisui    sharpness   choiceband [ceaselessedge, flipturn, razorshell, sacredsword] ttype=water
INFO     Sampling 3 unrevealed pokemon
INFO     	lycanrocmidnight      noguard      lifeorb [closecombat, knockoff, stealthrock, stoneedge] ttype=fighting
INFO     	     chesnaught  bulletproof    leftovers [bodypress, spikes, synthesis, woodhammer] ttype=steel
INFO     	         deoxys     pressure      lifeorb [icebeam, knockoff, psychoboost, superpower] ttype=dark
INFO     Searching for a move using MCTS...
INFO     Sampling 4 battles at 500ms each
INFO     Policy 0: scald visited 91.99% avg_score=0.705 sample_chance_multiplier=0.25
INFO     Policy 1: scald visited 94.29% avg_score=0.722 sample_chance_multiplier=0.25
INFO     Policy 2: scald visited 93.96% avg_score=0.71 sample_chance_multiplier=0.25
INFO     Policy 3: scald visited 92.99% avg_score=0.733 sample_chance_multiplier=0.25
INFO     Considered Choices:
INFO     	93.307%: scald
INFO     Choice: scald
INFO     oricorio already has the move hurricane. Decrementing the PP by 1
INFO     oricorio used two different moves - it cannot have a choice item
INFO     oricorio used a flying move, removing flyinggem from possible items
INFO     Setting oricorio's last used move: hurricane
INFO     oricorio used a damaging move - not guessing lifeorb anymore
INFO     oricorio did 34.25% damage to goodra with hurricane
INFO     Starting the volatile status confusion on goodra
INFO     goodra got confused, no longer guessing lumberry
INFO     goodra already has the move scald. Decrementing the PP by 1
INFO     goodra used a water move, removing watergem from possible items
INFO     Setting goodra's last used move: scald
INFO     goodra used a damaging move - not guessing lifeorb anymore
INFO     goodra did 28.999999999999996% damage to oricorio with scald
INFO     oricorio has less than maxhp during upkeep, no longer guessing leftovers or blacksludge
INFO     
INFO     Turn: 15
INFO     Sampling battle 0
INFO     	       oricorio       dancer heavydutyboots [hurricane, quiverdance, revelationdance, roost] ttype=ground
INFO     	        jirachi  serenegrace    leftovers [ironhead, protect, uturn, wish] ttype=water
INFO     	  samurotthisui    sharpness   choiceband [ceaselessedge, flipturn, razorshell, suckerpunch] ttype=poison
INFO     Sampling 3 unrevealed pokemon
INFO     	      regieleki   transistor       magnet [explosion, rapidspin, thunderbolt, voltswitch] ttype=electric
INFO     	      sinistcha    heatproof    leftovers [calmmind, matchagotcha, shadowball, strengthsap] ttype=steel
INFO     	      regidrago   dragonsmaw     lumberry [dracometeor, dragondance, earthquake, outrage] ttype=dragon
INFO     Sampling battle 1
INFO     	       oricorio       dancer heavydutyboots [hurricane, quiverdance, revelationdance, roost] ttype=ground
INFO     	        jirachi  serenegrace    leftovers [ironhead, protect, uturn, wish] ttype=water
INFO     	  samurotthisui    sharpness   choiceband [ceaselessedge, flipturn, razorshell, sacredsword] ttype=poison
INFO     Sampling 3 unrevealed pokemon
INFO     	      hatterene  magicbounce  assaultvest [drainingkiss, mysticalfire, nuzzle, psychicnoise] ttype=fairy
INFO     	enamorustherian     overcoat  choicespecs [earthpower, moonblast, mysticalfire, psychic] ttype=ground
INFO     	 sandslashalola    slushrush  assaultvest [ironhead, knockoff, rapidspin, tripleaxel] ttype=water
INFO     Sampling battle 2
INFO     	       oricorio       dancer heavydutyboots [hurricane, quiverdance, revelationdance, roost] ttype=ground
INFO     	        jirachi  serenegrace    leftovers [drainpunch, ironhead, stealthrock, uturn] ttype=water
INFO     	  samurotthisui    sharpness  choicescarf [ceaselessedge, flipturn, razorshell, sacredsword] ttype=poison
INFO     Sampling 3 unrevealed pokemon
INFO     	      mamoswine     thickfat      lifeorb [earthquake, iceshard, iciclecrash, stealthrock] ttype=ice
INFO     	        snorlax     thickfat    leftovers [bodyslam, crunch, curse, earthquake] ttype=ground
INFO     	       glimmora  toxicdebris heavydutyboots [earthpower, mortalspin, sludgewave, stealthrock] ttype=ground
INFO     Sampling battle 3
INFO     	       oricorio       dancer heavydutyboots [hurricane, quiverdance, revelationdance, roost] ttype=ground
INFO     	        jirachi  serenegrace    leftovers [ironhead, protect, uturn, wish] ttype=water
INFO     	  samurotthisui    sharpness   choiceband [ceaselessedge, flipturn, razorshell, suckerpunch] ttype=water
INFO     Sampling 3 unrevealed pokemon
INFO     	       cobalion    justified    leftovers [bodypress, irondefense, ironhead, thunderwave] ttype=ghost
INFO     	       camerupt    solidrock    leftovers [earthquake, overheat, roar, stealthrock] ttype=grass
INFO     	       garchomp    roughskin  rockyhelmet [dragontail, earthquake, outrage, stealthrock] ttype=steel
INFO     Searching for a move using MCTS...
INFO     Sampling 4 battles at 500ms each
INFO     Policy 0: switch enamorustherian visited 85.52% avg_score=0.624 sample_chance_multiplier=0.25
INFO     Policy 1: switch enamorustherian visited 82.62% avg_score=0.615 sample_chance_multiplier=0.25
INFO     Policy 2: switch enamorustherian visited 83.55% avg_score=0.62 sample_chance_multiplier=0.25
INFO     Policy 3: switch enamorustherian visited 84.71% avg_score=0.621 sample_chance_multiplier=0.25
INFO     Considered Choices:
INFO     	84.1%: switch enamorustherian
INFO     Choice: switch enamorustherian
INFO     enamorustherian switched in, adding intimidate to impossible abilities
INFO     enamorustherian switched in, adding pressure to impossible abilities
INFO     enamorustherian switched in, adding neutralizinggas to impossible abilities
INFO     enamorustherian switched in, adding sandstream to impossible abilities
INFO     enamorustherian switched in, adding drought to impossible abilities
INFO     enamorustherian switched in, adding drizzle to impossible abilities
INFO     enamorustherian switched in, adding snowwarning to impossible abilities
INFO     enamorustherian switched in, adding boosterenergy to impossible items
INFO     enamorustherian switched in, adding airballoon to impossible items
INFO     oricorio already has the move roost. Decrementing the PP by 1
INFO     oricorio used two different moves - it cannot have a choice item
INFO     oricorio using roost makes it unlikely to have a choice item. Setting can_have_choice_item to False
INFO     oricorio used a status-move. Adding `assaultvest` to impossible items
INFO     Setting oricorio's last used move: roost
INFO     oricorio has acquired the 'roost' volatilestatus
INFO     Removing 'roost' from oricorio's volatiles
INFO     oricorio has less than maxhp during upkeep, no longer guessing leftovers or blacksludge
INFO     
INFO     Turn: 16
INFO     Sampling battle 0
INFO     	       oricorio       dancer heavydutyboots [hurricane, quiverdance, revelationdance, roost] ttype=ground
INFO     	        jirachi  serenegrace    leftovers [drainpunch, ironhead, stealthrock, uturn] ttype=water
INFO     	  samurotthisui    sharpness   choiceband [ceaselessedge, flipturn, razorshell, suckerpunch] ttype=water
INFO     Sampling 3 unrevealed pokemon
INFO     	       sceptile     overgrow      lifeorb [earthquake, gigadrain, rockslide, shedtail] ttype=steel
INFO     	ogerponhearthflame  moldbreaker hearthflamemask [hornleech, ivycudgel, knockoff, swordsdance] ttype=fire
INFO     	          hypno     insomnia    leftovers [focusblast, protect, psychicnoise, toxic] ttype=dark
INFO     Sampling battle 1
INFO     	       oricorio       dancer heavydutyboots [hurricane, quiverdance, revelationdance, roost] ttype=ground
INFO     	        jirachi  serenegrace    leftovers [ironhead, protect, uturn, wish] ttype=water
INFO     	  samurotthisui    sharpness  choicescarf [ceaselessedge, flipturn, razorshell, sacredsword] ttype=poison
INFO     Sampling 3 unrevealed pokemon
INFO     	      trevenant  naturalcure      lifeorb [drainpunch, poltergeist, trickroom, woodhammer] ttype=fighting
INFO     	     baxcalibur thermalexchange   choiceband [earthquake, glaiverush, iceshard, iciclecrash] ttype=dragon
INFO     	      indeedeef psychicsurge      lifeorb [calmmind, dazzlinggleam, hypervoice, psychic] ttype=psychic
INFO     Sampling battle 2
INFO     	       oricorio       dancer heavydutyboots [hurricane, quiverdance, revelationdance, roost] ttype=ground
INFO     	        jirachi  serenegrace    leftovers [ironhead, protect, uturn, wish] ttype=water
INFO     	  samurotthisui    sharpness  choicescarf [ceaselessedge, flipturn, razorshell, sacredsword] ttype=poison
INFO     Sampling 3 unrevealed pokemon
INFO     	    dudunsparce  serenegrace    leftovers [earthquake, glare, headbutt, roost] ttype=ground
INFO     	         kyogre      drizzle    leftovers [calmmind, icebeam, originpulse, thunder] ttype=electric
INFO     	        snorlax     thickfat    leftovers [bodyslam, curse, rest, sleeptalk] ttype=poison
INFO     Sampling battle 3
INFO     	       oricorio       dancer heavydutyboots [hurricane, quiverdance, revelationdance, roost] ttype=ground
INFO     	        jirachi  serenegrace    leftovers [ironhead, protect, uturn, wish] ttype=water
INFO     	  samurotthisui    sharpness   choiceband [ceaselessedge, flipturn, razorshell, sacredsword] ttype=dark
INFO     Sampling 3 unrevealed pokemon
INFO     	       cinccino   technician   loadeddice [bulletseed, tailslap, tripleaxel, uturn] ttype=ice
INFO     	taurospaldeaaqua      cudchew  sitrusberry [bulkup, closecombat, liquidation, substitute] ttype=water
INFO     	       alcremie    aromaveil    leftovers [acidarmor, calmmind, dazzlinggleam, recover] ttype=steel
INFO     Searching for a move using MCTS...
INFO     Sampling 4 battles at 500ms each
INFO     Policy 0: superpower visited 67.26% avg_score=0.662 sample_chance_multiplier=0.25
INFO     Policy 1: superpower visited 61.73% avg_score=0.659 sample_chance_multiplier=0.25
INFO     Policy 2: superpower visited 68.95% avg_score=0.661 sample_chance_multiplier=0.25
INFO     Policy 3: superpower visited 65.79% avg_score=0.663 sample_chance_multiplier=0.25
INFO     Considered Choices:
INFO     	65.934%: superpower
INFO     Choice: superpower
INFO     oricorio already has the move hurricane. Decrementing the PP by 1
INFO     oricorio used two different moves - it cannot have a choice item
INFO     oricorio used a flying move, removing flyinggem from possible items
INFO     Setting oricorio's last used move: hurricane
INFO     oricorio used a damaging move - not guessing lifeorb anymore
INFO     oricorio did 53.28000000000001% damage to enamorustherian with hurricane
INFO     Starting the volatile status confusion on enamorustherian
INFO     enamorustherian got confused, no longer guessing lumberry
INFO     enamorustherian already has the move superpower. Decrementing the PP by 1
INFO     enamorustherian used a fighting move, removing fightinggem from possible items
INFO     Setting enamorustherian's last used move: superpower
INFO     enamorustherian used a damaging move - not guessing lifeorb anymore
INFO     enamorustherian did 22.0% damage to oricorio with superpower
INFO     enamorustherian's attack was unboosted by 1 to -1
INFO     enamorustherian's defense was unboosted by 1 to -1
INFO     oricorio has less than maxhp during upkeep, no longer guessing leftovers or blacksludge
INFO     
INFO     Turn: 17
INFO     Sampling battle 0
INFO     	       oricorio       dancer heavydutyboots [hurricane, quiverdance, revelationdance, roost] ttype=ground
INFO     	        jirachi  serenegrace    leftovers [drainpunch, ironhead, stealthrock, uturn] ttype=fighting
INFO     	  samurotthisui    sharpness   choiceband [ceaselessedge, flipturn, razorshell, sacredsword] ttype=poison
INFO     Sampling 3 unrevealed pokemon
INFO     	     wigglytuff  competitive    leftovers [alluringvoice, protect, thunderwave, wish] ttype=steel
INFO     	        groudon      drought    leftovers [heatcrash, precipiceblades, spikes, stoneedge] ttype=fire
INFO     	    raichualola  surgesurfer  choicespecs [alluringvoice, grassknot, psyshock, thunderbolt] ttype=grass
INFO     Sampling battle 1
INFO     	       oricorio       dancer heavydutyboots [hurricane, quiverdance, revelationdance, roost] ttype=ground
INFO     	        jirachi  serenegrace    leftovers [ironhead, protect, uturn, wish] ttype=water
INFO     	  samurotthisui    sharpness  choicescarf [ceaselessedge, flipturn, razorshell, sacredsword] ttype=poison
INFO     Sampling 3 unrevealed pokemon
INFO     	      duraludon   lightmetal     eviolite [bodypress, dracometeor, flashcannon, thunderwave] ttype=fighting
INFO     	            muk  poisontouch   choiceband [gunkshot, icepunch, knockoff, shadowsneak] ttype=dark
INFO     	      alomomola  regenerator  rockyhelmet [flipturn, protect, scald, wish] ttype=steel
INFO     Sampling battle 2
INFO     	       oricorio       dancer heavydutyboots [hurricane, quiverdance, revelationdance, roost] ttype=ground
INFO     	        jirachi  serenegrace    leftovers [ironhead, protect, uturn, wish] ttype=water
INFO     	  samurotthisui    sharpness   choiceband [ceaselessedge, flipturn, razorshell, suckerpunch] ttype=water
INFO     Sampling 3 unrevealed pokemon
INFO     	      tyranitar   sandstream    leftovers [knockoff, stealthrock, stoneedge, thunderwave] ttype=rock
INFO     	       arboliva      harvest  sitrusberry [hypervoice, leechseed, protect, substitute] ttype=water
INFO     	     misdreavus     levitate     eviolite [calmmind, drainingkiss, shadowball, willowisp] ttype=fairy
INFO     Sampling battle 3
INFO     	       oricorio       dancer heavydutyboots [hurricane, quiverdance, revelationdance, roost] ttype=ground
INFO     	        jirachi  serenegrace    leftovers [ironhead, protect, uturn, wish] ttype=water
INFO     	  samurotthisui    sharpness   choiceband [ceaselessedge, flipturn, razorshell, suckerpunch] ttype=poison
INFO     Sampling 3 unrevealed pokemon
INFO     	        kingdra    swiftswim     lumberry [dragondance, ironhead, outrage, wavecrash] ttype=steel
INFO     	    arceussteel    multitype    ironplate [earthquake, judgment, recover, willowisp] ttype=ghost
INFO     	       houndoom    flashfire heavydutyboots [darkpulse, fireblast, nastyplot, sludgebomb] ttype=dark
INFO     Searching for a move using MCTS...
INFO     Sampling 4 battles at 500ms each
INFO     Policy 0: earthpower visited 86.38% avg_score=0.711 sample_chance_multiplier=0.25
INFO     Policy 1: earthpower visited 85.95% avg_score=0.712 sample_chance_multiplier=0.25
INFO     Policy 2: earthpower visited 85.79% avg_score=0.711 sample_chance_multiplier=0.25
INFO     Policy 3: earthpower visited 85.92% avg_score=0.713 sample_chance_multiplier=0.25
INFO     Considered Choices:
INFO     	86.008%: earthpower
INFO     Choice: earthpower
INFO     oricorio already has the move roost. Decrementing the PP by 1
INFO     oricorio used two different moves - it cannot have a choice item
INFO     oricorio using roost makes it unlikely to have a choice item. Setting can_have_choice_item to False
INFO     oricorio used a status-move. Adding `assaultvest` to impossible items
INFO     Setting oricorio's last used move: roost
INFO     oricorio did 11.200000000000001% damage to enamorustherian with roost
INFO     oricorio has acquired the 'roost' volatilestatus
INFO     Removing 'roost' from oricorio's volatiles
INFO     oricorio has less than maxhp during upkeep, no longer guessing leftovers or blacksludge
INFO     
INFO     Turn: 18
INFO     Sampling battle 0
INFO     	       oricorio       dancer heavydutyboots [hurricane, quiverdance, revelationdance, roost] ttype=ground
INFO     	        jirachi  serenegrace    leftovers [ironhead, protect, uturn, wish] ttype=water
INFO     	  samurotthisui    sharpness  choicescarf [ceaselessedge, flipturn, razorshell, sacredsword] ttype=dark
INFO     Sampling 3 unrevealed pokemon
INFO     	        slaking       truant   choiceband [doubleedge, earthquake, gigaimpact, knockoff] ttype=ghost
INFO     	  arcaninehisui     rockhead   choiceband [closecombat, flareblitz, headsmash, wildcharge] ttype=rock
INFO     	     pincurchin electricsurge    leftovers [recover, scald, thunderbolt, toxicspikes] ttype=water
INFO     Sampling battle 1
INFO     	       oricorio       dancer heavydutyboots [hurricane, quiverdance, revelationdance, roost] ttype=ground
INFO     	        jirachi  serenegrace    leftovers [bodyslam, ironhead, stealthrock, uturn] ttype=water
INFO     	  samurotthisui    sharpness   choiceband [ceaselessedge, flipturn, razorshell, sacredsword] ttype=water
INFO     Sampling 3 unrevealed pokemon
INFO     	     incineroar   intimidate  choicescarf [closecombat, earthquake, flareblitz, knockoff] ttype=water
INFO     	       grafaiai  poisontouch      lifeorb [gunkshot, knockoff, lowkick, swordsdance] ttype=dark
INFO     	         furret        frisk   choiceband [doubleedge, knockoff, trick, uturn] ttype=normal
INFO     Sampling battle 2
INFO     	       oricorio       dancer heavydutyboots [hurricane, quiverdance, revelationdance, roost] ttype=ground
INFO     	        jirachi  serenegrace    leftovers [ironhead, protect, uturn, wish] ttype=water
INFO     	  samurotthisui    sharpness   choiceband [ceaselessedge, flipturn, razorshell, suckerpunch] ttype=dark
INFO     Sampling 3 unrevealed pokemon
INFO     	     hitmonchan     ironfist    leftovers [bulkup, drainpunch, knockoff, poisonjab] ttype=dark
INFO     	          klawf   angershell  passhoberry [highhorsepower, knockoff, stoneedge, swordsdance] ttype=dark
INFO     	        luvdisc    swiftswim heavydutyboots [endeavor, substitute, surf, whirlpool] ttype=ground
INFO     Sampling battle 3
INFO     	       oricorio       dancer heavydutyboots [hurricane, quiverdance, revelationdance, roost] ttype=ground
INFO     	        jirachi  serenegrace    leftovers [ironhead, protect, uturn, wish] ttype=water
INFO     	  samurotthisui    sharpness  choicescarf [ceaselessedge, flipturn, razorshell, sacredsword] ttype=water
INFO     Sampling 3 unrevealed pokemon
INFO     	     baxcalibur thermalexchange   choiceband [earthquake, glaiverush, iceshard, iciclecrash] ttype=ground
INFO     	       rayquaza      airlock   loadeddice [dragonascent, earthquake, scaleshot, swordsdance] ttype=steel
INFO     	     wigglytuff  competitive    leftovers [dazzlinggleam, knockoff, protect, wish] ttype=poison
INFO     Searching for a move using MCTS...
INFO     Sampling 4 battles at 500ms each
INFO     Policy 0: switch inteleon visited 42.37% avg_score=0.644 sample_chance_multiplier=0.25
INFO     Policy 1: switch inteleon visited 34.18% avg_score=0.64 sample_chance_multiplier=0.25
INFO     Policy 2: switch inteleon visited 42.32% avg_score=0.65 sample_chance_multiplier=0.25
INFO     Policy 3: switch inteleon visited 37.74% avg_score=0.636 sample_chance_multiplier=0.25
INFO     Considered Choices:
INFO     	39.153%: switch inteleon
INFO     Choice: switch inteleon
INFO     inteleon switched in, adding intimidate to impossible abilities
INFO     inteleon switched in, adding pressure to impossible abilities
INFO     inteleon switched in, adding neutralizinggas to impossible abilities
INFO     inteleon switched in, adding sandstream to impossible abilities
INFO     inteleon switched in, adding drought to impossible abilities
INFO     inteleon switched in, adding drizzle to impossible abilities
INFO     inteleon switched in, adding snowwarning to impossible abilities
INFO     inteleon switched in, adding boosterenergy to impossible items
INFO     inteleon switched in, adding airballoon to impossible items
INFO     oricorio already has the move revelationdance. Decrementing the PP by 1
INFO     oricorio used two different moves - it cannot have a choice item
INFO     oricorio used a normal move, removing normalgem from possible items
INFO     Setting oricorio's last used move: revelationdance
INFO     oricorio used a damaging move - not guessing lifeorb anymore
INFO     oricorio did 52.849999999999994% damage to inteleon with revelationdance
INFO     oricorio has less than maxhp during upkeep, no longer guessing leftovers or blacksludge
INFO     
INFO     Turn: 19
INFO     Sampling battle 0
INFO     	       oricorio       dancer heavydutyboots [hurricane, quiverdance, revelationdance, roost] ttype=ground
INFO     	        jirachi  serenegrace    leftovers [ironhead, protect, uturn, wish] ttype=water
INFO     	  samurotthisui    sharpness   choiceband [ceaselessedge, flipturn, razorshell, suckerpunch] ttype=water
INFO     Sampling 3 unrevealed pokemon
INFO     	      rotomwash     levitate  choicescarf [hydropump, thunderbolt, trick, voltswitch] ttype=water
INFO     	       vikavolt     levitate  choicespecs [bugbuzz, discharge, energyball, voltswitch] ttype=electric
INFO     	     ironleaves   quarkdrive      lifeorb [closecombat, leafblade, psyblade, swordsdance] ttype=fighting
INFO     Sampling battle 1
INFO     	       oricorio       dancer heavydutyboots [hurricane, quiverdance, revelationdance, roost] ttype=ground
INFO     	        jirachi  serenegrace    leftovers [ironhead, protect, uturn, wish] ttype=water
INFO     	  samurotthisui    sharpness   choiceband [ceaselessedge, flipturn, razorshell, suckerpunch] ttype=dark
INFO     Sampling 3 unrevealed pokemon
INFO     	         palkia     pressure  lustrousorb [fireblast, hydropump, spacialrend, thunderwave] ttype=fire
INFO     	 giratinaorigin     levitate griseouscore [dracometeor, poltergeist, shadowsneak, willowisp] ttype=steel
INFO     	        torkoal      drought heavydutyboots [fireblast, solarbeam, stealthrock, yawn] ttype=grass
INFO     Sampling battle 2
INFO     	       oricorio       dancer heavydutyboots [hurricane, quiverdance, revelationdance, roost] ttype=ground
INFO     	        jirachi  serenegrace    leftovers [bodyslam, ironhead, stealthrock, uturn] ttype=water
INFO     	  samurotthisui    sharpness   choiceband [ceaselessedge, flipturn, razorshell, suckerpunch] ttype=water
INFO     Sampling 3 unrevealed pokemon
INFO     	         zarude    leafguard   choiceband [closecombat, knockoff, powerwhip, uturn] ttype=dark
INFO     	       slowking  regenerator heavydutyboots [chillyreception, psychicnoise, scald, slackoff] ttype=dragon
INFO     	         arceus    multitype    leftovers [extremespeed, recover, shadowclaw, swordsdance] ttype=ghost
INFO     Sampling battle 3
INFO     	       oricorio       dancer heavydutyboots [hurricane, quiverdance, revelationdance, roost] ttype=ground
INFO     	        jirachi  serenegrace    leftovers [bodyslam, ironhead, stealthrock, uturn] ttype=water
INFO     	  samurotthisui    sharpness   choiceband [ceaselessedge, flipturn, razorshell, sacredsword] ttype=poison
INFO     Sampling 3 unrevealed pokemon
INFO     	       sunflora  chlorophyll  choicespecs [dazzlinggleam, earthpower, leafstorm, sludgebomb] ttype=grass
INFO     	      terrakion    justified   choiceband [closecombat, earthquake, quickattack, stoneedge] ttype=ground
INFO     	    walkingwake protosynthesis  choicespecs [dracometeor, flamethrower, flipturn, hydropump] ttype=fire
INFO     Searching for a move using MCTS...
INFO     Sampling 4 battles at 500ms each
INFO     Policy 0: darkpulse visited 31.58% avg_score=0.541 sample_chance_multiplier=0.25
INFO     Policy 1: icebeam visited 32.31% avg_score=0.541 sample_chance_multiplier=0.25
INFO     Policy 2: darkpulse visited 31.58% avg_score=0.543 sample_chance_multiplier=0.25
INFO     Policy 3: icebeam visited 31.61% avg_score=0.542 sample_chance_multiplier=0.25
INFO     Considered Choices:
INFO     	31.462%: icebeam
INFO     	31.012%: darkpulse
INFO     	25.542%: hydropump
INFO     Choice: icebeam
INFO     Updated oricorio's min speed to 146
INFO     oricorio already has the move revelationdance. Decrementing the PP by 1
INFO     oricorio used a normal move, removing normalgem from possible items
INFO     Setting oricorio's last used move: revelationdance
INFO     oricorio used a damaging move - not guessing lifeorb anymore
INFO     oricorio did 47.15% damage to inteleon with revelationdance
INFO     oricorio has less than maxhp during upkeep, no longer guessing leftovers or blacksludge
INFO     Sampling battle 0
INFO     	       oricorio       dancer heavydutyboots [hurricane, quiverdance, revelationdance, roost] ttype=ground
INFO     	        jirachi  serenegrace    leftovers [bodyslam, ironhead, stealthrock, uturn] ttype=water
INFO     	  samurotthisui    sharpness   choiceband [ceaselessedge, flipturn, razorshell, suckerpunch] ttype=poison
INFO     Sampling 3 unrevealed pokemon
INFO     	          chiyu  beadsofruin  choicescarf [darkpulse, flamethrower, overheat, psychic] ttype=fire
INFO     	        falinks      defiant      lifeorb [closecombat, ironhead, knockoff, noretreat] ttype=steel
INFO     	       froslass   cursedbody     widelens [destinybond, poltergeist, tripleaxel, willowisp] ttype=ghost
INFO     Sampling battle 1
INFO     	       oricorio       dancer heavydutyboots [hurricane, quiverdance, revelationdance, roost] ttype=ground
INFO     	        jirachi  serenegrace    leftovers [ironhead, protect, uturn, wish] ttype=water
INFO     	  samurotthisui    sharpness   choiceband [ceaselessedge, flipturn, razorshell, sacredsword] ttype=water
INFO     Sampling 3 unrevealed pokemon
INFO     	         regice    clearbody heavydutyboots [icebeam, rest, sleeptalk, thunderbolt] ttype=electric
INFO     	    polteageist   cursedbody    whiteherb [shadowball, shellsmash, storedpower, terablast] ttype=fighting
INFO     	        scrafty   intimidate      lifeorb [closecombat, dragondance, knockoff, poisonjab] ttype=poison
INFO     Sampling battle 2
INFO     	       oricorio       dancer heavydutyboots [hurricane, quiverdance, revelationdance, roost] ttype=ground
INFO     	        jirachi  serenegrace    leftovers [drainpunch, ironhead, stealthrock, uturn] ttype=fighting
INFO     	  samurotthisui    sharpness   choiceband [ceaselessedge, flipturn, razorshell, suckerpunch] ttype=water
INFO     Sampling 3 unrevealed pokemon
INFO     	       greedent   cheekpouch  sitrusberry [bodyslam, earthquake, knockoff, swordsdance] ttype=ghost
INFO     	         lapras  waterabsorb heavydutyboots [freezedry, rest, sleeptalk, sparklingaria] ttype=dragon
INFO     	        altaria  naturalcure heavydutyboots [bravebird, earthquake, haze, roost] ttype=steel
INFO     Sampling battle 3
INFO     	       oricorio       dancer heavydutyboots [hurricane, quiverdance, revelationdance, roost] ttype=ground
INFO     	        jirachi  serenegrace    leftovers [drainpunch, ironhead, stealthrock, uturn] ttype=fighting
INFO     	  samurotthisui    sharpness   choiceband [ceaselessedge, flipturn, razorshell, suckerpunch] ttype=water
INFO     Sampling 3 unrevealed pokemon
INFO     	          hoopa     magician  choicescarf [focusblast, psychic, shadowball, trick] ttype=fighting
INFO     	      rillaboom  grassysurge      lifeorb [grassyglide, knockoff, swordsdance, woodhammer] ttype=grass
INFO     	      tatsugiri   stormdrain heavydutyboots [dracometeor, hydropump, nastyplot, rapidspin] ttype=water
INFO     Searching for a move using MCTS...
INFO     Sampling 4 battles at 500ms each
INFO     Policy 0: switch goodra visited 30.74% avg_score=0.617 sample_chance_multiplier=0.25
INFO     Policy 1: switch goodra visited 33.25% avg_score=0.619 sample_chance_multiplier=0.25
INFO     Policy 2: switch goodra visited 32.36% avg_score=0.618 sample_chance_multiplier=0.25
INFO     Policy 3: switch goodra visited 30.46% avg_score=0.606 sample_chance_multiplier=0.25
INFO     Considered Choices:
INFO     	31.702%: switch goodra
INFO     	28.055%: switch enamorustherian
INFO     Choice: switch goodra
INFO     
INFO     Turn: 20
INFO     Sampling battle 0
INFO     	       oricorio       dancer heavydutyboots [hurricane, quiverdance, revelationdance, roost] ttype=ground
INFO     	        jirachi  serenegrace    leftovers [ironhead, protect, uturn, wish] ttype=water
INFO     	  samurotthisui    sharpness   choiceband [ceaselessedge, flipturn, razorshell, suckerpunch] ttype=dark
INFO     Sampling 3 unrevealed pokemon
INFO     	     scovillain  chlorophyll  choicescarf [energyball, flamethrower, leafstorm, overheat] ttype=grass
INFO     	       solgaleo fullmetalbody  rockyhelmet [earthquake, knockoff, morningsun, sunsteelstrike] ttype=water
INFO     	            muk  poisontouch    leftovers [gunkshot, haze, knockoff, toxicspikes] ttype=dark
INFO     Sampling battle 1
INFO     	       oricorio       dancer heavydutyboots [hurricane, quiverdance, revelationdance, roost] ttype=ground
INFO     	        jirachi  serenegrace    leftovers [ironhead, protect, uturn, wish] ttype=water
INFO     	  samurotthisui    sharpness   choiceband [ceaselessedge, flipturn, razorshell, suckerpunch] ttype=water
INFO     Sampling 3 unrevealed pokemon
INFO     	         zarude    leafguard   choiceband [closecombat, knockoff, powerwhip, uturn] ttype=grass
INFO     	       porygonz adaptability  choicescarf [icebeam, thunderbolt, triattack, trick] ttype=electric
INFO     	      reuniclus   magicguard      lifeorb [calmmind, focusblast, psychic, recover] ttype=steel
INFO     Sampling battle 2
INFO     	       oricorio       dancer heavydutyboots [hurricane, quiverdance, revelationdance, roost] ttype=ground
INFO     	        jirachi  serenegrace    leftovers [ironhead, protect, uturn, wish] ttype=water
INFO     	  samurotthisui    sharpness   choiceband [ceaselessedge, flipturn, razorshell, suckerpunch] ttype=water
INFO     Sampling 3 unrevealed pokemon
INFO     	        dipplin   stickyhold     eviolite [dragonpulse, gigadrain, recover, suckerpunch] ttype=steel
INFO     	       oranguru   innerfocus    leftovers [focusblast, nastyplot, psyshock, thunderbolt] ttype=psychic
INFO     	       politoed      drizzle    leftovers [haze, hydropump, hypnosis, icebeam] ttype=steel
INFO     Sampling battle 3
INFO     	       oricorio       dancer heavydutyboots [hurricane, quiverdance, revelationdance, roost] ttype=ground
INFO     	        jirachi  serenegrace    leftovers [ironhead, protect, uturn, wish] ttype=water
INFO     	  samurotthisui    sharpness  choicescarf [ceaselessedge, flipturn, razorshell, sacredsword] ttype=water
INFO     Sampling 3 unrevealed pokemon
INFO     	         zarude    leafguard      lifeorb [closecombat, knockoff, powerwhip, swordsdance] ttype=fighting
INFO     	      meowsticf  competitive      lifeorb [alluringvoice, darkpulse, nastyplot, psychic] ttype=dark
INFO     	       froslass   cursedbody     widelens [destinybond, poltergeist, spikes, tripleaxel] ttype=ghost
INFO     Searching for a move using MCTS...
INFO     Sampling 4 battles at 500ms each
INFO     Policy 0: scald visited 16.57% avg_score=0.525 sample_chance_multiplier=0.25
INFO     Policy 1: fireblast visited 17.7% avg_score=0.56 sample_chance_multiplier=0.25
INFO     Policy 2: scald visited 17.72% avg_score=0.536 sample_chance_multiplier=0.25
INFO     Policy 3: scald visited 16.63% avg_score=0.544 sample_chance_multiplier=0.25
INFO     Considered Choices:
INFO     	17.129%: scald
INFO     	16.794%: fireblast
INFO     	16.683%: sludgebomb
INFO     	16.681%: dracometeor
INFO     	13.288%: switch enamorustherian
INFO     	12.985%: switch gallade
INFO     Choice: dracometeor
INFO     Updated oricorio's min speed to 146
INFO     oricorio already has the move revelationdance. Decrementing the PP by 1
INFO     oricorio used a normal move, removing normalgem from possible items
INFO     Setting oricorio's last used move: revelationdance
INFO     oricorio used a damaging move - not guessing lifeorb anymore
INFO     oricorio did 11.99% damage to goodra with revelationdance
INFO     oricorio has less than maxhp during upkeep, no longer guessing leftovers or blacksludge
INFO     Sampling battle 0
INFO     	       oricorio       dancer heavydutyboots [hurricane, quiverdance, revelationdance, roost] ttype=ground
INFO     	        jirachi  serenegrace    leftovers [ironhead, protect, uturn, wish] ttype=water
INFO     	  samurotthisui    sharpness   choiceband [ceaselessedge, flipturn, razorshell, suckerpunch] ttype=water
INFO     Sampling 3 unrevealed pokemon
INFO     	     incineroar   intimidate  choicescarf [closecombat, earthquake, flareblitz, knockoff] ttype=water
INFO     	 arceusfighting    multitype    fistplate [bodypress, cosmicpower, recover, storedpower] ttype=steel
INFO     	    arceusgrass    multitype  meadowplate [calmmind, earthpower, icebeam, judgment] ttype=ground
INFO     Sampling battle 1
INFO     	       oricorio       dancer heavydutyboots [hurricane, quiverdance, revelationdance, roost] ttype=ground
INFO     	        jirachi  serenegrace    leftovers [ironhead, protect, uturn, wish] ttype=water
INFO     	  samurotthisui    sharpness   choiceband [ceaselessedge, flipturn, razorshell, suckerpunch] ttype=dark
INFO     Sampling 3 unrevealed pokemon
INFO     	         rabsca  synchronize heavydutyboots [bugbuzz, psychic, revivalblessing, trickroom] ttype=steel
INFO     	       cacturne  waterabsorb      lifeorb [knockoff, leafstorm, suckerpunch, toxicspikes] ttype=dark
INFO     	       magcargo    flamebody heavydutyboots [lavaplume, powergem, recover, stealthrock] ttype=grass
INFO     Sampling battle 2
INFO     	       oricorio       dancer heavydutyboots [hurricane, quiverdance, revelationdance, roost] ttype=ground
INFO     	        jirachi  serenegrace    leftovers [ironhead, protect, uturn, wish] ttype=water
INFO     	  samurotthisui    sharpness   choiceband [ceaselessedge, flipturn, razorshell, sacredsword] ttype=poison
INFO     Sampling 3 unrevealed pokemon
INFO     	         scizor   technician      lifeorb [bulletpunch, closecombat, knockoff, swordsdance] ttype=steel
INFO     	       grafaiai  poisontouch  assaultvest [gunkshot, knockoff, superfang, uturn] ttype=dark
INFO     	       greninja      protean      lifeorb [darkpulse, gunkshot, hydropump, toxicspikes] ttype=dark
INFO     Sampling battle 3
INFO     	       oricorio       dancer heavydutyboots [hurricane, quiverdance, revelationdance, roost] ttype=ground
INFO     	        jirachi  serenegrace    leftovers [drainpunch, ironhead, stealthrock, uturn] ttype=fighting
INFO     	  samurotthisui    sharpness  choicescarf [ceaselessedge, flipturn, razorshell, sacredsword] ttype=dark
INFO     Sampling 3 unrevealed pokemon
INFO     	    oinkolognef     thickfat    leftovers [curse, doubleedge, highhorsepower, lashout] ttype=ground
INFO     	          lugia   multiscale heavydutyboots [aeroblast, calmmind, earthpower, recover] ttype=ground
INFO     	        spidops     stakeout heavydutyboots [circlethrow, spikes, stickyweb, uturn] ttype=ghost
INFO     Searching for a move using MCTS...
INFO     Sampling 4 battles at 500ms each
INFO     Policy 0: switch gallade visited 41.04% avg_score=0.651 sample_chance_multiplier=0.25
INFO     Policy 1: switch mienshao visited 36.88% avg_score=0.252 sample_chance_multiplier=0.25
INFO     Policy 2: switch gallade visited 36.85% avg_score=0.45 sample_chance_multiplier=0.25
INFO     Policy 3: switch mienshao visited 33.91% avg_score=0.369 sample_chance_multiplier=0.25
INFO     Considered Choices:
INFO     	35.86%: switch gallade
INFO     	34.464%: switch enamorustherian
INFO     	29.676%: switch mienshao
INFO     Choice: switch gallade
INFO     gallade switched in, adding intimidate to impossible abilities
INFO     gallade switched in, adding pressure to impossible abilities
INFO     gallade switched in, adding neutralizinggas to impossible abilities
INFO     gallade switched in, adding sandstream to impossible abilities
INFO     gallade switched in, adding drought to impossible abilities
INFO     gallade switched in, adding drizzle to impossible abilities
INFO     gallade switched in, adding snowwarning to impossible abilities
INFO     gallade switched in, adding boosterenergy to impossible items
INFO     gallade switched in, adding airballoon to impossible items
INFO     
INFO     Turn: 21
INFO     Sampling battle 0
INFO     	       oricorio       dancer heavydutyboots [hurricane, quiverdance, revelationdance, roost] ttype=ground
INFO     	        jirachi  serenegrace    leftovers [ironhead, protect, uturn, wish] ttype=water
INFO     	  samurotthisui    sharpness   choiceband [ceaselessedge, flipturn, razorshell, sacredsword] ttype=water
INFO     Sampling 3 unrevealed pokemon
INFO     	      dunsparce  serenegrace     eviolite [bodyslam, coil, earthquake, roost] ttype=ghost
INFO     	        kingdra    swiftswim     lumberry [dragondance, outrage, waterfall, wavecrash] ttype=water
INFO     	  arcaninehisui     rockhead   choiceband [extremespeed, flareblitz, headsmash, wildcharge] ttype=fire
INFO     Sampling battle 1
INFO     	       oricorio       dancer heavydutyboots [hurricane, quiverdance, revelationdance, roost] ttype=ground
INFO     	        jirachi  serenegrace    leftovers [bodyslam, ironhead, stealthrock, uturn] ttype=water
INFO     	  samurotthisui    sharpness   choiceband [ceaselessedge, flipturn, razorshell, sacredsword] ttype=poison
INFO     Sampling 3 unrevealed pokemon
INFO     	       venusaur  chlorophyll    leftovers [earthpower, energyball, sludgebomb, synthesis] ttype=water
INFO     	         furret        frisk      lifeorb [brickbreak, doubleedge, knockoff, tidyup] ttype=normal
INFO     	     incineroar   intimidate heavydutyboots [flareblitz, knockoff, swordsdance, trailblaze] ttype=grass
INFO     Sampling battle 2
INFO     	       oricorio       dancer heavydutyboots [hurricane, quiverdance, revelationdance, roost] ttype=ground
INFO     	        jirachi  serenegrace    leftovers [ironhead, protect, uturn, wish] ttype=water
INFO     	  samurotthisui    sharpness   choiceband [ceaselessedge, flipturn, razorshell, suckerpunch] ttype=dark
INFO     Sampling 3 unrevealed pokemon
INFO     	       alcremie    aromaveil    leftovers [acidarmor, alluringvoice, calmmind, recover] ttype=steel
INFO     	      tatsugiri   stormdrain heavydutyboots [dracometeor, hydropump, nastyplot, rapidspin] ttype=water
INFO     	       meganium     overgrow    leftovers [energyball, knockoff, leechseed, synthesis] ttype=steel
INFO     Sampling battle 3
INFO     	       oricorio       dancer heavydutyboots [hurricane, quiverdance, revelationdance, roost] ttype=ground
INFO     	        jirachi  serenegrace    leftovers [ironhead, protect, uturn, wish] ttype=water
INFO     	  samurotthisui    sharpness   choiceband [ceaselessedge, flipturn, razorshell, suckerpunch] ttype=dark
INFO     Sampling 3 unrevealed pokemon
INFO     	        seviper  infiltrator      lifeorb [earthquake, gigadrain, gunkshot, knockoff] ttype=poison
INFO     	taurospaldeablaze      cudchew  sitrusberry [bulkup, closecombat, ragingbull, substitute] ttype=water
INFO     	         zapdos       static heavydutyboots [heatwave, hurricane, roost, thunderbolt] ttype=electric
INFO     Searching for a move using MCTS...
INFO     Sampling 4 battles at 500ms each
INFO     Policy 0: switch enamorustherian visited 81.79% avg_score=0.838 sample_chance_multiplier=0.25
INFO     Policy 1: switch mienshao visited 44.35% avg_score=0.113 sample_chance_multiplier=0.25
INFO     Policy 2: switch mienshao visited 56.31% avg_score=0.106 sample_chance_multiplier=0.25
INFO     Policy 3: switch mienshao visited 32.19% avg_score=0.184 sample_chance_multiplier=0.25
INFO     Considered Choices:
INFO     	33.389%: switch mienshao
INFO     	28.316%: switch enamorustherian
INFO     Choice: switch mienshao
INFO     mienshao switched in, adding intimidate to impossible abilities
INFO     mienshao switched in, adding pressure to impossible abilities
INFO     mienshao switched in, adding neutralizinggas to impossible abilities
INFO     mienshao switched in, adding sandstream to impossible abilities
INFO     mienshao switched in, adding drought to impossible abilities
INFO     mienshao switched in, adding drizzle to impossible abilities
INFO     mienshao switched in, adding snowwarning to impossible abilities
INFO     mienshao switched in, adding boosterenergy to impossible items
INFO     mienshao switched in, adding airballoon to impossible items
INFO     oricorio already has the move revelationdance. Decrementing the PP by 1
INFO     oricorio used a normal move, removing normalgem from possible items
INFO     Setting oricorio's last used move: revelationdance
INFO     oricorio used a damaging move - not guessing lifeorb anymore
INFO     oricorio did 100.0% damage to mienshao with revelationdance
INFO     oricorio has less than maxhp during upkeep, no longer guessing leftovers or blacksludge
INFO     Sampling battle 0
INFO     	       oricorio       dancer heavydutyboots [hurricane, quiverdance, revelationdance, roost] ttype=ground
INFO     	        jirachi  serenegrace    leftovers [ironhead, protect, uturn, wish] ttype=water
INFO     	  samurotthisui    sharpness   choiceband [ceaselessedge, flipturn, razorshell, suckerpunch] ttype=water
INFO     Sampling 3 unrevealed pokemon
INFO     	        ambipom   technician    silkscarf [doubleedge, fakeout, knockoff, lowkick] ttype=normal
INFO     	        shiftry    windrider      lifeorb [knockoff, leafstorm, suckerpunch, willowisp] ttype=dark
INFO     	       virizion    justified      lifeorb [closecombat, leafblade, stoneedge, swordsdance] ttype=rock
INFO     Sampling battle 1
INFO     	       oricorio       dancer heavydutyboots [hurricane, quiverdance, revelationdance, roost] ttype=ground
INFO     	        jirachi  serenegrace    leftovers [ironhead, protect, uturn, wish] ttype=water
INFO     	  samurotthisui    sharpness   choiceband [ceaselessedge, flipturn, razorshell, sacredsword] ttype=dark
INFO     Sampling 3 unrevealed pokemon
INFO     	     forretress       sturdy    leftovers [ironhead, rapidspin, stealthrock, toxicspikes] ttype=water
INFO     	squawkabillywhite       hustle heavydutyboots [bravebird, foulplay, partingshot, quickattack] ttype=flying
INFO     	    fluttermane protosynthesis      lifeorb [calmmind, moonblast, shadowball, thunderbolt] ttype=ghost
INFO     Sampling battle 2
INFO     	       oricorio       dancer heavydutyboots [hurricane, quiverdance, revelationdance, roost] ttype=ground
INFO     	        jirachi  serenegrace    leftovers [ironhead, protect, uturn, wish] ttype=water
INFO     	  samurotthisui    sharpness   choiceband [ceaselessedge, flipturn, razorshell, suckerpunch] ttype=water
INFO     Sampling 3 unrevealed pokemon
INFO     	     scovillain  chlorophyll    leftovers [flamethrower, leechseed, protect, substitute] ttype=steel
INFO     	      ironhands   quarkdrive  assaultvest [drainpunch, icepunch, voltswitch, wildcharge] ttype=electric
INFO     	ogerponwellspring  waterabsorb wellspringmask [ivycudgel, playrough, powerwhip, swordsdance] ttype=water
INFO     Sampling battle 3
INFO     	       oricorio       dancer heavydutyboots [hurricane, quiverdance, revelationdance, roost] ttype=ground
INFO     	        jirachi  serenegrace    leftovers [drainpunch, ironhead, stealthrock, uturn] ttype=fighting
INFO     	  samurotthisui    sharpness   choiceband [ceaselessedge, flipturn, razorshell, suckerpunch] ttype=water
INFO     Sampling 3 unrevealed pokemon
INFO     	      spectrier    grimneigh    leftovers [darkpulse, nastyplot, shadowball, substitute] ttype=dark
INFO     	         veluza    sharpness   choiceband [aquacutter, aquajet, nightslash, psychocut] ttype=dark
INFO     	zamazentacrowned dauntlessshield rustedshield [bodypress, heavyslam, irondefense, stoneedge] ttype=fighting
INFO     Searching for a move using MCTS...
INFO     Sampling 4 battles at 500ms each
INFO     Policy 0: switch enamorustherian visited 56.99% avg_score=0.009 sample_chance_multiplier=0.25
INFO     Policy 1: switch gallade visited 54.77% avg_score=0.007 sample_chance_multiplier=0.25
INFO     Policy 2: switch enamorustherian visited 53.36% avg_score=0.009 sample_chance_multiplier=0.25
INFO     Policy 3: switch enamorustherian visited 50.78% avg_score=0.008 sample_chance_multiplier=0.25
INFO     Considered Choices:
INFO     	51.591%: switch enamorustherian
INFO     	48.409%: switch gallade
INFO     Choice: switch gallade
INFO     
INFO     Turn: 22
INFO     Sampling battle 0
INFO     	       oricorio       dancer heavydutyboots [hurricane, quiverdance, revelationdance, roost] ttype=ground
INFO     	        jirachi  serenegrace    leftovers [ironhead, protect, uturn, wish] ttype=water
INFO     	  samurotthisui    sharpness   choiceband [ceaselessedge, flipturn, razorshell, sacredsword] ttype=water
INFO     Sampling 3 unrevealed pokemon
INFO     	       necrozma   prismarmor    leftovers [calmmind, heatwave, moonlight, photongeyser] ttype=fairy
INFO     	      registeel    clearbody    leftovers [bodypress, irondefense, ironhead, thunderwave] ttype=fighting
INFO     	     chesnaught  bulletproof    leftovers [bodypress, knockoff, synthesis, woodhammer] ttype=water
INFO     Sampling battle 1
INFO     	       oricorio       dancer heavydutyboots [hurricane, quiverdance, revelationdance, roost] ttype=ground
INFO     	        jirachi  serenegrace    leftovers [drainpunch, ironhead, stealthrock, uturn] ttype=water
INFO     	  samurotthisui    sharpness   choiceband [ceaselessedge, flipturn, razorshell, suckerpunch] ttype=water
INFO     Sampling 3 unrevealed pokemon
INFO     	       venomoth   tintedlens heavydutyboots [bugbuzz, quiverdance, sleeppowder, sludgewave] ttype=poison
INFO     	        groudon      drought    leftovers [heatcrash, precipiceblades, roar, stoneedge] ttype=fire
INFO     	     gothitelle    shadowtag    leftovers [calmmind, focusblast, psychicnoise, thunderbolt] ttype=flying
INFO     Sampling battle 2
INFO     	       oricorio       dancer heavydutyboots [hurricane, quiverdance, revelationdance, roost] ttype=ground
INFO     	        jirachi  serenegrace    leftovers [drainpunch, ironhead, stealthrock, uturn] ttype=fighting
INFO     	  samurotthisui    sharpness   choiceband [ceaselessedge, flipturn, razorshell, suckerpunch] ttype=dark
INFO     Sampling 3 unrevealed pokemon
INFO     	       smeargle   technician     widelens [populationbomb, powertrip, shellsmash, spore] ttype=ghost
INFO     	      cramorant  gulpmissile heavydutyboots [bravebird, defog, roost, surf] ttype=ground
INFO     	        carbink       sturdy    leftovers [bodypress, irondefense, moonblast, rockpolish] ttype=fighting
INFO     Sampling battle 3
INFO     	       oricorio       dancer heavydutyboots [hurricane, quiverdance, revelationdance, roost] ttype=ground
INFO     	        jirachi  serenegrace    leftovers [bodyslam, ironhead, stealthrock, uturn] ttype=water
INFO     	  samurotthisui    sharpness   choiceband [ceaselessedge, flipturn, razorshell, sacredsword] ttype=water
INFO     Sampling 3 unrevealed pokemon
INFO     	      regigigas    slowstart    leftovers [bodyslam, knockoff, protect, substitute] ttype=poison
INFO     	        umbreon  synchronize    leftovers [foulplay, protect, toxic, wish] ttype=poison
INFO     	       alcremie    aromaveil    leftovers [acidarmor, calmmind, dazzlinggleam, recover] ttype=poison
INFO     Searching for a move using MCTS...
INFO     Sampling 4 battles at 500ms each
INFO     Policy 0: switch enamorustherian visited 26.75% avg_score=0.005 sample_chance_multiplier=0.25
INFO     Policy 1: leafblade visited 20.48% avg_score=0.005 sample_chance_multiplier=0.25
INFO     Policy 2: nightslash visited 20.87% avg_score=0.005 sample_chance_multiplier=0.25
INFO     Policy 3: leafblade visited 20.66% avg_score=0.003 sample_chance_multiplier=0.25
INFO     Considered Choices:
INFO     	21.819%: switch enamorustherian
INFO     	19.763%: nightslash
INFO     	19.579%: psychocut
INFO     	19.554%: leafblade
INFO     	19.285%: sacredsword
INFO     Choice: nightslash
INFO     Updated oricorio's min speed to 146
INFO     oricorio already has the move revelationdance. Decrementing the PP by 1
INFO     oricorio used a normal move, removing normalgem from possible items
INFO     Setting oricorio's last used move: revelationdance
INFO     oricorio used a damaging move - not guessing lifeorb anymore
INFO     oricorio did 55.00000000000001% damage to gallade with revelationdance
INFO     oricorio has less than maxhp during upkeep, no longer guessing leftovers or blacksludge
INFO     Sampling battle 0
INFO     	       oricorio       dancer heavydutyboots [hurricane, quiverdance, revelationdance, roost] ttype=ground
INFO     	        jirachi  serenegrace    leftovers [ironhead, protect, uturn, wish] ttype=water
INFO     	  samurotthisui    sharpness   choiceband [ceaselessedge, flipturn, razorshell, sacredsword] ttype=dark
INFO     Sampling 3 unrevealed pokemon
INFO     	     toxtricity     punkrock  throatspray [boomburst, gunkshot, overdrive, shiftgear] ttype=normal
INFO     	      hitmonlee     reckless   choiceband [highjumpkick, knockoff, machpunch, poisonjab] ttype=fighting
INFO     	      bellossom  chlorophyll    leftovers [gigadrain, quiverdance, sludgebomb, strengthsap] ttype=poison
INFO     Sampling battle 1
INFO     	       oricorio       dancer heavydutyboots [hurricane, quiverdance, revelationdance, roost] ttype=ground
INFO     	        jirachi  serenegrace    leftovers [drainpunch, ironhead, stealthrock, uturn] ttype=water
INFO     	  samurotthisui    sharpness  choicescarf [ceaselessedge, flipturn, razorshell, sacredsword] ttype=water
INFO     Sampling 3 unrevealed pokemon
INFO     	       gyarados        moxie heavydutyboots [dragondance, earthquake, terablast, waterfall] ttype=flying
INFO     	    ironboulder   quarkdrive      lifeorb [closecombat, mightycleave, swordsdance, zenheadbutt] ttype=fighting
INFO     	        ogerpon      defiant heavydutyboots [ivycudgel, knockoff, spikes, uturn] ttype=grass
INFO     Sampling battle 2
INFO     	       oricorio       dancer heavydutyboots [hurricane, quiverdance, revelationdance, roost] ttype=ground
INFO     	        jirachi  serenegrace    leftovers [drainpunch, ironhead, stealthrock, uturn] ttype=fighting
INFO     	  samurotthisui    sharpness  choicescarf [ceaselessedge, flipturn, razorshell, sacredsword] ttype=dark
INFO     Sampling 3 unrevealed pokemon
INFO     	       slowking  regenerator    leftovers [psyshock, scald, slackoff, thunderwave] ttype=dragon
INFO     	        pikachu lightningrod    lightball [fakeout, knockoff, surf, volttackle] ttype=water
INFO     	       garchomp    roughskin   loadeddice [earthquake, ironhead, scaleshot, swordsdance] ttype=ground
INFO     Sampling battle 3
INFO     	       oricorio       dancer heavydutyboots [hurricane, quiverdance, revelationdance, roost] ttype=ground
INFO     	        jirachi  serenegrace    leftovers [ironhead, protect, uturn, wish] ttype=water
INFO     	  samurotthisui    sharpness   choiceband [ceaselessedge, flipturn, razorshell, sacredsword] ttype=water
INFO     Sampling 3 unrevealed pokemon
INFO     	    roaringmoon protosynthesis     lumberry [dragondance, earthquake, knockoff, outrage] ttype=dark
INFO     	        dedenne   cheekpouch  sitrusberry [dazzlinggleam, nuzzle, thunderbolt, uturn] ttype=flying
INFO     	      poliwrath  waterabsorb  assaultvest [circlethrow, closecombat, knockoff, liquidation] ttype=steel
INFO     Searching for a move using MCTS...
INFO     Sampling 4 battles at 500ms each
INFO     Policy 0: switch enamorustherian visited 100.0% avg_score=0.001 sample_chance_multiplier=0.25
INFO     Policy 1: switch enamorustherian visited 100.0% avg_score=0.002 sample_chance_multiplier=0.25
INFO     Policy 2: switch enamorustherian visited 100.0% avg_score=0.001 sample_chance_multiplier=0.25
INFO     Policy 3: switch enamorustherian visited 100.0% avg_score=0.001 sample_chance_multiplier=0.25
INFO     Considered Choices:
INFO     	100.0%: switch enamorustherian
INFO     Choice: switch enamorustherian
INFO     Opponent has switched - clearing the last used move
INFO     
INFO     Turn: 23
INFO     Sampling battle 0
INFO     	        jirachi  serenegrace    leftovers [ironhead, protect, uturn, wish] ttype=water
INFO     	  samurotthisui    sharpness   choiceband [ceaselessedge, flipturn, razorshell, sacredsword] ttype=water
INFO     Sampling 3 unrevealed pokemon
INFO     	        groudon      drought    leftovers [heatcrash, precipiceblades, swordsdance, thunderwave] ttype=fire
INFO     	      spiritomb  infiltrator    leftovers [foulplay, painsplit, poltergeist, suckerpunch] ttype=ghost
INFO     	       basculin adaptability   choiceband [aquajet, doubleedge, flipturn, wavecrash] ttype=water
INFO     Sampling battle 1
INFO     	        jirachi  serenegrace    leftovers [drainpunch, ironhead, stealthrock, uturn] ttype=fighting
INFO     	  samurotthisui    sharpness  choicescarf [ceaselessedge, flipturn, razorshell, sacredsword] ttype=poison
INFO     Sampling 3 unrevealed pokemon
WARNING  steel is not a known move
INFO     	          ditto     imposter  choicescarf [transform]
INFO     	      sudowoodo     rockhead    leftovers [earthquake, headsmash, stealthrock, woodhammer] ttype=rock
INFO     	        wugtrio        gooey   choiceband [aquajet, liquidation, stompingtantrum, throatchop] ttype=ground
INFO     Sampling battle 2
INFO     	        jirachi  serenegrace    leftovers [bodyslam, ironhead, stealthrock, uturn] ttype=water
INFO     	  samurotthisui    sharpness   choiceband [ceaselessedge, flipturn, razorshell, suckerpunch] ttype=dark
INFO     Sampling 3 unrevealed pokemon
INFO     	      gardevoir        trace      lifeorb [calmmind, moonblast, mysticalfire, psychic] ttype=fire
INFO     	      electrode   soundproof heavydutyboots [explosion, taunt, thunderbolt, voltswitch] ttype=electric
INFO     	    arceusfairy    multitype   pixieplate [calmmind, earthpower, judgment, recover] ttype=ground
INFO     Sampling battle 3
INFO     	        jirachi  serenegrace    leftovers [drainpunch, ironhead, stealthrock, uturn] ttype=water
INFO     	  samurotthisui    sharpness   choiceband [ceaselessedge, flipturn, razorshell, suckerpunch] ttype=dark
INFO     Sampling 3 unrevealed pokemon
INFO     	    gougingfire protosynthesis heavydutyboots [dragondance, earthquake, heatcrash, outrage] ttype=ground
INFO     	       porygon2     download     eviolite [discharge, icebeam, recover, triattack] ttype=ghost
INFO     	       cobalion    justified    leftovers [bodypress, ironhead, thunderwave, voltswitch] ttype=ghost
INFO     Searching for a move using MCTS...
INFO     Sampling 4 battles at 500ms each
INFO     Policy 0: moonblast visited 27.15% avg_score=0.001 sample_chance_multiplier=0.25
INFO     Policy 1: earthpower visited 25.1% avg_score=0.0 sample_chance_multiplier=0.25
INFO     Policy 2: mysticalfire visited 25.15% avg_score=0.0 sample_chance_multiplier=0.25
INFO     Policy 3: mysticalfire visited 25.17% avg_score=0.0 sample_chance_multiplier=0.25
INFO     Considered Choices:
INFO     	25.593%: moonblast
INFO     	25.18%: earthpower
INFO     	24.829%: mysticalfire
INFO     	24.398%: superpower
INFO     Choice: earthpower
INFO     Winner: Neural5
INFO     Lost with team: None
INFO     W: 2	L: 3
