INFO     Logging in...
INFO     Logging in to local server...
INFO     Searching for ranked gen9randombattle match
INFO     Initialized battle-gen9randombattle-76 against: AbraMCTS
INFO     Opponent has switched - clearing the last used move
INFO     hawlucha switched in, adding intimidate to impossible abilities
INFO     hawlucha switched in, adding pressure to impossible abilities
INFO     hawlucha switched in, adding neutralizinggas to impossible abilities
INFO     hawlucha switched in, adding sandstream to impossible abilities
INFO     hawlucha switched in, adding drought to impossible abilities
INFO     hawlucha switched in, adding drizzle to impossible abilities
INFO     hawlucha switched in, adding snowwarning to impossible abilities
INFO     hawlucha switched in, adding boosterenergy to impossible items
INFO     hawlucha switched in, adding airballoon to impossible items
INFO     
INFO     Turn: 1
INFO     Sampling battle 0
INFO     	       hawlucha     unburden    whiteherb [acrobatics, bravebird, closecombat, swordsdance] ttype=fighting
INFO     Sampling 5 unrevealed pokemon
INFO     	         rabsca  synchronize heavydutyboots [bugbuzz, psychic, recover, revivalblessing] ttype=steel
INFO     	      hitmonlee     reckless   choiceband [highjumpkick, knockoff, machpunch, stoneedge] ttype=fighting
INFO     	         eiscue      iceface  sitrusberry [bellydrum, icespinner, liquidation, zenheadbutt] ttype=water
INFO     	       overqwil   intimidate   choiceband [aquajet, crunch, gunkshot, liquidation] ttype=water
INFO     	necrozmadawnwings   prismarmor    leftovers [calmmind, moongeistbeam, moonlight, photongeyser] ttype=fairy
INFO     Sampling battle 1
INFO     	       hawlucha     unburden    whiteherb [bravebird, closecombat, stoneedge, swordsdance] ttype=flying
INFO     Sampling 5 unrevealed pokemon
INFO     	landorustherian   intimidate    leftovers [earthquake, stealthrock, stoneedge, uturn] ttype=water
INFO     	     golemalola    galvanize      lifeorb [doubleedge, earthquake, rockpolish, stoneedge] ttype=grass
INFO     	       ursaring         guts     eviolite [bodyslam, rest, sleeptalk, throatchop] ttype=ghost
INFO     	       sneasler  poisontouch   choiceband [closecombat, direclaw, throatchop, uturn] ttype=dark
INFO     	       ribombee   shielddust heavydutyboots [bugbuzz, moonblast, stickyweb, stunspore] ttype=ghost
INFO     Sampling battle 2
INFO     	       hawlucha     unburden    whiteherb [acrobatics, closecombat, encore, swordsdance] ttype=fighting
INFO     Sampling 5 unrevealed pokemon
INFO     	     victreebel  chlorophyll      lifeorb [poisonjab, powerwhip, suckerpunch, swordsdance] ttype=grass
INFO     	      registeel    clearbody  chestoberry [bodypress, irondefense, ironhead, rest] ttype=fighting
INFO     	       miraidon hadronengine    leftovers [calmmind, dracometeor, electrodrift, substitute] ttype=electric
INFO     	      arceusice    multitype  icicleplate [calmmind, earthpower, judgment, recover] ttype=ground
INFO     	       vaporeon  waterabsorb    leftovers [icebeam, protect, scald, wish] ttype=ghost
INFO     Sampling battle 3
INFO     	       hawlucha     unburden    whiteherb [acrobatics, bravebird, closecombat, swordsdance] ttype=fighting
INFO     Sampling 5 unrevealed pokemon
INFO     	      piloswine     thickfat     eviolite [earthquake, iceshard, iciclecrash, stealthrock] ttype=poison
INFO     	       orthworm   eartheater    leftovers [bodypress, heavyslam, shedtail, stealthrock] ttype=poison
INFO     	       lurantis     contrary  assaultvest [knockoff, leafstorm, leechlife, superpower] ttype=water
INFO     	        umbreon  synchronize    leftovers [foulplay, protect, toxic, wish] ttype=poison
INFO     	    arceusfairy    multitype   pixieplate [calmmind, earthpower, judgment, recover] ttype=steel
INFO     Searching for a move using MCTS...
INFO     Sampling 4 battles at 250ms each
INFO     Policy 0: flipturn visited 32.47% avg_score=0.471 sample_chance_multiplier=0.25
INFO     Policy 1: hydropump visited 78.8% avg_score=0.592 sample_chance_multiplier=0.25
INFO     Policy 2: airslash visited 35.88% avg_score=0.537 sample_chance_multiplier=0.25
INFO     Policy 3: airslash visited 31.06% avg_score=0.534 sample_chance_multiplier=0.25
INFO     Considered Choices:
INFO     	34.484%: hydropump
INFO     Choice: hydropump
INFO     Updated hawlucha's max speed to 324
INFO     keldeoresolute already has the move hydropump. Decrementing the PP by 1
INFO     keldeoresolute used a water move, removing watergem from possible items
INFO     Setting keldeoresolute's last used move: hydropump
INFO     keldeoresolute used a damaging move - not guessing lifeorb anymore
INFO     keldeoresolute did 70.0% damage to hawlucha with hydropump
INFO     hawlucha using swordsdance makes it unlikely to have a choice item. Setting can_have_choice_item to False
INFO     hawlucha used a status-move. Adding `assaultvest` to impossible items
INFO     Setting hawlucha's last used move: swordsdance
INFO     hawlucha's attack was boosted by 2 to 2
INFO     hawlucha has less than maxhp during upkeep, no longer guessing leftovers or blacksludge
INFO     
INFO     Turn: 2
INFO     Sampling battle 0
INFO     	       hawlucha     unburden    whiteherb [acrobatics, closecombat, swordsdance, throatchop] ttype=fighting
INFO     Sampling 5 unrevealed pokemon
INFO     	    kilowattrel   voltabsorb heavydutyboots [discharge, hurricane, roost, uturn] ttype=steel
INFO     	       chimecho     levitate    leftovers [healbell, psychicnoise, recover, thunderwave] ttype=poison
INFO     	          azelf     levitate    focussash [knockoff, psychic, stealthrock, taunt] ttype=dark
INFO     	      clawitzer megalauncher  choicespecs [darkpulse, dragonpulse, uturn, waterpulse] ttype=dark
INFO     	        flareon         guts     toxicorb [facade, flareblitz, quickattack, trailblaze] ttype=normal
INFO     Sampling battle 1
INFO     	       hawlucha     unburden    whiteherb [acrobatics, closecombat, stoneedge, swordsdance] ttype=fighting
INFO     Sampling 5 unrevealed pokemon
INFO     	        florges   flowerveil    leftovers [calmmind, moonblast, synthesis, terablast] ttype=ground
INFO     	      quaquaval        moxie      lifeorb [aquastep, closecombat, swordsdance, tripleaxel] ttype=water
INFO     	 giratinaorigin     levitate griseouscore [dracometeor, dragontail, poltergeist, willowisp] ttype=steel
INFO     	      mismagius     levitate  choicespecs [energyball, mysticalfire, shadowball, thunderbolt] ttype=fire
INFO     	        persian       limber   choiceband [doubleedge, knockoff, switcheroo, uturn] ttype=normal
INFO     Searching for a move using MCTS...
INFO     Sampling 2 battles at 500ms each
INFO     Policy 0: hydropump visited 73.13% avg_score=0.614 sample_chance_multiplier=0.5
INFO     Policy 1: hydropump visited 94.32% avg_score=0.644 sample_chance_multiplier=0.5
INFO     Considered Choices:
INFO     	83.723%: hydropump
INFO     Choice: hydropump
INFO     Opponent has switched - clearing the last used move
INFO     eelektross switched in, adding intimidate to impossible abilities
INFO     eelektross switched in, adding pressure to impossible abilities
INFO     eelektross switched in, adding neutralizinggas to impossible abilities
INFO     eelektross switched in, adding sandstream to impossible abilities
INFO     eelektross switched in, adding drought to impossible abilities
INFO     eelektross switched in, adding drizzle to impossible abilities
INFO     eelektross switched in, adding snowwarning to impossible abilities
INFO     eelektross switched in, adding boosterenergy to impossible items
INFO     eelektross switched in, adding airballoon to impossible items
INFO     keldeoresolute already has the move hydropump. Decrementing the PP by 1
INFO     keldeoresolute used a water move, removing watergem from possible items
INFO     Setting keldeoresolute's last used move: hydropump
INFO     keldeoresolute used a damaging move - not guessing lifeorb anymore
INFO     keldeoresolute did 30.0% damage to eelektross with hydropump
INFO     eelektross has less than maxhp during upkeep, no longer guessing leftovers or blacksludge
INFO     
INFO     Turn: 3
INFO     Sampling battle 0
INFO     	     eelektross     levitate  assaultvest [discharge, gigadrain, knockoff, uturn] ttype=steel
INFO     	       hawlucha     unburden    whiteherb [bravebird, closecombat, stoneedge, swordsdance] ttype=fighting
INFO     Sampling 4 unrevealed pokemon
INFO     	      bastiodon   soundproof  chestoberry [bodypress, foulplay, irondefense, rest] ttype=fighting
INFO     	        seviper  infiltrator      lifeorb [earthquake, glare, gunkshot, knockoff] ttype=poison
INFO     	      trevenant  naturalcure      lifeorb [drainpunch, poltergeist, willowisp, woodhammer] ttype=fighting
INFO     	        avalugg       sturdy heavydutyboots [avalanche, bodypress, rapidspin, recover] ttype=fighting
INFO     Sampling battle 1
INFO     	     eelektross     levitate  assaultvest [discharge, dragontail, gigadrain, uturn] ttype=poison
INFO     	       hawlucha     unburden    whiteherb [bravebird, closecombat, swordsdance, throatchop] ttype=flying
INFO     Sampling 4 unrevealed pokemon
INFO     	      hydrapple  regenerator  choicespecs [dracometeor, earthpower, ficklebeam, leafstorm] ttype=dragon
INFO     	  deoxysdefense     pressure    leftovers [knockoff, psychicnoise, recover, stealthrock] ttype=dark
INFO     	       lumineon   stormdrain      lifeorb [alluringvoice, encore, hydropump, icebeam] ttype=water
INFO     	      serperior     contrary      lifeorb [dragonpulse, glare, leafstorm, synthesis] ttype=dragon
INFO     Sampling battle 2
INFO     	     eelektross     levitate  assaultvest [discharge, flamethrower, knockoff, uturn] ttype=steel
INFO     	       hawlucha     unburden    whiteherb [bravebird, closecombat, stoneedge, swordsdance] ttype=fighting
INFO     Sampling 4 unrevealed pokemon
INFO     	       vaporeon  waterabsorb    leftovers [flipturn, protect, scald, wish] ttype=ground
INFO     	       venusaur     overgrow    leftovers [earthpower, energyball, sludgebomb, synthesis] ttype=water
INFO     	    gougingfire protosynthesis heavydutyboots [dragondance, earthquake, heatcrash, outrage] ttype=ground
INFO     	       clefable   magicguard      lifeorb [fireblast, knockoff, moonblast, moonlight] ttype=steel
INFO     Sampling battle 3
INFO     	     eelektross     levitate  assaultvest [closecombat, discharge, dragontail, uturn] ttype=steel
INFO     	       hawlucha     unburden    whiteherb [acrobatics, bravebird, closecombat, swordsdance] ttype=fighting
INFO     Sampling 4 unrevealed pokemon
INFO     	      vespiquen     pressure heavydutyboots [hurricane, roost, toxic, uturn] ttype=steel
INFO     	      rhyperior    solidrock  assaultvest [dragontail, earthquake, megahorn, stoneedge] ttype=dragon
INFO     	        bisharp      defiant     eviolite [ironhead, suckerpunch, swordsdance, throatchop] ttype=ghost
INFO     	      quaquaval        moxie   choiceband [aquastep, closecombat, tripleaxel, uturn] ttype=water
INFO     Searching for a move using MCTS...
INFO     Sampling 4 battles at 250ms each
INFO     Policy 0: switch magmortar visited 65.95% avg_score=0.487 sample_chance_multiplier=0.25
INFO     Policy 1: switch whiscash visited 38.05% avg_score=0.453 sample_chance_multiplier=0.25
INFO     Policy 2: switch whiscash visited 46.49% avg_score=0.482 sample_chance_multiplier=0.25
INFO     Policy 3: switch whiscash visited 43.38% avg_score=0.489 sample_chance_multiplier=0.25
INFO     Considered Choices:
INFO     	35.166%: switch whiscash
INFO     	31.184%: switch magmortar
INFO     Choice: switch magmortar
INFO     magmortar switched in, adding intimidate to impossible abilities
INFO     magmortar switched in, adding pressure to impossible abilities
INFO     magmortar switched in, adding neutralizinggas to impossible abilities
INFO     magmortar switched in, adding sandstream to impossible abilities
INFO     magmortar switched in, adding drought to impossible abilities
INFO     magmortar switched in, adding drizzle to impossible abilities
INFO     magmortar switched in, adding snowwarning to impossible abilities
INFO     magmortar switched in, adding boosterenergy to impossible items
INFO     magmortar switched in, adding airballoon to impossible items
INFO     eelektross used a fire move, removing firegem from possible items
INFO     Setting eelektross's last used move: flamethrower
INFO     eelektross used a damaging move - not guessing lifeorb anymore
INFO     eelektross did 12.36% damage to magmortar with flamethrower
INFO     eelektross has less than maxhp during upkeep, no longer guessing leftovers or blacksludge
INFO     
INFO     Turn: 4
INFO     Sampling battle 0
INFO     	     eelektross     levitate  assaultvest [discharge, flamethrower, knockoff, uturn] ttype=poison
INFO     	       hawlucha     unburden    whiteherb [acrobatics, closecombat, swordsdance, throatchop] ttype=flying
INFO     Sampling 4 unrevealed pokemon
INFO     	       dachsbun wellbakedbody    leftovers [bodypress, playrough, protect, wish] ttype=steel
INFO     	     baxcalibur thermalexchange   choiceband [earthquake, glaiverush, iceshard, iciclecrash] ttype=ground
INFO     	        breloom   technician      lifeorb [bulletseed, machpunch, spore, swordsdance] ttype=fighting
INFO     	      cramorant  gulpmissile heavydutyboots [bravebird, defog, roost, surf] ttype=ground
INFO     Sampling battle 1
INFO     	     eelektross     levitate  assaultvest [discharge, flamethrower, gigadrain, uturn] ttype=poison
INFO     	       hawlucha     unburden    whiteherb [acrobatics, closecombat, stoneedge, swordsdance] ttype=fighting
INFO     Sampling 4 unrevealed pokemon
INFO     	        dewgong     thickfat heavydutyboots [encore, flipturn, surf, tripleaxel] ttype=ground
INFO     	    roaringmoon protosynthesis     lumberry [dragondance, earthquake, knockoff, outrage] ttype=dark
INFO     	      indeedeef psychicsurge  choicescarf [healingwish, hypervoice, psychic, shadowball] ttype=psychic
INFO     	   crabominable     ironfist  assaultvest [drainpunch, earthquake, icehammer, knockoff] ttype=ground
INFO     Searching for a move using MCTS...
INFO     Sampling 2 battles at 500ms each
INFO     Policy 0: fireblast visited 27.93% avg_score=0.502 sample_chance_multiplier=0.5
INFO     Policy 1: fireblast visited 86.83% avg_score=0.555 sample_chance_multiplier=0.5
INFO     Considered Choices:
INFO     	57.381%: fireblast
INFO     Choice: fireblast
INFO     Updated eelektross's max speed to 196
INFO     magmortar already has the move fireblast. Decrementing the PP by 1
INFO     magmortar used a fire move, removing firegem from possible items
INFO     Setting magmortar's last used move: fireblast
INFO     magmortar used a damaging move - not guessing lifeorb anymore
INFO     magmortar did 38.0% damage to eelektross with fireblast
INFO     eelektross used two different moves - it cannot have a choice item
INFO     eelektross used a bug move, removing buggem from possible items
INFO     Setting eelektross's last used move: uturn
INFO     eelektross used a damaging move - not guessing lifeorb anymore
INFO     eelektross did 13.089999999999998% damage to magmortar with uturn
INFO     eelektross got status: brn
INFO     No longer guessing lumberry because eelektross got status brn
INFO     Setting eelektross's ability to: flamebody
INFO     Opponent has switched - clearing the last used move
INFO     flareon switched in, adding intimidate to impossible abilities
INFO     flareon switched in, adding pressure to impossible abilities
INFO     flareon switched in, adding neutralizinggas to impossible abilities
INFO     flareon switched in, adding sandstream to impossible abilities
INFO     flareon switched in, adding drought to impossible abilities
INFO     flareon switched in, adding drizzle to impossible abilities
INFO     flareon switched in, adding snowwarning to impossible abilities
INFO     flareon switched in, adding boosterenergy to impossible items
INFO     flareon switched in, adding airballoon to impossible items
INFO     flareon got status: tox
INFO     No longer guessing lumberry because flareon got status tox
INFO     
INFO     Turn: 5
INFO     Sampling battle 0
INFO     	        flareon         guts     toxicorb [facade, flareblitz, trailblaze, willowisp] ttype=normal
INFO     	       hawlucha     unburden    whiteherb [acrobatics, bravebird, closecombat, swordsdance] ttype=fighting
INFO     	     eelektross     levitate  assaultvest [discharge, flamethrower, knockoff, uturn] ttype=poison
INFO     Sampling 3 unrevealed pokemon
INFO     	            mew  synchronize    leftovers [encore, psychicnoise, stealthrock, willowisp] ttype=steel
INFO     	  arcaninehisui     rockhead   choiceband [closecombat, extremespeed, flareblitz, headsmash] ttype=rock
INFO     	         scizor   technician    leftovers [bulletpunch, closecombat, defog, uturn] ttype=dragon
INFO     Sampling battle 1
INFO     	        flareon         guts     toxicorb [facade, flareblitz, quickattack, trailblaze] ttype=normal
INFO     	       hawlucha     unburden    whiteherb [acrobatics, closecombat, encore, swordsdance] ttype=fighting
INFO     	     eelektross     levitate  assaultvest [discharge, flamethrower, knockoff, uturn] ttype=poison
INFO     Sampling 3 unrevealed pokemon
INFO     	      cramorant  gulpmissile heavydutyboots [bravebird, defog, roost, surf] ttype=ground
INFO     	         lunala shadowshield    leftovers [calmmind, moongeistbeam, moonlight, psyshock] ttype=dark
INFO     	     kricketune   technician    focussash [knockoff, pounce, stickyweb, taunt] ttype=ghost
INFO     Sampling battle 2
INFO     	        flareon         guts     toxicorb [facade, flareblitz, trailblaze, willowisp] ttype=normal
INFO     	       hawlucha     unburden    whiteherb [bravebird, closecombat, encore, swordsdance] ttype=flying
INFO     	     eelektross     levitate  assaultvest [closecombat, discharge, flamethrower, uturn] ttype=steel
INFO     Sampling 3 unrevealed pokemon
INFO     	      arceusbug    multitype  insectplate [calmmind, fireblast, judgment, recover] ttype=fire
INFO     	 arceusfighting    multitype    fistplate [bodypress, cosmicpower, recover, storedpower] ttype=steel
INFO     	       whiscash    oblivious      lifeorb [dragondance, earthquake, liquidation, stoneedge] ttype=ground
INFO     Sampling battle 3
INFO     	        flareon         guts     toxicorb [facade, flareblitz, quickattack, trailblaze] ttype=normal
INFO     	       hawlucha     unburden    whiteherb [acrobatics, closecombat, stoneedge, swordsdance] ttype=fighting
INFO     	     eelektross     levitate  assaultvest [closecombat, discharge, flamethrower, uturn] ttype=steel
INFO     Sampling 3 unrevealed pokemon
INFO     	          lokix   tintedlens      lifeorb [knockoff, leechlife, suckerpunch, swordsdance] ttype=dark
INFO     	          hypno     insomnia    leftovers [focusblast, protect, psychicnoise, toxic] ttype=fighting
INFO     	       samurott      torrent      lifeorb [knockoff, liquidation, megahorn, swordsdance] ttype=dark
INFO     Searching for a move using MCTS...
INFO     Sampling 4 battles at 250ms each
INFO     Policy 0: earthquake visited 91.64% avg_score=0.507 sample_chance_multiplier=0.25
INFO     Policy 1: earthquake visited 62.29% avg_score=0.466 sample_chance_multiplier=0.25
INFO     Policy 2: earthquake visited 92.73% avg_score=0.501 sample_chance_multiplier=0.25
INFO     Policy 3: earthquake visited 80.05% avg_score=0.513 sample_chance_multiplier=0.25
INFO     Considered Choices:
INFO     	81.678%: earthquake
INFO     Choice: earthquake
INFO     Updated flareon's max speed to 196
INFO     magmortar already has the move earthquake. Decrementing the PP by 1
INFO     magmortar used a ground move, removing groundgem from possible items
INFO     Setting magmortar's last used move: earthquake
INFO     magmortar used a damaging move - not guessing lifeorb anymore
INFO     magmortar did 68.0% damage to flareon with earthquake
INFO     flareon used a normal move, removing normalgem from possible items
INFO     Setting flareon's last used move: facade
INFO     flareon used a damaging move - not guessing lifeorb anymore
INFO     flareon did 74.55000000000001% damage to magmortar with facade
INFO     flareon has less than maxhp during upkeep, no longer guessing leftovers or blacksludge
INFO     Sampling battle 0
INFO     	        flareon         guts     toxicorb [facade, flareblitz, quickattack, trailblaze] ttype=normal
INFO     	       hawlucha     unburden    whiteherb [acrobatics, closecombat, swordsdance, throatchop] ttype=fighting
INFO     	     eelektross     levitate  assaultvest [closecombat, discharge, flamethrower, uturn] ttype=steel
INFO     Sampling 3 unrevealed pokemon
INFO     	        scyther   technician heavydutyboots [bugbite, closecombat, dualwingbeat, swordsdance] ttype=fighting
INFO     	    roaringmoon protosynthesis     lumberry [dragondance, earthquake, knockoff, outrage] ttype=dark
INFO     	      bastiodon   soundproof  chestoberry [bodypress, foulplay, irondefense, rest] ttype=fighting
INFO     Sampling battle 1
INFO     	        flareon         guts     toxicorb [facade, flareblitz, trailblaze, willowisp] ttype=normal
INFO     	       hawlucha     unburden    whiteherb [bravebird, closecombat, swordsdance, throatchop] ttype=flying
INFO     	     eelektross     levitate  assaultvest [discharge, dragontail, flamethrower, uturn] ttype=poison
INFO     Sampling 3 unrevealed pokemon
INFO     	     toedscruel myceliummight    leftovers [earthpower, gigadrain, knockoff, spore] ttype=water
INFO     	      zebstrika    sapsipper      lifeorb [highhorsepower, overheat, supercellslam, voltswitch] ttype=ground
INFO     	        malamar     contrary  chestoberry [knockoff, psychocut, rest, superpower] ttype=poison
INFO     Searching for a move using MCTS...
INFO     Sampling 2 battles at 500ms each
INFO     Policy 0: switch arcanine visited 88.06% avg_score=0.616 sample_chance_multiplier=0.5
INFO     Policy 1: switch arcanine visited 45.24% avg_score=0.583 sample_chance_multiplier=0.5
INFO     Considered Choices:
INFO     	66.647%: switch arcanine
INFO     Choice: switch arcanine
INFO     arcanine switched in, adding intimidate to impossible abilities
INFO     arcanine switched in, adding pressure to impossible abilities
INFO     arcanine switched in, adding neutralizinggas to impossible abilities
INFO     arcanine switched in, adding sandstream to impossible abilities
INFO     arcanine switched in, adding drought to impossible abilities
INFO     arcanine switched in, adding drizzle to impossible abilities
INFO     arcanine switched in, adding snowwarning to impossible abilities
INFO     arcanine switched in, adding boosterenergy to impossible items
INFO     arcanine switched in, adding airballoon to impossible items
INFO     Setting arcanine's ability to intimidate
INFO     flareon's attack was unboosted by 1 to -1
INFO     
INFO     Turn: 6
INFO     Sampling battle 0
INFO     	        flareon         guts     toxicorb [facade, flareblitz, quickattack, trailblaze] ttype=normal
INFO     	       hawlucha     unburden    whiteherb [acrobatics, closecombat, stoneedge, swordsdance] ttype=flying
INFO     	     eelektross     levitate  assaultvest [closecombat, discharge, flamethrower, uturn] ttype=steel
INFO     Sampling 3 unrevealed pokemon
INFO     	      terapagos    terashift heavydutyboots [calmmind, earthpower, rapidspin, terastarstorm] ttype=stellar
INFO     	       glimmora  toxicdebris   airballoon [earthpower, sludgewave, spikes, stealthrock] ttype=ground
INFO     	      blastoise      torrent    whiteherb [earthquake, hydropump, icebeam, shellsmash] ttype=water
INFO     Sampling battle 1
INFO     	        flareon         guts     toxicorb [facade, flareblitz, quickattack, trailblaze] ttype=normal
INFO     	       hawlucha     unburden    whiteherb [acrobatics, closecombat, stoneedge, swordsdance] ttype=fighting
INFO     	     eelektross     levitate  assaultvest [discharge, flamethrower, gigadrain, uturn] ttype=steel
INFO     Sampling 3 unrevealed pokemon
INFO     	thundurustherian   voltabsorb heavydutyboots [focusblast, nastyplot, sludgewave, thunderbolt] ttype=poison
INFO     	       solgaleo fullmetalbody    leftovers [morningsun, psychicfangs, roar, sunsteelstrike] ttype=water
INFO     	        haxorus  moldbreaker     lumberry [dragondance, earthquake, ironhead, outrage] ttype=steel
INFO     Searching for a move using MCTS...
INFO     Sampling 2 battles at 500ms each
INFO     Policy 0: switch keldeoresolute visited 27.27% avg_score=0.42 sample_chance_multiplier=0.5
INFO     Policy 1: closecombat visited 25.75% avg_score=0.439 sample_chance_multiplier=0.5
INFO     Considered Choices:
INFO     	21.767%: switch whiscash
INFO     	20.558%: closecombat
INFO     Choice: switch whiscash
INFO     whiscash switched in, adding intimidate to impossible abilities
INFO     whiscash switched in, adding pressure to impossible abilities
INFO     whiscash switched in, adding neutralizinggas to impossible abilities
INFO     whiscash switched in, adding sandstream to impossible abilities
INFO     whiscash switched in, adding drought to impossible abilities
INFO     whiscash switched in, adding drizzle to impossible abilities
INFO     whiscash switched in, adding snowwarning to impossible abilities
INFO     whiscash switched in, adding boosterenergy to impossible items
INFO     whiscash switched in, adding airballoon to impossible items
INFO     Opponent has switched - clearing the last used move
INFO     luvdisc switched in, adding intimidate to impossible abilities
INFO     luvdisc switched in, adding pressure to impossible abilities
INFO     luvdisc switched in, adding neutralizinggas to impossible abilities
INFO     luvdisc switched in, adding sandstream to impossible abilities
INFO     luvdisc switched in, adding drought to impossible abilities
INFO     luvdisc switched in, adding drizzle to impossible abilities
INFO     luvdisc switched in, adding snowwarning to impossible abilities
INFO     luvdisc switched in, adding boosterenergy to impossible items
INFO     luvdisc switched in, adding airballoon to impossible items
INFO     
INFO     Turn: 7
INFO     Sampling battle 0
INFO     	        luvdisc    swiftswim heavydutyboots [endeavor, substitute, surf, whirlpool] ttype=ghost
INFO     	       hawlucha     unburden    whiteherb [acrobatics, closecombat, stoneedge, swordsdance] ttype=fighting
INFO     	     eelektross     levitate  assaultvest [discharge, flamethrower, knockoff, uturn] ttype=steel
INFO     	        flareon         guts     toxicorb [facade, flareblitz, quickattack, trailblaze] ttype=normal
INFO     Sampling 2 unrevealed pokemon
INFO     	       gyarados   intimidate heavydutyboots [dragondance, earthquake, stoneedge, waterfall] ttype=ground
INFO     	        jolteon   voltabsorb      lifeorb [alluringvoice, calmmind, shadowball, thunderbolt] ttype=fairy
INFO     Sampling battle 1
INFO     	        luvdisc    swiftswim heavydutyboots [endeavor, substitute, surf, whirlpool] ttype=ghost
INFO     	       hawlucha     unburden    whiteherb [acrobatics, closecombat, swordsdance, throatchop] ttype=fighting
INFO     	     eelektross     levitate  assaultvest [discharge, flamethrower, knockoff, uturn] ttype=poison
INFO     	        flareon         guts     toxicorb [facade, flareblitz, trailblaze, willowisp] ttype=normal
INFO     Sampling 2 unrevealed pokemon
INFO     	        shiftry    windrider      lifeorb [knockoff, leafstorm, suckerpunch, willowisp] ttype=dark
INFO     	     houndstone       fluffy    leftovers [bodypress, poltergeist, shadowsneak, willowisp] ttype=fighting
INFO     Searching for a move using MCTS...
INFO     Sampling 2 battles at 500ms each
INFO     Policy 0: stealthrock visited 88.18% avg_score=0.641 sample_chance_multiplier=0.5
INFO     Policy 1: stealthrock visited 87.0% avg_score=0.671 sample_chance_multiplier=0.5
INFO     Considered Choices:
INFO     	87.591%: stealthrock
INFO     Choice: stealthrock
INFO     Updated luvdisc's min speed to 156
INFO     luvdisc using substitute makes it unlikely to have a choice item. Setting can_have_choice_item to False
INFO     luvdisc used a status-move. Adding `assaultvest` to impossible items
INFO     Setting luvdisc's last used move: substitute
INFO     Starting the volatile status substitute on luvdisc
INFO     luvdisc started a substitute - setting substitute_hit to False
INFO     whiscash already has the move stealthrock. Decrementing the PP by 1
INFO     whiscash used a status-move. Adding `assaultvest` to impossible items
INFO     Setting whiscash's last used move: stealthrock
INFO     Incremented side condition stealthrock to 1 for luvdisc
INFO     luvdisc has less than maxhp during upkeep, no longer guessing leftovers or blacksludge
INFO     
INFO     Turn: 8
INFO     Sampling battle 0
INFO     	        luvdisc    swiftswim heavydutyboots [endeavor, substitute, surf, whirlpool] ttype=ground
INFO     	       hawlucha     unburden    whiteherb [acrobatics, closecombat, encore, swordsdance] ttype=fighting
INFO     	     eelektross     levitate  assaultvest [discharge, dragontail, flamethrower, uturn] ttype=steel
INFO     	        flareon         guts     toxicorb [facade, flareblitz, trailblaze, willowisp] ttype=normal
INFO     Sampling 2 unrevealed pokemon
INFO     	      ceruledge    weakarmor heavydutyboots [bitterblade, poltergeist, shadowsneak, swordsdance] ttype=fire
INFO     	         eiscue      iceface  sitrusberry [bellydrum, icespinner, ironhead, liquidation] ttype=water
INFO     Sampling battle 1
INFO     	        luvdisc    swiftswim heavydutyboots [endeavor, substitute, surf, whirlpool] ttype=ghost
INFO     	       hawlucha     unburden    whiteherb [acrobatics, bravebird, closecombat, swordsdance] ttype=flying
INFO     	     eelektross     levitate  assaultvest [discharge, flamethrower, knockoff, uturn] ttype=steel
INFO     	        flareon         guts     toxicorb [facade, flareblitz, quickattack, trailblaze] ttype=normal
INFO     Sampling 2 unrevealed pokemon
INFO     	        persian       limber   choiceband [doubleedge, knockoff, switcheroo, uturn] ttype=normal
INFO     	       delibird       hustle heavydutyboots [bravebird, iceshard, icespinner, spikes] ttype=flying
INFO     Searching for a move using MCTS...
INFO     Sampling 2 battles at 500ms each
INFO     Policy 0: earthquake visited 77.28% avg_score=0.653 sample_chance_multiplier=0.5
INFO     Policy 1: switch breloom visited 89.63% avg_score=0.693 sample_chance_multiplier=0.5
INFO     Considered Choices:
INFO     	49.29%: switch breloom
INFO     	39.508%: earthquake
INFO     Choice: switch breloom
INFO     breloom switched in, adding intimidate to impossible abilities
INFO     breloom switched in, adding pressure to impossible abilities
INFO     breloom switched in, adding neutralizinggas to impossible abilities
INFO     breloom switched in, adding sandstream to impossible abilities
INFO     breloom switched in, adding drought to impossible abilities
INFO     breloom switched in, adding drizzle to impossible abilities
INFO     breloom switched in, adding snowwarning to impossible abilities
INFO     breloom switched in, adding boosterenergy to impossible items
INFO     breloom switched in, adding airballoon to impossible items
INFO     luvdisc used two different moves - it cannot have a choice item
INFO     luvdisc used a normal move, removing normalgem from possible items
INFO     Setting luvdisc's last used move: endeavor
INFO     luvdisc used a damaging move - not guessing lifeorb anymore
INFO     luvdisc did 20.849999999999998% damage to breloom with endeavor
INFO     luvdisc has less than maxhp during upkeep, no longer guessing leftovers or blacksludge
INFO     
INFO     Turn: 9
INFO     Sampling battle 0
INFO     	        luvdisc    swiftswim heavydutyboots [endeavor, substitute, surf, whirlpool] ttype=ground
INFO     	       hawlucha     unburden    whiteherb [bravebird, closecombat, swordsdance, throatchop] ttype=fighting
INFO     	     eelektross     levitate  assaultvest [closecombat, discharge, flamethrower, uturn] ttype=poison
INFO     	        flareon         guts     toxicorb [facade, flareblitz, trailblaze, willowisp] ttype=normal
INFO     Sampling 2 unrevealed pokemon
INFO     	      hydreigon     levitate      lifeorb [darkpulse, dracometeor, fireblast, nastyplot] ttype=dragon
INFO     	       enamorus    cutecharm heavydutyboots [calmmind, earthpower, moonblast, mysticalfire] ttype=ground
INFO     Sampling battle 1
INFO     	        luvdisc    swiftswim heavydutyboots [endeavor, substitute, surf, whirlpool] ttype=ghost
INFO     	       hawlucha     unburden    whiteherb [bravebird, closecombat, encore, swordsdance] ttype=fighting
INFO     	     eelektross     levitate  assaultvest [discharge, flamethrower, gigadrain, uturn] ttype=steel
INFO     	        flareon         guts     toxicorb [facade, flareblitz, quickattack, trailblaze] ttype=normal
INFO     Sampling 2 unrevealed pokemon
INFO     	      hitmonlee     reckless   choiceband [highjumpkick, knockoff, machpunch, poisonjab] ttype=fighting
INFO     	ursalunabloodmoon     mindseye    leftovers [bloodmoon, calmmind, moonlight, vacuumwave] ttype=poison
INFO     Searching for a move using MCTS...
INFO     Sampling 2 battles at 500ms each
INFO     Policy 0: rocktomb visited 24.91% avg_score=0.67 sample_chance_multiplier=0.5
INFO     Policy 1: swordsdance visited 91.51% avg_score=0.807 sample_chance_multiplier=0.5
INFO     Considered Choices:
INFO     	52.991%: swordsdance
INFO     Choice: swordsdance
INFO     Opponent has switched - clearing the last used move
INFO     heracross switched in, adding intimidate to impossible abilities
INFO     heracross switched in, adding pressure to impossible abilities
INFO     heracross switched in, adding neutralizinggas to impossible abilities
INFO     heracross switched in, adding sandstream to impossible abilities
INFO     heracross switched in, adding drought to impossible abilities
INFO     heracross switched in, adding drizzle to impossible abilities
INFO     heracross switched in, adding snowwarning to impossible abilities
INFO     heracross switched in, adding boosterenergy to impossible items
INFO     heracross switched in, adding airballoon to impossible items
INFO     heracross was affected by stealthrock, it cannot have heavydutyboots
INFO     breloom already has the move swordsdance. Decrementing the PP by 1
INFO     breloom using swordsdance makes it unlikely to have a choice item. Setting can_have_choice_item to False
INFO     breloom used a status-move. Adding `assaultvest` to impossible items
INFO     Setting breloom's last used move: swordsdance
INFO     breloom's attack was boosted by 2 to 2
INFO     heracross has less than maxhp during upkeep, no longer guessing leftovers or blacksludge
INFO     
INFO     Turn: 10
INFO     Sampling battle 0
INFO     	      heracross        moxie  choicescarf [closecombat, earthquake, megahorn, stoneedge] ttype=rock
INFO     	       hawlucha     unburden    whiteherb [acrobatics, bravebird, closecombat, swordsdance] ttype=fighting
INFO     	     eelektross     levitate  assaultvest [closecombat, discharge, flamethrower, uturn] ttype=poison
INFO     	        flareon         guts     toxicorb [facade, flareblitz, trailblaze, willowisp] ttype=normal
INFO     	        luvdisc    swiftswim heavydutyboots [endeavor, substitute, surf, whirlpool] ttype=ground
INFO     Sampling 1 unrevealed pokemon
INFO     	       chienpao  swordofruin heavydutyboots [iciclecrash, sacredsword, swordsdance, throatchop] ttype=dark
INFO     Sampling battle 1
INFO     	      heracross        moxie   choiceband [closecombat, knockoff, megahorn, stoneedge] ttype=rock
INFO     	       hawlucha     unburden    whiteherb [acrobatics, bravebird, closecombat, swordsdance] ttype=fighting
INFO     	     eelektross     levitate  assaultvest [discharge, flamethrower, gigadrain, uturn] ttype=poison
INFO     	        flareon         guts     toxicorb [facade, flareblitz, trailblaze, willowisp] ttype=normal
INFO     	        luvdisc    swiftswim heavydutyboots [endeavor, substitute, surf, whirlpool] ttype=ground
INFO     Sampling 1 unrevealed pokemon
INFO     	       appletun     thickfat    leftovers [appleacid, dracometeor, dragontail, recover] ttype=steel
INFO     Searching for a move using MCTS...
INFO     Sampling 2 battles at 500ms each
INFO     Policy 0: rocktomb visited 89.81% avg_score=0.44 sample_chance_multiplier=0.5
INFO     Policy 1: machpunch visited 57.38% avg_score=0.29 sample_chance_multiplier=0.5
INFO     Considered Choices:
INFO     	45.244%: rocktomb
INFO     Choice: rocktomb
INFO     Updated heracross's min speed to 164
INFO     heracross used a fighting move, removing fightinggem from possible items
INFO     Setting heracross's last used move: closecombat
INFO     heracross used a damaging move - not guessing lifeorb anymore
INFO     heracross did 68.94% damage to breloom with closecombat
INFO     heracross's defense was unboosted by 1 to -1
INFO     heracross's special-defense was unboosted by 1 to -1
INFO     breloom already has the move rocktomb. Decrementing the PP by 1
INFO     breloom used a rock move, removing rockgem from possible items
INFO     Setting breloom's last used move: rocktomb
INFO     breloom used a damaging move - not guessing lifeorb anymore
INFO     breloom did 88.0% damage to heracross with rocktomb
INFO     Setting breloom's item to: lifeorb
INFO     heracross has less than maxhp during upkeep, no longer guessing leftovers or blacksludge
INFO     Opponent has switched - clearing the last used move
INFO     eelektross was affected by stealthrock, it cannot have heavydutyboots
INFO     
INFO     Turn: 11
INFO     Sampling battle 0
INFO     	     eelektross     levitate  assaultvest [discharge, dragontail, flamethrower, uturn] ttype=poison
INFO     	       hawlucha     unburden    whiteherb [acrobatics, bravebird, closecombat, swordsdance] ttype=fighting
INFO     	        flareon         guts     toxicorb [facade, flareblitz, quickattack, trailblaze] ttype=normal
INFO     	        luvdisc    swiftswim heavydutyboots [endeavor, substitute, surf, whirlpool] ttype=ground
INFO     Sampling 1 unrevealed pokemon
INFO     	 electrodehisui   soundproof      lifeorb [gigadrain, taunt, thunderbolt, thunderwave] ttype=grass
INFO     Sampling battle 1
INFO     	     eelektross     levitate  assaultvest [closecombat, discharge, flamethrower, uturn] ttype=steel
INFO     	       hawlucha     unburden    whiteherb [acrobatics, closecombat, stoneedge, swordsdance] ttype=flying
INFO     	        flareon         guts     toxicorb [facade, flareblitz, quickattack, trailblaze] ttype=normal
INFO     	        luvdisc    swiftswim heavydutyboots [endeavor, substitute, surf, whirlpool] ttype=ground
INFO     Sampling 1 unrevealed pokemon
INFO     	     ironthorns   quarkdrive boosterenergy [dragondance, earthquake, stoneedge, wildcharge] ttype=ground
INFO     Searching for a move using MCTS...
INFO     Sampling 2 battles at 500ms each
INFO     Policy 0: switch whiscash visited 81.17% avg_score=0.418 sample_chance_multiplier=0.5
INFO     Policy 1: switch whiscash visited 91.68% avg_score=0.449 sample_chance_multiplier=0.5
INFO     Considered Choices:
INFO     	86.424%: switch whiscash
INFO     Choice: switch whiscash
INFO     eelektross already has the move uturn. Decrementing the PP by 1
INFO     eelektross used a bug move, removing buggem from possible items
INFO     Setting eelektross's last used move: uturn
INFO     eelektross used a damaging move - not guessing lifeorb anymore
INFO     eelektross did 9.5% damage to whiscash with uturn
INFO     Opponent has switched - clearing the last used move
INFO     hawlucha was affected by stealthrock, it cannot have heavydutyboots
INFO     Setting whiscash's item to: leftovers
INFO     hawlucha has less than maxhp during upkeep, no longer guessing leftovers or blacksludge
INFO     
INFO     Turn: 12
INFO     Sampling battle 0
INFO     	       hawlucha     unburden    whiteherb [bravebird, closecombat, swordsdance, throatchop] ttype=flying
INFO     	        flareon         guts     toxicorb [facade, flareblitz, quickattack, trailblaze] ttype=normal
INFO     	        luvdisc    swiftswim heavydutyboots [endeavor, substitute, surf, whirlpool] ttype=ground
INFO     	     eelektross     levitate  assaultvest [discharge, dragontail, flamethrower, uturn] ttype=steel
INFO     Sampling 1 unrevealed pokemon
INFO     	        mimikyu     disguise      lifeorb [playrough, shadowclaw, shadowsneak, swordsdance] ttype=ghost
INFO     Sampling battle 1
INFO     	       hawlucha     unburden    whiteherb [acrobatics, closecombat, encore, swordsdance] ttype=flying
INFO     	        flareon         guts     toxicorb [facade, flareblitz, trailblaze, willowisp] ttype=normal
INFO     	        luvdisc    swiftswim heavydutyboots [endeavor, substitute, surf, whirlpool] ttype=ghost
INFO     	     eelektross     levitate  assaultvest [closecombat, discharge, flamethrower, uturn] ttype=poison
INFO     Sampling 1 unrevealed pokemon
INFO     	       rotomfan     levitate heavydutyboots [airslash, nastyplot, thunderbolt, willowisp] ttype=electric
INFO     Searching for a move using MCTS...
INFO     Sampling 2 battles at 500ms each
INFO     Policy 0: icebeam visited 70.05% avg_score=0.569 sample_chance_multiplier=0.5
INFO     Policy 1: icebeam visited 87.22% avg_score=0.578 sample_chance_multiplier=0.5
INFO     Considered Choices:
INFO     	78.639%: icebeam
INFO     Choice: icebeam
INFO     Updated hawlucha's min speed to 156
INFO     hawlucha used a flying move, removing flyinggem from possible items
INFO     Setting hawlucha's last used move: bravebird
INFO     hawlucha used a damaging move - not guessing lifeorb anymore
INFO     hawlucha did 34.72% damage to whiscash with bravebird
INFO     whiscash already has the move icebeam. Decrementing the PP by 1
INFO     whiscash used a ice move, removing icegem from possible items
INFO     Setting whiscash's last used move: icebeam
INFO     whiscash used a damaging move - not guessing lifeorb anymore
INFO     whiscash did 2.0% damage to hawlucha with icebeam
INFO     Setting whiscash's item to: leftovers
INFO     hawlucha has less than maxhp during upkeep, no longer guessing leftovers or blacksludge
INFO     Opponent has switched - clearing the last used move
INFO     eelektross was affected by stealthrock, it cannot have heavydutyboots
INFO     
INFO     Turn: 13
INFO     Sampling battle 0
INFO     	     eelektross     levitate  assaultvest [closecombat, discharge, flamethrower, uturn] ttype=steel
INFO     	        flareon         guts     toxicorb [facade, flareblitz, quickattack, trailblaze] ttype=normal
INFO     	        luvdisc    swiftswim heavydutyboots [endeavor, substitute, surf, whirlpool] ttype=ground
INFO     Sampling 1 unrevealed pokemon
INFO     	   dialgaorigin     pressure adamantcrystal [dracometeor, fireblast, flashcannon, stealthrock] ttype=steel
INFO     Sampling battle 1
INFO     	     eelektross     levitate  assaultvest [discharge, flamethrower, knockoff, uturn] ttype=steel
INFO     	        flareon         guts     toxicorb [facade, flareblitz, trailblaze, willowisp] ttype=normal
INFO     	        luvdisc    swiftswim heavydutyboots [endeavor, substitute, surf, whirlpool] ttype=ghost
INFO     Sampling 1 unrevealed pokemon
INFO     	   dugtrioalola tanglinghair   choiceband [earthquake, ironhead, stoneedge, suckerpunch] ttype=ground
INFO     Searching for a move using MCTS...
INFO     Sampling 2 battles at 500ms each
INFO     Policy 0: icebeam visited 83.12% avg_score=0.672 sample_chance_multiplier=0.5
INFO     Policy 1: spikes visited 91.47% avg_score=0.718 sample_chance_multiplier=0.5
INFO     Considered Choices:
INFO     	51.201%: spikes
INFO     	43.548%: icebeam
INFO     Choice: icebeam
INFO     whiscash already has the move icebeam. Decrementing the PP by 1
INFO     whiscash used a ice move, removing icegem from possible items
INFO     Setting whiscash's last used move: icebeam
INFO     whiscash used a damaging move - not guessing lifeorb anymore
INFO     whiscash did 7.000000000000001% damage to eelektross with icebeam
INFO     Setting whiscash's item to: leftovers
INFO     eelektross has less than maxhp during upkeep, no longer guessing leftovers or blacksludge
INFO     Opponent has switched - clearing the last used move
INFO     luvdisc has heavydutyboots
INFO     
INFO     Turn: 14
INFO     Sampling battle 0
INFO     	        luvdisc    swiftswim heavydutyboots [endeavor, substitute, surf, whirlpool] ttype=ghost
INFO     	        flareon         guts     toxicorb [facade, flareblitz, trailblaze, willowisp] ttype=normal
INFO     Sampling 1 unrevealed pokemon
INFO     	        morpeko hungerswitch    leftovers [aurawheel, knockoff, protect, rapidspin] ttype=electric
INFO     Sampling battle 1
INFO     	        luvdisc    swiftswim heavydutyboots [endeavor, substitute, surf, whirlpool] ttype=ground
INFO     	        flareon         guts     toxicorb [facade, flareblitz, trailblaze, willowisp] ttype=normal
INFO     Sampling 1 unrevealed pokemon
INFO     	 exeggutoralola      harvest  sitrusberry [dracometeor, dragontail, flamethrower, woodhammer] ttype=fire
INFO     Searching for a move using MCTS...
INFO     Sampling 2 battles at 500ms each
INFO     Policy 0: earthquake visited 97.57% avg_score=0.723 sample_chance_multiplier=0.5
INFO     Policy 1: earthquake visited 96.9% avg_score=0.717 sample_chance_multiplier=0.5
INFO     Considered Choices:
INFO     	97.234%: earthquake
INFO     Choice: earthquake
INFO     Updated luvdisc's min speed to 156
INFO     luvdisc already has the move substitute. Decrementing the PP by 1
INFO     luvdisc using substitute makes it unlikely to have a choice item. Setting can_have_choice_item to False
INFO     luvdisc used a status-move. Adding `assaultvest` to impossible items
INFO     Setting luvdisc's last used move: substitute
INFO     Starting the volatile status substitute on luvdisc
INFO     luvdisc started a substitute - setting substitute_hit to False
INFO     whiscash already has the move earthquake. Decrementing the PP by 1
INFO     whiscash used a ground move, removing groundgem from possible items
INFO     Setting whiscash's last used move: earthquake
INFO     whiscash used a damaging move - not guessing lifeorb anymore
INFO     Substitute ended for luvdisc
INFO     Removing the volatile status substitute from luvdisc
INFO     Setting whiscash's item to: leftovers
INFO     luvdisc has less than maxhp during upkeep, no longer guessing leftovers or blacksludge
INFO     
INFO     Turn: 15
INFO     Sampling battle 0
INFO     	        luvdisc    swiftswim heavydutyboots [endeavor, substitute, surf, whirlpool] ttype=ghost
INFO     	        flareon         guts     toxicorb [facade, flareblitz, trailblaze, willowisp] ttype=normal
INFO     Sampling 1 unrevealed pokemon
INFO     	       illumise    prankster heavydutyboots [bugbuzz, encore, roost, thunderwave] ttype=water
INFO     Sampling battle 1
INFO     	        luvdisc    swiftswim heavydutyboots [endeavor, substitute, surf, whirlpool] ttype=ground
INFO     	        flareon         guts     toxicorb [facade, flareblitz, trailblaze, willowisp] ttype=normal
INFO     Sampling 1 unrevealed pokemon
INFO     	        malamar     contrary  chestoberry [knockoff, psychocut, rest, superpower] ttype=fighting
INFO     Searching for a move using MCTS...
INFO     Sampling 2 battles at 500ms each
INFO     Policy 0: earthquake visited 96.47% avg_score=0.641 sample_chance_multiplier=0.5
INFO     Policy 1: earthquake visited 34.6% avg_score=0.525 sample_chance_multiplier=0.5
INFO     Considered Choices:
INFO     	65.534%: earthquake
INFO     Choice: earthquake
INFO     Updated luvdisc's min speed to 156
INFO     luvdisc already has the move endeavor. Decrementing the PP by 1
INFO     luvdisc used two different moves - it cannot have a choice item
INFO     luvdisc used a normal move, removing normalgem from possible items
INFO     Setting luvdisc's last used move: endeavor
INFO     luvdisc used a damaging move - not guessing lifeorb anymore
INFO     luvdisc did 43.62% damage to whiscash with endeavor
INFO     whiscash already has the move earthquake. Decrementing the PP by 1
INFO     whiscash used a ground move, removing groundgem from possible items
INFO     Setting whiscash's last used move: earthquake
INFO     whiscash used a damaging move - not guessing lifeorb anymore
INFO     whiscash did 51.0% damage to luvdisc with earthquake
INFO     Setting whiscash's item to: leftovers
INFO     luvdisc has less than maxhp during upkeep, no longer guessing leftovers or blacksludge
INFO     Opponent has switched - clearing the last used move
INFO     beartic switched in, adding intimidate to impossible abilities
INFO     beartic switched in, adding pressure to impossible abilities
INFO     beartic switched in, adding neutralizinggas to impossible abilities
INFO     beartic switched in, adding sandstream to impossible abilities
INFO     beartic switched in, adding drought to impossible abilities
INFO     beartic switched in, adding drizzle to impossible abilities
INFO     beartic switched in, adding snowwarning to impossible abilities
INFO     beartic switched in, adding boosterenergy to impossible items
INFO     beartic switched in, adding airballoon to impossible items
INFO     beartic has heavydutyboots
INFO     
INFO     Turn: 16
INFO     Sampling battle 0
INFO     	        beartic    slushrush heavydutyboots [earthquake, iciclecrash, snowscape, swordsdance] ttype=ground
INFO     	        flareon         guts     toxicorb [facade, flareblitz, quickattack, trailblaze] ttype=normal
INFO     Sampling battle 1
INFO     	        beartic    slushrush heavydutyboots [closecombat, earthquake, iciclecrash, snowscape] ttype=fighting
INFO     	        flareon         guts     toxicorb [facade, flareblitz, trailblaze, willowisp] ttype=normal
INFO     Searching for a move using MCTS...
INFO     Sampling 2 battles at 500ms each
INFO     Policy 0: switch arcanine visited 98.96% avg_score=0.94 sample_chance_multiplier=0.5
INFO     Policy 1: earthquake visited 98.23% avg_score=0.854 sample_chance_multiplier=0.5
INFO     Considered Choices:
INFO     	49.827%: switch arcanine
INFO     	49.229%: earthquake
INFO     Choice: switch arcanine
INFO     Setting arcanine's ability to intimidate
INFO     beartic's attack was unboosted by 1 to -1
INFO     beartic used a ground move, removing groundgem from possible items
INFO     Setting beartic's last used move: earthquake
INFO     beartic used a damaging move - not guessing lifeorb anymore
INFO     beartic did 50.0% damage to arcanine with earthquake
INFO     
INFO     Turn: 17
INFO     Sampling battle 0
INFO     	        beartic    slushrush heavydutyboots [aquajet, earthquake, iciclecrash, swordsdance] ttype=ground
INFO     	        flareon         guts     toxicorb [facade, flareblitz, quickattack, trailblaze] ttype=normal
INFO     Sampling battle 1
INFO     	        beartic    slushrush heavydutyboots [aquajet, earthquake, iciclecrash, swordsdance] ttype=ground
INFO     	        flareon         guts     toxicorb [facade, flareblitz, trailblaze, willowisp] ttype=normal
INFO     Searching for a move using MCTS...
INFO     Sampling 2 battles at 500ms each
INFO     Policy 0: flareblitz visited 99.78% avg_score=0.98 sample_chance_multiplier=0.5
INFO     Policy 1: flareblitz visited 99.78% avg_score=0.98 sample_chance_multiplier=0.5
INFO     Considered Choices:
INFO     	99.778%: flareblitz
INFO     Choice: flareblitz
INFO     Opponent has switched - clearing the last used move
INFO     arcanine already has the move flareblitz. Decrementing the PP by 1
INFO     arcanine used a fire move, removing firegem from possible items
INFO     Setting arcanine's last used move: flareblitz
INFO     arcanine used a damaging move - not guessing lifeorb anymore
INFO     arcanine did 1.0% damage to flareon with flareblitz
INFO     flareon has less than maxhp during upkeep, no longer guessing leftovers or blacksludge
INFO     Opponent has switched - clearing the last used move
INFO     
INFO     Turn: 18
INFO     Sampling battle 0
INFO     	        beartic    slushrush heavydutyboots [closecombat, earthquake, iciclecrash, snowscape] ttype=fighting
INFO     Sampling battle 1
INFO     	        beartic    slushrush heavydutyboots [closecombat, earthquake, iciclecrash, swordsdance] ttype=ground
INFO     Searching for a move using MCTS...
INFO     Sampling 2 battles at 500ms each
INFO     Policy 0: flareblitz visited 99.93% avg_score=0.993 sample_chance_multiplier=0.5
INFO     Policy 1: flareblitz visited 99.94% avg_score=0.994 sample_chance_multiplier=0.5
INFO     Considered Choices:
INFO     	99.939%: flareblitz
INFO     Choice: flareblitz
INFO     Updated beartic's max speed to 208
INFO     arcanine already has the move flareblitz. Decrementing the PP by 1
INFO     arcanine used a fire move, removing firegem from possible items
INFO     Setting arcanine's last used move: flareblitz
INFO     arcanine used a damaging move - not guessing lifeorb anymore
INFO     arcanine did 92.0% damage to beartic with flareblitz
INFO     beartic got status: brn
INFO     No longer guessing lumberry because beartic got status brn
INFO     beartic already has the move earthquake. Decrementing the PP by 1
INFO     beartic used a ground move, removing groundgem from possible items
INFO     Setting beartic's last used move: earthquake
INFO     beartic used a damaging move - not guessing lifeorb anymore
INFO     beartic did 15.620000000000001% damage to arcanine with earthquake
INFO     beartic has less than maxhp during upkeep, no longer guessing leftovers or blacksludge
INFO     Sampling battle 0
INFO     	        beartic    swiftswim heavydutyboots [closecombat, earthquake, iciclecrash, swordsdance] ttype=ground
INFO     Sampling battle 1
INFO     	        beartic    slushrush heavydutyboots [closecombat, earthquake, iciclecrash, snowscape] ttype=ground
INFO     Searching for a move using MCTS...
INFO     Sampling 2 battles at 500ms each
INFO     Policy 0: switch sawsbuck visited 25.0% avg_score=1.0 sample_chance_multiplier=0.5
INFO     Policy 1: switch sawsbuck visited 25.0% avg_score=1.0 sample_chance_multiplier=0.5
INFO     Considered Choices:
INFO     	25.0%: switch sawsbuck
INFO     	25.0%: switch keldeoresolute
INFO     	25.0%: switch breloom
INFO     	24.999%: switch whiscash
INFO     Choice: switch breloom
INFO     
INFO     Turn: 19
INFO     Sampling battle 0
INFO     	        beartic    slushrush heavydutyboots [closecombat, earthquake, iciclecrash, snowscape] ttype=fighting
INFO     Sampling battle 1
INFO     	        beartic    slushrush heavydutyboots [closecombat, earthquake, iciclecrash, snowscape] ttype=fighting
INFO     Searching for a move using MCTS...
INFO     Sampling 2 battles at 500ms each
INFO     Policy 0: rocktomb visited 14.29% avg_score=1.0 sample_chance_multiplier=0.5
INFO     Policy 1: rocktomb visited 14.29% avg_score=1.0 sample_chance_multiplier=0.5
INFO     Considered Choices:
INFO     	14.286%: rocktomb
INFO     	14.286%: machpunch
INFO     	14.286%: swordsdance
INFO     	14.286%: bulletseed
INFO     	14.286%: switch sawsbuck
INFO     	14.286%: switch keldeoresolute
INFO     	14.285%: switch whiscash
INFO     Choice: bulletseed
INFO     Winner: VanillaMCTS
INFO     Won with team: None
INFO     W: 1	L: 0
INFO     Searching for ranked gen9randombattle match
INFO     Initialized battle-gen9randombattle-77 against: AbraMCTS
INFO     Opponent has switched - clearing the last used move
INFO     virizion switched in, adding intimidate to impossible abilities
INFO     virizion switched in, adding pressure to impossible abilities
INFO     virizion switched in, adding neutralizinggas to impossible abilities
INFO     virizion switched in, adding sandstream to impossible abilities
INFO     virizion switched in, adding drought to impossible abilities
INFO     virizion switched in, adding drizzle to impossible abilities
INFO     virizion switched in, adding snowwarning to impossible abilities
INFO     virizion switched in, adding boosterenergy to impossible items
INFO     virizion switched in, adding airballoon to impossible items
INFO     Setting the field to psychicterrain
INFO     
INFO     Turn: 1
INFO     Sampling battle 0
INFO     	       virizion    justified      lifeorb [closecombat, leafblade, stoneedge, swordsdance] ttype=rock
INFO     Sampling 5 unrevealed pokemon
INFO     	     shayminsky  serenegrace  choicespecs [airslash, dazzlinggleam, earthpower, seedflare] ttype=grass
INFO     	urshifurapidstrike   unseenfist      lifeorb [aquajet, closecombat, surgingstrikes, swordsdance] ttype=water
INFO     	         minior  shieldsdown    whiteherb [acrobatics, earthquake, powergem, shellsmash] ttype=flying
INFO     	      metagross    clearbody    leftovers [bulletpunch, earthquake, heavyslam, stealthrock] ttype=water
INFO     	     arceusfire    multitype   flameplate [earthquake, extremespeed, flareblitz, swordsdance] ttype=fire
INFO     Sampling battle 1
INFO     	       virizion    justified      lifeorb [closecombat, leafblade, stoneedge, swordsdance] ttype=rock
INFO     Sampling 5 unrevealed pokemon
INFO     	          lokix   tintedlens      lifeorb [firstimpression, knockoff, leechlife, suckerpunch] ttype=bug
INFO     	       houndoom    flashfire heavydutyboots [darkpulse, fireblast, nastyplot, sludgebomb] ttype=fire
INFO     	        ariados     insomnia heavydutyboots [megahorn, poisonjab, stickyweb, toxicspikes] ttype=ghost
INFO     	         raichu lightningrod    focussash [focusblast, nastyplot, surf, thunderbolt] ttype=water
INFO     	          hypno     insomnia    leftovers [encore, knockoff, psychicnoise, toxic] ttype=steel
INFO     Sampling battle 2
INFO     	       virizion    justified      lifeorb [closecombat, leafblade, stoneedge, swordsdance] ttype=rock
INFO     Sampling 5 unrevealed pokemon
INFO     	 arceusfighting    multitype    fistplate [bodypress, cosmicpower, recover, storedpower] ttype=steel
INFO     	      dragapult  infiltrator  choicespecs [dracometeor, fireblast, shadowball, uturn] ttype=dragon
INFO     	       gumshoos     stakeout   choiceband [doubleedge, earthquake, knockoff, uturn] ttype=normal
INFO     	      bastiodon   soundproof  chestoberry [bodypress, foulplay, irondefense, rest] ttype=fighting
INFO     	        banette     insomnia      lifeorb [gunkshot, poltergeist, shadowsneak, thunderwave] ttype=poison
INFO     Sampling battle 3
INFO     	       virizion    justified      lifeorb [closecombat, leafblade, stoneedge, swordsdance] ttype=rock
INFO     Sampling 5 unrevealed pokemon
INFO     	       arboliva      harvest  sitrusberry [hypervoice, leechseed, protect, substitute] ttype=poison
INFO     	    kyuremwhite   turboblaze  choicescarf [dracometeor, freezedry, fusionflare, icebeam] ttype=dragon
INFO     	      rampardos   sheerforce      lifeorb [earthquake, firepunch, rockslide, zenheadbutt] ttype=psychic
INFO     	       meloetta  serenegrace      lifeorb [calmmind, focusblast, hypervoice, psyshock] ttype=fighting
INFO     	       giratina     pressure    leftovers [defog, dragontail, shadowball, willowisp] ttype=fairy
INFO     Searching for a move using MCTS...
INFO     Sampling 4 battles at 250ms each
INFO     Policy 0: expandingforce visited 54.87% avg_score=0.509 sample_chance_multiplier=0.25
INFO     Policy 1: expandingforce visited 71.1% avg_score=0.537 sample_chance_multiplier=0.25
INFO     Policy 2: expandingforce visited 88.59% avg_score=0.565 sample_chance_multiplier=0.25
INFO     Policy 3: expandingforce visited 63.0% avg_score=0.495 sample_chance_multiplier=0.25
INFO     Considered Choices:
INFO     	69.388%: expandingforce
INFO     Choice: expandingforce
INFO     Opponent has switched - clearing the last used move
INFO     wyrdeer switched in, adding intimidate to impossible abilities
INFO     wyrdeer switched in, adding pressure to impossible abilities
INFO     wyrdeer switched in, adding neutralizinggas to impossible abilities
INFO     wyrdeer switched in, adding sandstream to impossible abilities
INFO     wyrdeer switched in, adding drought to impossible abilities
INFO     wyrdeer switched in, adding drizzle to impossible abilities
INFO     wyrdeer switched in, adding snowwarning to impossible abilities
INFO     wyrdeer switched in, adding boosterenergy to impossible items
INFO     wyrdeer switched in, adding airballoon to impossible items
INFO     Setting wyrdeer's ability to intimidate
INFO     indeedee's attack was unboosted by 1 to -1
INFO     indeedee already has the move expandingforce. Decrementing the PP by 1
INFO     indeedee used a psychic move, removing psychicgem from possible items
INFO     Setting indeedee's last used move: expandingforce
INFO     indeedee used a damaging move - not guessing lifeorb anymore
INFO     indeedee did 36.0% damage to wyrdeer with expandingforce
WARNING  Would remove all possibilities, not removing any
WARNING  actual_damage_dealt=115.56
INFO     Setting indeedee's item to: lifeorb
INFO     Setting wyrdeer's item to: leftovers
INFO     psychicterrain turns remaining: 4
INFO     wyrdeer has less than maxhp during upkeep, no longer guessing leftovers or blacksludge
INFO     
INFO     Turn: 2
INFO     Sampling battle 0
INFO     	        wyrdeer   intimidate    leftovers [bodyslam, earthquake, psychicnoise, thunderwave] ttype=ground
INFO     	       virizion    justified      lifeorb [closecombat, leafblade, stoneedge, swordsdance] ttype=rock
INFO     Sampling 4 unrevealed pokemon
INFO     	         komala     comatose   choiceband [doubleedge, knockoff, uturn, woodhammer] ttype=grass
INFO     	   crabominable     ironfist  assaultvest [drainpunch, earthquake, icehammer, knockoff] ttype=water
INFO     	      armarouge    weakarmor  choicespecs [armorcannon, aurasphere, energyball, psyshock] ttype=grass
INFO     	      rampardos   sheerforce      lifeorb [earthquake, firepunch, rockslide, zenheadbutt] ttype=rock
INFO     Sampling battle 1
INFO     	        wyrdeer   intimidate    leftovers [earthquake, megahorn, psychicnoise, thunderwave] ttype=ground
INFO     	       virizion    justified      lifeorb [closecombat, leafblade, stoneedge, swordsdance] ttype=rock
INFO     Sampling 4 unrevealed pokemon
INFO     	       cinccino   technician   loadeddice [bulletseed, tailslap, tidyup, tripleaxel] ttype=ice
INFO     	         pawmot   voltabsorb      lifeorb [closecombat, doubleshock, knockoff, revivalblessing] ttype=electric
INFO     	        flareon         guts     toxicorb [facade, flareblitz, trailblaze, willowisp] ttype=normal
INFO     	       inteleon      torrent  choicespecs [darkpulse, hydropump, icebeam, uturn] ttype=water
INFO     Sampling battle 2
INFO     	        wyrdeer   intimidate    leftovers [earthquake, megahorn, psychicnoise, thunderwave] ttype=ground
INFO     	       virizion    justified      lifeorb [closecombat, leafblade, stoneedge, swordsdance] ttype=rock
INFO     Sampling 4 unrevealed pokemon
INFO     	        manaphy    hydration    leftovers [energyball, icebeam, surf, tailglow] ttype=grass
INFO     	 electrodehisui   soundproof      lifeorb [leafstorm, taunt, thunderbolt, thunderwave] ttype=electric
INFO     	      mismagius     levitate  choicespecs [energyball, mysticalfire, shadowball, trick] ttype=fire
INFO     	       gyarados   intimidate heavydutyboots [dragondance, earthquake, stoneedge, waterfall] ttype=ground
INFO     Sampling battle 3
INFO     	        wyrdeer   intimidate    leftovers [earthquake, megahorn, psychicnoise, thunderwave] ttype=ground
INFO     	       virizion    justified      lifeorb [closecombat, leafblade, stoneedge, swordsdance] ttype=rock
INFO     Sampling 4 unrevealed pokemon
INFO     	    ironboulder   quarkdrive      lifeorb [closecombat, mightycleave, swordsdance, zenheadbutt] ttype=fighting
INFO     	       landorus   sheerforce      lifeorb [earthpower, focusblast, psychic, sludgewave] ttype=poison
INFO     	        ambipom   technician    silkscarf [doubleedge, fakeout, knockoff, uturn] ttype=normal
INFO     	         kyogre      drizzle    leftovers [calmmind, icebeam, originpulse, thunder] ttype=electric
INFO     Searching for a move using MCTS...
INFO     Sampling 4 battles at 250ms each
INFO     Policy 0: expandingforce visited 53.55% avg_score=0.578 sample_chance_multiplier=0.25
INFO     Policy 1: expandingforce visited 27.09% avg_score=0.502 sample_chance_multiplier=0.25
INFO     Policy 2: switch flygon visited 28.68% avg_score=0.49 sample_chance_multiplier=0.25
INFO     Policy 3: expandingforce visited 52.13% avg_score=0.571 sample_chance_multiplier=0.25
INFO     Considered Choices:
INFO     	39.871%: expandingforce
INFO     Choice: expandingforce
INFO     Updated wyrdeer's max speed to 208
INFO     indeedee already has the move expandingforce. Decrementing the PP by 1
INFO     indeedee used a psychic move, removing psychicgem from possible items
INFO     Setting indeedee's last used move: expandingforce
INFO     indeedee used a damaging move - not guessing lifeorb anymore
INFO     indeedee did 39.0% damage to wyrdeer with expandingforce
INFO     Setting indeedee's item to: lifeorb
INFO     wyrdeer used a bug move, removing buggem from possible items
INFO     Setting wyrdeer's last used move: megahorn
INFO     wyrdeer used a damaging move - not guessing lifeorb anymore
INFO     Setting wyrdeer's item to: leftovers
INFO     psychicterrain turns remaining: 3
INFO     wyrdeer has less than maxhp during upkeep, no longer guessing leftovers or blacksludge
INFO     
INFO     Turn: 3
INFO     Sampling battle 0
INFO     	        wyrdeer   intimidate    leftovers [earthquake, megahorn, psychicnoise, thunderwave] ttype=ground
INFO     	       virizion    justified      lifeorb [closecombat, leafblade, stoneedge, swordsdance] ttype=rock
INFO     Sampling 4 unrevealed pokemon
INFO     	       alcremie    aromaveil    leftovers [acidarmor, alluringvoice, calmmind, recover] ttype=steel
INFO     	       reshiram   turboblaze heavydutyboots [blueflare, dracometeor, dragontail, willowisp] ttype=fire
INFO     	         zarude    leafguard  choicescarf [closecombat, knockoff, powerwhip, uturn] ttype=fighting
INFO     	landorustherian   intimidate    leftovers [earthquake, stealthrock, stoneedge, uturn] ttype=ground
INFO     Sampling battle 1
INFO     	        wyrdeer   intimidate    leftovers [earthquake, megahorn, psychicnoise, thunderwave] ttype=ground
INFO     	       virizion    justified      lifeorb [closecombat, leafblade, stoneedge, swordsdance] ttype=rock
INFO     Sampling 4 unrevealed pokemon
INFO     	         phione    hydration    leftovers [grassknot, icebeam, scald, takeheart] ttype=grass
INFO     	       garchomp    roughskin   loadeddice [earthquake, ironhead, scaleshot, swordsdance] ttype=ground
INFO     	       mudsdale      stamina    leftovers [earthquake, heavyslam, roar, stoneedge] ttype=steel
INFO     	        drednaw    strongjaw    whiteherb [crunch, liquidation, shellsmash, stoneedge] ttype=dark
INFO     Searching for a move using MCTS...
INFO     Sampling 2 battles at 500ms each
INFO     Policy 0: hypervoice visited 62.57% avg_score=0.617 sample_chance_multiplier=0.5
INFO     Policy 1: expandingforce visited 58.77% avg_score=0.683 sample_chance_multiplier=0.5
INFO     Considered Choices:
INFO     	50.779%: hypervoice
INFO     Choice: hypervoice
INFO     indeedee already has the move hypervoice. Decrementing the PP by 1
INFO     indeedee used a normal move, removing normalgem from possible items
INFO     Setting indeedee's last used move: hypervoice
INFO     indeedee used a damaging move - not guessing lifeorb anymore
INFO     indeedee did 37.0% damage to wyrdeer with hypervoice
INFO     Setting indeedee's item to: lifeorb
INFO     psychicterrain turns remaining: 2
INFO     wyrdeer has less than maxhp during upkeep, no longer guessing leftovers or blacksludge
INFO     Opponent has switched - clearing the last used move
INFO     regidrago switched in, adding intimidate to impossible abilities
INFO     regidrago switched in, adding pressure to impossible abilities
INFO     regidrago switched in, adding neutralizinggas to impossible abilities
INFO     regidrago switched in, adding sandstream to impossible abilities
INFO     regidrago switched in, adding drought to impossible abilities
INFO     regidrago switched in, adding drizzle to impossible abilities
INFO     regidrago switched in, adding snowwarning to impossible abilities
INFO     regidrago switched in, adding boosterenergy to impossible items
INFO     regidrago switched in, adding airballoon to impossible items
INFO     
INFO     Turn: 4
INFO     Sampling battle 0
INFO     	      regidrago   dragonsmaw      lifeorb [dragonclaw, dragondance, earthquake, terablast] ttype=steel
INFO     	       virizion    justified      lifeorb [closecombat, leafblade, stoneedge, swordsdance] ttype=rock
INFO     Sampling 3 unrevealed pokemon
INFO     	      farigiraf    sapsipper    leftovers [futuresight, hypervoice, protect, wish] ttype=ground
INFO     	    ironvaliant   quarkdrive      lifeorb [closecombat, knockoff, spiritbreak, swordsdance] ttype=fighting
INFO     	        palafin   zerotohero    leftovers [bulkup, drainpunch, icepunch, jetpunch] ttype=dragon
INFO     Sampling battle 1
INFO     	      regidrago   dragonsmaw  choicescarf [dracometeor, dragonenergy, earthquake, outrage] ttype=dragon
INFO     	       virizion    justified      lifeorb [closecombat, leafblade, stoneedge, swordsdance] ttype=rock
INFO     Sampling 3 unrevealed pokemon
INFO     	    fezandipiti   toxicchain  assaultvest [beatup, gunkshot, moonblast, uturn] ttype=dark
INFO     	      magnezone   magnetpull    leftovers [bodypress, discharge, flashcannon, irondefense] ttype=fighting
INFO     	  calyrexshadow asone(spectrier)      lifeorb [astralbarrage, nastyplot, pollenpuff, psyshock] ttype=dark
INFO     Sampling battle 2
INFO     	      regidrago   dragonsmaw     lumberry [dracometeor, dragondance, earthquake, outrage] ttype=dragon
INFO     	       virizion    justified      lifeorb [closecombat, leafblade, stoneedge, swordsdance] ttype=rock
INFO     Sampling 3 unrevealed pokemon
INFO     	     hitmonchan     ironfist    leftovers [bulkup, drainpunch, knockoff, rapidspin] ttype=dark
INFO     	    arceusgrass    multitype  meadowplate [calmmind, earthpower, icebeam, judgment] ttype=ground
INFO     	     pincurchin electricsurge    leftovers [recover, scald, spikes, thunderbolt] ttype=water
INFO     Sampling battle 3
INFO     	      regidrago   dragonsmaw      lifeorb [dragonclaw, dragondance, earthquake, terablast] ttype=steel
INFO     	       virizion    justified      lifeorb [closecombat, leafblade, stoneedge, swordsdance] ttype=rock
INFO     Sampling 3 unrevealed pokemon
INFO     	     arceusrock    multitype   stoneplate [calmmind, earthpower, judgment, recover] ttype=dragon
INFO     	      azumarill    hugepower   choiceband [aquajet, liquidation, playrough, superpower] ttype=water
INFO     	         deoxys     pressure      lifeorb [icebeam, knockoff, psychoboost, superpower] ttype=dark
INFO     Searching for a move using MCTS...
INFO     Sampling 4 battles at 250ms each
INFO     Policy 0: expandingforce visited 49.12% avg_score=0.629 sample_chance_multiplier=0.25
INFO     Policy 1: switch typhlosion visited 75.67% avg_score=0.354 sample_chance_multiplier=0.25
INFO     Policy 2: expandingforce visited 80.28% avg_score=0.616 sample_chance_multiplier=0.25
INFO     Policy 3: expandingforce visited 95.22% avg_score=0.705 sample_chance_multiplier=0.25
INFO     Considered Choices:
INFO     	56.971%: expandingforce
INFO     Choice: expandingforce
INFO     Updated regidrago's min speed to 208
INFO     regidrago used a dragon move, removing dragongem from possible items
INFO     Setting regidrago's last used move: dragonenergy
INFO     regidrago used a damaging move - not guessing lifeorb anymore
INFO     Opponent regidrago could not have gone first - setting it's item to choicescarf
INFO     regidrago did 71.00999999999999% damage to indeedee with dragonenergy
INFO     psychicterrain turns remaining: 1
INFO     Sampling battle 0
INFO     	      regidrago   dragonsmaw  choicescarf [dracometeor, dragonenergy, earthquake, outrage] ttype=dragon
INFO     	       virizion    justified      lifeorb [closecombat, leafblade, stoneedge, swordsdance] ttype=rock
INFO     Sampling 3 unrevealed pokemon
INFO     	        glaceon      icebody heavydutyboots [freezedry, mudshot, protect, wish] ttype=ground
INFO     	       slowking  regenerator heavydutyboots [chillyreception, futuresight, scald, slackoff] ttype=fairy
INFO     	 arceuselectric    multitype     zapplate [calmmind, icebeam, judgment, recover] ttype=electric
INFO     Sampling battle 1
INFO     	      regidrago   dragonsmaw  choicescarf [dracometeor, dragonenergy, earthquake, outrage] ttype=dragon
INFO     	       virizion    justified      lifeorb [closecombat, leafblade, stoneedge, swordsdance] ttype=rock
INFO     Sampling 3 unrevealed pokemon
INFO     	         rhydon lightningrod     eviolite [earthquake, megahorn, stealthrock, stoneedge] ttype=grass
INFO     	 keldeoresolute    justified  choicespecs [flipturn, hydropump, secretsword, vacuumwave] ttype=fighting
INFO     	        lanturn   voltabsorb    leftovers [icebeam, scald, thunderbolt, thunderwave] ttype=flying
INFO     Searching for a move using MCTS...
INFO     Sampling 2 battles at 500ms each
INFO     Policy 0: switch typhlosion visited 92.59% avg_score=0.352 sample_chance_multiplier=0.5
INFO     Policy 1: switch typhlosion visited 92.81% avg_score=0.335 sample_chance_multiplier=0.5
INFO     Considered Choices:
INFO     	92.697%: switch typhlosion
INFO     Choice: switch typhlosion
INFO     typhlosion switched in, adding intimidate to impossible abilities
INFO     typhlosion switched in, adding pressure to impossible abilities
INFO     typhlosion switched in, adding neutralizinggas to impossible abilities
INFO     typhlosion switched in, adding sandstream to impossible abilities
INFO     typhlosion switched in, adding drought to impossible abilities
INFO     typhlosion switched in, adding drizzle to impossible abilities
INFO     typhlosion switched in, adding snowwarning to impossible abilities
INFO     typhlosion switched in, adding boosterenergy to impossible items
INFO     typhlosion switched in, adding airballoon to impossible items
INFO     
INFO     Turn: 5
INFO     Sampling battle 0
INFO     	      regidrago   dragonsmaw  choicescarf [dracometeor, dragonenergy, earthquake, outrage] ttype=dragon
INFO     	       virizion    justified      lifeorb [closecombat, leafblade, stoneedge, swordsdance] ttype=rock
INFO     Sampling 3 unrevealed pokemon
INFO     	  articunogalar  competitive heavydutyboots [calmmind, freezingglare, hurricane, recover] ttype=steel
INFO     	       orthworm   eartheater    leftovers [bodypress, heavyslam, shedtail, spikes] ttype=poison
INFO     	        moltres    flamebody heavydutyboots [bravebird, fireblast, roost, scorchingsands] ttype=ground
INFO     Sampling battle 1
INFO     	      regidrago   dragonsmaw  choicescarf [dracometeor, dragonenergy, earthquake, outrage] ttype=dragon
INFO     	       virizion    justified      lifeorb [closecombat, leafblade, stoneedge, swordsdance] ttype=rock
INFO     Sampling 3 unrevealed pokemon
INFO     	        okidogi   toxicchain    leftovers [bulkup, drainpunch, gunkshot, knockoff] ttype=dark
INFO     	thundurustherian   voltabsorb  choicespecs [focusblast, grassknot, sludgewave, thunderbolt] ttype=electric
INFO     	        umbreon  synchronize    leftovers [foulplay, protect, toxic, wish] ttype=poison
INFO     Searching for a move using MCTS...
INFO     Sampling 2 battles at 500ms each
INFO     Policy 0: fireblast visited 54.54% avg_score=0.346 sample_chance_multiplier=0.5
INFO     Policy 1: fireblast visited 86.6% avg_score=0.385 sample_chance_multiplier=0.5
INFO     Considered Choices:
INFO     	70.573%: fireblast
INFO     Choice: fireblast
INFO     typhlosion already has the move fireblast. Decrementing the PP by 1
INFO     typhlosion used a fire move, removing firegem from possible items
INFO     Setting typhlosion's last used move: fireblast
INFO     typhlosion used a damaging move - not guessing lifeorb anymore
INFO     typhlosion did 22.0% damage to regidrago with fireblast
INFO     regidrago already has the move dragonenergy. Decrementing the PP by 1
INFO     regidrago used a dragon move, removing dragongem from possible items
INFO     Setting regidrago's last used move: dragonenergy
INFO     regidrago used a damaging move - not guessing lifeorb anymore
INFO     regidrago did 95.88% damage to typhlosion with dragonenergy
WARNING  Would remove all possibilities, not removing any
WARNING  actual_damage_dealt=255.9996
INFO     Setting the field to None
INFO     regidrago has less than maxhp during upkeep, no longer guessing leftovers or blacksludge
INFO     
INFO     Turn: 6
INFO     Sampling battle 0
INFO     	      regidrago   dragonsmaw  choicescarf [dracometeor, dragonenergy, earthquake, outrage] ttype=dragon
INFO     	       virizion    justified      lifeorb [closecombat, leafblade, stoneedge, swordsdance] ttype=rock
INFO     Sampling 3 unrevealed pokemon
INFO     	   brambleghast    windrider    leftovers [leechseed, poltergeist, powerwhip, substitute] ttype=fairy
INFO     	        mesprit     levitate    leftovers [knockoff, psychicnoise, thunderwave, uturn] ttype=electric
INFO     	       zangoose   toxicboost     toxicorb [closecombat, facade, knockoff, swordsdance] ttype=normal
INFO     Sampling battle 1
INFO     	      regidrago   dragonsmaw  choicescarf [dracometeor, dragonenergy, earthquake, outrage] ttype=dragon
INFO     	       virizion    justified      lifeorb [closecombat, leafblade, stoneedge, swordsdance] ttype=rock
INFO     Sampling 3 unrevealed pokemon
INFO     	        morpeko hungerswitch heavydutyboots [aurawheel, partingshot, protect, rapidspin] ttype=electric
INFO     	  qwilfishhisui   intimidate     eviolite [crunch, gunkshot, taunt, toxicspikes] ttype=flying
INFO     	tornadustherian  regenerator  choicespecs [bleakwindstorm, focusblast, heatwave, uturn] ttype=fire
INFO     Searching for a move using MCTS...
INFO     Sampling 2 battles at 500ms each
INFO     Policy 0: fireblast visited 99.22% avg_score=0.505 sample_chance_multiplier=0.5
INFO     Policy 1: fireblast visited 91.07% avg_score=0.49 sample_chance_multiplier=0.5
INFO     Considered Choices:
INFO     	95.146%: fireblast
INFO     Choice: fireblast
INFO     Opponent has switched - clearing the last used move
INFO     basculinbluestriped switched in, adding intimidate to impossible abilities
INFO     basculinbluestriped switched in, adding pressure to impossible abilities
INFO     basculinbluestriped switched in, adding neutralizinggas to impossible abilities
INFO     basculinbluestriped switched in, adding sandstream to impossible abilities
INFO     basculinbluestriped switched in, adding drought to impossible abilities
INFO     basculinbluestriped switched in, adding drizzle to impossible abilities
INFO     basculinbluestriped switched in, adding snowwarning to impossible abilities
INFO     basculinbluestriped switched in, adding boosterenergy to impossible items
INFO     basculinbluestriped switched in, adding airballoon to impossible items
INFO     typhlosion already has the move fireblast. Decrementing the PP by 1
INFO     typhlosion used a fire move, removing firegem from possible items
INFO     Setting typhlosion's last used move: fireblast
INFO     typhlosion used a damaging move - not guessing lifeorb anymore
INFO     typhlosion did 33.0% damage to basculinbluestriped with fireblast
INFO     basculinbluestriped has less than maxhp during upkeep, no longer guessing leftovers or blacksludge
INFO     
INFO     Turn: 7
INFO     Sampling battle 0
INFO     	basculinbluestriped adaptability   choiceband [aquajet, doubleedge, flipturn, wavecrash] ttype=water
INFO     	       virizion    justified      lifeorb [closecombat, leafblade, stoneedge, swordsdance] ttype=rock
INFO     	      regidrago   dragonsmaw  choicescarf [dracometeor, dragonenergy, earthquake, outrage] ttype=dragon
INFO     Sampling 2 unrevealed pokemon
INFO     	        morpeko hungerswitch    leftovers [aurawheel, knockoff, protect, rapidspin] ttype=electric
INFO     	     galvantula compoundeyes heavydutyboots [bugbuzz, stickyweb, thunder, voltswitch] ttype=electric
INFO     Sampling battle 1
INFO     	basculinbluestriped adaptability   choiceband [aquajet, doubleedge, flipturn, wavecrash] ttype=water
INFO     	       virizion    justified      lifeorb [closecombat, leafblade, stoneedge, swordsdance] ttype=rock
INFO     	      regidrago   dragonsmaw  choicescarf [dracometeor, dragonenergy, earthquake, outrage] ttype=dragon
INFO     Sampling 2 unrevealed pokemon
INFO     	      greattusk protosynthesis boosterenergy [bulkup, closecombat, earthquake, rapidspin] ttype=steel
INFO     	        sylveon     pixilate    leftovers [calmmind, hypervoice, protect, wish] ttype=steel
INFO     Searching for a move using MCTS...
INFO     Sampling 2 battles at 500ms each
INFO     Policy 0: fireblast visited 97.07% avg_score=0.4 sample_chance_multiplier=0.5
INFO     Policy 1: fireblast visited 96.19% avg_score=0.364 sample_chance_multiplier=0.5
INFO     Considered Choices:
INFO     	96.627%: fireblast
INFO     Choice: fireblast
INFO     Updated basculinbluestriped's max speed to 324
INFO     typhlosion already has the move fireblast. Decrementing the PP by 1
INFO     typhlosion used a fire move, removing firegem from possible items
INFO     Setting typhlosion's last used move: fireblast
INFO     typhlosion used a damaging move - not guessing lifeorb anymore
INFO     basculinbluestriped used a water move, removing watergem from possible items
INFO     Setting basculinbluestriped's last used move: wavecrash
INFO     basculinbluestriped used a damaging move - not guessing lifeorb anymore
INFO     basculinbluestriped did 4.12% damage to typhlosion with wavecrash
INFO     basculinbluestriped has less than maxhp during upkeep, no longer guessing leftovers or blacksludge
INFO     Sampling battle 0
INFO     	basculinbluestriped adaptability   choiceband [aquajet, doubleedge, flipturn, wavecrash] ttype=water
INFO     	       virizion    justified      lifeorb [closecombat, leafblade, stoneedge, swordsdance] ttype=rock
INFO     	      regidrago   dragonsmaw  choicescarf [dracometeor, dragonenergy, earthquake, outrage] ttype=dragon
INFO     Sampling 2 unrevealed pokemon
INFO     	     electivire   motordrive      lifeorb [bulkup, earthquake, icepunch, supercellslam] ttype=ground
INFO     	     ironbundle   quarkdrive    leftovers [freezedry, hydropump, icebeam, substitute] ttype=water
INFO     Sampling battle 1
INFO     	basculinbluestriped adaptability   choiceband [aquajet, doubleedge, flipturn, wavecrash] ttype=water
INFO     	       virizion    justified      lifeorb [closecombat, leafblade, stoneedge, swordsdance] ttype=rock
INFO     	      regidrago   dragonsmaw  choicescarf [dracometeor, dragonenergy, earthquake, outrage] ttype=dragon
INFO     Sampling 2 unrevealed pokemon
INFO     	        falinks      defiant      lifeorb [closecombat, ironhead, knockoff, noretreat] ttype=dark
INFO     	       sunflora  chlorophyll  choicespecs [dazzlinggleam, earthpower, leafstorm, sludgebomb] ttype=poison
INFO     Searching for a move using MCTS...
INFO     Sampling 2 battles at 500ms each
INFO     Policy 0: switch lokix visited 80.15% avg_score=0.292 sample_chance_multiplier=0.5
INFO     Policy 1: switch lokix visited 93.01% avg_score=0.328 sample_chance_multiplier=0.5
INFO     Considered Choices:
INFO     	86.584%: switch lokix
INFO     Choice: switch lokix
INFO     lokix switched in, adding intimidate to impossible abilities
INFO     lokix switched in, adding pressure to impossible abilities
INFO     lokix switched in, adding neutralizinggas to impossible abilities
INFO     lokix switched in, adding sandstream to impossible abilities
INFO     lokix switched in, adding drought to impossible abilities
INFO     lokix switched in, adding drizzle to impossible abilities
INFO     lokix switched in, adding snowwarning to impossible abilities
INFO     lokix switched in, adding boosterenergy to impossible items
INFO     lokix switched in, adding airballoon to impossible items
INFO     
INFO     Turn: 8
INFO     Sampling battle 0
INFO     	basculinbluestriped adaptability   choiceband [aquajet, doubleedge, flipturn, wavecrash] ttype=water
INFO     	       virizion    justified      lifeorb [closecombat, leafblade, stoneedge, swordsdance] ttype=rock
INFO     	      regidrago   dragonsmaw  choicescarf [dracometeor, dragonenergy, earthquake, outrage] ttype=dragon
INFO     Sampling 2 unrevealed pokemon
INFO     	        shiftry    windrider      lifeorb [knockoff, leafblade, lowkick, tailwind] ttype=fighting
INFO     	          arbok   intimidate      lifeorb [earthquake, glare, gunkshot, suckerpunch] ttype=ground
INFO     Sampling battle 1
INFO     	basculinbluestriped adaptability   choiceband [aquajet, doubleedge, flipturn, wavecrash] ttype=water
INFO     	       virizion    justified      lifeorb [closecombat, leafblade, stoneedge, swordsdance] ttype=rock
INFO     	      regidrago   dragonsmaw  choicescarf [dracometeor, dragonenergy, earthquake, outrage] ttype=dragon
INFO     Sampling 2 unrevealed pokemon
INFO     	        mimikyu     disguise      lifeorb [playrough, shadowsneak, swordsdance, woodhammer] ttype=fairy
INFO     	    zapdosgalar      defiant   choiceband [bravebird, closecombat, knockoff, uturn] ttype=dark
INFO     Searching for a move using MCTS...
INFO     Sampling 2 battles at 500ms each
INFO     Policy 0: firstimpression visited 47.75% avg_score=0.311 sample_chance_multiplier=0.5
INFO     Policy 1: firstimpression visited 48.32% avg_score=0.304 sample_chance_multiplier=0.5
INFO     Considered Choices:
INFO     	48.036%: firstimpression
INFO     	42.195%: suckerpunch
INFO     Choice: suckerpunch
INFO     lokix already has the move suckerpunch. Decrementing the PP by 1
INFO     lokix used a dark move, removing darkgem from possible items
INFO     Setting lokix's last used move: suckerpunch
INFO     lokix used a damaging move - not guessing lifeorb anymore
INFO     lokix did 43.0% damage to basculinbluestriped with suckerpunch
WARNING  Would remove all possibilities, not removing any
WARNING  actual_damage_dealt=112.23
INFO     Setting lokix's item to: lifeorb
INFO     basculinbluestriped already has the move wavecrash. Decrementing the PP by 1
INFO     basculinbluestriped used a water move, removing watergem from possible items
INFO     Setting basculinbluestriped's last used move: wavecrash
INFO     basculinbluestriped used a damaging move - not guessing lifeorb anymore
INFO     basculinbluestriped did 90.03999999999999% damage to lokix with wavecrash
INFO     basculinbluestriped has less than maxhp during upkeep, no longer guessing leftovers or blacksludge
INFO     Sampling battle 0
INFO     	basculinbluestriped adaptability   choiceband [aquajet, doubleedge, flipturn, wavecrash] ttype=water
INFO     	       virizion    justified      lifeorb [closecombat, leafblade, stoneedge, swordsdance] ttype=rock
INFO     	      regidrago   dragonsmaw  choicescarf [dracometeor, dragonenergy, earthquake, outrage] ttype=dragon
INFO     Sampling 2 unrevealed pokemon
INFO     	    goodrahisui    sapsipper  assaultvest [dracometeor, earthquake, heavyslam, knockoff] ttype=dragon
INFO     	       porygonz     download  choicescarf [shadowball, thunderbolt, triattack, trick] ttype=ghost
INFO     Sampling battle 1
INFO     	basculinbluestriped adaptability   choiceband [aquajet, doubleedge, flipturn, wavecrash] ttype=water
INFO     	       virizion    justified      lifeorb [closecombat, leafblade, stoneedge, swordsdance] ttype=rock
INFO     	      regidrago   dragonsmaw  choicescarf [dracometeor, dragonenergy, earthquake, outrage] ttype=dragon
INFO     Sampling 2 unrevealed pokemon
INFO     	     bombirdier rockypayload heavydutyboots [bravebird, knockoff, roost, stoneedge] ttype=rock
INFO     	       qwilfish   intimidate    leftovers [gunkshot, taunt, thunderwave, waterfall] ttype=grass
INFO     Searching for a move using MCTS...
INFO     Sampling 2 battles at 500ms each
INFO     Policy 0: switch pawmot visited 80.92% avg_score=0.376 sample_chance_multiplier=0.5
INFO     Policy 1: switch pawmot visited 87.66% avg_score=0.348 sample_chance_multiplier=0.5
INFO     Considered Choices:
INFO     	84.291%: switch pawmot
INFO     Choice: switch pawmot
INFO     Opponent has switched - clearing the last used move
INFO     pawmot switched in, adding intimidate to impossible abilities
INFO     pawmot switched in, adding pressure to impossible abilities
INFO     pawmot switched in, adding neutralizinggas to impossible abilities
INFO     pawmot switched in, adding sandstream to impossible abilities
INFO     pawmot switched in, adding drought to impossible abilities
INFO     pawmot switched in, adding drizzle to impossible abilities
INFO     pawmot switched in, adding snowwarning to impossible abilities
INFO     pawmot switched in, adding boosterenergy to impossible items
INFO     pawmot switched in, adding airballoon to impossible items
INFO     
INFO     Turn: 9
INFO     Sampling battle 0
INFO     	      regidrago   dragonsmaw  choicescarf [dracometeor, dragonenergy, earthquake, outrage] ttype=dragon
INFO     	       virizion    justified      lifeorb [closecombat, leafblade, stoneedge, swordsdance] ttype=rock
INFO     Sampling 2 unrevealed pokemon
INFO     	         mewtwo      unnerve      lifeorb [darkpulse, fireblast, nastyplot, psystrike] ttype=fire
INFO     	        jolteon   voltabsorb    leftovers [calmmind, substitute, terablast, thunderbolt] ttype=ice
INFO     Sampling battle 1
INFO     	      regidrago   dragonsmaw  choicescarf [dracometeor, dragonenergy, earthquake, outrage] ttype=dragon
INFO     	       virizion    justified      lifeorb [closecombat, leafblade, stoneedge, swordsdance] ttype=rock
INFO     Sampling 2 unrevealed pokemon
INFO     	       necrozma   prismarmor      lifeorb [dragondance, earthquake, knockoff, photongeyser] ttype=dark
INFO     	     grimmsnarl    prankster    leftovers [partingshot, spiritbreak, suckerpunch, taunt] ttype=poison
INFO     Searching for a move using MCTS...
INFO     Sampling 2 battles at 500ms each
INFO     Policy 0: icepunch visited 53.36% avg_score=0.436 sample_chance_multiplier=0.5
INFO     Policy 1: icepunch visited 35.51% avg_score=0.299 sample_chance_multiplier=0.5
INFO     Considered Choices:
INFO     	44.433%: icepunch
INFO     Choice: icepunch
INFO     regidrago used a dragon move, removing dragongem from possible items
INFO     Adding lockedmove to regidrago
INFO     Setting regidrago's last used move: outrage
INFO     regidrago used a damaging move - not guessing lifeorb anymore
INFO     regidrago did 76.95% damage to pawmot with outrage
INFO     pawmot already has the move icepunch. Decrementing the PP by 1
INFO     pawmot used a ice move, removing icegem from possible items
INFO     Setting pawmot's last used move: icepunch
INFO     pawmot used a damaging move - not guessing lifeorb anymore
INFO     pawmot did 59.0% damage to regidrago with icepunch
INFO     Setting pawmot's item to: lifeorb
INFO     Incremented lockedmove for opponent to 1
INFO     regidrago has less than maxhp during upkeep, no longer guessing leftovers or blacksludge
INFO     
INFO     Turn: 10
INFO     Sampling battle 0
INFO     	      regidrago   dragonsmaw  choicescarf [dracometeor, dragonenergy, earthquake, outrage] ttype=dragon
INFO     	       virizion    justified      lifeorb [closecombat, leafblade, stoneedge, swordsdance] ttype=rock
INFO     Sampling 2 unrevealed pokemon
INFO     	      spectrier    grimneigh      lifeorb [darkpulse, drainingkiss, nastyplot, shadowball] ttype=dark
INFO     	    goodrahisui    sapsipper  assaultvest [dracometeor, dragontail, heavyslam, knockoff] ttype=dragon
INFO     Sampling battle 1
INFO     	      regidrago   dragonsmaw  choicescarf [dracometeor, dragonenergy, earthquake, outrage] ttype=dragon
INFO     	       virizion    justified      lifeorb [closecombat, leafblade, stoneedge, swordsdance] ttype=rock
INFO     Sampling 2 unrevealed pokemon
INFO     	       lumineon   stormdrain heavydutyboots [encore, hydropump, icebeam, uturn] ttype=dragon
INFO     	       vivillon compoundeyes heavydutyboots [hurricane, quiverdance, sleeppowder, terablast] ttype=ground
INFO     Searching for a move using MCTS...
INFO     Sampling 2 battles at 500ms each
INFO     Policy 0: switch hippowdon visited 23.27% avg_score=0.343 sample_chance_multiplier=0.5
INFO     Policy 1: switch hippowdon visited 21.6% avg_score=0.291 sample_chance_multiplier=0.5
INFO     Considered Choices:
INFO     	22.435%: switch hippowdon
INFO     	19.283%: closecombat
INFO     	19.274%: icepunch
INFO     	19.135%: doubleshock
INFO     	19.005%: revivalblessing
INFO     Choice: revivalblessing
INFO     regidrago already has the move outrage. Decrementing the PP by 1
INFO     regidrago used a dragon move, removing dragongem from possible items
INFO     Adding lockedmove to regidrago
INFO     Setting regidrago's last used move: outrage
INFO     regidrago used a damaging move - not guessing lifeorb anymore
INFO     regidrago did 13.170000000000002% damage to pawmot with outrage
INFO     Starting the volatile status confusion on regidrago
INFO     regidrago got confused, no longer guessing lumberry
INFO     regidrago got confused from fatigue, removing lockedmove from volatile statuses
INFO     regidrago has less than maxhp during upkeep, no longer guessing leftovers or blacksludge
INFO     Sampling battle 0
INFO     	      regidrago   dragonsmaw  choicescarf [dracometeor, dragonenergy, earthquake, outrage] ttype=dragon
INFO     	       virizion    justified      lifeorb [closecombat, leafblade, stoneedge, swordsdance] ttype=rock
INFO     Sampling 2 unrevealed pokemon
INFO     	        slowbro  regenerator  rockyhelmet [calmmind, psyshock, scald, slackoff] ttype=fairy
INFO     	    kyuremblack     teravolt   loadeddice [dragondance, fusionbolt, iciclespear, scaleshot] ttype=electric
INFO     Sampling battle 1
INFO     	      regidrago   dragonsmaw  choicescarf [dracometeor, dragonenergy, earthquake, outrage] ttype=dragon
INFO     	       virizion    justified      lifeorb [closecombat, leafblade, stoneedge, swordsdance] ttype=rock
INFO     Sampling 2 unrevealed pokemon
INFO     	         zacian intrepidsword      lifeorb [closecombat, playrough, psychicfangs, swordsdance] ttype=fighting
INFO     	      trevenant      harvest  sitrusberry [drainpunch, poltergeist, protect, toxic] ttype=steel
INFO     Searching for a move using MCTS...
INFO     Sampling 2 battles at 500ms each
INFO     Policy 0: switch flygon visited 64.1% avg_score=0.459 sample_chance_multiplier=0.5
INFO     Policy 1: switch flygon visited 64.12% avg_score=0.411 sample_chance_multiplier=0.5
INFO     Considered Choices:
INFO     	64.107%: switch flygon
INFO     Choice: switch flygon
INFO     flygon switched in, adding intimidate to impossible abilities
INFO     flygon switched in, adding pressure to impossible abilities
INFO     flygon switched in, adding neutralizinggas to impossible abilities
INFO     flygon switched in, adding sandstream to impossible abilities
INFO     flygon switched in, adding drought to impossible abilities
INFO     flygon switched in, adding drizzle to impossible abilities
INFO     flygon switched in, adding snowwarning to impossible abilities
INFO     flygon switched in, adding boosterenergy to impossible items
INFO     flygon switched in, adding airballoon to impossible items
INFO     
INFO     Turn: 11
INFO     Sampling battle 0
INFO     	      regidrago   dragonsmaw  choicescarf [dracometeor, dragonenergy, earthquake, outrage] ttype=dragon
INFO     	       virizion    justified      lifeorb [closecombat, leafblade, stoneedge, swordsdance] ttype=rock
INFO     Sampling 2 unrevealed pokemon
INFO     	         zarude    leafguard      lifeorb [closecombat, knockoff, powerwhip, swordsdance] ttype=fighting
INFO     	      registeel    clearbody  chestoberry [bodypress, irondefense, ironhead, rest] ttype=fighting
INFO     Sampling battle 1
INFO     	      regidrago   dragonsmaw  choicescarf [dracometeor, dragonenergy, earthquake, outrage] ttype=dragon
INFO     	       virizion    justified      lifeorb [closecombat, leafblade, stoneedge, swordsdance] ttype=rock
INFO     Sampling 2 unrevealed pokemon
INFO     	      mightyena   intimidate    leftovers [crunch, playrough, suckerpunch, taunt] ttype=fairy
INFO     	       politoed      drizzle  chestoberry [hypnosis, icebeam, rest, surf] ttype=water
INFO     Searching for a move using MCTS...
INFO     Sampling 2 battles at 500ms each
INFO     Policy 0: dragondance visited 76.58% avg_score=0.443 sample_chance_multiplier=0.5
INFO     Policy 1: switch hippowdon visited 31.56% avg_score=0.185 sample_chance_multiplier=0.5
INFO     Considered Choices:
INFO     	45.371%: dragondance
INFO     Choice: dragondance
INFO     Opponent has switched - clearing the last used move
INFO     blastoise switched in, adding intimidate to impossible abilities
INFO     blastoise switched in, adding pressure to impossible abilities
INFO     blastoise switched in, adding neutralizinggas to impossible abilities
INFO     blastoise switched in, adding sandstream to impossible abilities
INFO     blastoise switched in, adding drought to impossible abilities
INFO     blastoise switched in, adding drizzle to impossible abilities
INFO     blastoise switched in, adding snowwarning to impossible abilities
INFO     blastoise switched in, adding boosterenergy to impossible items
INFO     blastoise switched in, adding airballoon to impossible items
INFO     flygon already has the move dragondance. Decrementing the PP by 1
INFO     flygon using dragondance makes it unlikely to have a choice item. Setting can_have_choice_item to False
INFO     flygon used a status-move. Adding `assaultvest` to impossible items
INFO     Setting flygon's last used move: dragondance
INFO     flygon's attack was boosted by 1 to 1
INFO     flygon's speed was boosted by 1 to 1
INFO     
INFO     Turn: 12
INFO     Sampling battle 0
INFO     	      blastoise      torrent    whiteherb [hydropump, icebeam, shellsmash, terablast] ttype=electric
INFO     	       virizion    justified      lifeorb [closecombat, leafblade, stoneedge, swordsdance] ttype=rock
INFO     	      regidrago   dragonsmaw  choicescarf [dracometeor, dragonenergy, earthquake, outrage] ttype=dragon
INFO     Sampling 1 unrevealed pokemon
INFO     	      thundurus      defiant heavydutyboots [focusblast, grassknot, knockoff, thunderbolt] ttype=grass
INFO     Sampling battle 1
INFO     	      blastoise      torrent    whiteherb [hydropump, icebeam, shellsmash, terablast] ttype=grass
INFO     	       virizion    justified      lifeorb [closecombat, leafblade, stoneedge, swordsdance] ttype=rock
INFO     	      regidrago   dragonsmaw  choicescarf [dracometeor, dragonenergy, earthquake, outrage] ttype=dragon
INFO     Sampling 1 unrevealed pokemon
INFO     	  calyrexshadow asone(spectrier)      lifeorb [astralbarrage, nastyplot, pollenpuff, psyshock] ttype=ghost
INFO     Searching for a move using MCTS...
INFO     Sampling 2 battles at 500ms each
INFO     Policy 0: dragondance visited 34.82% avg_score=0.133 sample_chance_multiplier=0.5
INFO     Policy 1: dragondance visited 36.02% avg_score=0.131 sample_chance_multiplier=0.5
INFO     Considered Choices:
INFO     	35.42%: dragondance
INFO     	28.691%: earthquake
INFO     Choice: dragondance
INFO     Updated blastoise's max speed to 316
INFO     flygon already has the move dragondance. Decrementing the PP by 1
INFO     flygon using dragondance makes it unlikely to have a choice item. Setting can_have_choice_item to False
INFO     flygon used a status-move. Adding `assaultvest` to impossible items
INFO     Setting flygon's last used move: dragondance
INFO     flygon's attack was boosted by 1 to 2
INFO     flygon's speed was boosted by 1 to 2
INFO     blastoise using shellsmash makes it unlikely to have a choice item. Setting can_have_choice_item to False
INFO     blastoise used a status-move. Adding `assaultvest` to impossible items
INFO     Setting blastoise's last used move: shellsmash
INFO     blastoise's defense was unboosted by 1 to -1
INFO     blastoise's special-defense was unboosted by 1 to -1
INFO     blastoise's attack was boosted by 2 to 2
INFO     blastoise's special-attack was boosted by 2 to 2
INFO     blastoise's speed was boosted by 2 to 2
INFO     Removing blastoise's item: whiteherb
INFO     Setting blastoise's removed item to whiteherb
INFO     Setting blastoise's defense boost to 0
INFO     Setting blastoise's special-defense boost to 0
INFO     
INFO     Turn: 13
INFO     Sampling battle 0
INFO     	      blastoise      torrent         None [hydropump, icebeam, shellsmash, terablast] ttype=electric
INFO     	       virizion    justified      lifeorb [closecombat, leafblade, stoneedge, swordsdance] ttype=rock
INFO     	      regidrago   dragonsmaw  choicescarf [dracometeor, dragonenergy, earthquake, outrage] ttype=dragon
INFO     Sampling 1 unrevealed pokemon
INFO     	       hawlucha     unburden    whiteherb [acrobatics, closecombat, encore, swordsdance] ttype=flying
INFO     Sampling battle 1
INFO     	      blastoise      torrent         None [hydropump, icebeam, shellsmash, terablast] ttype=grass
INFO     	       virizion    justified      lifeorb [closecombat, leafblade, stoneedge, swordsdance] ttype=rock
INFO     	      regidrago   dragonsmaw  choicescarf [dracometeor, dragonenergy, earthquake, outrage] ttype=dragon
INFO     Sampling 1 unrevealed pokemon
INFO     	lycanrocmidnight      noguard      lifeorb [closecombat, stoneedge, suckerpunch, swordsdance] ttype=fighting
INFO     Searching for a move using MCTS...
INFO     Sampling 2 battles at 500ms each
INFO     Policy 0: stoneedge visited 75.73% avg_score=0.114 sample_chance_multiplier=0.5
INFO     Policy 1: stoneedge visited 75.39% avg_score=0.114 sample_chance_multiplier=0.5
INFO     Considered Choices:
INFO     	75.562%: stoneedge
INFO     Choice: stoneedge
INFO     Updated blastoise's max speed to 211
INFO     flygon already has the move stoneedge. Decrementing the PP by 1
INFO     flygon used a rock move, removing rockgem from possible items
INFO     Setting flygon's last used move: stoneedge
INFO     flygon used a damaging move - not guessing lifeorb anymore
INFO     flygon did 77.0% damage to blastoise with stoneedge
WARNING  Would remove all possibilities, not removing any
WARNING  actual_damage_dealt=198.66
INFO     blastoise used two different moves - it cannot have a choice item
INFO     blastoise used a ice move, removing icegem from possible items
INFO     Setting blastoise's last used move: icebeam
INFO     blastoise used a damaging move - not guessing lifeorb anymore
INFO     blastoise did 100.0% damage to flygon with icebeam
INFO     blastoise has less than maxhp during upkeep, no longer guessing leftovers or blacksludge
INFO     Sampling battle 0
INFO     	      blastoise      torrent         None [earthquake, hydropump, icebeam, shellsmash] ttype=water
INFO     	       virizion    justified      lifeorb [closecombat, leafblade, stoneedge, swordsdance] ttype=rock
INFO     	      regidrago   dragonsmaw  choicescarf [dracometeor, dragonenergy, earthquake, outrage] ttype=dragon
INFO     Sampling 1 unrevealed pokemon
INFO     	          chiyu  beadsofruin heavydutyboots [darkpulse, fireblast, nastyplot, willowisp] ttype=dark
INFO     Sampling battle 1
INFO     	      blastoise      torrent         None [hydropump, icebeam, shellsmash, terablast] ttype=electric
INFO     	       virizion    justified      lifeorb [closecombat, leafblade, stoneedge, swordsdance] ttype=rock
INFO     	      regidrago   dragonsmaw  choicescarf [dracometeor, dragonenergy, earthquake, outrage] ttype=dragon
INFO     Sampling 1 unrevealed pokemon
INFO     	        sylveon     pixilate    leftovers [calmmind, hypervoice, protect, wish] ttype=steel
INFO     Searching for a move using MCTS...
INFO     Sampling 2 battles at 500ms each
INFO     Policy 0: switch hippowdon visited 100.0% avg_score=0.006 sample_chance_multiplier=0.5
INFO     Policy 1: switch hippowdon visited 100.0% avg_score=0.005 sample_chance_multiplier=0.5
INFO     Considered Choices:
INFO     	100.0%: switch hippowdon
INFO     Choice: switch hippowdon
INFO     hippowdon switched in, adding intimidate to impossible abilities
INFO     hippowdon switched in, adding pressure to impossible abilities
INFO     hippowdon switched in, adding neutralizinggas to impossible abilities
INFO     hippowdon switched in, adding sandstream to impossible abilities
INFO     hippowdon switched in, adding drought to impossible abilities
INFO     hippowdon switched in, adding drizzle to impossible abilities
INFO     hippowdon switched in, adding snowwarning to impossible abilities
INFO     hippowdon switched in, adding boosterenergy to impossible items
INFO     hippowdon switched in, adding airballoon to impossible items
INFO     Weather sandstorm is active
INFO     Weather turns remaining: 5
INFO     Setting hippowdon ability to sandstream
INFO     
INFO     Turn: 14
INFO     Sampling battle 0
INFO     	      blastoise      torrent         None [hydropump, icebeam, shellsmash, terablast] ttype=electric
INFO     	       virizion    justified      lifeorb [closecombat, leafblade, stoneedge, swordsdance] ttype=rock
INFO     	      regidrago   dragonsmaw  choicescarf [dracometeor, dragonenergy, earthquake, outrage] ttype=dragon
INFO     Sampling 1 unrevealed pokemon
INFO     	 giratinaorigin     levitate griseouscore [dracometeor, poltergeist, shadowsneak, willowisp] ttype=dragon
INFO     Sampling battle 1
INFO     	      blastoise      torrent         None [hydropump, icebeam, shellsmash, terablast] ttype=grass
INFO     	       virizion    justified      lifeorb [closecombat, leafblade, stoneedge, swordsdance] ttype=rock
INFO     	      regidrago   dragonsmaw  choicescarf [dracometeor, dragonenergy, earthquake, outrage] ttype=dragon
INFO     Sampling 1 unrevealed pokemon
INFO     	         gogoat    sapsipper    leftovers [bulkup, earthquake, hornleech, milkdrink] ttype=water
INFO     Searching for a move using MCTS...
INFO     Sampling 2 battles at 500ms each
INFO     Policy 0: stoneedge visited 28.96% avg_score=0.005 sample_chance_multiplier=0.5
INFO     Policy 1: stoneedge visited 28.79% avg_score=0.005 sample_chance_multiplier=0.5
INFO     Considered Choices:
INFO     	28.872%: stoneedge
INFO     	27.019%: earthquake
INFO     	22.119%: stealthrock
INFO     	21.99%: slackoff
INFO     Choice: slackoff
INFO     Updated blastoise's min speed to 62
INFO     blastoise already has the move icebeam. Decrementing the PP by 1
INFO     blastoise used a ice move, removing icegem from possible items
INFO     Setting blastoise's last used move: icebeam
INFO     blastoise used a damaging move - not guessing lifeorb anymore
INFO     blastoise did 81.03% damage to hippowdon with icebeam
INFO     hippowdon already has the move slackoff. Decrementing the PP by 1
INFO     hippowdon used a status-move. Adding `assaultvest` to impossible items
INFO     Setting hippowdon's last used move: slackoff
INFO     Weather sandstorm is active
INFO     Weather turns remaining: 4
INFO     blastoise has less than maxhp during upkeep, no longer guessing leftovers or blacksludge
INFO     
INFO     Turn: 15
INFO     Sampling battle 0
INFO     	      blastoise      torrent         None [earthquake, hydropump, icebeam, shellsmash] ttype=steel
INFO     	       virizion    justified      lifeorb [closecombat, leafblade, stoneedge, swordsdance] ttype=rock
INFO     	      regidrago   dragonsmaw  choicescarf [dracometeor, dragonenergy, earthquake, outrage] ttype=dragon
INFO     Sampling 1 unrevealed pokemon
INFO     	  braviaryhisui   tintedlens  choicespecs [esperwing, hurricane, uturn, vacuumwave] ttype=fighting
INFO     Sampling battle 1
INFO     	      blastoise      torrent         None [earthquake, hydropump, icebeam, shellsmash] ttype=water
INFO     	       virizion    justified      lifeorb [closecombat, leafblade, stoneedge, swordsdance] ttype=rock
INFO     	      regidrago   dragonsmaw  choicescarf [dracometeor, dragonenergy, earthquake, outrage] ttype=dragon
INFO     Sampling 1 unrevealed pokemon
INFO     	      metagross    clearbody   choiceband [bulletpunch, earthquake, heavyslam, knockoff] ttype=water
INFO     Searching for a move using MCTS...
INFO     Sampling 2 battles at 500ms each
INFO     Policy 0: stoneedge visited 25.65% avg_score=0.0 sample_chance_multiplier=0.5
INFO     Policy 1: slackoff visited 25.85% avg_score=0.0 sample_chance_multiplier=0.5
INFO     Considered Choices:
INFO     	25.514%: slackoff
INFO     	25.368%: stoneedge
INFO     	25.34%: earthquake
INFO     	23.778%: stealthrock
INFO     Choice: stealthrock
INFO     Winner: AbraMCTS
INFO     Lost with team: None
INFO     W: 1	L: 1
INFO     Searching for ranked gen9randombattle match
INFO     Initialized battle-gen9randombattle-78 against: AbraMCTS
INFO     Opponent has switched - clearing the last used move
INFO     gliscor switched in, adding intimidate to impossible abilities
INFO     gliscor switched in, adding pressure to impossible abilities
INFO     gliscor switched in, adding neutralizinggas to impossible abilities
INFO     gliscor switched in, adding sandstream to impossible abilities
INFO     gliscor switched in, adding drought to impossible abilities
INFO     gliscor switched in, adding drizzle to impossible abilities
INFO     gliscor switched in, adding snowwarning to impossible abilities
INFO     gliscor switched in, adding boosterenergy to impossible items
INFO     gliscor switched in, adding airballoon to impossible items
INFO     
INFO     Turn: 1
INFO     Sampling battle 0
INFO     	        gliscor   poisonheal     toxicorb [earthquake, knockoff, protect, toxic] ttype=water
INFO     Sampling 5 unrevealed pokemon
INFO     	       oranguru   innerfocus      lifeorb [hypervoice, nastyplot, psyshock, thunderbolt] ttype=psychic
INFO     	       dachsbun wellbakedbody    leftovers [bodypress, playrough, protect, wish] ttype=steel
INFO     	       smeargle     owntempo    focussash [ceaselessedge, spore, stealthrock, whirlwind] ttype=ghost
INFO     	        banette     insomnia      lifeorb [gunkshot, poltergeist, shadowsneak, swordsdance] ttype=ghost
INFO     	taurospaldeablaze   intimidate   choiceband [closecombat, flareblitz, stoneedge, wildcharge] ttype=fighting
INFO     Sampling battle 1
INFO     	        gliscor   poisonheal     toxicorb [earthquake, knockoff, protect, toxic] ttype=water
INFO     Sampling 5 unrevealed pokemon
INFO     	     feraligatr   sheerforce      lifeorb [crunch, dragondance, icepunch, liquidation] ttype=dark
INFO     	         emboar     reckless   choiceband [closecombat, flareblitz, headsmash, knockoff] ttype=fire
INFO     	        gallade    sharpness  choicescarf [leafblade, nightslash, psychocut, sacredsword] ttype=grass
INFO     	    fluttermane protosynthesis      lifeorb [calmmind, moonblast, mysticalfire, shadowball] ttype=fire
INFO     	         latios     levitate      souldew [calmmind, dracometeor, psyshock, recover] ttype=steel
INFO     Sampling battle 2
INFO     	        gliscor   poisonheal     toxicorb [earthquake, protect, substitute, toxic] ttype=water
INFO     Sampling 5 unrevealed pokemon
INFO     	    brutebonnet protosynthesis    leftovers [crunch, seedbomb, spore, suckerpunch] ttype=poison
INFO     	      reuniclus   magicguard      lifeorb [calmmind, focusblast, psychic, recover] ttype=fighting
INFO     	     feraligatr   sheerforce      lifeorb [dragondance, icepunch, liquidation, trailblaze] ttype=grass
INFO     	ogerponwellspring  waterabsorb wellspringmask [ivycudgel, knockoff, powerwhip, swordsdance] ttype=water
INFO     	      terrakion    justified   choiceband [closecombat, earthquake, quickattack, stoneedge] ttype=ground
INFO     Sampling battle 3
INFO     	        gliscor   poisonheal     toxicorb [earthquake, knockoff, protect, toxic] ttype=water
INFO     Sampling 5 unrevealed pokemon
INFO     	    ironjugulis   quarkdrive  choicespecs [darkpulse, hurricane, hydropump, uturn] ttype=flying
INFO     	 arceusfighting    multitype    fistplate [bodypress, cosmicpower, recover, storedpower] ttype=steel
INFO     	     ironleaves   quarkdrive   choiceband [closecombat, leafblade, megahorn, psyblade] ttype=fighting
INFO     	      excadrill  moldbreaker    leftovers [earthquake, ironhead, rapidspin, swordsdance] ttype=grass
INFO     	      sudowoodo     rockhead   choiceband [earthquake, headsmash, suckerpunch, woodhammer] ttype=grass
INFO     Searching for a move using MCTS...
INFO     Sampling 4 battles at 250ms each
INFO     Policy 0: stealthrock visited 90.28% avg_score=0.564 sample_chance_multiplier=0.25
INFO     Policy 1: stealthrock visited 81.82% avg_score=0.575 sample_chance_multiplier=0.25
INFO     Policy 2: stealthrock visited 81.31% avg_score=0.52 sample_chance_multiplier=0.25
INFO     Policy 3: stealthrock visited 90.98% avg_score=0.573 sample_chance_multiplier=0.25
INFO     Considered Choices:
INFO     	86.095%: stealthrock
INFO     Choice: stealthrock
INFO     Updated gliscor's min speed to 106
INFO     gliscor used a status-move. Adding `assaultvest` to impossible items
INFO     Setting gliscor's last used move: toxic
INFO     mudsdale got status: tox
INFO     No longer guessing lumberry because mudsdale got status tox
INFO     mudsdale already has the move stealthrock. Decrementing the PP by 1
INFO     mudsdale used a status-move. Adding `assaultvest` to impossible items
INFO     Setting mudsdale's last used move: stealthrock
INFO     Incremented side condition stealthrock to 1 for gliscor
INFO     gliscor got status: tox
INFO     No longer guessing lumberry because gliscor got status tox
INFO     
INFO     Turn: 2
INFO     Sampling battle 0
INFO     	        gliscor   poisonheal     toxicorb [earthquake, knockoff, protect, toxic] ttype=water
INFO     Sampling 5 unrevealed pokemon
INFO     	      electrode       static  assaultvest [explosion, foulplay, thunderbolt, voltswitch] ttype=dark
INFO     	        beartic    slushrush heavydutyboots [closecombat, earthquake, iciclecrash, swordsdance] ttype=ground
INFO     	      meowsticf  competitive      lifeorb [alluringvoice, nastyplot, psyshock, thunderbolt] ttype=electric
INFO     	       tinkaton  moldbreaker    leftovers [encore, gigatonhammer, playrough, thunderwave] ttype=water
INFO     	       gyarados        moxie heavydutyboots [dragondance, earthquake, terablast, waterfall] ttype=flying
INFO     Sampling battle 1
INFO     	        gliscor   poisonheal     toxicorb [earthquake, protect, substitute, toxic] ttype=water
INFO     Sampling 5 unrevealed pokemon
INFO     	       meganium     overgrow    leftovers [encore, energyball, knockoff, synthesis] ttype=steel
INFO     	    arceussteel    multitype    ironplate [calmmind, earthpower, judgment, recover] ttype=ghost
INFO     	         arceus    multitype    leftovers [extremespeed, recover, shadowclaw, swordsdance] ttype=ghost
INFO     	         minior  shieldsdown    whiteherb [acrobatics, earthquake, powergem, shellsmash] ttype=water
INFO     	        lucario    justified   choiceband [closecombat, extremespeed, meteormash, stoneedge] ttype=normal
INFO     Searching for a move using MCTS...
INFO     Sampling 2 battles at 500ms each
INFO     Policy 0: switch hydreigon visited 29.93% avg_score=0.494 sample_chance_multiplier=0.5
INFO     Policy 1: heavyslam visited 27.05% avg_score=0.477 sample_chance_multiplier=0.5
INFO     Considered Choices:
INFO     	28.07%: switch hydreigon
INFO     	24.222%: heavyslam
INFO     Choice: heavyslam
INFO     Updated gliscor's min speed to 106
INFO     gliscor already has the move toxic. Decrementing the PP by 1
INFO     gliscor used a status-move. Adding `assaultvest` to impossible items
INFO     Setting gliscor's last used move: toxic
INFO     mudsdale already has the move heavyslam. Decrementing the PP by 1
INFO     mudsdale used a steel move, removing steelgem from possible items
INFO     Setting mudsdale's last used move: heavyslam
INFO     mudsdale used a damaging move - not guessing lifeorb anymore
INFO     mudsdale did 34.0% damage to gliscor with heavyslam
INFO     Setting mudsdale's item to: leftovers
INFO     gliscor has less than maxhp during upkeep, no longer guessing leftovers or blacksludge
INFO     
INFO     Turn: 3
INFO     Sampling battle 0
INFO     	        gliscor   poisonheal     toxicorb [earthquake, protect, substitute, toxic] ttype=water
INFO     Sampling 5 unrevealed pokemon
INFO     	  qwilfishhisui   intimidate     eviolite [crunch, gunkshot, spikes, toxicspikes] ttype=flying
INFO     	typhlosionhisui        blaze heavydutyboots [calmmind, fireblast, shadowball, willowisp] ttype=fire
WARNING  steel is not a known move
INFO     	          ditto     imposter  choicescarf [transform]
INFO     	         swanna    hydration heavydutyboots [bravebird, defog, hydropump, roost] ttype=ground
INFO     	  slowkinggalar  regenerator heavydutyboots [chillyreception, psychicnoise, slackoff, sludgebomb] ttype=poison
INFO     Sampling battle 1
INFO     	        gliscor   poisonheal     toxicorb [earthquake, knockoff, protect, toxic] ttype=water
INFO     Sampling 5 unrevealed pokemon
INFO     	        scyther   technician heavydutyboots [closecombat, defog, dualwingbeat, uturn] ttype=fighting
INFO     	   arceusdragon    multitype   dracoplate [calmmind, fireblast, judgment, recover] ttype=fire
INFO     	       dusknoir        frisk    leftovers [earthquake, painsplit, poltergeist, willowisp] ttype=dark
INFO     	        avalugg       sturdy heavydutyboots [avalanche, bodypress, curse, recover] ttype=fighting
INFO     	        suicune     pressure    leftovers [calmmind, rest, scald, sleeptalk] ttype=steel
INFO     Searching for a move using MCTS...
INFO     Sampling 2 battles at 500ms each
INFO     Policy 0: heavyslam visited 31.95% avg_score=0.444 sample_chance_multiplier=0.5
INFO     Policy 1: switch hydreigon visited 65.31% avg_score=0.481 sample_chance_multiplier=0.5
INFO     Considered Choices:
INFO     	47.481%: switch hydreigon
INFO     Choice: switch hydreigon
INFO     hydreigon switched in, adding intimidate to impossible abilities
INFO     hydreigon switched in, adding pressure to impossible abilities
INFO     hydreigon switched in, adding neutralizinggas to impossible abilities
INFO     hydreigon switched in, adding sandstream to impossible abilities
INFO     hydreigon switched in, adding drought to impossible abilities
INFO     hydreigon switched in, adding drizzle to impossible abilities
INFO     hydreigon switched in, adding snowwarning to impossible abilities
INFO     hydreigon switched in, adding boosterenergy to impossible items
INFO     hydreigon switched in, adding airballoon to impossible items
INFO     gliscor used two different moves - it cannot have a choice item
INFO     gliscor using substitute makes it unlikely to have a choice item. Setting can_have_choice_item to False
INFO     gliscor used a status-move. Adding `assaultvest` to impossible items
INFO     Setting gliscor's last used move: substitute
INFO     Starting the volatile status substitute on gliscor
INFO     gliscor started a substitute - setting substitute_hit to False
INFO     gliscor has less than maxhp during upkeep, no longer guessing leftovers or blacksludge
INFO     
INFO     Turn: 4
INFO     Sampling battle 0
INFO     	        gliscor   poisonheal     toxicorb [earthquake, protect, substitute, toxic] ttype=water
INFO     Sampling 5 unrevealed pokemon
INFO     	     typhlosion    flashfire  choicescarf [eruption, fireblast, focusblast, scorchingsands] ttype=fire
INFO     	      gastrodon   stormdrain    leftovers [earthquake, icebeam, recover, spikes] ttype=poison
INFO     	      spectrier    grimneigh    leftovers [nastyplot, shadowball, substitute, terablast] ttype=fighting
INFO     	        darkrai    baddreams      lifeorb [darkpulse, hypnosis, nastyplot, sludgebomb] ttype=poison
INFO     	      ironhands   quarkdrive  assaultvest [closecombat, fakeout, voltswitch, wildcharge] ttype=fighting
INFO     Sampling battle 1
INFO     	        gliscor   poisonheal     toxicorb [earthquake, protect, substitute, toxic] ttype=water
INFO     Sampling 5 unrevealed pokemon
INFO     	ogerponhearthflame  moldbreaker hearthflamemask [hornleech, ivycudgel, swordsdance, trailblaze] ttype=fire
INFO     	   brambleghast    windrider heavydutyboots [poltergeist, powerwhip, rapidspin, strengthsap] ttype=water
INFO     	       gumshoos     stakeout   choiceband [doubleedge, earthquake, knockoff, uturn] ttype=normal
INFO     	        gurdurr         guts     eviolite [bulkup, drainpunch, knockoff, machpunch] ttype=steel
INFO     	 giratinaorigin     levitate griseouscore [defog, dracometeor, poltergeist, shadowsneak] ttype=steel
INFO     Searching for a move using MCTS...
INFO     Sampling 2 battles at 500ms each
INFO     Policy 0: darkpulse visited 51.26% avg_score=0.496 sample_chance_multiplier=0.5
INFO     Policy 1: darkpulse visited 57.63% avg_score=0.505 sample_chance_multiplier=0.5
INFO     Considered Choices:
INFO     	54.444%: darkpulse
INFO     Choice: darkpulse
INFO     Updated gliscor's max speed to 200
INFO     hydreigon already has the move darkpulse. Decrementing the PP by 1
INFO     hydreigon used a dark move, removing darkgem from possible items
INFO     Setting hydreigon's last used move: darkpulse
INFO     hydreigon used a damaging move - not guessing lifeorb anymore
INFO     Substitute ended for gliscor
INFO     Removing the volatile status substitute from gliscor
INFO     gliscor already has the move toxic. Decrementing the PP by 1
INFO     gliscor used two different moves - it cannot have a choice item
INFO     gliscor used a status-move. Adding `assaultvest` to impossible items
INFO     Setting gliscor's last used move: toxic
INFO     hydreigon got status: tox
INFO     No longer guessing lumberry because hydreigon got status tox
INFO     gliscor has less than maxhp during upkeep, no longer guessing leftovers or blacksludge
INFO     
INFO     Turn: 5
INFO     Sampling battle 0
INFO     	        gliscor   poisonheal     toxicorb [earthquake, protect, substitute, toxic] ttype=water
INFO     Sampling 5 unrevealed pokemon
INFO     	       pelipper      drizzle heavydutyboots [hurricane, hydropump, roost, uturn] ttype=water
INFO     	     whimsicott    prankster    leftovers [encore, leechseed, moonblast, substitute] ttype=steel
INFO     	   basculegionf adaptability  assaultvest [flipturn, hydropump, shadowball, wavecrash] ttype=water
INFO     	       granbull   intimidate    leftovers [earthquake, playrough, roar, thunderwave] ttype=ground
INFO     	         gogoat    sapsipper    leftovers [bulkup, earthquake, hornleech, milkdrink] ttype=ground
INFO     Sampling battle 1
INFO     	        gliscor   poisonheal     toxicorb [earthquake, protect, substitute, toxic] ttype=water
INFO     Sampling 5 unrevealed pokemon
INFO     	        suicune     pressure    leftovers [calmmind, icebeam, scald, substitute] ttype=dragon
INFO     	       floatzel    waterveil   choiceband [crunch, flipturn, icespinner, wavecrash] ttype=water
INFO     	        urshifu   unseenfist      lifeorb [closecombat, poisonjab, swordsdance, wickedblow] ttype=dark
INFO     	     rotomfrost     levitate heavydutyboots [blizzard, thunderbolt, voltswitch, willowisp] ttype=electric
INFO     	       braviary      defiant heavydutyboots [bravebird, bulkup, closecombat, roost] ttype=fighting
INFO     Searching for a move using MCTS...
INFO     Sampling 2 battles at 500ms each
INFO     Policy 0: darkpulse visited 45.15% avg_score=0.466 sample_chance_multiplier=0.5
INFO     Policy 1: darkpulse visited 41.29% avg_score=0.474 sample_chance_multiplier=0.5
INFO     Considered Choices:
INFO     	43.218%: darkpulse
INFO     Choice: darkpulse
INFO     gliscor used two different moves - it cannot have a choice item
INFO     gliscor used a status-move. Adding `assaultvest` to impossible items
INFO     Setting gliscor's last used move: protect
INFO     gliscor used a protect move, set protect side condition to 2
INFO     hydreigon already has the move darkpulse. Decrementing the PP by 1
INFO     hydreigon used a dark move, removing darkgem from possible items
INFO     Setting hydreigon's last used move: darkpulse
INFO     hydreigon used a damaging move - not guessing lifeorb anymore
INFO     Setting protect to 1 for the opponent
INFO     gliscor has less than maxhp during upkeep, no longer guessing leftovers or blacksludge
INFO     
INFO     Turn: 6
INFO     Sampling battle 0
INFO     	        gliscor   poisonheal     toxicorb [earthquake, protect, substitute, toxic] ttype=water
INFO     Sampling 5 unrevealed pokemon
INFO     	     golemalola    galvanize   choiceband [doubleedge, earthquake, explosion, stoneedge] ttype=electric
INFO     	    fezandipiti   toxicchain    leftovers [beatup, gunkshot, moonblast, roost] ttype=water
INFO     	ogerponwellspring  waterabsorb wellspringmask [ivycudgel, playrough, powerwhip, swordsdance] ttype=water
INFO     	       mudsdale      stamina    leftovers [earthquake, heavyslam, roar, stealthrock] ttype=steel
INFO     	       inteleon      torrent  choicespecs [darkpulse, hydropump, icebeam, uturn] ttype=water
INFO     Sampling battle 1
INFO     	        gliscor   poisonheal     toxicorb [earthquake, protect, substitute, toxic] ttype=water
INFO     Sampling 5 unrevealed pokemon
INFO     	      cryogonal     levitate heavydutyboots [freezedry, haze, rapidspin, recover] ttype=poison
INFO     	     copperajah   heavymetal   choiceband [heatcrash, heavyslam, knockoff, supercellslam] ttype=fire
INFO     	       zangoose   toxicboost     toxicorb [closecombat, facade, knockoff, quickattack] ttype=normal
INFO     	        florges   flowerveil    leftovers [calmmind, moonblast, protect, wish] ttype=steel
INFO     	      araquanid  waterbubble heavydutyboots [hydropump, leechlife, liquidation, stickyweb] ttype=water
INFO     Searching for a move using MCTS...
INFO     Sampling 2 battles at 500ms each
INFO     Policy 0: darkpulse visited 48.93% avg_score=0.503 sample_chance_multiplier=0.5
INFO     Policy 1: darkpulse visited 51.65% avg_score=0.457 sample_chance_multiplier=0.5
INFO     Considered Choices:
INFO     	50.291%: darkpulse
INFO     Choice: darkpulse
INFO     Opponent has switched - clearing the last used move
INFO     emboar switched in, adding intimidate to impossible abilities
INFO     emboar switched in, adding pressure to impossible abilities
INFO     emboar switched in, adding neutralizinggas to impossible abilities
INFO     emboar switched in, adding sandstream to impossible abilities
INFO     emboar switched in, adding drought to impossible abilities
INFO     emboar switched in, adding drizzle to impossible abilities
INFO     emboar switched in, adding snowwarning to impossible abilities
INFO     emboar switched in, adding boosterenergy to impossible items
INFO     emboar switched in, adding airballoon to impossible items
INFO     emboar was affected by stealthrock, it cannot have heavydutyboots
INFO     hydreigon already has the move darkpulse. Decrementing the PP by 1
INFO     hydreigon used a dark move, removing darkgem from possible items
INFO     Setting hydreigon's last used move: darkpulse
INFO     hydreigon used a damaging move - not guessing lifeorb anymore
INFO     hydreigon did 19.0% damage to emboar with darkpulse
INFO     Setting protect to 0 for the opponent
INFO     emboar has less than maxhp during upkeep, no longer guessing leftovers or blacksludge
INFO     
INFO     Turn: 7
INFO     Sampling battle 0
INFO     	         emboar     reckless  assaultvest [closecombat, flareblitz, knockoff, wildcharge] ttype=dark
INFO     	        gliscor   poisonheal     toxicorb [earthquake, protect, substitute, toxic] ttype=water
INFO     Sampling 4 unrevealed pokemon
INFO     	ogerponwellspring  waterabsorb wellspringmask [ivycudgel, playrough, powerwhip, swordsdance] ttype=water
INFO     	    arceusgrass    multitype  meadowplate [calmmind, fireblast, judgment, recover] ttype=fire
INFO     	         regice    clearbody heavydutyboots [icebeam, rest, sleeptalk, thunderbolt] ttype=electric
INFO     	        palafin   zerotohero    leftovers [bulkup, icepunch, jetpunch, wavecrash] ttype=steel
INFO     Sampling battle 1
INFO     	         emboar     reckless  assaultvest [closecombat, flareblitz, knockoff, scald] ttype=dark
INFO     	        gliscor   poisonheal     toxicorb [earthquake, protect, substitute, toxic] ttype=water
INFO     Sampling 4 unrevealed pokemon
INFO     	       vivillon compoundeyes heavydutyboots [bugbuzz, hurricane, quiverdance, sleeppowder] ttype=flying
INFO     	      excadrill  moldbreaker  assaultvest [earthquake, ironhead, rapidspin, rockslide] ttype=water
INFO     	       samurott      torrent  assaultvest [grassknot, hydropump, knockoff, megahorn] ttype=grass
WARNING  steel is not a known move
INFO     	          ditto     imposter  choicescarf [transform]
INFO     Sampling battle 2
INFO     	         emboar     reckless  assaultvest [closecombat, flareblitz, suckerpunch, wildcharge] ttype=electric
INFO     	        gliscor   poisonheal     toxicorb [earthquake, protect, substitute, toxic] ttype=water
INFO     Sampling 4 unrevealed pokemon
INFO     	     kricketune   technician heavydutyboots [knockoff, pounce, stickyweb, taunt] ttype=ghost
INFO     	        delphox        blaze  choicescarf [fireblast, focusblast, grassknot, psyshock] ttype=fire
INFO     	        golduck    swiftswim    leftovers [encore, grassknot, hydropump, nastyplot] ttype=water
INFO     	         luxray   intimidate  assaultvest [icefang, throatchop, voltswitch, wildcharge] ttype=electric
INFO     Sampling battle 3
INFO     	         emboar     reckless  assaultvest [closecombat, flareblitz, knockoff, scald] ttype=fire
INFO     	        gliscor   poisonheal     toxicorb [earthquake, protect, substitute, toxic] ttype=water
INFO     Sampling 4 unrevealed pokemon
INFO     	taurospaldeaaqua   intimidate      lifeorb [aquajet, bulkup, closecombat, liquidation] ttype=water
INFO     	        kleavor    sharpness   choiceband [closecombat, stoneaxe, uturn, xscissor] ttype=bug
INFO     	       meowstic    prankster    lightclay [alluringvoice, lightscreen, psychicnoise, reflect] ttype=fairy
INFO     	       granbull   intimidate    leftovers [earthquake, playrough, roar, thunderwave] ttype=ground
INFO     Searching for a move using MCTS...
INFO     Sampling 4 battles at 250ms each
INFO     Policy 0: darkpulse visited 79.12% avg_score=0.435 sample_chance_multiplier=0.25
INFO     Policy 1: darkpulse visited 79.42% avg_score=0.437 sample_chance_multiplier=0.25
INFO     Policy 2: darkpulse visited 78.72% avg_score=0.428 sample_chance_multiplier=0.25
INFO     Policy 3: darkpulse visited 76.55% avg_score=0.416 sample_chance_multiplier=0.25
INFO     Considered Choices:
INFO     	78.449%: darkpulse
INFO     Choice: darkpulse
INFO     Updated emboar's max speed to 200
INFO     hydreigon already has the move darkpulse. Decrementing the PP by 1
INFO     hydreigon used a dark move, removing darkgem from possible items
INFO     Setting hydreigon's last used move: darkpulse
INFO     hydreigon used a damaging move - not guessing lifeorb anymore
INFO     hydreigon did 17.0% damage to emboar with darkpulse
INFO     emboar used a electric move, removing electricgem from possible items
INFO     Setting emboar's last used move: wildcharge
INFO     emboar used a damaging move - not guessing lifeorb anymore
INFO     emboar did 16.73% damage to hydreigon with wildcharge
INFO     emboar has less than maxhp during upkeep, no longer guessing leftovers or blacksludge
INFO     
INFO     Turn: 8
INFO     Sampling battle 0
INFO     	         emboar     reckless  assaultvest [closecombat, flareblitz, scald, wildcharge] ttype=fire
INFO     	        gliscor   poisonheal     toxicorb [earthquake, protect, substitute, toxic] ttype=water
INFO     Sampling 4 unrevealed pokemon
INFO     	      revavroom       filter      lifeorb [gunkshot, highhorsepower, ironhead, shiftgear] ttype=ground
INFO     	     misdreavus     levitate     eviolite [calmmind, drainingkiss, shadowball, willowisp] ttype=fairy
INFO     	zamazentacrowned dauntlessshield rustedshield [bodypress, heavyslam, irondefense, stoneedge] ttype=ghost
INFO     	       giratina     pressure    leftovers [dragontail, rest, shadowball, willowisp] ttype=fairy
INFO     Sampling battle 1
INFO     	         emboar     reckless  assaultvest [closecombat, flareblitz, scald, wildcharge] ttype=water
INFO     	        gliscor   poisonheal     toxicorb [earthquake, protect, substitute, toxic] ttype=water
INFO     Sampling 4 unrevealed pokemon
INFO     	      dragapult  infiltrator  choicespecs [dracometeor, fireblast, shadowball, uturn] ttype=ghost
INFO     	      alomomola  regenerator    leftovers [flipturn, protect, scald, wish] ttype=steel
INFO     	        florges   flowerveil    leftovers [calmmind, moonblast, protect, wish] ttype=steel
INFO     	        spidops     stakeout heavydutyboots [circlethrow, spikes, stickyweb, toxicspikes] ttype=ghost
INFO     Searching for a move using MCTS...
INFO     Sampling 2 battles at 500ms each
INFO     Policy 0: darkpulse visited 93.86% avg_score=0.512 sample_chance_multiplier=0.5
INFO     Policy 1: darkpulse visited 97.64% avg_score=0.554 sample_chance_multiplier=0.5
INFO     Considered Choices:
INFO     	95.748%: darkpulse
INFO     Choice: darkpulse
INFO     Opponent has switched - clearing the last used move
INFO     samurotthisui switched in, adding intimidate to impossible abilities
INFO     samurotthisui switched in, adding pressure to impossible abilities
INFO     samurotthisui switched in, adding neutralizinggas to impossible abilities
INFO     samurotthisui switched in, adding sandstream to impossible abilities
INFO     samurotthisui switched in, adding drought to impossible abilities
INFO     samurotthisui switched in, adding drizzle to impossible abilities
INFO     samurotthisui switched in, adding snowwarning to impossible abilities
INFO     samurotthisui switched in, adding boosterenergy to impossible items
INFO     samurotthisui switched in, adding airballoon to impossible items
INFO     samurotthisui was affected by stealthrock, it cannot have heavydutyboots
INFO     hydreigon already has the move darkpulse. Decrementing the PP by 1
INFO     hydreigon used a dark move, removing darkgem from possible items
INFO     Setting hydreigon's last used move: darkpulse
INFO     hydreigon used a damaging move - not guessing lifeorb anymore
INFO     hydreigon did 35.0% damage to samurotthisui with darkpulse
INFO     samurotthisui has less than maxhp during upkeep, no longer guessing leftovers or blacksludge
INFO     Sampling battle 0
INFO     	  samurotthisui    sharpness  choicescarf [ceaselessedge, flipturn, razorshell, sacredsword] ttype=water
INFO     	        gliscor   poisonheal     toxicorb [earthquake, protect, substitute, toxic] ttype=water
INFO     	         emboar     reckless  assaultvest [closecombat, flareblitz, scald, wildcharge] ttype=water
INFO     Sampling 3 unrevealed pokemon
INFO     	      azumarill    hugepower   choiceband [aquajet, liquidation, playrough, superpower] ttype=water
INFO     	    zapdosgalar      defiant      lifeorb [bravebird, bulkup, closecombat, knockoff] ttype=fighting
INFO     	     typhlosion    flashfire  choicespecs [eruption, fireblast, focusblast, scorchingsands] ttype=fire
INFO     Sampling battle 1
INFO     	  samurotthisui    sharpness   choiceband [ceaselessedge, flipturn, razorshell, suckerpunch] ttype=water
INFO     	        gliscor   poisonheal     toxicorb [earthquake, protect, substitute, toxic] ttype=water
INFO     	         emboar     reckless  assaultvest [closecombat, flareblitz, knockoff, wildcharge] ttype=dark
INFO     Sampling 3 unrevealed pokemon
INFO     	  deoxysdefense     pressure    leftovers [knockoff, psychicnoise, recover, spikes] ttype=fairy
INFO     	    arceussteel    multitype    ironplate [calmmind, earthpower, judgment, recover] ttype=ghost
INFO     	      decidueye     overgrow heavydutyboots [defog, knockoff, leafstorm, spiritshackle] ttype=ghost
INFO     Sampling battle 2
INFO     	  samurotthisui    sharpness   choiceband [ceaselessedge, flipturn, razorshell, sacredsword] ttype=water
INFO     	        gliscor   poisonheal     toxicorb [earthquake, protect, substitute, toxic] ttype=water
INFO     	         emboar     reckless  assaultvest [closecombat, flareblitz, knockoff, wildcharge] ttype=fire
INFO     Sampling 3 unrevealed pokemon
INFO     	         swalot   liquidooze  assaultvest [clearsmog, earthquake, knockoff, sludgebomb] ttype=dark
INFO     	       arboliva      harvest  sitrusberry [hypervoice, leechseed, protect, substitute] ttype=water
INFO     	         dodrio    earlybird   choiceband [bravebird, doubleedge, drillrun, knockoff] ttype=normal
INFO     Sampling battle 3
INFO     	  samurotthisui    sharpness   choiceband [ceaselessedge, flipturn, razorshell, suckerpunch] ttype=poison
INFO     	        gliscor   poisonheal     toxicorb [earthquake, protect, substitute, toxic] ttype=water
INFO     	         emboar     reckless  assaultvest [closecombat, flareblitz, scald, wildcharge] ttype=fire
INFO     Sampling 3 unrevealed pokemon
INFO     	   basculegionf adaptability  assaultvest [flipturn, hydropump, shadowball, wavecrash] ttype=water
INFO     	         swalot   liquidooze    leftovers [earthquake, knockoff, sludgebomb, toxicspikes] ttype=dark
INFO     	            muk  poisontouch  assaultvest [drainpunch, gunkshot, icepunch, knockoff] ttype=dark
INFO     Searching for a move using MCTS...
INFO     Sampling 4 battles at 250ms each
INFO     Policy 0: switch mudsdale visited 35.88% avg_score=0.489 sample_chance_multiplier=0.25
INFO     Policy 1: switch ogerponhearthflame visited 98.49% avg_score=0.682 sample_chance_multiplier=0.25
INFO     Policy 2: switch ogerponhearthflame visited 96.72% avg_score=0.592 sample_chance_multiplier=0.25
INFO     Policy 3: switch ogerponhearthflame visited 93.25% avg_score=0.58 sample_chance_multiplier=0.25
INFO     Considered Choices:
INFO     	76.487%: switch ogerponhearthflame
INFO     Choice: switch ogerponhearthflame
INFO     ogerponhearthflame switched in, adding intimidate to impossible abilities
INFO     ogerponhearthflame switched in, adding pressure to impossible abilities
INFO     ogerponhearthflame switched in, adding neutralizinggas to impossible abilities
INFO     ogerponhearthflame switched in, adding sandstream to impossible abilities
INFO     ogerponhearthflame switched in, adding drought to impossible abilities
INFO     ogerponhearthflame switched in, adding drizzle to impossible abilities
INFO     ogerponhearthflame switched in, adding snowwarning to impossible abilities
INFO     ogerponhearthflame switched in, adding boosterenergy to impossible items
INFO     ogerponhearthflame switched in, adding airballoon to impossible items
INFO     Setting ogerponhearthflame's ability to moldbreaker
INFO     
INFO     Turn: 9
INFO     Sampling battle 0
INFO     	  samurotthisui    sharpness   choiceband [ceaselessedge, flipturn, razorshell, suckerpunch] ttype=dark
INFO     	        gliscor   poisonheal     toxicorb [earthquake, protect, substitute, toxic] ttype=water
INFO     	         emboar     reckless  assaultvest [closecombat, flareblitz, scald, wildcharge] ttype=fire
INFO     Sampling 3 unrevealed pokemon
INFO     	       chienpao  swordofruin heavydutyboots [iciclecrash, sacredsword, swordsdance, throatchop] ttype=dark
INFO     	   basculegionf adaptability  assaultvest [flipturn, hydropump, shadowball, wavecrash] ttype=water
INFO     	       sceptile     overgrow      lifeorb [earthquake, focusblast, leafstorm, shedtail] ttype=ground
INFO     Sampling battle 1
INFO     	  samurotthisui    sharpness      lifeorb [ceaselessedge, razorshell, sacredsword, swordsdance] ttype=water
INFO     	        gliscor   poisonheal     toxicorb [earthquake, protect, substitute, toxic] ttype=water
INFO     	         emboar     reckless  assaultvest [closecombat, flareblitz, scald, wildcharge] ttype=water
INFO     Sampling 3 unrevealed pokemon
INFO     	     copperajah   heavymetal   choiceband [earthquake, heatcrash, heavyslam, superpower] ttype=fire
INFO     	       delibird       hustle heavydutyboots [bravebird, drillrun, iceshard, icespinner] ttype=flying
INFO     	        kingdra    swiftswim     lumberry [dragondance, ironhead, outrage, wavecrash] ttype=steel
INFO     Sampling battle 2
INFO     	  samurotthisui    sharpness  choicescarf [ceaselessedge, flipturn, razorshell, sacredsword] ttype=dark
INFO     	        gliscor   poisonheal     toxicorb [earthquake, protect, substitute, toxic] ttype=water
INFO     	         emboar     reckless  assaultvest [closecombat, flareblitz, suckerpunch, wildcharge] ttype=electric
INFO     Sampling 3 unrevealed pokemon
INFO     	      vileplume  effectspore    leftovers [gigadrain, sleeppowder, sludgebomb, strengthsap] ttype=water
INFO     	        dugtrio    arenatrap      lifeorb [earthquake, stoneedge, suckerpunch, swordsdance] ttype=flying
INFO     	      zebstrika    sapsipper      lifeorb [highhorsepower, overheat, supercellslam, voltswitch] ttype=ground
INFO     Sampling battle 3
INFO     	  samurotthisui    sharpness      lifeorb [ceaselessedge, razorshell, suckerpunch, swordsdance] ttype=poison
INFO     	        gliscor   poisonheal     toxicorb [earthquake, protect, substitute, toxic] ttype=water
INFO     	         emboar     reckless  assaultvest [closecombat, flareblitz, knockoff, wildcharge] ttype=electric
INFO     Sampling 3 unrevealed pokemon
INFO     	      regieleki   transistor       magnet [rapidspin, terablast, thunderbolt, voltswitch] ttype=ice
INFO     	     oinkologne     thickfat    leftovers [bodyslam, curse, highhorsepower, lashout] ttype=ground
INFO     	      hippowdon   sandstream    leftovers [earthquake, slackoff, stealthrock, whirlwind] ttype=steel
INFO     Searching for a move using MCTS...
INFO     Sampling 4 battles at 250ms each
INFO     Policy 0: hornleech visited 76.34% avg_score=0.699 sample_chance_multiplier=0.25
INFO     Policy 1: swordsdance visited 41.13% avg_score=0.594 sample_chance_multiplier=0.25
INFO     Policy 2: hornleech visited 82.78% avg_score=0.513 sample_chance_multiplier=0.25
INFO     Policy 3: hornleech visited 63.46% avg_score=0.634 sample_chance_multiplier=0.25
INFO     Considered Choices:
INFO     	65.192%: hornleech
INFO     Choice: hornleech
INFO     samurotthisui used a dark move, removing darkgem from possible items
INFO     Setting samurotthisui's last used move: suckerpunch
INFO     samurotthisui used a damaging move - not guessing lifeorb anymore
INFO     samurotthisui did 46.44% damage to ogerponhearthflame with suckerpunch
INFO     ogerponhearthflame already has the move hornleech. Decrementing the PP by 1
INFO     ogerponhearthflame used a grass move, removing grassgem from possible items
INFO     Setting ogerponhearthflame's last used move: hornleech
INFO     ogerponhearthflame used a damaging move - not guessing lifeorb anymore
INFO     ogerponhearthflame did 53.0% damage to samurotthisui with hornleech
INFO     samurotthisui has less than maxhp during upkeep, no longer guessing leftovers or blacksludge
INFO     Opponent has switched - clearing the last used move
INFO     uxie switched in, adding intimidate to impossible abilities
INFO     uxie switched in, adding pressure to impossible abilities
INFO     uxie switched in, adding neutralizinggas to impossible abilities
INFO     uxie switched in, adding sandstream to impossible abilities
INFO     uxie switched in, adding drought to impossible abilities
INFO     uxie switched in, adding drizzle to impossible abilities
INFO     uxie switched in, adding snowwarning to impossible abilities
INFO     uxie switched in, adding boosterenergy to impossible items
INFO     uxie switched in, adding airballoon to impossible items
INFO     uxie was affected by stealthrock, it cannot have heavydutyboots
INFO     
INFO     Turn: 10
INFO     Sampling battle 0
INFO     	           uxie     levitate    leftovers [encore, knockoff, psychicnoise, thunderwave] ttype=electric
INFO     	        gliscor   poisonheal     toxicorb [earthquake, protect, substitute, toxic] ttype=water
INFO     	         emboar     reckless  assaultvest [closecombat, flareblitz, scald, wildcharge] ttype=fire
INFO     Sampling 2 unrevealed pokemon
INFO     	    meowscarada      protean heavydutyboots [flowertrick, knockoff, toxicspikes, uturn] ttype=dark
INFO     	     annihilape      defiant    leftovers [bulkup, drainpunch, gunkshot, ragefist] ttype=water
INFO     Sampling battle 1
INFO     	           uxie     levitate    leftovers [encore, psychicnoise, stealthrock, thunderwave] ttype=steel
INFO     	        gliscor   poisonheal     toxicorb [earthquake, protect, substitute, toxic] ttype=water
INFO     	         emboar     reckless  assaultvest [closecombat, flareblitz, suckerpunch, wildcharge] ttype=electric
INFO     Sampling 2 unrevealed pokemon
INFO     	         zacian intrepidsword   choiceband [closecombat, crunch, playrough, psychicfangs] ttype=fighting
INFO     	          minun   voltabsorb      lifeorb [alluringvoice, grassknot, nastyplot, thunderbolt] ttype=fairy
INFO     Searching for a move using MCTS...
INFO     Sampling 2 battles at 500ms each
INFO     Policy 0: ivycudgel visited 33.44% avg_score=0.575 sample_chance_multiplier=0.5
INFO     Policy 1: switch gholdengo visited 39.14% avg_score=0.506 sample_chance_multiplier=0.5
INFO     Considered Choices:
INFO     	33.59%: switch gholdengo
INFO     	28.794%: ivycudgel
INFO     Choice: switch gholdengo
INFO     gholdengo switched in, adding intimidate to impossible abilities
INFO     gholdengo switched in, adding pressure to impossible abilities
INFO     gholdengo switched in, adding neutralizinggas to impossible abilities
INFO     gholdengo switched in, adding sandstream to impossible abilities
INFO     gholdengo switched in, adding drought to impossible abilities
INFO     gholdengo switched in, adding drizzle to impossible abilities
INFO     gholdengo switched in, adding snowwarning to impossible abilities
INFO     gholdengo switched in, adding boosterenergy to impossible items
INFO     gholdengo switched in, adding airballoon to impossible items
INFO     uxie used a psychic move, removing psychicgem from possible items
INFO     Setting uxie's last used move: psychicnoise
INFO     uxie used a damaging move - not guessing lifeorb anymore
INFO     uxie did 13.41% damage to gholdengo with psychicnoise
INFO     Starting the volatile status healblock on gholdengo
INFO     Setting uxie's item to: leftovers
INFO     uxie has less than maxhp during upkeep, no longer guessing leftovers or blacksludge
INFO     
INFO     Turn: 11
INFO     Sampling battle 0
INFO     	           uxie     levitate    leftovers [encore, knockoff, psychicnoise, thunderwave] ttype=dark
INFO     	        gliscor   poisonheal     toxicorb [earthquake, protect, substitute, toxic] ttype=water
INFO     	         emboar     reckless  assaultvest [closecombat, flareblitz, knockoff, wildcharge] ttype=fire
INFO     Sampling 2 unrevealed pokemon
INFO     	      arceusbug    multitype  insectplate [calmmind, earthpower, judgment, recover] ttype=ground
INFO     	       lycanroc     sandrush   choiceband [accelerock, closecombat, crunch, stoneedge] ttype=fighting
INFO     Sampling battle 1
INFO     	           uxie     levitate    leftovers [encore, psychicnoise, uturn, yawn] ttype=steel
INFO     	        gliscor   poisonheal     toxicorb [earthquake, protect, substitute, toxic] ttype=water
INFO     	         emboar     reckless  assaultvest [closecombat, flareblitz, scald, wildcharge] ttype=fire
INFO     Sampling 2 unrevealed pokemon
INFO     	   hoopaunbound     magician   choiceband [gunkshot, hyperspacefury, trick, zenheadbutt] ttype=poison
INFO     	     houndstone       fluffy    leftovers [bodypress, poltergeist, rest, sleeptalk] ttype=fighting
INFO     Searching for a move using MCTS...
INFO     Sampling 2 battles at 500ms each
INFO     Policy 0: shadowball visited 66.95% avg_score=0.666 sample_chance_multiplier=0.5
INFO     Policy 1: shadowball visited 67.67% avg_score=0.603 sample_chance_multiplier=0.5
INFO     Considered Choices:
INFO     	67.309%: shadowball
INFO     Choice: shadowball
INFO     Updated uxie's min speed to 174
INFO     uxie used two different moves - it cannot have a choice item
INFO     uxie used a bug move, removing buggem from possible items
INFO     Setting uxie's last used move: uturn
INFO     uxie used a damaging move - not guessing lifeorb anymore
INFO     uxie did 4.21% damage to gholdengo with uturn
INFO     Opponent has switched - clearing the last used move
INFO     electivire switched in, adding intimidate to impossible abilities
INFO     electivire switched in, adding pressure to impossible abilities
INFO     electivire switched in, adding neutralizinggas to impossible abilities
INFO     electivire switched in, adding sandstream to impossible abilities
INFO     electivire switched in, adding drought to impossible abilities
INFO     electivire switched in, adding drizzle to impossible abilities
INFO     electivire switched in, adding snowwarning to impossible abilities
INFO     electivire switched in, adding boosterenergy to impossible items
INFO     electivire switched in, adding airballoon to impossible items
INFO     electivire was affected by stealthrock, it cannot have heavydutyboots
INFO     gholdengo already has the move shadowball. Decrementing the PP by 1
INFO     gholdengo used a ghost move, removing ghostgem from possible items
INFO     Setting gholdengo's last used move: shadowball
INFO     gholdengo used a damaging move - not guessing lifeorb anymore
INFO     gholdengo did 32.0% damage to electivire with shadowball
INFO     Removing the volatile status healblock from gholdengo
INFO     electivire has less than maxhp during upkeep, no longer guessing leftovers or blacksludge
INFO     
INFO     Turn: 12
INFO     Sampling battle 0
INFO     	     electivire   motordrive      lifeorb [earthquake, flamethrower, icepunch, supercellslam] ttype=electric
INFO     	        gliscor   poisonheal     toxicorb [earthquake, protect, substitute, toxic] ttype=water
INFO     	         emboar     reckless  assaultvest [closecombat, flareblitz, suckerpunch, wildcharge] ttype=fire
INFO     	           uxie     levitate    leftovers [psychicnoise, stealthrock, uturn, yawn] ttype=electric
INFO     Sampling 1 unrevealed pokemon
INFO     	        suicune     pressure    leftovers [calmmind, icebeam, scald, substitute] ttype=dragon
INFO     Sampling battle 1
INFO     	     electivire   motordrive      lifeorb [earthquake, flamethrower, knockoff, supercellslam] ttype=dark
INFO     	        gliscor   poisonheal     toxicorb [earthquake, protect, substitute, toxic] ttype=water
INFO     	         emboar     reckless  assaultvest [closecombat, flareblitz, scald, wildcharge] ttype=water
INFO     	           uxie     levitate    leftovers [encore, psychicnoise, uturn, yawn] ttype=electric
INFO     Sampling 1 unrevealed pokemon
INFO     	      excadrill  moldbreaker  assaultvest [earthquake, ironhead, rapidspin, rockslide] ttype=grass
INFO     Searching for a move using MCTS...
INFO     Sampling 2 battles at 500ms each
INFO     Policy 0: switch mudsdale visited 74.18% avg_score=0.419 sample_chance_multiplier=0.5
INFO     Policy 1: switch jumpluff visited 69.19% avg_score=0.5 sample_chance_multiplier=0.5
INFO     Considered Choices:
INFO     	46.968%: switch mudsdale
INFO     	36.88%: switch jumpluff
INFO     Choice: switch mudsdale
INFO     mudsdale switched in, adding intimidate to impossible abilities
INFO     mudsdale switched in, adding pressure to impossible abilities
INFO     mudsdale switched in, adding neutralizinggas to impossible abilities
INFO     mudsdale switched in, adding sandstream to impossible abilities
INFO     mudsdale switched in, adding drought to impossible abilities
INFO     mudsdale switched in, adding drizzle to impossible abilities
INFO     mudsdale switched in, adding snowwarning to impossible abilities
INFO     mudsdale switched in, adding boosterenergy to impossible items
INFO     mudsdale switched in, adding airballoon to impossible items
INFO     electivire used a ground move, removing groundgem from possible items
INFO     Setting electivire's last used move: earthquake
INFO     electivire used a damaging move - not guessing lifeorb anymore
INFO     electivire did 27.810000000000002% damage to mudsdale with earthquake
INFO     Setting mudsdale's ability to stamina
INFO     mudsdale's defense was boosted by 1 to 1
INFO     Setting mudsdale's item to: leftovers
INFO     electivire has less than maxhp during upkeep, no longer guessing leftovers or blacksludge
INFO     
INFO     Turn: 13
INFO     Sampling battle 0
INFO     	     electivire   motordrive  choicescarf [earthquake, icepunch, knockoff, supercellslam] ttype=dark
INFO     	        gliscor   poisonheal     toxicorb [earthquake, protect, substitute, toxic] ttype=water
INFO     	         emboar     reckless  assaultvest [closecombat, flareblitz, scald, wildcharge] ttype=water
INFO     	           uxie     levitate    leftovers [encore, psychicnoise, stealthrock, uturn] ttype=steel
INFO     Sampling 1 unrevealed pokemon
INFO     	      armarouge    weakarmor  choicespecs [armorcannon, energyball, focusblast, psyshock] ttype=fire
INFO     Sampling battle 1
INFO     	     electivire   motordrive  choicescarf [earthquake, icepunch, knockoff, supercellslam] ttype=ground
INFO     	        gliscor   poisonheal     toxicorb [earthquake, protect, substitute, toxic] ttype=water
INFO     	         emboar     reckless  assaultvest [closecombat, flareblitz, suckerpunch, wildcharge] ttype=electric
INFO     	           uxie     levitate    leftovers [encore, psychicnoise, thunderwave, uturn] ttype=steel
INFO     Sampling 1 unrevealed pokemon
INFO     	     gothitelle    shadowtag    leftovers [calmmind, darkpulse, focusblast, psychicnoise] ttype=flying
INFO     Searching for a move using MCTS...
INFO     Sampling 2 battles at 500ms each
INFO     Policy 0: heavyslam visited 22.13% avg_score=0.486 sample_chance_multiplier=0.5
INFO     Policy 1: switch jumpluff visited 46.91% avg_score=0.504 sample_chance_multiplier=0.5
INFO     Considered Choices:
INFO     	32.914%: switch jumpluff
INFO     Choice: switch jumpluff
INFO     Opponent has switched - clearing the last used move
INFO     jumpluff switched in, adding intimidate to impossible abilities
INFO     jumpluff switched in, adding pressure to impossible abilities
INFO     jumpluff switched in, adding neutralizinggas to impossible abilities
INFO     jumpluff switched in, adding sandstream to impossible abilities
INFO     jumpluff switched in, adding drought to impossible abilities
INFO     jumpluff switched in, adding drizzle to impossible abilities
INFO     jumpluff switched in, adding snowwarning to impossible abilities
INFO     jumpluff switched in, adding boosterenergy to impossible items
INFO     jumpluff switched in, adding airballoon to impossible items
INFO     Setting uxie's item to: leftovers
INFO     uxie has less than maxhp during upkeep, no longer guessing leftovers or blacksludge
INFO     
INFO     Turn: 14
INFO     Sampling battle 0
INFO     	           uxie     levitate    leftovers [knockoff, psychicnoise, stealthrock, uturn] ttype=steel
INFO     	        gliscor   poisonheal     toxicorb [earthquake, protect, substitute, toxic] ttype=water
INFO     	         emboar     reckless  assaultvest [closecombat, flareblitz, knockoff, wildcharge] ttype=fire
INFO     	     electivire   motordrive  choicescarf [earthquake, icepunch, knockoff, supercellslam] ttype=electric
INFO     Sampling 1 unrevealed pokemon
INFO     	  oricoriosensu       dancer heavydutyboots [hurricane, quiverdance, revelationdance, roost] ttype=ghost
INFO     Sampling battle 1
INFO     	           uxie     levitate    leftovers [encore, psychicnoise, thunderwave, uturn] ttype=dark
INFO     	        gliscor   poisonheal     toxicorb [earthquake, protect, substitute, toxic] ttype=water
INFO     	         emboar     reckless  assaultvest [closecombat, flareblitz, knockoff, wildcharge] ttype=electric
INFO     	     electivire   motordrive  choicescarf [earthquake, icepunch, knockoff, supercellslam] ttype=dark
INFO     Sampling 1 unrevealed pokemon
INFO     	       venusaur  chlorophyll    leftovers [knockoff, sludgebomb, synthesis, toxic] ttype=dark
INFO     Searching for a move using MCTS...
INFO     Sampling 2 battles at 500ms each
INFO     Policy 0: switch gholdengo visited 67.97% avg_score=0.474 sample_chance_multiplier=0.5
INFO     Policy 1: switch gholdengo visited 34.11% avg_score=0.534 sample_chance_multiplier=0.5
INFO     Considered Choices:
INFO     	51.039%: switch gholdengo
INFO     Choice: switch gholdengo
INFO     uxie used a status-move. Adding `assaultvest` to impossible items
INFO     Setting uxie's last used move: stealthrock
INFO     Incremented side condition stealthrock to 1 for gholdengo
INFO     Setting uxie's item to: leftovers
INFO     Setting gholdengo's item to: leftovers
INFO     uxie has less than maxhp during upkeep, no longer guessing leftovers or blacksludge
INFO     
INFO     Turn: 15
INFO     Sampling battle 0
INFO     	           uxie     levitate    leftovers [knockoff, psychicnoise, stealthrock, uturn] ttype=steel
INFO     	        gliscor   poisonheal     toxicorb [earthquake, protect, substitute, toxic] ttype=water
INFO     	         emboar     reckless  assaultvest [closecombat, flareblitz, scald, wildcharge] ttype=water
INFO     	     electivire   motordrive  choicescarf [earthquake, icepunch, knockoff, supercellslam] ttype=dark
INFO     Sampling 1 unrevealed pokemon
INFO     	       espathra   speedboost    leftovers [calmmind, dazzlinggleam, protect, storedpower] ttype=fairy
INFO     Sampling battle 1
INFO     	           uxie     levitate    leftovers [encore, psychicnoise, stealthrock, uturn] ttype=electric
INFO     	        gliscor   poisonheal     toxicorb [earthquake, protect, substitute, toxic] ttype=water
INFO     	         emboar     reckless  assaultvest [closecombat, flareblitz, knockoff, wildcharge] ttype=electric
INFO     	     electivire   motordrive  choicescarf [earthquake, icepunch, knockoff, supercellslam] ttype=dark
INFO     Sampling 1 unrevealed pokemon
INFO     	         komala     comatose   choiceband [doubleedge, earthquake, knockoff, woodhammer] ttype=ground
INFO     Searching for a move using MCTS...
INFO     Sampling 2 battles at 500ms each
INFO     Policy 0: shadowball visited 86.55% avg_score=0.584 sample_chance_multiplier=0.5
INFO     Policy 1: makeitrain visited 41.54% avg_score=0.502 sample_chance_multiplier=0.5
INFO     Considered Choices:
INFO     	51.592%: shadowball
INFO     Choice: shadowball
INFO     Opponent has switched - clearing the last used move
INFO     electivire was affected by stealthrock, it cannot have heavydutyboots
INFO     gholdengo already has the move shadowball. Decrementing the PP by 1
INFO     gholdengo used a ghost move, removing ghostgem from possible items
INFO     Setting gholdengo's last used move: shadowball
INFO     gholdengo used a damaging move - not guessing lifeorb anymore
INFO     gholdengo did 37.0% damage to electivire with shadowball
INFO     Setting gholdengo's item to: leftovers
INFO     electivire has less than maxhp during upkeep, no longer guessing leftovers or blacksludge
INFO     
INFO     Turn: 16
INFO     Sampling battle 0
INFO     	     electivire   motordrive  choicescarf [earthquake, icepunch, knockoff, supercellslam] ttype=ground
INFO     	        gliscor   poisonheal     toxicorb [earthquake, protect, substitute, toxic] ttype=water
INFO     	         emboar     reckless  assaultvest [closecombat, flareblitz, scald, wildcharge] ttype=water
INFO     	           uxie     levitate    leftovers [psychicnoise, stealthrock, uturn, yawn] ttype=steel
INFO     Sampling 1 unrevealed pokemon
INFO     	       drifblim    aftermath heavydutyboots [airslash, defog, shadowball, strengthsap] ttype=fairy
INFO     Sampling battle 1
INFO     	     electivire   motordrive  choicescarf [earthquake, icepunch, knockoff, supercellslam] ttype=electric
INFO     	        gliscor   poisonheal     toxicorb [earthquake, protect, substitute, toxic] ttype=water
INFO     	         emboar     reckless  assaultvest [closecombat, flareblitz, knockoff, wildcharge] ttype=dark
INFO     	           uxie     levitate    leftovers [psychicnoise, stealthrock, thunderwave, uturn] ttype=steel
INFO     Sampling 1 unrevealed pokemon
INFO     	       hariyama     thickfat  assaultvest [closecombat, heavyslam, knockoff, stoneedge] ttype=steel
INFO     Searching for a move using MCTS...
INFO     Sampling 2 battles at 500ms each
INFO     Policy 0: recover visited 51.43% avg_score=0.46 sample_chance_multiplier=0.5
INFO     Policy 1: recover visited 53.28% avg_score=0.463 sample_chance_multiplier=0.5
INFO     Considered Choices:
INFO     	52.352%: recover
INFO     Choice: recover
INFO     Updated electivire's min speed to 174
INFO     electivire already has the move earthquake. Decrementing the PP by 1
INFO     electivire used a ground move, removing groundgem from possible items
INFO     Setting electivire's last used move: earthquake
INFO     electivire used a damaging move - not guessing lifeorb anymore
INFO     electivire did 63.6% damage to gholdengo with earthquake
INFO     gholdengo already has the move recover. Decrementing the PP by 1
INFO     gholdengo using recover makes it unlikely to have a choice item. Setting can_have_choice_item to False
INFO     gholdengo used a status-move. Adding `assaultvest` to impossible items
INFO     Setting gholdengo's last used move: recover
INFO     Setting gholdengo's item to: leftovers
INFO     electivire has less than maxhp during upkeep, no longer guessing leftovers or blacksludge
INFO     
INFO     Turn: 17
INFO     Sampling battle 0
INFO     	     electivire   motordrive  choicescarf [earthquake, icepunch, knockoff, supercellslam] ttype=ground
INFO     	        gliscor   poisonheal     toxicorb [earthquake, protect, substitute, toxic] ttype=water
INFO     	         emboar     reckless  assaultvest [closecombat, flareblitz, knockoff, wildcharge] ttype=electric
INFO     	           uxie     levitate    leftovers [psychicnoise, stealthrock, thunderwave, uturn] ttype=electric
INFO     Sampling 1 unrevealed pokemon
INFO     	       ironmoth   quarkdrive  choicespecs [energyball, fireblast, sludgewave, uturn] ttype=grass
INFO     Sampling battle 1
INFO     	     electivire   motordrive  choicescarf [earthquake, icepunch, knockoff, supercellslam] ttype=dark
INFO     	        gliscor   poisonheal     toxicorb [earthquake, protect, substitute, toxic] ttype=water
INFO     	         emboar     reckless  assaultvest [closecombat, flareblitz, knockoff, wildcharge] ttype=dark
INFO     	           uxie     levitate    leftovers [psychicnoise, stealthrock, uturn, yawn] ttype=electric
INFO     Sampling 1 unrevealed pokemon
INFO     	     whimsicott    prankster heavydutyboots [gigadrain, moonblast, stunspore, uturn] ttype=steel
INFO     Searching for a move using MCTS...
INFO     Sampling 2 battles at 500ms each
INFO     Policy 0: switch jumpluff visited 49.35% avg_score=0.487 sample_chance_multiplier=0.5
INFO     Policy 1: switch jumpluff visited 73.72% avg_score=0.528 sample_chance_multiplier=0.5
INFO     Considered Choices:
INFO     	61.536%: switch jumpluff
INFO     Choice: switch jumpluff
INFO     electivire already has the move earthquake. Decrementing the PP by 1
INFO     electivire used a ground move, removing groundgem from possible items
INFO     Setting electivire's last used move: earthquake
INFO     electivire used a damaging move - not guessing lifeorb anymore
INFO     electivire has less than maxhp during upkeep, no longer guessing leftovers or blacksludge
INFO     
INFO     Turn: 18
INFO     Sampling battle 0
INFO     	     electivire   motordrive  choicescarf [earthquake, icepunch, knockoff, supercellslam] ttype=dark
INFO     	        gliscor   poisonheal     toxicorb [earthquake, protect, substitute, toxic] ttype=water
INFO     	         emboar     reckless  assaultvest [closecombat, flareblitz, scald, wildcharge] ttype=water
INFO     	           uxie     levitate    leftovers [psychicnoise, stealthrock, uturn, yawn] ttype=steel
INFO     Sampling 1 unrevealed pokemon
INFO     	   arceusdragon    multitype   dracoplate [extremespeed, flareblitz, outrage, swordsdance] ttype=fire
INFO     Sampling battle 1
INFO     	     electivire   motordrive  choicescarf [earthquake, icepunch, knockoff, supercellslam] ttype=dark
INFO     	        gliscor   poisonheal     toxicorb [earthquake, protect, substitute, toxic] ttype=water
INFO     	         emboar     reckless  assaultvest [closecombat, flareblitz, knockoff, wildcharge] ttype=dark
INFO     	           uxie     levitate    leftovers [knockoff, psychicnoise, stealthrock, uturn] ttype=electric
INFO     Sampling 1 unrevealed pokemon
INFO     	      blastoise      torrent    whiteherb [hydropump, icebeam, shellsmash, terablast] ttype=grass
INFO     Searching for a move using MCTS...
INFO     Sampling 2 battles at 500ms each
INFO     Policy 0: substitute visited 50.06% avg_score=0.635 sample_chance_multiplier=0.5
INFO     Policy 1: substitute visited 54.51% avg_score=0.516 sample_chance_multiplier=0.5
INFO     Considered Choices:
INFO     	52.286%: substitute
INFO     Choice: substitute
INFO     Opponent has switched - clearing the last used move
INFO     zebstrika switched in, adding intimidate to impossible abilities
INFO     zebstrika switched in, adding pressure to impossible abilities
INFO     zebstrika switched in, adding neutralizinggas to impossible abilities
INFO     zebstrika switched in, adding sandstream to impossible abilities
INFO     zebstrika switched in, adding drought to impossible abilities
INFO     zebstrika switched in, adding drizzle to impossible abilities
INFO     zebstrika switched in, adding snowwarning to impossible abilities
INFO     zebstrika switched in, adding boosterenergy to impossible items
INFO     zebstrika switched in, adding airballoon to impossible items
INFO     zebstrika was affected by stealthrock, it cannot have heavydutyboots
INFO     jumpluff already has the move substitute. Decrementing the PP by 1
INFO     jumpluff using substitute makes it unlikely to have a choice item. Setting can_have_choice_item to False
INFO     jumpluff used a status-move. Adding `assaultvest` to impossible items
INFO     Setting jumpluff's last used move: substitute
INFO     Starting the volatile status substitute on jumpluff
INFO     jumpluff started a substitute - setting substitute_hit to False
INFO     zebstrika has less than maxhp during upkeep, no longer guessing leftovers or blacksludge
INFO     
INFO     Turn: 19
INFO     Sampling battle 0
INFO     	      zebstrika    sapsipper      lifeorb [highhorsepower, overheat, supercellslam, voltswitch] ttype=ground
INFO     	        gliscor   poisonheal     toxicorb [earthquake, protect, substitute, toxic] ttype=water
INFO     	         emboar     reckless  assaultvest [closecombat, flareblitz, scald, wildcharge] ttype=water
INFO     	           uxie     levitate    leftovers [psychicnoise, stealthrock, thunderwave, uturn] ttype=steel
INFO     	     electivire   motordrive  choicescarf [earthquake, icepunch, knockoff, supercellslam] ttype=dark
INFO     Sampling battle 1
INFO     	      zebstrika    sapsipper      lifeorb [highhorsepower, overheat, supercellslam, voltswitch] ttype=ground
INFO     	        gliscor   poisonheal     toxicorb [earthquake, protect, substitute, toxic] ttype=water
INFO     	         emboar     reckless  assaultvest [closecombat, flareblitz, suckerpunch, wildcharge] ttype=electric
INFO     	           uxie     levitate    leftovers [psychicnoise, stealthrock, thunderwave, uturn] ttype=steel
INFO     	     electivire   motordrive  choicescarf [earthquake, icepunch, knockoff, supercellslam] ttype=dark
INFO     Searching for a move using MCTS...
INFO     Sampling 2 battles at 500ms each
INFO     Policy 0: acrobatics visited 67.32% avg_score=0.394 sample_chance_multiplier=0.5
INFO     Policy 1: acrobatics visited 68.43% avg_score=0.393 sample_chance_multiplier=0.5
INFO     Considered Choices:
INFO     	67.877%: acrobatics
INFO     Choice: acrobatics
INFO     Updated zebstrika's min speed to 241
INFO     zebstrika used a electric move, removing electricgem from possible items
INFO     Setting zebstrika's last used move: supercellslam
INFO     zebstrika used a damaging move - not guessing lifeorb anymore
INFO     Substitute ended for jumpluff
INFO     Removing the volatile status substitute from jumpluff
INFO     Setting zebstrika's item to: lifeorb
INFO     jumpluff already has the move acrobatics. Decrementing the PP by 1
INFO     jumpluff used a flying move, removing flyinggem from possible items
INFO     Setting jumpluff's last used move: acrobatics
INFO     jumpluff used a damaging move - not guessing lifeorb anymore
INFO     jumpluff did 20.0% damage to zebstrika with acrobatics
INFO     zebstrika has less than maxhp during upkeep, no longer guessing leftovers or blacksludge
INFO     
INFO     Turn: 20
INFO     Sampling battle 0
INFO     	      zebstrika    sapsipper      lifeorb [highhorsepower, overheat, supercellslam, voltswitch] ttype=ground
INFO     	        gliscor   poisonheal     toxicorb [earthquake, protect, substitute, toxic] ttype=water
INFO     	         emboar     reckless  assaultvest [closecombat, flareblitz, suckerpunch, wildcharge] ttype=electric
INFO     	           uxie     levitate    leftovers [knockoff, psychicnoise, stealthrock, uturn] ttype=steel
INFO     	     electivire   motordrive  choicescarf [earthquake, icepunch, knockoff, supercellslam] ttype=electric
INFO     Sampling battle 1
INFO     	      zebstrika    sapsipper      lifeorb [highhorsepower, overheat, supercellslam, voltswitch] ttype=ground
INFO     	        gliscor   poisonheal     toxicorb [earthquake, protect, substitute, toxic] ttype=water
INFO     	         emboar     reckless  assaultvest [closecombat, flareblitz, scald, wildcharge] ttype=water
INFO     	           uxie     levitate    leftovers [psychicnoise, stealthrock, uturn, yawn] ttype=dark
INFO     	     electivire   motordrive  choicescarf [earthquake, icepunch, knockoff, supercellslam] ttype=dark
INFO     Searching for a move using MCTS...
INFO     Sampling 2 battles at 500ms each
INFO     Policy 0: switch mudsdale visited 64.52% avg_score=0.443 sample_chance_multiplier=0.5
INFO     Policy 1: switch mudsdale visited 63.49% avg_score=0.445 sample_chance_multiplier=0.5
INFO     Considered Choices:
INFO     	64.005%: switch mudsdale
INFO     Choice: switch mudsdale
INFO     zebstrika used two different moves - it cannot have a choice item
INFO     zebstrika used a fire move, removing firegem from possible items
INFO     Setting zebstrika's last used move: overheat
INFO     zebstrika used a damaging move - not guessing lifeorb anymore
INFO     zebstrika did 37.09% damage to mudsdale with overheat
INFO     zebstrika's special-attack was unboosted by 2 to -2
INFO     Setting mudsdale's ability to stamina
INFO     mudsdale's defense was boosted by 1 to 1
INFO     Setting zebstrika's item to: lifeorb
INFO     Setting mudsdale's item to: leftovers
INFO     zebstrika has less than maxhp during upkeep, no longer guessing leftovers or blacksludge
INFO     
INFO     Turn: 21
INFO     Sampling battle 0
INFO     	      zebstrika    sapsipper      lifeorb [highhorsepower, overheat, supercellslam, voltswitch] ttype=ground
INFO     	        gliscor   poisonheal     toxicorb [earthquake, protect, substitute, toxic] ttype=water
INFO     	         emboar     reckless  assaultvest [closecombat, flareblitz, suckerpunch, wildcharge] ttype=electric
INFO     	           uxie     levitate    leftovers [psychicnoise, stealthrock, thunderwave, uturn] ttype=dark
INFO     	     electivire   motordrive  choicescarf [earthquake, icepunch, knockoff, supercellslam] ttype=dark
INFO     Sampling battle 1
INFO     	      zebstrika    sapsipper      lifeorb [highhorsepower, overheat, supercellslam, voltswitch] ttype=ground
INFO     	        gliscor   poisonheal     toxicorb [earthquake, protect, substitute, toxic] ttype=water
INFO     	         emboar     reckless  assaultvest [closecombat, flareblitz, suckerpunch, wildcharge] ttype=electric
INFO     	           uxie     levitate    leftovers [encore, psychicnoise, stealthrock, uturn] ttype=steel
INFO     	     electivire   motordrive  choicescarf [earthquake, icepunch, knockoff, supercellslam] ttype=electric
INFO     Searching for a move using MCTS...
INFO     Sampling 2 battles at 500ms each
INFO     Policy 0: heavyslam visited 74.63% avg_score=0.336 sample_chance_multiplier=0.5
INFO     Policy 1: heavyslam visited 73.52% avg_score=0.337 sample_chance_multiplier=0.5
INFO     Considered Choices:
INFO     	74.076%: heavyslam
INFO     Choice: heavyslam
INFO     Updated zebstrika's min speed to 241
INFO     zebstrika used two different moves - it cannot have a choice item
INFO     zebstrika used a ground move, removing groundgem from possible items
INFO     Setting zebstrika's last used move: highhorsepower
INFO     zebstrika used a damaging move - not guessing lifeorb anymore
INFO     zebstrika did 17.22% damage to mudsdale with highhorsepower
INFO     Setting zebstrika's item to: lifeorb
INFO     zebstrika has less than maxhp during upkeep, no longer guessing leftovers or blacksludge
INFO     Sampling battle 0
INFO     	      zebstrika    sapsipper      lifeorb [highhorsepower, overheat, supercellslam, voltswitch] ttype=ground
INFO     	        gliscor   poisonheal     toxicorb [earthquake, protect, substitute, toxic] ttype=water
INFO     	         emboar     reckless  assaultvest [closecombat, flareblitz, scald, wildcharge] ttype=electric
INFO     	           uxie     levitate    leftovers [knockoff, psychicnoise, stealthrock, uturn] ttype=steel
INFO     	     electivire   motordrive  choicescarf [earthquake, icepunch, knockoff, supercellslam] ttype=dark
INFO     Sampling battle 1
INFO     	      zebstrika    sapsipper      lifeorb [highhorsepower, overheat, supercellslam, voltswitch] ttype=ground
INFO     	        gliscor   poisonheal     toxicorb [earthquake, protect, substitute, toxic] ttype=water
INFO     	         emboar     reckless  assaultvest [closecombat, flareblitz, suckerpunch, wildcharge] ttype=electric
INFO     	           uxie     levitate    leftovers [psychicnoise, stealthrock, uturn, yawn] ttype=dark
INFO     	     electivire   motordrive  choicescarf [earthquake, icepunch, knockoff, supercellslam] ttype=dark
INFO     Searching for a move using MCTS...
INFO     Sampling 2 battles at 500ms each
INFO     Policy 0: switch ogerponhearthflame visited 90.48% avg_score=0.375 sample_chance_multiplier=0.5
INFO     Policy 1: switch ogerponhearthflame visited 90.16% avg_score=0.375 sample_chance_multiplier=0.5
INFO     Considered Choices:
INFO     	90.32%: switch ogerponhearthflame
INFO     Choice: switch ogerponhearthflame
INFO     Setting ogerponhearthflame's ability to moldbreaker
INFO     
INFO     Turn: 22
INFO     Sampling battle 0
INFO     	      zebstrika    sapsipper      lifeorb [highhorsepower, overheat, supercellslam, voltswitch] ttype=ground
INFO     	        gliscor   poisonheal     toxicorb [earthquake, protect, substitute, toxic] ttype=water
INFO     	         emboar     reckless  assaultvest [closecombat, flareblitz, suckerpunch, wildcharge] ttype=electric
INFO     	           uxie     levitate    leftovers [psychicnoise, stealthrock, uturn, yawn] ttype=electric
INFO     	     electivire   motordrive  choicescarf [earthquake, icepunch, knockoff, supercellslam] ttype=dark
INFO     Sampling battle 1
INFO     	      zebstrika    sapsipper      lifeorb [highhorsepower, overheat, supercellslam, voltswitch] ttype=ground
INFO     	        gliscor   poisonheal     toxicorb [earthquake, protect, substitute, toxic] ttype=water
INFO     	         emboar     reckless  assaultvest [closecombat, flareblitz, suckerpunch, wildcharge] ttype=electric
INFO     	           uxie     levitate    leftovers [psychicnoise, stealthrock, thunderwave, uturn] ttype=dark
INFO     	     electivire   motordrive  choicescarf [earthquake, icepunch, knockoff, supercellslam] ttype=ground
INFO     Searching for a move using MCTS...
INFO     Sampling 2 battles at 500ms each
INFO     Policy 0: hornleech visited 80.72% avg_score=0.445 sample_chance_multiplier=0.5
INFO     Policy 1: hornleech visited 83.43% avg_score=0.445 sample_chance_multiplier=0.5
INFO     Considered Choices:
INFO     	82.075%: hornleech
INFO     Choice: hornleech
INFO     Updated zebstrika's min speed to 241
INFO     zebstrika used two different moves - it cannot have a choice item
INFO     zebstrika used a electric move, removing electricgem from possible items
INFO     Setting zebstrika's last used move: voltswitch
INFO     zebstrika used a damaging move - not guessing lifeorb anymore
INFO     zebstrika did 9.21% damage to ogerponhearthflame with voltswitch
INFO     Setting zebstrika's item to: lifeorb
INFO     Opponent has switched - clearing the last used move
INFO     electivire was affected by stealthrock, it cannot have heavydutyboots
INFO     ogerponhearthflame already has the move hornleech. Decrementing the PP by 1
INFO     ogerponhearthflame used a grass move, removing grassgem from possible items
INFO     Setting ogerponhearthflame's last used move: hornleech
INFO     ogerponhearthflame used a damaging move - not guessing lifeorb anymore
INFO     electivire has less than maxhp during upkeep, no longer guessing leftovers or blacksludge
INFO     Opponent has switched - clearing the last used move
INFO     
INFO     Turn: 23
INFO     Sampling battle 0
INFO     	      zebstrika    sapsipper      lifeorb [highhorsepower, overheat, supercellslam, voltswitch] ttype=ground
INFO     	        gliscor   poisonheal     toxicorb [earthquake, protect, substitute, toxic] ttype=water
INFO     	         emboar     reckless  assaultvest [closecombat, flareblitz, scald, wildcharge] ttype=electric
INFO     	           uxie     levitate    leftovers [knockoff, psychicnoise, stealthrock, uturn] ttype=steel
INFO     Sampling battle 1
INFO     	      zebstrika    sapsipper      lifeorb [highhorsepower, overheat, supercellslam, voltswitch] ttype=ground
INFO     	        gliscor   poisonheal     toxicorb [earthquake, protect, substitute, toxic] ttype=water
INFO     	         emboar     reckless  assaultvest [closecombat, flareblitz, knockoff, wildcharge] ttype=fire
INFO     	           uxie     levitate    leftovers [knockoff, psychicnoise, stealthrock, uturn] ttype=electric
INFO     Searching for a move using MCTS...
INFO     Sampling 2 battles at 500ms each
INFO     Policy 0: hornleech visited 37.41% avg_score=0.379 sample_chance_multiplier=0.5
INFO     Policy 1: hornleech visited 38.81% avg_score=0.379 sample_chance_multiplier=0.5
INFO     Considered Choices:
INFO     	38.111%: hornleech
INFO     Choice: hornleech
INFO     Updated zebstrika's min speed to 241
INFO     zebstrika already has the move overheat. Decrementing the PP by 1
INFO     zebstrika used a fire move, removing firegem from possible items
INFO     Setting zebstrika's last used move: overheat
INFO     zebstrika used a damaging move - not guessing lifeorb anymore
INFO     zebstrika did 48.949999999999996% damage to ogerponhearthflame with overheat
INFO     zebstrika's special-attack was unboosted by 2 to -2
INFO     Setting zebstrika's item to: lifeorb
INFO     zebstrika has less than maxhp during upkeep, no longer guessing leftovers or blacksludge
INFO     Sampling battle 0
INFO     	      zebstrika    sapsipper      lifeorb [highhorsepower, overheat, supercellslam, voltswitch] ttype=ground
INFO     	        gliscor   poisonheal     toxicorb [earthquake, protect, substitute, toxic] ttype=water
INFO     	         emboar     reckless  assaultvest [closecombat, flareblitz, scald, wildcharge] ttype=water
INFO     	           uxie     levitate    leftovers [psychicnoise, stealthrock, thunderwave, uturn] ttype=steel
INFO     Sampling battle 1
INFO     	      zebstrika    sapsipper      lifeorb [highhorsepower, overheat, supercellslam, voltswitch] ttype=ground
INFO     	        gliscor   poisonheal     toxicorb [earthquake, protect, substitute, toxic] ttype=water
INFO     	         emboar     reckless  assaultvest [closecombat, flareblitz, scald, wildcharge] ttype=water
INFO     	           uxie     levitate    leftovers [psychicnoise, stealthrock, uturn, yawn] ttype=steel
INFO     Searching for a move using MCTS...
INFO     Sampling 2 battles at 500ms each
INFO     Policy 0: switch gholdengo visited 95.85% avg_score=0.349 sample_chance_multiplier=0.5
INFO     Policy 1: switch gholdengo visited 95.77% avg_score=0.349 sample_chance_multiplier=0.5
INFO     Considered Choices:
INFO     	95.812%: switch gholdengo
INFO     Choice: switch gholdengo
INFO     
INFO     Turn: 24
INFO     Sampling battle 0
INFO     	      zebstrika    sapsipper      lifeorb [highhorsepower, overheat, supercellslam, voltswitch] ttype=ground
INFO     	        gliscor   poisonheal     toxicorb [earthquake, protect, substitute, toxic] ttype=water
INFO     	         emboar     reckless  assaultvest [closecombat, flareblitz, suckerpunch, wildcharge] ttype=electric
INFO     	           uxie     levitate    leftovers [psychicnoise, stealthrock, uturn, yawn] ttype=electric
INFO     Sampling battle 1
INFO     	      zebstrika    sapsipper      lifeorb [highhorsepower, overheat, supercellslam, voltswitch] ttype=ground
INFO     	        gliscor   poisonheal     toxicorb [earthquake, protect, substitute, toxic] ttype=water
INFO     	         emboar     reckless  assaultvest [closecombat, flareblitz, suckerpunch, wildcharge] ttype=electric
INFO     	           uxie     levitate    leftovers [encore, psychicnoise, stealthrock, uturn] ttype=electric
INFO     Searching for a move using MCTS...
INFO     Sampling 2 battles at 500ms each
INFO     Policy 0: recover visited 86.77% avg_score=0.373 sample_chance_multiplier=0.5
INFO     Policy 1: recover visited 85.69% avg_score=0.374 sample_chance_multiplier=0.5
INFO     Considered Choices:
INFO     	86.227%: recover
INFO     Choice: recover
INFO     Updated zebstrika's min speed to 241
INFO     zebstrika already has the move highhorsepower. Decrementing the PP by 1
INFO     zebstrika used two different moves - it cannot have a choice item
INFO     zebstrika used a ground move, removing groundgem from possible items
INFO     Setting zebstrika's last used move: highhorsepower
INFO     zebstrika used a damaging move - not guessing lifeorb anymore
INFO     zebstrika did 71.65% damage to gholdengo with highhorsepower
INFO     Setting zebstrika's item to: lifeorb
INFO     gholdengo already has the move recover. Decrementing the PP by 1
INFO     gholdengo using recover makes it unlikely to have a choice item. Setting can_have_choice_item to False
INFO     gholdengo used a status-move. Adding `assaultvest` to impossible items
INFO     Setting gholdengo's last used move: recover
INFO     Setting gholdengo's item to: leftovers
INFO     zebstrika has less than maxhp during upkeep, no longer guessing leftovers or blacksludge
INFO     Opponent has switched - clearing the last used move
INFO     
INFO     Turn: 25
INFO     Sampling battle 0
INFO     	        gliscor   poisonheal     toxicorb [earthquake, protect, substitute, toxic] ttype=water
INFO     	         emboar     reckless  assaultvest [closecombat, flareblitz, knockoff, wildcharge] ttype=dark
INFO     	           uxie     levitate    leftovers [encore, psychicnoise, stealthrock, uturn] ttype=steel
INFO     Sampling battle 1
INFO     	        gliscor   poisonheal     toxicorb [earthquake, protect, substitute, toxic] ttype=water
INFO     	         emboar     reckless  assaultvest [closecombat, flareblitz, knockoff, wildcharge] ttype=electric
INFO     	           uxie     levitate    leftovers [knockoff, psychicnoise, stealthrock, uturn] ttype=electric
INFO     Searching for a move using MCTS...
INFO     Sampling 2 battles at 500ms each
INFO     Policy 0: switch jumpluff visited 53.93% avg_score=0.463 sample_chance_multiplier=0.5
INFO     Policy 1: switch jumpluff visited 56.85% avg_score=0.462 sample_chance_multiplier=0.5
INFO     Considered Choices:
INFO     	55.39%: switch jumpluff
INFO     Choice: switch jumpluff
INFO     gliscor already has the move toxic. Decrementing the PP by 1
INFO     gliscor used a status-move. Adding `assaultvest` to impossible items
INFO     Setting gliscor's last used move: toxic
INFO     jumpluff got status: tox
INFO     No longer guessing lumberry because jumpluff got status tox
INFO     gliscor has less than maxhp during upkeep, no longer guessing leftovers or blacksludge
INFO     
INFO     Turn: 26
INFO     Sampling battle 0
INFO     	        gliscor   poisonheal     toxicorb [earthquake, protect, substitute, toxic] ttype=water
INFO     	         emboar     reckless  assaultvest [closecombat, flareblitz, scald, wildcharge] ttype=water
INFO     	           uxie     levitate    leftovers [encore, psychicnoise, stealthrock, uturn] ttype=electric
INFO     Sampling battle 1
INFO     	        gliscor   poisonheal     toxicorb [earthquake, protect, substitute, toxic] ttype=water
INFO     	         emboar     reckless  assaultvest [closecombat, flareblitz, suckerpunch, wildcharge] ttype=electric
INFO     	           uxie     levitate    leftovers [encore, psychicnoise, stealthrock, uturn] ttype=steel
INFO     Searching for a move using MCTS...
INFO     Sampling 2 battles at 500ms each
INFO     Policy 0: strengthsap visited 35.47% avg_score=0.508 sample_chance_multiplier=0.5
INFO     Policy 1: strengthsap visited 35.21% avg_score=0.507 sample_chance_multiplier=0.5
INFO     Considered Choices:
INFO     	35.343%: strengthsap
INFO     Choice: strengthsap
INFO     gliscor already has the move protect. Decrementing the PP by 1
INFO     gliscor used two different moves - it cannot have a choice item
INFO     gliscor used a status-move. Adding `assaultvest` to impossible items
INFO     Setting gliscor's last used move: protect
INFO     gliscor used a protect move, set protect side condition to 2
INFO     jumpluff already has the move strengthsap. Decrementing the PP by 1
INFO     jumpluff used a status-move. Adding `assaultvest` to impossible items
INFO     Setting jumpluff's last used move: strengthsap
INFO     Setting protect to 1 for the opponent
INFO     
INFO     Turn: 27
INFO     Sampling battle 0
INFO     	        gliscor   poisonheal     toxicorb [earthquake, protect, substitute, toxic] ttype=water
INFO     	         emboar     reckless  assaultvest [closecombat, flareblitz, knockoff, wildcharge] ttype=electric
INFO     	           uxie     levitate    leftovers [encore, psychicnoise, stealthrock, uturn] ttype=steel
INFO     Sampling battle 1
INFO     	        gliscor   poisonheal     toxicorb [earthquake, protect, substitute, toxic] ttype=water
INFO     	         emboar     reckless  assaultvest [closecombat, flareblitz, knockoff, wildcharge] ttype=fire
INFO     	           uxie     levitate    leftovers [knockoff, psychicnoise, stealthrock, uturn] ttype=steel
INFO     Searching for a move using MCTS...
INFO     Sampling 2 battles at 500ms each
INFO     Policy 0: strengthsap visited 86.58% avg_score=0.504 sample_chance_multiplier=0.5
INFO     Policy 1: strengthsap visited 87.05% avg_score=0.503 sample_chance_multiplier=0.5
INFO     Considered Choices:
INFO     	86.813%: strengthsap
INFO     Choice: strengthsap
INFO     Updated gliscor's max speed to 200
INFO     jumpluff already has the move strengthsap. Decrementing the PP by 1
INFO     jumpluff used a status-move. Adding `assaultvest` to impossible items
INFO     Setting jumpluff's last used move: strengthsap
INFO     gliscor's attack was unboosted by 1 to -1
INFO     gliscor already has the move substitute. Decrementing the PP by 1
INFO     gliscor used two different moves - it cannot have a choice item
INFO     gliscor using substitute makes it unlikely to have a choice item. Setting can_have_choice_item to False
INFO     gliscor used a status-move. Adding `assaultvest` to impossible items
INFO     Setting gliscor's last used move: substitute
INFO     Starting the volatile status substitute on gliscor
INFO     gliscor started a substitute - setting substitute_hit to False
INFO     Setting protect to 0 for the opponent
INFO     gliscor has less than maxhp during upkeep, no longer guessing leftovers or blacksludge
INFO     
INFO     Turn: 28
INFO     Sampling battle 0
INFO     	        gliscor   poisonheal     toxicorb [earthquake, protect, substitute, toxic] ttype=water
INFO     	         emboar     reckless  assaultvest [closecombat, flareblitz, knockoff, wildcharge] ttype=electric
INFO     	           uxie     levitate    leftovers [knockoff, psychicnoise, stealthrock, uturn] ttype=steel
INFO     Sampling battle 1
INFO     	        gliscor   poisonheal     toxicorb [earthquake, protect, substitute, toxic] ttype=water
INFO     	         emboar     reckless  assaultvest [closecombat, flareblitz, scald, wildcharge] ttype=electric
INFO     	           uxie     levitate    leftovers [psychicnoise, stealthrock, uturn, yawn] ttype=dark
INFO     Searching for a move using MCTS...
INFO     Sampling 2 battles at 500ms each
INFO     Policy 0: strengthsap visited 39.26% avg_score=0.411 sample_chance_multiplier=0.5
INFO     Policy 1: strengthsap visited 38.95% avg_score=0.411 sample_chance_multiplier=0.5
INFO     Considered Choices:
INFO     	39.107%: strengthsap
INFO     	34.471%: acrobatics
INFO     Choice: acrobatics
INFO     Updated gliscor's max speed to 200
INFO     jumpluff already has the move acrobatics. Decrementing the PP by 1
INFO     jumpluff used a flying move, removing flyinggem from possible items
INFO     Setting jumpluff's last used move: acrobatics
INFO     jumpluff used a damaging move - not guessing lifeorb anymore
INFO     jumpluff did 31.0% damage to gliscor with acrobatics
INFO     gliscor used two different moves - it cannot have a choice item
INFO     gliscor used a ground move, removing groundgem from possible items
INFO     Setting gliscor's last used move: earthquake
INFO     gliscor used a damaging move - not guessing lifeorb anymore
INFO     gliscor has less than maxhp during upkeep, no longer guessing leftovers or blacksludge
INFO     
INFO     Turn: 29
INFO     Sampling battle 0
INFO     	        gliscor   poisonheal     toxicorb [earthquake, protect, substitute, toxic] ttype=water
INFO     	         emboar     reckless  assaultvest [closecombat, flareblitz, suckerpunch, wildcharge] ttype=fire
INFO     	           uxie     levitate    leftovers [psychicnoise, stealthrock, uturn, yawn] ttype=dark
INFO     Sampling battle 1
INFO     	        gliscor   poisonheal     toxicorb [earthquake, protect, substitute, toxic] ttype=water
INFO     	         emboar     reckless  assaultvest [closecombat, flareblitz, knockoff, wildcharge] ttype=electric
INFO     	           uxie     levitate    leftovers [encore, psychicnoise, stealthrock, uturn] ttype=electric
INFO     Searching for a move using MCTS...
INFO     Sampling 2 battles at 500ms each
INFO     Policy 0: acrobatics visited 55.67% avg_score=0.429 sample_chance_multiplier=0.5
INFO     Policy 1: acrobatics visited 55.62% avg_score=0.43 sample_chance_multiplier=0.5
INFO     Considered Choices:
INFO     	55.65%: acrobatics
INFO     Choice: acrobatics
INFO     Updated gliscor's max speed to 200
INFO     jumpluff already has the move acrobatics. Decrementing the PP by 1
INFO     jumpluff used a flying move, removing flyinggem from possible items
INFO     Setting jumpluff's last used move: acrobatics
INFO     jumpluff used a damaging move - not guessing lifeorb anymore
INFO     jumpluff did 27.0% damage to gliscor with acrobatics
INFO     gliscor already has the move earthquake. Decrementing the PP by 1
INFO     gliscor used a ground move, removing groundgem from possible items
INFO     Setting gliscor's last used move: earthquake
INFO     gliscor used a damaging move - not guessing lifeorb anymore
INFO     gliscor has less than maxhp during upkeep, no longer guessing leftovers or blacksludge
INFO     
INFO     Turn: 30
INFO     Sampling battle 0
INFO     	        gliscor   poisonheal     toxicorb [earthquake, protect, substitute, toxic] ttype=water
INFO     	         emboar     reckless  assaultvest [closecombat, flareblitz, scald, wildcharge] ttype=electric
INFO     	           uxie     levitate    leftovers [psychicnoise, stealthrock, uturn, yawn] ttype=electric
INFO     Sampling battle 1
INFO     	        gliscor   poisonheal     toxicorb [earthquake, protect, substitute, toxic] ttype=water
INFO     	         emboar     reckless  assaultvest [closecombat, flareblitz, suckerpunch, wildcharge] ttype=electric
INFO     	           uxie     levitate    leftovers [psychicnoise, stealthrock, uturn, yawn] ttype=dark
INFO     Searching for a move using MCTS...
INFO     Sampling 2 battles at 500ms each
INFO     Policy 0: acrobatics visited 70.32% avg_score=0.421 sample_chance_multiplier=0.5
INFO     Policy 1: acrobatics visited 71.39% avg_score=0.424 sample_chance_multiplier=0.5
INFO     Considered Choices:
INFO     	70.855%: acrobatics
INFO     Choice: acrobatics
INFO     Updated gliscor's max speed to 200
INFO     jumpluff already has the move acrobatics. Decrementing the PP by 1
INFO     jumpluff used a flying move, removing flyinggem from possible items
INFO     Setting jumpluff's last used move: acrobatics
INFO     jumpluff used a damaging move - not guessing lifeorb anymore
INFO     jumpluff did 28.999999999999996% damage to gliscor with acrobatics
INFO     gliscor already has the move earthquake. Decrementing the PP by 1
INFO     gliscor used a ground move, removing groundgem from possible items
INFO     Setting gliscor's last used move: earthquake
INFO     gliscor used a damaging move - not guessing lifeorb anymore
INFO     gliscor has less than maxhp during upkeep, no longer guessing leftovers or blacksludge
INFO     Sampling battle 0
INFO     	        gliscor   poisonheal     toxicorb [earthquake, protect, substitute, toxic] ttype=water
INFO     	         emboar     reckless  assaultvest [closecombat, flareblitz, suckerpunch, wildcharge] ttype=electric
INFO     	           uxie     levitate    leftovers [encore, psychicnoise, stealthrock, uturn] ttype=steel
INFO     Sampling battle 1
INFO     	        gliscor   poisonheal     toxicorb [earthquake, protect, substitute, toxic] ttype=water
INFO     	         emboar     reckless  assaultvest [closecombat, flareblitz, suckerpunch, wildcharge] ttype=electric
INFO     	           uxie     levitate    leftovers [encore, psychicnoise, stealthrock, uturn] ttype=dark
INFO     Searching for a move using MCTS...
INFO     Sampling 2 battles at 500ms each
INFO     Policy 0: switch gholdengo visited 87.29% avg_score=0.418 sample_chance_multiplier=0.5
INFO     Policy 1: switch gholdengo visited 87.28% avg_score=0.419 sample_chance_multiplier=0.5
INFO     Considered Choices:
INFO     	87.285%: switch gholdengo
INFO     Choice: switch gholdengo
INFO     
INFO     Turn: 31
INFO     Sampling battle 0
INFO     	        gliscor   poisonheal     toxicorb [earthquake, protect, substitute, toxic] ttype=water
INFO     	         emboar     reckless  assaultvest [closecombat, flareblitz, scald, wildcharge] ttype=water
INFO     	           uxie     levitate    leftovers [psychicnoise, stealthrock, uturn, yawn] ttype=electric
INFO     Sampling battle 1
INFO     	        gliscor   poisonheal     toxicorb [earthquake, protect, substitute, toxic] ttype=water
INFO     	         emboar     reckless  assaultvest [closecombat, flareblitz, scald, wildcharge] ttype=water
INFO     	           uxie     levitate    leftovers [encore, psychicnoise, stealthrock, uturn] ttype=electric
INFO     Searching for a move using MCTS...
INFO     Sampling 2 battles at 500ms each
INFO     Policy 0: recover visited 91.23% avg_score=0.42 sample_chance_multiplier=0.5
INFO     Policy 1: recover visited 89.76% avg_score=0.421 sample_chance_multiplier=0.5
INFO     Considered Choices:
INFO     	90.494%: recover
INFO     Choice: recover
INFO     Updated gliscor's min speed to 174
INFO     gliscor already has the move earthquake. Decrementing the PP by 1
INFO     gliscor used a ground move, removing groundgem from possible items
INFO     Setting gliscor's last used move: earthquake
INFO     gliscor used a damaging move - not guessing lifeorb anymore
INFO     gliscor did 44.440000000000005% damage to gholdengo with earthquake
INFO     gholdengo already has the move recover. Decrementing the PP by 1
INFO     gholdengo using recover makes it unlikely to have a choice item. Setting can_have_choice_item to False
INFO     gholdengo used a status-move. Adding `assaultvest` to impossible items
INFO     Setting gholdengo's last used move: recover
INFO     Setting gholdengo's item to: leftovers
INFO     gliscor has less than maxhp during upkeep, no longer guessing leftovers or blacksludge
INFO     
INFO     Turn: 32
INFO     Sampling battle 0
INFO     	        gliscor   poisonheal     toxicorb [earthquake, protect, substitute, toxic] ttype=water
INFO     	         emboar     reckless  assaultvest [closecombat, flareblitz, scald, wildcharge] ttype=water
INFO     	           uxie     levitate    leftovers [psychicnoise, stealthrock, uturn, yawn] ttype=steel
INFO     Sampling battle 1
INFO     	        gliscor   poisonheal     toxicorb [earthquake, protect, substitute, toxic] ttype=water
INFO     	         emboar     reckless  assaultvest [closecombat, flareblitz, suckerpunch, wildcharge] ttype=electric
INFO     	           uxie     levitate    leftovers [psychicnoise, stealthrock, thunderwave, uturn] ttype=dark
INFO     Searching for a move using MCTS...
INFO     Sampling 2 battles at 500ms each
INFO     Policy 0: recover visited 92.93% avg_score=0.418 sample_chance_multiplier=0.5
INFO     Policy 1: recover visited 92.68% avg_score=0.416 sample_chance_multiplier=0.5
INFO     Considered Choices:
INFO     	92.802%: recover
INFO     Choice: recover
INFO     Updated gliscor's min speed to 174
INFO     gliscor already has the move earthquake. Decrementing the PP by 1
INFO     gliscor used a ground move, removing groundgem from possible items
INFO     Setting gliscor's last used move: earthquake
INFO     gliscor used a damaging move - not guessing lifeorb anymore
INFO     gliscor did 43.68% damage to gholdengo with earthquake
INFO     gholdengo already has the move recover. Decrementing the PP by 1
INFO     gholdengo using recover makes it unlikely to have a choice item. Setting can_have_choice_item to False
INFO     gholdengo used a status-move. Adding `assaultvest` to impossible items
INFO     Setting gholdengo's last used move: recover
INFO     Setting gholdengo's item to: leftovers
INFO     gliscor has less than maxhp during upkeep, no longer guessing leftovers or blacksludge
INFO     
INFO     Turn: 33
INFO     Sampling battle 0
INFO     	        gliscor   poisonheal     toxicorb [earthquake, protect, substitute, toxic] ttype=water
INFO     	         emboar     reckless  assaultvest [closecombat, flareblitz, knockoff, wildcharge] ttype=fire
INFO     	           uxie     levitate    leftovers [encore, psychicnoise, stealthrock, uturn] ttype=steel
INFO     Sampling battle 1
INFO     	        gliscor   poisonheal     toxicorb [earthquake, protect, substitute, toxic] ttype=water
INFO     	         emboar     reckless  assaultvest [closecombat, flareblitz, scald, wildcharge] ttype=electric
INFO     	           uxie     levitate    leftovers [knockoff, psychicnoise, stealthrock, uturn] ttype=steel
INFO     Searching for a move using MCTS...
INFO     Sampling 2 battles at 500ms each
INFO     Policy 0: recover visited 88.38% avg_score=0.423 sample_chance_multiplier=0.5
INFO     Policy 1: recover visited 88.68% avg_score=0.417 sample_chance_multiplier=0.5
INFO     Considered Choices:
INFO     	88.532%: recover
INFO     Choice: recover
INFO     Updated gliscor's min speed to 174
INFO     gliscor already has the move earthquake. Decrementing the PP by 1
INFO     gliscor used a ground move, removing groundgem from possible items
INFO     Setting gliscor's last used move: earthquake
INFO     gliscor used a damaging move - not guessing lifeorb anymore
INFO     gliscor did 48.28% damage to gholdengo with earthquake
INFO     gholdengo already has the move recover. Decrementing the PP by 1
INFO     gholdengo using recover makes it unlikely to have a choice item. Setting can_have_choice_item to False
INFO     gholdengo used a status-move. Adding `assaultvest` to impossible items
INFO     Setting gholdengo's last used move: recover
INFO     Setting gholdengo's item to: leftovers
INFO     gliscor has less than maxhp during upkeep, no longer guessing leftovers or blacksludge
INFO     
INFO     Turn: 34
INFO     Sampling battle 0
INFO     	        gliscor   poisonheal     toxicorb [earthquake, protect, substitute, toxic] ttype=water
INFO     	         emboar     reckless  assaultvest [closecombat, flareblitz, scald, wildcharge] ttype=fire
INFO     	           uxie     levitate    leftovers [knockoff, psychicnoise, stealthrock, uturn] ttype=dark
INFO     Sampling battle 1
INFO     	        gliscor   poisonheal     toxicorb [earthquake, protect, substitute, toxic] ttype=water
INFO     	         emboar     reckless  assaultvest [closecombat, flareblitz, scald, wildcharge] ttype=water
INFO     	           uxie     levitate    leftovers [psychicnoise, stealthrock, thunderwave, uturn] ttype=dark
INFO     Searching for a move using MCTS...
INFO     Sampling 2 battles at 500ms each
INFO     Policy 0: recover visited 46.84% avg_score=0.424 sample_chance_multiplier=0.5
INFO     Policy 1: recover visited 47.17% avg_score=0.422 sample_chance_multiplier=0.5
INFO     Considered Choices:
INFO     	47.004%: recover
INFO     	41.848%: shadowball
INFO     Choice: shadowball
INFO     Updated gliscor's min speed to 174
INFO     gliscor already has the move earthquake. Decrementing the PP by 1
INFO     gliscor used a ground move, removing groundgem from possible items
INFO     Setting gliscor's last used move: earthquake
INFO     gliscor used a damaging move - not guessing lifeorb anymore
INFO     gliscor did 41.38% damage to gholdengo with earthquake
INFO     gholdengo already has the move shadowball. Decrementing the PP by 1
INFO     gholdengo used a ghost move, removing ghostgem from possible items
INFO     Setting gholdengo's last used move: shadowball
INFO     gholdengo used a damaging move - not guessing lifeorb anymore
INFO     Substitute ended for gliscor
INFO     Removing the volatile status substitute from gliscor
INFO     Setting gholdengo's item to: leftovers
INFO     gliscor has less than maxhp during upkeep, no longer guessing leftovers or blacksludge
INFO     
INFO     Turn: 35
INFO     Sampling battle 0
INFO     	        gliscor   poisonheal     toxicorb [earthquake, protect, substitute, toxic] ttype=water
INFO     	         emboar     reckless  assaultvest [closecombat, flareblitz, knockoff, wildcharge] ttype=electric
INFO     	           uxie     levitate    leftovers [psychicnoise, stealthrock, uturn, yawn] ttype=dark
INFO     Sampling battle 1
INFO     	        gliscor   poisonheal     toxicorb [earthquake, protect, substitute, toxic] ttype=water
INFO     	         emboar     reckless  assaultvest [closecombat, flareblitz, scald, wildcharge] ttype=electric
INFO     	           uxie     levitate    leftovers [psychicnoise, stealthrock, thunderwave, uturn] ttype=steel
INFO     Searching for a move using MCTS...
INFO     Sampling 2 battles at 500ms each
INFO     Policy 0: recover visited 71.09% avg_score=0.459 sample_chance_multiplier=0.5
INFO     Policy 1: recover visited 69.93% avg_score=0.455 sample_chance_multiplier=0.5
INFO     Considered Choices:
INFO     	70.51%: recover
INFO     Choice: recover
INFO     Updated gliscor's min speed to 174
INFO     gliscor already has the move earthquake. Decrementing the PP by 1
INFO     gliscor used a ground move, removing groundgem from possible items
INFO     Setting gliscor's last used move: earthquake
INFO     gliscor used a damaging move - not guessing lifeorb anymore
INFO     gliscor did 45.98% damage to gholdengo with earthquake
INFO     gholdengo already has the move recover. Decrementing the PP by 1
INFO     gholdengo using recover makes it unlikely to have a choice item. Setting can_have_choice_item to False
INFO     gholdengo used a status-move. Adding `assaultvest` to impossible items
INFO     Setting gholdengo's last used move: recover
INFO     Setting gholdengo's item to: leftovers
INFO     gliscor has less than maxhp during upkeep, no longer guessing leftovers or blacksludge
INFO     
INFO     Turn: 36
INFO     Sampling battle 0
INFO     	        gliscor   poisonheal     toxicorb [earthquake, protect, substitute, toxic] ttype=water
INFO     	         emboar     reckless  assaultvest [closecombat, flareblitz, suckerpunch, wildcharge] ttype=electric
INFO     	           uxie     levitate    leftovers [psychicnoise, stealthrock, uturn, yawn] ttype=dark
INFO     Sampling battle 1
INFO     	        gliscor   poisonheal     toxicorb [earthquake, protect, substitute, toxic] ttype=water
INFO     	         emboar     reckless  assaultvest [closecombat, flareblitz, knockoff, wildcharge] ttype=fire
INFO     	           uxie     levitate    leftovers [psychicnoise, stealthrock, thunderwave, uturn] ttype=electric
INFO     Searching for a move using MCTS...
INFO     Sampling 2 battles at 500ms each
INFO     Policy 0: recover visited 75.13% avg_score=0.469 sample_chance_multiplier=0.5
INFO     Policy 1: recover visited 72.87% avg_score=0.469 sample_chance_multiplier=0.5
INFO     Considered Choices:
INFO     	74.0%: recover
INFO     Choice: recover
INFO     Updated gliscor's min speed to 174
INFO     gliscor already has the move earthquake. Decrementing the PP by 1
INFO     gliscor used a ground move, removing groundgem from possible items
INFO     Setting gliscor's last used move: earthquake
INFO     gliscor used a damaging move - not guessing lifeorb anymore
INFO     gliscor did 46.739999999999995% damage to gholdengo with earthquake
INFO     gholdengo already has the move recover. Decrementing the PP by 1
INFO     gholdengo using recover makes it unlikely to have a choice item. Setting can_have_choice_item to False
INFO     gholdengo used a status-move. Adding `assaultvest` to impossible items
INFO     Setting gholdengo's last used move: recover
INFO     Setting gholdengo's item to: leftovers
INFO     
INFO     Turn: 37
INFO     Sampling battle 0
INFO     	        gliscor   poisonheal     toxicorb [earthquake, protect, substitute, toxic] ttype=water
INFO     	         emboar     reckless  assaultvest [closecombat, flareblitz, scald, wildcharge] ttype=fire
INFO     	           uxie     levitate    leftovers [psychicnoise, stealthrock, uturn, yawn] ttype=dark
INFO     Sampling battle 1
INFO     	        gliscor   poisonheal     toxicorb [earthquake, protect, substitute, toxic] ttype=water
INFO     	         emboar     reckless  assaultvest [closecombat, flareblitz, scald, wildcharge] ttype=fire
INFO     	           uxie     levitate    leftovers [psychicnoise, stealthrock, uturn, yawn] ttype=electric
INFO     Searching for a move using MCTS...
INFO     Sampling 2 battles at 500ms each
INFO     Policy 0: recover visited 43.57% avg_score=0.456 sample_chance_multiplier=0.5
INFO     Policy 1: recover visited 44.07% avg_score=0.457 sample_chance_multiplier=0.5
INFO     Considered Choices:
INFO     	43.82%: recover
INFO     	39.992%: shadowball
INFO     Choice: recover
INFO     Opponent has switched - clearing the last used move
INFO     emboar was affected by stealthrock, it cannot have heavydutyboots
INFO     gholdengo already has the move recover. Decrementing the PP by 1
INFO     gholdengo using recover makes it unlikely to have a choice item. Setting can_have_choice_item to False
INFO     gholdengo used a status-move. Adding `assaultvest` to impossible items
INFO     Setting gholdengo's last used move: recover
INFO     emboar has less than maxhp during upkeep, no longer guessing leftovers or blacksludge
INFO     
INFO     Turn: 38
INFO     Sampling battle 0
INFO     	         emboar     reckless  assaultvest [closecombat, flareblitz, scald, wildcharge] ttype=electric
INFO     	           uxie     levitate    leftovers [knockoff, psychicnoise, stealthrock, uturn] ttype=dark
INFO     	        gliscor   poisonheal     toxicorb [earthquake, protect, substitute, toxic] ttype=water
INFO     Sampling battle 1
INFO     	         emboar     reckless  assaultvest [closecombat, flareblitz, scald, wildcharge] ttype=electric
INFO     	           uxie     levitate    leftovers [psychicnoise, stealthrock, uturn, yawn] ttype=steel
INFO     	        gliscor   poisonheal     toxicorb [earthquake, protect, substitute, toxic] ttype=water
INFO     Searching for a move using MCTS...
INFO     Sampling 2 battles at 500ms each
INFO     Policy 0: shadowball visited 58.12% avg_score=0.417 sample_chance_multiplier=0.5
INFO     Policy 1: thunderwave visited 32.5% avg_score=0.29 sample_chance_multiplier=0.5
INFO     Considered Choices:
INFO     	44.392%: shadowball
INFO     Choice: shadowball
INFO     Updated emboar's max speed to 174
INFO     gholdengo already has the move shadowball. Decrementing the PP by 1
INFO     gholdengo used a ghost move, removing ghostgem from possible items
INFO     Setting gholdengo's last used move: shadowball
INFO     gholdengo used a damaging move - not guessing lifeorb anymore
INFO     gholdengo did 24.0% damage to emboar with shadowball
INFO     emboar used a fire move, removing firegem from possible items
INFO     Setting emboar's last used move: flareblitz
INFO     emboar used a damaging move - not guessing lifeorb anymore
INFO     emboar did 100.0% damage to gholdengo with flareblitz
INFO     emboar has less than maxhp during upkeep, no longer guessing leftovers or blacksludge
INFO     Sampling battle 0
INFO     	         emboar     reckless  assaultvest [closecombat, flareblitz, suckerpunch, wildcharge] ttype=electric
INFO     	           uxie     levitate    leftovers [knockoff, psychicnoise, stealthrock, uturn] ttype=electric
INFO     	        gliscor   poisonheal     toxicorb [earthquake, protect, substitute, toxic] ttype=water
INFO     Sampling battle 1
INFO     	         emboar     reckless  assaultvest [closecombat, flareblitz, knockoff, wildcharge] ttype=electric
INFO     	           uxie     levitate    leftovers [encore, psychicnoise, stealthrock, uturn] ttype=electric
INFO     	        gliscor   poisonheal     toxicorb [earthquake, protect, substitute, toxic] ttype=water
INFO     Searching for a move using MCTS...
INFO     Sampling 2 battles at 500ms each
INFO     Policy 0: switch crawdaunt visited 100.0% avg_score=0.433 sample_chance_multiplier=0.5
INFO     Policy 1: switch crawdaunt visited 100.0% avg_score=0.432 sample_chance_multiplier=0.5
INFO     Considered Choices:
INFO     	100.0%: switch crawdaunt
INFO     Choice: switch crawdaunt
INFO     crawdaunt switched in, adding intimidate to impossible abilities
INFO     crawdaunt switched in, adding pressure to impossible abilities
INFO     crawdaunt switched in, adding neutralizinggas to impossible abilities
INFO     crawdaunt switched in, adding sandstream to impossible abilities
INFO     crawdaunt switched in, adding drought to impossible abilities
INFO     crawdaunt switched in, adding drizzle to impossible abilities
INFO     crawdaunt switched in, adding snowwarning to impossible abilities
INFO     crawdaunt switched in, adding boosterenergy to impossible items
INFO     crawdaunt switched in, adding airballoon to impossible items
INFO     Opponent has switched - clearing the last used move
INFO     
INFO     Turn: 39
INFO     Sampling battle 0
INFO     	        gliscor   poisonheal     toxicorb [earthquake, protect, substitute, toxic] ttype=water
INFO     	           uxie     levitate    leftovers [knockoff, psychicnoise, stealthrock, uturn] ttype=steel
INFO     Sampling battle 1
INFO     	        gliscor   poisonheal     toxicorb [earthquake, protect, substitute, toxic] ttype=water
INFO     	           uxie     levitate    leftovers [psychicnoise, stealthrock, uturn, yawn] ttype=electric
INFO     Searching for a move using MCTS...
INFO     Sampling 2 battles at 500ms each
INFO     Policy 0: dragondance visited 99.18% avg_score=0.334 sample_chance_multiplier=0.5
INFO     Policy 1: dragondance visited 98.88% avg_score=0.342 sample_chance_multiplier=0.5
INFO     Considered Choices:
INFO     	99.031%: dragondance
INFO     Choice: dragondance
INFO     Updated gliscor's min speed to 174
INFO     gliscor already has the move substitute. Decrementing the PP by 1
INFO     gliscor using substitute makes it unlikely to have a choice item. Setting can_have_choice_item to False
INFO     gliscor used a status-move. Adding `assaultvest` to impossible items
INFO     Setting gliscor's last used move: substitute
INFO     Starting the volatile status substitute on gliscor
INFO     gliscor started a substitute - setting substitute_hit to False
INFO     crawdaunt already has the move dragondance. Decrementing the PP by 1
INFO     crawdaunt using dragondance makes it unlikely to have a choice item. Setting can_have_choice_item to False
INFO     crawdaunt used a status-move. Adding `assaultvest` to impossible items
INFO     Setting crawdaunt's last used move: dragondance
INFO     crawdaunt's attack was boosted by 1 to 1
INFO     crawdaunt's speed was boosted by 1 to 1
INFO     gliscor has less than maxhp during upkeep, no longer guessing leftovers or blacksludge
INFO     
INFO     Turn: 40
INFO     Sampling battle 0
INFO     	        gliscor   poisonheal     toxicorb [earthquake, protect, substitute, toxic] ttype=water
INFO     	           uxie     levitate    leftovers [psychicnoise, stealthrock, uturn, yawn] ttype=steel
INFO     Sampling battle 1
INFO     	        gliscor   poisonheal     toxicorb [earthquake, protect, substitute, toxic] ttype=water
INFO     	           uxie     levitate    leftovers [knockoff, psychicnoise, stealthrock, uturn] ttype=dark
INFO     Searching for a move using MCTS...
INFO     Sampling 2 battles at 500ms each
INFO     Policy 0: crabhammer visited 49.48% avg_score=0.328 sample_chance_multiplier=0.5
INFO     Policy 1: closecombat visited 82.47% avg_score=0.33 sample_chance_multiplier=0.5
INFO     Considered Choices:
INFO     	65.645%: closecombat
INFO     Choice: closecombat
INFO     gliscor already has the move protect. Decrementing the PP by 1
INFO     gliscor used two different moves - it cannot have a choice item
INFO     gliscor used a status-move. Adding `assaultvest` to impossible items
INFO     Setting gliscor's last used move: protect
INFO     gliscor used a protect move, set protect side condition to 2
INFO     crawdaunt already has the move closecombat. Decrementing the PP by 1
INFO     crawdaunt used a fighting move, removing fightinggem from possible items
INFO     Setting crawdaunt's last used move: closecombat
INFO     crawdaunt used a damaging move - not guessing lifeorb anymore
INFO     Setting protect to 1 for the opponent
INFO     gliscor has less than maxhp during upkeep, no longer guessing leftovers or blacksludge
INFO     
INFO     Turn: 41
INFO     Sampling battle 0
INFO     	        gliscor   poisonheal     toxicorb [earthquake, protect, substitute, toxic] ttype=water
INFO     	           uxie     levitate    leftovers [encore, psychicnoise, stealthrock, uturn] ttype=steel
INFO     Sampling battle 1
INFO     	        gliscor   poisonheal     toxicorb [earthquake, protect, substitute, toxic] ttype=water
INFO     	           uxie     levitate    leftovers [knockoff, psychicnoise, stealthrock, uturn] ttype=electric
INFO     Searching for a move using MCTS...
INFO     Sampling 2 battles at 500ms each
INFO     Policy 0: closecombat visited 83.24% avg_score=0.328 sample_chance_multiplier=0.5
INFO     Policy 1: closecombat visited 85.65% avg_score=0.33 sample_chance_multiplier=0.5
INFO     Considered Choices:
INFO     	84.446%: closecombat
INFO     Choice: closecombat
INFO     Updated gliscor's max speed to 200
INFO     crawdaunt already has the move closecombat. Decrementing the PP by 1
INFO     crawdaunt used a fighting move, removing fightinggem from possible items
INFO     Setting crawdaunt's last used move: closecombat
INFO     crawdaunt used a damaging move - not guessing lifeorb anymore
INFO     Substitute ended for gliscor
INFO     Removing the volatile status substitute from gliscor
INFO     crawdaunt's defense was unboosted by 1 to -1
INFO     crawdaunt's special-defense was unboosted by 1 to -1
INFO     Setting crawdaunt's item to: lifeorb
INFO     gliscor already has the move substitute. Decrementing the PP by 1
INFO     gliscor used two different moves - it cannot have a choice item
INFO     gliscor using substitute makes it unlikely to have a choice item. Setting can_have_choice_item to False
INFO     gliscor used a status-move. Adding `assaultvest` to impossible items
INFO     Setting gliscor's last used move: substitute
INFO     Starting the volatile status substitute on gliscor
INFO     gliscor started a substitute - setting substitute_hit to False
INFO     Setting protect to 0 for the opponent
INFO     gliscor has less than maxhp during upkeep, no longer guessing leftovers or blacksludge
INFO     
INFO     Turn: 42
INFO     Sampling battle 0
INFO     	        gliscor   poisonheal     toxicorb [earthquake, protect, substitute, toxic] ttype=water
INFO     	           uxie     levitate    leftovers [psychicnoise, stealthrock, uturn, yawn] ttype=electric
INFO     Sampling battle 1
INFO     	        gliscor   poisonheal     toxicorb [earthquake, protect, substitute, toxic] ttype=water
INFO     	           uxie     levitate    leftovers [psychicnoise, stealthrock, uturn, yawn] ttype=dark
INFO     Searching for a move using MCTS...
INFO     Sampling 2 battles at 500ms each
INFO     Policy 0: crabhammer visited 66.01% avg_score=0.116 sample_chance_multiplier=0.5
INFO     Policy 1: crabhammer visited 69.43% avg_score=0.115 sample_chance_multiplier=0.5
INFO     Considered Choices:
INFO     	67.724%: crabhammer
INFO     Choice: crabhammer
INFO     Updated gliscor's max speed to 200
INFO     crawdaunt already has the move crabhammer. Decrementing the PP by 1
INFO     crawdaunt used a water move, removing watergem from possible items
INFO     Setting crawdaunt's last used move: crabhammer
INFO     crawdaunt used a damaging move - not guessing lifeorb anymore
INFO     Substitute ended for gliscor
INFO     Removing the volatile status substitute from gliscor
INFO     Setting crawdaunt's item to: lifeorb
INFO     gliscor already has the move toxic. Decrementing the PP by 1
INFO     gliscor used two different moves - it cannot have a choice item
INFO     gliscor used a status-move. Adding `assaultvest` to impossible items
INFO     Setting gliscor's last used move: toxic
INFO     crawdaunt got status: tox
INFO     No longer guessing lumberry because crawdaunt got status tox
INFO     gliscor has less than maxhp during upkeep, no longer guessing leftovers or blacksludge
INFO     
INFO     Turn: 43
INFO     Sampling battle 0
INFO     	        gliscor   poisonheal     toxicorb [earthquake, protect, substitute, toxic] ttype=water
INFO     	           uxie     levitate    leftovers [psychicnoise, stealthrock, uturn, yawn] ttype=electric
INFO     Sampling battle 1
INFO     	        gliscor   poisonheal     toxicorb [earthquake, protect, substitute, toxic] ttype=water
INFO     	           uxie     levitate    leftovers [psychicnoise, stealthrock, uturn, yawn] ttype=electric
INFO     Searching for a move using MCTS...
INFO     Sampling 2 battles at 500ms each
INFO     Policy 0: crabhammer visited 29.67% avg_score=0.002 sample_chance_multiplier=0.5
INFO     Policy 1: crabhammer visited 27.6% avg_score=0.001 sample_chance_multiplier=0.5
INFO     Considered Choices:
INFO     	28.637%: crabhammer
INFO     	24.386%: dragondance
INFO     	23.605%: closecombat
INFO     	23.372%: knockoff
INFO     Choice: closecombat
INFO     Opponent has switched - clearing the last used move
INFO     crawdaunt already has the move closecombat. Decrementing the PP by 1
INFO     crawdaunt used a fighting move, removing fightinggem from possible items
INFO     Setting crawdaunt's last used move: closecombat
INFO     crawdaunt used a damaging move - not guessing lifeorb anymore
INFO     crawdaunt did 26.0% damage to uxie with closecombat
INFO     crawdaunt's defense was unboosted by 1 to -2
INFO     crawdaunt's special-defense was unboosted by 1 to -2
INFO     Setting crawdaunt's item to: lifeorb
INFO     Setting uxie's item to: leftovers
INFO     uxie has less than maxhp during upkeep, no longer guessing leftovers or blacksludge
INFO     
INFO     Turn: 44
INFO     Sampling battle 0
INFO     	           uxie     levitate    leftovers [knockoff, psychicnoise, stealthrock, uturn] ttype=dark
INFO     	        gliscor   poisonheal     toxicorb [earthquake, protect, substitute, toxic] ttype=water
INFO     Sampling battle 1
INFO     	           uxie     levitate    leftovers [psychicnoise, stealthrock, uturn, yawn] ttype=electric
INFO     	        gliscor   poisonheal     toxicorb [earthquake, protect, substitute, toxic] ttype=water
INFO     Searching for a move using MCTS...
INFO     Sampling 2 battles at 500ms each
INFO     Policy 0: crabhammer visited 25.04% avg_score=0.0 sample_chance_multiplier=0.5
INFO     Policy 1: crabhammer visited 25.05% avg_score=0.0 sample_chance_multiplier=0.5
INFO     Considered Choices:
INFO     	25.046%: crabhammer
INFO     	25.016%: knockoff
INFO     	24.973%: dragondance
INFO     	24.964%: closecombat
INFO     Choice: knockoff
INFO     crawdaunt already has the move knockoff. Decrementing the PP by 1
INFO     crawdaunt used a dark move, removing darkgem from possible items
INFO     Setting crawdaunt's last used move: knockoff
INFO     crawdaunt used a damaging move - not guessing lifeorb anymore
INFO     crawdaunt did 62.0% damage to uxie with knockoff
INFO     Removing uxie's item: leftovers
INFO     Setting uxie's removed item to leftovers
INFO     Knockoff removed uxie's item
INFO     Setting crawdaunt's item to: lifeorb
INFO     uxie has less than maxhp during upkeep, no longer guessing leftovers or blacksludge
INFO     Opponent has switched - clearing the last used move
INFO     
INFO     Turn: 45
INFO     Sampling battle 0
INFO     	        gliscor   poisonheal     toxicorb [earthquake, protect, substitute, toxic] ttype=water
INFO     Sampling battle 1
INFO     	        gliscor   poisonheal     toxicorb [earthquake, protect, substitute, toxic] ttype=water
INFO     Searching for a move using MCTS...
INFO     Sampling 2 battles at 500ms each
INFO     Policy 0: closecombat visited 25.0% avg_score=0.0 sample_chance_multiplier=0.5
INFO     Policy 1: closecombat visited 25.0% avg_score=0.0 sample_chance_multiplier=0.5
INFO     Considered Choices:
INFO     	25.0%: closecombat
INFO     	25.0%: knockoff
INFO     	25.0%: crabhammer
INFO     	25.0%: dragondance
INFO     Choice: closecombat
INFO     Winner: AbraMCTS
INFO     Lost with team: None
INFO     W: 1	L: 2
INFO     Searching for ranked gen9randombattle match
INFO     Initialized battle-gen9randombattle-79 against: AbraMCTS
INFO     Opponent has switched - clearing the last used move
INFO     spectrier switched in, adding intimidate to impossible abilities
INFO     spectrier switched in, adding pressure to impossible abilities
INFO     spectrier switched in, adding neutralizinggas to impossible abilities
INFO     spectrier switched in, adding sandstream to impossible abilities
INFO     spectrier switched in, adding drought to impossible abilities
INFO     spectrier switched in, adding drizzle to impossible abilities
INFO     spectrier switched in, adding snowwarning to impossible abilities
INFO     spectrier switched in, adding boosterenergy to impossible items
INFO     spectrier switched in, adding airballoon to impossible items
INFO     
INFO     Turn: 1
INFO     Sampling battle 0
INFO     	      spectrier    grimneigh      lifeorb [darkpulse, drainingkiss, nastyplot, shadowball] ttype=fairy
INFO     Sampling 5 unrevealed pokemon
INFO     	  samurotthisui    sharpness   choiceband [ceaselessedge, flipturn, razorshell, suckerpunch] ttype=water
INFO     	       skarmory       sturdy  rockyhelmet [bravebird, roost, spikes, stealthrock] ttype=dragon
INFO     	       magearna    soulheart    leftovers [flashcannon, fleurcannon, thunderwave, voltswitch] ttype=fairy
INFO     	squawkabillyblue         guts     flameorb [bravebird, facade, quickattack, uturn] ttype=normal
INFO     	     arceusfire    multitype   flameplate [calmmind, earthpower, judgment, recover] ttype=ground
INFO     Sampling battle 1
INFO     	      spectrier    grimneigh    leftovers [darkpulse, nastyplot, shadowball, substitute] ttype=dark
INFO     Sampling 5 unrevealed pokemon
INFO     	     shayminsky  serenegrace    leftovers [airslash, leechseed, seedflare, substitute] ttype=steel
INFO     	         minior  shieldsdown    whiteherb [acrobatics, earthquake, powergem, shellsmash] ttype=water
INFO     	       granbull   intimidate    leftovers [earthquake, encore, playrough, thunderwave] ttype=ground
INFO     	    arceusghost    multitype  spookyplate [focusblast, judgment, recover, willowisp] ttype=normal
INFO     	     forretress       sturdy    leftovers [bodypress, ironhead, rapidspin, stealthrock] ttype=fighting
INFO     Sampling battle 2
INFO     	      spectrier    grimneigh    leftovers [nastyplot, shadowball, substitute, terablast] ttype=fighting
INFO     Sampling 5 unrevealed pokemon
INFO     	       floatzel    waterveil    leftovers [bulkup, icespinner, taunt, wavecrash] ttype=steel
INFO     	      electrode    aftermath    leftovers [foulplay, taunt, thunderbolt, thunderwave] ttype=electric
INFO     	      hitmonlee     unburden    whiteherb [closecombat, knockoff, stoneedge, swordsdance] ttype=dark
INFO     	 keldeoresolute    justified      lifeorb [airslash, calmmind, hydropump, secretsword] ttype=fighting
INFO     	         gengar   cursedbody      lifeorb [encore, shadowball, sludgewave, toxicspikes] ttype=ghost
INFO     Sampling battle 3
INFO     	      spectrier    grimneigh      lifeorb [nastyplot, shadowball, terablast, willowisp] ttype=fighting
INFO     Sampling 5 unrevealed pokemon
INFO     	      quaquaval        moxie heavydutyboots [aquastep, closecombat, roost, uturn] ttype=water
INFO     	thundurustherian   voltabsorb  choicespecs [focusblast, grassknot, sludgewave, thunderbolt] ttype=poison
INFO     	       sawsbuck    sapsipper      lifeorb [doubleedge, highhorsepower, hornleech, swordsdance] ttype=normal
INFO     	        shiftry    windrider      lifeorb [knockoff, leafstorm, suckerpunch, willowisp] ttype=dark
INFO     	   dialgaorigin     pressure adamantcrystal [dracometeor, dragontail, flashcannon, stealthrock] ttype=steel
INFO     Searching for a move using MCTS...
INFO     Sampling 4 battles at 250ms each
INFO     Policy 0: icebeam visited 41.33% avg_score=0.462 sample_chance_multiplier=0.25
INFO     Policy 1: earthquake visited 40.88% avg_score=0.508 sample_chance_multiplier=0.25
INFO     Policy 2: earthquake visited 96.99% avg_score=0.699 sample_chance_multiplier=0.25
INFO     Policy 3: earthquake visited 66.37% avg_score=0.509 sample_chance_multiplier=0.25
INFO     Considered Choices:
INFO     	58.657%: earthquake
INFO     Choice: earthquake
INFO     Opponent has switched - clearing the last used move
INFO     ribombee switched in, adding intimidate to impossible abilities
INFO     ribombee switched in, adding pressure to impossible abilities
INFO     ribombee switched in, adding neutralizinggas to impossible abilities
INFO     ribombee switched in, adding sandstream to impossible abilities
INFO     ribombee switched in, adding drought to impossible abilities
INFO     ribombee switched in, adding drizzle to impossible abilities
INFO     ribombee switched in, adding snowwarning to impossible abilities
INFO     ribombee switched in, adding boosterenergy to impossible items
INFO     ribombee switched in, adding airballoon to impossible items
INFO     swampert already has the move earthquake. Decrementing the PP by 1
INFO     swampert used a ground move, removing groundgem from possible items
INFO     Setting swampert's last used move: earthquake
INFO     swampert used a damaging move - not guessing lifeorb anymore
INFO     swampert did 34.0% damage to ribombee with earthquake
INFO     ribombee has less than maxhp during upkeep, no longer guessing leftovers or blacksludge
INFO     
INFO     Turn: 2
INFO     Sampling battle 0
INFO     	       ribombee   shielddust heavydutyboots [bugbuzz, moonblast, stickyweb, stunspore] ttype=ghost
INFO     	      spectrier    grimneigh      lifeorb [nastyplot, shadowball, terablast, willowisp] ttype=fighting
INFO     Sampling 4 unrevealed pokemon
INFO     	       overqwil   intimidate      lifeorb [crunch, gunkshot, liquidation, swordsdance] ttype=water
INFO     	         scizor   technician   choiceband [bulletpunch, closecombat, knockoff, uturn] ttype=dragon
INFO     	squawkabillywhite       hustle heavydutyboots [bravebird, foulplay, partingshot, quickattack] ttype=flying
INFO     	       rayquaza      airlock heavydutyboots [dragonascent, dragondance, earthquake, outrage] ttype=steel
INFO     Sampling battle 1
INFO     	       ribombee   shielddust heavydutyboots [bugbuzz, moonblast, quiverdance, terablast] ttype=ground
INFO     	      spectrier    grimneigh      lifeorb [drainingkiss, nastyplot, shadowball, willowisp] ttype=fairy
INFO     Sampling 4 unrevealed pokemon
INFO     	       torterra     overgrow   loadeddice [bulletseed, headlongrush, rockblast, shellsmash] ttype=grass
INFO     	      dunsparce  serenegrace     eviolite [bodyslam, coil, earthquake, roost] ttype=ground
INFO     	       greninja      protean      lifeorb [darkpulse, gunkshot, hydropump, uturn] ttype=poison
INFO     	    slitherwing protosynthesis   choiceband [closecombat, flareblitz, uturn, wildcharge] ttype=fighting
INFO     Sampling battle 2
INFO     	       ribombee   shielddust    focussash [bugbuzz, moonblast, stickyweb, stunspore] ttype=ghost
INFO     	      spectrier    grimneigh    leftovers [drainingkiss, nastyplot, shadowball, substitute] ttype=fairy
INFO     Sampling 4 unrevealed pokemon
INFO     	       meowstic    prankster    lightclay [lightscreen, psychicnoise, reflect, thunderwave] ttype=fairy
INFO     	       froslass   cursedbody     widelens [poltergeist, spikes, tripleaxel, willowisp] ttype=ice
INFO     	     rotomfrost     levitate heavydutyboots [blizzard, thunderbolt, voltswitch, willowisp] ttype=electric
INFO     	       dragalge adaptability    leftovers [dracometeor, focusblast, sludgewave, toxicspikes] ttype=fighting
INFO     Sampling battle 3
INFO     	       ribombee   shielddust heavydutyboots [bugbuzz, moonblast, stickyweb, stunspore] ttype=ghost
INFO     	      spectrier    grimneigh      lifeorb [nastyplot, shadowball, terablast, willowisp] ttype=fighting
INFO     Sampling 4 unrevealed pokemon
INFO     	       quagsire      unaware    leftovers [earthquake, recover, spikes, toxic] ttype=fairy
INFO     	       venusaur     overgrow    leftovers [energyball, knockoff, sludgebomb, synthesis] ttype=dark
INFO     	        wochien tabletsofruin    leftovers [gigadrain, knockoff, ruination, stunspore] ttype=poison
INFO     	       ursaring         guts     eviolite [bodyslam, earthquake, rest, sleeptalk] ttype=ghost
INFO     Searching for a move using MCTS...
INFO     Sampling 4 battles at 250ms each
INFO     Policy 0: earthquake visited 56.91% avg_score=0.255 sample_chance_multiplier=0.25
INFO     Policy 1: earthquake visited 88.51% avg_score=0.669 sample_chance_multiplier=0.25
INFO     Policy 2: switch grumpig visited 49.8% avg_score=0.255 sample_chance_multiplier=0.25
INFO     Policy 3: earthquake visited 32.97% avg_score=0.24 sample_chance_multiplier=0.25
INFO     Considered Choices:
INFO     	49.189%: earthquake
INFO     Choice: earthquake
INFO     Updated ribombee's min speed to 147
INFO     ribombee used a status-move. Adding `assaultvest` to impossible items
INFO     Setting ribombee's last used move: stickyweb
INFO     Incremented side condition stickyweb to 1 for swampert
INFO     swampert already has the move earthquake. Decrementing the PP by 1
INFO     swampert used a ground move, removing groundgem from possible items
INFO     Setting swampert's last used move: earthquake
INFO     swampert used a damaging move - not guessing lifeorb anymore
INFO     swampert did 33.0% damage to ribombee with earthquake
INFO     ribombee has less than maxhp during upkeep, no longer guessing leftovers or blacksludge
INFO     
INFO     Turn: 3
INFO     Sampling battle 0
INFO     	       ribombee   shielddust    focussash [bugbuzz, moonblast, stickyweb, stunspore] ttype=ghost
INFO     	      spectrier    grimneigh      lifeorb [drainingkiss, nastyplot, shadowball, willowisp] ttype=fairy
INFO     Sampling 4 unrevealed pokemon
INFO     	      regieleki   transistor       magnet [rapidspin, terablast, thunderbolt, voltswitch] ttype=ice
INFO     	        moltres    flamebody heavydutyboots [bravebird, fireblast, roost, uturn] ttype=dragon
INFO     	        falinks      defiant      lifeorb [closecombat, ironhead, knockoff, noretreat] ttype=dark
INFO     	    fluttermane protosynthesis      lifeorb [calmmind, moonblast, psyshock, shadowball] ttype=fairy
INFO     Sampling battle 1
INFO     	       ribombee   shielddust heavydutyboots [bugbuzz, moonblast, stickyweb, stunspore] ttype=ghost
INFO     	      spectrier    grimneigh      lifeorb [darkpulse, nastyplot, shadowball, willowisp] ttype=dark
INFO     Sampling 4 unrevealed pokemon
INFO     	       porygonz adaptability  choicescarf [icebeam, shadowball, thunderbolt, triattack] ttype=ghost
INFO     	       rotommow     levitate    leftovers [leafstorm, nastyplot, thunderbolt, willowisp] ttype=grass
INFO     	        scyther   technician heavydutyboots [closecombat, defog, dualwingbeat, uturn] ttype=fighting
INFO     	        palafin   zerotohero   choiceband [closecombat, flipturn, jetpunch, wavecrash] ttype=fighting
INFO     Searching for a move using MCTS...
INFO     Sampling 2 battles at 500ms each
INFO     Policy 0: icebeam visited 44.38% avg_score=0.52 sample_chance_multiplier=0.5
INFO     Policy 1: icebeam visited 58.26% avg_score=0.528 sample_chance_multiplier=0.5
INFO     Considered Choices:
INFO     	51.322%: icebeam
INFO     Choice: icebeam
INFO     Updated ribombee's min speed to 147
INFO     ribombee used two different moves - it cannot have a choice item
INFO     ribombee used a bug move, removing buggem from possible items
INFO     Setting ribombee's last used move: uturn
INFO     ribombee used a damaging move - not guessing lifeorb anymore
INFO     ribombee did 15.89% damage to swampert with uturn
INFO     Opponent has switched - clearing the last used move
INFO     eelektross switched in, adding intimidate to impossible abilities
INFO     eelektross switched in, adding pressure to impossible abilities
INFO     eelektross switched in, adding neutralizinggas to impossible abilities
INFO     eelektross switched in, adding sandstream to impossible abilities
INFO     eelektross switched in, adding drought to impossible abilities
INFO     eelektross switched in, adding drizzle to impossible abilities
INFO     eelektross switched in, adding snowwarning to impossible abilities
INFO     eelektross switched in, adding boosterenergy to impossible items
INFO     eelektross switched in, adding airballoon to impossible items
INFO     swampert already has the move icebeam. Decrementing the PP by 1
INFO     swampert used a ice move, removing icegem from possible items
INFO     Setting swampert's last used move: icebeam
INFO     swampert used a damaging move - not guessing lifeorb anymore
INFO     swampert did 13.0% damage to eelektross with icebeam
INFO     Setting swampert's item to: leftovers
INFO     eelektross has less than maxhp during upkeep, no longer guessing leftovers or blacksludge
INFO     
INFO     Turn: 4
INFO     Sampling battle 0
INFO     	     eelektross     levitate  assaultvest [discharge, gigadrain, knockoff, uturn] ttype=poison
INFO     	      spectrier    grimneigh      lifeorb [darkpulse, nastyplot, shadowball, willowisp] ttype=dark
INFO     	       ribombee   shielddust heavydutyboots [moonblast, stickyweb, stunspore, uturn] ttype=ghost
INFO     Sampling 3 unrevealed pokemon
INFO     	         furret        frisk      lifeorb [brickbreak, doubleedge, knockoff, tidyup] ttype=ghost
INFO     	       arcanine   intimidate heavydutyboots [closecombat, extremespeed, flareblitz, morningsun] ttype=fighting
INFO     	         phione    hydration    leftovers [rest, scald, sleeptalk, takeheart] ttype=dragon
INFO     Sampling battle 1
INFO     	     eelektross     levitate  assaultvest [discharge, dragontail, knockoff, uturn] ttype=poison
INFO     	      spectrier    grimneigh    leftovers [nastyplot, shadowball, substitute, terablast] ttype=fighting
INFO     	       ribombee   shielddust heavydutyboots [bugbuzz, moonblast, stickyweb, uturn] ttype=ghost
INFO     Sampling 3 unrevealed pokemon
INFO     	       lumineon   stormdrain heavydutyboots [encore, hydropump, icebeam, uturn] ttype=dragon
INFO     	    barraskewda    swiftswim   choiceband [closecombat, flipturn, throatchop, waterfall] ttype=water
INFO     	      tyranitar   sandstream    leftovers [dragondance, icepunch, knockoff, stoneedge] ttype=ghost
INFO     Sampling battle 2
INFO     	     eelektross     levitate  assaultvest [closecombat, discharge, flamethrower, uturn] ttype=poison
INFO     	      spectrier    grimneigh      lifeorb [drainingkiss, nastyplot, shadowball, willowisp] ttype=fairy
INFO     	       ribombee   shielddust heavydutyboots [moonblast, stickyweb, stunspore, uturn] ttype=ghost
INFO     Sampling 3 unrevealed pokemon
INFO     	    zapdosgalar      defiant      lifeorb [bravebird, bulkup, closecombat, knockoff] ttype=steel
INFO     	       grafaiai  poisontouch      lifeorb [gunkshot, knockoff, lowkick, swordsdance] ttype=dark
INFO     	      arceusbug    multitype  insectplate [calmmind, earthpower, judgment, recover] ttype=ground
INFO     Sampling battle 3
INFO     	     eelektross     levitate  assaultvest [discharge, flamethrower, gigadrain, uturn] ttype=poison
INFO     	      spectrier    grimneigh    leftovers [drainingkiss, nastyplot, shadowball, substitute] ttype=fairy
INFO     	       ribombee   shielddust heavydutyboots [bugbuzz, moonblast, stickyweb, uturn] ttype=ghost
INFO     Sampling 3 unrevealed pokemon
INFO     	    deoxysspeed     pressure      lifeorb [knockoff, psychoboost, superpower, taunt] ttype=dark
INFO     	       froslass   cursedbody     widelens [poltergeist, taunt, tripleaxel, willowisp] ttype=ghost
INFO     	        flapple       hustle   choiceband [gravapple, outrage, suckerpunch, uturn] ttype=dragon
INFO     Searching for a move using MCTS...
INFO     Sampling 4 battles at 250ms each
INFO     Policy 0: switch clodsire visited 51.12% avg_score=0.453 sample_chance_multiplier=0.25
INFO     Policy 1: icebeam visited 48.83% avg_score=0.484 sample_chance_multiplier=0.25
INFO     Policy 2: icebeam visited 51.74% avg_score=0.498 sample_chance_multiplier=0.25
INFO     Policy 3: switch slowkinggalar visited 18.53% avg_score=0.414 sample_chance_multiplier=0.25
INFO     Considered Choices:
INFO     	29.024%: icebeam
INFO     Choice: icebeam
INFO     Updated eelektross's max speed to 147
INFO     swampert already has the move icebeam. Decrementing the PP by 1
INFO     swampert used a ice move, removing icegem from possible items
INFO     Setting swampert's last used move: icebeam
INFO     swampert used a damaging move - not guessing lifeorb anymore
INFO     swampert did 13.0% damage to eelektross with icebeam
INFO     eelektross used a grass move, removing grassgem from possible items
INFO     Setting eelektross's last used move: gigadrain
INFO     eelektross used a damaging move - not guessing lifeorb anymore
INFO     eelektross did 83.44% damage to swampert with gigadrain
WARNING  Would remove all possibilities, not removing any
WARNING  actual_damage_dealt=251.9888
INFO     Setting swampert's item to: leftovers
INFO     
INFO     Turn: 5
INFO     Sampling battle 0
INFO     	     eelektross     levitate  assaultvest [discharge, gigadrain, knockoff, uturn] ttype=poison
INFO     	      spectrier    grimneigh    leftovers [drainingkiss, nastyplot, shadowball, substitute] ttype=fairy
INFO     	       ribombee   shielddust heavydutyboots [bugbuzz, moonblast, stickyweb, uturn] ttype=ghost
INFO     Sampling 3 unrevealed pokemon
INFO     	        dipplin   stickyhold     eviolite [dragonpulse, gigadrain, recover, suckerpunch] ttype=steel
INFO     	        seviper  infiltrator  choicescarf [earthquake, gunkshot, knockoff, switcheroo] ttype=poison
INFO     	         mewtwo     pressure      lifeorb [fireblast, nastyplot, psystrike, recover] ttype=fire
INFO     Sampling battle 1
INFO     	     eelektross     levitate  assaultvest [discharge, dragontail, gigadrain, uturn] ttype=poison
INFO     	      spectrier    grimneigh      lifeorb [darkpulse, nastyplot, shadowball, willowisp] ttype=dark
INFO     	       ribombee   shielddust heavydutyboots [moonblast, stickyweb, stunspore, uturn] ttype=ghost
INFO     Sampling 3 unrevealed pokemon
INFO     	         raikou     pressure    leftovers [calmmind, scald, shadowball, thunderbolt] ttype=water
INFO     	       alcremie    aromaveil    leftovers [acidarmor, calmmind, dazzlinggleam, recover] ttype=steel
INFO     	   slowbrogalar  regenerator  assaultvest [fireblast, psychic, shellsidearm, surf] ttype=poison
INFO     Searching for a move using MCTS...
INFO     Sampling 2 battles at 500ms each
INFO     Policy 0: icebeam visited 83.7% avg_score=0.477 sample_chance_multiplier=0.5
INFO     Policy 1: icebeam visited 60.56% avg_score=0.447 sample_chance_multiplier=0.5
INFO     Considered Choices:
INFO     	72.13%: icebeam
INFO     Choice: icebeam
INFO     Updated eelektross's max speed to 147
INFO     swampert already has the move icebeam. Decrementing the PP by 1
INFO     swampert used a ice move, removing icegem from possible items
INFO     Setting swampert's last used move: icebeam
INFO     swampert used a damaging move - not guessing lifeorb anymore
INFO     swampert did 14.000000000000002% damage to eelektross with icebeam
INFO     eelektross used two different moves - it cannot have a choice item
INFO     eelektross used a electric move, removing electricgem from possible items
INFO     Setting eelektross's last used move: discharge
INFO     eelektross used a damaging move - not guessing lifeorb anymore
INFO     Setting swampert's item to: leftovers
INFO     eelektross has less than maxhp during upkeep, no longer guessing leftovers or blacksludge
INFO     
INFO     Turn: 6
INFO     Sampling battle 0
INFO     	     eelektross     levitate  assaultvest [discharge, dragontail, gigadrain, uturn] ttype=steel
INFO     	      spectrier    grimneigh      lifeorb [darkpulse, drainingkiss, nastyplot, shadowball] ttype=fairy
INFO     	       ribombee   shielddust heavydutyboots [bugbuzz, moonblast, stickyweb, uturn] ttype=ghost
INFO     Sampling 3 unrevealed pokemon
INFO     	       virizion    justified      lifeorb [closecombat, leafblade, stoneedge, swordsdance] ttype=rock
INFO     	      dragonite   multiscale heavydutyboots [dragondance, earthquake, outrage, roost] ttype=steel
INFO     	      terapagos    terashift  chestoberry [calmmind, darkpulse, rest, terastarstorm] ttype=stellar
INFO     Sampling battle 1
INFO     	     eelektross     levitate  assaultvest [discharge, gigadrain, knockoff, uturn] ttype=poison
INFO     	      spectrier    grimneigh    leftovers [darkpulse, nastyplot, shadowball, substitute] ttype=dark
INFO     	       ribombee   shielddust heavydutyboots [bugbuzz, moonblast, stickyweb, uturn] ttype=ghost
INFO     Sampling 3 unrevealed pokemon
INFO     	        carbink    clearbody    leftovers [bodypress, irondefense, moonblast, rockpolish] ttype=fighting
INFO     	   moltresgalar      berserk weaknesspolicy [agility, fierywrath, hurricane, nastyplot] ttype=dark
INFO     	  arcaninehisui     rockhead heavydutyboots [extremespeed, flareblitz, headsmash, morningsun] ttype=rock
INFO     Searching for a move using MCTS...
INFO     Sampling 2 battles at 500ms each
INFO     Policy 0: icebeam visited 35.66% avg_score=0.333 sample_chance_multiplier=0.5
INFO     Policy 1: switch clodsire visited 34.63% avg_score=0.41 sample_chance_multiplier=0.5
INFO     Considered Choices:
INFO     	30.395%: icebeam
INFO     Choice: icebeam
INFO     Updated eelektross's max speed to 147
INFO     swampert already has the move icebeam. Decrementing the PP by 1
INFO     swampert used a ice move, removing icegem from possible items
INFO     Setting swampert's last used move: icebeam
INFO     swampert used a damaging move - not guessing lifeorb anymore
INFO     swampert did 14.000000000000002% damage to eelektross with icebeam
INFO     eelektross used two different moves - it cannot have a choice item
INFO     eelektross used a bug move, removing buggem from possible items
INFO     Setting eelektross's last used move: uturn
INFO     eelektross used a damaging move - not guessing lifeorb anymore
INFO     eelektross did 18.54% damage to swampert with uturn
INFO     Opponent has switched - clearing the last used move
INFO     magnezone switched in, adding intimidate to impossible abilities
INFO     magnezone switched in, adding pressure to impossible abilities
INFO     magnezone switched in, adding neutralizinggas to impossible abilities
INFO     magnezone switched in, adding sandstream to impossible abilities
INFO     magnezone switched in, adding drought to impossible abilities
INFO     magnezone switched in, adding drizzle to impossible abilities
INFO     magnezone switched in, adding snowwarning to impossible abilities
INFO     magnezone switched in, adding boosterenergy to impossible items
INFO     magnezone switched in, adding airballoon to impossible items
INFO     Sampling battle 0
INFO     	      magnezone   magnetpull  choicescarf [bodypress, flashcannon, thunderbolt, voltswitch] ttype=water
INFO     	      spectrier    grimneigh      lifeorb [drainingkiss, nastyplot, shadowball, willowisp] ttype=fairy
INFO     	       ribombee   shielddust heavydutyboots [moonblast, stickyweb, stunspore, uturn] ttype=ghost
INFO     	     eelektross     levitate  assaultvest [closecombat, discharge, gigadrain, uturn] ttype=steel
INFO     Sampling 2 unrevealed pokemon
INFO     	      exeggutor      harvest  sitrusberry [leechseed, protect, psychicnoise, substitute] ttype=steel
INFO     	        diancie    clearbody    leftovers [calmmind, diamondstorm, drainingkiss, earthpower] ttype=water
INFO     Sampling battle 1
INFO     	      magnezone     analytic    leftovers [bodypress, flashcannon, irondefense, thunderbolt] ttype=fighting
INFO     	      spectrier    grimneigh      lifeorb [nastyplot, shadowball, terablast, willowisp] ttype=fighting
INFO     	       ribombee   shielddust heavydutyboots [moonblast, stickyweb, stunspore, uturn] ttype=ghost
INFO     	     eelektross     levitate  assaultvest [discharge, flamethrower, gigadrain, uturn] ttype=poison
INFO     Sampling 2 unrevealed pokemon
INFO     	        bisharp      defiant     eviolite [ironhead, stealthrock, suckerpunch, throatchop] ttype=ghost
INFO     	     screamtail protosynthesis    leftovers [dazzlinggleam, encore, protect, wish] ttype=steel
INFO     Searching for a move using MCTS...
INFO     Sampling 2 battles at 500ms each
INFO     Policy 0: switch grumpig visited 53.85% avg_score=0.557 sample_chance_multiplier=0.5
INFO     Policy 1: switch clodsire visited 97.65% avg_score=0.567 sample_chance_multiplier=0.5
INFO     Considered Choices:
INFO     	70.879%: switch clodsire
INFO     Choice: switch clodsire
INFO     clodsire switched in, adding intimidate to impossible abilities
INFO     clodsire switched in, adding pressure to impossible abilities
INFO     clodsire switched in, adding neutralizinggas to impossible abilities
INFO     clodsire switched in, adding sandstream to impossible abilities
INFO     clodsire switched in, adding drought to impossible abilities
INFO     clodsire switched in, adding drizzle to impossible abilities
INFO     clodsire switched in, adding snowwarning to impossible abilities
INFO     clodsire switched in, adding boosterenergy to impossible items
INFO     clodsire switched in, adding airballoon to impossible items
INFO     clodsire's speed was unboosted by 1 to -1
INFO     
INFO     Turn: 7
INFO     Sampling battle 0
INFO     	      magnezone   magnetpull  assaultvest [bodypress, flashcannon, thunderbolt, voltswitch] ttype=flying
INFO     	      spectrier    grimneigh    leftovers [darkpulse, nastyplot, shadowball, substitute] ttype=dark
INFO     	       ribombee   shielddust heavydutyboots [bugbuzz, moonblast, stickyweb, uturn] ttype=ghost
INFO     	     eelektross     levitate  assaultvest [discharge, flamethrower, gigadrain, uturn] ttype=poison
INFO     Sampling 2 unrevealed pokemon
INFO     	        chansey  naturalcure     eviolite [seismictoss, softboiled, stealthrock, thunderwave] ttype=fairy
INFO     	    polteageist   cursedbody    whiteherb [gigadrain, shadowball, shellsmash, storedpower] ttype=psychic
INFO     Sampling battle 1
INFO     	      magnezone   magnetpull  choicescarf [bodypress, flashcannon, thunderbolt, voltswitch] ttype=water
INFO     	      spectrier    grimneigh    leftovers [nastyplot, shadowball, substitute, terablast] ttype=fighting
INFO     	       ribombee   shielddust heavydutyboots [bugbuzz, moonblast, stickyweb, uturn] ttype=ghost
INFO     	     eelektross     levitate  assaultvest [discharge, dragontail, gigadrain, uturn] ttype=poison
INFO     Sampling 2 unrevealed pokemon
INFO     	      mandibuzz     overcoat heavydutyboots [defog, foulplay, roost, toxic] ttype=steel
INFO     	       espathra   speedboost    leftovers [calmmind, dazzlinggleam, protect, storedpower] ttype=fairy
INFO     Searching for a move using MCTS...
INFO     Sampling 2 battles at 500ms each
INFO     Policy 0: earthquake visited 67.9% avg_score=0.642 sample_chance_multiplier=0.5
INFO     Policy 1: earthquake visited 57.81% avg_score=0.585 sample_chance_multiplier=0.5
INFO     Considered Choices:
INFO     	62.855%: earthquake
INFO     Choice: earthquake
INFO     Opponent has switched - clearing the last used move
INFO     gothitelle switched in, adding intimidate to impossible abilities
INFO     gothitelle switched in, adding pressure to impossible abilities
INFO     gothitelle switched in, adding neutralizinggas to impossible abilities
INFO     gothitelle switched in, adding sandstream to impossible abilities
INFO     gothitelle switched in, adding drought to impossible abilities
INFO     gothitelle switched in, adding drizzle to impossible abilities
INFO     gothitelle switched in, adding snowwarning to impossible abilities
INFO     gothitelle switched in, adding boosterenergy to impossible items
INFO     gothitelle switched in, adding airballoon to impossible items
INFO     clodsire already has the move earthquake. Decrementing the PP by 1
INFO     clodsire used a ground move, removing groundgem from possible items
INFO     Setting clodsire's last used move: earthquake
INFO     clodsire used a damaging move - not guessing lifeorb anymore
INFO     clodsire did 27.0% damage to gothitelle with earthquake
INFO     gothitelle has less than maxhp during upkeep, no longer guessing leftovers or blacksludge
INFO     
INFO     Turn: 8
INFO     Sampling battle 0
INFO     	     gothitelle    shadowtag  choicescarf [darkpulse, focusblast, psychic, trick] ttype=psychic
INFO     	      spectrier    grimneigh      lifeorb [darkpulse, drainingkiss, nastyplot, shadowball] ttype=dark
INFO     	       ribombee   shielddust heavydutyboots [moonblast, stickyweb, stunspore, uturn] ttype=ghost
INFO     	     eelektross     levitate  assaultvest [discharge, flamethrower, gigadrain, uturn] ttype=poison
INFO     	      magnezone   magnetpull  assaultvest [bodypress, flashcannon, thunderbolt, voltswitch] ttype=flying
INFO     Sampling 1 unrevealed pokemon
INFO     	       reshiram   turboblaze heavydutyboots [dragondance, flareblitz, outrage, stoneedge] ttype=fire
INFO     Sampling battle 1
INFO     	     gothitelle    shadowtag  choicescarf [darkpulse, focusblast, psychic, trick] ttype=ground
INFO     	      spectrier    grimneigh      lifeorb [darkpulse, drainingkiss, nastyplot, shadowball] ttype=dark
INFO     	       ribombee   shielddust heavydutyboots [bugbuzz, moonblast, stickyweb, uturn] ttype=ghost
INFO     	     eelektross     levitate  assaultvest [discharge, flamethrower, gigadrain, uturn] ttype=steel
INFO     	      magnezone     analytic  assaultvest [bodypress, flashcannon, thunderbolt, voltswitch] ttype=flying
INFO     Sampling 1 unrevealed pokemon
INFO     	      infernape        blaze  choicescarf [closecombat, flareblitz, gunkshot, uturn] ttype=fire
INFO     Searching for a move using MCTS...
INFO     Sampling 2 battles at 500ms each
INFO     Policy 0: stealthrock visited 45.24% avg_score=0.483 sample_chance_multiplier=0.5
INFO     Policy 1: stealthrock visited 71.82% avg_score=0.567 sample_chance_multiplier=0.5
INFO     Considered Choices:
INFO     	58.529%: stealthrock
INFO     Choice: stealthrock
INFO     Updated gothitelle's min speed to 52
INFO     gothitelle used a psychic move, removing psychicgem from possible items
INFO     Setting gothitelle's last used move: psychic
INFO     gothitelle used a damaging move - not guessing lifeorb anymore
INFO     gothitelle did 57.730000000000004% damage to clodsire with psychic
INFO     clodsire already has the move stealthrock. Decrementing the PP by 1
INFO     clodsire used a status-move. Adding `assaultvest` to impossible items
INFO     Setting clodsire's last used move: stealthrock
INFO     Incremented side condition stealthrock to 1 for gothitelle
INFO     Setting clodsire's item to: leftovers
INFO     gothitelle has less than maxhp during upkeep, no longer guessing leftovers or blacksludge
INFO     
INFO     Turn: 9
INFO     Sampling battle 0
INFO     	     gothitelle    shadowtag  choicescarf [darkpulse, focusblast, psychic, trick] ttype=fairy
INFO     	      spectrier    grimneigh      lifeorb [darkpulse, nastyplot, shadowball, willowisp] ttype=dark
INFO     	       ribombee   shielddust heavydutyboots [bugbuzz, moonblast, stickyweb, uturn] ttype=ghost
INFO     	     eelektross     levitate  assaultvest [discharge, dragontail, gigadrain, uturn] ttype=poison
INFO     	      magnezone     analytic  assaultvest [flashcannon, mirrorcoat, thunderbolt, voltswitch] ttype=flying
INFO     Sampling 1 unrevealed pokemon
INFO     	        carbink    clearbody  chestoberry [bodypress, irondefense, moonblast, rest] ttype=fighting
INFO     Sampling battle 1
INFO     	     gothitelle    shadowtag  choicescarf [darkpulse, focusblast, psychic, trick] ttype=dark
INFO     	      spectrier    grimneigh    leftovers [nastyplot, shadowball, substitute, terablast] ttype=fighting
INFO     	       ribombee   shielddust heavydutyboots [bugbuzz, moonblast, stickyweb, uturn] ttype=ghost
INFO     	     eelektross     levitate  assaultvest [closecombat, discharge, gigadrain, uturn] ttype=steel
INFO     	      magnezone   magnetpull  choicescarf [bodypress, flashcannon, thunderbolt, voltswitch] ttype=electric
INFO     Sampling 1 unrevealed pokemon
INFO     	    kyuremwhite   turboblaze  choicescarf [dracometeor, freezedry, fusionflare, icebeam] ttype=fire
INFO     Searching for a move using MCTS...
INFO     Sampling 2 battles at 500ms each
INFO     Policy 0: earthquake visited 31.1% avg_score=0.56 sample_chance_multiplier=0.5
INFO     Policy 1: earthquake visited 69.19% avg_score=0.616 sample_chance_multiplier=0.5
INFO     Considered Choices:
INFO     	50.146%: earthquake
INFO     Choice: earthquake
INFO     Updated gothitelle's min speed to 52
INFO     gothitelle already has the move psychic. Decrementing the PP by 1
INFO     gothitelle used a psychic move, removing psychicgem from possible items
INFO     Setting gothitelle's last used move: psychic
INFO     gothitelle used a damaging move - not guessing lifeorb anymore
INFO     gothitelle did 48.4% damage to clodsire with psychic
INFO     gothitelle has less than maxhp during upkeep, no longer guessing leftovers or blacksludge
INFO     Sampling battle 0
INFO     	     gothitelle    shadowtag  choicescarf [darkpulse, focusblast, psychic, trick] ttype=ground
INFO     	      spectrier    grimneigh    leftovers [nastyplot, shadowball, substitute, terablast] ttype=fighting
INFO     	       ribombee   shielddust heavydutyboots [bugbuzz, moonblast, stickyweb, uturn] ttype=ghost
INFO     	     eelektross     levitate  assaultvest [discharge, dragontail, gigadrain, uturn] ttype=steel
INFO     	      magnezone     analytic  assaultvest [bodypress, discharge, flashcannon, voltswitch] ttype=water
INFO     Sampling 1 unrevealed pokemon
INFO     	        golduck    cloudnine      lifeorb [grassknot, hydropump, icebeam, nastyplot] ttype=water
INFO     Sampling battle 1
INFO     	     gothitelle    shadowtag  choicescarf [darkpulse, focusblast, psychic, trick] ttype=psychic
INFO     	      spectrier    grimneigh      lifeorb [drainingkiss, nastyplot, shadowball, willowisp] ttype=fairy
INFO     	       ribombee   shielddust heavydutyboots [moonblast, stickyweb, stunspore, uturn] ttype=ghost
INFO     	     eelektross     levitate  assaultvest [discharge, dragontail, gigadrain, uturn] ttype=poison
INFO     	      magnezone   magnetpull  assaultvest [flashcannon, mirrorcoat, thunderbolt, voltswitch] ttype=water
INFO     Sampling 1 unrevealed pokemon
INFO     	     typhlosion        blaze  choicespecs [eruption, fireblast, focusblast, scorchingsands] ttype=fire
INFO     Searching for a move using MCTS...
INFO     Sampling 2 battles at 500ms each
INFO     Policy 0: switch grumpig visited 99.36% avg_score=0.687 sample_chance_multiplier=0.5
INFO     Policy 1: switch grumpig visited 96.65% avg_score=0.613 sample_chance_multiplier=0.5
INFO     Considered Choices:
INFO     	98.005%: switch grumpig
INFO     Choice: switch grumpig
INFO     grumpig switched in, adding intimidate to impossible abilities
INFO     grumpig switched in, adding pressure to impossible abilities
INFO     grumpig switched in, adding neutralizinggas to impossible abilities
INFO     grumpig switched in, adding sandstream to impossible abilities
INFO     grumpig switched in, adding drought to impossible abilities
INFO     grumpig switched in, adding drizzle to impossible abilities
INFO     grumpig switched in, adding snowwarning to impossible abilities
INFO     grumpig switched in, adding boosterenergy to impossible items
INFO     grumpig switched in, adding airballoon to impossible items
INFO     grumpig's speed was unboosted by 1 to -1
INFO     
INFO     Turn: 10
INFO     Sampling battle 0
INFO     	     gothitelle    shadowtag  choicescarf [darkpulse, focusblast, psychic, trick] ttype=ghost
INFO     	      spectrier    grimneigh    leftovers [nastyplot, shadowball, substitute, terablast] ttype=fighting
INFO     	       ribombee   shielddust heavydutyboots [bugbuzz, moonblast, stickyweb, uturn] ttype=ghost
INFO     	     eelektross     levitate  assaultvest [discharge, flamethrower, gigadrain, uturn] ttype=steel
INFO     	      magnezone   magnetpull    leftovers [bodypress, discharge, flashcannon, irondefense] ttype=fighting
INFO     Sampling 1 unrevealed pokemon
INFO     	      palossand watercompaction    leftovers [earthpower, shadowball, shoreup, sludgebomb] ttype=poison
INFO     Sampling battle 1
INFO     	     gothitelle    shadowtag  choicescarf [darkpulse, focusblast, psychic, trick] ttype=ground
INFO     	      spectrier    grimneigh      lifeorb [darkpulse, drainingkiss, nastyplot, shadowball] ttype=dark
INFO     	       ribombee   shielddust    focussash [moonblast, stickyweb, stunspore, uturn] ttype=ghost
INFO     	     eelektross     levitate  assaultvest [discharge, gigadrain, knockoff, uturn] ttype=steel
INFO     	      magnezone   magnetpull  choicescarf [bodypress, flashcannon, thunderbolt, voltswitch] ttype=flying
INFO     Sampling 1 unrevealed pokemon
INFO     	      exeggutor      harvest  sitrusberry [leechseed, psychicnoise, sludgebomb, substitute] ttype=steel
INFO     Searching for a move using MCTS...
INFO     Sampling 2 battles at 500ms each
INFO     Policy 0: nastyplot visited 67.67% avg_score=0.758 sample_chance_multiplier=0.5
INFO     Policy 1: psyshock visited 53.23% avg_score=0.698 sample_chance_multiplier=0.5
INFO     Considered Choices:
INFO     	49.466%: nastyplot
INFO     	39.293%: psyshock
INFO     Choice: psyshock
INFO     Opponent has switched - clearing the last used move
INFO     wochien switched in, adding intimidate to impossible abilities
INFO     wochien switched in, adding pressure to impossible abilities
INFO     wochien switched in, adding neutralizinggas to impossible abilities
INFO     wochien switched in, adding sandstream to impossible abilities
INFO     wochien switched in, adding drought to impossible abilities
INFO     wochien switched in, adding drizzle to impossible abilities
INFO     wochien switched in, adding snowwarning to impossible abilities
INFO     wochien switched in, adding boosterenergy to impossible items
INFO     wochien switched in, adding airballoon to impossible items
INFO     wochien was affected by stealthrock, it cannot have heavydutyboots
INFO     Setting wochien's ability to tabletsofruin
INFO     grumpig already has the move psyshock. Decrementing the PP by 1
INFO     grumpig used a psychic move, removing psychicgem from possible items
INFO     Setting grumpig's last used move: psyshock
INFO     grumpig used a damaging move - not guessing lifeorb anymore
INFO     Setting wochien's item to: leftovers
INFO     wochien has less than maxhp during upkeep, no longer guessing leftovers or blacksludge
INFO     
INFO     Turn: 11
INFO     Sampling battle 0
INFO     	        wochien tabletsofruin    leftovers [gigadrain, knockoff, ruination, stunspore] ttype=poison
INFO     	      spectrier    grimneigh      lifeorb [drainingkiss, nastyplot, shadowball, willowisp] ttype=fairy
INFO     	       ribombee   shielddust heavydutyboots [bugbuzz, moonblast, stickyweb, uturn] ttype=ghost
INFO     	     eelektross     levitate  assaultvest [closecombat, discharge, gigadrain, uturn] ttype=poison
INFO     	      magnezone   magnetpull    leftovers [bodypress, discharge, flashcannon, irondefense] ttype=fighting
INFO     	     gothitelle    shadowtag  choicescarf [darkpulse, focusblast, psychic, trick] ttype=fairy
INFO     Sampling battle 1
INFO     	        wochien tabletsofruin    leftovers [knockoff, leechseed, protect, ruination] ttype=poison
INFO     	      spectrier    grimneigh      lifeorb [darkpulse, drainingkiss, nastyplot, shadowball] ttype=fairy
INFO     	       ribombee   shielddust heavydutyboots [bugbuzz, moonblast, stickyweb, uturn] ttype=ghost
INFO     	     eelektross     levitate  assaultvest [discharge, dragontail, gigadrain, uturn] ttype=poison
INFO     	      magnezone     analytic  assaultvest [discharge, flashcannon, mirrorcoat, voltswitch] ttype=water
INFO     	     gothitelle    shadowtag  choicescarf [darkpulse, focusblast, psychic, trick] ttype=ground
INFO     Searching for a move using MCTS...
INFO     Sampling 2 battles at 500ms each
INFO     Policy 0: nastyplot visited 94.79% avg_score=0.606 sample_chance_multiplier=0.5
INFO     Policy 1: nastyplot visited 88.46% avg_score=0.561 sample_chance_multiplier=0.5
INFO     Considered Choices:
INFO     	91.628%: nastyplot
INFO     Choice: nastyplot
INFO     Updated wochien's min speed to 133
INFO     wochien used a status-move. Adding `assaultvest` to impossible items
INFO     Setting wochien's last used move: leechseed
INFO     Starting the volatile status leechseed on grumpig
INFO     grumpig already has the move nastyplot. Decrementing the PP by 1
INFO     grumpig using nastyplot makes it unlikely to have a choice item. Setting can_have_choice_item to False
INFO     grumpig used a status-move. Adding `assaultvest` to impossible items
INFO     Setting grumpig's last used move: nastyplot
INFO     grumpig's special-attack was boosted by 2 to 2
INFO     Setting wochien's item to: leftovers
INFO     
INFO     Turn: 12
INFO     Sampling battle 0
INFO     	        wochien tabletsofruin    leftovers [knockoff, leechseed, protect, stunspore] ttype=poison
INFO     	      spectrier    grimneigh    leftovers [darkpulse, nastyplot, shadowball, substitute] ttype=dark
INFO     	       ribombee   shielddust heavydutyboots [moonblast, stickyweb, stunspore, uturn] ttype=ghost
INFO     	     eelektross     levitate  assaultvest [discharge, gigadrain, knockoff, uturn] ttype=steel
INFO     	      magnezone     analytic  assaultvest [bodypress, discharge, flashcannon, voltswitch] ttype=water
INFO     	     gothitelle    shadowtag  choicescarf [darkpulse, focusblast, psychic, trick] ttype=psychic
INFO     Sampling battle 1
INFO     	        wochien tabletsofruin    leftovers [knockoff, leechseed, protect, ruination] ttype=poison
INFO     	      spectrier    grimneigh      lifeorb [nastyplot, shadowball, terablast, willowisp] ttype=fighting
INFO     	       ribombee   shielddust heavydutyboots [moonblast, stickyweb, stunspore, uturn] ttype=ghost
INFO     	     eelektross     levitate  assaultvest [discharge, gigadrain, knockoff, uturn] ttype=steel
INFO     	      magnezone   magnetpull  assaultvest [bodypress, discharge, flashcannon, voltswitch] ttype=water
INFO     	     gothitelle    shadowtag  choicescarf [darkpulse, focusblast, psychic, trick] ttype=fighting
INFO     Searching for a move using MCTS...
INFO     Sampling 2 battles at 500ms each
INFO     Policy 0: focusblast visited 65.88% avg_score=0.563 sample_chance_multiplier=0.5
INFO     Policy 1: focusblast visited 77.45% avg_score=0.538 sample_chance_multiplier=0.5
INFO     Considered Choices:
INFO     	71.664%: focusblast
INFO     Choice: focusblast
INFO     Updated wochien's min speed to 133
INFO     wochien used two different moves - it cannot have a choice item
INFO     wochien used a dark move, removing darkgem from possible items
INFO     Setting wochien's last used move: ruination
INFO     wochien used a damaging move - not guessing lifeorb anymore
INFO     grumpig already has the move focusblast. Decrementing the PP by 1
INFO     grumpig used a fighting move, removing fightinggem from possible items
INFO     Setting grumpig's last used move: focusblast
INFO     grumpig used a damaging move - not guessing lifeorb anymore
INFO     grumpig did 100.0% damage to wochien with focusblast
INFO     Setting grumpig's item to: leftovers
INFO     wochien has less than maxhp during upkeep, no longer guessing leftovers or blacksludge
INFO     Opponent has switched - clearing the last used move
INFO     ribombee has heavydutyboots
INFO     
INFO     Turn: 13
INFO     Sampling battle 0
INFO     	       ribombee   shielddust heavydutyboots [moonblast, stickyweb, stunspore, uturn] ttype=ghost
INFO     	      spectrier    grimneigh    leftovers [darkpulse, nastyplot, shadowball, substitute] ttype=dark
INFO     	     eelektross     levitate  assaultvest [discharge, gigadrain, knockoff, uturn] ttype=steel
INFO     	      magnezone   magnetpull  choicescarf [bodypress, flashcannon, thunderbolt, voltswitch] ttype=electric
INFO     	     gothitelle    shadowtag  choicescarf [darkpulse, focusblast, psychic, trick] ttype=dark
INFO     Sampling battle 1
INFO     	       ribombee   shielddust heavydutyboots [moonblast, stickyweb, stunspore, uturn] ttype=ghost
INFO     	      spectrier    grimneigh      lifeorb [darkpulse, drainingkiss, nastyplot, shadowball] ttype=fairy
INFO     	     eelektross     levitate  assaultvest [closecombat, discharge, gigadrain, uturn] ttype=steel
INFO     	      magnezone   magnetpull  choicescarf [bodypress, flashcannon, thunderbolt, voltswitch] ttype=flying
INFO     	     gothitelle    shadowtag  choicescarf [darkpulse, focusblast, psychic, trick] ttype=fairy
INFO     Searching for a move using MCTS...
INFO     Sampling 2 battles at 500ms each
INFO     Policy 0: switch flamigo visited 41.25% avg_score=0.461 sample_chance_multiplier=0.5
INFO     Policy 1: switch flamigo visited 40.43% avg_score=0.471 sample_chance_multiplier=0.5
INFO     Considered Choices:
INFO     	40.838%: switch flamigo
INFO     Choice: switch flamigo
INFO     flamigo switched in, adding intimidate to impossible abilities
INFO     flamigo switched in, adding pressure to impossible abilities
INFO     flamigo switched in, adding neutralizinggas to impossible abilities
INFO     flamigo switched in, adding sandstream to impossible abilities
INFO     flamigo switched in, adding drought to impossible abilities
INFO     flamigo switched in, adding drizzle to impossible abilities
INFO     flamigo switched in, adding snowwarning to impossible abilities
INFO     flamigo switched in, adding boosterenergy to impossible items
INFO     flamigo switched in, adding airballoon to impossible items
INFO     ribombee already has the move uturn. Decrementing the PP by 1
INFO     ribombee used a bug move, removing buggem from possible items
INFO     Setting ribombee's last used move: uturn
INFO     ribombee used a damaging move - not guessing lifeorb anymore
INFO     ribombee did 4.83% damage to flamigo with uturn
INFO     Opponent has switched - clearing the last used move
INFO     gothitelle was affected by stealthrock, it cannot have heavydutyboots
INFO     gothitelle has less than maxhp during upkeep, no longer guessing leftovers or blacksludge
INFO     
INFO     Turn: 14
INFO     Sampling battle 0
INFO     	     gothitelle    shadowtag  choicescarf [darkpulse, focusblast, psychic, trick] ttype=psychic
INFO     	      spectrier    grimneigh      lifeorb [darkpulse, drainingkiss, nastyplot, shadowball] ttype=dark
INFO     	     eelektross     levitate  assaultvest [discharge, dragontail, gigadrain, uturn] ttype=steel
INFO     	      magnezone   magnetpull  choicescarf [bodypress, flashcannon, thunderbolt, voltswitch] ttype=electric
INFO     	       ribombee   shielddust heavydutyboots [bugbuzz, moonblast, stickyweb, uturn] ttype=ghost
INFO     Sampling battle 1
INFO     	     gothitelle    shadowtag  choicescarf [darkpulse, focusblast, psychic, trick] ttype=fighting
INFO     	      spectrier    grimneigh      lifeorb [darkpulse, drainingkiss, nastyplot, shadowball] ttype=fairy
INFO     	     eelektross     levitate  assaultvest [closecombat, discharge, gigadrain, uturn] ttype=steel
INFO     	      magnezone   magnetpull  assaultvest [flashcannon, mirrorcoat, thunderbolt, voltswitch] ttype=flying
INFO     	       ribombee   shielddust heavydutyboots [bugbuzz, moonblast, stickyweb, uturn] ttype=ghost
INFO     Searching for a move using MCTS...
INFO     Sampling 2 battles at 500ms each
INFO     Policy 0: uturn visited 83.01% avg_score=0.609 sample_chance_multiplier=0.5
INFO     Policy 1: uturn visited 72.7% avg_score=0.589 sample_chance_multiplier=0.5
INFO     Considered Choices:
INFO     	77.857%: uturn
INFO     Choice: uturn
INFO     flamigo already has the move uturn. Decrementing the PP by 1
INFO     flamigo used a bug move, removing buggem from possible items
INFO     Setting flamigo's last used move: uturn
INFO     flamigo used a damaging move - not guessing lifeorb anymore
INFO     flamigo did 33.0% damage to gothitelle with uturn
INFO     Sampling battle 0
INFO     	     gothitelle    shadowtag  choicescarf [darkpulse, focusblast, psychic, trick] ttype=fighting
INFO     	      spectrier    grimneigh    leftovers [nastyplot, shadowball, substitute, terablast] ttype=fighting
INFO     	     eelektross     levitate  assaultvest [discharge, flamethrower, gigadrain, uturn] ttype=poison
INFO     	      magnezone     analytic    leftovers [bodypress, discharge, flashcannon, irondefense] ttype=fighting
INFO     	       ribombee   shielddust heavydutyboots [moonblast, stickyweb, stunspore, uturn] ttype=ghost
INFO     Sampling battle 1
INFO     	     gothitelle    shadowtag  choicescarf [darkpulse, focusblast, psychic, trick] ttype=fairy
INFO     	      spectrier    grimneigh      lifeorb [darkpulse, drainingkiss, nastyplot, shadowball] ttype=fairy
INFO     	     eelektross     levitate  assaultvest [closecombat, discharge, gigadrain, uturn] ttype=steel
INFO     	      magnezone   magnetpull    leftovers [bodypress, flashcannon, irondefense, thunderbolt] ttype=fighting
INFO     	       ribombee   shielddust heavydutyboots [bugbuzz, moonblast, stickyweb, uturn] ttype=ghost
INFO     Searching for a move using MCTS...
INFO     Sampling 2 battles at 500ms each
INFO     Policy 0: switch koraidon visited 69.5% avg_score=0.5 sample_chance_multiplier=0.5
INFO     Policy 1: switch koraidon visited 55.75% avg_score=0.465 sample_chance_multiplier=0.5
INFO     Considered Choices:
INFO     	62.621%: switch koraidon
INFO     Choice: switch koraidon
INFO     koraidon switched in, adding intimidate to impossible abilities
INFO     koraidon switched in, adding pressure to impossible abilities
INFO     koraidon switched in, adding neutralizinggas to impossible abilities
INFO     koraidon switched in, adding sandstream to impossible abilities
INFO     koraidon switched in, adding drought to impossible abilities
INFO     koraidon switched in, adding drizzle to impossible abilities
INFO     koraidon switched in, adding snowwarning to impossible abilities
INFO     koraidon switched in, adding boosterenergy to impossible items
INFO     koraidon switched in, adding airballoon to impossible items
INFO     koraidon's speed was unboosted by 1 to -1
INFO     Weather sunnyday is active
INFO     Weather turns remaining: 5
INFO     Setting koraidon ability to orichalcumpulse
INFO     gothitelle already has the move psychic. Decrementing the PP by 1
INFO     gothitelle used a psychic move, removing psychicgem from possible items
INFO     Setting gothitelle's last used move: psychic
INFO     gothitelle used a damaging move - not guessing lifeorb anymore
INFO     gothitelle did 100.0% damage to koraidon with psychic
INFO     Weather sunnyday is active
INFO     Weather turns remaining: 4
INFO     gothitelle has less than maxhp during upkeep, no longer guessing leftovers or blacksludge
INFO     Sampling battle 0
INFO     	     gothitelle    shadowtag  choicescarf [darkpulse, focusblast, psychic, trick] ttype=fairy
INFO     	      spectrier    grimneigh      lifeorb [darkpulse, drainingkiss, nastyplot, shadowball] ttype=fairy
INFO     	     eelektross     levitate  assaultvest [discharge, gigadrain, knockoff, uturn] ttype=poison
INFO     	      magnezone   magnetpull  assaultvest [flashcannon, mirrorcoat, thunderbolt, voltswitch] ttype=flying
INFO     	       ribombee   shielddust heavydutyboots [bugbuzz, moonblast, stickyweb, uturn] ttype=ghost
INFO     Sampling battle 1
INFO     	     gothitelle    shadowtag  choicescarf [darkpulse, focusblast, psychic, trick] ttype=flying
INFO     	      spectrier    grimneigh    leftovers [drainingkiss, nastyplot, shadowball, substitute] ttype=fairy
INFO     	     eelektross     levitate  assaultvest [discharge, dragontail, gigadrain, uturn] ttype=steel
INFO     	      magnezone     analytic    leftovers [bodypress, discharge, flashcannon, irondefense] ttype=fighting
INFO     	       ribombee   shielddust heavydutyboots [bugbuzz, moonblast, stickyweb, uturn] ttype=ghost
INFO     Searching for a move using MCTS...
INFO     Sampling 2 battles at 500ms each
INFO     Policy 0: switch grumpig visited 97.39% avg_score=0.626 sample_chance_multiplier=0.5
INFO     Policy 1: switch grumpig visited 99.07% avg_score=0.665 sample_chance_multiplier=0.5
INFO     Considered Choices:
INFO     	98.23%: switch grumpig
INFO     Choice: switch grumpig
INFO     Not adding drought to grumpig's impossible abilities because the weather would not have triggered
INFO     grumpig's speed was unboosted by 1 to -1
INFO     
INFO     Turn: 15
INFO     Sampling battle 0
INFO     	     gothitelle    shadowtag  choicescarf [darkpulse, focusblast, psychic, trick] ttype=flying
INFO     	      spectrier    grimneigh      lifeorb [darkpulse, drainingkiss, nastyplot, shadowball] ttype=fairy
INFO     	     eelektross     levitate  assaultvest [discharge, gigadrain, knockoff, uturn] ttype=poison
INFO     	      magnezone     analytic  assaultvest [discharge, flashcannon, mirrorcoat, voltswitch] ttype=flying
INFO     	       ribombee   shielddust heavydutyboots [bugbuzz, moonblast, stickyweb, uturn] ttype=ghost
INFO     Sampling battle 1
INFO     	     gothitelle    shadowtag  choicescarf [darkpulse, focusblast, psychic, trick] ttype=steel
INFO     	      spectrier    grimneigh    leftovers [nastyplot, shadowball, substitute, terablast] ttype=fighting
INFO     	     eelektross     levitate  assaultvest [discharge, flamethrower, gigadrain, uturn] ttype=steel
INFO     	      magnezone     analytic    leftovers [bodypress, discharge, flashcannon, irondefense] ttype=fighting
INFO     	       ribombee   shielddust heavydutyboots [bugbuzz, moonblast, stickyweb, uturn] ttype=ghost
INFO     Searching for a move using MCTS...
INFO     Sampling 2 battles at 500ms each
INFO     Policy 0: psyshock visited 57.78% avg_score=0.718 sample_chance_multiplier=0.5
INFO     Policy 1: nastyplot visited 63.06% avg_score=0.738 sample_chance_multiplier=0.5
INFO     Considered Choices:
INFO     	45.329%: nastyplot
INFO     	37.957%: psyshock
INFO     Choice: psyshock
INFO     Opponent has switched - clearing the last used move
INFO     Not adding drought to eelektross's impossible abilities because the weather would not have triggered
INFO     eelektross was affected by stealthrock, it cannot have heavydutyboots
INFO     grumpig already has the move psyshock. Decrementing the PP by 1
INFO     grumpig used a psychic move, removing psychicgem from possible items
INFO     Setting grumpig's last used move: psyshock
INFO     grumpig used a damaging move - not guessing lifeorb anymore
INFO     grumpig did 33.0% damage to eelektross with psyshock
INFO     Weather sunnyday is active
INFO     Weather turns remaining: 3
INFO     Setting grumpig's item to: leftovers
INFO     eelektross has less than maxhp during upkeep, no longer guessing leftovers or blacksludge
INFO     
INFO     Turn: 16
INFO     Sampling battle 0
INFO     	     eelektross     levitate  assaultvest [discharge, dragontail, gigadrain, uturn] ttype=poison
INFO     	      spectrier    grimneigh    leftovers [nastyplot, shadowball, substitute, terablast] ttype=fighting
INFO     	      magnezone     analytic  assaultvest [discharge, flashcannon, mirrorcoat, voltswitch] ttype=water
INFO     	       ribombee   shielddust heavydutyboots [bugbuzz, moonblast, stickyweb, uturn] ttype=ghost
INFO     	     gothitelle    shadowtag  choicescarf [darkpulse, focusblast, psychic, trick] ttype=dark
INFO     Sampling battle 1
INFO     	     eelektross     levitate  assaultvest [closecombat, discharge, gigadrain, uturn] ttype=poison
INFO     	      spectrier    grimneigh      lifeorb [nastyplot, shadowball, terablast, willowisp] ttype=fighting
INFO     	      magnezone   magnetpull  assaultvest [flashcannon, mirrorcoat, thunderbolt, voltswitch] ttype=water
INFO     	       ribombee   shielddust heavydutyboots [bugbuzz, moonblast, stickyweb, uturn] ttype=ghost
INFO     	     gothitelle    shadowtag  choicescarf [darkpulse, focusblast, psychic, trick] ttype=fairy
INFO     Searching for a move using MCTS...
INFO     Sampling 2 battles at 500ms each
INFO     Policy 0: switch flamigo visited 42.23% avg_score=0.582 sample_chance_multiplier=0.5
INFO     Policy 1: switch flamigo visited 33.03% avg_score=0.536 sample_chance_multiplier=0.5
INFO     Considered Choices:
INFO     	37.627%: switch flamigo
INFO     Choice: switch flamigo
INFO     Not adding drought to flamigo's impossible abilities because the weather would not have triggered
INFO     eelektross already has the move uturn. Decrementing the PP by 1
INFO     eelektross used a bug move, removing buggem from possible items
INFO     Setting eelektross's last used move: uturn
INFO     eelektross used a damaging move - not guessing lifeorb anymore
INFO     eelektross did 6.32% damage to flamigo with uturn
INFO     Opponent has switched - clearing the last used move
INFO     Not adding drought to magnezone's impossible abilities because the weather would not have triggered
INFO     magnezone was affected by stealthrock, it cannot have heavydutyboots
INFO     Weather sunnyday is active
INFO     Weather turns remaining: 2
INFO     magnezone has less than maxhp during upkeep, no longer guessing leftovers or blacksludge
INFO     
INFO     Turn: 17
INFO     Sampling battle 0
INFO     	      magnezone   magnetpull  choicescarf [bodypress, flashcannon, thunderbolt, voltswitch] ttype=water
INFO     	      spectrier    grimneigh    leftovers [nastyplot, shadowball, substitute, terablast] ttype=fighting
INFO     	       ribombee   shielddust heavydutyboots [moonblast, stickyweb, stunspore, uturn] ttype=ghost
INFO     	     gothitelle    shadowtag  choicescarf [darkpulse, focusblast, psychic, trick] ttype=psychic
INFO     	     eelektross     levitate  assaultvest [discharge, gigadrain, knockoff, uturn] ttype=poison
INFO     Sampling battle 1
INFO     	      magnezone   magnetpull  choicescarf [bodypress, flashcannon, thunderbolt, voltswitch] ttype=flying
INFO     	      spectrier    grimneigh      lifeorb [drainingkiss, nastyplot, shadowball, willowisp] ttype=fairy
INFO     	       ribombee   shielddust heavydutyboots [moonblast, stickyweb, stunspore, uturn] ttype=ghost
INFO     	     gothitelle    shadowtag  choicescarf [darkpulse, focusblast, psychic, trick] ttype=flying
INFO     	     eelektross     levitate  assaultvest [closecombat, discharge, gigadrain, uturn] ttype=steel
INFO     Searching for a move using MCTS...
INFO     Sampling 2 battles at 500ms each
INFO     Policy 0: uturn visited 52.19% avg_score=0.502 sample_chance_multiplier=0.5
INFO     Policy 1: uturn visited 69.79% avg_score=0.523 sample_chance_multiplier=0.5
INFO     Considered Choices:
INFO     	60.988%: uturn
INFO     Choice: uturn
INFO     flamigo already has the move uturn. Decrementing the PP by 1
INFO     flamigo used a bug move, removing buggem from possible items
INFO     Setting flamigo's last used move: uturn
INFO     flamigo used a damaging move - not guessing lifeorb anymore
INFO     flamigo did 8.0% damage to magnezone with uturn
INFO     Sampling battle 0
INFO     	      magnezone   magnetpull  assaultvest [discharge, flashcannon, mirrorcoat, voltswitch] ttype=flying
INFO     	      spectrier    grimneigh      lifeorb [nastyplot, shadowball, terablast, willowisp] ttype=fighting
INFO     	       ribombee   shielddust heavydutyboots [bugbuzz, moonblast, stickyweb, uturn] ttype=ghost
INFO     	     gothitelle    shadowtag  choicescarf [darkpulse, focusblast, psychic, trick] ttype=ghost
INFO     	     eelektross     levitate  assaultvest [discharge, dragontail, gigadrain, uturn] ttype=steel
INFO     Sampling battle 1
INFO     	      magnezone     analytic  assaultvest [discharge, flashcannon, mirrorcoat, voltswitch] ttype=water
INFO     	      spectrier    grimneigh    leftovers [nastyplot, shadowball, substitute, terablast] ttype=fighting
INFO     	       ribombee   shielddust heavydutyboots [moonblast, stickyweb, stunspore, uturn] ttype=ghost
INFO     	     gothitelle    shadowtag  choicescarf [darkpulse, focusblast, psychic, trick] ttype=ghost
INFO     	     eelektross     levitate  assaultvest [discharge, gigadrain, knockoff, uturn] ttype=poison
INFO     Searching for a move using MCTS...
INFO     Sampling 2 battles at 500ms each
INFO     Policy 0: switch grumpig visited 94.74% avg_score=0.421 sample_chance_multiplier=0.5
INFO     Policy 1: switch grumpig visited 54.67% avg_score=0.388 sample_chance_multiplier=0.5
INFO     Considered Choices:
INFO     	74.705%: switch grumpig
INFO     Choice: switch grumpig
INFO     Not adding drought to grumpig's impossible abilities because the weather would not have triggered
INFO     grumpig's speed was unboosted by 1 to -1
INFO     magnezone used a electric move, removing electricgem from possible items
INFO     Setting magnezone's last used move: voltswitch
INFO     magnezone used a damaging move - not guessing lifeorb anymore
INFO     magnezone did 25.25% damage to grumpig with voltswitch
INFO     Opponent has switched - clearing the last used move
INFO     Not adding drought to eelektross's impossible abilities because the weather would not have triggered
INFO     eelektross was affected by stealthrock, it cannot have heavydutyboots
INFO     Weather sunnyday is active
INFO     Weather turns remaining: 1
INFO     Setting grumpig's item to: leftovers
INFO     eelektross has less than maxhp during upkeep, no longer guessing leftovers or blacksludge
INFO     
INFO     Turn: 18
INFO     Sampling battle 0
INFO     	     eelektross     levitate  assaultvest [discharge, dragontail, gigadrain, uturn] ttype=poison
INFO     	      spectrier    grimneigh    leftovers [nastyplot, shadowball, substitute, terablast] ttype=fighting
INFO     	       ribombee   shielddust heavydutyboots [bugbuzz, moonblast, stickyweb, uturn] ttype=ghost
INFO     	     gothitelle    shadowtag  choicescarf [darkpulse, focusblast, psychic, trick] ttype=psychic
INFO     	      magnezone   magnetpull  choicescarf [bodypress, flashcannon, thunderbolt, voltswitch] ttype=water
INFO     Sampling battle 1
INFO     	     eelektross     levitate  assaultvest [discharge, dragontail, gigadrain, uturn] ttype=poison
INFO     	      spectrier    grimneigh      lifeorb [nastyplot, shadowball, terablast, willowisp] ttype=fighting
INFO     	       ribombee   shielddust heavydutyboots [moonblast, stickyweb, stunspore, uturn] ttype=ghost
INFO     	     gothitelle    shadowtag  choicescarf [darkpulse, focusblast, psychic, trick] ttype=steel
INFO     	      magnezone     analytic  assaultvest [bodypress, flashcannon, thunderbolt, voltswitch] ttype=flying
INFO     Searching for a move using MCTS...
INFO     Sampling 2 battles at 500ms each
INFO     Policy 0: psyshock visited 35.16% avg_score=0.578 sample_chance_multiplier=0.5
INFO     Policy 1: switch slowkinggalar visited 22.1% avg_score=0.542 sample_chance_multiplier=0.5
INFO     Considered Choices:
INFO     	28.006%: psyshock
INFO     	23.807%: switch flamigo
INFO     	22.842%: shadowball
INFO     Choice: switch flamigo
INFO     Not adding drought to flamigo's impossible abilities because the weather would not have triggered
INFO     eelektross already has the move discharge. Decrementing the PP by 1
INFO     eelektross used a electric move, removing electricgem from possible items
INFO     Setting eelektross's last used move: discharge
INFO     eelektross used a damaging move - not guessing lifeorb anymore
INFO     eelektross did 88.85% damage to flamigo with discharge
INFO     Weather none is active
INFO     Resetting weather source to None
INFO     Weather turns remaining: 5
INFO     eelektross has less than maxhp during upkeep, no longer guessing leftovers or blacksludge
INFO     Sampling battle 0
INFO     	     eelektross     levitate  assaultvest [discharge, flamethrower, gigadrain, uturn] ttype=poison
INFO     	      spectrier    grimneigh    leftovers [darkpulse, nastyplot, shadowball, substitute] ttype=dark
INFO     	       ribombee   shielddust heavydutyboots [moonblast, stickyweb, stunspore, uturn] ttype=ghost
INFO     	     gothitelle    shadowtag  choicescarf [darkpulse, focusblast, psychic, trick] ttype=dark
INFO     	      magnezone   magnetpull  choicescarf [bodypress, flashcannon, thunderbolt, voltswitch] ttype=water
INFO     Sampling battle 1
INFO     	     eelektross     levitate  assaultvest [closecombat, discharge, gigadrain, uturn] ttype=steel
INFO     	      spectrier    grimneigh      lifeorb [darkpulse, drainingkiss, nastyplot, shadowball] ttype=dark
INFO     	       ribombee   shielddust heavydutyboots [bugbuzz, moonblast, stickyweb, uturn] ttype=ghost
INFO     	     gothitelle    shadowtag  choicescarf [darkpulse, focusblast, psychic, trick] ttype=steel
INFO     	      magnezone   magnetpull  choicescarf [bodypress, flashcannon, thunderbolt, voltswitch] ttype=fighting
INFO     Searching for a move using MCTS...
INFO     Sampling 2 battles at 500ms each
INFO     Policy 0: switch slowkinggalar visited 96.71% avg_score=0.535 sample_chance_multiplier=0.5
INFO     Policy 1: switch slowkinggalar visited 97.09% avg_score=0.567 sample_chance_multiplier=0.5
INFO     Considered Choices:
INFO     	96.903%: switch slowkinggalar
INFO     Choice: switch slowkinggalar
INFO     slowkinggalar switched in, adding intimidate to impossible abilities
INFO     slowkinggalar switched in, adding pressure to impossible abilities
INFO     slowkinggalar switched in, adding neutralizinggas to impossible abilities
INFO     slowkinggalar switched in, adding sandstream to impossible abilities
INFO     slowkinggalar switched in, adding drought to impossible abilities
INFO     slowkinggalar switched in, adding drizzle to impossible abilities
INFO     slowkinggalar switched in, adding snowwarning to impossible abilities
INFO     slowkinggalar switched in, adding boosterenergy to impossible items
INFO     slowkinggalar switched in, adding airballoon to impossible items
INFO     slowkinggalar's speed was unboosted by 1 to -1
INFO     
INFO     Turn: 19
INFO     Sampling battle 0
INFO     	     eelektross     levitate  assaultvest [discharge, flamethrower, gigadrain, uturn] ttype=steel
INFO     	      spectrier    grimneigh    leftovers [nastyplot, shadowball, substitute, terablast] ttype=fighting
INFO     	       ribombee   shielddust heavydutyboots [moonblast, stickyweb, stunspore, uturn] ttype=ghost
INFO     	     gothitelle    shadowtag  choicescarf [darkpulse, focusblast, psychic, trick] ttype=flying
INFO     	      magnezone   magnetpull  assaultvest [discharge, flashcannon, mirrorcoat, voltswitch] ttype=water
INFO     Sampling battle 1
INFO     	     eelektross     levitate  assaultvest [discharge, flamethrower, gigadrain, uturn] ttype=poison
INFO     	      spectrier    grimneigh      lifeorb [nastyplot, shadowball, terablast, willowisp] ttype=fighting
INFO     	       ribombee   shielddust heavydutyboots [bugbuzz, moonblast, stickyweb, uturn] ttype=ghost
INFO     	     gothitelle    shadowtag  choicescarf [darkpulse, focusblast, psychic, trick] ttype=steel
INFO     	      magnezone     analytic  assaultvest [bodypress, flashcannon, thunderbolt, voltswitch] ttype=water
INFO     Searching for a move using MCTS...
INFO     Sampling 2 battles at 500ms each
INFO     Policy 0: surf visited 51.5% avg_score=0.622 sample_chance_multiplier=0.5
INFO     Policy 1: surf visited 56.84% avg_score=0.603 sample_chance_multiplier=0.5
INFO     Considered Choices:
INFO     	54.168%: surf
INFO     Choice: surf
INFO     Updated eelektross's min speed to 66
INFO     eelektross already has the move discharge. Decrementing the PP by 1
INFO     eelektross used a electric move, removing electricgem from possible items
INFO     Setting eelektross's last used move: discharge
INFO     eelektross used a damaging move - not guessing lifeorb anymore
INFO     eelektross did 19.33% damage to slowkinggalar with discharge
INFO     slowkinggalar already has the move surf. Decrementing the PP by 1
INFO     slowkinggalar used a water move, removing watergem from possible items
INFO     Setting slowkinggalar's last used move: surf
INFO     slowkinggalar used a damaging move - not guessing lifeorb anymore
INFO     slowkinggalar did 14.000000000000002% damage to eelektross with surf
INFO     eelektross has less than maxhp during upkeep, no longer guessing leftovers or blacksludge
INFO     Opponent has switched - clearing the last used move
INFO     spectrier was affected by stealthrock, it cannot have heavydutyboots
INFO     
INFO     Turn: 20
INFO     Sampling battle 0
INFO     	      spectrier    grimneigh      lifeorb [darkpulse, drainingkiss, nastyplot, shadowball] ttype=fairy
INFO     	       ribombee   shielddust heavydutyboots [moonblast, stickyweb, stunspore, uturn] ttype=ghost
INFO     	     gothitelle    shadowtag  choicescarf [darkpulse, focusblast, psychic, trick] ttype=dark
INFO     	      magnezone   magnetpull  choicescarf [bodypress, flashcannon, thunderbolt, voltswitch] ttype=fighting
INFO     Sampling battle 1
INFO     	      spectrier    grimneigh      lifeorb [drainingkiss, nastyplot, shadowball, willowisp] ttype=fairy
INFO     	       ribombee   shielddust heavydutyboots [bugbuzz, moonblast, stickyweb, uturn] ttype=ghost
INFO     	     gothitelle    shadowtag  choicescarf [darkpulse, focusblast, psychic, trick] ttype=ground
INFO     	      magnezone   magnetpull  choicescarf [bodypress, flashcannon, thunderbolt, voltswitch] ttype=flying
INFO     Searching for a move using MCTS...
INFO     Sampling 2 battles at 500ms each
INFO     Policy 0: psychicnoise visited 57.03% avg_score=0.04 sample_chance_multiplier=0.5
INFO     Policy 1: psychicnoise visited 45.2% avg_score=0.034 sample_chance_multiplier=0.5
INFO     Considered Choices:
INFO     	51.112%: psychicnoise
INFO     Choice: psychicnoise
INFO     Updated spectrier's min speed to 66
INFO     spectrier using nastyplot makes it unlikely to have a choice item. Setting can_have_choice_item to False
INFO     spectrier used a status-move. Adding `assaultvest` to impossible items
INFO     Setting spectrier's last used move: nastyplot
INFO     spectrier's special-attack was boosted by 2 to 2
INFO     slowkinggalar already has the move psychicnoise. Decrementing the PP by 1
INFO     slowkinggalar used a psychic move, removing psychicgem from possible items
INFO     Setting slowkinggalar's last used move: psychicnoise
INFO     slowkinggalar used a damaging move - not guessing lifeorb anymore
INFO     slowkinggalar did 37.0% damage to spectrier with psychicnoise
INFO     Starting the volatile status healblock on spectrier
INFO     spectrier has less than maxhp during upkeep, no longer guessing leftovers or blacksludge
INFO     
INFO     Turn: 21
INFO     Sampling battle 0
INFO     	      spectrier    grimneigh      lifeorb [darkpulse, drainingkiss, nastyplot, shadowball] ttype=dark
INFO     	       ribombee   shielddust heavydutyboots [moonblast, stickyweb, stunspore, uturn] ttype=ghost
INFO     	     gothitelle    shadowtag  choicescarf [darkpulse, focusblast, psychic, trick] ttype=ground
INFO     	      magnezone   magnetpull  choicescarf [bodypress, flashcannon, thunderbolt, voltswitch] ttype=water
INFO     Sampling battle 1
INFO     	      spectrier    grimneigh      lifeorb [drainingkiss, nastyplot, shadowball, willowisp] ttype=fairy
INFO     	       ribombee   shielddust heavydutyboots [moonblast, stickyweb, stunspore, uturn] ttype=ghost
INFO     	     gothitelle    shadowtag  choicescarf [darkpulse, focusblast, psychic, trick] ttype=dark
INFO     	      magnezone     analytic  assaultvest [bodypress, discharge, flashcannon, voltswitch] ttype=water
INFO     Searching for a move using MCTS...
INFO     Sampling 2 battles at 500ms each
INFO     Policy 0: switch grumpig visited 21.36% avg_score=0.001 sample_chance_multiplier=0.5
INFO     Policy 1: switch grumpig visited 20.39% avg_score=0.001 sample_chance_multiplier=0.5
INFO     Considered Choices:
INFO     	20.876%: switch grumpig
INFO     	19.854%: psychicnoise
INFO     	19.834%: surf
INFO     	19.809%: sludgebomb
INFO     	19.626%: futuresight
INFO     Choice: surf
INFO     Updated spectrier's min speed to 66
INFO     spectrier used two different moves - it cannot have a choice item
INFO     spectrier used a ghost move, removing ghostgem from possible items
INFO     Setting spectrier's last used move: shadowball
INFO     spectrier used a damaging move - not guessing lifeorb anymore
INFO     spectrier did 70.0% damage to slowkinggalar with shadowball
INFO     slowkinggalar already has the move surf. Decrementing the PP by 1
INFO     slowkinggalar used a water move, removing watergem from possible items
INFO     Setting slowkinggalar's last used move: surf
INFO     slowkinggalar used a damaging move - not guessing lifeorb anymore
INFO     slowkinggalar did 32.0% damage to spectrier with surf
INFO     Removing the volatile status healblock from spectrier
INFO     spectrier has less than maxhp during upkeep, no longer guessing leftovers or blacksludge
INFO     
INFO     Turn: 22
INFO     Sampling battle 0
INFO     	      spectrier    grimneigh    leftovers [nastyplot, shadowball, substitute, terablast] ttype=fighting
INFO     	       ribombee   shielddust heavydutyboots [bugbuzz, moonblast, stickyweb, uturn] ttype=ghost
INFO     	     gothitelle    shadowtag  choicescarf [darkpulse, focusblast, psychic, trick] ttype=ghost
INFO     	      magnezone   magnetpull  choicescarf [bodypress, flashcannon, thunderbolt, voltswitch] ttype=water
INFO     Sampling battle 1
INFO     	      spectrier    grimneigh    leftovers [darkpulse, nastyplot, shadowball, substitute] ttype=dark
INFO     	       ribombee   shielddust heavydutyboots [moonblast, stickyweb, stunspore, uturn] ttype=ghost
INFO     	     gothitelle    shadowtag  choicescarf [darkpulse, focusblast, psychic, trick] ttype=fighting
INFO     	      magnezone   magnetpull  choicescarf [bodypress, flashcannon, thunderbolt, voltswitch] ttype=water
INFO     Searching for a move using MCTS...
INFO     Sampling 2 battles at 500ms each
INFO     Policy 0: switch grumpig visited 20.76% avg_score=0.001 sample_chance_multiplier=0.5
INFO     Policy 1: switch grumpig visited 20.17% avg_score=0.001 sample_chance_multiplier=0.5
INFO     Considered Choices:
INFO     	20.464%: switch grumpig
INFO     	19.984%: surf
INFO     	19.888%: sludgebomb
INFO     	19.876%: psychicnoise
INFO     	19.787%: futuresight
INFO     Choice: psychicnoise
INFO     Updated spectrier's min speed to 66
INFO     spectrier already has the move shadowball. Decrementing the PP by 1
INFO     spectrier used a ghost move, removing ghostgem from possible items
INFO     Setting spectrier's last used move: shadowball
INFO     spectrier used a damaging move - not guessing lifeorb anymore
INFO     spectrier did 10.67% damage to slowkinggalar with shadowball
INFO     Setting spectrier's ability to grimneigh
INFO     spectrier's special-attack was boosted by 1 to 3
INFO     Setting spectrier's item to: leftovers
INFO     spectrier has less than maxhp during upkeep, no longer guessing leftovers or blacksludge
INFO     Sampling battle 0
INFO     	      spectrier    grimneigh    leftovers [drainingkiss, nastyplot, shadowball, substitute] ttype=fairy
INFO     	       ribombee   shielddust heavydutyboots [bugbuzz, moonblast, stickyweb, uturn] ttype=ghost
INFO     	     gothitelle    shadowtag  choicescarf [darkpulse, focusblast, psychic, trick] ttype=fighting
INFO     	      magnezone   magnetpull  choicescarf [bodypress, flashcannon, thunderbolt, voltswitch] ttype=fighting
INFO     Sampling battle 1
INFO     	      spectrier    grimneigh    leftovers [nastyplot, shadowball, substitute, terablast] ttype=fighting
INFO     	       ribombee   shielddust heavydutyboots [bugbuzz, moonblast, stickyweb, uturn] ttype=ghost
INFO     	     gothitelle    shadowtag  choicescarf [darkpulse, focusblast, psychic, trick] ttype=psychic
INFO     	      magnezone   magnetpull  choicescarf [bodypress, flashcannon, thunderbolt, voltswitch] ttype=electric
INFO     Searching for a move using MCTS...
INFO     Sampling 2 battles at 500ms each
INFO     Policy 0: switch grumpig visited 100.0% avg_score=0.0 sample_chance_multiplier=0.5
INFO     Policy 1: switch grumpig visited 100.0% avg_score=0.0 sample_chance_multiplier=0.5
INFO     Considered Choices:
INFO     	100.0%: switch grumpig
INFO     Choice: switch grumpig
INFO     grumpig's speed was unboosted by 1 to -1
INFO     
INFO     Turn: 23
INFO     Sampling battle 0
INFO     	      spectrier    grimneigh    leftovers [nastyplot, shadowball, substitute, terablast] ttype=fighting
INFO     	       ribombee   shielddust heavydutyboots [bugbuzz, moonblast, stickyweb, uturn] ttype=ghost
INFO     	     gothitelle    shadowtag  choicescarf [darkpulse, focusblast, psychic, trick] ttype=ground
INFO     	      magnezone   magnetpull  choicescarf [bodypress, flashcannon, thunderbolt, voltswitch] ttype=fighting
INFO     Sampling battle 1
INFO     	      spectrier    grimneigh    leftovers [nastyplot, shadowball, substitute, terablast] ttype=fighting
INFO     	       ribombee   shielddust heavydutyboots [bugbuzz, moonblast, stickyweb, uturn] ttype=ghost
INFO     	     gothitelle    shadowtag  choicescarf [darkpulse, focusblast, psychic, trick] ttype=steel
INFO     	      magnezone     analytic  assaultvest [discharge, flashcannon, mirrorcoat, voltswitch] ttype=water
INFO     Searching for a move using MCTS...
INFO     Sampling 2 battles at 500ms each
INFO     Policy 0: shadowball visited 25.21% avg_score=0.0 sample_chance_multiplier=0.5
INFO     Policy 1: nastyplot visited 25.12% avg_score=0.0 sample_chance_multiplier=0.5
INFO     Considered Choices:
INFO     	25.099%: shadowball
INFO     	25.043%: nastyplot
INFO     	24.945%: focusblast
INFO     	24.913%: psyshock
INFO     Choice: focusblast
INFO     Winner: AbraMCTS
INFO     Lost with team: None
INFO     W: 1	L: 3
INFO     Searching for ranked gen9randombattle match
INFO     Initialized battle-gen9randombattle-80 against: AbraMCTS
INFO     Opponent has switched - clearing the last used move
INFO     gallade switched in, adding intimidate to impossible abilities
INFO     gallade switched in, adding pressure to impossible abilities
INFO     gallade switched in, adding neutralizinggas to impossible abilities
INFO     gallade switched in, adding sandstream to impossible abilities
INFO     gallade switched in, adding drought to impossible abilities
INFO     gallade switched in, adding drizzle to impossible abilities
INFO     gallade switched in, adding snowwarning to impossible abilities
INFO     gallade switched in, adding boosterenergy to impossible items
INFO     gallade switched in, adding airballoon to impossible items
INFO     
INFO     Turn: 1
INFO     Sampling battle 0
INFO     	        gallade    sharpness   choiceband [leafblade, nightslash, psychocut, sacredsword] ttype=dark
INFO     Sampling 5 unrevealed pokemon
INFO     	      hydreigon     levitate  choicespecs [darkpulse, dracometeor, fireblast, flashcannon] ttype=dragon
INFO     	       meganium     overgrow    leftovers [earthquake, knockoff, petalblizzard, swordsdance] ttype=steel
INFO     	     misdreavus     levitate     eviolite [calmmind, drainingkiss, shadowball, willowisp] ttype=fairy
INFO     	zamazentacrowned dauntlessshield rustedshield [bodypress, heavyslam, irondefense, stoneedge] ttype=ghost
INFO     	      sandslash     sandrush    leftovers [earthquake, knockoff, spikes, stoneedge] ttype=dragon
INFO     Sampling battle 1
INFO     	        gallade    sharpness      lifeorb [agility, nightslash, psychocut, sacredsword] ttype=fighting
INFO     Sampling 5 unrevealed pokemon
INFO     	       porygonz     download      lifeorb [icebeam, nastyplot, thunderbolt, triattack] ttype=electric
INFO     	        volbeat    prankster heavydutyboots [encore, roost, thunderwave, uturn] ttype=water
INFO     	      gastrodon   stormdrain    leftovers [clearsmog, earthquake, recover, surf] ttype=poison
INFO     	       tsareena queenlymajesty heavydutyboots [highjumpkick, powerwhip, synthesis, uturn] ttype=fighting
INFO     	         kyogre      drizzle    leftovers [calmmind, icebeam, originpulse, thunder] ttype=electric
INFO     Sampling battle 2
INFO     	        gallade    sharpness      lifeorb [agility, nightslash, psychocut, sacredsword] ttype=fighting
INFO     Sampling 5 unrevealed pokemon
INFO     	        toxapex  regenerator  rockyhelmet [haze, liquidation, recover, toxicspikes] ttype=grass
INFO     	       dusknoir        frisk    leftovers [earthquake, painsplit, poltergeist, shadowsneak] ttype=fairy
INFO     	  samurotthisui    sharpness   choiceband [ceaselessedge, razorshell, sacredsword, suckerpunch] ttype=poison
INFO     	       rayquaza      airlock   loadeddice [dragonascent, earthquake, scaleshot, swordsdance] ttype=steel
INFO     	       lycanroc     sandrush   choiceband [accelerock, closecombat, crunch, stoneedge] ttype=fighting
INFO     Sampling battle 3
INFO     	        gallade    sharpness   choiceband [leafblade, nightslash, psychocut, sacredsword] ttype=grass
INFO     Sampling 5 unrevealed pokemon
INFO     	   deoxysattack     pressure      lifeorb [icebeam, knockoff, psychoboost, superpower] ttype=fighting
INFO     	     toedscruel myceliummight    leftovers [earthpower, leafstorm, rapidspin, spore] ttype=water
INFO     	      poliwrath  waterabsorb    leftovers [bulkup, drainpunch, knockoff, liquidation] ttype=fighting
INFO     	     grimmsnarl    prankster    leftovers [partingshot, spiritbreak, suckerpunch, taunt] ttype=poison
INFO     	ursalunabloodmoon     mindseye    leftovers [bloodmoon, calmmind, moonlight, vacuumwave] ttype=fighting
INFO     Searching for a move using MCTS...
INFO     Sampling 4 battles at 250ms each
INFO     Policy 0: moongeistbeam visited 70.46% avg_score=0.47 sample_chance_multiplier=0.25
INFO     Policy 1: moongeistbeam visited 50.52% avg_score=0.538 sample_chance_multiplier=0.25
INFO     Policy 2: moongeistbeam visited 49.72% avg_score=0.558 sample_chance_multiplier=0.25
INFO     Policy 3: moongeistbeam visited 76.86% avg_score=0.52 sample_chance_multiplier=0.25
INFO     Considered Choices:
INFO     	61.889%: moongeistbeam
INFO     Choice: moongeistbeam
INFO     Opponent has switched - clearing the last used move
INFO     klefki switched in, adding intimidate to impossible abilities
INFO     klefki switched in, adding pressure to impossible abilities
INFO     klefki switched in, adding neutralizinggas to impossible abilities
INFO     klefki switched in, adding sandstream to impossible abilities
INFO     klefki switched in, adding drought to impossible abilities
INFO     klefki switched in, adding drizzle to impossible abilities
INFO     klefki switched in, adding snowwarning to impossible abilities
INFO     klefki switched in, adding boosterenergy to impossible items
INFO     klefki switched in, adding airballoon to impossible items
INFO     lunala already has the move moongeistbeam. Decrementing the PP by 1
INFO     lunala used a ghost move, removing ghostgem from possible items
INFO     Setting lunala's last used move: moongeistbeam
INFO     lunala used a damaging move - not guessing lifeorb anymore
INFO     lunala did 45.0% damage to klefki with moongeistbeam
WARNING  Would remove all possibilities, not removing any
WARNING  actual_damage_dealt=104.85000000000001
INFO     Setting klefki's item to: leftovers
INFO     klefki has less than maxhp during upkeep, no longer guessing leftovers or blacksludge
INFO     
INFO     Turn: 2
INFO     Sampling battle 0
INFO     	         klefki    prankster    leftovers [magnetrise, playrough, spikes, thunderwave] ttype=water
INFO     	        gallade    sharpness   choiceband [leafblade, nightslash, psychocut, sacredsword] ttype=grass
INFO     Sampling 4 unrevealed pokemon
INFO     	        suicune     pressure    leftovers [calmmind, icebeam, scald, substitute] ttype=dragon
INFO     	        bruxish    strongjaw   choiceband [flipturn, icefang, psychicfangs, wavecrash] ttype=psychic
INFO     	       appletun     thickfat    leftovers [appleacid, dracometeor, leechseed, recover] ttype=steel
INFO     	       venusaur  chlorophyll    leftovers [knockoff, sleeppowder, sludgebomb, synthesis] ttype=water
INFO     Sampling battle 1
INFO     	         klefki    prankster    leftovers [magnetrise, playrough, spikes, thunderwave] ttype=water
INFO     	        gallade    sharpness   choiceband [leafblade, nightslash, psychocut, sacredsword] ttype=grass
INFO     Sampling 4 unrevealed pokemon
INFO     	      hitmontop   intimidate  assaultvest [closecombat, rapidspin, stoneedge, suckerpunch] ttype=steel
INFO     	         pyroar      unnerve heavydutyboots [darkpulse, fireblast, hypervoice, workup] ttype=fire
INFO     	         deoxys     pressure      lifeorb [extremespeed, knockoff, psychoboost, superpower] ttype=normal
INFO     	        florges   flowerveil    leftovers [calmmind, moonblast, protect, wish] ttype=steel
INFO     Sampling battle 2
INFO     	         klefki    prankster    leftovers [magnetrise, playrough, spikes, thunderwave] ttype=water
INFO     	        gallade    sharpness  choicescarf [leafblade, nightslash, psychocut, sacredsword] ttype=fighting
INFO     Sampling 4 unrevealed pokemon
INFO     	       miraidon hadronengine    leftovers [calmmind, dracometeor, electrodrift, substitute] ttype=electric
INFO     	      crawdaunt adaptability      lifeorb [closecombat, crabhammer, dragondance, knockoff] ttype=fighting
INFO     	         rabsca  synchronize heavydutyboots [bugbuzz, psychic, recover, revivalblessing] ttype=steel
INFO     	      blastoise      torrent    whiteherb [earthquake, hydropump, icebeam, shellsmash] ttype=water
INFO     Sampling battle 3
INFO     	         klefki    prankster    leftovers [dazzlinggleam, foulplay, spikes, thunderwave] ttype=water
INFO     	        gallade    sharpness      lifeorb [agility, nightslash, psychocut, sacredsword] ttype=dark
INFO     Sampling 4 unrevealed pokemon
INFO     	      excadrill  moldbreaker    leftovers [earthquake, ironhead, rapidspin, swordsdance] ttype=grass
INFO     	        wochien tabletsofruin    leftovers [knockoff, leechseed, protect, stunspore] ttype=poison
INFO     	   moltresgalar      berserk  chestoberry [fierywrath, hurricane, nastyplot, rest] ttype=steel
INFO     	       braviary      defiant heavydutyboots [bravebird, bulkup, closecombat, roost] ttype=fighting
INFO     Searching for a move using MCTS...
INFO     Sampling 4 battles at 250ms each
INFO     Policy 0: calmmind visited 62.21% avg_score=0.474 sample_chance_multiplier=0.25
INFO     Policy 1: calmmind visited 41.59% avg_score=0.457 sample_chance_multiplier=0.25
INFO     Policy 2: calmmind visited 65.26% avg_score=0.486 sample_chance_multiplier=0.25
INFO     Policy 3: switch toxicroak visited 32.51% avg_score=0.437 sample_chance_multiplier=0.25
INFO     Considered Choices:
INFO     	45.378%: calmmind
INFO     Choice: calmmind
INFO     klefki used a status-move. Adding `assaultvest` to impossible items
INFO     Setting klefki's last used move: spikes
INFO     Incremented side condition spikes to 1 for lunala
INFO     lunala already has the move calmmind. Decrementing the PP by 1
INFO     lunala using calmmind makes it unlikely to have a choice item. Setting can_have_choice_item to False
INFO     lunala used a status-move. Adding `assaultvest` to impossible items
INFO     Setting lunala's last used move: calmmind
INFO     lunala's special-attack was boosted by 1 to 1
INFO     lunala's special-defense was boosted by 1 to 1
INFO     Setting klefki's item to: leftovers
INFO     klefki has less than maxhp during upkeep, no longer guessing leftovers or blacksludge
INFO     
INFO     Turn: 3
INFO     Sampling battle 0
INFO     	         klefki    prankster    leftovers [magnetrise, playrough, spikes, thunderwave] ttype=water
INFO     	        gallade    sharpness      lifeorb [agility, nightslash, psychocut, sacredsword] ttype=fighting
INFO     Sampling 4 unrevealed pokemon
INFO     	    brutebonnet protosynthesis    leftovers [closecombat, seedbomb, spore, suckerpunch] ttype=poison
INFO     	    arceuswater    multitype  splashplate [icebeam, judgment, recover, willowisp] ttype=steel
INFO     	         arceus    multitype    leftovers [extremespeed, recover, shadowclaw, swordsdance] ttype=ghost
INFO     	        urshifu   unseenfist  choicescarf [closecombat, poisonjab, uturn, wickedblow] ttype=poison
INFO     Sampling battle 1
INFO     	         klefki    prankster    leftovers [magnetrise, playrough, spikes, thunderwave] ttype=water
INFO     	        gallade    sharpness      lifeorb [agility, nightslash, psychocut, sacredsword] ttype=dark
INFO     Sampling 4 unrevealed pokemon
INFO     	          golem       sturdy weaknesspolicy [earthquake, explosion, rockpolish, stoneedge] ttype=grass
INFO     	          azelf     levitate      lifeorb [fireblast, nastyplot, psyshock, thunderbolt] ttype=fire
INFO     	       hawlucha     unburden    whiteherb [bravebird, closecombat, stoneedge, swordsdance] ttype=fighting
INFO     	   greninjabond   battlebond      lifeorb [darkpulse, gunkshot, hydropump, icebeam] ttype=poison
INFO     Searching for a move using MCTS...
INFO     Sampling 2 battles at 500ms each
INFO     Policy 0: moongeistbeam visited 29.17% avg_score=0.436 sample_chance_multiplier=0.5
INFO     Policy 1: calmmind visited 85.47% avg_score=0.512 sample_chance_multiplier=0.5
INFO     Considered Choices:
INFO     	52.724%: calmmind
INFO     Choice: calmmind
INFO     Updated klefki's max speed to 177
INFO     lunala already has the move calmmind. Decrementing the PP by 1
INFO     lunala using calmmind makes it unlikely to have a choice item. Setting can_have_choice_item to False
INFO     lunala used a status-move. Adding `assaultvest` to impossible items
INFO     Setting lunala's last used move: calmmind
INFO     lunala's special-attack was boosted by 1 to 2
INFO     lunala's special-defense was boosted by 1 to 2
INFO     klefki used two different moves - it cannot have a choice item
INFO     klefki used a dark move, removing darkgem from possible items
INFO     Setting klefki's last used move: foulplay
INFO     klefki used a damaging move - not guessing lifeorb anymore
INFO     klefki did 41.56% damage to lunala with foulplay
INFO     Setting lunala's item to: leftovers
INFO     Setting klefki's item to: leftovers
INFO     klefki has less than maxhp during upkeep, no longer guessing leftovers or blacksludge
INFO     
INFO     Turn: 4
INFO     Sampling battle 0
INFO     	         klefki    prankster    leftovers [dazzlinggleam, foulplay, spikes, thunderwave] ttype=water
INFO     	        gallade    sharpness      lifeorb [agility, nightslash, psychocut, sacredsword] ttype=dark
INFO     Sampling 4 unrevealed pokemon
INFO     	      cryogonal     levitate heavydutyboots [icebeam, rapidspin, recover, terablast] ttype=electric
INFO     	    dudunsparce      rattled    leftovers [boomburst, calmmind, earthpower, roost] ttype=ghost
INFO     	    raichualola  surgesurfer  choicespecs [focusblast, psyshock, surf, thunderbolt] ttype=fighting
INFO     	      regidrago   dragonsmaw      lifeorb [dragonclaw, dragondance, earthquake, terablast] ttype=steel
INFO     Sampling battle 1
INFO     	         klefki    prankster    leftovers [dazzlinggleam, foulplay, spikes, thunderwave] ttype=flying
INFO     	        gallade    sharpness      lifeorb [agility, nightslash, psychocut, sacredsword] ttype=dark
INFO     Sampling 4 unrevealed pokemon
INFO     	     ironbundle   quarkdrive heavydutyboots [encore, flipturn, freezedry, hydropump] ttype=ice
INFO     	 keldeoresolute    justified      lifeorb [calmmind, hydropump, secretsword, vacuumwave] ttype=fighting
INFO     	      bastiodon   soundproof  chestoberry [bodypress, foulplay, irondefense, rest] ttype=fighting
INFO     	        flapple       hustle     lumberry [dragondance, gravapple, outrage, terablast] ttype=fire
INFO     Searching for a move using MCTS...
INFO     Sampling 2 battles at 500ms each
INFO     Policy 0: switch gogoat visited 51.17% avg_score=0.242 sample_chance_multiplier=0.5
INFO     Policy 1: moonlight visited 38.69% avg_score=0.225 sample_chance_multiplier=0.5
INFO     Considered Choices:
INFO     	34.717%: moonlight
INFO     	34.405%: switch gogoat
INFO     Choice: moonlight
INFO     Updated klefki's max speed to 177
INFO     lunala already has the move moonlight. Decrementing the PP by 1
INFO     lunala used a status-move. Adding `assaultvest` to impossible items
INFO     Setting lunala's last used move: moonlight
INFO     klefki already has the move foulplay. Decrementing the PP by 1
INFO     klefki used a dark move, removing darkgem from possible items
INFO     Setting klefki's last used move: foulplay
INFO     klefki used a damaging move - not guessing lifeorb anymore
INFO     klefki did 43.51% damage to lunala with foulplay
INFO     Setting lunala's item to: leftovers
INFO     Setting klefki's item to: leftovers
INFO     klefki has less than maxhp during upkeep, no longer guessing leftovers or blacksludge
INFO     
INFO     Turn: 5
INFO     Sampling battle 0
INFO     	         klefki    prankster    leftovers [dazzlinggleam, foulplay, spikes, thunderwave] ttype=water
INFO     	        gallade    sharpness   choiceband [leafblade, nightslash, psychocut, sacredsword] ttype=fighting
INFO     Sampling 4 unrevealed pokemon
INFO     	ogerponhearthflame  moldbreaker hearthflamemask [ivycudgel, powerwhip, stompingtantrum, swordsdance] ttype=fire
INFO     	taurospaldeaaqua      cudchew  sitrusberry [bulkup, closecombat, liquidation, substitute] ttype=steel
INFO     	        glaceon      icebody heavydutyboots [freezedry, mudshot, protect, wish] ttype=ground
INFO     	        altaria  naturalcure heavydutyboots [bravebird, defog, roost, willowisp] ttype=steel
INFO     Sampling battle 1
INFO     	         klefki    prankster    leftovers [dazzlinggleam, foulplay, spikes, thunderwave] ttype=water
INFO     	        gallade    sharpness   choiceband [leafblade, nightslash, psychocut, sacredsword] ttype=grass
INFO     Sampling 4 unrevealed pokemon
INFO     	      cresselia     levitate    leftovers [calmmind, moonlight, psyshock, thunderbolt] ttype=steel
INFO     	      infernape        blaze   choiceband [closecombat, flareblitz, gunkshot, uturn] ttype=fire
INFO     	       dachsbun wellbakedbody    leftovers [playrough, protect, stompingtantrum, wish] ttype=steel
INFO     	       tsareena queenlymajesty      lifeorb [highjumpkick, powerwhip, synthesis, tripleaxel] ttype=fighting
INFO     Searching for a move using MCTS...
INFO     Sampling 2 battles at 500ms each
INFO     Policy 0: switch gogoat visited 48.1% avg_score=0.223 sample_chance_multiplier=0.5
INFO     Policy 1: switch gogoat visited 50.06% avg_score=0.227 sample_chance_multiplier=0.5
INFO     Considered Choices:
INFO     	49.078%: switch gogoat
INFO     Choice: switch gogoat
INFO     gogoat switched in, adding intimidate to impossible abilities
INFO     gogoat switched in, adding pressure to impossible abilities
INFO     gogoat switched in, adding neutralizinggas to impossible abilities
INFO     gogoat switched in, adding sandstream to impossible abilities
INFO     gogoat switched in, adding drought to impossible abilities
INFO     gogoat switched in, adding drizzle to impossible abilities
INFO     gogoat switched in, adding snowwarning to impossible abilities
INFO     gogoat switched in, adding boosterenergy to impossible items
INFO     gogoat switched in, adding airballoon to impossible items
INFO     klefki already has the move foulplay. Decrementing the PP by 1
INFO     klefki used a dark move, removing darkgem from possible items
INFO     Setting klefki's last used move: foulplay
INFO     klefki used a damaging move - not guessing lifeorb anymore
INFO     klefki did 26.11% damage to gogoat with foulplay
INFO     Setting klefki's item to: leftovers
INFO     Setting gogoat's item to: leftovers
INFO     klefki has less than maxhp during upkeep, no longer guessing leftovers or blacksludge
INFO     
INFO     Turn: 6
INFO     Sampling battle 0
INFO     	         klefki    prankster    leftovers [dazzlinggleam, foulplay, spikes, thunderwave] ttype=flying
INFO     	        gallade    sharpness   choiceband [leafblade, nightslash, psychocut, sacredsword] ttype=dark
INFO     Sampling 4 unrevealed pokemon
INFO     	 giratinaorigin     levitate griseouscore [dracometeor, dragontail, poltergeist, willowisp] ttype=fairy
INFO     	 lilliganthisui       hustle      lifeorb [closecombat, leafblade, sleeppowder, victorydance] ttype=steel
INFO     	        torkoal      drought heavydutyboots [earthquake, lavaplume, rapidspin, solarbeam] ttype=grass
INFO     	    arceussteel    multitype    ironplate [calmmind, earthpower, judgment, recover] ttype=ghost
INFO     Sampling battle 1
INFO     	         klefki    prankster    leftovers [dazzlinggleam, foulplay, spikes, thunderwave] ttype=flying
INFO     	        gallade    sharpness      lifeorb [agility, nightslash, psychocut, sacredsword] ttype=dark
INFO     Sampling 4 unrevealed pokemon
INFO     	       greedent   cheekpouch  sitrusberry [bodyslam, earthquake, knockoff, swordsdance] ttype=ghost
INFO     	     misdreavus     levitate     eviolite [calmmind, drainingkiss, shadowball, willowisp] ttype=fairy
INFO     	 oricoriopompom       dancer heavydutyboots [hurricane, quiverdance, revelationdance, roost] ttype=ground
INFO     	         zarude    leafguard   choiceband [closecombat, knockoff, powerwhip, uturn] ttype=grass
INFO     Searching for a move using MCTS...
INFO     Sampling 2 battles at 500ms each
INFO     Policy 0: hornleech visited 23.54% avg_score=0.491 sample_chance_multiplier=0.5
INFO     Policy 1: hornleech visited 37.62% avg_score=0.484 sample_chance_multiplier=0.5
INFO     Considered Choices:
INFO     	30.577%: hornleech
INFO     Choice: hornleech
INFO     klefki used two different moves - it cannot have a choice item
INFO     klefki used a status-move. Adding `assaultvest` to impossible items
INFO     Setting klefki's last used move: thunderwave
INFO     gogoat got status: par
INFO     No longer guessing lumberry because gogoat got status par
INFO     gogoat already has the move hornleech. Decrementing the PP by 1
INFO     gogoat used a grass move, removing grassgem from possible items
INFO     Setting gogoat's last used move: hornleech
INFO     gogoat used a damaging move - not guessing lifeorb anymore
INFO     gogoat did 19.0% damage to klefki with hornleech
INFO     Setting klefki's item to: leftovers
INFO     Setting gogoat's item to: leftovers
INFO     klefki has less than maxhp during upkeep, no longer guessing leftovers or blacksludge
INFO     
INFO     Turn: 7
INFO     Sampling battle 0
INFO     	         klefki    prankster    leftovers [dazzlinggleam, foulplay, spikes, thunderwave] ttype=water
INFO     	        gallade    sharpness   choiceband [leafblade, nightslash, psychocut, sacredsword] ttype=dark
INFO     Sampling 4 unrevealed pokemon
INFO     	      regieleki   transistor       magnet [explosion, rapidspin, thunderbolt, voltswitch] ttype=electric
INFO     	        palafin   zerotohero    leftovers [bulkup, icepunch, jetpunch, wavecrash] ttype=steel
INFO     	    sandyshocks protosynthesis    leftovers [earthpower, stealthrock, thunderbolt, thunderwave] ttype=ground
INFO     	      blastoise      torrent    whiteherb [earthquake, hydropump, icebeam, shellsmash] ttype=ground
INFO     Sampling battle 1
INFO     	         klefki    prankster    leftovers [dazzlinggleam, foulplay, spikes, thunderwave] ttype=flying
INFO     	        gallade    sharpness      lifeorb [agility, nightslash, psychocut, sacredsword] ttype=fighting
INFO     Sampling 4 unrevealed pokemon
INFO     	  qwilfishhisui   intimidate     eviolite [crunch, gunkshot, taunt, toxicspikes] ttype=flying
INFO     	        malamar     contrary    leftovers [knockoff, rest, sleeptalk, superpower] ttype=steel
INFO     	         zapdos       static heavydutyboots [discharge, hurricane, roost, uturn] ttype=electric
INFO     	    fluttermane protosynthesis  choicespecs [moonblast, mysticalfire, shadowball, thunderbolt] ttype=fairy
INFO     Searching for a move using MCTS...
INFO     Sampling 2 battles at 500ms each
INFO     Policy 0: bulkup visited 43.61% avg_score=0.557 sample_chance_multiplier=0.5
INFO     Policy 1: earthquake visited 20.23% avg_score=0.482 sample_chance_multiplier=0.5
INFO     Considered Choices:
INFO     	30.189%: bulkup
INFO     	23.625%: earthquake
INFO     Choice: bulkup
INFO     klefki already has the move spikes. Decrementing the PP by 1
INFO     klefki used two different moves - it cannot have a choice item
INFO     klefki used a status-move. Adding `assaultvest` to impossible items
INFO     Setting klefki's last used move: spikes
INFO     Incremented side condition spikes to 2 for gogoat
INFO     Setting klefki's item to: leftovers
INFO     Setting gogoat's item to: leftovers
INFO     klefki has less than maxhp during upkeep, no longer guessing leftovers or blacksludge
INFO     
INFO     Turn: 8
INFO     Sampling battle 0
INFO     	         klefki    prankster    leftovers [dazzlinggleam, foulplay, spikes, thunderwave] ttype=water
INFO     	        gallade    sharpness      lifeorb [agility, nightslash, psychocut, sacredsword] ttype=fighting
INFO     Sampling 4 unrevealed pokemon
INFO     	         minior  shieldsdown    whiteherb [acrobatics, earthquake, powergem, shellsmash] ttype=steel
INFO     	    corviknight     pressure  rockyhelmet [bravebird, defog, roost, uturn] ttype=dragon
INFO     	taurospaldeablaze      cudchew  sitrusberry [bulkup, closecombat, ragingbull, substitute] ttype=water
INFO     	        spidops     stakeout heavydutyboots [circlethrow, spikes, toxicspikes, uturn] ttype=ghost
INFO     Sampling battle 1
INFO     	         klefki    prankster    leftovers [dazzlinggleam, foulplay, spikes, thunderwave] ttype=flying
INFO     	        gallade    sharpness  choicescarf [leafblade, nightslash, psychocut, sacredsword] ttype=dark
INFO     Sampling 4 unrevealed pokemon
INFO     	        luvdisc    swiftswim heavydutyboots [endeavor, substitute, surf, whirlpool] ttype=ghost
INFO     	       medicham    purepower   choiceband [closecombat, icepunch, poisonjab, zenheadbutt] ttype=fighting
INFO     	       glimmora  toxicdebris    powerherb [earthpower, energyball, meteorbeam, sludgewave] ttype=grass
INFO     	      staraptor     reckless   choiceband [bravebird, doubleedge, quickattack, uturn] ttype=flying
INFO     Searching for a move using MCTS...
INFO     Sampling 2 battles at 500ms each
INFO     Policy 0: bulkup visited 32.28% avg_score=0.486 sample_chance_multiplier=0.5
INFO     Policy 1: switch cryogonal visited 27.45% avg_score=0.458 sample_chance_multiplier=0.5
INFO     Considered Choices:
INFO     	24.783%: hornleech
INFO     	20.302%: bulkup
INFO     	18.989%: switch cryogonal
INFO     Choice: bulkup
INFO     Opponent has switched - clearing the last used move
INFO     glastrier switched in, adding intimidate to impossible abilities
INFO     glastrier switched in, adding pressure to impossible abilities
INFO     glastrier switched in, adding neutralizinggas to impossible abilities
INFO     glastrier switched in, adding sandstream to impossible abilities
INFO     glastrier switched in, adding drought to impossible abilities
INFO     glastrier switched in, adding drizzle to impossible abilities
INFO     glastrier switched in, adding snowwarning to impossible abilities
INFO     glastrier switched in, adding boosterenergy to impossible items
INFO     glastrier switched in, adding airballoon to impossible items
INFO     gogoat already has the move bulkup. Decrementing the PP by 1
INFO     gogoat using bulkup makes it unlikely to have a choice item. Setting can_have_choice_item to False
INFO     gogoat used a status-move. Adding `assaultvest` to impossible items
INFO     Setting gogoat's last used move: bulkup
INFO     gogoat's attack was boosted by 1 to 1
INFO     gogoat's defense was boosted by 1 to 1
INFO     Setting gogoat's item to: leftovers
INFO     
INFO     Turn: 9
INFO     Sampling battle 0
INFO     	      glastrier chillingneigh   choiceband [closecombat, heavyslam, highhorsepower, iciclecrash] ttype=steel
INFO     	        gallade    sharpness      lifeorb [agility, nightslash, psychocut, sacredsword] ttype=fighting
INFO     	         klefki    prankster    leftovers [dazzlinggleam, foulplay, spikes, thunderwave] ttype=flying
INFO     Sampling 3 unrevealed pokemon
INFO     	     feraligatr   sheerforce      lifeorb [crunch, dragondance, icepunch, liquidation] ttype=dark
INFO     	       qwilfish   intimidate    leftovers [gunkshot, spikes, thunderwave, waterfall] ttype=dark
INFO     	     golemalola    galvanize   choiceband [doubleedge, earthquake, explosion, stoneedge] ttype=grass
INFO     Sampling battle 1
INFO     	      glastrier chillingneigh heavydutyboots [heavyslam, highhorsepower, iciclecrash, swordsdance] ttype=ground
INFO     	        gallade    sharpness  choicescarf [leafblade, nightslash, psychocut, sacredsword] ttype=dark
INFO     	         klefki    prankster    leftovers [dazzlinggleam, foulplay, spikes, thunderwave] ttype=flying
INFO     Sampling 3 unrevealed pokemon
INFO     	     oinkologne     thickfat    leftovers [bodyslam, curse, highhorsepower, lashout] ttype=ground
INFO     	    brutebonnet protosynthesis    leftovers [crunch, seedbomb, spore, suckerpunch] ttype=dark
INFO     	         swalot   liquidooze    leftovers [clearsmog, knockoff, painsplit, sludgebomb] ttype=dark
INFO     Sampling battle 2
INFO     	      glastrier chillingneigh heavydutyboots [heavyslam, highhorsepower, iciclecrash, swordsdance] ttype=ground
INFO     	        gallade    sharpness   choiceband [leafblade, nightslash, psychocut, sacredsword] ttype=dark
INFO     	         klefki    prankster    leftovers [dazzlinggleam, foulplay, spikes, thunderwave] ttype=water
INFO     Sampling 3 unrevealed pokemon
INFO     	      decidueye     overgrow heavydutyboots [leafstorm, roost, spiritshackle, uturn] ttype=ghost
INFO     	        snorlax     thickfat    leftovers [bodyslam, crunch, curse, earthquake] ttype=poison
INFO     	 arceusfighting    multitype    fistplate [bodypress, cosmicpower, recover, storedpower] ttype=steel
INFO     Sampling battle 3
INFO     	      glastrier chillingneigh heavydutyboots [heavyslam, highhorsepower, iciclecrash, swordsdance] ttype=ground
INFO     	        gallade    sharpness  choicescarf [leafblade, nightslash, psychocut, sacredsword] ttype=dark
INFO     	         klefki    prankster    leftovers [dazzlinggleam, foulplay, spikes, thunderwave] ttype=flying
INFO     Sampling 3 unrevealed pokemon
INFO     	    arceusfairy    multitype   pixieplate [calmmind, earthpower, judgment, recover] ttype=ground
INFO     	        chansey  naturalcure     eviolite [healbell, seismictoss, softboiled, thunderwave] ttype=poison
INFO     	        flareon         guts     toxicorb [facade, flareblitz, trailblaze, willowisp] ttype=normal
INFO     Searching for a move using MCTS...
INFO     Sampling 4 battles at 250ms each
INFO     Policy 0: switch cryogonal visited 40.77% avg_score=0.237 sample_chance_multiplier=0.25
INFO     Policy 1: switch toxicroak visited 25.19% avg_score=0.217 sample_chance_multiplier=0.25
INFO     Policy 2: switch toxicroak visited 29.49% avg_score=0.223 sample_chance_multiplier=0.25
INFO     Policy 3: switch toxicroak visited 30.69% avg_score=0.22 sample_chance_multiplier=0.25
INFO     Considered Choices:
INFO     	21.89%: switch toxicroak
INFO     Choice: switch toxicroak
INFO     toxicroak switched in, adding intimidate to impossible abilities
INFO     toxicroak switched in, adding pressure to impossible abilities
INFO     toxicroak switched in, adding neutralizinggas to impossible abilities
INFO     toxicroak switched in, adding sandstream to impossible abilities
INFO     toxicroak switched in, adding drought to impossible abilities
INFO     toxicroak switched in, adding drizzle to impossible abilities
INFO     toxicroak switched in, adding snowwarning to impossible abilities
INFO     toxicroak switched in, adding boosterenergy to impossible items
INFO     toxicroak switched in, adding airballoon to impossible items
INFO     glastrier used a ice move, removing icegem from possible items
INFO     Setting glastrier's last used move: iciclecrash
INFO     glastrier used a damaging move - not guessing lifeorb anymore
INFO     glastrier did 83.39% damage to toxicroak with iciclecrash
INFO     Setting glastrier's ability to chillingneigh
INFO     glastrier's attack was boosted by 1 to 1
INFO     Sampling battle 0
INFO     	      glastrier chillingneigh heavydutyboots [heavyslam, highhorsepower, iciclecrash, swordsdance] ttype=ground
INFO     	        gallade    sharpness      lifeorb [agility, nightslash, psychocut, sacredsword] ttype=dark
INFO     	         klefki    prankster    leftovers [dazzlinggleam, foulplay, spikes, thunderwave] ttype=water
INFO     Sampling 3 unrevealed pokemon
INFO     	        tropius      harvest  sitrusberry [airslash, leechseed, protect, substitute] ttype=steel
INFO     	   slowbrogalar  regenerator  assaultvest [earthquake, psychic, shellsidearm, surf] ttype=ground
INFO     	       regirock    clearbody    leftovers [bodypress, irondefense, stoneedge, thunderwave] ttype=fighting
INFO     Sampling battle 1
INFO     	      glastrier chillingneigh heavydutyboots [heavyslam, highhorsepower, iciclecrash, swordsdance] ttype=steel
INFO     	        gallade    sharpness      lifeorb [agility, nightslash, psychocut, sacredsword] ttype=fighting
INFO     	         klefki    prankster    leftovers [dazzlinggleam, foulplay, spikes, thunderwave] ttype=flying
INFO     Sampling 3 unrevealed pokemon
INFO     	taurospaldeablaze      cudchew  sitrusberry [bulkup, closecombat, ragingbull, substitute] ttype=water
INFO     	          golem       sturdy weaknesspolicy [earthquake, explosion, rockpolish, stoneedge] ttype=steel
INFO     	   hoopaunbound     magician  choicescarf [focusblast, hyperspacefury, psychic, trick] ttype=fighting
INFO     Searching for a move using MCTS...
INFO     Sampling 2 battles at 500ms each
INFO     Policy 0: switch zebstrika visited 92.57% avg_score=0.383 sample_chance_multiplier=0.5
INFO     Policy 1: switch zebstrika visited 93.12% avg_score=0.414 sample_chance_multiplier=0.5
INFO     Considered Choices:
INFO     	92.844%: switch zebstrika
INFO     Choice: switch zebstrika
INFO     zebstrika switched in, adding intimidate to impossible abilities
INFO     zebstrika switched in, adding pressure to impossible abilities
INFO     zebstrika switched in, adding neutralizinggas to impossible abilities
INFO     zebstrika switched in, adding sandstream to impossible abilities
INFO     zebstrika switched in, adding drought to impossible abilities
INFO     zebstrika switched in, adding drizzle to impossible abilities
INFO     zebstrika switched in, adding snowwarning to impossible abilities
INFO     zebstrika switched in, adding boosterenergy to impossible items
INFO     zebstrika switched in, adding airballoon to impossible items
INFO     
INFO     Turn: 10
INFO     Sampling battle 0
INFO     	      glastrier chillingneigh   choiceband [closecombat, heavyslam, highhorsepower, iciclecrash] ttype=ground
INFO     	        gallade    sharpness      lifeorb [agility, nightslash, psychocut, sacredsword] ttype=dark
INFO     	         klefki    prankster    leftovers [dazzlinggleam, foulplay, spikes, thunderwave] ttype=flying
INFO     Sampling 3 unrevealed pokemon
INFO     	      volcarona    flamebody heavydutyboots [bugbuzz, fireblast, gigadrain, quiverdance] ttype=fire
INFO     	       mienshao     reckless   choiceband [highjumpkick, knockoff, stoneedge, uturn] ttype=fighting
INFO     	          rotom     levitate  choicescarf [shadowball, thunderbolt, trick, voltswitch] ttype=electric
INFO     Sampling battle 1
INFO     	      glastrier chillingneigh heavydutyboots [closecombat, highhorsepower, iciclecrash, swordsdance] ttype=ground
INFO     	        gallade    sharpness  choicescarf [leafblade, nightslash, psychocut, sacredsword] ttype=grass
INFO     	         klefki    prankster    leftovers [dazzlinggleam, foulplay, spikes, thunderwave] ttype=flying
INFO     Sampling 3 unrevealed pokemon
INFO     	         flygon     levitate   choiceband [earthquake, outrage, stoneedge, uturn] ttype=rock
INFO     	     irontreads   quarkdrive  assaultvest [earthquake, ironhead, knockoff, rapidspin] ttype=water
WARNING  ghost is not a known move
INFO     	          ditto     imposter  choicescarf [transform]
INFO     Searching for a move using MCTS...
INFO     Sampling 2 battles at 500ms each
INFO     Policy 0: overheat visited 92.07% avg_score=0.385 sample_chance_multiplier=0.5
INFO     Policy 1: overheat visited 90.01% avg_score=0.457 sample_chance_multiplier=0.5
INFO     Considered Choices:
INFO     	91.043%: overheat
INFO     Choice: overheat
INFO     Updated glastrier's max speed to 252
INFO     zebstrika already has the move overheat. Decrementing the PP by 1
INFO     zebstrika used a fire move, removing firegem from possible items
INFO     Setting zebstrika's last used move: overheat
INFO     zebstrika used a damaging move - not guessing lifeorb anymore
INFO     zebstrika did 62.0% damage to glastrier with overheat
INFO     zebstrika's special-attack was unboosted by 2 to -2
INFO     Setting zebstrika's item to: lifeorb
INFO     glastrier used two different moves - it cannot have a choice item
INFO     glastrier used a ground move, removing groundgem from possible items
INFO     Setting glastrier's last used move: highhorsepower
INFO     glastrier used a damaging move - not guessing lifeorb anymore
INFO     glastrier did 73.53% damage to zebstrika with highhorsepower
INFO     Setting glastrier's ability to chillingneigh
INFO     glastrier's attack was boosted by 1 to 2
INFO     glastrier has less than maxhp during upkeep, no longer guessing leftovers or blacksludge
INFO     Sampling battle 0
INFO     	      glastrier chillingneigh heavydutyboots [heavyslam, highhorsepower, iciclecrash, swordsdance] ttype=ground
INFO     	        gallade    sharpness  choicescarf [leafblade, nightslash, psychocut, sacredsword] ttype=grass
INFO     	         klefki    prankster    leftovers [dazzlinggleam, foulplay, spikes, thunderwave] ttype=water
INFO     Sampling 3 unrevealed pokemon
INFO     	     irontreads   quarkdrive    leftovers [earthquake, ironhead, rapidspin, stealthrock] ttype=water
INFO     	     bombirdier     bigpecks heavydutyboots [bravebird, knockoff, roost, uturn] ttype=dark
INFO     	    polteageist   cursedbody    whiteherb [shadowball, shellsmash, storedpower, terablast] ttype=fighting
INFO     Sampling battle 1
INFO     	      glastrier chillingneigh heavydutyboots [heavyslam, highhorsepower, iciclecrash, swordsdance] ttype=steel
INFO     	        gallade    sharpness      lifeorb [agility, nightslash, psychocut, sacredsword] ttype=fighting
INFO     	         klefki    prankster    leftovers [dazzlinggleam, foulplay, spikes, thunderwave] ttype=water
INFO     Sampling 3 unrevealed pokemon
INFO     	       basculin adaptability   choiceband [aquajet, doubleedge, flipturn, wavecrash] ttype=water
INFO     	       alcremie    aromaveil    leftovers [acidarmor, alluringvoice, calmmind, recover] ttype=steel
INFO     	           hooh  regenerator heavydutyboots [bravebird, earthquake, recover, sacredfire] ttype=ground
INFO     Searching for a move using MCTS...
INFO     Sampling 2 battles at 500ms each
INFO     Policy 0: switch flamigo visited 99.63% avg_score=0.644 sample_chance_multiplier=0.5
INFO     Policy 1: switch flamigo visited 99.28% avg_score=0.574 sample_chance_multiplier=0.5
INFO     Considered Choices:
INFO     	99.455%: switch flamigo
INFO     Choice: switch flamigo
INFO     flamigo switched in, adding intimidate to impossible abilities
INFO     flamigo switched in, adding pressure to impossible abilities
INFO     flamigo switched in, adding neutralizinggas to impossible abilities
INFO     flamigo switched in, adding sandstream to impossible abilities
INFO     flamigo switched in, adding drought to impossible abilities
INFO     flamigo switched in, adding drizzle to impossible abilities
INFO     flamigo switched in, adding snowwarning to impossible abilities
INFO     flamigo switched in, adding boosterenergy to impossible items
INFO     flamigo switched in, adding airballoon to impossible items
INFO     
INFO     Turn: 11
INFO     Sampling battle 0
INFO     	      glastrier chillingneigh heavydutyboots [closecombat, highhorsepower, iciclecrash, swordsdance] ttype=ground
INFO     	        gallade    sharpness  choicescarf [leafblade, nightslash, psychocut, sacredsword] ttype=dark
INFO     	         klefki    prankster    leftovers [dazzlinggleam, foulplay, spikes, thunderwave] ttype=flying
INFO     Sampling 3 unrevealed pokemon
INFO     	       mukalola  poisontouch  assaultvest [drainpunch, gunkshot, icepunch, knockoff] ttype=dark
INFO     	      regidrago   dragonsmaw     lumberry [dracometeor, dragondance, earthquake, outrage] ttype=dragon
INFO     	   basculegionf adaptability  choicespecs [flipturn, hydropump, icebeam, shadowball] ttype=water
INFO     Sampling battle 1
INFO     	      glastrier chillingneigh heavydutyboots [closecombat, highhorsepower, iciclecrash, swordsdance] ttype=ground
INFO     	        gallade    sharpness      lifeorb [agility, nightslash, psychocut, sacredsword] ttype=dark
INFO     	         klefki    prankster    leftovers [dazzlinggleam, foulplay, spikes, thunderwave] ttype=flying
INFO     Sampling 3 unrevealed pokemon
INFO     	     oinkologne     thickfat    leftovers [bodyslam, curse, highhorsepower, lashout] ttype=ground
INFO     	       rotommow     levitate  choicescarf [leafstorm, thunderbolt, trick, voltswitch] ttype=grass
INFO     	   moltresgalar      berserk weaknesspolicy [agility, fierywrath, hurricane, nastyplot] ttype=steel
INFO     Searching for a move using MCTS...
INFO     Sampling 2 battles at 500ms each
INFO     Policy 0: closecombat visited 73.74% avg_score=0.659 sample_chance_multiplier=0.5
INFO     Policy 1: closecombat visited 85.3% avg_score=0.641 sample_chance_multiplier=0.5
INFO     Considered Choices:
INFO     	79.519%: closecombat
INFO     Choice: closecombat
INFO     flamigo already has the move closecombat. Decrementing the PP by 1
INFO     flamigo used a fighting move, removing fightinggem from possible items
INFO     Setting flamigo's last used move: closecombat
INFO     flamigo used a damaging move - not guessing lifeorb anymore
INFO     flamigo did 38.0% damage to glastrier with closecombat
INFO     flamigo's defense was unboosted by 1 to -1
INFO     flamigo's special-defense was unboosted by 1 to -1
INFO     glastrier has less than maxhp during upkeep, no longer guessing leftovers or blacksludge
INFO     Opponent has switched - clearing the last used move
INFO     hydrapple switched in, adding intimidate to impossible abilities
INFO     hydrapple switched in, adding pressure to impossible abilities
INFO     hydrapple switched in, adding neutralizinggas to impossible abilities
INFO     hydrapple switched in, adding sandstream to impossible abilities
INFO     hydrapple switched in, adding drought to impossible abilities
INFO     hydrapple switched in, adding drizzle to impossible abilities
INFO     hydrapple switched in, adding snowwarning to impossible abilities
INFO     hydrapple switched in, adding boosterenergy to impossible items
INFO     hydrapple switched in, adding airballoon to impossible items
INFO     
INFO     Turn: 12
INFO     Sampling battle 0
INFO     	      hydrapple  regenerator  choicespecs [dracometeor, earthpower, ficklebeam, leafstorm] ttype=steel
INFO     	        gallade    sharpness   choiceband [leafblade, nightslash, psychocut, sacredsword] ttype=fighting
INFO     	         klefki    prankster    leftovers [dazzlinggleam, foulplay, spikes, thunderwave] ttype=water
INFO     Sampling 2 unrevealed pokemon
INFO     	     whimsicott    prankster heavydutyboots [encore, moonblast, stunspore, uturn] ttype=steel
INFO     	     arceusdark    multitype   dreadplate [calmmind, dazzlinggleam, judgment, recover] ttype=fairy
INFO     Sampling battle 1
INFO     	      hydrapple  regenerator  assaultvest [dragontail, earthpower, ficklebeam, gigadrain] ttype=steel
INFO     	        gallade    sharpness   choiceband [leafblade, nightslash, psychocut, sacredsword] ttype=grass
INFO     	         klefki    prankster    leftovers [dazzlinggleam, foulplay, spikes, thunderwave] ttype=flying
INFO     Sampling 2 unrevealed pokemon
INFO     	        morpeko hungerswitch heavydutyboots [aurawheel, partingshot, protect, rapidspin] ttype=electric
INFO     	      cryogonal     levitate heavydutyboots [flashcannon, freezedry, rapidspin, recover] ttype=poison
INFO     Searching for a move using MCTS...
INFO     Sampling 2 battles at 500ms each
INFO     Policy 0: switch cryogonal visited 83.46% avg_score=0.455 sample_chance_multiplier=0.5
INFO     Policy 1: switch cryogonal visited 59.99% avg_score=0.476 sample_chance_multiplier=0.5
INFO     Considered Choices:
INFO     	71.724%: switch cryogonal
INFO     Choice: switch cryogonal
INFO     cryogonal switched in, adding intimidate to impossible abilities
INFO     cryogonal switched in, adding pressure to impossible abilities
INFO     cryogonal switched in, adding neutralizinggas to impossible abilities
INFO     cryogonal switched in, adding sandstream to impossible abilities
INFO     cryogonal switched in, adding drought to impossible abilities
INFO     cryogonal switched in, adding drizzle to impossible abilities
INFO     cryogonal switched in, adding snowwarning to impossible abilities
INFO     cryogonal switched in, adding boosterenergy to impossible items
INFO     cryogonal switched in, adding airballoon to impossible items
INFO     hydrapple used a dragon move, removing dragongem from possible items
INFO     Setting hydrapple's last used move: ficklebeam
INFO     hydrapple used a damaging move - not guessing lifeorb anymore
INFO     hydrapple did 25.09% damage to cryogonal with ficklebeam
INFO     
INFO     Turn: 13
INFO     Sampling battle 0
INFO     	      hydrapple  regenerator    leftovers [ficklebeam, gigadrain, nastyplot, recover] ttype=steel
INFO     	        gallade    sharpness      lifeorb [agility, nightslash, psychocut, sacredsword] ttype=fighting
INFO     	         klefki    prankster    leftovers [dazzlinggleam, foulplay, spikes, thunderwave] ttype=water
INFO     Sampling 2 unrevealed pokemon
INFO     	    brutebonnet protosynthesis    leftovers [closecombat, seedbomb, spore, suckerpunch] ttype=poison
INFO     	          klawf   angershell  sitrusberry [highhorsepower, knockoff, stoneedge, swordsdance] ttype=rock
INFO     Sampling battle 1
INFO     	      hydrapple  regenerator  assaultvest [dragontail, earthpower, ficklebeam, gigadrain] ttype=steel
INFO     	        gallade    sharpness  choicescarf [leafblade, nightslash, psychocut, sacredsword] ttype=fighting
INFO     	         klefki    prankster    leftovers [dazzlinggleam, foulplay, spikes, thunderwave] ttype=water
INFO     Sampling 2 unrevealed pokemon
INFO     	         eiscue      iceface  sitrusberry [bellydrum, icespinner, liquidation, terablast] ttype=ground
INFO     	      cramorant  gulpmissile heavydutyboots [bravebird, defog, roost, surf] ttype=ground
INFO     Searching for a move using MCTS...
INFO     Sampling 2 battles at 500ms each
INFO     Policy 0: freezedry visited 45.38% avg_score=0.506 sample_chance_multiplier=0.5
INFO     Policy 1: rapidspin visited 82.6% avg_score=0.534 sample_chance_multiplier=0.5
INFO     Considered Choices:
INFO     	55.559%: rapidspin
INFO     Choice: rapidspin
INFO     Opponent has switched - clearing the last used move
INFO     hooh switched in, adding intimidate to impossible abilities
INFO     hooh switched in, adding pressure to impossible abilities
INFO     hooh switched in, adding neutralizinggas to impossible abilities
INFO     hooh switched in, adding sandstream to impossible abilities
INFO     hooh switched in, adding drought to impossible abilities
INFO     hooh switched in, adding drizzle to impossible abilities
INFO     hooh switched in, adding snowwarning to impossible abilities
INFO     hooh switched in, adding boosterenergy to impossible items
INFO     hooh switched in, adding airballoon to impossible items
INFO     cryogonal already has the move rapidspin. Decrementing the PP by 1
INFO     cryogonal used a normal move, removing normalgem from possible items
INFO     Setting cryogonal's last used move: rapidspin
INFO     cryogonal used a damaging move - not guessing lifeorb anymore
INFO     cryogonal did 11.0% damage to hooh with rapidspin
WARNING  Would remove all possibilities, not removing any
WARNING  actual_damage_dealt=29.48
INFO     cryogonal's speed was boosted by 1 to 1
INFO     Side condition spikes ending for user
INFO     hooh has less than maxhp during upkeep, no longer guessing leftovers or blacksludge
INFO     
INFO     Turn: 14
INFO     Sampling battle 0
INFO     	           hooh  regenerator heavydutyboots [bravebird, earthquake, recover, sacredfire] ttype=ground
INFO     	        gallade    sharpness  choicescarf [leafblade, nightslash, psychocut, sacredsword] ttype=fighting
INFO     	         klefki    prankster    leftovers [dazzlinggleam, foulplay, spikes, thunderwave] ttype=water
INFO     	      hydrapple  regenerator  assaultvest [dragontail, earthpower, ficklebeam, leafstorm] ttype=steel
INFO     Sampling 1 unrevealed pokemon
INFO     	        avalugg       sturdy heavydutyboots [avalanche, bodypress, rapidspin, recover] ttype=fighting
INFO     Sampling battle 1
INFO     	           hooh  regenerator heavydutyboots [bravebird, earthquake, recover, sacredfire] ttype=ground
INFO     	        gallade    sharpness      lifeorb [agility, nightslash, psychocut, sacredsword] ttype=fighting
INFO     	         klefki    prankster    leftovers [dazzlinggleam, foulplay, spikes, thunderwave] ttype=flying
INFO     	      hydrapple  regenerator  choicespecs [dracometeor, earthpower, ficklebeam, leafstorm] ttype=steel
INFO     Sampling 1 unrevealed pokemon
INFO     	       meganium     overgrow    leftovers [dragontail, energyball, knockoff, synthesis] ttype=water
INFO     Searching for a move using MCTS...
INFO     Sampling 2 battles at 500ms each
INFO     Policy 0: switch lunala visited 94.39% avg_score=0.327 sample_chance_multiplier=0.5
INFO     Policy 1: switch lunala visited 95.45% avg_score=0.331 sample_chance_multiplier=0.5
INFO     Considered Choices:
INFO     	94.924%: switch lunala
INFO     Choice: switch lunala
INFO     lunala switched in, adding intimidate to impossible abilities
INFO     lunala switched in, adding pressure to impossible abilities
INFO     lunala switched in, adding neutralizinggas to impossible abilities
INFO     lunala switched in, adding sandstream to impossible abilities
INFO     lunala switched in, adding drought to impossible abilities
INFO     lunala switched in, adding drizzle to impossible abilities
INFO     lunala switched in, adding snowwarning to impossible abilities
INFO     lunala switched in, adding boosterenergy to impossible items
INFO     lunala switched in, adding airballoon to impossible items
INFO     hooh used a fire move, removing firegem from possible items
INFO     Setting hooh's last used move: sacredfire
INFO     hooh used a damaging move - not guessing lifeorb anymore
INFO     hooh did 34.42% damage to lunala with sacredfire
INFO     lunala got status: brn
INFO     No longer guessing lumberry because lunala got status brn
INFO     Setting lunala's item to: leftovers
INFO     hooh has less than maxhp during upkeep, no longer guessing leftovers or blacksludge
INFO     
INFO     Turn: 15
INFO     Sampling battle 0
INFO     	           hooh  regenerator heavydutyboots [bravebird, earthquake, recover, sacredfire] ttype=ground
INFO     	        gallade    sharpness      lifeorb [agility, nightslash, psychocut, sacredsword] ttype=fighting
INFO     	         klefki    prankster    leftovers [dazzlinggleam, foulplay, spikes, thunderwave] ttype=flying
INFO     	      hydrapple  regenerator  assaultvest [dragontail, earthpower, ficklebeam, leafstorm] ttype=steel
INFO     Sampling 1 unrevealed pokemon
INFO     	      regidrago   dragonsmaw      lifeorb [dragonclaw, dragondance, earthquake, terablast] ttype=steel
INFO     Sampling battle 1
INFO     	           hooh  regenerator heavydutyboots [bravebird, earthquake, recover, sacredfire] ttype=steel
INFO     	        gallade    sharpness      lifeorb [agility, nightslash, psychocut, sacredsword] ttype=dark
INFO     	         klefki    prankster    leftovers [dazzlinggleam, foulplay, spikes, thunderwave] ttype=flying
INFO     	      hydrapple  regenerator  choicespecs [dracometeor, earthpower, ficklebeam, leafstorm] ttype=steel
INFO     Sampling 1 unrevealed pokemon
INFO     	       meowstic    prankster    lightclay [lightscreen, psychicnoise, reflect, yawn] ttype=fairy
INFO     Searching for a move using MCTS...
INFO     Sampling 2 battles at 500ms each
INFO     Policy 0: moonlight visited 97.96% avg_score=0.5 sample_chance_multiplier=0.5
INFO     Policy 1: moonlight visited 98.08% avg_score=0.496 sample_chance_multiplier=0.5
INFO     Considered Choices:
INFO     	98.018%: moonlight
INFO     Choice: moonlight
INFO     Updated hooh's max speed to 177
INFO     lunala already has the move moonlight. Decrementing the PP by 1
INFO     lunala used a status-move. Adding `assaultvest` to impossible items
INFO     Setting lunala's last used move: moonlight
INFO     hooh used two different moves - it cannot have a choice item
INFO     hooh used a flying move, removing flyinggem from possible items
INFO     Setting hooh's last used move: bravebird
INFO     hooh used a damaging move - not guessing lifeorb anymore
INFO     hooh did 41.23% damage to lunala with bravebird
INFO     Setting lunala's item to: leftovers
INFO     hooh has less than maxhp during upkeep, no longer guessing leftovers or blacksludge
INFO     
INFO     Turn: 16
INFO     Sampling battle 0
INFO     	           hooh  regenerator heavydutyboots [bravebird, earthquake, recover, sacredfire] ttype=steel
INFO     	        gallade    sharpness      lifeorb [agility, nightslash, psychocut, sacredsword] ttype=dark
INFO     	         klefki    prankster    leftovers [dazzlinggleam, foulplay, spikes, thunderwave] ttype=flying
INFO     	      hydrapple  regenerator  assaultvest [dragontail, earthpower, ficklebeam, gigadrain] ttype=steel
INFO     Sampling 1 unrevealed pokemon
INFO     	       cyclizar  regenerator heavydutyboots [dracometeor, rapidspin, shedtail, taunt] ttype=fairy
INFO     Sampling battle 1
INFO     	           hooh  regenerator heavydutyboots [bravebird, earthquake, recover, sacredfire] ttype=steel
INFO     	        gallade    sharpness  choicescarf [leafblade, nightslash, psychocut, sacredsword] ttype=grass
INFO     	         klefki    prankster    leftovers [dazzlinggleam, foulplay, spikes, thunderwave] ttype=flying
INFO     	      hydrapple  regenerator    leftovers [ficklebeam, gigadrain, nastyplot, recover] ttype=steel
INFO     Sampling 1 unrevealed pokemon
INFO     	       lycanroc     sandrush      lifeorb [closecombat, crunch, stoneedge, taunt] ttype=fighting
INFO     Searching for a move using MCTS...
INFO     Sampling 2 battles at 500ms each
INFO     Policy 0: moonlight visited 96.69% avg_score=0.478 sample_chance_multiplier=0.5
INFO     Policy 1: moonlight visited 92.82% avg_score=0.468 sample_chance_multiplier=0.5
INFO     Considered Choices:
INFO     	94.753%: moonlight
INFO     Choice: moonlight
INFO     Opponent has switched - clearing the last used move
INFO     lunala already has the move moonlight. Decrementing the PP by 1
INFO     lunala used a status-move. Adding `assaultvest` to impossible items
INFO     Setting lunala's last used move: moonlight
INFO     Setting lunala's item to: leftovers
INFO     Setting klefki's item to: leftovers
INFO     klefki has less than maxhp during upkeep, no longer guessing leftovers or blacksludge
INFO     
INFO     Turn: 17
INFO     Sampling battle 0
INFO     	         klefki    prankster    leftovers [dazzlinggleam, foulplay, spikes, thunderwave] ttype=flying
INFO     	        gallade    sharpness      lifeorb [agility, nightslash, psychocut, sacredsword] ttype=fighting
INFO     	      hydrapple  regenerator    leftovers [ficklebeam, gigadrain, nastyplot, recover] ttype=steel
INFO     	           hooh  regenerator heavydutyboots [bravebird, earthquake, recover, sacredfire] ttype=ground
INFO     Sampling 1 unrevealed pokemon
INFO     	    walkingwake protosynthesis  choicespecs [dracometeor, flamethrower, flipturn, hydropump] ttype=water
INFO     Sampling battle 1
INFO     	         klefki    prankster    leftovers [dazzlinggleam, foulplay, spikes, thunderwave] ttype=flying
INFO     	        gallade    sharpness   choiceband [leafblade, nightslash, psychocut, sacredsword] ttype=fighting
INFO     	      hydrapple  regenerator  assaultvest [dragontail, earthpower, ficklebeam, gigadrain] ttype=steel
INFO     	           hooh  regenerator heavydutyboots [bravebird, earthquake, recover, sacredfire] ttype=ground
INFO     Sampling 1 unrevealed pokemon
INFO     	    arceusghost    multitype  spookyplate [focusblast, judgment, recover, willowisp] ttype=fighting
INFO     Searching for a move using MCTS...
INFO     Sampling 2 battles at 500ms each
INFO     Policy 0: switch gogoat visited 53.67% avg_score=0.383 sample_chance_multiplier=0.5
INFO     Policy 1: switch gogoat visited 56.21% avg_score=0.389 sample_chance_multiplier=0.5
INFO     Considered Choices:
INFO     	54.94%: switch gogoat
INFO     Choice: switch gogoat
INFO     klefki already has the move foulplay. Decrementing the PP by 1
INFO     klefki used a dark move, removing darkgem from possible items
INFO     Setting klefki's last used move: foulplay
INFO     klefki used a damaging move - not guessing lifeorb anymore
INFO     klefki did 23.06% damage to gogoat with foulplay
INFO     Setting klefki's item to: leftovers
INFO     Setting gogoat's item to: leftovers
INFO     klefki has less than maxhp during upkeep, no longer guessing leftovers or blacksludge
INFO     
INFO     Turn: 18
INFO     Sampling battle 0
INFO     	         klefki    prankster    leftovers [dazzlinggleam, foulplay, spikes, thunderwave] ttype=flying
INFO     	        gallade    sharpness      lifeorb [agility, nightslash, psychocut, sacredsword] ttype=fighting
INFO     	      hydrapple  regenerator    leftovers [earthpower, ficklebeam, nastyplot, recover] ttype=steel
INFO     	           hooh  regenerator heavydutyboots [bravebird, earthquake, recover, sacredfire] ttype=steel
INFO     Sampling 1 unrevealed pokemon
INFO     	       pelipper      drizzle heavydutyboots [hurricane, roost, surf, uturn] ttype=ground
INFO     Sampling battle 1
INFO     	         klefki    prankster    leftovers [dazzlinggleam, foulplay, spikes, thunderwave] ttype=flying
INFO     	        gallade    sharpness      lifeorb [agility, nightslash, psychocut, sacredsword] ttype=fighting
INFO     	      hydrapple  regenerator  assaultvest [dragontail, earthpower, ficklebeam, leafstorm] ttype=steel
INFO     	           hooh  regenerator heavydutyboots [bravebird, earthquake, recover, sacredfire] ttype=ground
INFO     Sampling 1 unrevealed pokemon
INFO     	          arbok   intimidate    leftovers [coil, earthquake, gunkshot, trailblaze] ttype=ground
INFO     Searching for a move using MCTS...
INFO     Sampling 2 battles at 500ms each
INFO     Policy 0: bulkup visited 72.27% avg_score=0.42 sample_chance_multiplier=0.5
INFO     Policy 1: bulkup visited 75.65% avg_score=0.592 sample_chance_multiplier=0.5
INFO     Considered Choices:
INFO     	73.958%: bulkup
INFO     Choice: bulkup
INFO     Opponent has switched - clearing the last used move
INFO     hooh switched out with 73.0% HP but now has 100.0% HP, setting its ability to regenerator
INFO     gogoat already has the move bulkup. Decrementing the PP by 1
INFO     gogoat using bulkup makes it unlikely to have a choice item. Setting can_have_choice_item to False
INFO     gogoat used a status-move. Adding `assaultvest` to impossible items
INFO     Setting gogoat's last used move: bulkup
INFO     gogoat's attack was boosted by 1 to 1
INFO     gogoat's defense was boosted by 1 to 1
INFO     Setting gogoat's item to: leftovers
INFO     
INFO     Turn: 19
INFO     Sampling battle 0
INFO     	           hooh  regenerator heavydutyboots [bravebird, earthquake, recover, sacredfire] ttype=steel
INFO     	        gallade    sharpness      lifeorb [agility, nightslash, psychocut, sacredsword] ttype=dark
INFO     	      hydrapple  regenerator  choicespecs [dracometeor, earthpower, ficklebeam, leafstorm] ttype=dragon
INFO     	         klefki    prankster    leftovers [dazzlinggleam, foulplay, spikes, thunderwave] ttype=flying
INFO     Sampling 1 unrevealed pokemon
INFO     	       drifblim     unburden  sitrusberry [airslash, calmmind, shadowball, strengthsap] ttype=ghost
INFO     Sampling battle 1
INFO     	           hooh  regenerator heavydutyboots [bravebird, earthquake, recover, sacredfire] ttype=steel
INFO     	        gallade    sharpness  choicescarf [leafblade, nightslash, psychocut, sacredsword] ttype=grass
INFO     	      hydrapple  regenerator  assaultvest [dragontail, earthpower, ficklebeam, leafstorm] ttype=steel
INFO     	         klefki    prankster    leftovers [dazzlinggleam, foulplay, spikes, thunderwave] ttype=flying
INFO     Sampling 1 unrevealed pokemon
INFO     	        kingdra       sniper     lumberry [dragondance, outrage, waterfall, wavecrash] ttype=water
INFO     Searching for a move using MCTS...
INFO     Sampling 2 battles at 500ms each
INFO     Policy 0: milkdrink visited 92.82% avg_score=0.342 sample_chance_multiplier=0.5
INFO     Policy 1: milkdrink visited 91.75% avg_score=0.345 sample_chance_multiplier=0.5
INFO     Considered Choices:
INFO     	92.282%: milkdrink
INFO     Choice: milkdrink
INFO     Updated hooh's min speed to 85
INFO     hooh already has the move bravebird. Decrementing the PP by 1
INFO     hooh used a flying move, removing flyinggem from possible items
INFO     Setting hooh's last used move: bravebird
INFO     hooh used a damaging move - not guessing lifeorb anymore
INFO     hooh did 52.22% damage to gogoat with bravebird
INFO     gogoat already has the move milkdrink. Decrementing the PP by 1
INFO     gogoat used a status-move. Adding `assaultvest` to impossible items
INFO     Setting gogoat's last used move: milkdrink
INFO     Setting gogoat's item to: leftovers
INFO     hooh has less than maxhp during upkeep, no longer guessing leftovers or blacksludge
INFO     
INFO     Turn: 20
INFO     Sampling battle 0
INFO     	           hooh  regenerator heavydutyboots [bravebird, earthquake, recover, sacredfire] ttype=steel
INFO     	        gallade    sharpness   choiceband [leafblade, nightslash, psychocut, sacredsword] ttype=grass
INFO     	      hydrapple  regenerator  assaultvest [dragontail, earthpower, ficklebeam, leafstorm] ttype=steel
INFO     	         klefki    prankster    leftovers [dazzlinggleam, foulplay, spikes, thunderwave] ttype=water
INFO     Sampling 1 unrevealed pokemon
INFO     	       cyclizar  regenerator heavydutyboots [dracometeor, knockoff, shedtail, taunt] ttype=fairy
INFO     Sampling battle 1
INFO     	           hooh  regenerator heavydutyboots [bravebird, earthquake, recover, sacredfire] ttype=steel
INFO     	        gallade    sharpness  choicescarf [leafblade, nightslash, psychocut, sacredsword] ttype=fighting
INFO     	      hydrapple  regenerator  choicespecs [dracometeor, earthpower, ficklebeam, leafstorm] ttype=dragon
INFO     	         klefki    prankster    leftovers [dazzlinggleam, foulplay, spikes, thunderwave] ttype=flying
INFO     Sampling 1 unrevealed pokemon
INFO     	      azumarill    hugepower   choiceband [aquajet, liquidation, playrough, superpower] ttype=water
INFO     Searching for a move using MCTS...
INFO     Sampling 2 battles at 500ms each
INFO     Policy 0: milkdrink visited 75.45% avg_score=0.345 sample_chance_multiplier=0.5
INFO     Policy 1: milkdrink visited 87.23% avg_score=0.348 sample_chance_multiplier=0.5
INFO     Considered Choices:
INFO     	81.341%: milkdrink
INFO     Choice: milkdrink
INFO     hooh already has the move bravebird. Decrementing the PP by 1
INFO     hooh used a flying move, removing flyinggem from possible items
INFO     Setting hooh's last used move: bravebird
INFO     hooh used a damaging move - not guessing lifeorb anymore
INFO     hooh did 55.00000000000001% damage to gogoat with bravebird
INFO     Setting gogoat's item to: leftovers
INFO     hooh has less than maxhp during upkeep, no longer guessing leftovers or blacksludge
INFO     
INFO     Turn: 21
INFO     Sampling battle 0
INFO     	           hooh  regenerator heavydutyboots [bravebird, earthquake, recover, sacredfire] ttype=ground
INFO     	        gallade    sharpness      lifeorb [agility, nightslash, psychocut, sacredsword] ttype=fighting
INFO     	      hydrapple  regenerator    leftovers [earthpower, ficklebeam, nastyplot, recover] ttype=steel
INFO     	         klefki    prankster    leftovers [dazzlinggleam, foulplay, spikes, thunderwave] ttype=water
INFO     Sampling 1 unrevealed pokemon
INFO     	       ampharos       static  assaultvest [dazzlinggleam, discharge, dragontail, voltswitch] ttype=fairy
INFO     Sampling battle 1
INFO     	           hooh  regenerator heavydutyboots [bravebird, earthquake, recover, sacredfire] ttype=ground
INFO     	        gallade    sharpness   choiceband [leafblade, nightslash, psychocut, sacredsword] ttype=dark
INFO     	      hydrapple  regenerator  assaultvest [dragontail, earthpower, ficklebeam, leafstorm] ttype=steel
INFO     	         klefki    prankster    leftovers [dazzlinggleam, foulplay, spikes, thunderwave] ttype=water
INFO     Sampling 1 unrevealed pokemon
INFO     	       tornadus      defiant  choicespecs [bleakwindstorm, focusblast, heatwave, uturn] ttype=flying
INFO     Searching for a move using MCTS...
INFO     Sampling 2 battles at 500ms each
INFO     Policy 0: switch lunala visited 25.43% avg_score=0.212 sample_chance_multiplier=0.5
INFO     Policy 1: milkdrink visited 20.44% avg_score=0.23 sample_chance_multiplier=0.5
INFO     Considered Choices:
INFO     	20.66%: milkdrink
INFO     	19.082%: bulkup
INFO     	15.952%: hornleech
INFO     	15.773%: switch lunala
INFO     Choice: switch lunala
INFO     hooh already has the move sacredfire. Decrementing the PP by 1
INFO     hooh used two different moves - it cannot have a choice item
INFO     hooh used a fire move, removing firegem from possible items
INFO     Setting hooh's last used move: sacredfire
INFO     hooh used a damaging move - not guessing lifeorb anymore
INFO     hooh did 37.99% damage to lunala with sacredfire
INFO     Setting lunala's item to: leftovers
INFO     hooh has less than maxhp during upkeep, no longer guessing leftovers or blacksludge
INFO     
INFO     Turn: 22
INFO     Sampling battle 0
INFO     	           hooh  regenerator heavydutyboots [bravebird, earthquake, recover, sacredfire] ttype=steel
INFO     	        gallade    sharpness      lifeorb [agility, nightslash, psychocut, sacredsword] ttype=dark
INFO     	      hydrapple  regenerator  assaultvest [dragontail, earthpower, ficklebeam, leafstorm] ttype=steel
INFO     	         klefki    prankster    leftovers [dazzlinggleam, foulplay, spikes, thunderwave] ttype=water
INFO     Sampling 1 unrevealed pokemon
INFO     	        chansey  naturalcure     eviolite [seismictoss, softboiled, stealthrock, thunderwave] ttype=fairy
INFO     Sampling battle 1
INFO     	           hooh  regenerator heavydutyboots [bravebird, earthquake, recover, sacredfire] ttype=steel
INFO     	        gallade    sharpness   choiceband [leafblade, nightslash, psychocut, sacredsword] ttype=fighting
INFO     	      hydrapple  regenerator  choicespecs [dracometeor, earthpower, ficklebeam, leafstorm] ttype=steel
INFO     	         klefki    prankster    leftovers [dazzlinggleam, foulplay, spikes, thunderwave] ttype=water
INFO     Sampling 1 unrevealed pokemon
INFO     	zamazentacrowned dauntlessshield rustedshield [bodypress, heavyslam, irondefense, stoneedge] ttype=ghost
INFO     Searching for a move using MCTS...
INFO     Sampling 2 battles at 500ms each
INFO     Policy 0: moonlight visited 80.24% avg_score=0.411 sample_chance_multiplier=0.5
INFO     Policy 1: moonlight visited 72.18% avg_score=0.405 sample_chance_multiplier=0.5
INFO     Considered Choices:
INFO     	76.211%: moonlight
INFO     Choice: moonlight
INFO     Opponent has switched - clearing the last used move
INFO     hooh switched out with regenerator. Healing it to 231.04000000000002/268
INFO     lunala already has the move moonlight. Decrementing the PP by 1
INFO     lunala used a status-move. Adding `assaultvest` to impossible items
INFO     Setting lunala's last used move: moonlight
INFO     Setting lunala's item to: leftovers
INFO     Setting klefki's item to: leftovers
INFO     klefki has less than maxhp during upkeep, no longer guessing leftovers or blacksludge
INFO     
INFO     Turn: 23
INFO     Sampling battle 0
INFO     	         klefki    prankster    leftovers [dazzlinggleam, foulplay, spikes, thunderwave] ttype=flying
INFO     	        gallade    sharpness  choicescarf [leafblade, nightslash, psychocut, sacredsword] ttype=fighting
INFO     	      hydrapple  regenerator  choicespecs [dracometeor, earthpower, ficklebeam, leafstorm] ttype=dragon
INFO     	           hooh  regenerator heavydutyboots [bravebird, earthquake, recover, sacredfire] ttype=steel
INFO     Sampling 1 unrevealed pokemon
INFO     	        heatran    flashfire   airballoon [earthpower, heavyslam, lavaplume, stealthrock] ttype=flying
INFO     Sampling battle 1
INFO     	         klefki    prankster    leftovers [dazzlinggleam, foulplay, spikes, thunderwave] ttype=flying
INFO     	        gallade    sharpness  choicescarf [leafblade, nightslash, psychocut, sacredsword] ttype=dark
INFO     	      hydrapple  regenerator  assaultvest [dragontail, earthpower, ficklebeam, gigadrain] ttype=steel
INFO     	           hooh  regenerator heavydutyboots [bravebird, earthquake, recover, sacredfire] ttype=steel
INFO     Sampling 1 unrevealed pokemon
INFO     	         gogoat    sapsipper    leftovers [bulkup, earthquake, hornleech, milkdrink] ttype=water
INFO     Searching for a move using MCTS...
INFO     Sampling 2 battles at 500ms each
INFO     Policy 0: switch cryogonal visited 52.48% avg_score=0.388 sample_chance_multiplier=0.5
INFO     Policy 1: switch cryogonal visited 53.05% avg_score=0.386 sample_chance_multiplier=0.5
INFO     Considered Choices:
INFO     	52.767%: switch cryogonal
INFO     Choice: switch cryogonal
INFO     klefki already has the move foulplay. Decrementing the PP by 1
INFO     klefki used a dark move, removing darkgem from possible items
INFO     Setting klefki's last used move: foulplay
INFO     klefki used a damaging move - not guessing lifeorb anymore
INFO     klefki did 23.34% damage to cryogonal with foulplay
INFO     Setting klefki's item to: leftovers
INFO     
INFO     Turn: 24
INFO     Sampling battle 0
INFO     	         klefki    prankster    leftovers [dazzlinggleam, foulplay, spikes, thunderwave] ttype=water
INFO     	        gallade    sharpness      lifeorb [agility, nightslash, psychocut, sacredsword] ttype=fighting
INFO     	      hydrapple  regenerator    leftovers [ficklebeam, gigadrain, nastyplot, recover] ttype=steel
INFO     	           hooh  regenerator heavydutyboots [bravebird, earthquake, recover, sacredfire] ttype=steel
INFO     Sampling 1 unrevealed pokemon
INFO     	 lilliganthisui       hustle      lifeorb [closecombat, icespinner, leafblade, victorydance] ttype=fighting
INFO     Sampling battle 1
INFO     	         klefki    prankster    leftovers [dazzlinggleam, foulplay, spikes, thunderwave] ttype=water
INFO     	        gallade    sharpness      lifeorb [agility, nightslash, psychocut, sacredsword] ttype=fighting
INFO     	      hydrapple  regenerator  assaultvest [dragontail, earthpower, ficklebeam, gigadrain] ttype=steel
INFO     	           hooh  regenerator heavydutyboots [bravebird, earthquake, recover, sacredfire] ttype=steel
INFO     Sampling 1 unrevealed pokemon
INFO     	enamorustherian     overcoat  assaultvest [earthpower, moonblast, mysticalfire, superpower] ttype=fairy
INFO     Searching for a move using MCTS...
INFO     Sampling 2 battles at 500ms each
INFO     Policy 0: recover visited 76.32% avg_score=0.487 sample_chance_multiplier=0.5
INFO     Policy 1: recover visited 64.98% avg_score=0.488 sample_chance_multiplier=0.5
INFO     Considered Choices:
INFO     	70.649%: recover
INFO     Choice: recover
INFO     Opponent has switched - clearing the last used move
INFO     avalugghisui switched in, adding intimidate to impossible abilities
INFO     avalugghisui switched in, adding pressure to impossible abilities
INFO     avalugghisui switched in, adding neutralizinggas to impossible abilities
INFO     avalugghisui switched in, adding sandstream to impossible abilities
INFO     avalugghisui switched in, adding drought to impossible abilities
INFO     avalugghisui switched in, adding drizzle to impossible abilities
INFO     avalugghisui switched in, adding snowwarning to impossible abilities
INFO     avalugghisui switched in, adding boosterenergy to impossible items
INFO     avalugghisui switched in, adding airballoon to impossible items
INFO     cryogonal already has the move recover. Decrementing the PP by 1
INFO     cryogonal using recover makes it unlikely to have a choice item. Setting can_have_choice_item to False
INFO     cryogonal used a status-move. Adding `assaultvest` to impossible items
INFO     Setting cryogonal's last used move: recover
INFO     
INFO     Turn: 25
INFO     Sampling battle 0
INFO     	   avalugghisui       sturdy heavydutyboots [avalanche, bodypress, recover, stoneedge] ttype=ghost
INFO     	        gallade    sharpness   choiceband [leafblade, nightslash, psychocut, sacredsword] ttype=dark
INFO     	      hydrapple  regenerator    leftovers [ficklebeam, gigadrain, nastyplot, recover] ttype=steel
INFO     	           hooh  regenerator heavydutyboots [bravebird, earthquake, recover, sacredfire] ttype=steel
INFO     	         klefki    prankster    leftovers [dazzlinggleam, foulplay, spikes, thunderwave] ttype=flying
INFO     Sampling battle 1
INFO     	   avalugghisui       sturdy heavydutyboots [avalanche, rapidspin, recover, stoneedge] ttype=ghost
INFO     	        gallade    sharpness  choicescarf [leafblade, nightslash, psychocut, sacredsword] ttype=dark
INFO     	      hydrapple  regenerator  assaultvest [dragontail, earthpower, ficklebeam, leafstorm] ttype=steel
INFO     	           hooh  regenerator heavydutyboots [bravebird, earthquake, recover, sacredfire] ttype=ground
INFO     	         klefki    prankster    leftovers [dazzlinggleam, foulplay, spikes, thunderwave] ttype=water
INFO     Searching for a move using MCTS...
INFO     Sampling 2 battles at 500ms each
INFO     Policy 0: switch gogoat visited 52.46% avg_score=0.319 sample_chance_multiplier=0.5
INFO     Policy 1: switch gogoat visited 48.8% avg_score=0.326 sample_chance_multiplier=0.5
INFO     Considered Choices:
INFO     	50.631%: switch gogoat
INFO     Choice: switch gogoat
INFO     avalugghisui used a rock move, removing rockgem from possible items
INFO     Setting avalugghisui's last used move: stoneedge
INFO     avalugghisui used a damaging move - not guessing lifeorb anymore
INFO     Setting gogoat's item to: leftovers
INFO     
INFO     Turn: 26
INFO     Sampling battle 0
INFO     	   avalugghisui       sturdy heavydutyboots [avalanche, rapidspin, recover, stoneedge] ttype=poison
INFO     	        gallade    sharpness      lifeorb [agility, nightslash, psychocut, sacredsword] ttype=fighting
INFO     	      hydrapple  regenerator  choicespecs [dracometeor, earthpower, ficklebeam, leafstorm] ttype=dragon
INFO     	           hooh  regenerator heavydutyboots [bravebird, earthquake, recover, sacredfire] ttype=steel
INFO     	         klefki    prankster    leftovers [dazzlinggleam, foulplay, spikes, thunderwave] ttype=flying
INFO     Sampling battle 1
INFO     	   avalugghisui       sturdy heavydutyboots [avalanche, rapidspin, recover, stoneedge] ttype=poison
INFO     	        gallade    sharpness      lifeorb [agility, nightslash, psychocut, sacredsword] ttype=dark
INFO     	      hydrapple  regenerator  choicespecs [dracometeor, earthpower, ficklebeam, leafstorm] ttype=dragon
INFO     	           hooh  regenerator heavydutyboots [bravebird, earthquake, recover, sacredfire] ttype=steel
INFO     	         klefki    prankster    leftovers [dazzlinggleam, foulplay, spikes, thunderwave] ttype=water
INFO     Searching for a move using MCTS...
INFO     Sampling 2 battles at 500ms each
INFO     Policy 0: milkdrink visited 25.7% avg_score=0.361 sample_chance_multiplier=0.5
INFO     Policy 1: hornleech visited 25.79% avg_score=0.361 sample_chance_multiplier=0.5
INFO     Considered Choices:
INFO     	25.441%: milkdrink
INFO     	25.34%: hornleech
INFO     	22.996%: bulkup
INFO     Choice: milkdrink
INFO     Updated avalugghisui's min speed to 85
INFO     avalugghisui already has the move stoneedge. Decrementing the PP by 1
INFO     avalugghisui used a rock move, removing rockgem from possible items
INFO     Setting avalugghisui's last used move: stoneedge
INFO     avalugghisui used a damaging move - not guessing lifeorb anymore
INFO     avalugghisui did 42.5% damage to gogoat with stoneedge
INFO     Sampling battle 0
INFO     	   avalugghisui       sturdy heavydutyboots [avalanche, rapidspin, recover, stoneedge] ttype=ghost
INFO     	        gallade    sharpness   choiceband [leafblade, nightslash, psychocut, sacredsword] ttype=grass
INFO     	      hydrapple  regenerator    leftovers [ficklebeam, gigadrain, nastyplot, recover] ttype=steel
INFO     	           hooh  regenerator heavydutyboots [bravebird, earthquake, recover, sacredfire] ttype=steel
INFO     	         klefki    prankster    leftovers [dazzlinggleam, foulplay, spikes, thunderwave] ttype=flying
INFO     Sampling battle 1
INFO     	   avalugghisui       sturdy heavydutyboots [avalanche, rapidspin, recover, stoneedge] ttype=flying
INFO     	        gallade    sharpness   choiceband [leafblade, nightslash, psychocut, sacredsword] ttype=fighting
INFO     	      hydrapple  regenerator  assaultvest [dragontail, earthpower, ficklebeam, leafstorm] ttype=steel
INFO     	           hooh  regenerator heavydutyboots [bravebird, earthquake, recover, sacredfire] ttype=steel
INFO     	         klefki    prankster    leftovers [dazzlinggleam, foulplay, spikes, thunderwave] ttype=water
INFO     Searching for a move using MCTS...
INFO     Sampling 2 battles at 500ms each
INFO     Policy 0: switch lunala visited 53.03% avg_score=0.403 sample_chance_multiplier=0.5
INFO     Policy 1: switch lunala visited 52.23% avg_score=0.404 sample_chance_multiplier=0.5
INFO     Considered Choices:
INFO     	52.63%: switch lunala
INFO     	45.484%: switch flamigo
INFO     Choice: switch lunala
INFO     
INFO     Turn: 27
INFO     Sampling battle 0
INFO     	   avalugghisui       sturdy heavydutyboots [avalanche, rapidspin, recover, stoneedge] ttype=flying
INFO     	        gallade    sharpness  choicescarf [leafblade, nightslash, psychocut, sacredsword] ttype=fighting
INFO     	      hydrapple  regenerator  assaultvest [dragontail, earthpower, ficklebeam, gigadrain] ttype=steel
INFO     	           hooh  regenerator heavydutyboots [bravebird, earthquake, recover, sacredfire] ttype=ground
INFO     	         klefki    prankster    leftovers [dazzlinggleam, foulplay, spikes, thunderwave] ttype=flying
INFO     Sampling battle 1
INFO     	   avalugghisui       sturdy heavydutyboots [avalanche, rapidspin, recover, stoneedge] ttype=poison
INFO     	        gallade    sharpness   choiceband [leafblade, nightslash, psychocut, sacredsword] ttype=dark
INFO     	      hydrapple  regenerator    leftovers [earthpower, ficklebeam, nastyplot, recover] ttype=steel
INFO     	           hooh  regenerator heavydutyboots [bravebird, earthquake, recover, sacredfire] ttype=steel
INFO     	         klefki    prankster    leftovers [dazzlinggleam, foulplay, spikes, thunderwave] ttype=water
INFO     Searching for a move using MCTS...
INFO     Sampling 2 battles at 500ms each
INFO     Policy 0: switch cryogonal visited 24.39% avg_score=0.396 sample_chance_multiplier=0.5
INFO     Policy 1: switch cryogonal visited 27.0% avg_score=0.395 sample_chance_multiplier=0.5
INFO     Considered Choices:
INFO     	25.698%: switch cryogonal
INFO     	23.207%: moongeistbeam
INFO     Choice: switch cryogonal
INFO     Opponent has switched - clearing the last used move
INFO     
INFO     Turn: 28
INFO     Sampling battle 0
INFO     	         klefki    prankster    leftovers [dazzlinggleam, foulplay, spikes, thunderwave] ttype=flying
INFO     	        gallade    sharpness      lifeorb [agility, nightslash, psychocut, sacredsword] ttype=fighting
INFO     	      hydrapple  regenerator  choicespecs [dracometeor, earthpower, ficklebeam, leafstorm] ttype=dragon
INFO     	           hooh  regenerator heavydutyboots [bravebird, earthquake, recover, sacredfire] ttype=ground
INFO     	   avalugghisui       sturdy heavydutyboots [avalanche, rapidspin, recover, stoneedge] ttype=ghost
INFO     Sampling battle 1
INFO     	         klefki    prankster    leftovers [dazzlinggleam, foulplay, spikes, thunderwave] ttype=water
INFO     	        gallade    sharpness      lifeorb [agility, nightslash, psychocut, sacredsword] ttype=dark
INFO     	      hydrapple  regenerator    leftovers [earthpower, ficklebeam, nastyplot, recover] ttype=steel
INFO     	           hooh  regenerator heavydutyboots [bravebird, earthquake, recover, sacredfire] ttype=ground
INFO     	   avalugghisui       sturdy heavydutyboots [avalanche, bodypress, recover, stoneedge] ttype=poison
INFO     Searching for a move using MCTS...
INFO     Sampling 2 battles at 500ms each
INFO     Policy 0: freezedry visited 59.13% avg_score=0.397 sample_chance_multiplier=0.5
INFO     Policy 1: freezedry visited 60.44% avg_score=0.391 sample_chance_multiplier=0.5
INFO     Considered Choices:
INFO     	59.784%: freezedry
INFO     Choice: freezedry
INFO     klefki already has the move thunderwave. Decrementing the PP by 1
INFO     klefki used a status-move. Adding `assaultvest` to impossible items
INFO     Setting klefki's last used move: thunderwave
INFO     cryogonal got status: par
INFO     No longer guessing lumberry because cryogonal got status par
INFO     
INFO     Turn: 29
INFO     Sampling battle 0
INFO     	         klefki    prankster    leftovers [dazzlinggleam, foulplay, spikes, thunderwave] ttype=water
INFO     	        gallade    sharpness   choiceband [leafblade, nightslash, psychocut, sacredsword] ttype=dark
INFO     	      hydrapple  regenerator  choicespecs [dracometeor, earthpower, ficklebeam, leafstorm] ttype=dragon
INFO     	           hooh  regenerator heavydutyboots [bravebird, earthquake, recover, sacredfire] ttype=steel
INFO     	   avalugghisui       sturdy heavydutyboots [avalanche, bodypress, recover, stoneedge] ttype=poison
INFO     Sampling battle 1
INFO     	         klefki    prankster    leftovers [dazzlinggleam, foulplay, spikes, thunderwave] ttype=water
INFO     	        gallade    sharpness  choicescarf [leafblade, nightslash, psychocut, sacredsword] ttype=fighting
INFO     	      hydrapple  regenerator  choicespecs [dracometeor, earthpower, ficklebeam, leafstorm] ttype=dragon
INFO     	           hooh  regenerator heavydutyboots [bravebird, earthquake, recover, sacredfire] ttype=steel
INFO     	   avalugghisui       sturdy heavydutyboots [avalanche, rapidspin, recover, stoneedge] ttype=ghost
INFO     Searching for a move using MCTS...
INFO     Sampling 2 battles at 500ms each
INFO     Policy 0: freezedry visited 43.48% avg_score=0.396 sample_chance_multiplier=0.5
INFO     Policy 1: freezedry visited 35.78% avg_score=0.391 sample_chance_multiplier=0.5
INFO     Considered Choices:
INFO     	39.628%: freezedry
INFO     Choice: freezedry
INFO     Opponent has switched - clearing the last used move
INFO     cryogonal already has the move freezedry. Decrementing the PP by 1
INFO     cryogonal used a ice move, removing icegem from possible items
INFO     Setting cryogonal's last used move: freezedry
INFO     cryogonal used a damaging move - not guessing lifeorb anymore
INFO     cryogonal did 23.0% damage to hooh with freezedry
INFO     hooh has less than maxhp during upkeep, no longer guessing leftovers or blacksludge
INFO     
INFO     Turn: 30
INFO     Sampling battle 0
INFO     	           hooh  regenerator heavydutyboots [bravebird, earthquake, recover, sacredfire] ttype=ground
INFO     	        gallade    sharpness      lifeorb [agility, nightslash, psychocut, sacredsword] ttype=fighting
INFO     	      hydrapple  regenerator  assaultvest [dragontail, earthpower, ficklebeam, gigadrain] ttype=steel
INFO     	   avalugghisui       sturdy heavydutyboots [avalanche, bodypress, recover, stoneedge] ttype=ghost
INFO     	         klefki    prankster    leftovers [dazzlinggleam, foulplay, spikes, thunderwave] ttype=water
INFO     Sampling battle 1
INFO     	           hooh  regenerator heavydutyboots [bravebird, earthquake, recover, sacredfire] ttype=steel
INFO     	        gallade    sharpness  choicescarf [leafblade, nightslash, psychocut, sacredsword] ttype=dark
INFO     	      hydrapple  regenerator    leftovers [earthpower, ficklebeam, nastyplot, recover] ttype=steel
INFO     	   avalugghisui       sturdy heavydutyboots [avalanche, rapidspin, recover, stoneedge] ttype=flying
INFO     	         klefki    prankster    leftovers [dazzlinggleam, foulplay, spikes, thunderwave] ttype=flying
INFO     Searching for a move using MCTS...
INFO     Sampling 2 battles at 500ms each
INFO     Policy 0: switch lunala visited 78.45% avg_score=0.3 sample_chance_multiplier=0.5
INFO     Policy 1: switch lunala visited 77.22% avg_score=0.304 sample_chance_multiplier=0.5
INFO     Considered Choices:
INFO     	77.833%: switch lunala
INFO     Choice: switch lunala
INFO     hooh already has the move sacredfire. Decrementing the PP by 1
INFO     hooh used a fire move, removing firegem from possible items
INFO     Setting hooh's last used move: sacredfire
INFO     hooh used a damaging move - not guessing lifeorb anymore
INFO     Setting lunala's item to: leftovers
INFO     hooh has less than maxhp during upkeep, no longer guessing leftovers or blacksludge
INFO     
INFO     Turn: 31
INFO     Sampling battle 0
INFO     	           hooh  regenerator heavydutyboots [bravebird, earthquake, recover, sacredfire] ttype=steel
INFO     	        gallade    sharpness  choicescarf [leafblade, nightslash, psychocut, sacredsword] ttype=dark
INFO     	      hydrapple  regenerator  assaultvest [dragontail, earthpower, ficklebeam, leafstorm] ttype=steel
INFO     	   avalugghisui       sturdy heavydutyboots [avalanche, rapidspin, recover, stoneedge] ttype=poison
INFO     	         klefki    prankster    leftovers [dazzlinggleam, foulplay, spikes, thunderwave] ttype=water
INFO     Sampling battle 1
INFO     	           hooh  regenerator heavydutyboots [bravebird, earthquake, recover, sacredfire] ttype=steel
INFO     	        gallade    sharpness      lifeorb [agility, nightslash, psychocut, sacredsword] ttype=fighting
INFO     	      hydrapple  regenerator    leftovers [ficklebeam, gigadrain, nastyplot, recover] ttype=steel
INFO     	   avalugghisui       sturdy heavydutyboots [avalanche, rapidspin, recover, stoneedge] ttype=flying
INFO     	         klefki    prankster    leftovers [dazzlinggleam, foulplay, spikes, thunderwave] ttype=water
INFO     Searching for a move using MCTS...
INFO     Sampling 2 battles at 500ms each
INFO     Policy 0: switch cryogonal visited 30.73% avg_score=0.327 sample_chance_multiplier=0.5
INFO     Policy 1: switch cryogonal visited 36.38% avg_score=0.325 sample_chance_multiplier=0.5
INFO     Considered Choices:
INFO     	33.555%: switch cryogonal
INFO     Choice: switch cryogonal
INFO     Opponent has switched - clearing the last used move
INFO     hooh switched out with regenerator. Healing it to 257.84000000000003/268
INFO     
INFO     Turn: 32
INFO     Sampling battle 0
INFO     	         klefki    prankster    leftovers [dazzlinggleam, foulplay, spikes, thunderwave] ttype=water
INFO     	        gallade    sharpness   choiceband [leafblade, nightslash, psychocut, sacredsword] ttype=dark
INFO     	      hydrapple  regenerator  assaultvest [dragontail, earthpower, ficklebeam, leafstorm] ttype=steel
INFO     	   avalugghisui       sturdy heavydutyboots [avalanche, bodypress, recover, stoneedge] ttype=flying
INFO     	           hooh  regenerator heavydutyboots [bravebird, earthquake, recover, sacredfire] ttype=steel
INFO     Sampling battle 1
INFO     	         klefki    prankster    leftovers [dazzlinggleam, foulplay, spikes, thunderwave] ttype=flying
INFO     	        gallade    sharpness      lifeorb [agility, nightslash, psychocut, sacredsword] ttype=dark
INFO     	      hydrapple  regenerator    leftovers [earthpower, ficklebeam, nastyplot, recover] ttype=steel
INFO     	   avalugghisui       sturdy heavydutyboots [avalanche, bodypress, recover, stoneedge] ttype=ghost
INFO     	           hooh  regenerator heavydutyboots [bravebird, earthquake, recover, sacredfire] ttype=steel
INFO     Searching for a move using MCTS...
INFO     Sampling 2 battles at 500ms each
INFO     Policy 0: freezedry visited 46.73% avg_score=0.404 sample_chance_multiplier=0.5
INFO     Policy 1: freezedry visited 49.01% avg_score=0.406 sample_chance_multiplier=0.5
INFO     Considered Choices:
INFO     	47.868%: freezedry
INFO     Choice: freezedry
INFO     Opponent has switched - clearing the last used move
INFO     cryogonal already has the move freezedry. Decrementing the PP by 1
INFO     cryogonal used a ice move, removing icegem from possible items
INFO     Setting cryogonal's last used move: freezedry
INFO     cryogonal used a damaging move - not guessing lifeorb anymore
INFO     cryogonal did 22.0% damage to hooh with freezedry
INFO     hooh has less than maxhp during upkeep, no longer guessing leftovers or blacksludge
INFO     
INFO     Turn: 33
INFO     Sampling battle 0
INFO     	           hooh  regenerator heavydutyboots [bravebird, earthquake, recover, sacredfire] ttype=ground
INFO     	        gallade    sharpness      lifeorb [agility, nightslash, psychocut, sacredsword] ttype=dark
INFO     	      hydrapple  regenerator    leftovers [ficklebeam, gigadrain, nastyplot, recover] ttype=steel
INFO     	   avalugghisui       sturdy heavydutyboots [avalanche, rapidspin, recover, stoneedge] ttype=ghost
INFO     	         klefki    prankster    leftovers [dazzlinggleam, foulplay, spikes, thunderwave] ttype=flying
INFO     Sampling battle 1
INFO     	           hooh  regenerator heavydutyboots [bravebird, earthquake, recover, sacredfire] ttype=ground
INFO     	        gallade    sharpness      lifeorb [agility, nightslash, psychocut, sacredsword] ttype=dark
INFO     	      hydrapple  regenerator  assaultvest [dragontail, earthpower, ficklebeam, gigadrain] ttype=steel
INFO     	   avalugghisui       sturdy heavydutyboots [avalanche, rapidspin, recover, stoneedge] ttype=flying
INFO     	         klefki    prankster    leftovers [dazzlinggleam, foulplay, spikes, thunderwave] ttype=flying
INFO     Searching for a move using MCTS...
INFO     Sampling 2 battles at 500ms each
INFO     Policy 0: switch lunala visited 82.4% avg_score=0.322 sample_chance_multiplier=0.5
INFO     Policy 1: switch lunala visited 83.29% avg_score=0.321 sample_chance_multiplier=0.5
INFO     Considered Choices:
INFO     	82.843%: switch lunala
INFO     Choice: switch lunala
INFO     hooh already has the move sacredfire. Decrementing the PP by 1
INFO     hooh used a fire move, removing firegem from possible items
INFO     Setting hooh's last used move: sacredfire
INFO     hooh used a damaging move - not guessing lifeorb anymore
INFO     hooh did 34.089999999999996% damage to lunala with sacredfire
INFO     Setting lunala's item to: leftovers
INFO     hooh has less than maxhp during upkeep, no longer guessing leftovers or blacksludge
INFO     
INFO     Turn: 34
INFO     Sampling battle 0
INFO     	           hooh  regenerator heavydutyboots [bravebird, earthquake, recover, sacredfire] ttype=steel
INFO     	        gallade    sharpness  choicescarf [leafblade, nightslash, psychocut, sacredsword] ttype=dark
INFO     	      hydrapple  regenerator  assaultvest [dragontail, earthpower, ficklebeam, gigadrain] ttype=steel
INFO     	   avalugghisui       sturdy heavydutyboots [avalanche, rapidspin, recover, stoneedge] ttype=flying
INFO     	         klefki    prankster    leftovers [dazzlinggleam, foulplay, spikes, thunderwave] ttype=water
INFO     Sampling battle 1
INFO     	           hooh  regenerator heavydutyboots [bravebird, earthquake, recover, sacredfire] ttype=steel
INFO     	        gallade    sharpness      lifeorb [agility, nightslash, psychocut, sacredsword] ttype=dark
INFO     	      hydrapple  regenerator  assaultvest [dragontail, earthpower, ficklebeam, gigadrain] ttype=steel
INFO     	   avalugghisui       sturdy heavydutyboots [avalanche, rapidspin, recover, stoneedge] ttype=flying
INFO     	         klefki    prankster    leftovers [dazzlinggleam, foulplay, spikes, thunderwave] ttype=water
INFO     Searching for a move using MCTS...
INFO     Sampling 2 battles at 500ms each
INFO     Policy 0: moonlight visited 51.78% avg_score=0.413 sample_chance_multiplier=0.5
INFO     Policy 1: moonlight visited 54.5% avg_score=0.41 sample_chance_multiplier=0.5
INFO     Considered Choices:
INFO     	53.136%: moonlight
INFO     Choice: moonlight
INFO     Opponent has switched - clearing the last used move
INFO     hooh switched out with regenerator. Healing it to 268/268
INFO     lunala already has the move moonlight. Decrementing the PP by 1
INFO     lunala used a status-move. Adding `assaultvest` to impossible items
INFO     Setting lunala's last used move: moonlight
INFO     
INFO     Turn: 35
INFO     Sampling battle 0
INFO     	         klefki    prankster    leftovers [dazzlinggleam, foulplay, spikes, thunderwave] ttype=flying
INFO     	        gallade    sharpness   choiceband [leafblade, nightslash, psychocut, sacredsword] ttype=dark
INFO     	      hydrapple  regenerator  assaultvest [dragontail, earthpower, ficklebeam, gigadrain] ttype=steel
INFO     	   avalugghisui       sturdy heavydutyboots [avalanche, rapidspin, recover, stoneedge] ttype=ghost
INFO     	           hooh  regenerator heavydutyboots [bravebird, earthquake, recover, sacredfire] ttype=ground
INFO     Sampling battle 1
INFO     	         klefki    prankster    leftovers [dazzlinggleam, foulplay, spikes, thunderwave] ttype=water
INFO     	        gallade    sharpness   choiceband [leafblade, nightslash, psychocut, sacredsword] ttype=dark
INFO     	      hydrapple  regenerator  assaultvest [dragontail, earthpower, ficklebeam, gigadrain] ttype=steel
INFO     	   avalugghisui       sturdy heavydutyboots [avalanche, rapidspin, recover, stoneedge] ttype=poison
INFO     	           hooh  regenerator heavydutyboots [bravebird, earthquake, recover, sacredfire] ttype=ground
INFO     Searching for a move using MCTS...
INFO     Sampling 2 battles at 500ms each
INFO     Policy 0: switch cryogonal visited 65.52% avg_score=0.364 sample_chance_multiplier=0.5
INFO     Policy 1: switch cryogonal visited 66.16% avg_score=0.364 sample_chance_multiplier=0.5
INFO     Considered Choices:
INFO     	65.844%: switch cryogonal
INFO     Choice: switch cryogonal
INFO     klefki already has the move foulplay. Decrementing the PP by 1
INFO     klefki used a dark move, removing darkgem from possible items
INFO     Setting klefki's last used move: foulplay
INFO     klefki used a damaging move - not guessing lifeorb anymore
INFO     klefki did 21.95% damage to cryogonal with foulplay
INFO     
INFO     Turn: 36
INFO     Sampling battle 0
INFO     	         klefki    prankster    leftovers [dazzlinggleam, foulplay, spikes, thunderwave] ttype=flying
INFO     	        gallade    sharpness      lifeorb [agility, nightslash, psychocut, sacredsword] ttype=fighting
INFO     	      hydrapple  regenerator  assaultvest [dragontail, earthpower, ficklebeam, leafstorm] ttype=steel
INFO     	   avalugghisui       sturdy heavydutyboots [avalanche, rapidspin, recover, stoneedge] ttype=poison
INFO     	           hooh  regenerator heavydutyboots [bravebird, earthquake, recover, sacredfire] ttype=steel
INFO     Sampling battle 1
INFO     	         klefki    prankster    leftovers [dazzlinggleam, foulplay, spikes, thunderwave] ttype=flying
INFO     	        gallade    sharpness   choiceband [leafblade, nightslash, psychocut, sacredsword] ttype=fighting
INFO     	      hydrapple  regenerator  choicespecs [dracometeor, earthpower, ficklebeam, leafstorm] ttype=steel
INFO     	   avalugghisui       sturdy heavydutyboots [avalanche, bodypress, recover, stoneedge] ttype=flying
INFO     	           hooh  regenerator heavydutyboots [bravebird, earthquake, recover, sacredfire] ttype=steel
INFO     Searching for a move using MCTS...
INFO     Sampling 2 battles at 500ms each
INFO     Policy 0: recover visited 39.66% avg_score=0.422 sample_chance_multiplier=0.5
INFO     Policy 1: recover visited 32.34% avg_score=0.418 sample_chance_multiplier=0.5
INFO     Considered Choices:
INFO     	36.0%: recover
INFO     Choice: recover
INFO     Opponent has switched - clearing the last used move
INFO     
INFO     Turn: 37
INFO     Sampling battle 0
INFO     	           hooh  regenerator heavydutyboots [bravebird, earthquake, recover, sacredfire] ttype=ground
INFO     	        gallade    sharpness      lifeorb [agility, nightslash, psychocut, sacredsword] ttype=fighting
INFO     	      hydrapple  regenerator  choicespecs [dracometeor, earthpower, ficklebeam, leafstorm] ttype=steel
INFO     	   avalugghisui       sturdy heavydutyboots [avalanche, bodypress, recover, stoneedge] ttype=poison
INFO     	         klefki    prankster    leftovers [dazzlinggleam, foulplay, spikes, thunderwave] ttype=water
INFO     Sampling battle 1
INFO     	           hooh  regenerator heavydutyboots [bravebird, earthquake, recover, sacredfire] ttype=steel
INFO     	        gallade    sharpness  choicescarf [leafblade, nightslash, psychocut, sacredsword] ttype=dark
INFO     	      hydrapple  regenerator  assaultvest [dragontail, earthpower, ficklebeam, gigadrain] ttype=steel
INFO     	   avalugghisui       sturdy heavydutyboots [avalanche, bodypress, recover, stoneedge] ttype=ghost
INFO     	         klefki    prankster    leftovers [dazzlinggleam, foulplay, spikes, thunderwave] ttype=flying
INFO     Searching for a move using MCTS...
INFO     Sampling 2 battles at 500ms each
INFO     Policy 0: switch lunala visited 40.17% avg_score=0.35 sample_chance_multiplier=0.5
INFO     Policy 1: switch lunala visited 41.14% avg_score=0.345 sample_chance_multiplier=0.5
INFO     Considered Choices:
INFO     	40.657%: switch lunala
INFO     	35.491%: recover
INFO     Choice: switch lunala
INFO     hooh already has the move bravebird. Decrementing the PP by 1
INFO     hooh used a flying move, removing flyinggem from possible items
INFO     Setting hooh's last used move: bravebird
INFO     hooh used a damaging move - not guessing lifeorb anymore
INFO     hooh did 43.18% damage to lunala with bravebird
INFO     Setting lunala's item to: leftovers
INFO     hooh has less than maxhp during upkeep, no longer guessing leftovers or blacksludge
INFO     
INFO     Turn: 38
INFO     Sampling battle 0
INFO     	           hooh  regenerator heavydutyboots [bravebird, earthquake, recover, sacredfire] ttype=ground
INFO     	        gallade    sharpness  choicescarf [leafblade, nightslash, psychocut, sacredsword] ttype=dark
INFO     	      hydrapple  regenerator  choicespecs [dracometeor, earthpower, ficklebeam, leafstorm] ttype=dragon
INFO     	   avalugghisui       sturdy heavydutyboots [avalanche, rapidspin, recover, stoneedge] ttype=ghost
INFO     	         klefki    prankster    leftovers [dazzlinggleam, foulplay, spikes, thunderwave] ttype=flying
INFO     Sampling battle 1
INFO     	           hooh  regenerator heavydutyboots [bravebird, earthquake, recover, sacredfire] ttype=ground
INFO     	        gallade    sharpness      lifeorb [agility, nightslash, psychocut, sacredsword] ttype=dark
INFO     	      hydrapple  regenerator  assaultvest [dragontail, earthpower, ficklebeam, leafstorm] ttype=steel
INFO     	   avalugghisui       sturdy heavydutyboots [avalanche, bodypress, recover, stoneedge] ttype=flying
INFO     	         klefki    prankster    leftovers [dazzlinggleam, foulplay, spikes, thunderwave] ttype=flying
INFO     Searching for a move using MCTS...
INFO     Sampling 2 battles at 500ms each
INFO     Policy 0: moonlight visited 79.31% avg_score=0.479 sample_chance_multiplier=0.5
INFO     Policy 1: moonlight visited 90.95% avg_score=0.466 sample_chance_multiplier=0.5
INFO     Considered Choices:
INFO     	85.132%: moonlight
INFO     Choice: moonlight
INFO     Opponent has switched - clearing the last used move
INFO     hooh switched out with regenerator. Healing it to 268/268
INFO     lunala already has the move moonlight. Decrementing the PP by 1
INFO     lunala used a status-move. Adding `assaultvest` to impossible items
INFO     Setting lunala's last used move: moonlight
INFO     
INFO     Turn: 39
INFO     Sampling battle 0
INFO     	         klefki    prankster    leftovers [dazzlinggleam, foulplay, spikes, thunderwave] ttype=flying
INFO     	        gallade    sharpness      lifeorb [agility, nightslash, psychocut, sacredsword] ttype=fighting
INFO     	      hydrapple  regenerator  assaultvest [dragontail, earthpower, ficklebeam, gigadrain] ttype=steel
INFO     	   avalugghisui       sturdy heavydutyboots [avalanche, bodypress, recover, stoneedge] ttype=poison
INFO     	           hooh  regenerator heavydutyboots [bravebird, earthquake, recover, sacredfire] ttype=ground
INFO     Sampling battle 1
INFO     	         klefki    prankster    leftovers [dazzlinggleam, foulplay, spikes, thunderwave] ttype=water
INFO     	        gallade    sharpness      lifeorb [agility, nightslash, psychocut, sacredsword] ttype=fighting
INFO     	      hydrapple  regenerator  assaultvest [dragontail, earthpower, ficklebeam, leafstorm] ttype=steel
INFO     	   avalugghisui       sturdy heavydutyboots [avalanche, bodypress, recover, stoneedge] ttype=flying
INFO     	           hooh  regenerator heavydutyboots [bravebird, earthquake, recover, sacredfire] ttype=ground
INFO     Searching for a move using MCTS...
INFO     Sampling 2 battles at 500ms each
INFO     Policy 0: switch cryogonal visited 70.43% avg_score=0.388 sample_chance_multiplier=0.5
INFO     Policy 1: switch cryogonal visited 68.99% avg_score=0.386 sample_chance_multiplier=0.5
INFO     Considered Choices:
INFO     	69.712%: switch cryogonal
INFO     Choice: switch cryogonal
INFO     klefki already has the move foulplay. Decrementing the PP by 1
INFO     klefki used a dark move, removing darkgem from possible items
INFO     Setting klefki's last used move: foulplay
INFO     klefki used a damaging move - not guessing lifeorb anymore
INFO     klefki did 20.560000000000002% damage to cryogonal with foulplay
INFO     
INFO     Turn: 40
INFO     Sampling battle 0
INFO     	         klefki    prankster    leftovers [dazzlinggleam, foulplay, spikes, thunderwave] ttype=water
INFO     	        gallade    sharpness      lifeorb [agility, nightslash, psychocut, sacredsword] ttype=fighting
INFO     	      hydrapple  regenerator    leftovers [ficklebeam, gigadrain, nastyplot, recover] ttype=steel
INFO     	   avalugghisui       sturdy heavydutyboots [avalanche, bodypress, recover, stoneedge] ttype=ghost
INFO     	           hooh  regenerator heavydutyboots [bravebird, earthquake, recover, sacredfire] ttype=ground
INFO     Sampling battle 1
INFO     	         klefki    prankster    leftovers [dazzlinggleam, foulplay, spikes, thunderwave] ttype=flying
INFO     	        gallade    sharpness  choicescarf [leafblade, nightslash, psychocut, sacredsword] ttype=grass
INFO     	      hydrapple  regenerator  choicespecs [dracometeor, earthpower, ficklebeam, leafstorm] ttype=dragon
INFO     	   avalugghisui       sturdy heavydutyboots [avalanche, rapidspin, recover, stoneedge] ttype=flying
INFO     	           hooh  regenerator heavydutyboots [bravebird, earthquake, recover, sacredfire] ttype=ground
INFO     Searching for a move using MCTS...
INFO     Sampling 2 battles at 500ms each
INFO     Policy 0: recover visited 35.73% avg_score=0.433 sample_chance_multiplier=0.5
INFO     Policy 1: recover visited 60.53% avg_score=0.425 sample_chance_multiplier=0.5
INFO     Considered Choices:
INFO     	48.128%: recover
INFO     Choice: recover
INFO     Opponent has switched - clearing the last used move
INFO     cryogonal already has the move recover. Decrementing the PP by 1
INFO     cryogonal using recover makes it unlikely to have a choice item. Setting can_have_choice_item to False
INFO     cryogonal used a status-move. Adding `assaultvest` to impossible items
INFO     Setting cryogonal's last used move: recover
INFO     
INFO     Turn: 41
INFO     Sampling battle 0
INFO     	   avalugghisui       sturdy heavydutyboots [avalanche, rapidspin, recover, stoneedge] ttype=ghost
INFO     	        gallade    sharpness      lifeorb [agility, nightslash, psychocut, sacredsword] ttype=dark
INFO     	      hydrapple  regenerator    leftovers [ficklebeam, gigadrain, nastyplot, recover] ttype=steel
INFO     	           hooh  regenerator heavydutyboots [bravebird, earthquake, recover, sacredfire] ttype=steel
INFO     	         klefki    prankster    leftovers [dazzlinggleam, foulplay, spikes, thunderwave] ttype=water
INFO     Sampling battle 1
INFO     	   avalugghisui       sturdy heavydutyboots [avalanche, bodypress, recover, stoneedge] ttype=poison
INFO     	        gallade    sharpness      lifeorb [agility, nightslash, psychocut, sacredsword] ttype=fighting
INFO     	      hydrapple  regenerator  assaultvest [dragontail, earthpower, ficklebeam, leafstorm] ttype=steel
INFO     	           hooh  regenerator heavydutyboots [bravebird, earthquake, recover, sacredfire] ttype=steel
INFO     	         klefki    prankster    leftovers [dazzlinggleam, foulplay, spikes, thunderwave] ttype=water
INFO     Searching for a move using MCTS...
INFO     Sampling 2 battles at 500ms each
INFO     Policy 0: switch flamigo visited 51.24% avg_score=0.319 sample_chance_multiplier=0.5
INFO     Policy 1: switch flamigo visited 55.94% avg_score=0.317 sample_chance_multiplier=0.5
INFO     Considered Choices:
INFO     	53.592%: switch flamigo
INFO     Choice: switch flamigo
INFO     avalugghisui already has the move stoneedge. Decrementing the PP by 1
INFO     avalugghisui used a rock move, removing rockgem from possible items
INFO     Setting avalugghisui's last used move: stoneedge
INFO     avalugghisui used a damaging move - not guessing lifeorb anymore
INFO     avalugghisui did 66.91% damage to flamigo with stoneedge
INFO     
INFO     Turn: 42
INFO     Sampling battle 0
INFO     	   avalugghisui       sturdy heavydutyboots [avalanche, bodypress, recover, stoneedge] ttype=flying
INFO     	        gallade    sharpness   choiceband [leafblade, nightslash, psychocut, sacredsword] ttype=dark
INFO     	      hydrapple  regenerator  choicespecs [dracometeor, earthpower, ficklebeam, leafstorm] ttype=dragon
INFO     	           hooh  regenerator heavydutyboots [bravebird, earthquake, recover, sacredfire] ttype=ground
INFO     	         klefki    prankster    leftovers [dazzlinggleam, foulplay, spikes, thunderwave] ttype=flying
INFO     Sampling battle 1
INFO     	   avalugghisui       sturdy heavydutyboots [avalanche, rapidspin, recover, stoneedge] ttype=flying
INFO     	        gallade    sharpness      lifeorb [agility, nightslash, psychocut, sacredsword] ttype=dark
INFO     	      hydrapple  regenerator  assaultvest [dragontail, earthpower, ficklebeam, leafstorm] ttype=steel
INFO     	           hooh  regenerator heavydutyboots [bravebird, earthquake, recover, sacredfire] ttype=ground
INFO     	         klefki    prankster    leftovers [dazzlinggleam, foulplay, spikes, thunderwave] ttype=water
INFO     Searching for a move using MCTS...
INFO     Sampling 2 battles at 500ms each
INFO     Policy 0: bravebird visited 40.79% avg_score=0.455 sample_chance_multiplier=0.5
INFO     Policy 1: bravebird visited 44.83% avg_score=0.458 sample_chance_multiplier=0.5
INFO     Considered Choices:
INFO     	42.812%: bravebird
INFO     	37.38%: closecombat
INFO     Choice: bravebird
INFO     flamigo already has the move bravebird. Decrementing the PP by 1
INFO     flamigo used a flying move, removing flyinggem from possible items
INFO     Setting flamigo's last used move: bravebird
INFO     flamigo used a damaging move - not guessing lifeorb anymore
INFO     flamigo did 11.0% damage to avalugghisui with bravebird
INFO     avalugghisui used two different moves - it cannot have a choice item
INFO     avalugghisui used a ice move, removing icegem from possible items
INFO     Setting avalugghisui's last used move: avalanche
INFO     avalugghisui used a damaging move - not guessing lifeorb anymore
INFO     avalugghisui did 28.62% damage to flamigo with avalanche
INFO     avalugghisui has less than maxhp during upkeep, no longer guessing leftovers or blacksludge
INFO     Sampling battle 0
INFO     	   avalugghisui       sturdy heavydutyboots [avalanche, rapidspin, recover, stoneedge] ttype=flying
INFO     	        gallade    sharpness      lifeorb [agility, nightslash, psychocut, sacredsword] ttype=dark
INFO     	      hydrapple  regenerator    leftovers [ficklebeam, gigadrain, nastyplot, recover] ttype=steel
INFO     	           hooh  regenerator heavydutyboots [bravebird, earthquake, recover, sacredfire] ttype=steel
INFO     	         klefki    prankster    leftovers [dazzlinggleam, foulplay, spikes, thunderwave] ttype=flying
INFO     Sampling battle 1
INFO     	   avalugghisui       sturdy heavydutyboots [avalanche, rapidspin, recover, stoneedge] ttype=poison
INFO     	        gallade    sharpness  choicescarf [leafblade, nightslash, psychocut, sacredsword] ttype=fighting
INFO     	      hydrapple  regenerator  choicespecs [dracometeor, earthpower, ficklebeam, leafstorm] ttype=dragon
INFO     	           hooh  regenerator heavydutyboots [bravebird, earthquake, recover, sacredfire] ttype=steel
INFO     	         klefki    prankster    leftovers [dazzlinggleam, foulplay, spikes, thunderwave] ttype=flying
INFO     Searching for a move using MCTS...
INFO     Sampling 2 battles at 500ms each
INFO     Policy 0: switch lunala visited 96.49% avg_score=0.402 sample_chance_multiplier=0.5
INFO     Policy 1: switch lunala visited 97.51% avg_score=0.421 sample_chance_multiplier=0.5
INFO     Considered Choices:
INFO     	97.003%: switch lunala
INFO     Choice: switch lunala
INFO     
INFO     Turn: 43
INFO     Sampling battle 0
INFO     	   avalugghisui       sturdy heavydutyboots [avalanche, rapidspin, recover, stoneedge] ttype=flying
INFO     	        gallade    sharpness  choicescarf [leafblade, nightslash, psychocut, sacredsword] ttype=fighting
INFO     	      hydrapple  regenerator  assaultvest [dragontail, earthpower, ficklebeam, gigadrain] ttype=steel
INFO     	           hooh  regenerator heavydutyboots [bravebird, earthquake, recover, sacredfire] ttype=steel
INFO     	         klefki    prankster    leftovers [dazzlinggleam, foulplay, spikes, thunderwave] ttype=flying
INFO     Sampling battle 1
INFO     	   avalugghisui       sturdy heavydutyboots [avalanche, rapidspin, recover, stoneedge] ttype=ghost
INFO     	        gallade    sharpness  choicescarf [leafblade, nightslash, psychocut, sacredsword] ttype=dark
INFO     	      hydrapple  regenerator  assaultvest [dragontail, earthpower, ficklebeam, leafstorm] ttype=steel
INFO     	           hooh  regenerator heavydutyboots [bravebird, earthquake, recover, sacredfire] ttype=steel
INFO     	         klefki    prankster    leftovers [dazzlinggleam, foulplay, spikes, thunderwave] ttype=flying
INFO     Searching for a move using MCTS...
INFO     Sampling 2 battles at 500ms each
INFO     Policy 0: switch cryogonal visited 41.57% avg_score=0.424 sample_chance_multiplier=0.5
INFO     Policy 1: switch cryogonal visited 41.55% avg_score=0.425 sample_chance_multiplier=0.5
INFO     Considered Choices:
INFO     	41.559%: switch cryogonal
INFO     	32.034%: moongeistbeam
INFO     Choice: switch cryogonal
INFO     Opponent has switched - clearing the last used move
INFO     
INFO     Turn: 44
INFO     Sampling battle 0
INFO     	         klefki    prankster    leftovers [dazzlinggleam, foulplay, spikes, thunderwave] ttype=water
INFO     	        gallade    sharpness   choiceband [leafblade, nightslash, psychocut, sacredsword] ttype=dark
INFO     	      hydrapple  regenerator  choicespecs [dracometeor, earthpower, ficklebeam, leafstorm] ttype=steel
INFO     	           hooh  regenerator heavydutyboots [bravebird, earthquake, recover, sacredfire] ttype=steel
INFO     	   avalugghisui       sturdy heavydutyboots [avalanche, rapidspin, recover, stoneedge] ttype=flying
INFO     Sampling battle 1
INFO     	         klefki    prankster    leftovers [dazzlinggleam, foulplay, spikes, thunderwave] ttype=water
INFO     	        gallade    sharpness  choicescarf [leafblade, nightslash, psychocut, sacredsword] ttype=fighting
INFO     	      hydrapple  regenerator  assaultvest [dragontail, earthpower, ficklebeam, leafstorm] ttype=steel
INFO     	           hooh  regenerator heavydutyboots [bravebird, earthquake, recover, sacredfire] ttype=steel
INFO     	   avalugghisui       sturdy heavydutyboots [avalanche, bodypress, recover, stoneedge] ttype=poison
INFO     Searching for a move using MCTS...
INFO     Sampling 2 battles at 500ms each
INFO     Policy 0: freezedry visited 75.15% avg_score=0.378 sample_chance_multiplier=0.5
INFO     Policy 1: freezedry visited 43.59% avg_score=0.375 sample_chance_multiplier=0.5
INFO     Considered Choices:
INFO     	59.373%: freezedry
INFO     Choice: freezedry
INFO     Opponent has switched - clearing the last used move
INFO     cryogonal already has the move freezedry. Decrementing the PP by 1
INFO     cryogonal used a ice move, removing icegem from possible items
INFO     Setting cryogonal's last used move: freezedry
INFO     cryogonal used a damaging move - not guessing lifeorb anymore
INFO     cryogonal did 19.0% damage to avalugghisui with freezedry
INFO     avalugghisui has less than maxhp during upkeep, no longer guessing leftovers or blacksludge
INFO     
INFO     Turn: 45
INFO     Sampling battle 0
INFO     	   avalugghisui       sturdy heavydutyboots [avalanche, rapidspin, recover, stoneedge] ttype=poison
INFO     	        gallade    sharpness  choicescarf [leafblade, nightslash, psychocut, sacredsword] ttype=grass
INFO     	      hydrapple  regenerator    leftovers [ficklebeam, gigadrain, nastyplot, recover] ttype=steel
INFO     	           hooh  regenerator heavydutyboots [bravebird, earthquake, recover, sacredfire] ttype=ground
INFO     	         klefki    prankster    leftovers [dazzlinggleam, foulplay, spikes, thunderwave] ttype=flying
INFO     Sampling battle 1
INFO     	   avalugghisui       sturdy heavydutyboots [avalanche, bodypress, recover, stoneedge] ttype=flying
INFO     	        gallade    sharpness      lifeorb [agility, nightslash, psychocut, sacredsword] ttype=fighting
INFO     	      hydrapple  regenerator  assaultvest [dragontail, earthpower, ficklebeam, gigadrain] ttype=steel
INFO     	           hooh  regenerator heavydutyboots [bravebird, earthquake, recover, sacredfire] ttype=ground
INFO     	         klefki    prankster    leftovers [dazzlinggleam, foulplay, spikes, thunderwave] ttype=flying
INFO     Searching for a move using MCTS...
INFO     Sampling 2 battles at 500ms each
INFO     Policy 0: switch lunala visited 70.78% avg_score=0.212 sample_chance_multiplier=0.5
INFO     Policy 1: switch lunala visited 38.91% avg_score=0.221 sample_chance_multiplier=0.5
INFO     Considered Choices:
INFO     	54.847%: switch lunala
INFO     Choice: switch lunala
INFO     avalugghisui already has the move stoneedge. Decrementing the PP by 1
INFO     avalugghisui used a rock move, removing rockgem from possible items
INFO     Setting avalugghisui's last used move: stoneedge
INFO     avalugghisui used a damaging move - not guessing lifeorb anymore
INFO     avalugghisui did 56.82000000000001% damage to lunala with stoneedge
INFO     Setting lunala's item to: leftovers
INFO     avalugghisui has less than maxhp during upkeep, no longer guessing leftovers or blacksludge
INFO     
INFO     Turn: 46
INFO     Sampling battle 0
INFO     	   avalugghisui       sturdy heavydutyboots [avalanche, bodypress, recover, stoneedge] ttype=poison
INFO     	        gallade    sharpness  choicescarf [leafblade, nightslash, psychocut, sacredsword] ttype=fighting
INFO     	      hydrapple  regenerator  choicespecs [dracometeor, earthpower, ficklebeam, leafstorm] ttype=steel
INFO     	           hooh  regenerator heavydutyboots [bravebird, earthquake, recover, sacredfire] ttype=steel
INFO     	         klefki    prankster    leftovers [dazzlinggleam, foulplay, spikes, thunderwave] ttype=flying
INFO     Sampling battle 1
INFO     	   avalugghisui       sturdy heavydutyboots [avalanche, rapidspin, recover, stoneedge] ttype=poison
INFO     	        gallade    sharpness      lifeorb [agility, nightslash, psychocut, sacredsword] ttype=fighting
INFO     	      hydrapple  regenerator  choicespecs [dracometeor, earthpower, ficklebeam, leafstorm] ttype=steel
INFO     	           hooh  regenerator heavydutyboots [bravebird, earthquake, recover, sacredfire] ttype=ground
INFO     	         klefki    prankster    leftovers [dazzlinggleam, foulplay, spikes, thunderwave] ttype=flying
INFO     Searching for a move using MCTS...
INFO     Sampling 2 battles at 500ms each
INFO     Policy 0: moonlight visited 67.55% avg_score=0.186 sample_chance_multiplier=0.5
INFO     Policy 1: moonlight visited 65.58% avg_score=0.213 sample_chance_multiplier=0.5
INFO     Considered Choices:
INFO     	66.564%: moonlight
INFO     Choice: moonlight
INFO     Opponent has switched - clearing the last used move
INFO     lunala already has the move moonlight. Decrementing the PP by 1
INFO     lunala used a status-move. Adding `assaultvest` to impossible items
INFO     Setting lunala's last used move: moonlight
INFO     Setting lunala's item to: leftovers
INFO     
INFO     Turn: 47
INFO     Sampling battle 0
INFO     	         klefki    prankster    leftovers [dazzlinggleam, foulplay, spikes, thunderwave] ttype=water
INFO     	        gallade    sharpness  choicescarf [leafblade, nightslash, psychocut, sacredsword] ttype=grass
INFO     	      hydrapple  regenerator  assaultvest [dragontail, earthpower, ficklebeam, gigadrain] ttype=steel
INFO     	           hooh  regenerator heavydutyboots [bravebird, earthquake, recover, sacredfire] ttype=steel
INFO     	   avalugghisui       sturdy heavydutyboots [avalanche, bodypress, recover, stoneedge] ttype=flying
INFO     Sampling battle 1
INFO     	         klefki    prankster    leftovers [dazzlinggleam, foulplay, spikes, thunderwave] ttype=water
INFO     	        gallade    sharpness      lifeorb [agility, nightslash, psychocut, sacredsword] ttype=dark
INFO     	      hydrapple  regenerator  assaultvest [dragontail, earthpower, ficklebeam, gigadrain] ttype=steel
INFO     	           hooh  regenerator heavydutyboots [bravebird, earthquake, recover, sacredfire] ttype=ground
INFO     	   avalugghisui       sturdy heavydutyboots [avalanche, rapidspin, recover, stoneedge] ttype=flying
INFO     Searching for a move using MCTS...
INFO     Sampling 2 battles at 500ms each
INFO     Policy 0: switch cryogonal visited 85.38% avg_score=0.33 sample_chance_multiplier=0.5
INFO     Policy 1: switch cryogonal visited 84.46% avg_score=0.33 sample_chance_multiplier=0.5
INFO     Considered Choices:
INFO     	84.917%: switch cryogonal
INFO     Choice: switch cryogonal
INFO     klefki already has the move foulplay. Decrementing the PP by 1
INFO     klefki used a dark move, removing darkgem from possible items
INFO     Setting klefki's last used move: foulplay
INFO     klefki used a damaging move - not guessing lifeorb anymore
INFO     klefki did 21.95% damage to cryogonal with foulplay
INFO     
INFO     Turn: 48
INFO     Sampling battle 0
INFO     	         klefki    prankster    leftovers [dazzlinggleam, foulplay, spikes, thunderwave] ttype=flying
INFO     	        gallade    sharpness   choiceband [leafblade, nightslash, psychocut, sacredsword] ttype=fighting
INFO     	      hydrapple  regenerator  assaultvest [dragontail, earthpower, ficklebeam, gigadrain] ttype=steel
INFO     	           hooh  regenerator heavydutyboots [bravebird, earthquake, recover, sacredfire] ttype=ground
INFO     	   avalugghisui       sturdy heavydutyboots [avalanche, bodypress, recover, stoneedge] ttype=poison
INFO     Sampling battle 1
INFO     	         klefki    prankster    leftovers [dazzlinggleam, foulplay, spikes, thunderwave] ttype=flying
INFO     	        gallade    sharpness      lifeorb [agility, nightslash, psychocut, sacredsword] ttype=fighting
INFO     	      hydrapple  regenerator    leftovers [ficklebeam, gigadrain, nastyplot, recover] ttype=steel
INFO     	           hooh  regenerator heavydutyboots [bravebird, earthquake, recover, sacredfire] ttype=steel
INFO     	   avalugghisui       sturdy heavydutyboots [avalanche, bodypress, recover, stoneedge] ttype=flying
INFO     Searching for a move using MCTS...
INFO     Sampling 2 battles at 500ms each
INFO     Policy 0: freezedry visited 33.84% avg_score=0.346 sample_chance_multiplier=0.5
INFO     Policy 1: recover visited 31.38% avg_score=0.339 sample_chance_multiplier=0.5
INFO     Considered Choices:
INFO     	32.283%: freezedry
INFO     	30.789%: recover
INFO     Choice: freezedry
INFO     Opponent has switched - clearing the last used move
INFO     cryogonal already has the move freezedry. Decrementing the PP by 1
INFO     cryogonal used a ice move, removing icegem from possible items
INFO     Setting cryogonal's last used move: freezedry
INFO     cryogonal used a damaging move - not guessing lifeorb anymore
INFO     cryogonal did 23.0% damage to hooh with freezedry
INFO     hooh got status: frz
INFO     No longer guessing lumberry because hooh got status frz
INFO     hooh has less than maxhp during upkeep, no longer guessing leftovers or blacksludge
INFO     
INFO     Turn: 49
INFO     Sampling battle 0
INFO     	           hooh  regenerator heavydutyboots [bravebird, earthquake, recover, sacredfire] ttype=steel
INFO     	        gallade    sharpness  choicescarf [leafblade, nightslash, psychocut, sacredsword] ttype=fighting
INFO     	      hydrapple  regenerator  assaultvest [dragontail, earthpower, ficklebeam, leafstorm] ttype=steel
INFO     	   avalugghisui       sturdy heavydutyboots [avalanche, bodypress, recover, stoneedge] ttype=poison
INFO     	         klefki    prankster    leftovers [dazzlinggleam, foulplay, spikes, thunderwave] ttype=water
INFO     Sampling battle 1
INFO     	           hooh  regenerator heavydutyboots [bravebird, earthquake, recover, sacredfire] ttype=ground
INFO     	        gallade    sharpness  choicescarf [leafblade, nightslash, psychocut, sacredsword] ttype=fighting
INFO     	      hydrapple  regenerator    leftovers [earthpower, ficklebeam, nastyplot, recover] ttype=steel
INFO     	   avalugghisui       sturdy heavydutyboots [avalanche, rapidspin, recover, stoneedge] ttype=poison
INFO     	         klefki    prankster    leftovers [dazzlinggleam, foulplay, spikes, thunderwave] ttype=flying
INFO     Searching for a move using MCTS...
INFO     Sampling 2 battles at 500ms each
INFO     Policy 0: switch lunala visited 32.87% avg_score=0.119 sample_chance_multiplier=0.5
INFO     Policy 1: switch lunala visited 34.04% avg_score=0.12 sample_chance_multiplier=0.5
INFO     Considered Choices:
INFO     	33.455%: switch lunala
INFO     Choice: switch lunala
INFO     hooh already has the move sacredfire. Decrementing the PP by 1
INFO     hooh used a fire move, removing firegem from possible items
INFO     Setting hooh's last used move: sacredfire
INFO     hooh used a damaging move - not guessing lifeorb anymore
INFO     hooh did 35.39% damage to lunala with sacredfire
INFO     Setting lunala's item to: leftovers
INFO     hooh has less than maxhp during upkeep, no longer guessing leftovers or blacksludge
INFO     
INFO     Turn: 50
INFO     Sampling battle 0
INFO     	           hooh  regenerator heavydutyboots [bravebird, earthquake, recover, sacredfire] ttype=ground
INFO     	        gallade    sharpness  choicescarf [leafblade, nightslash, psychocut, sacredsword] ttype=grass
INFO     	      hydrapple  regenerator  choicespecs [dracometeor, earthpower, ficklebeam, leafstorm] ttype=dragon
INFO     	   avalugghisui       sturdy heavydutyboots [avalanche, bodypress, recover, stoneedge] ttype=flying
INFO     	         klefki    prankster    leftovers [dazzlinggleam, foulplay, spikes, thunderwave] ttype=water
INFO     Sampling battle 1
INFO     	           hooh  regenerator heavydutyboots [bravebird, earthquake, recover, sacredfire] ttype=steel
INFO     	        gallade    sharpness      lifeorb [agility, nightslash, psychocut, sacredsword] ttype=dark
INFO     	      hydrapple  regenerator  assaultvest [dragontail, earthpower, ficklebeam, leafstorm] ttype=steel
INFO     	   avalugghisui       sturdy heavydutyboots [avalanche, rapidspin, recover, stoneedge] ttype=ghost
INFO     	         klefki    prankster    leftovers [dazzlinggleam, foulplay, spikes, thunderwave] ttype=flying
INFO     Searching for a move using MCTS...
INFO     Sampling 2 battles at 500ms each
INFO     Policy 0: moonlight visited 51.58% avg_score=0.153 sample_chance_multiplier=0.5
INFO     Policy 1: moonlight visited 54.09% avg_score=0.149 sample_chance_multiplier=0.5
INFO     Considered Choices:
INFO     	52.836%: moonlight
INFO     	39.664%: switch cryogonal
INFO     Choice: switch cryogonal
INFO     hooh already has the move bravebird. Decrementing the PP by 1
INFO     hooh used two different moves - it cannot have a choice item
INFO     hooh used a flying move, removing flyinggem from possible items
INFO     Setting hooh's last used move: bravebird
INFO     hooh used a damaging move - not guessing lifeorb anymore
INFO     hooh did 55.75% damage to cryogonal with bravebird
INFO     hooh has less than maxhp during upkeep, no longer guessing leftovers or blacksludge
INFO     
INFO     Turn: 51
INFO     Sampling battle 0
INFO     	           hooh  regenerator heavydutyboots [bravebird, earthquake, recover, sacredfire] ttype=steel
INFO     	        gallade    sharpness   choiceband [leafblade, nightslash, psychocut, sacredsword] ttype=grass
INFO     	      hydrapple  regenerator  assaultvest [dragontail, earthpower, ficklebeam, gigadrain] ttype=steel
INFO     	   avalugghisui       sturdy heavydutyboots [avalanche, bodypress, recover, stoneedge] ttype=poison
INFO     	         klefki    prankster    leftovers [dazzlinggleam, foulplay, spikes, thunderwave] ttype=flying
INFO     Sampling battle 1
INFO     	           hooh  regenerator heavydutyboots [bravebird, earthquake, recover, sacredfire] ttype=steel
INFO     	        gallade    sharpness  choicescarf [leafblade, nightslash, psychocut, sacredsword] ttype=dark
INFO     	      hydrapple  regenerator  assaultvest [dragontail, earthpower, ficklebeam, leafstorm] ttype=steel
INFO     	   avalugghisui       sturdy heavydutyboots [avalanche, bodypress, recover, stoneedge] ttype=poison
INFO     	         klefki    prankster    leftovers [dazzlinggleam, foulplay, spikes, thunderwave] ttype=flying
INFO     Searching for a move using MCTS...
INFO     Sampling 2 battles at 500ms each
INFO     Policy 0: switch lunala visited 28.55% avg_score=0.057 sample_chance_multiplier=0.5
INFO     Policy 1: switch lunala visited 29.15% avg_score=0.055 sample_chance_multiplier=0.5
INFO     Considered Choices:
INFO     	28.853%: switch lunala
INFO     Choice: switch lunala
INFO     hooh used two different moves - it cannot have a choice item
INFO     hooh using recover makes it unlikely to have a choice item. Setting can_have_choice_item to False
INFO     hooh used a status-move. Adding `assaultvest` to impossible items
INFO     Setting hooh's last used move: recover
INFO     Setting lunala's item to: leftovers
INFO     
INFO     Turn: 52
INFO     Sampling battle 0
INFO     	           hooh  regenerator heavydutyboots [bravebird, earthquake, recover, sacredfire] ttype=steel
INFO     	        gallade    sharpness  choicescarf [leafblade, nightslash, psychocut, sacredsword] ttype=grass
INFO     	      hydrapple  regenerator  assaultvest [dragontail, earthpower, ficklebeam, leafstorm] ttype=steel
INFO     	   avalugghisui       sturdy heavydutyboots [avalanche, bodypress, recover, stoneedge] ttype=flying
INFO     	         klefki    prankster    leftovers [dazzlinggleam, foulplay, spikes, thunderwave] ttype=water
INFO     Sampling battle 1
INFO     	           hooh  regenerator heavydutyboots [bravebird, earthquake, recover, sacredfire] ttype=steel
INFO     	        gallade    sharpness      lifeorb [agility, nightslash, psychocut, sacredsword] ttype=dark
INFO     	      hydrapple  regenerator  choicespecs [dracometeor, earthpower, ficklebeam, leafstorm] ttype=steel
INFO     	   avalugghisui       sturdy heavydutyboots [avalanche, bodypress, recover, stoneedge] ttype=flying
INFO     	         klefki    prankster    leftovers [dazzlinggleam, foulplay, spikes, thunderwave] ttype=flying
INFO     Searching for a move using MCTS...
INFO     Sampling 2 battles at 500ms each
INFO     Policy 0: moonlight visited 79.56% avg_score=0.071 sample_chance_multiplier=0.5
INFO     Policy 1: moonlight visited 79.8% avg_score=0.068 sample_chance_multiplier=0.5
INFO     Considered Choices:
INFO     	79.681%: moonlight
INFO     Choice: moonlight
INFO     Updated hooh's max speed to 177
INFO     lunala already has the move moonlight. Decrementing the PP by 1
INFO     lunala used a status-move. Adding `assaultvest` to impossible items
INFO     Setting lunala's last used move: moonlight
INFO     hooh already has the move bravebird. Decrementing the PP by 1
INFO     hooh used two different moves - it cannot have a choice item
INFO     hooh used a flying move, removing flyinggem from possible items
INFO     Setting hooh's last used move: bravebird
INFO     hooh used a damaging move - not guessing lifeorb anymore
INFO     hooh did 20.45% damage to lunala with bravebird
INFO     Setting lunala's item to: leftovers
INFO     hooh has less than maxhp during upkeep, no longer guessing leftovers or blacksludge
INFO     
INFO     Turn: 53
INFO     Sampling battle 0
INFO     	           hooh  regenerator heavydutyboots [bravebird, earthquake, recover, sacredfire] ttype=ground
INFO     	        gallade    sharpness      lifeorb [agility, nightslash, psychocut, sacredsword] ttype=dark
INFO     	      hydrapple  regenerator  choicespecs [dracometeor, earthpower, ficklebeam, leafstorm] ttype=dragon
INFO     	   avalugghisui       sturdy heavydutyboots [avalanche, rapidspin, recover, stoneedge] ttype=poison
INFO     	         klefki    prankster    leftovers [dazzlinggleam, foulplay, spikes, thunderwave] ttype=water
INFO     Sampling battle 1
INFO     	           hooh  regenerator heavydutyboots [bravebird, earthquake, recover, sacredfire] ttype=steel
INFO     	        gallade    sharpness   choiceband [leafblade, nightslash, psychocut, sacredsword] ttype=dark
INFO     	      hydrapple  regenerator  choicespecs [dracometeor, earthpower, ficklebeam, leafstorm] ttype=steel
INFO     	   avalugghisui       sturdy heavydutyboots [avalanche, rapidspin, recover, stoneedge] ttype=ghost
INFO     	         klefki    prankster    leftovers [dazzlinggleam, foulplay, spikes, thunderwave] ttype=flying
INFO     Searching for a move using MCTS...
INFO     Sampling 2 battles at 500ms each
INFO     Policy 0: moongeistbeam visited 35.7% avg_score=0.045 sample_chance_multiplier=0.5
INFO     Policy 1: moongeistbeam visited 36.42% avg_score=0.045 sample_chance_multiplier=0.5
INFO     Considered Choices:
INFO     	36.06%: moongeistbeam
INFO     	34.991%: moonblast
INFO     Choice: moongeistbeam
INFO     Updated hooh's max speed to 177
INFO     lunala already has the move moongeistbeam. Decrementing the PP by 1
INFO     lunala used a ghost move, removing ghostgem from possible items
INFO     Setting lunala's last used move: moongeistbeam
INFO     lunala used a damaging move - not guessing lifeorb anymore
INFO     lunala did 28.000000000000004% damage to hooh with moongeistbeam
INFO     hooh already has the move sacredfire. Decrementing the PP by 1
INFO     hooh used two different moves - it cannot have a choice item
INFO     hooh used a fire move, removing firegem from possible items
INFO     Setting hooh's last used move: sacredfire
INFO     hooh used a damaging move - not guessing lifeorb anymore
INFO     hooh did 40.26% damage to lunala with sacredfire
INFO     Setting lunala's item to: leftovers
INFO     hooh has less than maxhp during upkeep, no longer guessing leftovers or blacksludge
INFO     
INFO     Turn: 54
INFO     Sampling battle 0
INFO     	           hooh  regenerator heavydutyboots [bravebird, earthquake, recover, sacredfire] ttype=steel
INFO     	        gallade    sharpness      lifeorb [agility, nightslash, psychocut, sacredsword] ttype=dark
INFO     	      hydrapple  regenerator  assaultvest [dragontail, earthpower, ficklebeam, gigadrain] ttype=steel
INFO     	   avalugghisui       sturdy heavydutyboots [avalanche, rapidspin, recover, stoneedge] ttype=poison
INFO     	         klefki    prankster    leftovers [dazzlinggleam, foulplay, spikes, thunderwave] ttype=water
INFO     Sampling battle 1
INFO     	           hooh  regenerator heavydutyboots [bravebird, earthquake, recover, sacredfire] ttype=steel
INFO     	        gallade    sharpness      lifeorb [agility, nightslash, psychocut, sacredsword] ttype=fighting
INFO     	      hydrapple  regenerator    leftovers [ficklebeam, gigadrain, nastyplot, recover] ttype=steel
INFO     	   avalugghisui       sturdy heavydutyboots [avalanche, rapidspin, recover, stoneedge] ttype=ghost
INFO     	         klefki    prankster    leftovers [dazzlinggleam, foulplay, spikes, thunderwave] ttype=flying
INFO     Searching for a move using MCTS...
INFO     Sampling 2 battles at 500ms each
INFO     Policy 0: moonblast visited 34.41% avg_score=0.008 sample_chance_multiplier=0.5
INFO     Policy 1: moonblast visited 34.93% avg_score=0.007 sample_chance_multiplier=0.5
INFO     Considered Choices:
INFO     	34.669%: moonblast
INFO     Choice: moonblast
INFO     Updated hooh's max speed to 177
INFO     lunala already has the move moonblast. Decrementing the PP by 1
INFO     lunala used a fairy move, removing fairygem from possible items
INFO     Setting lunala's last used move: moonblast
INFO     lunala used a damaging move - not guessing lifeorb anymore
INFO     lunala did 8.0% damage to hooh with moonblast
INFO     hooh already has the move sacredfire. Decrementing the PP by 1
INFO     hooh used a fire move, removing firegem from possible items
INFO     Setting hooh's last used move: sacredfire
INFO     hooh used a damaging move - not guessing lifeorb anymore
INFO     hooh did 38.31% damage to lunala with sacredfire
INFO     Setting lunala's item to: leftovers
INFO     hooh has less than maxhp during upkeep, no longer guessing leftovers or blacksludge
INFO     
INFO     Turn: 55
INFO     Sampling battle 0
INFO     	           hooh  regenerator heavydutyboots [bravebird, earthquake, recover, sacredfire] ttype=steel
INFO     	        gallade    sharpness  choicescarf [leafblade, nightslash, psychocut, sacredsword] ttype=dark
INFO     	      hydrapple  regenerator  choicespecs [dracometeor, earthpower, ficklebeam, leafstorm] ttype=steel
INFO     	   avalugghisui       sturdy heavydutyboots [avalanche, bodypress, recover, stoneedge] ttype=ghost
INFO     	         klefki    prankster    leftovers [dazzlinggleam, foulplay, spikes, thunderwave] ttype=water
INFO     Sampling battle 1
INFO     	           hooh  regenerator heavydutyboots [bravebird, earthquake, recover, sacredfire] ttype=steel
INFO     	        gallade    sharpness      lifeorb [agility, nightslash, psychocut, sacredsword] ttype=fighting
INFO     	      hydrapple  regenerator  choicespecs [dracometeor, earthpower, ficklebeam, leafstorm] ttype=steel
INFO     	   avalugghisui       sturdy heavydutyboots [avalanche, rapidspin, recover, stoneedge] ttype=ghost
INFO     	         klefki    prankster    leftovers [dazzlinggleam, foulplay, spikes, thunderwave] ttype=flying
INFO     Searching for a move using MCTS...
INFO     Sampling 2 battles at 500ms each
INFO     Policy 0: switch cryogonal visited 28.59% avg_score=0.006 sample_chance_multiplier=0.5
INFO     Policy 1: moonblast visited 36.75% avg_score=0.007 sample_chance_multiplier=0.5
INFO     Considered Choices:
INFO     	30.913%: moonblast
INFO     	24.999%: moongeistbeam
INFO     	23.293%: calmmind
INFO     Choice: moongeistbeam
INFO     Updated hooh's max speed to 177
INFO     lunala already has the move moongeistbeam. Decrementing the PP by 1
INFO     lunala used a ghost move, removing ghostgem from possible items
INFO     Setting lunala's last used move: moongeistbeam
INFO     lunala used a damaging move - not guessing lifeorb anymore
INFO     lunala did 28.999999999999996% damage to hooh with moongeistbeam
INFO     hooh already has the move bravebird. Decrementing the PP by 1
INFO     hooh used two different moves - it cannot have a choice item
INFO     hooh used a flying move, removing flyinggem from possible items
INFO     Setting hooh's last used move: bravebird
INFO     hooh used a damaging move - not guessing lifeorb anymore
INFO     hooh did 0.97% damage to lunala with bravebird
INFO     hooh has less than maxhp during upkeep, no longer guessing leftovers or blacksludge
INFO     Sampling battle 0
INFO     	           hooh  regenerator heavydutyboots [bravebird, earthquake, recover, sacredfire] ttype=steel
INFO     	        gallade    sharpness   choiceband [leafblade, nightslash, psychocut, sacredsword] ttype=grass
INFO     	      hydrapple  regenerator  assaultvest [dragontail, earthpower, ficklebeam, gigadrain] ttype=steel
INFO     	   avalugghisui       sturdy heavydutyboots [avalanche, bodypress, recover, stoneedge] ttype=flying
INFO     	         klefki    prankster    leftovers [dazzlinggleam, foulplay, spikes, thunderwave] ttype=water
INFO     Sampling battle 1
INFO     	           hooh  regenerator heavydutyboots [bravebird, earthquake, recover, sacredfire] ttype=ground
INFO     	        gallade    sharpness  choicescarf [leafblade, nightslash, psychocut, sacredsword] ttype=fighting
INFO     	      hydrapple  regenerator    leftovers [earthpower, ficklebeam, nastyplot, recover] ttype=steel
INFO     	   avalugghisui       sturdy heavydutyboots [avalanche, bodypress, recover, stoneedge] ttype=poison
INFO     	         klefki    prankster    leftovers [dazzlinggleam, foulplay, spikes, thunderwave] ttype=flying
INFO     Searching for a move using MCTS...
INFO     Sampling 2 battles at 500ms each
INFO     Policy 0: switch cryogonal visited 100.0% avg_score=0.001 sample_chance_multiplier=0.5
INFO     Policy 1: switch cryogonal visited 100.0% avg_score=0.001 sample_chance_multiplier=0.5
INFO     Considered Choices:
INFO     	100.0%: switch cryogonal
INFO     Choice: switch cryogonal
INFO     
INFO     Turn: 56
INFO     Sampling battle 0
INFO     	           hooh  regenerator heavydutyboots [bravebird, earthquake, recover, sacredfire] ttype=steel
INFO     	        gallade    sharpness      lifeorb [agility, nightslash, psychocut, sacredsword] ttype=fighting
INFO     	      hydrapple  regenerator  assaultvest [dragontail, earthpower, ficklebeam, leafstorm] ttype=steel
INFO     	   avalugghisui       sturdy heavydutyboots [avalanche, bodypress, recover, stoneedge] ttype=ghost
INFO     	         klefki    prankster    leftovers [dazzlinggleam, foulplay, spikes, thunderwave] ttype=flying
INFO     Sampling battle 1
INFO     	           hooh  regenerator heavydutyboots [bravebird, earthquake, recover, sacredfire] ttype=steel
INFO     	        gallade    sharpness   choiceband [leafblade, nightslash, psychocut, sacredsword] ttype=fighting
INFO     	      hydrapple  regenerator    leftovers [ficklebeam, gigadrain, nastyplot, recover] ttype=steel
INFO     	   avalugghisui       sturdy heavydutyboots [avalanche, rapidspin, recover, stoneedge] ttype=flying
INFO     	         klefki    prankster    leftovers [dazzlinggleam, foulplay, spikes, thunderwave] ttype=water
INFO     Searching for a move using MCTS...
INFO     Sampling 2 battles at 500ms each
INFO     Policy 0: recover visited 26.62% avg_score=0.001 sample_chance_multiplier=0.5
INFO     Policy 1: recover visited 29.07% avg_score=0.002 sample_chance_multiplier=0.5
INFO     Considered Choices:
INFO     	27.842%: recover
INFO     	26.57%: freezedry
INFO     	24.564%: rapidspin
INFO     	21.024%: haze
INFO     Choice: freezedry
INFO     Winner: AbraMCTS
INFO     Lost with team: None
INFO     W: 1	L: 4
