team_a_name,team_b_name,team_a_wins,team_a_losses,team_b_wins,team_b_losses
iron_crown_specs,jungle_planet,1,2,2,1
iron_crown_specs,lokix_voltturn,3,0,0,3
iron_crown_specs,manaphy,2,1,1,2
jungle_planet,lokix_voltturn,2,1,1,2
jungle_planet,manaphy,2,1,1,2
lokix_voltturn,manaphy,1,2,2,1
iron_crown_specs,jungle_planet,0,3,3,0
iron_crown_specs,lokix_voltturn,1,2,2,1
iron_crown_specs,manaphy,2,1,1,2
iron_crown_specs,mexican_webs,2,1,1,2
iron_crown_specs,mu_fish,1,2,2,1
iron_crown_specs,nu_balance,2,1,1,2
iron_crown_specs,nu_ho,2,1,1,2
jungle_planet,lokix_voltturn,0,3,3,0
jungle_planet,manaphy,1,2,2,1
jungle_planet,mexican_webs,1,2,2,1
jungle_planet,mu_fish,0,3,3,0
jungle_planet,nu_balance,2,1,1,2
jungle_planet,nu_ho,2,1,1,2
lokix_voltturn,manaphy,1,2,2,1
lokix_voltturn,mexican_webs,2,1,1,2
lokix_voltturn,mu_fish,0,3,3,0
lokix_voltturn,nu_balance,2,1,1,2
lokix_voltturn,nu_ho,2,1,1,2
manaphy,mexican_webs,2,1,1,2
manaphy,mu_fish,3,0,0,3
manaphy,nu_balance,2,1,1,2
manaphy,nu_ho,3,0,0,3
mexican_webs,mu_fish,3,0,0,3
mexican_webs,nu_balance,3,0,0,3
mexican_webs,nu_ho,3,0,0,3
mu_fish,nu_balance,0,3,3,0
mu_fish,nu_ho,2,1,1,2
nu_balance,nu_ho,3,0,0,3
iron_crown_specs,jungle_planet,1,2,2,1
iron_crown_specs,lokix_voltturn,3,0,0,3
iron_crown_specs,manaphy,3,0,0,3
iron_crown_specs,mexican_webs,0,3,3,0
iron_crown_specs,mu_fish,2,1,1,2
iron_crown_specs,nu_balance,3,0,0,3
iron_crown_specs,nu_ho,3,0,0,3
iron_crown_specs,nu_offense,2,1,1,2
iron_crown_specs,nu_stall,2,1,1,2
iron_crown_specs,pu_team,2,1,1,2
iron_crown_specs,quagsire_stall,0,3,3,0
jungle_planet,lokix_voltturn,0,3,3,0
jungle_planet,manaphy,0,3,3,0
jungle_planet,mexican_webs,2,1,1,2
jungle_planet,mu_fish,1,2,2,1
jungle_planet,nu_balance,3,0,0,3
jungle_planet,nu_ho,1,2,2,1
jungle_planet,nu_offense,3,0,0,3
jungle_planet,nu_stall,3,0,0,3
jungle_planet,pu_team,2,1,1,2
jungle_planet,quagsire_stall,2,1,1,2
lokix_voltturn,manaphy,2,1,1,2
lokix_voltturn,mexican_webs,0,3,3,0
lokix_voltturn,mu_fish,3,0,0,3
lokix_voltturn,nu_balance,2,1,1,2
lokix_voltturn,nu_ho,2,1,1,2
lokix_voltturn,nu_offense,2,1,1,2
lokix_voltturn,nu_stall,3,0,0,3
lokix_voltturn,pu_team,1,2,2,1
lokix_voltturn,quagsire_stall,0,3,3,0
manaphy,mexican_webs,1,2,2,1
manaphy,mu_fish,2,1,1,2
manaphy,nu_balance,2,1,1,2
manaphy,nu_ho,3,0,0,3
manaphy,nu_offense,3,0,0,3
manaphy,nu_stall,3,0,0,3
manaphy,pu_team,1,2,2,1
manaphy,quagsire_stall,3,0,0,3
mexican_webs,mu_fish,2,1,1,2
mexican_webs,nu_balance,3,0,0,3
mexican_webs,nu_ho,3,0,0,3
mexican_webs,nu_offense,3,0,0,3
mexican_webs,nu_stall,2,1,1,2
mexican_webs,pu_team,3,0,0,3
mexican_webs,quagsire_stall,3,0,0,3
mu_fish,nu_balance,2,1,1,2
mu_fish,nu_ho,2,1,1,2
mu_fish,nu_offense,2,1,1,2
mu_fish,nu_stall,1,2,2,1
mu_fish,pu_team,2,1,1,2
mu_fish,quagsire_stall,3,0,0,3
nu_balance,nu_ho,2,1,1,2
nu_balance,nu_offense,2,1,1,2
nu_balance,nu_stall,3,0,0,3
nu_balance,pu_team,3,0,0,3
nu_balance,quagsire_stall,1,2,2,1
nu_ho,nu_offense,2,1,1,2
nu_ho,nu_stall,3,0,0,3
nu_ho,pu_team,1,2,2,1
nu_ho,quagsire_stall,3,0,0,3
nu_offense,nu_stall,3,0,0,3
nu_offense,pu_team,0,3,3,0
nu_offense,quagsire_stall,3,0,0,3
nu_stall,pu_team,0,3,3,0
nu_stall,quagsire_stall,0,3,3,0
pu_team,quagsire_stall,2,1,1,2
iron_crown_specs,sand,0,3,3,0
jungle_planet,sand,1,2,2,1
lokix_voltturn,sand,0,3,3,0
manaphy,sand,2,1,1,2
mexican_webs,sand,3,0,0,3
mu_fish,sand,0,3,3,0
nu_balance,sand,1,2,2,1
nu_ho,sand,0,3,3,0
nu_offense,sand,0,3,3,0
nu_stall,sand,0,3,3,0
pu_team,sand,3,0,0,3
quagsire_stall,sand,0,3,3,0
iron_crown_specs,scarf_latios,2,1,1,2
iron_crown_specs,team_0,2,1,1,2
iron_crown_specs,team_1,1,2,2,1
jungle_planet,scarf_latios,0,3,3,0
jungle_planet,team_0,0,3,3,0
jungle_planet,team_1,3,0,0,3
lokix_voltturn,scarf_latios,1,2,2,1
lokix_voltturn,team_0,2,1,1,2
lokix_voltturn,team_1,2,1,1,2
manaphy,scarf_latios,2,1,1,2
manaphy,team_0,3,0,0,3
manaphy,team_1,0,3,3,0
mexican_webs,scarf_latios,2,1,1,2
mexican_webs,team_0,2,1,1,2
mexican_webs,team_1,2,1,1,2
mu_fish,scarf_latios,1,2,2,1
mu_fish,team_0,0,3,3,0
mu_fish,team_1,2,1,1,2
nu_balance,scarf_latios,1,2,2,1
nu_balance,team_0,2,1,1,2
nu_balance,team_1,2,1,1,2
nu_ho,scarf_latios,0,3,3,0
nu_ho,team_0,0,3,3,0
nu_ho,team_1,0,3,3,0
nu_offense,scarf_latios,1,2,2,1
nu_offense,team_0,0,3,3,0
nu_offense,team_1,2,1,1,2
nu_stall,scarf_latios,0,3,3,0
nu_stall,team_0,1,2,2,1
nu_stall,team_1,0,3,3,0
pu_team,scarf_latios,2,1,1,2
pu_team,team_0,0,3,3,0
pu_team,team_1,1,2,2,1
quagsire_stall,scarf_latios,0,3,3,0
quagsire_stall,team_0,0,3,3,0
quagsire_stall,team_1,1,2,2,1
sand,scarf_latios,1,2,2,1
sand,team_0,0,3,3,0
sand,team_1,1,2,2,1
scarf_latios,team_0,2,1,1,2
scarf_latios,team_1,2,1,1,2
team_0,team_1,3,0,0,3
iron_crown_specs,team_10,1,2,2,1
iron_crown_specs,team_11,2,1,1,2
iron_crown_specs,team_12,3,0,0,3
iron_crown_specs,team_13,2,1,1,2
iron_crown_specs,team_14,2,1,1,2
iron_crown_specs,team_15,2,1,1,2
iron_crown_specs,team_2,1,2,2,1
iron_crown_specs,team_3,1,2,2,1
jungle_planet,team_10,2,1,1,2
jungle_planet,team_11,0,3,3,0
jungle_planet,team_12,3,0,0,3
jungle_planet,team_13,0,3,3,0
jungle_planet,team_14,2,1,1,2
jungle_planet,team_15,2,1,1,2
jungle_planet,team_2,2,1,1,2
jungle_planet,team_3,2,1,1,2
lokix_voltturn,team_10,2,1,1,2
lokix_voltturn,team_11,2,1,1,2
lokix_voltturn,team_12,1,2,2,1
lokix_voltturn,team_13,0,3,3,0
lokix_voltturn,team_14,0,3,3,0
lokix_voltturn,team_15,2,1,1,2
lokix_voltturn,team_2,2,1,1,2
lokix_voltturn,team_3,1,2,2,1
manaphy,team_10,3,0,0,3
manaphy,team_11,2,1,1,2
manaphy,team_12,1,2,2,1
manaphy,team_13,3,0,0,3
manaphy,team_14,0,3,3,0
manaphy,team_15,1,2,2,1
manaphy,team_2,3,0,0,3
manaphy,team_3,3,0,0,3
mexican_webs,team_10,2,1,1,2
mexican_webs,team_11,1,2,2,1
mexican_webs,team_12,1,2,2,1
mexican_webs,team_13,2,1,1,2
mexican_webs,team_14,2,1,1,2
mexican_webs,team_15,2,1,1,2
mexican_webs,team_2,1,2,2,1
mexican_webs,team_3,1,2,2,1
mu_fish,team_10,2,1,1,2
mu_fish,team_11,0,3,3,0
mu_fish,team_12,0,3,3,0
mu_fish,team_13,1,2,2,1
mu_fish,team_14,2,1,1,2
mu_fish,team_15,3,0,0,3
mu_fish,team_2,1,2,2,1
mu_fish,team_3,1,2,2,1
nu_balance,team_10,0,3,3,0
nu_balance,team_11,0,3,3,0
nu_balance,team_12,1,2,2,1
nu_balance,team_13,1,2,2,1
nu_balance,team_14,0,3,3,0
nu_balance,team_15,1,2,2,1
nu_balance,team_2,1,2,2,1
nu_balance,team_3,1,2,2,1
nu_ho,team_10,1,2,2,1
nu_ho,team_11,1,2,2,1
nu_ho,team_12,2,1,1,2
nu_ho,team_13,0,3,3,0
nu_ho,team_14,0,3,3,0
nu_ho,team_15,2,1,1,2
nu_ho,team_2,1,2,2,1
nu_ho,team_3,1,2,2,1
nu_offense,team_10,0,3,3,0
nu_offense,team_11,0,3,3,0
nu_offense,team_12,0,3,3,0
nu_offense,team_13,3,0,0,3
nu_offense,team_14,0,3,3,0
nu_offense,team_15,3,0,0,3
nu_offense,team_2,0,3,3,0
nu_offense,team_3,0,3,3,0
nu_stall,team_10,0,3,3,0
nu_stall,team_11,0,3,3,0
nu_stall,team_12,0,3,3,0
nu_stall,team_13,0,3,3,0
nu_stall,team_14,0,3,3,0
nu_stall,team_15,0,3,3,0
nu_stall,team_2,0,3,3,0
nu_stall,team_3,0,3,3,0
pu_team,team_10,2,1,1,2
pu_team,team_11,0,3,3,0
pu_team,team_12,0,3,3,0
pu_team,team_13,2,1,1,2
pu_team,team_14,0,3,3,0
pu_team,team_15,2,1,1,2
pu_team,team_2,0,3,3,0
pu_team,team_3,2,1,1,2
quagsire_stall,team_10,0,3,3,0
quagsire_stall,team_11,3,0,0,3
quagsire_stall,team_12,1,2,2,1
quagsire_stall,team_13,3,0,0,3
quagsire_stall,team_14,0,3,3,0
quagsire_stall,team_15,0,3,3,0
quagsire_stall,team_2,1,2,2,1
quagsire_stall,team_3,1,2,2,1
sand,team_10,1,2,2,1
sand,team_11,2,1,1,2
sand,team_12,2,1,1,2
sand,team_13,0,3,3,0
sand,team_14,3,0,0,3
sand,team_15,2,1,1,2
sand,team_2,0,3,3,0
sand,team_3,0,3,3,0
scarf_latios,team_10,3,0,0,3
scarf_latios,team_11,2,1,1,2
scarf_latios,team_12,1,2,2,1
scarf_latios,team_13,1,2,2,1
scarf_latios,team_14,2,1,1,2
scarf_latios,team_15,2,1,1,2
scarf_latios,team_2,2,1,1,2
scarf_latios,team_3,1,2,2,1
team_0,team_10,2,1,1,2
team_0,team_11,0,3,3,0
team_0,team_12,3,0,0,3
team_0,team_13,2,1,1,2
team_0,team_14,2,1,1,2
team_0,team_15,2,1,1,2
team_0,team_2,2,1,1,2
team_0,team_3,0,3,3,0
team_1,team_10,2,1,1,2
team_1,team_11,2,1,1,2
team_1,team_12,2,1,1,2
team_1,team_13,2,1,1,2
team_1,team_14,1,2,2,1
team_1,team_15,0,3,3,0
team_1,team_2,1,2,2,1
team_1,team_3,1,2,2,1
team_10,team_11,3,0,0,3
team_10,team_12,3,0,0,3
team_10,team_13,2,1,1,2
team_10,team_14,1,2,2,1
team_10,team_15,0,3,3,0
team_10,team_2,2,1,1,2
team_10,team_3,0,3,3,0
team_11,team_12,2,1,1,2
team_11,team_13,1,2,2,1
team_11,team_14,0,3,3,0
team_11,team_15,0,3,3,0
team_11,team_2,2,1,1,2
team_11,team_3,1,2,2,1
team_12,team_13,1,2,2,1
team_12,team_14,0,3,3,0
team_12,team_15,0,3,3,0
team_12,team_2,2,1,1,2
team_12,team_3,2,1,1,2
team_13,team_14,0,3,3,0
team_13,team_15,1,2,2,1
team_13,team_2,2,1,1,2
team_13,team_3,0,3,3,0
team_14,team_15,1,1,1,1
team_14,team_2,1,2,2,1
team_14,team_3,2,1,1,2
team_15,team_2,3,0,0,3
team_15,team_3,1,2,2,1
team_2,team_3,2,1,1,2
iron_crown_specs,team_4,0,3,3,0
iron_crown_specs,team_5,0,3,3,0
iron_crown_specs,team_6,3,0,0,3
iron_crown_specs,team_7,0,3,3,0
iron_crown_specs,team_8,3,0,0,3
iron_crown_specs,team_9,1,2,2,1
iron_crown_specs,trick_room,2,1,1,2
iron_crown_specs,zzzzzzzzzu,3,0,0,3
jungle_planet,team_4,2,1,1,2
jungle_planet,team_5,1,2,2,1
jungle_planet,team_6,1,2,2,1
jungle_planet,team_7,0,3,3,0
jungle_planet,team_8,0,3,3,0
jungle_planet,team_9,2,1,1,2
jungle_planet,trick_room,3,0,0,3
jungle_planet,zzzzzzzzzu,3,0,0,3
lokix_voltturn,team_4,2,1,1,2
lokix_voltturn,team_5,1,2,2,1
lokix_voltturn,team_6,1,2,2,1
lokix_voltturn,team_7,1,2,2,1
lokix_voltturn,team_8,2,1,1,2
lokix_voltturn,team_9,2,1,1,2
lokix_voltturn,trick_room,3,0,0,3
lokix_voltturn,zzzzzzzzzu,3,0,0,3
manaphy,team_4,2,1,1,2
manaphy,team_5,1,2,2,1
manaphy,team_6,1,2,2,1
manaphy,team_7,3,0,0,3
manaphy,team_8,2,1,1,2
manaphy,team_9,2,1,1,2
manaphy,trick_room,2,1,1,2
manaphy,zzzzzzzzzu,3,0,0,3
mexican_webs,team_4,0,3,3,0
mexican_webs,team_5,1,2,2,1
mexican_webs,team_6,3,0,0,3
mexican_webs,team_7,0,3,3,0
mexican_webs,team_8,2,1,1,2
mexican_webs,team_9,2,1,1,2
mexican_webs,trick_room,3,0,0,3
mexican_webs,zzzzzzzzzu,2,1,1,2
mu_fish,team_4,2,1,1,2
mu_fish,team_5,1,2,2,1
mu_fish,team_6,2,1,1,2
mu_fish,team_7,2,1,1,2
mu_fish,team_8,0,3,3,0
mu_fish,team_9,0,3,3,0
mu_fish,trick_room,1,2,2,1
mu_fish,zzzzzzzzzu,3,0,0,3
nu_balance,team_4,0,3,3,0
nu_balance,team_5,1,2,2,1
nu_balance,team_6,1,2,2,1
nu_balance,team_7,1,2,2,1
nu_balance,team_8,3,0,0,3
nu_balance,team_9,1,2,2,1
nu_balance,trick_room,1,2,2,1
nu_balance,zzzzzzzzzu,3,0,0,3
nu_ho,team_4,0,3,3,0
nu_ho,team_5,0,3,3,0
nu_ho,team_6,0,3,3,0
nu_ho,team_7,0,3,3,0
nu_ho,team_8,3,0,0,3
nu_ho,team_9,0,3,3,0
nu_ho,trick_room,3,0,0,3
nu_ho,zzzzzzzzzu,3,0,0,3
nu_offense,team_4,0,3,3,0
nu_offense,team_5,0,3,3,0
nu_offense,team_6,0,3,3,0
nu_offense,team_7,1,2,2,1
nu_offense,team_8,0,3,3,0
nu_offense,team_9,2,1,1,2
nu_offense,trick_room,2,1,1,2
nu_offense,zzzzzzzzzu,3,0,0,3
nu_stall,team_4,0,3,3,0
nu_stall,team_5,0,3,3,0
nu_stall,team_6,0,3,3,0
nu_stall,team_7,1,2,2,1
nu_stall,team_8,0,3,3,0
nu_stall,team_9,0,3,3,0
nu_stall,trick_room,2,1,1,2
nu_stall,zzzzzzzzzu,1,2,2,1
pu_team,team_4,0,3,3,0
pu_team,team_5,0,3,3,0
pu_team,team_6,2,1,1,2
pu_team,team_7,1,2,2,1
pu_team,team_8,3,0,0,3
pu_team,team_9,0,3,3,0
pu_team,trick_room,0,3,3,0
pu_team,zzzzzzzzzu,1,2,2,1
quagsire_stall,team_4,1,2,2,1
quagsire_stall,team_5,0,3,3,0
quagsire_stall,team_6,2,1,1,2
quagsire_stall,team_7,1,2,2,1
quagsire_stall,team_8,0,3,3,0
quagsire_stall,team_9,1,2,2,1
quagsire_stall,trick_room,1,2,2,1
quagsire_stall,zzzzzzzzzu,3,0,0,3
sand,team_4,2,1,1,2
sand,team_5,2,1,1,2
sand,team_6,2,1,1,2
sand,team_7,1,2,2,1
sand,team_8,2,1,1,2
sand,team_9,0,3,3,0
sand,trick_room,3,0,0,3
sand,zzzzzzzzzu,3,0,0,3
scarf_latios,team_4,1,2,2,1
scarf_latios,team_5,1,2,2,1
scarf_latios,team_6,0,3,3,0
scarf_latios,team_7,3,0,0,3
scarf_latios,team_8,1,2,2,1
scarf_latios,team_9,1,2,2,1
scarf_latios,trick_room,2,1,1,2
scarf_latios,zzzzzzzzzu,3,0,0,3
team_0,team_4,1,2,2,1
team_0,team_5,2,1,1,2
team_0,team_6,3,0,0,3
team_0,team_7,1,2,2,1
team_0,team_8,2,1,1,2
team_0,team_9,1,2,2,1
team_0,trick_room,2,1,1,2
team_0,zzzzzzzzzu,3,0,0,3
team_1,team_4,1,2,2,1
team_1,team_5,3,0,0,3
team_1,team_6,0,3,3,0
team_1,team_7,3,0,0,3
team_1,team_8,3,0,0,3
team_1,team_9,1,2,2,1
team_1,trick_room,2,1,1,2
team_1,zzzzzzzzzu,2,1,1,2
team_10,team_4,0,3,3,0
team_10,team_5,3,0,0,3
team_10,team_6,2,1,1,2
team_10,team_7,1,2,2,1
team_10,team_8,1,2,2,1
team_10,team_9,1,2,2,1
team_10,trick_room,3,0,0,3
team_10,zzzzzzzzzu,3,0,0,3
team_11,team_4,2,1,1,2
team_11,team_5,1,2,2,1
team_11,team_6,3,0,0,3
team_11,team_7,0,3,3,0
team_11,team_8,0,3,3,0
team_11,team_9,1,2,2,1
team_11,trick_room,2,1,1,2
team_11,zzzzzzzzzu,3,0,0,3
team_12,team_4,1,2,2,1
team_12,team_5,0,3,3,0
team_12,team_6,1,2,2,1
team_12,team_7,0,3,3,0
team_12,team_8,1,2,2,1
team_12,team_9,0,3,3,0
team_12,trick_room,1,2,2,1
team_12,zzzzzzzzzu,3,0,0,3
team_13,team_4,1,2,2,1
team_13,team_5,2,1,1,2
team_13,team_6,2,1,1,2
team_13,team_7,2,1,1,2
team_13,team_8,2,1,1,2
team_13,team_9,2,1,1,2
team_13,trick_room,3,0,0,3
team_13,zzzzzzzzzu,3,0,0,3
team_14,team_15,0,3,3,0
team_14,team_4,1,2,2,1
team_14,team_5,2,1,1,2
team_14,team_6,2,1,1,2
team_14,team_7,0,3,3,0
team_14,team_8,0,3,3,0
team_14,team_9,1,2,2,1
team_14,trick_room,3,0,0,3
team_14,zzzzzzzzzu,3,0,0,3
team_15,team_4,1,2,2,1
team_15,team_5,2,1,1,2
team_15,team_6,2,1,1,2
team_15,team_7,1,2,2,1
team_15,team_8,2,1,1,2
team_15,team_9,3,0,0,3
team_15,trick_room,3,0,0,3
team_15,zzzzzzzzzu,3,0,0,3
team_2,team_4,0,3,3,0
team_2,team_5,1,2,2,1
team_2,team_6,1,2,2,1
team_2,team_7,1,2,2,1
team_2,team_8,2,1,1,2
team_2,team_9,1,2,2,1
team_2,trick_room,2,1,1,2
team_2,zzzzzzzzzu,3,0,0,3
team_3,team_4,1,2,2,1
team_3,team_5,2,1,1,2
team_3,team_6,1,2,2,1
team_3,team_7,0,3,3,0
team_3,team_8,0,3,3,0
team_3,team_9,1,2,2,1
team_3,trick_room,3,0,0,3
team_3,zzzzzzzzzu,3,0,0,3
team_4,team_5,2,1,1,2
team_4,team_6,1,2,2,1
team_4,team_7,0,3,3,0
team_4,team_8,2,1,1,2
team_4,team_9,1,2,2,1
team_4,trick_room,3,0,0,3
team_4,zzzzzzzzzu,3,0,0,3
team_5,team_6,1,2,2,1
team_5,team_7,1,2,2,1
team_5,team_8,1,2,2,1
team_5,team_9,2,1,1,2
team_5,trick_room,2,1,1,2
team_5,zzzzzzzzzu,2,1,1,2
team_6,team_7,2,1,1,2
team_6,team_8,3,0,0,3
team_6,team_9,0,3,3,0
team_6,trick_room,2,1,1,2
team_6,zzzzzzzzzu,3,0,0,3
team_7,team_8,3,0,0,3
team_7,team_9,2,1,1,2
team_7,trick_room,3,0,0,3
team_7,zzzzzzzzzu,3,0,0,3
team_8,team_9,1,2,2,1
team_8,trick_room,3,0,0,3
team_8,zzzzzzzzzu,3,0,0,3
team_9,trick_room,3,0,0,3
team_9,zzzzzzzzzu,3,0,0,3
trick_room,zzzzzzzzzu,3,0,0,3
iron_crown_specs,sand,2,4,4,2
iron_crown_specs,scarf_latios,5,1,1,5
iron_crown_specs,team_0,3,3,3,3
iron_crown_specs,team_10,2,4,4,2
iron_crown_specs,team_13,5,1,1,5
iron_crown_specs,team_14,4,2,2,4
iron_crown_specs,team_15,2,4,4,2
iron_crown_specs,team_3,3,3,3,3
iron_crown_specs,team_4,4,2,2,4
iron_crown_specs,team_5,4,2,2,4
iron_crown_specs,team_6,4,2,2,4
iron_crown_specs,team_7,3,3,3,3
iron_crown_specs,team_9,5,1,1,5
manaphy,sand,4,2,2,4
manaphy,scarf_latios,4,2,2,4
manaphy,team_0,2,4,4,2
manaphy,team_10,3,3,3,3
manaphy,team_13,5,1,1,5
manaphy,team_14,1,5,5,1
manaphy,team_15,1,5,5,1
manaphy,team_3,5,1,1,5
manaphy,team_4,0,6,6,0
manaphy,team_5,2,4,4,2
manaphy,team_6,4,2,2,4
manaphy,team_7,5,1,1,5
manaphy,team_9,6,0,0,6
mexican_webs,sand,2,4,4,2
mexican_webs,scarf_latios,6,0,0,6
mexican_webs,team_0,1,5,5,1
mexican_webs,team_10,5,1,1,5
mexican_webs,team_13,5,1,1,5
mexican_webs,team_14,4,2,2,4
mexican_webs,team_15,5,1,1,5
mexican_webs,team_3,3,3,3,3
mexican_webs,team_4,4,2,2,4
mexican_webs,team_5,2,4,4,2
mexican_webs,team_6,4,2,2,4
mexican_webs,team_7,2,4,4,2
mexican_webs,team_9,4,2,2,4
sand,scarf_latios,3,3,3,3
sand,team_0,3,3,3,3
sand,team_10,5,1,1,5
sand,team_13,2,4,4,2
sand,team_14,4,2,2,4
sand,team_15,4,2,2,4
sand,team_3,3,3,3,3
sand,team_4,2,4,4,2
sand,team_5,6,0,0,6
sand,team_6,3,3,3,3
sand,team_7,5,1,1,5
sand,team_9,1,5,5,1
scarf_latios,team_0,5,1,1,5
scarf_latios,team_10,6,0,0,6
scarf_latios,team_13,2,4,4,2
scarf_latios,team_14,3,3,3,3
scarf_latios,team_15,4,2,2,4
scarf_latios,team_3,2,4,4,2
scarf_latios,team_4,2,4,4,2
scarf_latios,team_5,1,5,5,1
scarf_latios,team_6,3,3,3,3
scarf_latios,team_7,3,3,3,3
scarf_latios,team_9,5,1,1,5
team_0,team_10,1,5,5,1
team_0,team_13,3,3,3,3
team_0,team_14,4,2,2,4
team_0,team_15,5,1,1,5
team_0,team_3,5,1,1,5
team_0,team_4,4,2,2,4
team_0,team_5,5,1,1,5
team_0,team_6,4,2,2,4
team_0,team_7,2,4,4,2
team_0,team_9,5,1,1,5
team_10,team_13,4,2,2,4
team_10,team_14,3,3,3,3
team_10,team_15,1,5,5,1
team_10,team_3,3,3,3,3
team_10,team_4,2,4,4,2
team_10,team_5,4,2,2,4
team_10,team_6,5,1,1,5
team_10,team_7,1,5,5,1
team_10,team_9,3,3,3,3
team_13,team_14,0,6,6,0
team_13,team_15,4,2,2,4
team_13,team_3,1,5,5,1
team_13,team_4,3,3,3,3
team_13,team_5,3,3,3,3
team_13,team_6,2,4,4,2
team_13,team_7,3,3,3,3
team_13,team_9,2,4,4,2
team_14,team_15,2,4,4,2
team_14,team_3,3,3,3,3
team_14,team_4,5,1,1,5
team_14,team_5,3,3,3,3
team_14,team_6,3,3,3,3
team_14,team_7,3,3,3,3
team_14,team_9,2,4,4,2
team_15,team_3,6,0,0,6
team_15,team_4,1,5,5,1
team_15,team_5,5,1,1,5
team_15,team_6,1,5,5,1
team_15,team_7,5,1,1,5
team_15,team_9,3,3,3,3
team_3,team_4,3,3,3,3
team_3,team_5,4,2,2,4
team_3,team_6,2,4,4,2
team_3,team_7,2,4,4,2
team_3,team_9,5,1,1,5
team_4,team_5,2,4,4,2
team_4,team_6,1,5,5,1
team_4,team_7,3,3,3,3
team_4,team_9,1,5,5,1
team_5,team_6,3,3,3,3
team_5,team_7,5,1,1,5
team_5,team_9,3,3,3,3
team_6,team_7,2,4,4,2
team_6,team_9,3,3,3,3
team_7,team_9,5,1,1,5
iron_crown_specs,manaphy,0,1,1,0
iron_crown_specs,mexican_webs,2,2,2,2
iron_crown_specs,sand,0,1,1,0
iron_crown_specs,scarf_latios,1,0,0,1
iron_crown_specs,team_0,1,0,0,1
iron_crown_specs,team_10,1,0,0,1
iron_crown_specs,team_13,0,1,1,0
iron_crown_specs,team_14,0,1,1,0
iron_crown_specs,team_15,0,1,1,0
iron_crown_specs,team_3,0,1,1,0
iron_crown_specs,team_4,1,0,0,1
iron_crown_specs,team_5,0,1,1,0
iron_crown_specs,team_6,1,0,0,1
iron_crown_specs,team_7,0,1,1,0
iron_crown_specs,team_9,0,1,1,0
manaphy,mexican_webs,2,2,2,2
manaphy,sand,0,1,1,0
manaphy,scarf_latios,1,0,0,1
manaphy,team_0,1,0,0,1
manaphy,team_10,0,1,1,0
manaphy,team_13,1,0,0,1
manaphy,team_14,0,1,1,0
manaphy,team_15,0,1,1,0
manaphy,team_3,0,1,1,0
manaphy,team_4,0,1,1,0
manaphy,team_5,0,1,1,0
manaphy,team_6,1,0,0,1
manaphy,team_7,1,0,0,1
manaphy,team_9,1,0,0,1
mexican_webs,sand,0,1,1,0
mexican_webs,scarf_latios,0,1,1,0
mexican_webs,team_0,0,1,1,0
mexican_webs,team_10,1,0,0,1
mexican_webs,team_13,1,0,0,1
mexican_webs,team_14,1,0,0,1
mexican_webs,team_15,0,1,1,0
mexican_webs,team_3,1,0,0,1
mexican_webs,team_4,1,0,0,1
mexican_webs,team_5,0,1,1,0
mexican_webs,team_6,0,1,1,0
mexican_webs,team_7,0,1,1,0
mexican_webs,team_9,1,0,0,1
sand,scarf_latios,0,1,1,0
sand,team_0,1,0,0,1
sand,team_10,1,0,0,1
sand,team_13,1,0,0,1
sand,team_14,1,0,0,1
sand,team_15,1,0,0,1
sand,team_3,1,0,0,1
sand,team_4,0,1,1,0
sand,team_5,1,0,0,1
sand,team_6,1,0,0,1
sand,team_7,1,0,0,1
sand,team_9,1,0,0,1
scarf_latios,team_0,0,1,1,0
scarf_latios,team_10,1,0,0,1
scarf_latios,team_13,0,1,1,0
scarf_latios,team_14,0,1,1,0
scarf_latios,team_15,1,0,0,1
scarf_latios,team_3,0,1,1,0
scarf_latios,team_4,1,0,0,1
scarf_latios,team_5,1,0,0,1
scarf_latios,team_6,1,0,0,1
scarf_latios,team_7,0,1,1,0
scarf_latios,team_9,1,0,0,1
team_0,team_10,1,0,0,1
team_0,team_13,0,1,1,0
team_0,team_14,1,0,0,1
team_0,team_15,1,0,0,1
team_0,team_3,1,0,0,1
team_0,team_4,0,1,1,0
team_0,team_5,0,1,1,0
team_0,team_6,1,0,0,1
team_0,team_7,1,0,0,1
team_0,team_9,1,0,0,1
team_10,team_13,1,0,0,1
team_10,team_14,1,0,0,1
team_10,team_15,1,0,0,1
team_10,team_3,1,0,0,1
team_10,team_4,1,0,0,1
team_10,team_5,1,0,0,1
team_10,team_6,1,0,0,1
team_10,team_7,0,1,1,0
team_10,team_9,1,0,0,1
team_13,team_14,0,1,1,0
team_13,team_15,0,1,1,0
team_13,team_3,0,1,1,0
team_13,team_4,1,0,0,1
team_13,team_5,1,0,0,1
team_13,team_6,0,1,1,0
team_13,team_7,0,1,1,0
team_13,team_9,1,0,0,1
team_14,team_3,1,0,0,1
team_14,team_4,0,1,1,0
team_14,team_5,0,1,1,0
team_14,team_6,1,0,0,1
team_14,team_7,1,0,0,1
team_14,team_9,0,1,1,0
team_15,team_3,1,0,0,1
team_15,team_4,0,1,1,0
team_15,team_5,1,0,0,1
team_15,team_6,1,0,0,1
team_15,team_7,1,0,0,1
team_15,team_9,1,0,0,1
team_3,team_4,0,1,1,0
team_3,team_5,1,0,0,1
team_3,team_6,1,0,0,1
team_3,team_7,0,1,1,0
team_3,team_9,0,1,1,0
team_4,team_5,1,0,0,1
team_4,team_6,0,1,1,0
team_4,team_7,0,1,1,0
team_4,team_9,1,0,0,1
team_5,team_6,0,1,1,0
team_5,team_7,1,0,0,1
team_5,team_9,1,0,0,1
team_6,team_7,0,1,1,0
team_6,team_9,0,1,1,0
team_7,team_9,0,1,1,0
iron_crown_specs,manaphy,5,0,0,5
iron_crown_specs,mexican_webs,4,1,1,4
iron_crown_specs,sand,1,4,4,1
iron_crown_specs,scarf_latios,4,1,1,4
iron_crown_specs,team_0,1,4,4,1
iron_crown_specs,team_10,5,0,0,5
iron_crown_specs,team_13,3,2,2,3
iron_crown_specs,team_14,5,0,0,5
iron_crown_specs,team_15,3,2,2,3
iron_crown_specs,manaphy,3,2,2,3
iron_crown_specs,mexican_webs,2,3,3,2
iron_crown_specs,sand,2,3,3,2
iron_crown_specs,team_0,3,2,2,3
iron_crown_specs,team_15,3,2,2,3
iron_crown_specs,team_4,5,5,5,5
iron_crown_specs,team_7,4,6,6,4
manaphy,mexican_webs,6,4,4,6
manaphy,sand,6,4,4,6
manaphy,team_0,6,4,4,6
manaphy,team_15,0,10,10,0
manaphy,team_4,2,8,8,2
manaphy,team_7,6,4,4,6
mexican_webs,sand,6,4,4,6
mexican_webs,team_0,1,9,9,1
mexican_webs,team_15,10,0,0,10
mexican_webs,team_4,4,6,6,4
mexican_webs,team_7,3,7,7,3
sand,team_0,2,8,8,2
sand,team_15,9,1,1,9
sand,team_4,5,5,5,5
sand,team_7,8,2,2,8
team_0,team_15,10,0,0,10
team_0,team_4,2,8,8,2
team_0,team_7,6,4,4,6
team_15,team_4,2,8,8,2
team_15,team_7,6,4,4,6
team_4,team_7,3,7,7,3
BAL_Deoxys-S_Boot_Spam_by_CTC,BAL_Nasty_Plot_Hydrapple_by_LOOR,18,7,7,18
BAL_Deoxys-S_Boot_Spam_by_CTC,BAL_Nasty_Plot_Tornadus-T_Assault_Vest_Zamazenta_by_MAVERICK_SHOOTERS,10,15,15,10
BAL_Deoxys-S_Boot_Spam_by_CTC,BAL_Offensive_Zapdos_Boots_Rillaboom_Hazard_Stack_by_xavgb,6,19,19,6
BAL_Deoxys-S_Boot_Spam_by_CTC,BAL_Substitute_Kyurem_Dondozo_Balance_by_Blimax_and_CTC_edit,9,16,16,9
BAL_Deoxys-S_Boot_Spam_by_CTC,BAL_Swords_Dance_Gliscor_Knock_Off_Walking_Wake_Balance_by_Finchinator,12,13,13,12
BAL_Deoxys-S_Boot_Spam_by_CTC,BO_Double_Choice_Band_BO_by_Storm_Zone,9,16,16,9
BAL_Deoxys-S_Boot_Spam_by_CTC,BO_Enamorus_Lokix_BO_by_haxrme_and_Pkel_SweeTforU,8,17,17,8
BAL_Deoxys-S_Boot_Spam_by_CTC,BO_Garganacl_Iron_Treads_BO_by_Attribute,13,12,12,13
BAL_Deoxys-S_Boot_Spam_by_CTC,BO_Latios_Tera_Blast_Scizor_Hazard_Stack_by_Pinkacross,8,2,2,8
BAL_Deoxys-S_Boot_Spam_by_CTC,BO_Metal_Coat_Gholdengo_Tera_Blast_Flying_Dragonite_by_xavgb,6,4,4,6
BAL_Deoxys-S_Boot_Spam_by_CTC,BO_Weezing-Galar_Choice_Specs_Iron_Crown_BO_by_ima,7,3,3,7
BAL_Deoxys-S_Boot_Spam_by_CTC,OFF_Ceruledge_Darkrai_Veil_by_oldspicemike,8,2,2,8
BAL_Deoxys-S_Boot_Spam_by_CTC,OFF_Life_Orb_Deoxys_Offense_by_Shaymin_Sky,1,9,9,1
BAL_Deoxys-S_Boot_Spam_by_CTC,OFF_Life_Orb_Raging_Bolt_Offensive_Torkoal_Sun_by_xavgb,9,1,1,9
BAL_Deoxys-S_Boot_Spam_by_CTC,OFF_Nasty_Plot_Tornadus-T_Offense_by_Vert_and_Giannis_Antetokommo-o,6,4,4,6
BAL_Deoxys-S_Boot_Spam_by_CTC,OFF_Ninetales_Life_Orb_Raging_Bolt_Sun_by_Vert,3,7,7,3
BAL_Deoxys-S_Boot_Spam_by_CTC,OFF_Taunt_Ogerpon-W_Specs_Dragapult_Offense_by_xavgb,4,6,6,4
BAL_Deoxys-S_Boot_Spam_by_CTC,STA_Removal_Stall_by_saw_war_newnew_edit_by_Xuwu,9,1,1,9
BAL_Nasty_Plot_Hydrapple_by_LOOR,BAL_Nasty_Plot_Tornadus-T_Assault_Vest_Zamazenta_by_MAVERICK_SHOOTERS,4,6,6,4
BAL_Nasty_Plot_Hydrapple_by_LOOR,BAL_Offensive_Zapdos_Boots_Rillaboom_Hazard_Stack_by_xavgb,5,5,5,5
BAL_Nasty_Plot_Hydrapple_by_LOOR,BAL_Substitute_Kyurem_Dondozo_Balance_by_Blimax_and_CTC_edit,6,4,4,6
BAL_Nasty_Plot_Hydrapple_by_LOOR,BAL_Swords_Dance_Gliscor_Knock_Off_Walking_Wake_Balance_by_Finchinator,4,6,6,4
BAL_Nasty_Plot_Hydrapple_by_LOOR,BO_Double_Choice_Band_BO_by_Storm_Zone,5,5,5,5
BAL_Nasty_Plot_Hydrapple_by_LOOR,BO_Enamorus_Lokix_BO_by_haxrme_and_Pkel_SweeTforU,5,5,5,5
BAL_Nasty_Plot_Hydrapple_by_LOOR,BO_Garganacl_Iron_Treads_BO_by_Attribute,9,1,1,9
BAL_Nasty_Plot_Hydrapple_by_LOOR,BO_Latios_Tera_Blast_Scizor_Hazard_Stack_by_Pinkacross,7,3,3,7
BAL_Nasty_Plot_Hydrapple_by_LOOR,BO_Metal_Coat_Gholdengo_Tera_Blast_Flying_Dragonite_by_xavgb,8,2,2,8
BAL_Nasty_Plot_Hydrapple_by_LOOR,BO_Weezing-Galar_Choice_Specs_Iron_Crown_BO_by_ima,6,4,4,6
BAL_Nasty_Plot_Hydrapple_by_LOOR,OFF_Ceruledge_Darkrai_Veil_by_oldspicemike,6,4,4,6
BAL_Nasty_Plot_Hydrapple_by_LOOR,OFF_Life_Orb_Deoxys_Offense_by_Shaymin_Sky,1,9,9,1
BAL_Nasty_Plot_Hydrapple_by_LOOR,OFF_Life_Orb_Raging_Bolt_Offensive_Torkoal_Sun_by_xavgb,5,5,5,5
BAL_Nasty_Plot_Hydrapple_by_LOOR,OFF_Nasty_Plot_Tornadus-T_Offense_by_Vert_and_Giannis_Antetokommo-o,5,5,5,5
BAL_Nasty_Plot_Hydrapple_by_LOOR,OFF_Ninetales_Life_Orb_Raging_Bolt_Sun_by_Vert,3,7,7,3
BAL_Nasty_Plot_Hydrapple_by_LOOR,OFF_Taunt_Ogerpon-W_Specs_Dragapult_Offense_by_xavgb,7,3,3,7
BAL_Nasty_Plot_Hydrapple_by_LOOR,STA_Removal_Stall_by_saw_war_newnew_edit_by_Xuwu,8,2,2,8
BAL_Nasty_Plot_Tornadus-T_Assault_Vest_Zamazenta_by_MAVERICK_SHOOTERS,BAL_Offensive_Zapdos_Boots_Rillaboom_Hazard_Stack_by_xavgb,3,7,7,3
BAL_Nasty_Plot_Tornadus-T_Assault_Vest_Zamazenta_by_MAVERICK_SHOOTERS,BAL_Substitute_Kyurem_Dondozo_Balance_by_Blimax_and_CTC_edit,5,5,5,5
BAL_Nasty_Plot_Tornadus-T_Assault_Vest_Zamazenta_by_MAVERICK_SHOOTERS,BAL_Swords_Dance_Gliscor_Knock_Off_Walking_Wake_Balance_by_Finchinator,5,5,5,5
BAL_Nasty_Plot_Tornadus-T_Assault_Vest_Zamazenta_by_MAVERICK_SHOOTERS,BO_Double_Choice_Band_BO_by_Storm_Zone,5,5,5,5
BAL_Nasty_Plot_Tornadus-T_Assault_Vest_Zamazenta_by_MAVERICK_SHOOTERS,BO_Enamorus_Lokix_BO_by_haxrme_and_Pkel_SweeTforU,5,5,5,5
BAL_Nasty_Plot_Tornadus-T_Assault_Vest_Zamazenta_by_MAVERICK_SHOOTERS,BO_Garganacl_Iron_Treads_BO_by_Attribute,0,10,10,0
BAL_Nasty_Plot_Tornadus-T_Assault_Vest_Zamazenta_by_MAVERICK_SHOOTERS,BO_Latios_Tera_Blast_Scizor_Hazard_Stack_by_Pinkacross,3,7,7,3
BAL_Nasty_Plot_Tornadus-T_Assault_Vest_Zamazenta_by_MAVERICK_SHOOTERS,BO_Metal_Coat_Gholdengo_Tera_Blast_Flying_Dragonite_by_xavgb,10,0,0,10
BAL_Nasty_Plot_Tornadus-T_Assault_Vest_Zamazenta_by_MAVERICK_SHOOTERS,BO_Weezing-Galar_Choice_Specs_Iron_Crown_BO_by_ima,8,2,2,8
BAL_Nasty_Plot_Tornadus-T_Assault_Vest_Zamazenta_by_MAVERICK_SHOOTERS,OFF_Ceruledge_Darkrai_Veil_by_oldspicemike,5,5,5,5
BAL_Nasty_Plot_Tornadus-T_Assault_Vest_Zamazenta_by_MAVERICK_SHOOTERS,OFF_Life_Orb_Deoxys_Offense_by_Shaymin_Sky,2,8,8,2
BAL_Nasty_Plot_Tornadus-T_Assault_Vest_Zamazenta_by_MAVERICK_SHOOTERS,OFF_Life_Orb_Raging_Bolt_Offensive_Torkoal_Sun_by_xavgb,7,3,3,7
BAL_Nasty_Plot_Tornadus-T_Assault_Vest_Zamazenta_by_MAVERICK_SHOOTERS,OFF_Nasty_Plot_Tornadus-T_Offense_by_Vert_and_Giannis_Antetokommo-o,6,4,4,6
BAL_Nasty_Plot_Tornadus-T_Assault_Vest_Zamazenta_by_MAVERICK_SHOOTERS,OFF_Ninetales_Life_Orb_Raging_Bolt_Sun_by_Vert,3,7,7,3
BAL_Nasty_Plot_Tornadus-T_Assault_Vest_Zamazenta_by_MAVERICK_SHOOTERS,OFF_Taunt_Ogerpon-W_Specs_Dragapult_Offense_by_xavgb,5,5,5,5
BAL_Nasty_Plot_Tornadus-T_Assault_Vest_Zamazenta_by_MAVERICK_SHOOTERS,STA_Removal_Stall_by_saw_war_newnew_edit_by_Xuwu,3,7,7,3
BAL_Offensive_Zapdos_Boots_Rillaboom_Hazard_Stack_by_xavgb,BAL_Substitute_Kyurem_Dondozo_Balance_by_Blimax_and_CTC_edit,2,8,8,2
BAL_Offensive_Zapdos_Boots_Rillaboom_Hazard_Stack_by_xavgb,BAL_Swords_Dance_Gliscor_Knock_Off_Walking_Wake_Balance_by_Finchinator,4,6,6,4
BAL_Offensive_Zapdos_Boots_Rillaboom_Hazard_Stack_by_xavgb,BO_Double_Choice_Band_BO_by_Storm_Zone,4,6,6,4
BAL_Offensive_Zapdos_Boots_Rillaboom_Hazard_Stack_by_xavgb,BO_Enamorus_Lokix_BO_by_haxrme_and_Pkel_SweeTforU,5,5,5,5
BAL_Offensive_Zapdos_Boots_Rillaboom_Hazard_Stack_by_xavgb,BO_Garganacl_Iron_Treads_BO_by_Attribute,3,7,7,3
BAL_Offensive_Zapdos_Boots_Rillaboom_Hazard_Stack_by_xavgb,BO_Latios_Tera_Blast_Scizor_Hazard_Stack_by_Pinkacross,8,2,2,8
BAL_Offensive_Zapdos_Boots_Rillaboom_Hazard_Stack_by_xavgb,BO_Metal_Coat_Gholdengo_Tera_Blast_Flying_Dragonite_by_xavgb,4,6,6,4
BAL_Offensive_Zapdos_Boots_Rillaboom_Hazard_Stack_by_xavgb,BO_Weezing-Galar_Choice_Specs_Iron_Crown_BO_by_ima,1,9,9,1
BAL_Offensive_Zapdos_Boots_Rillaboom_Hazard_Stack_by_xavgb,OFF_Ceruledge_Darkrai_Veil_by_oldspicemike,4,6,6,4
BAL_Offensive_Zapdos_Boots_Rillaboom_Hazard_Stack_by_xavgb,OFF_Life_Orb_Deoxys_Offense_by_Shaymin_Sky,3,7,7,3
BAL_Offensive_Zapdos_Boots_Rillaboom_Hazard_Stack_by_xavgb,OFF_Life_Orb_Raging_Bolt_Offensive_Torkoal_Sun_by_xavgb,6,4,4,6
BAL_Offensive_Zapdos_Boots_Rillaboom_Hazard_Stack_by_xavgb,OFF_Nasty_Plot_Tornadus-T_Offense_by_Vert_and_Giannis_Antetokommo-o,5,5,5,5
BAL_Offensive_Zapdos_Boots_Rillaboom_Hazard_Stack_by_xavgb,OFF_Ninetales_Life_Orb_Raging_Bolt_Sun_by_Vert,3,7,7,3
BAL_Offensive_Zapdos_Boots_Rillaboom_Hazard_Stack_by_xavgb,OFF_Taunt_Ogerpon-W_Specs_Dragapult_Offense_by_xavgb,2,8,8,2
BAL_Offensive_Zapdos_Boots_Rillaboom_Hazard_Stack_by_xavgb,STA_Removal_Stall_by_saw_war_newnew_edit_by_Xuwu,8,2,2,8
BAL_Substitute_Kyurem_Dondozo_Balance_by_Blimax_and_CTC_edit,BAL_Swords_Dance_Gliscor_Knock_Off_Walking_Wake_Balance_by_Finchinator,3,7,7,3
BAL_Substitute_Kyurem_Dondozo_Balance_by_Blimax_and_CTC_edit,BO_Double_Choice_Band_BO_by_Storm_Zone,7,3,3,7
BAL_Substitute_Kyurem_Dondozo_Balance_by_Blimax_and_CTC_edit,BO_Enamorus_Lokix_BO_by_haxrme_and_Pkel_SweeTforU,6,4,4,6
BAL_Substitute_Kyurem_Dondozo_Balance_by_Blimax_and_CTC_edit,BO_Garganacl_Iron_Treads_BO_by_Attribute,7,3,3,7
BAL_Substitute_Kyurem_Dondozo_Balance_by_Blimax_and_CTC_edit,BO_Latios_Tera_Blast_Scizor_Hazard_Stack_by_Pinkacross,10,0,0,10
BAL_Substitute_Kyurem_Dondozo_Balance_by_Blimax_and_CTC_edit,BO_Metal_Coat_Gholdengo_Tera_Blast_Flying_Dragonite_by_xavgb,9,1,1,9
BAL_Substitute_Kyurem_Dondozo_Balance_by_Blimax_and_CTC_edit,BO_Weezing-Galar_Choice_Specs_Iron_Crown_BO_by_ima,6,4,4,6
BAL_Substitute_Kyurem_Dondozo_Balance_by_Blimax_and_CTC_edit,OFF_Ceruledge_Darkrai_Veil_by_oldspicemike,5,5,5,5
BAL_Substitute_Kyurem_Dondozo_Balance_by_Blimax_and_CTC_edit,OFF_Life_Orb_Deoxys_Offense_by_Shaymin_Sky,6,4,4,6
BAL_Substitute_Kyurem_Dondozo_Balance_by_Blimax_and_CTC_edit,OFF_Life_Orb_Raging_Bolt_Offensive_Torkoal_Sun_by_xavgb,6,4,4,6
BAL_Substitute_Kyurem_Dondozo_Balance_by_Blimax_and_CTC_edit,OFF_Nasty_Plot_Tornadus-T_Offense_by_Vert_and_Giannis_Antetokommo-o,5,5,5,5
BAL_Substitute_Kyurem_Dondozo_Balance_by_Blimax_and_CTC_edit,OFF_Ninetales_Life_Orb_Raging_Bolt_Sun_by_Vert,5,5,5,5
BAL_Substitute_Kyurem_Dondozo_Balance_by_Blimax_and_CTC_edit,OFF_Taunt_Ogerpon-W_Specs_Dragapult_Offense_by_xavgb,5,5,5,5
BAL_Substitute_Kyurem_Dondozo_Balance_by_Blimax_and_CTC_edit,STA_Removal_Stall_by_saw_war_newnew_edit_by_Xuwu,6,4,4,6
BAL_Swords_Dance_Gliscor_Knock_Off_Walking_Wake_Balance_by_Finchinator,BO_Double_Choice_Band_BO_by_Storm_Zone,3,7,7,3
BAL_Swords_Dance_Gliscor_Knock_Off_Walking_Wake_Balance_by_Finchinator,BO_Enamorus_Lokix_BO_by_haxrme_and_Pkel_SweeTforU,2,8,8,2
BAL_Swords_Dance_Gliscor_Knock_Off_Walking_Wake_Balance_by_Finchinator,BO_Garganacl_Iron_Treads_BO_by_Attribute,4,6,6,4
BAL_Swords_Dance_Gliscor_Knock_Off_Walking_Wake_Balance_by_Finchinator,BO_Latios_Tera_Blast_Scizor_Hazard_Stack_by_Pinkacross,4,6,6,4
BAL_Swords_Dance_Gliscor_Knock_Off_Walking_Wake_Balance_by_Finchinator,BO_Metal_Coat_Gholdengo_Tera_Blast_Flying_Dragonite_by_xavgb,6,4,4,6
BAL_Swords_Dance_Gliscor_Knock_Off_Walking_Wake_Balance_by_Finchinator,BO_Weezing-Galar_Choice_Specs_Iron_Crown_BO_by_ima,3,7,7,3
BAL_Swords_Dance_Gliscor_Knock_Off_Walking_Wake_Balance_by_Finchinator,OFF_Ceruledge_Darkrai_Veil_by_oldspicemike,2,8,8,2
BAL_Swords_Dance_Gliscor_Knock_Off_Walking_Wake_Balance_by_Finchinator,OFF_Life_Orb_Deoxys_Offense_by_Shaymin_Sky,4,6,6,4
BAL_Swords_Dance_Gliscor_Knock_Off_Walking_Wake_Balance_by_Finchinator,OFF_Life_Orb_Raging_Bolt_Offensive_Torkoal_Sun_by_xavgb,9,1,1,9
BAL_Swords_Dance_Gliscor_Knock_Off_Walking_Wake_Balance_by_Finchinator,OFF_Nasty_Plot_Tornadus-T_Offense_by_Vert_and_Giannis_Antetokommo-o,4,6,6,4
BAL_Swords_Dance_Gliscor_Knock_Off_Walking_Wake_Balance_by_Finchinator,OFF_Ninetales_Life_Orb_Raging_Bolt_Sun_by_Vert,3,7,7,3
BAL_Swords_Dance_Gliscor_Knock_Off_Walking_Wake_Balance_by_Finchinator,OFF_Taunt_Ogerpon-W_Specs_Dragapult_Offense_by_xavgb,4,6,6,4
BAL_Swords_Dance_Gliscor_Knock_Off_Walking_Wake_Balance_by_Finchinator,STA_Removal_Stall_by_saw_war_newnew_edit_by_Xuwu,9,1,1,9
BO_Double_Choice_Band_BO_by_Storm_Zone,BO_Enamorus_Lokix_BO_by_haxrme_and_Pkel_SweeTforU,2,8,8,2
BO_Double_Choice_Band_BO_by_Storm_Zone,BO_Garganacl_Iron_Treads_BO_by_Attribute,5,5,5,5
BO_Double_Choice_Band_BO_by_Storm_Zone,BO_Latios_Tera_Blast_Scizor_Hazard_Stack_by_Pinkacross,7,3,3,7
BO_Double_Choice_Band_BO_by_Storm_Zone,BO_Metal_Coat_Gholdengo_Tera_Blast_Flying_Dragonite_by_xavgb,8,2,2,8
BO_Double_Choice_Band_BO_by_Storm_Zone,BO_Weezing-Galar_Choice_Specs_Iron_Crown_BO_by_ima,3,7,7,3
BO_Double_Choice_Band_BO_by_Storm_Zone,OFF_Ceruledge_Darkrai_Veil_by_oldspicemike,9,1,1,9
BO_Double_Choice_Band_BO_by_Storm_Zone,OFF_Life_Orb_Deoxys_Offense_by_Shaymin_Sky,1,9,9,1
BO_Double_Choice_Band_BO_by_Storm_Zone,OFF_Life_Orb_Raging_Bolt_Offensive_Torkoal_Sun_by_xavgb,9,1,1,9
BO_Double_Choice_Band_BO_by_Storm_Zone,OFF_Nasty_Plot_Tornadus-T_Offense_by_Vert_and_Giannis_Antetokommo-o,7,3,3,7
BO_Double_Choice_Band_BO_by_Storm_Zone,OFF_Ninetales_Life_Orb_Raging_Bolt_Sun_by_Vert,7,3,3,7
BO_Double_Choice_Band_BO_by_Storm_Zone,OFF_Taunt_Ogerpon-W_Specs_Dragapult_Offense_by_xavgb,4,6,6,4
BO_Double_Choice_Band_BO_by_Storm_Zone,STA_Removal_Stall_by_saw_war_newnew_edit_by_Xuwu,8,2,2,8
BO_Enamorus_Lokix_BO_by_haxrme_and_Pkel_SweeTforU,BO_Garganacl_Iron_Treads_BO_by_Attribute,4,6,6,4
BO_Enamorus_Lokix_BO_by_haxrme_and_Pkel_SweeTforU,BO_Latios_Tera_Blast_Scizor_Hazard_Stack_by_Pinkacross,8,2,2,8
BO_Enamorus_Lokix_BO_by_haxrme_and_Pkel_SweeTforU,BO_Metal_Coat_Gholdengo_Tera_Blast_Flying_Dragonite_by_xavgb,5,5,5,5
BO_Enamorus_Lokix_BO_by_haxrme_and_Pkel_SweeTforU,BO_Weezing-Galar_Choice_Specs_Iron_Crown_BO_by_ima,5,5,5,5
BO_Enamorus_Lokix_BO_by_haxrme_and_Pkel_SweeTforU,OFF_Ceruledge_Darkrai_Veil_by_oldspicemike,1,9,9,1
BO_Enamorus_Lokix_BO_by_haxrme_and_Pkel_SweeTforU,OFF_Life_Orb_Deoxys_Offense_by_Shaymin_Sky,4,6,6,4
BO_Enamorus_Lokix_BO_by_haxrme_and_Pkel_SweeTforU,OFF_Life_Orb_Raging_Bolt_Offensive_Torkoal_Sun_by_xavgb,9,1,1,9
BO_Enamorus_Lokix_BO_by_haxrme_and_Pkel_SweeTforU,OFF_Nasty_Plot_Tornadus-T_Offense_by_Vert_and_Giannis_Antetokommo-o,2,8,8,2
BO_Enamorus_Lokix_BO_by_haxrme_and_Pkel_SweeTforU,OFF_Ninetales_Life_Orb_Raging_Bolt_Sun_by_Vert,6,4,4,6
BO_Enamorus_Lokix_BO_by_haxrme_and_Pkel_SweeTforU,OFF_Taunt_Ogerpon-W_Specs_Dragapult_Offense_by_xavgb,1,9,9,1
BO_Enamorus_Lokix_BO_by_haxrme_and_Pkel_SweeTforU,STA_Removal_Stall_by_saw_war_newnew_edit_by_Xuwu,9,1,1,9
BO_Garganacl_Iron_Treads_BO_by_Attribute,BO_Latios_Tera_Blast_Scizor_Hazard_Stack_by_Pinkacross,3,7,7,3
BO_Garganacl_Iron_Treads_BO_by_Attribute,BO_Metal_Coat_Gholdengo_Tera_Blast_Flying_Dragonite_by_xavgb,3,7,7,3
BO_Garganacl_Iron_Treads_BO_by_Attribute,BO_Weezing-Galar_Choice_Specs_Iron_Crown_BO_by_ima,8,2,2,8
BO_Garganacl_Iron_Treads_BO_by_Attribute,OFF_Ceruledge_Darkrai_Veil_by_oldspicemike,4,6,6,4
BO_Garganacl_Iron_Treads_BO_by_Attribute,OFF_Life_Orb_Deoxys_Offense_by_Shaymin_Sky,2,8,8,2
BO_Garganacl_Iron_Treads_BO_by_Attribute,OFF_Life_Orb_Raging_Bolt_Offensive_Torkoal_Sun_by_xavgb,7,3,3,7
BO_Garganacl_Iron_Treads_BO_by_Attribute,OFF_Nasty_Plot_Tornadus-T_Offense_by_Vert_and_Giannis_Antetokommo-o,3,7,7,3
BO_Garganacl_Iron_Treads_BO_by_Attribute,OFF_Ninetales_Life_Orb_Raging_Bolt_Sun_by_Vert,3,7,7,3
BO_Garganacl_Iron_Treads_BO_by_Attribute,OFF_Taunt_Ogerpon-W_Specs_Dragapult_Offense_by_xavgb,2,8,8,2
BO_Garganacl_Iron_Treads_BO_by_Attribute,STA_Removal_Stall_by_saw_war_newnew_edit_by_Xuwu,2,8,8,2
BO_Latios_Tera_Blast_Scizor_Hazard_Stack_by_Pinkacross,BO_Metal_Coat_Gholdengo_Tera_Blast_Flying_Dragonite_by_xavgb,2,8,8,2
BO_Latios_Tera_Blast_Scizor_Hazard_Stack_by_Pinkacross,BO_Weezing-Galar_Choice_Specs_Iron_Crown_BO_by_ima,4,6,6,4
BO_Latios_Tera_Blast_Scizor_Hazard_Stack_by_Pinkacross,OFF_Ceruledge_Darkrai_Veil_by_oldspicemike,8,2,2,8
BO_Latios_Tera_Blast_Scizor_Hazard_Stack_by_Pinkacross,OFF_Life_Orb_Deoxys_Offense_by_Shaymin_Sky,7,3,3,7
BO_Latios_Tera_Blast_Scizor_Hazard_Stack_by_Pinkacross,OFF_Life_Orb_Raging_Bolt_Offensive_Torkoal_Sun_by_xavgb,6,4,4,6
BO_Latios_Tera_Blast_Scizor_Hazard_Stack_by_Pinkacross,OFF_Nasty_Plot_Tornadus-T_Offense_by_Vert_and_Giannis_Antetokommo-o,4,6,6,4
BO_Latios_Tera_Blast_Scizor_Hazard_Stack_by_Pinkacross,OFF_Ninetales_Life_Orb_Raging_Bolt_Sun_by_Vert,5,5,5,5
BO_Latios_Tera_Blast_Scizor_Hazard_Stack_by_Pinkacross,OFF_Taunt_Ogerpon-W_Specs_Dragapult_Offense_by_xavgb,5,5,5,5
BO_Latios_Tera_Blast_Scizor_Hazard_Stack_by_Pinkacross,STA_Removal_Stall_by_saw_war_newnew_edit_by_Xuwu,2,8,8,2
BO_Metal_Coat_Gholdengo_Tera_Blast_Flying_Dragonite_by_xavgb,BO_Weezing-Galar_Choice_Specs_Iron_Crown_BO_by_ima,2,8,8,2
BO_Metal_Coat_Gholdengo_Tera_Blast_Flying_Dragonite_by_xavgb,OFF_Ceruledge_Darkrai_Veil_by_oldspicemike,7,3,3,7
BO_Metal_Coat_Gholdengo_Tera_Blast_Flying_Dragonite_by_xavgb,OFF_Life_Orb_Deoxys_Offense_by_Shaymin_Sky,6,4,4,6
BO_Metal_Coat_Gholdengo_Tera_Blast_Flying_Dragonite_by_xavgb,OFF_Life_Orb_Raging_Bolt_Offensive_Torkoal_Sun_by_xavgb,8,2,2,8
BO_Metal_Coat_Gholdengo_Tera_Blast_Flying_Dragonite_by_xavgb,OFF_Nasty_Plot_Tornadus-T_Offense_by_Vert_and_Giannis_Antetokommo-o,3,7,7,3
BO_Metal_Coat_Gholdengo_Tera_Blast_Flying_Dragonite_by_xavgb,OFF_Ninetales_Life_Orb_Raging_Bolt_Sun_by_Vert,6,4,4,6
BO_Metal_Coat_Gholdengo_Tera_Blast_Flying_Dragonite_by_xavgb,OFF_Taunt_Ogerpon-W_Specs_Dragapult_Offense_by_xavgb,4,6,6,4
BO_Metal_Coat_Gholdengo_Tera_Blast_Flying_Dragonite_by_xavgb,STA_Removal_Stall_by_saw_war_newnew_edit_by_Xuwu,9,1,1,9
BO_Weezing-Galar_Choice_Specs_Iron_Crown_BO_by_ima,OFF_Ceruledge_Darkrai_Veil_by_oldspicemike,3,7,7,3
BO_Weezing-Galar_Choice_Specs_Iron_Crown_BO_by_ima,OFF_Life_Orb_Deoxys_Offense_by_Shaymin_Sky,0,10,10,0
BO_Weezing-Galar_Choice_Specs_Iron_Crown_BO_by_ima,OFF_Life_Orb_Raging_Bolt_Offensive_Torkoal_Sun_by_xavgb,10,0,0,10
BO_Weezing-Galar_Choice_Specs_Iron_Crown_BO_by_ima,OFF_Nasty_Plot_Tornadus-T_Offense_by_Vert_and_Giannis_Antetokommo-o,4,6,6,4
BO_Weezing-Galar_Choice_Specs_Iron_Crown_BO_by_ima,OFF_Ninetales_Life_Orb_Raging_Bolt_Sun_by_Vert,4,6,6,4
BO_Weezing-Galar_Choice_Specs_Iron_Crown_BO_by_ima,OFF_Taunt_Ogerpon-W_Specs_Dragapult_Offense_by_xavgb,1,9,9,1
BO_Weezing-Galar_Choice_Specs_Iron_Crown_BO_by_ima,STA_Removal_Stall_by_saw_war_newnew_edit_by_Xuwu,9,1,1,9
OFF_Ceruledge_Darkrai_Veil_by_oldspicemike,OFF_Life_Orb_Deoxys_Offense_by_Shaymin_Sky,6,4,4,6
OFF_Ceruledge_Darkrai_Veil_by_oldspicemike,OFF_Life_Orb_Raging_Bolt_Offensive_Torkoal_Sun_by_xavgb,8,2,2,8
OFF_Ceruledge_Darkrai_Veil_by_oldspicemike,OFF_Nasty_Plot_Tornadus-T_Offense_by_Vert_and_Giannis_Antetokommo-o,0,10,10,0
OFF_Ceruledge_Darkrai_Veil_by_oldspicemike,OFF_Ninetales_Life_Orb_Raging_Bolt_Sun_by_Vert,3,7,7,3
OFF_Ceruledge_Darkrai_Veil_by_oldspicemike,OFF_Taunt_Ogerpon-W_Specs_Dragapult_Offense_by_xavgb,2,8,8,2
OFF_Ceruledge_Darkrai_Veil_by_oldspicemike,STA_Removal_Stall_by_saw_war_newnew_edit_by_Xuwu,3,7,7,3
OFF_Life_Orb_Deoxys_Offense_by_Shaymin_Sky,OFF_Life_Orb_Raging_Bolt_Offensive_Torkoal_Sun_by_xavgb,10,0,0,10
OFF_Life_Orb_Deoxys_Offense_by_Shaymin_Sky,OFF_Nasty_Plot_Tornadus-T_Offense_by_Vert_and_Giannis_Antetokommo-o,8,2,2,8
OFF_Life_Orb_Deoxys_Offense_by_Shaymin_Sky,OFF_Ninetales_Life_Orb_Raging_Bolt_Sun_by_Vert,4,6,6,4
OFF_Life_Orb_Deoxys_Offense_by_Shaymin_Sky,OFF_Taunt_Ogerpon-W_Specs_Dragapult_Offense_by_xavgb,3,7,7,3
OFF_Life_Orb_Deoxys_Offense_by_Shaymin_Sky,STA_Removal_Stall_by_saw_war_newnew_edit_by_Xuwu,8,2,2,8
OFF_Life_Orb_Raging_Bolt_Offensive_Torkoal_Sun_by_xavgb,OFF_Nasty_Plot_Tornadus-T_Offense_by_Vert_and_Giannis_Antetokommo-o,3,7,7,3
OFF_Life_Orb_Raging_Bolt_Offensive_Torkoal_Sun_by_xavgb,OFF_Ninetales_Life_Orb_Raging_Bolt_Sun_by_Vert,4,6,6,4
OFF_Life_Orb_Raging_Bolt_Offensive_Torkoal_Sun_by_xavgb,OFF_Taunt_Ogerpon-W_Specs_Dragapult_Offense_by_xavgb,1,9,9,1
OFF_Life_Orb_Raging_Bolt_Offensive_Torkoal_Sun_by_xavgb,STA_Removal_Stall_by_saw_war_newnew_edit_by_Xuwu,4,6,6,4
OFF_Nasty_Plot_Tornadus-T_Offense_by_Vert_and_Giannis_Antetokommo-o,OFF_Ninetales_Life_Orb_Raging_Bolt_Sun_by_Vert,4,6,6,4
OFF_Nasty_Plot_Tornadus-T_Offense_by_Vert_and_Giannis_Antetokommo-o,OFF_Taunt_Ogerpon-W_Specs_Dragapult_Offense_by_xavgb,3,7,7,3
OFF_Nasty_Plot_Tornadus-T_Offense_by_Vert_and_Giannis_Antetokommo-o,STA_Removal_Stall_by_saw_war_newnew_edit_by_Xuwu,9,1,1,9
OFF_Ninetales_Life_Orb_Raging_Bolt_Sun_by_Vert,OFF_Taunt_Ogerpon-W_Specs_Dragapult_Offense_by_xavgb,4,6,6,4
OFF_Ninetales_Life_Orb_Raging_Bolt_Sun_by_Vert,STA_Removal_Stall_by_saw_war_newnew_edit_by_Xuwu,3,7,7,3
OFF_Taunt_Ogerpon-W_Specs_Dragapult_Offense_by_xavgb,STA_Removal_Stall_by_saw_war_newnew_edit_by_Xuwu,6,4,4,6
BAL_Substitute_Kyurem_Dondozo_Balance_by_Blimax_and_CTC_edit,BO_Double_Choice_Band_BO_by_Storm_Zone,6,4,4,6
BAL_Substitute_Kyurem_Dondozo_Balance_by_Blimax_and_CTC_edit,OFF_Life_Orb_Deoxys_Offense_by_Shaymin_Sky,6,4,4,6
BAL_Substitute_Kyurem_Dondozo_Balance_by_Blimax_and_CTC_edit,OFF_Taunt_Ogerpon-W_Specs_Dragapult_Offense_by_xavgb,0,10,10,0
BAL_Substitute_Kyurem_Dondozo_Balance_by_Blimax_and_CTC_edit,iron_crown_specs,12,8,8,12
BAL_Substitute_Kyurem_Dondozo_Balance_by_Blimax_and_CTC_edit,manaphy,4,16,16,4
BAL_Substitute_Kyurem_Dondozo_Balance_by_Blimax_and_CTC_edit,mexican_webs,6,14,14,6
BAL_Substitute_Kyurem_Dondozo_Balance_by_Blimax_and_CTC_edit,sand,10,10,10,10
BAL_Substitute_Kyurem_Dondozo_Balance_by_Blimax_and_CTC_edit,team_0,8,12,12,8
BAL_Substitute_Kyurem_Dondozo_Balance_by_Blimax_and_CTC_edit,team_14,13,7,7,13
BAL_Substitute_Kyurem_Dondozo_Balance_by_Blimax_and_CTC_edit,team_4,10,10,10,10
BAL_Substitute_Kyurem_Dondozo_Balance_by_Blimax_and_CTC_edit,team_7,8,12,12,8
BO_Double_Choice_Band_BO_by_Storm_Zone,OFF_Life_Orb_Deoxys_Offense_by_Shaymin_Sky,1,9,9,1
BO_Double_Choice_Band_BO_by_Storm_Zone,OFF_Taunt_Ogerpon-W_Specs_Dragapult_Offense_by_xavgb,4,6,6,4
BO_Double_Choice_Band_BO_by_Storm_Zone,iron_crown_specs,12,8,8,12
BO_Double_Choice_Band_BO_by_Storm_Zone,manaphy,17,3,3,17
BO_Double_Choice_Band_BO_by_Storm_Zone,mexican_webs,7,13,13,7
BO_Double_Choice_Band_BO_by_Storm_Zone,sand,7,13,13,7
BO_Double_Choice_Band_BO_by_Storm_Zone,team_0,3,17,17,3
BO_Double_Choice_Band_BO_by_Storm_Zone,team_14,7,13,13,7
BO_Double_Choice_Band_BO_by_Storm_Zone,team_4,11,9,9,11
BO_Double_Choice_Band_BO_by_Storm_Zone,team_7,11,9,9,11
OFF_Life_Orb_Deoxys_Offense_by_Shaymin_Sky,OFF_Taunt_Ogerpon-W_Specs_Dragapult_Offense_by_xavgb,7,3,3,7
OFF_Life_Orb_Deoxys_Offense_by_Shaymin_Sky,iron_crown_specs,12,8,8,12
OFF_Life_Orb_Deoxys_Offense_by_Shaymin_Sky,manaphy,15,5,5,15
OFF_Life_Orb_Deoxys_Offense_by_Shaymin_Sky,mexican_webs,8,12,12,8
OFF_Life_Orb_Deoxys_Offense_by_Shaymin_Sky,sand,13,7,7,13
OFF_Life_Orb_Deoxys_Offense_by_Shaymin_Sky,team_0,10,10,10,10
OFF_Life_Orb_Deoxys_Offense_by_Shaymin_Sky,team_14,19,1,1,19
OFF_Life_Orb_Deoxys_Offense_by_Shaymin_Sky,team_4,14,6,6,14
OFF_Life_Orb_Deoxys_Offense_by_Shaymin_Sky,team_7,11,9,9,11
OFF_Taunt_Ogerpon-W_Specs_Dragapult_Offense_by_xavgb,iron_crown_specs,15,5,5,15
OFF_Taunt_Ogerpon-W_Specs_Dragapult_Offense_by_xavgb,manaphy,14,6,6,14
OFF_Taunt_Ogerpon-W_Specs_Dragapult_Offense_by_xavgb,mexican_webs,14,6,6,14
OFF_Taunt_Ogerpon-W_Specs_Dragapult_Offense_by_xavgb,sand,16,4,4,16
OFF_Taunt_Ogerpon-W_Specs_Dragapult_Offense_by_xavgb,team_0,5,15,15,5
OFF_Taunt_Ogerpon-W_Specs_Dragapult_Offense_by_xavgb,team_14,17,3,3,17
OFF_Taunt_Ogerpon-W_Specs_Dragapult_Offense_by_xavgb,team_4,6,14,14,6
OFF_Taunt_Ogerpon-W_Specs_Dragapult_Offense_by_xavgb,team_7,14,6,6,14
iron_crown_specs,team_14,2,3,3,2
manaphy,team_14,3,7,7,3
mexican_webs,team_14,3,7,7,3
sand,team_14,6,4,4,6
team_0,team_14,9,1,1,9
team_14,team_4,4,6,6,4
team_14,team_7,5,5,5,5
OFF_Life_Orb_Deoxys_Offense_by_Shaymin_Sky,OFF_Taunt_Ogerpon-W_Specs_Dragapult_Offense_by_xavgb,17,13,13,17
OFF_Life_Orb_Deoxys_Offense_by_Shaymin_Sky,OFF_Taunt_Ogerpon-W_Specs_Dragapult_Offense_by_xavgb,22,28,28,22
OFF_Life_Orb_Deoxys_Offense_by_Shaymin_Sky,mexican_webs,33,47,47,33
OFF_Life_Orb_Deoxys_Offense_by_Shaymin_Sky,sand,63,17,17,63
OFF_Life_Orb_Deoxys_Offense_by_Shaymin_Sky,team_0,35,45,45,35
OFF_Life_Orb_Deoxys_Offense_by_Shaymin_Sky,team_4,57,23,23,57
OFF_Taunt_Ogerpon-W_Specs_Dragapult_Offense_by_xavgb,mexican_webs,46,34,34,46
OFF_Taunt_Ogerpon-W_Specs_Dragapult_Offense_by_xavgb,sand,49,31,31,49
OFF_Taunt_Ogerpon-W_Specs_Dragapult_Offense_by_xavgb,team_0,17,63,63,17
OFF_Taunt_Ogerpon-W_Specs_Dragapult_Offense_by_xavgb,team_4,32,48,48,32
mexican_webs,sand,43,37,37,43
mexican_webs,team_0,20,60,60,20
mexican_webs,team_4,16,64,64,16
sand,team_0,33,47,47,33
sand,team_4,35,45,45,35
team_0,team_4,37,43,43,37
OFF_Life_Orb_Deoxys_Offense_by_Shaymin_Sky,OFF_Taunt_Ogerpon-W_Specs_Dragapult_Offense_by_xavgb,0,1,1,0
OFF_Life_Orb_Deoxys_Offense_by_Shaymin_Sky,mexican_webs,0,1,1,0
OFF_Life_Orb_Deoxys_Offense_by_Shaymin_Sky,sand,1,0,0,1
OFF_Life_Orb_Deoxys_Offense_by_Shaymin_Sky,team_0,0,1,1,0
OFF_Life_Orb_Deoxys_Offense_by_Shaymin_Sky,team_4,1,0,0,1
OFF_Taunt_Ogerpon-W_Specs_Dragapult_Offense_by_xavgb,mexican_webs,0,1,1,0
OFF_Taunt_Ogerpon-W_Specs_Dragapult_Offense_by_xavgb,sand,0,1,1,0
OFF_Taunt_Ogerpon-W_Specs_Dragapult_Offense_by_xavgb,team_0,1,0,0,1
OFF_Taunt_Ogerpon-W_Specs_Dragapult_Offense_by_xavgb,team_4,0,1,1,0
mexican_webs,sand,1,0,0,1
mexican_webs,team_0,1,0,0,1
mexican_webs,team_4,0,1,1,0
sand,team_0,1,0,0,1
sand,team_4,0,1,1,0
team_0,team_4,1,0,0,1
BAL_Deoxys-S_Boot_Spam_by_CTC,iron_crown_specs,0,1,1,0
BAL_Deoxys-S_Boot_Spam_by_CTC,jungle_planet,0,1,1,0
BAL_Deoxys-S_Boot_Spam_by_CTC,lokix_voltturn,1,0,0,1
BAL_Deoxys-S_Boot_Spam_by_CTC,manaphy,1,0,0,1
BAL_Deoxys-S_Boot_Spam_by_CTC,mexican_webs,1,0,0,1
BAL_Deoxys-S_Boot_Spam_by_CTC,mu_fish,0,1,1,0
BAL_Deoxys-S_Boot_Spam_by_CTC,nu_balance,1,0,0,1
BAL_Deoxys-S_Boot_Spam_by_CTC,nu_ho,1,0,0,1
BAL_Deoxys-S_Boot_Spam_by_CTC,nu_offense,1,0,0,1
BAL_Deoxys-S_Boot_Spam_by_CTC,nu_stall,1,0,0,1
BAL_Deoxys-S_Boot_Spam_by_CTC,pu_team,1,0,0,1
BAL_Deoxys-S_Boot_Spam_by_CTC,quagsire_stall,1,0,0,1
BAL_Deoxys-S_Boot_Spam_by_CTC,sand,0,1,1,0
BAL_Deoxys-S_Boot_Spam_by_CTC,scarf_latios,0,1,1,0
BAL_Deoxys-S_Boot_Spam_by_CTC,team_0,1,0,0,1
BAL_Deoxys-S_Boot_Spam_by_CTC,team_1,0,1,1,0
BAL_Deoxys-S_Boot_Spam_by_CTC,team_10,0,1,1,0
BAL_Deoxys-S_Boot_Spam_by_CTC,team_11,1,0,0,1
BAL_Deoxys-S_Boot_Spam_by_CTC,team_12,0,1,1,0
BAL_Deoxys-S_Boot_Spam_by_CTC,team_13,0,1,1,0
BAL_Deoxys-S_Boot_Spam_by_CTC,team_14,1,0,0,1
BAL_Deoxys-S_Boot_Spam_by_CTC,team_15,0,1,1,0
BAL_Deoxys-S_Boot_Spam_by_CTC,team_2,0,1,1,0
BAL_Deoxys-S_Boot_Spam_by_CTC,team_3,1,0,0,1
BAL_Deoxys-S_Boot_Spam_by_CTC,team_4,0,1,1,0
BAL_Deoxys-S_Boot_Spam_by_CTC,team_5,0,1,1,0
BAL_Deoxys-S_Boot_Spam_by_CTC,team_6,0,1,1,0
BAL_Deoxys-S_Boot_Spam_by_CTC,team_7,0,1,1,0
BAL_Deoxys-S_Boot_Spam_by_CTC,team_8,1,0,0,1
BAL_Deoxys-S_Boot_Spam_by_CTC,team_9,1,0,0,1
BAL_Deoxys-S_Boot_Spam_by_CTC,trick_room,1,0,0,1
BAL_Deoxys-S_Boot_Spam_by_CTC,zzzzzzzzzu,1,0,0,1
BAL_Nasty_Plot_Hydrapple_by_LOOR,iron_crown_specs,0,1,1,0
BAL_Nasty_Plot_Hydrapple_by_LOOR,jungle_planet,1,0,0,1
BAL_Nasty_Plot_Hydrapple_by_LOOR,lokix_voltturn,1,0,0,1
BAL_Nasty_Plot_Hydrapple_by_LOOR,manaphy,0,1,1,0
BAL_Nasty_Plot_Hydrapple_by_LOOR,mexican_webs,1,0,0,1
BAL_Nasty_Plot_Hydrapple_by_LOOR,mu_fish,1,0,0,1
BAL_Nasty_Plot_Hydrapple_by_LOOR,nu_balance,1,0,0,1
BAL_Nasty_Plot_Hydrapple_by_LOOR,nu_ho,1,0,0,1
BAL_Nasty_Plot_Hydrapple_by_LOOR,nu_offense,1,0,0,1
BAL_Nasty_Plot_Hydrapple_by_LOOR,nu_stall,1,0,0,1
BAL_Nasty_Plot_Hydrapple_by_LOOR,pu_team,1,0,0,1
BAL_Nasty_Plot_Hydrapple_by_LOOR,quagsire_stall,0,1,1,0
BAL_Nasty_Plot_Hydrapple_by_LOOR,sand,1,0,0,1
BAL_Nasty_Plot_Hydrapple_by_LOOR,scarf_latios,1,0,0,1
BAL_Nasty_Plot_Hydrapple_by_LOOR,team_0,1,0,0,1
BAL_Nasty_Plot_Hydrapple_by_LOOR,team_1,1,0,0,1
BAL_Nasty_Plot_Hydrapple_by_LOOR,team_10,0,1,1,0
BAL_Nasty_Plot_Hydrapple_by_LOOR,team_11,0,1,1,0
BAL_Nasty_Plot_Hydrapple_by_LOOR,team_12,1,0,0,1
BAL_Nasty_Plot_Hydrapple_by_LOOR,team_13,0,1,1,0
BAL_Nasty_Plot_Hydrapple_by_LOOR,team_14,0,1,1,0
BAL_Nasty_Plot_Hydrapple_by_LOOR,team_15,0,1,1,0
BAL_Nasty_Plot_Hydrapple_by_LOOR,team_2,1,0,0,1
BAL_Nasty_Plot_Hydrapple_by_LOOR,team_3,1,0,0,1
BAL_Nasty_Plot_Hydrapple_by_LOOR,team_4,0,1,1,0
BAL_Nasty_Plot_Hydrapple_by_LOOR,team_5,0,1,1,0
BAL_Nasty_Plot_Hydrapple_by_LOOR,team_6,1,0,0,1
BAL_Nasty_Plot_Hydrapple_by_LOOR,team_7,0,1,1,0
BAL_Nasty_Plot_Hydrapple_by_LOOR,team_8,0,1,1,0
BAL_Nasty_Plot_Hydrapple_by_LOOR,team_9,0,1,1,0
BAL_Nasty_Plot_Hydrapple_by_LOOR,trick_room,1,0,0,1
BAL_Nasty_Plot_Hydrapple_by_LOOR,zzzzzzzzzu,1,0,0,1
BAL_Nasty_Plot_Tornadus-T_Assault_Vest_Zamazenta_by_MAVERICK_SHOOTERS,iron_crown_specs,0,1,1,0
BAL_Nasty_Plot_Tornadus-T_Assault_Vest_Zamazenta_by_MAVERICK_SHOOTERS,jungle_planet,0,1,1,0
BAL_Nasty_Plot_Tornadus-T_Assault_Vest_Zamazenta_by_MAVERICK_SHOOTERS,lokix_voltturn,1,0,0,1
BAL_Nasty_Plot_Tornadus-T_Assault_Vest_Zamazenta_by_MAVERICK_SHOOTERS,manaphy,1,0,0,1
BAL_Nasty_Plot_Tornadus-T_Assault_Vest_Zamazenta_by_MAVERICK_SHOOTERS,mexican_webs,1,0,0,1
BAL_Nasty_Plot_Tornadus-T_Assault_Vest_Zamazenta_by_MAVERICK_SHOOTERS,mu_fish,1,0,0,1
BAL_Nasty_Plot_Tornadus-T_Assault_Vest_Zamazenta_by_MAVERICK_SHOOTERS,nu_balance,0,1,1,0
BAL_Nasty_Plot_Tornadus-T_Assault_Vest_Zamazenta_by_MAVERICK_SHOOTERS,nu_ho,0,1,1,0
BAL_Nasty_Plot_Tornadus-T_Assault_Vest_Zamazenta_by_MAVERICK_SHOOTERS,nu_offense,1,0,0,1
BAL_Nasty_Plot_Tornadus-T_Assault_Vest_Zamazenta_by_MAVERICK_SHOOTERS,nu_stall,1,0,0,1
BAL_Nasty_Plot_Tornadus-T_Assault_Vest_Zamazenta_by_MAVERICK_SHOOTERS,pu_team,1,0,0,1
BAL_Nasty_Plot_Tornadus-T_Assault_Vest_Zamazenta_by_MAVERICK_SHOOTERS,quagsire_stall,1,0,0,1
BAL_Nasty_Plot_Tornadus-T_Assault_Vest_Zamazenta_by_MAVERICK_SHOOTERS,sand,0,1,1,0
BAL_Nasty_Plot_Tornadus-T_Assault_Vest_Zamazenta_by_MAVERICK_SHOOTERS,scarf_latios,0,1,1,0
BAL_Nasty_Plot_Tornadus-T_Assault_Vest_Zamazenta_by_MAVERICK_SHOOTERS,team_0,1,0,0,1
BAL_Nasty_Plot_Tornadus-T_Assault_Vest_Zamazenta_by_MAVERICK_SHOOTERS,team_1,0,1,1,0
BAL_Nasty_Plot_Tornadus-T_Assault_Vest_Zamazenta_by_MAVERICK_SHOOTERS,team_10,1,0,0,1
BAL_Nasty_Plot_Tornadus-T_Assault_Vest_Zamazenta_by_MAVERICK_SHOOTERS,team_11,1,0,0,1
BAL_Nasty_Plot_Tornadus-T_Assault_Vest_Zamazenta_by_MAVERICK_SHOOTERS,team_12,1,0,0,1
BAL_Nasty_Plot_Tornadus-T_Assault_Vest_Zamazenta_by_MAVERICK_SHOOTERS,team_13,0,1,1,0
BAL_Nasty_Plot_Tornadus-T_Assault_Vest_Zamazenta_by_MAVERICK_SHOOTERS,team_14,0,1,1,0
BAL_Nasty_Plot_Tornadus-T_Assault_Vest_Zamazenta_by_MAVERICK_SHOOTERS,team_15,0,1,1,0
BAL_Nasty_Plot_Tornadus-T_Assault_Vest_Zamazenta_by_MAVERICK_SHOOTERS,team_2,1,0,0,1
BAL_Nasty_Plot_Tornadus-T_Assault_Vest_Zamazenta_by_MAVERICK_SHOOTERS,team_3,0,1,1,0
BAL_Nasty_Plot_Tornadus-T_Assault_Vest_Zamazenta_by_MAVERICK_SHOOTERS,team_4,0,1,1,0
BAL_Nasty_Plot_Tornadus-T_Assault_Vest_Zamazenta_by_MAVERICK_SHOOTERS,team_5,0,1,1,0
BAL_Nasty_Plot_Tornadus-T_Assault_Vest_Zamazenta_by_MAVERICK_SHOOTERS,team_6,1,0,0,1
BAL_Nasty_Plot_Tornadus-T_Assault_Vest_Zamazenta_by_MAVERICK_SHOOTERS,team_7,1,0,0,1
BAL_Nasty_Plot_Tornadus-T_Assault_Vest_Zamazenta_by_MAVERICK_SHOOTERS,team_8,0,1,1,0
BAL_Nasty_Plot_Tornadus-T_Assault_Vest_Zamazenta_by_MAVERICK_SHOOTERS,team_9,0,1,1,0
BAL_Nasty_Plot_Tornadus-T_Assault_Vest_Zamazenta_by_MAVERICK_SHOOTERS,trick_room,0,1,1,0
BAL_Nasty_Plot_Tornadus-T_Assault_Vest_Zamazenta_by_MAVERICK_SHOOTERS,zzzzzzzzzu,1,0,0,1
BAL_Offensive_Zapdos_Boots_Rillaboom_Hazard_Stack_by_xavgb,iron_crown_specs,1,0,0,1
BAL_Offensive_Zapdos_Boots_Rillaboom_Hazard_Stack_by_xavgb,jungle_planet,1,0,0,1
BAL_Offensive_Zapdos_Boots_Rillaboom_Hazard_Stack_by_xavgb,lokix_voltturn,1,0,0,1
BAL_Offensive_Zapdos_Boots_Rillaboom_Hazard_Stack_by_xavgb,manaphy,1,0,0,1
BAL_Offensive_Zapdos_Boots_Rillaboom_Hazard_Stack_by_xavgb,mexican_webs,1,0,0,1
BAL_Offensive_Zapdos_Boots_Rillaboom_Hazard_Stack_by_xavgb,mu_fish,1,0,0,1
BAL_Offensive_Zapdos_Boots_Rillaboom_Hazard_Stack_by_xavgb,nu_balance,1,0,0,1
BAL_Offensive_Zapdos_Boots_Rillaboom_Hazard_Stack_by_xavgb,nu_ho,1,0,0,1
BAL_Offensive_Zapdos_Boots_Rillaboom_Hazard_Stack_by_xavgb,nu_offense,1,0,0,1
BAL_Offensive_Zapdos_Boots_Rillaboom_Hazard_Stack_by_xavgb,nu_stall,1,0,0,1
BAL_Offensive_Zapdos_Boots_Rillaboom_Hazard_Stack_by_xavgb,pu_team,1,0,0,1
BAL_Offensive_Zapdos_Boots_Rillaboom_Hazard_Stack_by_xavgb,quagsire_stall,1,0,0,1
BAL_Offensive_Zapdos_Boots_Rillaboom_Hazard_Stack_by_xavgb,sand,1,0,0,1
BAL_Offensive_Zapdos_Boots_Rillaboom_Hazard_Stack_by_xavgb,scarf_latios,0,1,1,0
BAL_Offensive_Zapdos_Boots_Rillaboom_Hazard_Stack_by_xavgb,team_0,0,1,1,0
BAL_Offensive_Zapdos_Boots_Rillaboom_Hazard_Stack_by_xavgb,team_1,1,0,0,1
BAL_Offensive_Zapdos_Boots_Rillaboom_Hazard_Stack_by_xavgb,team_10,1,0,0,1
BAL_Offensive_Zapdos_Boots_Rillaboom_Hazard_Stack_by_xavgb,team_11,0,1,1,0
BAL_Offensive_Zapdos_Boots_Rillaboom_Hazard_Stack_by_xavgb,team_12,0,1,1,0
BAL_Offensive_Zapdos_Boots_Rillaboom_Hazard_Stack_by_xavgb,team_13,0,1,1,0
BAL_Offensive_Zapdos_Boots_Rillaboom_Hazard_Stack_by_xavgb,team_14,0,1,1,0
BAL_Offensive_Zapdos_Boots_Rillaboom_Hazard_Stack_by_xavgb,team_15,0,1,1,0
BAL_Offensive_Zapdos_Boots_Rillaboom_Hazard_Stack_by_xavgb,team_2,1,0,0,1
BAL_Offensive_Zapdos_Boots_Rillaboom_Hazard_Stack_by_xavgb,team_3,0,1,1,0
BAL_Offensive_Zapdos_Boots_Rillaboom_Hazard_Stack_by_xavgb,team_4,0,1,1,0
BAL_Offensive_Zapdos_Boots_Rillaboom_Hazard_Stack_by_xavgb,team_5,0,1,1,0
BAL_Offensive_Zapdos_Boots_Rillaboom_Hazard_Stack_by_xavgb,team_6,0,1,1,0
BAL_Offensive_Zapdos_Boots_Rillaboom_Hazard_Stack_by_xavgb,team_7,0,1,1,0
BAL_Offensive_Zapdos_Boots_Rillaboom_Hazard_Stack_by_xavgb,team_8,0,1,1,0
BAL_Offensive_Zapdos_Boots_Rillaboom_Hazard_Stack_by_xavgb,team_9,0,1,1,0
BAL_Offensive_Zapdos_Boots_Rillaboom_Hazard_Stack_by_xavgb,trick_room,1,0,0,1
BAL_Offensive_Zapdos_Boots_Rillaboom_Hazard_Stack_by_xavgb,zzzzzzzzzu,1,0,0,1
BAL_Substitute_Kyurem_Dondozo_Balance_by_Blimax_and_CTC_edit,jungle_planet,0,1,1,0
BAL_Substitute_Kyurem_Dondozo_Balance_by_Blimax_and_CTC_edit,lokix_voltturn,1,0,0,1
BAL_Substitute_Kyurem_Dondozo_Balance_by_Blimax_and_CTC_edit,mu_fish,0,1,1,0
BAL_Substitute_Kyurem_Dondozo_Balance_by_Blimax_and_CTC_edit,nu_balance,1,0,0,1
BAL_Substitute_Kyurem_Dondozo_Balance_by_Blimax_and_CTC_edit,nu_ho,0,1,1,0
BAL_Substitute_Kyurem_Dondozo_Balance_by_Blimax_and_CTC_edit,nu_offense,1,0,0,1
BAL_Substitute_Kyurem_Dondozo_Balance_by_Blimax_and_CTC_edit,nu_stall,1,0,0,1
BAL_Substitute_Kyurem_Dondozo_Balance_by_Blimax_and_CTC_edit,pu_team,1,0,0,1
BAL_Substitute_Kyurem_Dondozo_Balance_by_Blimax_and_CTC_edit,quagsire_stall,1,0,0,1
BAL_Substitute_Kyurem_Dondozo_Balance_by_Blimax_and_CTC_edit,scarf_latios,1,0,0,1
BAL_Substitute_Kyurem_Dondozo_Balance_by_Blimax_and_CTC_edit,team_1,1,0,0,1
BAL_Substitute_Kyurem_Dondozo_Balance_by_Blimax_and_CTC_edit,team_10,1,0,0,1
BAL_Substitute_Kyurem_Dondozo_Balance_by_Blimax_and_CTC_edit,team_11,1,0,0,1
BAL_Substitute_Kyurem_Dondozo_Balance_by_Blimax_and_CTC_edit,team_12,1,0,0,1
BAL_Substitute_Kyurem_Dondozo_Balance_by_Blimax_and_CTC_edit,team_13,0,1,1,0
BAL_Substitute_Kyurem_Dondozo_Balance_by_Blimax_and_CTC_edit,team_15,1,0,0,1
BAL_Substitute_Kyurem_Dondozo_Balance_by_Blimax_and_CTC_edit,team_2,0,1,1,0
BAL_Substitute_Kyurem_Dondozo_Balance_by_Blimax_and_CTC_edit,team_3,1,0,0,1
BAL_Substitute_Kyurem_Dondozo_Balance_by_Blimax_and_CTC_edit,team_5,1,0,0,1
BAL_Substitute_Kyurem_Dondozo_Balance_by_Blimax_and_CTC_edit,team_6,1,0,0,1
BAL_Substitute_Kyurem_Dondozo_Balance_by_Blimax_and_CTC_edit,team_8,1,0,0,1
BAL_Substitute_Kyurem_Dondozo_Balance_by_Blimax_and_CTC_edit,team_9,1,0,0,1
BAL_Substitute_Kyurem_Dondozo_Balance_by_Blimax_and_CTC_edit,trick_room,1,0,0,1
BAL_Substitute_Kyurem_Dondozo_Balance_by_Blimax_and_CTC_edit,zzzzzzzzzu,1,0,0,1
BAL_Swords_Dance_Gliscor_Knock_Off_Walking_Wake_Balance_by_Finchinator,iron_crown_specs,1,0,0,1
BAL_Swords_Dance_Gliscor_Knock_Off_Walking_Wake_Balance_by_Finchinator,jungle_planet,1,0,0,1
BAL_Swords_Dance_Gliscor_Knock_Off_Walking_Wake_Balance_by_Finchinator,lokix_voltturn,0,1,1,0
BAL_Swords_Dance_Gliscor_Knock_Off_Walking_Wake_Balance_by_Finchinator,manaphy,0,1,1,0
BAL_Swords_Dance_Gliscor_Knock_Off_Walking_Wake_Balance_by_Finchinator,mexican_webs,0,1,1,0
BAL_Swords_Dance_Gliscor_Knock_Off_Walking_Wake_Balance_by_Finchinator,mu_fish,0,1,1,0
BAL_Swords_Dance_Gliscor_Knock_Off_Walking_Wake_Balance_by_Finchinator,nu_balance,0,1,1,0
BAL_Swords_Dance_Gliscor_Knock_Off_Walking_Wake_Balance_by_Finchinator,nu_ho,1,0,0,1
BAL_Swords_Dance_Gliscor_Knock_Off_Walking_Wake_Balance_by_Finchinator,nu_offense,1,0,0,1
BAL_Swords_Dance_Gliscor_Knock_Off_Walking_Wake_Balance_by_Finchinator,nu_stall,1,0,0,1
BAL_Swords_Dance_Gliscor_Knock_Off_Walking_Wake_Balance_by_Finchinator,pu_team,1,0,0,1
BAL_Swords_Dance_Gliscor_Knock_Off_Walking_Wake_Balance_by_Finchinator,quagsire_stall,1,0,0,1
BAL_Swords_Dance_Gliscor_Knock_Off_Walking_Wake_Balance_by_Finchinator,sand,0,1,1,0
BAL_Swords_Dance_Gliscor_Knock_Off_Walking_Wake_Balance_by_Finchinator,scarf_latios,1,0,0,1
BAL_Swords_Dance_Gliscor_Knock_Off_Walking_Wake_Balance_by_Finchinator,team_0,1,0,0,1
BAL_Swords_Dance_Gliscor_Knock_Off_Walking_Wake_Balance_by_Finchinator,team_1,0,1,1,0
BAL_Swords_Dance_Gliscor_Knock_Off_Walking_Wake_Balance_by_Finchinator,team_10,1,0,0,1
BAL_Swords_Dance_Gliscor_Knock_Off_Walking_Wake_Balance_by_Finchinator,team_11,1,0,0,1
BAL_Swords_Dance_Gliscor_Knock_Off_Walking_Wake_Balance_by_Finchinator,team_12,1,0,0,1
BAL_Swords_Dance_Gliscor_Knock_Off_Walking_Wake_Balance_by_Finchinator,team_13,0,1,1,0
BAL_Swords_Dance_Gliscor_Knock_Off_Walking_Wake_Balance_by_Finchinator,team_14,0,1,1,0
BAL_Swords_Dance_Gliscor_Knock_Off_Walking_Wake_Balance_by_Finchinator,team_15,0,1,1,0
BAL_Swords_Dance_Gliscor_Knock_Off_Walking_Wake_Balance_by_Finchinator,team_2,0,1,1,0
BAL_Swords_Dance_Gliscor_Knock_Off_Walking_Wake_Balance_by_Finchinator,team_3,0,1,1,0
BAL_Swords_Dance_Gliscor_Knock_Off_Walking_Wake_Balance_by_Finchinator,team_4,0,1,1,0
BAL_Swords_Dance_Gliscor_Knock_Off_Walking_Wake_Balance_by_Finchinator,team_5,1,0,0,1
BAL_Swords_Dance_Gliscor_Knock_Off_Walking_Wake_Balance_by_Finchinator,team_6,0,1,1,0
BAL_Swords_Dance_Gliscor_Knock_Off_Walking_Wake_Balance_by_Finchinator,team_7,1,0,0,1
BAL_Swords_Dance_Gliscor_Knock_Off_Walking_Wake_Balance_by_Finchinator,team_8,0,1,1,0
BAL_Swords_Dance_Gliscor_Knock_Off_Walking_Wake_Balance_by_Finchinator,team_9,1,0,0,1
BAL_Swords_Dance_Gliscor_Knock_Off_Walking_Wake_Balance_by_Finchinator,trick_room,1,0,0,1
BAL_Swords_Dance_Gliscor_Knock_Off_Walking_Wake_Balance_by_Finchinator,zzzzzzzzzu,1,0,0,1
BO_Double_Choice_Band_BO_by_Storm_Zone,jungle_planet,1,0,0,1
BO_Double_Choice_Band_BO_by_Storm_Zone,lokix_voltturn,0,1,1,0
BO_Double_Choice_Band_BO_by_Storm_Zone,mu_fish,1,0,0,1
BO_Double_Choice_Band_BO_by_Storm_Zone,nu_balance,1,0,0,1
BO_Double_Choice_Band_BO_by_Storm_Zone,nu_ho,1,0,0,1
BO_Double_Choice_Band_BO_by_Storm_Zone,nu_offense,1,0,0,1
BO_Double_Choice_Band_BO_by_Storm_Zone,nu_stall,1,0,0,1
BO_Double_Choice_Band_BO_by_Storm_Zone,pu_team,1,0,0,1
BO_Double_Choice_Band_BO_by_Storm_Zone,quagsire_stall,1,0,0,1
BO_Double_Choice_Band_BO_by_Storm_Zone,scarf_latios,0,1,1,0
BO_Double_Choice_Band_BO_by_Storm_Zone,team_1,1,0,0,1
BO_Double_Choice_Band_BO_by_Storm_Zone,team_10,0,1,1,0
BO_Double_Choice_Band_BO_by_Storm_Zone,team_11,0,1,1,0
BO_Double_Choice_Band_BO_by_Storm_Zone,team_12,1,0,0,1
BO_Double_Choice_Band_BO_by_Storm_Zone,team_13,0,1,1,0
BO_Double_Choice_Band_BO_by_Storm_Zone,team_15,0,1,1,0
BO_Double_Choice_Band_BO_by_Storm_Zone,team_2,0,1,1,0
BO_Double_Choice_Band_BO_by_Storm_Zone,team_3,1,0,0,1
BO_Double_Choice_Band_BO_by_Storm_Zone,team_5,0,1,1,0
BO_Double_Choice_Band_BO_by_Storm_Zone,team_6,0,1,1,0
BO_Double_Choice_Band_BO_by_Storm_Zone,team_8,0,1,1,0
BO_Double_Choice_Band_BO_by_Storm_Zone,team_9,0,1,1,0
BO_Double_Choice_Band_BO_by_Storm_Zone,trick_room,1,0,0,1
BO_Double_Choice_Band_BO_by_Storm_Zone,zzzzzzzzzu,1,0,0,1
BO_Enamorus_Lokix_BO_by_haxrme_and_Pkel_SweeTforU,iron_crown_specs,1,0,0,1
BO_Enamorus_Lokix_BO_by_haxrme_and_Pkel_SweeTforU,jungle_planet,1,0,0,1
BO_Enamorus_Lokix_BO_by_haxrme_and_Pkel_SweeTforU,lokix_voltturn,1,0,0,1
BO_Enamorus_Lokix_BO_by_haxrme_and_Pkel_SweeTforU,manaphy,0,1,1,0
BO_Enamorus_Lokix_BO_by_haxrme_and_Pkel_SweeTforU,mexican_webs,0,1,1,0
BO_Enamorus_Lokix_BO_by_haxrme_and_Pkel_SweeTforU,mu_fish,0,1,1,0
BO_Enamorus_Lokix_BO_by_haxrme_and_Pkel_SweeTforU,nu_balance,0,1,1,0
BO_Enamorus_Lokix_BO_by_haxrme_and_Pkel_SweeTforU,nu_ho,0,1,1,0
BO_Enamorus_Lokix_BO_by_haxrme_and_Pkel_SweeTforU,nu_offense,1,0,0,1
BO_Enamorus_Lokix_BO_by_haxrme_and_Pkel_SweeTforU,nu_stall,0,1,1,0
BO_Enamorus_Lokix_BO_by_haxrme_and_Pkel_SweeTforU,pu_team,1,0,0,1
BO_Enamorus_Lokix_BO_by_haxrme_and_Pkel_SweeTforU,quagsire_stall,1,0,0,1
BO_Enamorus_Lokix_BO_by_haxrme_and_Pkel_SweeTforU,sand,0,1,1,0
BO_Enamorus_Lokix_BO_by_haxrme_and_Pkel_SweeTforU,scarf_latios,0,1,1,0
BO_Enamorus_Lokix_BO_by_haxrme_and_Pkel_SweeTforU,team_0,0,1,1,0
BO_Enamorus_Lokix_BO_by_haxrme_and_Pkel_SweeTforU,team_1,0,1,1,0
BO_Enamorus_Lokix_BO_by_haxrme_and_Pkel_SweeTforU,team_10,0,1,1,0
BO_Enamorus_Lokix_BO_by_haxrme_and_Pkel_SweeTforU,team_11,0,1,1,0
BO_Enamorus_Lokix_BO_by_haxrme_and_Pkel_SweeTforU,team_12,1,0,0,1
BO_Enamorus_Lokix_BO_by_haxrme_and_Pkel_SweeTforU,team_13,0,1,1,0
BO_Enamorus_Lokix_BO_by_haxrme_and_Pkel_SweeTforU,team_14,0,1,1,0
BO_Enamorus_Lokix_BO_by_haxrme_and_Pkel_SweeTforU,team_15,0,1,1,0
BO_Enamorus_Lokix_BO_by_haxrme_and_Pkel_SweeTforU,team_2,1,0,0,1
BO_Enamorus_Lokix_BO_by_haxrme_and_Pkel_SweeTforU,team_3,1,0,0,1
BO_Enamorus_Lokix_BO_by_haxrme_and_Pkel_SweeTforU,team_4,0,1,1,0
BO_Enamorus_Lokix_BO_by_haxrme_and_Pkel_SweeTforU,team_5,0,1,1,0
BO_Enamorus_Lokix_BO_by_haxrme_and_Pkel_SweeTforU,team_6,0,1,1,0
BO_Enamorus_Lokix_BO_by_haxrme_and_Pkel_SweeTforU,team_7,0,1,1,0
BO_Enamorus_Lokix_BO_by_haxrme_and_Pkel_SweeTforU,team_8,0,1,1,0
BO_Enamorus_Lokix_BO_by_haxrme_and_Pkel_SweeTforU,team_9,0,1,1,0
BO_Enamorus_Lokix_BO_by_haxrme_and_Pkel_SweeTforU,trick_room,1,0,0,1
BO_Enamorus_Lokix_BO_by_haxrme_and_Pkel_SweeTforU,zzzzzzzzzu,1,0,0,1
BO_Garganacl_Iron_Treads_BO_by_Attribute,iron_crown_specs,0,1,1,0
BO_Garganacl_Iron_Treads_BO_by_Attribute,jungle_planet,0,1,1,0
BO_Garganacl_Iron_Treads_BO_by_Attribute,lokix_voltturn,0,1,1,0
BO_Garganacl_Iron_Treads_BO_by_Attribute,manaphy,0,1,1,0
BO_Garganacl_Iron_Treads_BO_by_Attribute,mexican_webs,0,1,1,0
BO_Garganacl_Iron_Treads_BO_by_Attribute,mu_fish,1,0,0,1
BO_Garganacl_Iron_Treads_BO_by_Attribute,nu_balance,1,0,0,1
BO_Garganacl_Iron_Treads_BO_by_Attribute,nu_ho,1,0,0,1
BO_Garganacl_Iron_Treads_BO_by_Attribute,nu_offense,1,0,0,1
BO_Garganacl_Iron_Treads_BO_by_Attribute,nu_stall,1,0,0,1
BO_Garganacl_Iron_Treads_BO_by_Attribute,pu_team,0,1,1,0
BO_Garganacl_Iron_Treads_BO_by_Attribute,quagsire_stall,0,1,1,0
BO_Garganacl_Iron_Treads_BO_by_Attribute,sand,0,1,1,0
BO_Garganacl_Iron_Treads_BO_by_Attribute,scarf_latios,0,1,1,0
BO_Garganacl_Iron_Treads_BO_by_Attribute,team_0,0,1,1,0
BO_Garganacl_Iron_Treads_BO_by_Attribute,team_1,0,1,1,0
BO_Garganacl_Iron_Treads_BO_by_Attribute,team_10,1,0,0,1
BO_Garganacl_Iron_Treads_BO_by_Attribute,team_11,0,1,1,0
BO_Garganacl_Iron_Treads_BO_by_Attribute,team_12,1,0,0,1
BO_Garganacl_Iron_Treads_BO_by_Attribute,team_13,0,1,1,0
BO_Garganacl_Iron_Treads_BO_by_Attribute,team_14,1,0,0,1
BO_Garganacl_Iron_Treads_BO_by_Attribute,team_15,1,0,0,1
BO_Garganacl_Iron_Treads_BO_by_Attribute,team_2,1,0,0,1
BO_Garganacl_Iron_Treads_BO_by_Attribute,team_3,0,1,1,0
BO_Garganacl_Iron_Treads_BO_by_Attribute,team_4,1,0,0,1
BO_Garganacl_Iron_Treads_BO_by_Attribute,team_5,1,0,0,1
BO_Garganacl_Iron_Treads_BO_by_Attribute,team_6,1,0,0,1
BO_Garganacl_Iron_Treads_BO_by_Attribute,team_7,0,1,1,0
BO_Garganacl_Iron_Treads_BO_by_Attribute,team_8,1,0,0,1
BO_Garganacl_Iron_Treads_BO_by_Attribute,team_9,0,1,1,0
BO_Garganacl_Iron_Treads_BO_by_Attribute,trick_room,1,0,0,1
BO_Garganacl_Iron_Treads_BO_by_Attribute,zzzzzzzzzu,1,0,0,1
BO_Latios_Tera_Blast_Scizor_Hazard_Stack_by_Pinkacross,iron_crown_specs,1,0,0,1
BO_Latios_Tera_Blast_Scizor_Hazard_Stack_by_Pinkacross,jungle_planet,0,1,1,0
BO_Latios_Tera_Blast_Scizor_Hazard_Stack_by_Pinkacross,lokix_voltturn,0,1,1,0
BO_Latios_Tera_Blast_Scizor_Hazard_Stack_by_Pinkacross,manaphy,0,1,1,0
BO_Latios_Tera_Blast_Scizor_Hazard_Stack_by_Pinkacross,mexican_webs,0,1,1,0
BO_Latios_Tera_Blast_Scizor_Hazard_Stack_by_Pinkacross,mu_fish,1,0,0,1
BO_Latios_Tera_Blast_Scizor_Hazard_Stack_by_Pinkacross,nu_balance,1,0,0,1
BO_Latios_Tera_Blast_Scizor_Hazard_Stack_by_Pinkacross,nu_ho,1,0,0,1
BO_Latios_Tera_Blast_Scizor_Hazard_Stack_by_Pinkacross,nu_offense,1,0,0,1
BO_Latios_Tera_Blast_Scizor_Hazard_Stack_by_Pinkacross,nu_stall,1,0,0,1
BO_Latios_Tera_Blast_Scizor_Hazard_Stack_by_Pinkacross,pu_team,1,0,0,1
BO_Latios_Tera_Blast_Scizor_Hazard_Stack_by_Pinkacross,quagsire_stall,0,1,1,0
BO_Latios_Tera_Blast_Scizor_Hazard_Stack_by_Pinkacross,sand,0,1,1,0
BO_Latios_Tera_Blast_Scizor_Hazard_Stack_by_Pinkacross,scarf_latios,1,0,0,1
BO_Latios_Tera_Blast_Scizor_Hazard_Stack_by_Pinkacross,team_0,1,0,0,1
BO_Latios_Tera_Blast_Scizor_Hazard_Stack_by_Pinkacross,team_1,1,0,0,1
BO_Latios_Tera_Blast_Scizor_Hazard_Stack_by_Pinkacross,team_10,0,1,1,0
BO_Latios_Tera_Blast_Scizor_Hazard_Stack_by_Pinkacross,team_11,1,0,0,1
BO_Latios_Tera_Blast_Scizor_Hazard_Stack_by_Pinkacross,team_12,0,1,1,0
BO_Latios_Tera_Blast_Scizor_Hazard_Stack_by_Pinkacross,team_13,0,1,1,0
BO_Latios_Tera_Blast_Scizor_Hazard_Stack_by_Pinkacross,team_14,0,1,1,0
BO_Latios_Tera_Blast_Scizor_Hazard_Stack_by_Pinkacross,team_15,0,1,1,0
BO_Latios_Tera_Blast_Scizor_Hazard_Stack_by_Pinkacross,team_2,0,1,1,0
BO_Latios_Tera_Blast_Scizor_Hazard_Stack_by_Pinkacross,team_3,1,0,0,1
BO_Latios_Tera_Blast_Scizor_Hazard_Stack_by_Pinkacross,team_4,0,1,1,0
BO_Latios_Tera_Blast_Scizor_Hazard_Stack_by_Pinkacross,team_5,0,1,1,0
BO_Latios_Tera_Blast_Scizor_Hazard_Stack_by_Pinkacross,team_6,1,0,0,1
BO_Latios_Tera_Blast_Scizor_Hazard_Stack_by_Pinkacross,team_7,0,1,1,0
BO_Latios_Tera_Blast_Scizor_Hazard_Stack_by_Pinkacross,team_8,0,1,1,0
BO_Latios_Tera_Blast_Scizor_Hazard_Stack_by_Pinkacross,team_9,1,0,0,1
BO_Latios_Tera_Blast_Scizor_Hazard_Stack_by_Pinkacross,trick_room,1,0,0,1
BO_Latios_Tera_Blast_Scizor_Hazard_Stack_by_Pinkacross,zzzzzzzzzu,1,0,0,1
BO_Metal_Coat_Gholdengo_Tera_Blast_Flying_Dragonite_by_xavgb,iron_crown_specs,1,0,0,1
BO_Metal_Coat_Gholdengo_Tera_Blast_Flying_Dragonite_by_xavgb,jungle_planet,1,0,0,1
BO_Metal_Coat_Gholdengo_Tera_Blast_Flying_Dragonite_by_xavgb,lokix_voltturn,0,1,1,0
BO_Metal_Coat_Gholdengo_Tera_Blast_Flying_Dragonite_by_xavgb,manaphy,1,0,0,1
BO_Metal_Coat_Gholdengo_Tera_Blast_Flying_Dragonite_by_xavgb,mexican_webs,1,0,0,1
BO_Metal_Coat_Gholdengo_Tera_Blast_Flying_Dragonite_by_xavgb,mu_fish,0,1,1,0
BO_Metal_Coat_Gholdengo_Tera_Blast_Flying_Dragonite_by_xavgb,nu_balance,0,1,1,0
BO_Metal_Coat_Gholdengo_Tera_Blast_Flying_Dragonite_by_xavgb,nu_ho,1,0,0,1
BO_Metal_Coat_Gholdengo_Tera_Blast_Flying_Dragonite_by_xavgb,nu_offense,1,0,0,1
BO_Metal_Coat_Gholdengo_Tera_Blast_Flying_Dragonite_by_xavgb,nu_stall,1,0,0,1
BO_Metal_Coat_Gholdengo_Tera_Blast_Flying_Dragonite_by_xavgb,pu_team,1,0,0,1
BO_Metal_Coat_Gholdengo_Tera_Blast_Flying_Dragonite_by_xavgb,quagsire_stall,1,0,0,1
BO_Metal_Coat_Gholdengo_Tera_Blast_Flying_Dragonite_by_xavgb,sand,0,1,1,0
BO_Metal_Coat_Gholdengo_Tera_Blast_Flying_Dragonite_by_xavgb,scarf_latios,0,1,1,0
BO_Metal_Coat_Gholdengo_Tera_Blast_Flying_Dragonite_by_xavgb,team_0,0,1,1,0
BO_Metal_Coat_Gholdengo_Tera_Blast_Flying_Dragonite_by_xavgb,team_1,0,1,1,0
BO_Metal_Coat_Gholdengo_Tera_Blast_Flying_Dragonite_by_xavgb,team_10,0,1,1,0
BO_Metal_Coat_Gholdengo_Tera_Blast_Flying_Dragonite_by_xavgb,team_11,0,1,1,0
BO_Metal_Coat_Gholdengo_Tera_Blast_Flying_Dragonite_by_xavgb,team_12,1,0,0,1
BO_Metal_Coat_Gholdengo_Tera_Blast_Flying_Dragonite_by_xavgb,team_13,0,1,1,0
BO_Metal_Coat_Gholdengo_Tera_Blast_Flying_Dragonite_by_xavgb,team_14,1,0,0,1
BO_Metal_Coat_Gholdengo_Tera_Blast_Flying_Dragonite_by_xavgb,team_15,0,1,1,0
BO_Metal_Coat_Gholdengo_Tera_Blast_Flying_Dragonite_by_xavgb,team_2,0,1,1,0
BO_Metal_Coat_Gholdengo_Tera_Blast_Flying_Dragonite_by_xavgb,team_3,1,0,0,1
BO_Metal_Coat_Gholdengo_Tera_Blast_Flying_Dragonite_by_xavgb,team_4,0,1,1,0
BO_Metal_Coat_Gholdengo_Tera_Blast_Flying_Dragonite_by_xavgb,team_5,0,1,1,0
BO_Metal_Coat_Gholdengo_Tera_Blast_Flying_Dragonite_by_xavgb,team_6,1,0,0,1
BO_Metal_Coat_Gholdengo_Tera_Blast_Flying_Dragonite_by_xavgb,team_7,1,0,0,1
BO_Metal_Coat_Gholdengo_Tera_Blast_Flying_Dragonite_by_xavgb,team_8,1,0,0,1
BO_Metal_Coat_Gholdengo_Tera_Blast_Flying_Dragonite_by_xavgb,team_9,1,0,0,1
BO_Metal_Coat_Gholdengo_Tera_Blast_Flying_Dragonite_by_xavgb,trick_room,1,0,0,1
BO_Metal_Coat_Gholdengo_Tera_Blast_Flying_Dragonite_by_xavgb,zzzzzzzzzu,1,0,0,1
BO_Weezing-Galar_Choice_Specs_Iron_Crown_BO_by_ima,iron_crown_specs,1,0,0,1
BO_Weezing-Galar_Choice_Specs_Iron_Crown_BO_by_ima,jungle_planet,1,0,0,1
BO_Weezing-Galar_Choice_Specs_Iron_Crown_BO_by_ima,lokix_voltturn,1,0,0,1
BO_Weezing-Galar_Choice_Specs_Iron_Crown_BO_by_ima,manaphy,0,1,1,0
BO_Weezing-Galar_Choice_Specs_Iron_Crown_BO_by_ima,mexican_webs,1,0,0,1
BO_Weezing-Galar_Choice_Specs_Iron_Crown_BO_by_ima,mu_fish,1,0,0,1
BO_Weezing-Galar_Choice_Specs_Iron_Crown_BO_by_ima,nu_balance,1,0,0,1
BO_Weezing-Galar_Choice_Specs_Iron_Crown_BO_by_ima,nu_ho,1,0,0,1
BO_Weezing-Galar_Choice_Specs_Iron_Crown_BO_by_ima,nu_offense,1,0,0,1
BO_Weezing-Galar_Choice_Specs_Iron_Crown_BO_by_ima,nu_stall,1,0,0,1
BO_Weezing-Galar_Choice_Specs_Iron_Crown_BO_by_ima,pu_team,0,1,1,0
BO_Weezing-Galar_Choice_Specs_Iron_Crown_BO_by_ima,quagsire_stall,1,0,0,1
BO_Weezing-Galar_Choice_Specs_Iron_Crown_BO_by_ima,sand,0,1,1,0
BO_Weezing-Galar_Choice_Specs_Iron_Crown_BO_by_ima,scarf_latios,0,1,1,0
BO_Weezing-Galar_Choice_Specs_Iron_Crown_BO_by_ima,team_0,0,1,1,0
BO_Weezing-Galar_Choice_Specs_Iron_Crown_BO_by_ima,team_1,1,0,0,1
BO_Weezing-Galar_Choice_Specs_Iron_Crown_BO_by_ima,team_10,0,1,1,0
BO_Weezing-Galar_Choice_Specs_Iron_Crown_BO_by_ima,team_11,0,1,1,0
BO_Weezing-Galar_Choice_Specs_Iron_Crown_BO_by_ima,team_12,0,1,1,0
BO_Weezing-Galar_Choice_Specs_Iron_Crown_BO_by_ima,team_13,0,1,1,0
BO_Weezing-Galar_Choice_Specs_Iron_Crown_BO_by_ima,team_14,1,0,0,1
BO_Weezing-Galar_Choice_Specs_Iron_Crown_BO_by_ima,team_15,1,0,0,1
BO_Weezing-Galar_Choice_Specs_Iron_Crown_BO_by_ima,team_2,0,1,1,0
BO_Weezing-Galar_Choice_Specs_Iron_Crown_BO_by_ima,team_3,1,0,0,1
BO_Weezing-Galar_Choice_Specs_Iron_Crown_BO_by_ima,team_4,0,1,1,0
BO_Weezing-Galar_Choice_Specs_Iron_Crown_BO_by_ima,team_5,1,0,0,1
BO_Weezing-Galar_Choice_Specs_Iron_Crown_BO_by_ima,team_6,0,1,1,0
BO_Weezing-Galar_Choice_Specs_Iron_Crown_BO_by_ima,team_7,0,1,1,0
BO_Weezing-Galar_Choice_Specs_Iron_Crown_BO_by_ima,team_8,1,0,0,1
BO_Weezing-Galar_Choice_Specs_Iron_Crown_BO_by_ima,team_9,1,0,0,1
BO_Weezing-Galar_Choice_Specs_Iron_Crown_BO_by_ima,trick_room,1,0,0,1
BO_Weezing-Galar_Choice_Specs_Iron_Crown_BO_by_ima,zzzzzzzzzu,1,0,0,1
OFF_Ceruledge_Darkrai_Veil_by_oldspicemike,iron_crown_specs,1,0,0,1
OFF_Ceruledge_Darkrai_Veil_by_oldspicemike,jungle_planet,1,0,0,1
OFF_Ceruledge_Darkrai_Veil_by_oldspicemike,lokix_voltturn,1,0,0,1
OFF_Ceruledge_Darkrai_Veil_by_oldspicemike,manaphy,0,1,1,0
OFF_Ceruledge_Darkrai_Veil_by_oldspicemike,mexican_webs,1,0,0,1
OFF_Ceruledge_Darkrai_Veil_by_oldspicemike,mu_fish,0,1,1,0
OFF_Ceruledge_Darkrai_Veil_by_oldspicemike,nu_balance,1,0,0,1
OFF_Ceruledge_Darkrai_Veil_by_oldspicemike,nu_ho,1,0,0,1
OFF_Ceruledge_Darkrai_Veil_by_oldspicemike,nu_offense,1,0,0,1
OFF_Ceruledge_Darkrai_Veil_by_oldspicemike,nu_stall,1,0,0,1
OFF_Ceruledge_Darkrai_Veil_by_oldspicemike,pu_team,1,0,0,1
OFF_Ceruledge_Darkrai_Veil_by_oldspicemike,quagsire_stall,1,0,0,1
OFF_Ceruledge_Darkrai_Veil_by_oldspicemike,sand,1,0,0,1
OFF_Ceruledge_Darkrai_Veil_by_oldspicemike,scarf_latios,0,1,1,0
OFF_Ceruledge_Darkrai_Veil_by_oldspicemike,team_0,0,1,1,0
OFF_Ceruledge_Darkrai_Veil_by_oldspicemike,team_1,1,0,0,1
OFF_Ceruledge_Darkrai_Veil_by_oldspicemike,team_10,1,0,0,1
OFF_Ceruledge_Darkrai_Veil_by_oldspicemike,team_11,0,1,1,0
OFF_Ceruledge_Darkrai_Veil_by_oldspicemike,team_12,0,1,1,0
OFF_Ceruledge_Darkrai_Veil_by_oldspicemike,team_13,0,1,1,0
OFF_Ceruledge_Darkrai_Veil_by_oldspicemike,team_14,0,1,1,0
OFF_Ceruledge_Darkrai_Veil_by_oldspicemike,team_15,1,0,0,1
OFF_Ceruledge_Darkrai_Veil_by_oldspicemike,team_2,1,0,0,1
OFF_Ceruledge_Darkrai_Veil_by_oldspicemike,team_3,1,0,0,1
OFF_Ceruledge_Darkrai_Veil_by_oldspicemike,team_4,0,1,1,0
OFF_Ceruledge_Darkrai_Veil_by_oldspicemike,team_5,1,0,0,1
OFF_Ceruledge_Darkrai_Veil_by_oldspicemike,team_6,1,0,0,1
OFF_Ceruledge_Darkrai_Veil_by_oldspicemike,team_7,1,0,0,1
OFF_Ceruledge_Darkrai_Veil_by_oldspicemike,team_8,1,0,0,1
OFF_Ceruledge_Darkrai_Veil_by_oldspicemike,team_9,1,0,0,1
OFF_Ceruledge_Darkrai_Veil_by_oldspicemike,trick_room,0,1,1,0
OFF_Ceruledge_Darkrai_Veil_by_oldspicemike,zzzzzzzzzu,1,0,0,1
OFF_Life_Orb_Deoxys_Offense_by_Shaymin_Sky,jungle_planet,0,1,1,0
OFF_Life_Orb_Deoxys_Offense_by_Shaymin_Sky,lokix_voltturn,0,1,1,0
OFF_Life_Orb_Deoxys_Offense_by_Shaymin_Sky,mu_fish,1,0,0,1
OFF_Life_Orb_Deoxys_Offense_by_Shaymin_Sky,nu_balance,1,0,0,1
OFF_Life_Orb_Deoxys_Offense_by_Shaymin_Sky,nu_ho,1,0,0,1
OFF_Life_Orb_Deoxys_Offense_by_Shaymin_Sky,nu_offense,1,0,0,1
OFF_Life_Orb_Deoxys_Offense_by_Shaymin_Sky,nu_stall,1,0,0,1
OFF_Life_Orb_Deoxys_Offense_by_Shaymin_Sky,pu_team,0,1,1,0
OFF_Life_Orb_Deoxys_Offense_by_Shaymin_Sky,quagsire_stall,0,1,1,0
OFF_Life_Orb_Deoxys_Offense_by_Shaymin_Sky,scarf_latios,0,1,1,0
OFF_Life_Orb_Deoxys_Offense_by_Shaymin_Sky,team_1,1,0,0,1
OFF_Life_Orb_Deoxys_Offense_by_Shaymin_Sky,team_10,0,1,1,0
OFF_Life_Orb_Deoxys_Offense_by_Shaymin_Sky,team_11,0,1,1,0
OFF_Life_Orb_Deoxys_Offense_by_Shaymin_Sky,team_12,1,0,0,1
OFF_Life_Orb_Deoxys_Offense_by_Shaymin_Sky,team_13,0,1,1,0
OFF_Life_Orb_Deoxys_Offense_by_Shaymin_Sky,team_15,1,0,0,1
OFF_Life_Orb_Deoxys_Offense_by_Shaymin_Sky,team_2,0,1,1,0
OFF_Life_Orb_Deoxys_Offense_by_Shaymin_Sky,team_3,0,1,1,0
OFF_Life_Orb_Deoxys_Offense_by_Shaymin_Sky,team_5,0,1,1,0
OFF_Life_Orb_Deoxys_Offense_by_Shaymin_Sky,team_6,0,1,1,0
OFF_Life_Orb_Deoxys_Offense_by_Shaymin_Sky,team_8,1,0,0,1
OFF_Life_Orb_Deoxys_Offense_by_Shaymin_Sky,team_9,0,1,1,0
OFF_Life_Orb_Deoxys_Offense_by_Shaymin_Sky,trick_room,1,0,0,1
OFF_Life_Orb_Deoxys_Offense_by_Shaymin_Sky,zzzzzzzzzu,1,0,0,1
OFF_Life_Orb_Raging_Bolt_Offensive_Torkoal_Sun_by_xavgb,iron_crown_specs,1,0,0,1
OFF_Life_Orb_Raging_Bolt_Offensive_Torkoal_Sun_by_xavgb,jungle_planet,0,1,1,0
OFF_Life_Orb_Raging_Bolt_Offensive_Torkoal_Sun_by_xavgb,lokix_voltturn,0,1,1,0
OFF_Life_Orb_Raging_Bolt_Offensive_Torkoal_Sun_by_xavgb,manaphy,1,0,0,1
OFF_Life_Orb_Raging_Bolt_Offensive_Torkoal_Sun_by_xavgb,mexican_webs,0,1,1,0
OFF_Life_Orb_Raging_Bolt_Offensive_Torkoal_Sun_by_xavgb,mu_fish,0,1,1,0
OFF_Life_Orb_Raging_Bolt_Offensive_Torkoal_Sun_by_xavgb,nu_balance,0,1,1,0
OFF_Life_Orb_Raging_Bolt_Offensive_Torkoal_Sun_by_xavgb,nu_ho,1,0,0,1
OFF_Life_Orb_Raging_Bolt_Offensive_Torkoal_Sun_by_xavgb,nu_offense,0,1,1,0
OFF_Life_Orb_Raging_Bolt_Offensive_Torkoal_Sun_by_xavgb,nu_stall,1,0,0,1
OFF_Life_Orb_Raging_Bolt_Offensive_Torkoal_Sun_by_xavgb,pu_team,0,1,1,0
OFF_Life_Orb_Raging_Bolt_Offensive_Torkoal_Sun_by_xavgb,quagsire_stall,1,0,0,1
OFF_Life_Orb_Raging_Bolt_Offensive_Torkoal_Sun_by_xavgb,sand,1,0,0,1
OFF_Life_Orb_Raging_Bolt_Offensive_Torkoal_Sun_by_xavgb,scarf_latios,1,0,0,1
OFF_Life_Orb_Raging_Bolt_Offensive_Torkoal_Sun_by_xavgb,team_0,0,1,1,0
OFF_Life_Orb_Raging_Bolt_Offensive_Torkoal_Sun_by_xavgb,team_1,0,1,1,0
OFF_Life_Orb_Raging_Bolt_Offensive_Torkoal_Sun_by_xavgb,team_10,0,1,1,0
OFF_Life_Orb_Raging_Bolt_Offensive_Torkoal_Sun_by_xavgb,team_11,1,0,0,1
OFF_Life_Orb_Raging_Bolt_Offensive_Torkoal_Sun_by_xavgb,team_12,0,1,1,0
OFF_Life_Orb_Raging_Bolt_Offensive_Torkoal_Sun_by_xavgb,team_13,0,1,1,0
OFF_Life_Orb_Raging_Bolt_Offensive_Torkoal_Sun_by_xavgb,team_14,1,0,0,1
OFF_Life_Orb_Raging_Bolt_Offensive_Torkoal_Sun_by_xavgb,team_15,1,0,0,1
OFF_Life_Orb_Raging_Bolt_Offensive_Torkoal_Sun_by_xavgb,team_2,0,1,1,0
OFF_Life_Orb_Raging_Bolt_Offensive_Torkoal_Sun_by_xavgb,team_3,0,1,1,0
OFF_Life_Orb_Raging_Bolt_Offensive_Torkoal_Sun_by_xavgb,team_4,0,1,1,0
OFF_Life_Orb_Raging_Bolt_Offensive_Torkoal_Sun_by_xavgb,team_5,1,0,0,1
OFF_Life_Orb_Raging_Bolt_Offensive_Torkoal_Sun_by_xavgb,team_6,0,1,1,0
OFF_Life_Orb_Raging_Bolt_Offensive_Torkoal_Sun_by_xavgb,team_7,0,1,1,0
OFF_Life_Orb_Raging_Bolt_Offensive_Torkoal_Sun_by_xavgb,team_8,0,1,1,0
OFF_Life_Orb_Raging_Bolt_Offensive_Torkoal_Sun_by_xavgb,team_9,1,0,0,1
OFF_Life_Orb_Raging_Bolt_Offensive_Torkoal_Sun_by_xavgb,trick_room,1,0,0,1
OFF_Life_Orb_Raging_Bolt_Offensive_Torkoal_Sun_by_xavgb,zzzzzzzzzu,1,0,0,1
OFF_Nasty_Plot_Tornadus-T_Offense_by_Vert_and_Giannis_Antetokommo-o,iron_crown_specs,0,1,1,0
OFF_Nasty_Plot_Tornadus-T_Offense_by_Vert_and_Giannis_Antetokommo-o,jungle_planet,0,1,1,0
OFF_Nasty_Plot_Tornadus-T_Offense_by_Vert_and_Giannis_Antetokommo-o,lokix_voltturn,1,0,0,1
OFF_Nasty_Plot_Tornadus-T_Offense_by_Vert_and_Giannis_Antetokommo-o,manaphy,0,1,1,0
OFF_Nasty_Plot_Tornadus-T_Offense_by_Vert_and_Giannis_Antetokommo-o,mexican_webs,1,0,0,1
OFF_Nasty_Plot_Tornadus-T_Offense_by_Vert_and_Giannis_Antetokommo-o,mu_fish,1,0,0,1
OFF_Nasty_Plot_Tornadus-T_Offense_by_Vert_and_Giannis_Antetokommo-o,nu_balance,1,0,0,1
OFF_Nasty_Plot_Tornadus-T_Offense_by_Vert_and_Giannis_Antetokommo-o,nu_ho,1,0,0,1
OFF_Nasty_Plot_Tornadus-T_Offense_by_Vert_and_Giannis_Antetokommo-o,nu_offense,1,0,0,1
OFF_Nasty_Plot_Tornadus-T_Offense_by_Vert_and_Giannis_Antetokommo-o,nu_stall,1,0,0,1
OFF_Nasty_Plot_Tornadus-T_Offense_by_Vert_and_Giannis_Antetokommo-o,pu_team,1,0,0,1
OFF_Nasty_Plot_Tornadus-T_Offense_by_Vert_and_Giannis_Antetokommo-o,quagsire_stall,1,0,0,1
OFF_Nasty_Plot_Tornadus-T_Offense_by_Vert_and_Giannis_Antetokommo-o,sand,1,0,0,1
OFF_Nasty_Plot_Tornadus-T_Offense_by_Vert_and_Giannis_Antetokommo-o,scarf_latios,1,0,0,1
OFF_Nasty_Plot_Tornadus-T_Offense_by_Vert_and_Giannis_Antetokommo-o,team_0,1,0,0,1
OFF_Nasty_Plot_Tornadus-T_Offense_by_Vert_and_Giannis_Antetokommo-o,team_1,0,1,1,0
OFF_Nasty_Plot_Tornadus-T_Offense_by_Vert_and_Giannis_Antetokommo-o,team_10,0,1,1,0
OFF_Nasty_Plot_Tornadus-T_Offense_by_Vert_and_Giannis_Antetokommo-o,team_11,0,1,1,0
OFF_Nasty_Plot_Tornadus-T_Offense_by_Vert_and_Giannis_Antetokommo-o,team_12,1,0,0,1
OFF_Nasty_Plot_Tornadus-T_Offense_by_Vert_and_Giannis_Antetokommo-o,team_13,1,0,0,1
OFF_Nasty_Plot_Tornadus-T_Offense_by_Vert_and_Giannis_Antetokommo-o,team_14,1,0,0,1
OFF_Nasty_Plot_Tornadus-T_Offense_by_Vert_and_Giannis_Antetokommo-o,team_15,1,0,0,1
OFF_Nasty_Plot_Tornadus-T_Offense_by_Vert_and_Giannis_Antetokommo-o,team_2,0,1,1,0
OFF_Nasty_Plot_Tornadus-T_Offense_by_Vert_and_Giannis_Antetokommo-o,team_3,1,0,0,1
OFF_Nasty_Plot_Tornadus-T_Offense_by_Vert_and_Giannis_Antetokommo-o,team_4,1,0,0,1
OFF_Nasty_Plot_Tornadus-T_Offense_by_Vert_and_Giannis_Antetokommo-o,team_5,1,0,0,1
OFF_Nasty_Plot_Tornadus-T_Offense_by_Vert_and_Giannis_Antetokommo-o,team_6,0,1,1,0
OFF_Nasty_Plot_Tornadus-T_Offense_by_Vert_and_Giannis_Antetokommo-o,team_7,0,1,1,0
OFF_Nasty_Plot_Tornadus-T_Offense_by_Vert_and_Giannis_Antetokommo-o,team_8,0,1,1,0
OFF_Nasty_Plot_Tornadus-T_Offense_by_Vert_and_Giannis_Antetokommo-o,team_9,1,0,0,1
OFF_Nasty_Plot_Tornadus-T_Offense_by_Vert_and_Giannis_Antetokommo-o,trick_room,1,0,0,1
OFF_Nasty_Plot_Tornadus-T_Offense_by_Vert_and_Giannis_Antetokommo-o,zzzzzzzzzu,1,0,0,1
OFF_Ninetales_Life_Orb_Raging_Bolt_Sun_by_Vert,iron_crown_specs,0,1,1,0
OFF_Ninetales_Life_Orb_Raging_Bolt_Sun_by_Vert,jungle_planet,1,0,0,1
OFF_Ninetales_Life_Orb_Raging_Bolt_Sun_by_Vert,lokix_voltturn,0,1,1,0
OFF_Ninetales_Life_Orb_Raging_Bolt_Sun_by_Vert,manaphy,1,0,0,1
OFF_Ninetales_Life_Orb_Raging_Bolt_Sun_by_Vert,mexican_webs,0,1,1,0
OFF_Ninetales_Life_Orb_Raging_Bolt_Sun_by_Vert,mu_fish,1,0,0,1
OFF_Ninetales_Life_Orb_Raging_Bolt_Sun_by_Vert,nu_balance,1,0,0,1
OFF_Ninetales_Life_Orb_Raging_Bolt_Sun_by_Vert,nu_ho,1,0,0,1
OFF_Ninetales_Life_Orb_Raging_Bolt_Sun_by_Vert,nu_offense,1,0,0,1
OFF_Ninetales_Life_Orb_Raging_Bolt_Sun_by_Vert,nu_stall,1,0,0,1
OFF_Ninetales_Life_Orb_Raging_Bolt_Sun_by_Vert,pu_team,1,0,0,1
OFF_Ninetales_Life_Orb_Raging_Bolt_Sun_by_Vert,quagsire_stall,1,0,0,1
OFF_Ninetales_Life_Orb_Raging_Bolt_Sun_by_Vert,sand,0,1,1,0
OFF_Ninetales_Life_Orb_Raging_Bolt_Sun_by_Vert,scarf_latios,0,1,1,0
OFF_Ninetales_Life_Orb_Raging_Bolt_Sun_by_Vert,team_0,0,1,1,0
OFF_Ninetales_Life_Orb_Raging_Bolt_Sun_by_Vert,team_1,1,0,0,1
OFF_Ninetales_Life_Orb_Raging_Bolt_Sun_by_Vert,team_10,1,0,0,1
OFF_Ninetales_Life_Orb_Raging_Bolt_Sun_by_Vert,team_11,0,1,1,0
OFF_Ninetales_Life_Orb_Raging_Bolt_Sun_by_Vert,team_12,0,1,1,0
OFF_Ninetales_Life_Orb_Raging_Bolt_Sun_by_Vert,team_13,1,0,0,1
OFF_Ninetales_Life_Orb_Raging_Bolt_Sun_by_Vert,team_14,0,1,1,0
OFF_Ninetales_Life_Orb_Raging_Bolt_Sun_by_Vert,team_15,0,1,1,0
OFF_Ninetales_Life_Orb_Raging_Bolt_Sun_by_Vert,team_2,0,1,1,0
OFF_Ninetales_Life_Orb_Raging_Bolt_Sun_by_Vert,team_3,0,1,1,0
OFF_Ninetales_Life_Orb_Raging_Bolt_Sun_by_Vert,team_4,1,0,0,1
OFF_Ninetales_Life_Orb_Raging_Bolt_Sun_by_Vert,team_5,1,0,0,1
OFF_Ninetales_Life_Orb_Raging_Bolt_Sun_by_Vert,team_6,0,1,1,0
OFF_Ninetales_Life_Orb_Raging_Bolt_Sun_by_Vert,team_7,1,0,0,1
OFF_Ninetales_Life_Orb_Raging_Bolt_Sun_by_Vert,team_8,0,1,1,0
OFF_Ninetales_Life_Orb_Raging_Bolt_Sun_by_Vert,team_9,1,0,0,1
OFF_Ninetales_Life_Orb_Raging_Bolt_Sun_by_Vert,trick_room,0,1,1,0
OFF_Ninetales_Life_Orb_Raging_Bolt_Sun_by_Vert,zzzzzzzzzu,1,0,0,1
OFF_Taunt_Ogerpon-W_Specs_Dragapult_Offense_by_xavgb,jungle_planet,1,0,0,1
OFF_Taunt_Ogerpon-W_Specs_Dragapult_Offense_by_xavgb,lokix_voltturn,0,1,1,0
OFF_Taunt_Ogerpon-W_Specs_Dragapult_Offense_by_xavgb,mu_fish,1,0,0,1
OFF_Taunt_Ogerpon-W_Specs_Dragapult_Offense_by_xavgb,nu_balance,1,0,0,1
OFF_Taunt_Ogerpon-W_Specs_Dragapult_Offense_by_xavgb,nu_ho,1,0,0,1
OFF_Taunt_Ogerpon-W_Specs_Dragapult_Offense_by_xavgb,nu_offense,1,0,0,1
OFF_Taunt_Ogerpon-W_Specs_Dragapult_Offense_by_xavgb,nu_stall,1,0,0,1
OFF_Taunt_Ogerpon-W_Specs_Dragapult_Offense_by_xavgb,pu_team,1,0,0,1
OFF_Taunt_Ogerpon-W_Specs_Dragapult_Offense_by_xavgb,quagsire_stall,0,1,1,0
OFF_Taunt_Ogerpon-W_Specs_Dragapult_Offense_by_xavgb,scarf_latios,0,1,1,0
OFF_Taunt_Ogerpon-W_Specs_Dragapult_Offense_by_xavgb,team_1,1,0,0,1
OFF_Taunt_Ogerpon-W_Specs_Dragapult_Offense_by_xavgb,team_10,1,0,0,1
OFF_Taunt_Ogerpon-W_Specs_Dragapult_Offense_by_xavgb,team_11,1,0,0,1
OFF_Taunt_Ogerpon-W_Specs_Dragapult_Offense_by_xavgb,team_12,1,0,0,1
OFF_Taunt_Ogerpon-W_Specs_Dragapult_Offense_by_xavgb,team_13,0,1,1,0
OFF_Taunt_Ogerpon-W_Specs_Dragapult_Offense_by_xavgb,team_15,1,0,0,1
OFF_Taunt_Ogerpon-W_Specs_Dragapult_Offense_by_xavgb,team_2,1,0,0,1
OFF_Taunt_Ogerpon-W_Specs_Dragapult_Offense_by_xavgb,team_3,0,1,1,0
OFF_Taunt_Ogerpon-W_Specs_Dragapult_Offense_by_xavgb,team_5,1,0,0,1
OFF_Taunt_Ogerpon-W_Specs_Dragapult_Offense_by_xavgb,team_6,0,1,1,0
OFF_Taunt_Ogerpon-W_Specs_Dragapult_Offense_by_xavgb,team_8,0,1,1,0
OFF_Taunt_Ogerpon-W_Specs_Dragapult_Offense_by_xavgb,team_9,0,1,1,0
OFF_Taunt_Ogerpon-W_Specs_Dragapult_Offense_by_xavgb,trick_room,1,0,0,1
OFF_Taunt_Ogerpon-W_Specs_Dragapult_Offense_by_xavgb,zzzzzzzzzu,1,0,0,1
STA_Removal_Stall_by_saw_war_newnew_edit_by_Xuwu,iron_crown_specs,1,0,0,1
STA_Removal_Stall_by_saw_war_newnew_edit_by_Xuwu,jungle_planet,0,1,1,0
STA_Removal_Stall_by_saw_war_newnew_edit_by_Xuwu,lokix_voltturn,1,0,0,1
STA_Removal_Stall_by_saw_war_newnew_edit_by_Xuwu,manaphy,0,1,1,0
STA_Removal_Stall_by_saw_war_newnew_edit_by_Xuwu,mexican_webs,1,0,0,1
STA_Removal_Stall_by_saw_war_newnew_edit_by_Xuwu,mu_fish,1,0,0,1
STA_Removal_Stall_by_saw_war_newnew_edit_by_Xuwu,nu_balance,0,1,1,0
STA_Removal_Stall_by_saw_war_newnew_edit_by_Xuwu,nu_ho,0,1,1,0
STA_Removal_Stall_by_saw_war_newnew_edit_by_Xuwu,nu_offense,1,0,0,1
STA_Removal_Stall_by_saw_war_newnew_edit_by_Xuwu,nu_stall,1,0,0,1
STA_Removal_Stall_by_saw_war_newnew_edit_by_Xuwu,pu_team,1,0,0,1
STA_Removal_Stall_by_saw_war_newnew_edit_by_Xuwu,quagsire_stall,1,0,0,1
STA_Removal_Stall_by_saw_war_newnew_edit_by_Xuwu,sand,0,1,1,0
STA_Removal_Stall_by_saw_war_newnew_edit_by_Xuwu,scarf_latios,0,1,1,0
STA_Removal_Stall_by_saw_war_newnew_edit_by_Xuwu,team_0,0,1,1,0
STA_Removal_Stall_by_saw_war_newnew_edit_by_Xuwu,team_1,0,1,1,0
STA_Removal_Stall_by_saw_war_newnew_edit_by_Xuwu,team_10,1,0,0,1
STA_Removal_Stall_by_saw_war_newnew_edit_by_Xuwu,team_11,1,0,0,1
STA_Removal_Stall_by_saw_war_newnew_edit_by_Xuwu,team_12,1,0,0,1
STA_Removal_Stall_by_saw_war_newnew_edit_by_Xuwu,team_13,0,1,1,0
STA_Removal_Stall_by_saw_war_newnew_edit_by_Xuwu,team_14,0,1,1,0
STA_Removal_Stall_by_saw_war_newnew_edit_by_Xuwu,team_15,0,1,1,0
STA_Removal_Stall_by_saw_war_newnew_edit_by_Xuwu,team_2,1,0,0,1
STA_Removal_Stall_by_saw_war_newnew_edit_by_Xuwu,team_3,1,0,0,1
STA_Removal_Stall_by_saw_war_newnew_edit_by_Xuwu,team_4,1,0,0,1
STA_Removal_Stall_by_saw_war_newnew_edit_by_Xuwu,team_5,1,0,0,1
STA_Removal_Stall_by_saw_war_newnew_edit_by_Xuwu,team_6,0,1,1,0
STA_Removal_Stall_by_saw_war_newnew_edit_by_Xuwu,team_7,1,0,0,1
STA_Removal_Stall_by_saw_war_newnew_edit_by_Xuwu,team_8,1,0,0,1
STA_Removal_Stall_by_saw_war_newnew_edit_by_Xuwu,team_9,1,0,0,1
STA_Removal_Stall_by_saw_war_newnew_edit_by_Xuwu,trick_room,1,0,0,1
STA_Removal_Stall_by_saw_war_newnew_edit_by_Xuwu,zzzzzzzzzu,1,0,0,1
BAL_Substitute_Kyurem_Dondozo_Balance_by_Blimax_and_CTC_edit,BAL_UU_mamo,1,0,0,1
BAL_Substitute_Kyurem_Dondozo_Balance_by_Blimax_and_CTC_edit,BAL_UU_rhyp,0,1,1,0
BAL_Substitute_Kyurem_Dondozo_Balance_by_Blimax_and_CTC_edit,BAL_UU_spikes,1,0,0,1
BAL_Substitute_Kyurem_Dondozo_Balance_by_Blimax_and_CTC_edit,BAL_rillaboom,0,1,1,0
BAL_Substitute_Kyurem_Dondozo_Balance_by_Blimax_and_CTC_edit,HO_UU_screens,1,0,0,1
BAL_Substitute_Kyurem_Dondozo_Balance_by_Blimax_and_CTC_edit,HO_UU_standard,1,0,0,1
BAL_Substitute_Kyurem_Dondozo_Balance_by_Blimax_and_CTC_edit,HO_UU_veil,0,1,1,0
BAL_Substitute_Kyurem_Dondozo_Balance_by_Blimax_and_CTC_edit,HO_webs_fairy,1,0,0,1
BAL_Substitute_Kyurem_Dondozo_Balance_by_Blimax_and_CTC_edit,HO_webs_raging,0,1,1,0
BAL_Substitute_Kyurem_Dondozo_Balance_by_Blimax_and_CTC_edit,HO_webs_ribombee,0,1,1,0
BAL_Substitute_Kyurem_Dondozo_Balance_by_Blimax_and_CTC_edit,HO_webs_veil,0,1,1,0
BAL_Substitute_Kyurem_Dondozo_Balance_by_Blimax_and_CTC_edit,OFF_UU_avconk,1,0,0,1
BAL_Substitute_Kyurem_Dondozo_Balance_by_Blimax_and_CTC_edit,OFF_UU_gzap,0,1,1,0
BAL_UU_mamo,BAL_UU_rhyp,1,0,0,1
BAL_UU_mamo,BAL_UU_spikes,0,1,1,0
BAL_UU_mamo,BAL_rillaboom,0,1,1,0
BAL_UU_mamo,HO_UU_screens,1,0,0,1
BAL_UU_mamo,HO_UU_standard,0,1,1,0
BAL_UU_mamo,HO_UU_veil,0,1,1,0
BAL_UU_mamo,HO_webs_fairy,0,1,1,0
BAL_UU_mamo,HO_webs_raging,0,1,1,0
BAL_UU_mamo,HO_webs_ribombee,0,1,1,0
BAL_UU_mamo,HO_webs_veil,0,1,1,0
BAL_UU_mamo,OFF_Nasty_Plot_Tornadus-T_Offense_by_Vert_and_Giannis_Antetokommo-o,0,1,1,0
BAL_UU_mamo,OFF_UU_avconk,0,1,1,0
BAL_UU_mamo,OFF_UU_gzap,0,1,1,0
BAL_UU_mamo,team_14,1,0,0,1
BAL_UU_mamo,team_7,0,1,1,0
BAL_UU_rhyp,BAL_UU_spikes,0,1,1,0
BAL_UU_rhyp,BAL_rillaboom,0,1,1,0
BAL_UU_rhyp,HO_UU_screens,0,1,1,0
BAL_UU_rhyp,HO_UU_standard,1,0,0,1
BAL_UU_rhyp,HO_UU_veil,0,1,1,0
BAL_UU_rhyp,HO_webs_fairy,0,1,1,0
BAL_UU_rhyp,HO_webs_raging,1,0,0,1
BAL_UU_rhyp,HO_webs_ribombee,0,1,1,0
BAL_UU_rhyp,HO_webs_veil,1,0,0,1
BAL_UU_rhyp,OFF_Nasty_Plot_Tornadus-T_Offense_by_Vert_and_Giannis_Antetokommo-o,1,0,0,1
BAL_UU_rhyp,OFF_UU_avconk,0,1,1,0
BAL_UU_rhyp,OFF_UU_gzap,1,0,0,1
BAL_UU_rhyp,team_14,0,1,1,0
BAL_UU_rhyp,team_7,1,0,0,1
BAL_UU_spikes,BAL_rillaboom,0,1,1,0
BAL_UU_spikes,HO_UU_screens,0,1,1,0
BAL_UU_spikes,HO_UU_standard,0,1,1,0
BAL_UU_spikes,HO_UU_veil,0,1,1,0
BAL_UU_spikes,HO_webs_fairy,0,1,1,0
BAL_UU_spikes,HO_webs_raging,0,1,1,0
BAL_UU_spikes,HO_webs_ribombee,1,0,0,1
BAL_UU_spikes,HO_webs_veil,0,1,1,0
BAL_UU_spikes,OFF_Nasty_Plot_Tornadus-T_Offense_by_Vert_and_Giannis_Antetokommo-o,0,1,1,0
BAL_UU_spikes,OFF_UU_avconk,0,1,1,0
BAL_UU_spikes,OFF_UU_gzap,1,0,0,1
BAL_UU_spikes,team_14,0,1,1,0
BAL_UU_spikes,team_7,1,0,0,1
BAL_rillaboom,HO_UU_screens,1,0,0,1
BAL_rillaboom,HO_UU_standard,1,0,0,1
BAL_rillaboom,HO_UU_veil,1,0,0,1
BAL_rillaboom,HO_webs_fairy,1,0,0,1
BAL_rillaboom,HO_webs_raging,0,1,1,0
BAL_rillaboom,HO_webs_ribombee,0,1,1,0
BAL_rillaboom,HO_webs_veil,0,1,1,0
BAL_rillaboom,OFF_Nasty_Plot_Tornadus-T_Offense_by_Vert_and_Giannis_Antetokommo-o,1,0,0,1
BAL_rillaboom,OFF_UU_avconk,1,0,0,1
BAL_rillaboom,OFF_UU_gzap,1,0,0,1
BAL_rillaboom,team_14,0,1,1,0
BAL_rillaboom,team_7,0,1,1,0
HO_UU_screens,HO_UU_standard,0,1,1,0
HO_UU_screens,HO_UU_veil,0,1,1,0
HO_UU_screens,HO_webs_fairy,1,0,0,1
HO_UU_screens,HO_webs_raging,0,1,1,0
HO_UU_screens,HO_webs_ribombee,1,0,0,1
HO_UU_screens,HO_webs_veil,1,0,0,1
HO_UU_screens,OFF_Nasty_Plot_Tornadus-T_Offense_by_Vert_and_Giannis_Antetokommo-o,0,1,1,0
HO_UU_screens,OFF_UU_avconk,1,0,0,1
HO_UU_screens,OFF_UU_gzap,1,0,0,1
HO_UU_screens,team_14,0,1,1,0
HO_UU_screens,team_7,1,0,0,1
HO_UU_standard,HO_UU_veil,1,0,0,1
HO_UU_standard,HO_webs_fairy,1,0,0,1
HO_UU_standard,HO_webs_raging,1,0,0,1
HO_UU_standard,HO_webs_ribombee,0,1,1,0
HO_UU_standard,HO_webs_veil,1,0,0,1
HO_UU_standard,OFF_Nasty_Plot_Tornadus-T_Offense_by_Vert_and_Giannis_Antetokommo-o,1,0,0,1
HO_UU_standard,OFF_UU_avconk,1,0,0,1
HO_UU_standard,OFF_UU_gzap,1,0,0,1
HO_UU_standard,team_14,0,1,1,0
HO_UU_standard,team_7,0,1,1,0
HO_UU_veil,HO_webs_fairy,0,1,1,0
HO_UU_veil,HO_webs_raging,0,1,1,0
HO_UU_veil,HO_webs_ribombee,1,0,0,1
HO_UU_veil,HO_webs_veil,0,1,1,0
HO_UU_veil,OFF_Nasty_Plot_Tornadus-T_Offense_by_Vert_and_Giannis_Antetokommo-o,0,1,1,0
HO_UU_veil,OFF_UU_avconk,1,0,0,1
HO_UU_veil,OFF_UU_gzap,1,0,0,1
HO_UU_veil,team_14,1,0,0,1
HO_UU_veil,team_7,1,0,0,1
HO_webs_fairy,HO_webs_raging,1,0,0,1
HO_webs_fairy,HO_webs_ribombee,0,1,1,0
HO_webs_fairy,HO_webs_veil,1,0,0,1
HO_webs_fairy,OFF_Nasty_Plot_Tornadus-T_Offense_by_Vert_and_Giannis_Antetokommo-o,1,0,0,1
HO_webs_fairy,OFF_UU_avconk,1,0,0,1
HO_webs_fairy,OFF_UU_gzap,1,0,0,1
HO_webs_fairy,team_14,0,1,1,0
HO_webs_fairy,team_7,1,0,0,1
HO_webs_raging,HO_webs_ribombee,0,1,1,0
HO_webs_raging,HO_webs_veil,1,0,0,1
HO_webs_raging,OFF_Nasty_Plot_Tornadus-T_Offense_by_Vert_and_Giannis_Antetokommo-o,1,0,0,1
HO_webs_raging,OFF_UU_avconk,1,0,0,1
HO_webs_raging,OFF_UU_gzap,1,0,0,1
HO_webs_raging,team_14,0,1,1,0
HO_webs_raging,team_7,1,0,0,1
HO_webs_ribombee,HO_webs_veil,0,1,1,0
HO_webs_ribombee,OFF_Nasty_Plot_Tornadus-T_Offense_by_Vert_and_Giannis_Antetokommo-o,0,1,1,0
HO_webs_ribombee,OFF_UU_avconk,0,1,1,0
HO_webs_ribombee,OFF_UU_gzap,1,0,0,1
HO_webs_ribombee,team_14,1,0,0,1
HO_webs_ribombee,team_7,1,0,0,1
HO_webs_veil,OFF_Nasty_Plot_Tornadus-T_Offense_by_Vert_and_Giannis_Antetokommo-o,0,1,1,0
HO_webs_veil,OFF_UU_avconk,1,0,0,1
HO_webs_veil,OFF_UU_gzap,1,0,0,1
HO_webs_veil,team_14,0,1,1,0
HO_webs_veil,team_7,1,0,0,1
OFF_Nasty_Plot_Tornadus-T_Offense_by_Vert_and_Giannis_Antetokommo-o,OFF_UU_avconk,1,0,0,1
OFF_Nasty_Plot_Tornadus-T_Offense_by_Vert_and_Giannis_Antetokommo-o,OFF_UU_gzap,1,0,0,1
OFF_UU_avconk,OFF_UU_gzap,1,0,0,1
OFF_UU_avconk,team_14,0,1,1,0
OFF_UU_avconk,team_7,0,1,1,0
OFF_UU_gzap,team_14,1,0,0,1
OFF_UU_gzap,team_7,0,1,1,0
BAL_Substitute_Kyurem_Dondozo_Balance_by_Blimax_and_CTC_edit,BAL_UU_mamo,4,0,0,4
BAL_Substitute_Kyurem_Dondozo_Balance_by_Blimax_and_CTC_edit,BAL_UU_rhyp,2,2,2,2
BAL_Substitute_Kyurem_Dondozo_Balance_by_Blimax_and_CTC_edit,BAL_UU_spikes,3,1,1,3
BAL_Substitute_Kyurem_Dondozo_Balance_by_Blimax_and_CTC_edit,BAL_rillaboom,2,2,2,2
BAL_Substitute_Kyurem_Dondozo_Balance_by_Blimax_and_CTC_edit,HO_UU_screens,4,0,0,4
BAL_Substitute_Kyurem_Dondozo_Balance_by_Blimax_and_CTC_edit,HO_UU_standard,3,1,1,3
BAL_Substitute_Kyurem_Dondozo_Balance_by_Blimax_and_CTC_edit,HO_UU_veil,3,1,1,3
BAL_Substitute_Kyurem_Dondozo_Balance_by_Blimax_and_CTC_edit,HO_webs_fairy,1,3,3,1
BAL_Substitute_Kyurem_Dondozo_Balance_by_Blimax_and_CTC_edit,HO_webs_raging,3,1,1,3
BAL_Substitute_Kyurem_Dondozo_Balance_by_Blimax_and_CTC_edit,HO_webs_ribombee,2,2,2,2
BAL_Substitute_Kyurem_Dondozo_Balance_by_Blimax_and_CTC_edit,HO_webs_veil,3,1,1,3
BAL_Substitute_Kyurem_Dondozo_Balance_by_Blimax_and_CTC_edit,OFF_UU_avconk,2,2,2,2
BAL_Substitute_Kyurem_Dondozo_Balance_by_Blimax_and_CTC_edit,OFF_UU_gzap,3,1,1,3
BAL_UU_mamo,BAL_UU_rhyp,1,3,3,1
BAL_UU_mamo,BAL_UU_spikes,1,3,3,1
BAL_UU_mamo,BAL_rillaboom,1,3,3,1
BAL_UU_mamo,HO_UU_screens,2,2,2,2
BAL_UU_mamo,HO_UU_standard,2,2,2,2
BAL_UU_mamo,HO_UU_veil,0,4,4,0
BAL_UU_mamo,HO_webs_fairy,1,3,3,1
BAL_UU_mamo,HO_webs_raging,1,3,3,1
BAL_UU_mamo,HO_webs_ribombee,0,4,4,0
BAL_UU_mamo,HO_webs_veil,0,4,4,0
BAL_UU_mamo,OFF_Nasty_Plot_Tornadus-T_Offense_by_Vert_and_Giannis_Antetokommo-o,4,0,0,4
BAL_UU_mamo,OFF_UU_avconk,3,1,1,3
BAL_UU_mamo,OFF_UU_gzap,0,4,4,0
BAL_UU_mamo,team_14,1,3,3,1
BAL_UU_mamo,team_7,1,3,3,1
BAL_UU_rhyp,BAL_UU_spikes,4,0,0,4
BAL_UU_rhyp,BAL_rillaboom,0,4,4,0
BAL_UU_rhyp,HO_UU_screens,3,1,1,3
BAL_UU_rhyp,HO_UU_standard,0,4,4,0
BAL_UU_rhyp,HO_UU_veil,0,4,4,0
BAL_UU_rhyp,HO_webs_fairy,3,1,1,3
BAL_UU_rhyp,HO_webs_raging,1,3,3,1
BAL_UU_rhyp,HO_webs_ribombee,1,3,3,1
BAL_UU_rhyp,HO_webs_veil,1,3,3,1
BAL_UU_rhyp,OFF_Nasty_Plot_Tornadus-T_Offense_by_Vert_and_Giannis_Antetokommo-o,0,4,4,0
BAL_UU_rhyp,OFF_UU_avconk,2,2,2,2
BAL_UU_rhyp,OFF_UU_gzap,0,4,4,0
BAL_UU_rhyp,team_14,2,2,2,2
BAL_UU_rhyp,team_7,0,4,4,0
BAL_UU_spikes,BAL_rillaboom,1,3,3,1
BAL_UU_spikes,HO_UU_screens,3,1,1,3
BAL_UU_spikes,HO_UU_standard,2,2,2,2
BAL_UU_spikes,HO_UU_veil,0,4,4,0
BAL_UU_spikes,HO_webs_fairy,1,3,3,1
BAL_UU_spikes,HO_webs_raging,0,4,4,0
BAL_UU_spikes,HO_webs_ribombee,2,2,2,2
BAL_UU_spikes,HO_webs_veil,0,4,4,0
BAL_UU_spikes,OFF_Nasty_Plot_Tornadus-T_Offense_by_Vert_and_Giannis_Antetokommo-o,0,4,4,0
BAL_UU_spikes,OFF_UU_avconk,3,1,1,3
BAL_UU_spikes,OFF_UU_gzap,3,1,1,3
BAL_UU_spikes,team_14,2,2,2,2
BAL_UU_spikes,team_7,3,1,1,3
BAL_rillaboom,HO_UU_screens,2,2,2,2
BAL_rillaboom,HO_UU_standard,4,0,0,4
BAL_rillaboom,HO_UU_veil,3,1,1,3
BAL_rillaboom,HO_webs_fairy,3,1,1,3
BAL_rillaboom,HO_webs_raging,2,2,2,2
BAL_rillaboom,HO_webs_ribombee,2,2,2,2
BAL_rillaboom,HO_webs_veil,2,2,2,2
BAL_rillaboom,OFF_Nasty_Plot_Tornadus-T_Offense_by_Vert_and_Giannis_Antetokommo-o,2,2,2,2
BAL_rillaboom,OFF_UU_avconk,4,0,0,4
BAL_rillaboom,OFF_UU_gzap,3,1,1,3
BAL_rillaboom,team_14,4,0,0,4
BAL_rillaboom,team_7,3,1,1,3
HO_UU_screens,HO_UU_standard,0,4,4,0
HO_UU_screens,HO_UU_veil,4,0,0,4
HO_UU_screens,HO_webs_fairy,1,3,3,1
HO_UU_screens,HO_webs_raging,0,4,4,0
HO_UU_screens,HO_webs_ribombee,0,4,4,0
HO_UU_screens,HO_webs_veil,2,2,2,2
HO_UU_screens,OFF_Nasty_Plot_Tornadus-T_Offense_by_Vert_and_Giannis_Antetokommo-o,1,3,3,1
HO_UU_screens,OFF_UU_avconk,2,2,2,2
HO_UU_screens,OFF_UU_gzap,2,2,2,2
HO_UU_screens,team_14,1,3,3,1
HO_UU_screens,team_7,3,1,1,3
HO_UU_standard,HO_UU_veil,4,0,0,4
HO_UU_standard,HO_webs_fairy,0,4,4,0
HO_UU_standard,HO_webs_raging,2,2,2,2
HO_UU_standard,HO_webs_ribombee,3,1,1,3
HO_UU_standard,HO_webs_veil,3,1,1,3
HO_UU_standard,OFF_Nasty_Plot_Tornadus-T_Offense_by_Vert_and_Giannis_Antetokommo-o,1,3,3,1
HO_UU_standard,OFF_UU_avconk,2,2,2,2
HO_UU_standard,OFF_UU_gzap,1,3,3,1
HO_UU_standard,team_14,1,3,3,1
HO_UU_standard,team_7,3,1,1,3
HO_UU_veil,HO_webs_fairy,4,0,0,4
HO_UU_veil,HO_webs_raging,1,3,3,1
HO_UU_veil,HO_webs_ribombee,3,1,1,3
HO_UU_veil,HO_webs_veil,4,0,0,4
HO_UU_veil,OFF_Nasty_Plot_Tornadus-T_Offense_by_Vert_and_Giannis_Antetokommo-o,0,4,4,0
HO_UU_veil,OFF_UU_avconk,4,0,0,4
HO_UU_veil,OFF_UU_gzap,2,2,2,2
HO_UU_veil,team_14,0,4,4,0
HO_UU_veil,team_7,2,2,2,2
HO_webs_fairy,HO_webs_raging,3,1,1,3
HO_webs_fairy,HO_webs_ribombee,1,3,3,1
HO_webs_fairy,HO_webs_veil,3,1,1,3
HO_webs_fairy,OFF_Nasty_Plot_Tornadus-T_Offense_by_Vert_and_Giannis_Antetokommo-o,3,1,1,3
HO_webs_fairy,OFF_UU_avconk,4,0,0,4
HO_webs_fairy,OFF_UU_gzap,1,3,3,1
HO_webs_fairy,team_14,1,3,3,1
HO_webs_fairy,team_7,2,2,2,2
HO_webs_raging,HO_webs_ribombee,1,3,3,1
HO_webs_raging,HO_webs_veil,3,1,1,3
HO_webs_raging,OFF_Nasty_Plot_Tornadus-T_Offense_by_Vert_and_Giannis_Antetokommo-o,1,3,3,1
HO_webs_raging,OFF_UU_avconk,4,0,0,4
HO_webs_raging,OFF_UU_gzap,3,1,1,3
HO_webs_raging,team_14,2,2,2,2
HO_webs_raging,team_7,1,3,3,1
HO_webs_ribombee,HO_webs_veil,4,0,0,4
HO_webs_ribombee,OFF_Nasty_Plot_Tornadus-T_Offense_by_Vert_and_Giannis_Antetokommo-o,2,2,2,2
HO_webs_ribombee,OFF_UU_avconk,3,1,1,3
HO_webs_ribombee,OFF_UU_gzap,3,1,1,3
HO_webs_ribombee,team_14,2,2,2,2
HO_webs_ribombee,team_7,1,3,3,1
HO_webs_veil,OFF_Nasty_Plot_Tornadus-T_Offense_by_Vert_and_Giannis_Antetokommo-o,2,2,2,2
HO_webs_veil,OFF_UU_avconk,2,2,2,2
HO_webs_veil,OFF_UU_gzap,4,0,0,4
HO_webs_veil,team_14,0,4,4,0
HO_webs_veil,team_7,1,3,3,1
OFF_Nasty_Plot_Tornadus-T_Offense_by_Vert_and_Giannis_Antetokommo-o,OFF_UU_avconk,2,2,2,2
OFF_Nasty_Plot_Tornadus-T_Offense_by_Vert_and_Giannis_Antetokommo-o,OFF_UU_gzap,2,2,2,2
OFF_Nasty_Plot_Tornadus-T_Offense_by_Vert_and_Giannis_Antetokommo-o,team_14,2,2,2,2
OFF_Nasty_Plot_Tornadus-T_Offense_by_Vert_and_Giannis_Antetokommo-o,team_7,1,3,3,1
OFF_UU_avconk,OFF_UU_gzap,2,2,2,2
OFF_UU_avconk,team_14,2,2,2,2
OFF_UU_avconk,team_7,1,3,3,1
OFF_UU_gzap,team_14,4,0,0,4
OFF_UU_gzap,team_7,0,4,4,0
BAL_rillaboom,HO_webs_raging,26,19,19,26
BAL_rillaboom,HO_webs_ribombee,25,20,20,25
BAL_rillaboom,OFF_Life_Orb_Deoxys_Offense_by_Shaymin_Sky,21,29,29,21
BAL_rillaboom,OFF_Taunt_Ogerpon-W_Specs_Dragapult_Offense_by_xavgb,20,30,30,20
BAL_rillaboom,team_0,13,37,37,13
BAL_rillaboom,team_4,39,11,11,39
HO_webs_raging,HO_webs_ribombee,22,23,23,22
HO_webs_raging,OFF_Life_Orb_Deoxys_Offense_by_Shaymin_Sky,25,25,25,25
HO_webs_raging,OFF_Taunt_Ogerpon-W_Specs_Dragapult_Offense_by_xavgb,21,29,29,21
HO_webs_raging,team_0,16,34,34,16
HO_webs_raging,team_4,23,27,27,23
HO_webs_ribombee,OFF_Life_Orb_Deoxys_Offense_by_Shaymin_Sky,23,27,27,23
HO_webs_ribombee,OFF_Taunt_Ogerpon-W_Specs_Dragapult_Offense_by_xavgb,18,32,32,18
HO_webs_ribombee,team_0,14,36,36,14
HO_webs_ribombee,team_4,24,26,26,24
BAL_rillaboom,HO_webs_raging,1,0,0,1
BAL_rillaboom,HO_webs_ribombee,0,1,1,0
BAL_rillaboom,OFF_Life_Orb_Deoxys_Offense_by_Shaymin_Sky,1,0,0,1
BAL_rillaboom,OFF_Taunt_Ogerpon-W_Specs_Dragapult_Offense_by_xavgb,1,0,0,1
BAL_rillaboom,team_0,0,1,1,0
BAL_rillaboom,team_4,1,0,0,1
HO_webs_raging,HO_webs_ribombee,1,0,0,1
HO_webs_raging,OFF_Life_Orb_Deoxys_Offense_by_Shaymin_Sky,1,0,0,1
HO_webs_raging,OFF_Taunt_Ogerpon-W_Specs_Dragapult_Offense_by_xavgb,1,0,0,1
HO_webs_raging,team_0,0,1,1,0
HO_webs_raging,team_4,0,1,1,0
HO_webs_ribombee,OFF_Life_Orb_Deoxys_Offense_by_Shaymin_Sky,1,0,0,1
HO_webs_ribombee,OFF_Taunt_Ogerpon-W_Specs_Dragapult_Offense_by_xavgb,1,0,0,1
HO_webs_ribombee,team_0,0,1,1,0
HO_webs_ribombee,team_4,1,0,0,1
BAL_rillaboom,HO_webs_raging,0,1,1,0
BAL_rillaboom,HO_webs_ribombee,1,0,0,1
BAL_rillaboom,OFF_Life_Orb_Deoxys_Offense_by_Shaymin_Sky,0,1,1,0
BAL_rillaboom,OFF_Taunt_Ogerpon-W_Specs_Dragapult_Offense_by_xavgb,1,0,0,1
BAL_rillaboom,team_0,1,0,0,1
BAL_rillaboom,team_4,0,1,1,0
HO_webs_raging,HO_webs_ribombee,1,0,0,1
HO_webs_raging,OFF_Life_Orb_Deoxys_Offense_by_Shaymin_Sky,1,0,0,1
HO_webs_raging,OFF_Taunt_Ogerpon-W_Specs_Dragapult_Offense_by_xavgb,1,0,0,1
HO_webs_raging,team_0,0,1,1,0
HO_webs_raging,team_4,0,1,1,0
HO_webs_ribombee,OFF_Life_Orb_Deoxys_Offense_by_Shaymin_Sky,0,1,1,0
HO_webs_ribombee,OFF_Taunt_Ogerpon-W_Specs_Dragapult_Offense_by_xavgb,0,1,1,0
HO_webs_ribombee,team_0,0,1,1,0
HO_webs_ribombee,team_4,0,1,1,0
BAL_rillaboom,OFF_Life_Orb_Deoxys_Offense_by_Shaymin_Sky,12,11,11,12
BAL_rillaboom,team_0,9,14,14,9
BAL_rillaboom,OFF_PREMO,1,4,4,1
OFF_Life_Orb_Deoxys_Offense_by_Shaymin_Sky,OFF_PREMO,2,3,3,2
OFF_PREMO,team_0,0,5,5,0
BAL_rillaboom,OFF_PREMO_MOLTRES,1,4,4,1
OFF_Life_Orb_Deoxys_Offense_by_Shaymin_Sky,OFF_PREMO_MOLTRES,1,4,4,1
OFF_PREMO,OFF_PREMO_MOLTRES,2,3,3,2
OFF_PREMO_MOLTRES,team_0,1,4,4,1
BAL_rillaboom,BO_Weezing-Galar_Choice_Specs_Iron_Crown_BO_by_ima,1,4,4,1
BAL_rillaboom,OFF_PREMO_OGER,5,0,0,5
BO_Weezing-Galar_Choice_Specs_Iron_Crown_BO_by_ima,OFF_PREMO_OGER,0,5,5,0
BO_Weezing-Galar_Choice_Specs_Iron_Crown_BO_by_ima,team_0,0,4,4,0
BO_Weezing-Galar_Choice_Specs_Iron_Crown_BO_by_ima,team_4,3,1,1,3
BO_Weezing-Galar_Choice_Specs_Iron_Crown_BO_by_ima,team_7,1,3,3,1
OFF_Life_Orb_Deoxys_Offense_by_Shaymin_Sky,OFF_PREMO_OGER,1,4,4,1
OFF_PREMO_OGER,team_0,2,3,3,2
OFF_PREMO_OGER,team_4,3,2,2,3
OFF_PREMO_OGER,team_7,1,4,4,1
BAL_rillaboom,OFF_PREMO_drag,1,4,4,1
BO_Weezing-Galar_Choice_Specs_Iron_Crown_BO_by_ima,OFF_PREMO_drag,0,5,5,0
OFF_Life_Orb_Deoxys_Offense_by_Shaymin_Sky,OFF_PREMO_drag,1,4,4,1
OFF_PREMO_OGER,OFF_PREMO_drag,1,4,4,1
OFF_PREMO_drag,team_0,2,3,3,2
OFF_PREMO_drag,team_4,3,2,2,3
OFF_PREMO_drag,team_7,2,3,3,2
BAL_rillaboom,HO_webs_fairy,12,8,8,12
BAL_rillaboom,OFF_PREMO,12,8,8,12
BAL_rillaboom,OFF_PREMO_MOLTRES,11,9,9,11
BAL_rillaboom,OFF_PREMO_OGER,16,4,4,16
BAL_rillaboom,OFF_PREMO_drag,9,11,11,9
HO_webs_fairy,HO_webs_raging,16,4,4,16
HO_webs_fairy,OFF_Life_Orb_Deoxys_Offense_by_Shaymin_Sky,18,7,7,18
HO_webs_fairy,OFF_PREMO,10,15,15,10
HO_webs_fairy,OFF_PREMO_MOLTRES,10,15,15,10
HO_webs_fairy,OFF_PREMO_OGER,1,24,24,1
HO_webs_fairy,OFF_PREMO_drag,10,15,15,10
HO_webs_fairy,OFF_Taunt_Ogerpon-W_Specs_Dragapult_Offense_by_xavgb,13,12,12,13
HO_webs_fairy,team_0,14,11,11,14
HO_webs_fairy,team_4,11,14,14,11
HO_webs_raging,OFF_PREMO,9,16,16,9
HO_webs_raging,OFF_PREMO_MOLTRES,8,17,17,8
HO_webs_raging,OFF_PREMO_OGER,6,19,19,6
HO_webs_raging,OFF_PREMO_drag,9,16,16,9
OFF_Life_Orb_Deoxys_Offense_by_Shaymin_Sky,OFF_PREMO,8,12,12,8
OFF_Life_Orb_Deoxys_Offense_by_Shaymin_Sky,OFF_PREMO_MOLTRES,8,12,12,8
OFF_Life_Orb_Deoxys_Offense_by_Shaymin_Sky,OFF_PREMO_OGER,6,14,14,6
OFF_Life_Orb_Deoxys_Offense_by_Shaymin_Sky,OFF_PREMO_drag,3,17,17,3
OFF_PREMO,OFF_PREMO_MOLTRES,6,14,14,6
OFF_PREMO,OFF_PREMO_OGER,14,11,11,14
OFF_PREMO,OFF_PREMO_drag,7,18,18,7
OFF_PREMO,OFF_Taunt_Ogerpon-W_Specs_Dragapult_Offense_by_xavgb,17,8,8,17
OFF_PREMO,team_0,3,17,17,3
OFF_PREMO,team_4,19,6,6,19
OFF_PREMO_MOLTRES,OFF_PREMO_OGER,11,14,14,11
OFF_PREMO_MOLTRES,OFF_PREMO_drag,13,12,12,13
OFF_PREMO_MOLTRES,OFF_Taunt_Ogerpon-W_Specs_Dragapult_Offense_by_xavgb,15,10,10,15
OFF_PREMO_MOLTRES,team_0,12,8,8,12
OFF_PREMO_MOLTRES,team_4,16,9,9,16
OFF_PREMO_OGER,OFF_PREMO_drag,5,15,15,5
OFF_PREMO_OGER,OFF_Taunt_Ogerpon-W_Specs_Dragapult_Offense_by_xavgb,14,11,11,14
OFF_PREMO_OGER,team_0,7,13,13,7
OFF_PREMO_OGER,team_4,15,5,5,15
OFF_PREMO_drag,OFF_Taunt_Ogerpon-W_Specs_Dragapult_Offense_by_xavgb,16,9,9,16
OFF_PREMO_drag,team_0,7,13,13,7
OFF_PREMO_drag,team_4,13,7,7,13
BAL_Nasty_Plot_Hydrapple_by_LOOR,BAL_rillaboom,1,1,1,1
BAL_Nasty_Plot_Hydrapple_by_LOOR,HO_UU_standard,1,1,1,1
BAL_Nasty_Plot_Hydrapple_by_LOOR,HO_UU_veil,1,1,1,1
BAL_Nasty_Plot_Hydrapple_by_LOOR,HO_webs_fairy,1,1,1,1
BAL_Nasty_Plot_Hydrapple_by_LOOR,HO_webs_raging,1,1,1,1
BAL_Nasty_Plot_Hydrapple_by_LOOR,HO_webs_ribombee,2,0,0,2
BAL_Nasty_Plot_Hydrapple_by_LOOR,HO_webs_veil,1,1,1,1
BAL_Nasty_Plot_Hydrapple_by_LOOR,OFF_PREMO,1,1,1,1
BAL_Nasty_Plot_Hydrapple_by_LOOR,OFF_PREMO_MOLTRES,2,0,0,2
BAL_Nasty_Plot_Hydrapple_by_LOOR,OFF_PREMO_OGER,1,1,1,1
BAL_Nasty_Plot_Hydrapple_by_LOOR,OFF_PREMO_drag,0,2,2,0
BAL_Nasty_Plot_Hydrapple_by_LOOR,iron_crown_specs,1,0,0,1
BAL_Nasty_Plot_Hydrapple_by_LOOR,manaphy,1,0,0,1
BAL_Nasty_Plot_Hydrapple_by_LOOR,mexican_webs,0,1,1,0
BAL_Nasty_Plot_Hydrapple_by_LOOR,sand,1,0,0,1
BAL_Nasty_Plot_Hydrapple_by_LOOR,scarf_latios,0,1,1,0
BAL_Nasty_Plot_Hydrapple_by_LOOR,team_0,1,0,0,1
BAL_Nasty_Plot_Hydrapple_by_LOOR,team_11,1,0,0,1
BAL_Nasty_Plot_Hydrapple_by_LOOR,team_14,0,1,1,0
BAL_Nasty_Plot_Hydrapple_by_LOOR,team_15,0,1,1,0
BAL_Nasty_Plot_Hydrapple_by_LOOR,team_2,0,1,1,0
BAL_Nasty_Plot_Hydrapple_by_LOOR,team_3,1,0,0,1
BAL_Nasty_Plot_Hydrapple_by_LOOR,team_4,1,0,0,1
BAL_Nasty_Plot_Hydrapple_by_LOOR,team_5,0,1,1,0
BAL_Nasty_Plot_Hydrapple_by_LOOR,team_6,1,0,0,1
BAL_Nasty_Plot_Hydrapple_by_LOOR,team_7,1,0,0,1
BAL_Nasty_Plot_Hydrapple_by_LOOR,team_8,1,0,0,1
BAL_Nasty_Plot_Hydrapple_by_LOOR,team_9,0,1,1,0
BAL_Substitute_Kyurem_Dondozo_Balance_by_Blimax_and_CTC_edit,OFF_PREMO,1,1,1,1
BAL_Substitute_Kyurem_Dondozo_Balance_by_Blimax_and_CTC_edit,OFF_PREMO_MOLTRES,1,1,1,1
BAL_Substitute_Kyurem_Dondozo_Balance_by_Blimax_and_CTC_edit,OFF_PREMO_OGER,2,0,0,2
BAL_Substitute_Kyurem_Dondozo_Balance_by_Blimax_and_CTC_edit,OFF_PREMO_drag,1,1,1,1
BAL_Substitute_Kyurem_Dondozo_Balance_by_Blimax_and_CTC_edit,scarf_latios,1,0,0,1
BAL_Substitute_Kyurem_Dondozo_Balance_by_Blimax_and_CTC_edit,team_11,0,1,1,0
BAL_Substitute_Kyurem_Dondozo_Balance_by_Blimax_and_CTC_edit,team_15,1,0,0,1
BAL_Substitute_Kyurem_Dondozo_Balance_by_Blimax_and_CTC_edit,team_2,1,0,0,1
BAL_Substitute_Kyurem_Dondozo_Balance_by_Blimax_and_CTC_edit,team_3,0,1,1,0
BAL_Substitute_Kyurem_Dondozo_Balance_by_Blimax_and_CTC_edit,team_5,0,1,1,0
BAL_Substitute_Kyurem_Dondozo_Balance_by_Blimax_and_CTC_edit,team_6,0,1,1,0
BAL_Substitute_Kyurem_Dondozo_Balance_by_Blimax_and_CTC_edit,team_8,1,0,0,1
BAL_Substitute_Kyurem_Dondozo_Balance_by_Blimax_and_CTC_edit,team_9,0,1,1,0
BAL_rillaboom,BO_Double_Choice_Band_BO_by_Storm_Zone,2,0,0,2
BAL_rillaboom,BO_Enamorus_Lokix_BO_by_haxrme_and_Pkel_SweeTforU,2,0,0,2
BAL_rillaboom,OFF_Ninetales_Life_Orb_Raging_Bolt_Sun_by_Vert,0,2,2,0
BAL_rillaboom,iron_crown_specs,2,0,0,2
BAL_rillaboom,manaphy,2,0,0,2
BAL_rillaboom,mexican_webs,0,2,2,0
BAL_rillaboom,sand,1,1,1,1
BAL_rillaboom,scarf_latios,2,0,0,2
BAL_rillaboom,team_11,1,1,1,1
BAL_rillaboom,team_15,2,0,0,2
BAL_rillaboom,team_2,1,1,1,1
BAL_rillaboom,team_3,0,2,2,0
BAL_rillaboom,team_5,2,0,0,2
BAL_rillaboom,team_6,0,2,2,0
BAL_rillaboom,team_8,1,1,1,1
BAL_rillaboom,team_9,2,0,0,2
BO_Double_Choice_Band_BO_by_Storm_Zone,HO_UU_standard,2,0,0,2
BO_Double_Choice_Band_BO_by_Storm_Zone,HO_UU_veil,2,0,0,2
BO_Double_Choice_Band_BO_by_Storm_Zone,HO_webs_fairy,1,1,1,1
BO_Double_Choice_Band_BO_by_Storm_Zone,HO_webs_raging,1,1,1,1
BO_Double_Choice_Band_BO_by_Storm_Zone,HO_webs_ribombee,2,0,0,2
BO_Double_Choice_Band_BO_by_Storm_Zone,HO_webs_veil,1,1,1,1
BO_Double_Choice_Band_BO_by_Storm_Zone,OFF_PREMO,2,0,0,2
BO_Double_Choice_Band_BO_by_Storm_Zone,OFF_PREMO_MOLTRES,0,2,2,0
BO_Double_Choice_Band_BO_by_Storm_Zone,OFF_PREMO_OGER,2,0,0,2
BO_Double_Choice_Band_BO_by_Storm_Zone,OFF_PREMO_drag,0,2,2,0
BO_Double_Choice_Band_BO_by_Storm_Zone,scarf_latios,0,1,1,0
BO_Double_Choice_Band_BO_by_Storm_Zone,team_11,1,0,0,1
BO_Double_Choice_Band_BO_by_Storm_Zone,team_15,1,0,0,1
BO_Double_Choice_Band_BO_by_Storm_Zone,team_2,1,0,0,1
BO_Double_Choice_Band_BO_by_Storm_Zone,team_3,1,0,0,1
BO_Double_Choice_Band_BO_by_Storm_Zone,team_5,1,0,0,1
BO_Double_Choice_Band_BO_by_Storm_Zone,team_6,0,1,1,0
BO_Double_Choice_Band_BO_by_Storm_Zone,team_8,0,1,1,0
BO_Double_Choice_Band_BO_by_Storm_Zone,team_9,0,1,1,0
BO_Enamorus_Lokix_BO_by_haxrme_and_Pkel_SweeTforU,HO_UU_standard,1,1,1,1
BO_Enamorus_Lokix_BO_by_haxrme_and_Pkel_SweeTforU,HO_UU_veil,2,0,0,2
BO_Enamorus_Lokix_BO_by_haxrme_and_Pkel_SweeTforU,HO_webs_fairy,2,0,0,2
BO_Enamorus_Lokix_BO_by_haxrme_and_Pkel_SweeTforU,HO_webs_raging,0,2,2,0
BO_Enamorus_Lokix_BO_by_haxrme_and_Pkel_SweeTforU,HO_webs_ribombee,1,1,1,1
BO_Enamorus_Lokix_BO_by_haxrme_and_Pkel_SweeTforU,HO_webs_veil,1,1,1,1
BO_Enamorus_Lokix_BO_by_haxrme_and_Pkel_SweeTforU,OFF_PREMO,1,1,1,1
BO_Enamorus_Lokix_BO_by_haxrme_and_Pkel_SweeTforU,OFF_PREMO_MOLTRES,1,1,1,1
BO_Enamorus_Lokix_BO_by_haxrme_and_Pkel_SweeTforU,OFF_PREMO_OGER,0,2,2,0
BO_Enamorus_Lokix_BO_by_haxrme_and_Pkel_SweeTforU,OFF_PREMO_drag,1,1,1,1
BO_Enamorus_Lokix_BO_by_haxrme_and_Pkel_SweeTforU,iron_crown_specs,0,1,1,0
BO_Enamorus_Lokix_BO_by_haxrme_and_Pkel_SweeTforU,manaphy,0,1,1,0
BO_Enamorus_Lokix_BO_by_haxrme_and_Pkel_SweeTforU,mexican_webs,0,1,1,0
BO_Enamorus_Lokix_BO_by_haxrme_and_Pkel_SweeTforU,sand,1,0,0,1
BO_Enamorus_Lokix_BO_by_haxrme_and_Pkel_SweeTforU,scarf_latios,0,1,1,0
BO_Enamorus_Lokix_BO_by_haxrme_and_Pkel_SweeTforU,team_0,0,1,1,0
BO_Enamorus_Lokix_BO_by_haxrme_and_Pkel_SweeTforU,team_11,1,0,0,1
BO_Enamorus_Lokix_BO_by_haxrme_and_Pkel_SweeTforU,team_14,0,1,1,0
BO_Enamorus_Lokix_BO_by_haxrme_and_Pkel_SweeTforU,team_15,1,0,0,1
BO_Enamorus_Lokix_BO_by_haxrme_and_Pkel_SweeTforU,team_2,0,1,1,0
BO_Enamorus_Lokix_BO_by_haxrme_and_Pkel_SweeTforU,team_3,0,1,1,0
BO_Enamorus_Lokix_BO_by_haxrme_and_Pkel_SweeTforU,team_4,1,0,0,1
BO_Enamorus_Lokix_BO_by_haxrme_and_Pkel_SweeTforU,team_5,0,1,1,0
BO_Enamorus_Lokix_BO_by_haxrme_and_Pkel_SweeTforU,team_6,1,0,0,1
BO_Enamorus_Lokix_BO_by_haxrme_and_Pkel_SweeTforU,team_7,0,1,1,0
BO_Enamorus_Lokix_BO_by_haxrme_and_Pkel_SweeTforU,team_8,0,1,1,0
BO_Enamorus_Lokix_BO_by_haxrme_and_Pkel_SweeTforU,team_9,0,1,1,0
HO_UU_standard,OFF_Life_Orb_Deoxys_Offense_by_Shaymin_Sky,1,1,1,1
HO_UU_standard,OFF_Ninetales_Life_Orb_Raging_Bolt_Sun_by_Vert,1,1,1,1
HO_UU_standard,OFF_PREMO,1,1,1,1
HO_UU_standard,OFF_PREMO_MOLTRES,0,2,2,0
HO_UU_standard,OFF_PREMO_OGER,0,2,2,0
HO_UU_standard,OFF_PREMO_drag,1,1,1,1
HO_UU_standard,OFF_Taunt_Ogerpon-W_Specs_Dragapult_Offense_by_xavgb,1,1,1,1
HO_UU_standard,iron_crown_specs,1,1,1,1
HO_UU_standard,manaphy,1,1,1,1
HO_UU_standard,mexican_webs,2,0,0,2
HO_UU_standard,sand,2,0,0,2
HO_UU_standard,scarf_latios,0,2,2,0
HO_UU_standard,team_0,0,2,2,0
HO_UU_standard,team_11,1,1,1,1
HO_UU_standard,team_15,2,0,0,2
HO_UU_standard,team_2,0,2,2,0
HO_UU_standard,team_3,1,1,1,1
HO_UU_standard,team_4,0,2,2,0
HO_UU_standard,team_5,1,1,1,1
HO_UU_standard,team_6,0,2,2,0
HO_UU_standard,team_8,1,1,1,1
HO_UU_standard,team_9,1,1,1,1
HO_UU_veil,OFF_Life_Orb_Deoxys_Offense_by_Shaymin_Sky,0,2,2,0
HO_UU_veil,OFF_Ninetales_Life_Orb_Raging_Bolt_Sun_by_Vert,1,1,1,1
HO_UU_veil,OFF_PREMO,0,2,2,0
HO_UU_veil,OFF_PREMO_MOLTRES,1,1,1,1
HO_UU_veil,OFF_PREMO_OGER,0,2,2,0
HO_UU_veil,OFF_PREMO_drag,0,2,2,0
HO_UU_veil,OFF_Taunt_Ogerpon-W_Specs_Dragapult_Offense_by_xavgb,0,2,2,0
HO_UU_veil,iron_crown_specs,0,2,2,0
HO_UU_veil,manaphy,0,2,2,0
HO_UU_veil,mexican_webs,2,0,0,2
HO_UU_veil,sand,1,1,1,1
HO_UU_veil,scarf_latios,1,1,1,1
HO_UU_veil,team_0,0,2,2,0
HO_UU_veil,team_11,1,1,1,1
HO_UU_veil,team_15,2,0,0,2
HO_UU_veil,team_2,1,1,1,1
HO_UU_veil,team_3,0,2,2,0
HO_UU_veil,team_4,0,2,2,0
HO_UU_veil,team_5,0,2,2,0
HO_UU_veil,team_6,0,2,2,0
HO_UU_veil,team_8,2,0,0,2
HO_UU_veil,team_9,1,1,1,1
HO_webs_fairy,OFF_Ninetales_Life_Orb_Raging_Bolt_Sun_by_Vert,1,1,1,1
HO_webs_fairy,iron_crown_specs,1,1,1,1
HO_webs_fairy,manaphy,0,2,2,0
HO_webs_fairy,mexican_webs,2,0,0,2
HO_webs_fairy,sand,1,1,1,1
HO_webs_fairy,scarf_latios,2,0,0,2
HO_webs_fairy,team_11,2,0,0,2
HO_webs_fairy,team_15,0,2,2,0
HO_webs_fairy,team_2,1,1,1,1
HO_webs_fairy,team_3,2,0,0,2
HO_webs_fairy,team_5,1,1,1,1
HO_webs_fairy,team_6,2,0,0,2
HO_webs_fairy,team_8,2,0,0,2
HO_webs_fairy,team_9,1,1,1,1
HO_webs_raging,OFF_Ninetales_Life_Orb_Raging_Bolt_Sun_by_Vert,2,0,0,2
HO_webs_raging,iron_crown_specs,1,1,1,1
HO_webs_raging,manaphy,2,0,0,2
HO_webs_raging,mexican_webs,2,0,0,2
HO_webs_raging,sand,2,0,0,2
HO_webs_raging,scarf_latios,1,1,1,1
HO_webs_raging,team_11,2,0,0,2
HO_webs_raging,team_15,1,1,1,1
HO_webs_raging,team_2,2,0,0,2
HO_webs_raging,team_3,1,1,1,1
HO_webs_raging,team_5,1,1,1,1
HO_webs_raging,team_6,2,0,0,2
HO_webs_raging,team_8,2,0,0,2
HO_webs_raging,team_9,0,2,2,0
HO_webs_ribombee,OFF_Ninetales_Life_Orb_Raging_Bolt_Sun_by_Vert,0,2,2,0
HO_webs_ribombee,OFF_PREMO,2,0,0,2
HO_webs_ribombee,OFF_PREMO_MOLTRES,2,0,0,2
HO_webs_ribombee,OFF_PREMO_OGER,0,2,2,0
HO_webs_ribombee,OFF_PREMO_drag,0,2,2,0
HO_webs_ribombee,iron_crown_specs,0,2,2,0
HO_webs_ribombee,manaphy,1,1,1,1
HO_webs_ribombee,mexican_webs,1,1,1,1
HO_webs_ribombee,sand,2,0,0,2
HO_webs_ribombee,scarf_latios,1,1,1,1
HO_webs_ribombee,team_11,1,1,1,1
HO_webs_ribombee,team_15,0,2,2,0
HO_webs_ribombee,team_2,0,2,2,0
HO_webs_ribombee,team_3,2,0,0,2
HO_webs_ribombee,team_5,2,0,0,2
HO_webs_ribombee,team_6,2,0,0,2
HO_webs_ribombee,team_8,1,1,1,1
HO_webs_ribombee,team_9,1,1,1,1
HO_webs_veil,OFF_Life_Orb_Deoxys_Offense_by_Shaymin_Sky,0,2,2,0
HO_webs_veil,OFF_Ninetales_Life_Orb_Raging_Bolt_Sun_by_Vert,1,1,1,1
HO_webs_veil,OFF_PREMO,0,2,2,0
HO_webs_veil,OFF_PREMO_MOLTRES,1,1,1,1
HO_webs_veil,OFF_PREMO_OGER,1,1,1,1
HO_webs_veil,OFF_PREMO_drag,2,0,0,2
HO_webs_veil,OFF_Taunt_Ogerpon-W_Specs_Dragapult_Offense_by_xavgb,1,1,1,1
HO_webs_veil,iron_crown_specs,1,1,1,1
HO_webs_veil,manaphy,1,1,1,1
HO_webs_veil,mexican_webs,0,2,2,0
HO_webs_veil,sand,0,2,2,0
HO_webs_veil,scarf_latios,1,1,1,1
HO_webs_veil,team_0,1,1,1,1
HO_webs_veil,team_11,1,1,1,1
HO_webs_veil,team_15,1,1,1,1
HO_webs_veil,team_2,0,2,2,0
HO_webs_veil,team_3,0,2,2,0
HO_webs_veil,team_4,2,0,0,2
HO_webs_veil,team_5,0,2,2,0
HO_webs_veil,team_6,1,1,1,1
HO_webs_veil,team_8,0,2,2,0
HO_webs_veil,team_9,2,0,0,2
OFF_Life_Orb_Deoxys_Offense_by_Shaymin_Sky,scarf_latios,0,1,1,0
OFF_Life_Orb_Deoxys_Offense_by_Shaymin_Sky,team_11,1,0,0,1
OFF_Life_Orb_Deoxys_Offense_by_Shaymin_Sky,team_15,1,0,0,1
OFF_Life_Orb_Deoxys_Offense_by_Shaymin_Sky,team_2,1,0,0,1
OFF_Life_Orb_Deoxys_Offense_by_Shaymin_Sky,team_3,0,1,1,0
OFF_Life_Orb_Deoxys_Offense_by_Shaymin_Sky,team_5,1,0,0,1
OFF_Life_Orb_Deoxys_Offense_by_Shaymin_Sky,team_6,0,1,1,0
OFF_Life_Orb_Deoxys_Offense_by_Shaymin_Sky,team_8,1,0,0,1
OFF_Life_Orb_Deoxys_Offense_by_Shaymin_Sky,team_9,1,0,0,1
OFF_Nasty_Plot_Tornadus-T_Offense_by_Vert_and_Giannis_Antetokommo-o,OFF_PREMO,1,1,1,1
OFF_Nasty_Plot_Tornadus-T_Offense_by_Vert_and_Giannis_Antetokommo-o,OFF_PREMO_MOLTRES,1,1,1,1
OFF_Nasty_Plot_Tornadus-T_Offense_by_Vert_and_Giannis_Antetokommo-o,OFF_PREMO_OGER,1,1,1,1
OFF_Nasty_Plot_Tornadus-T_Offense_by_Vert_and_Giannis_Antetokommo-o,OFF_PREMO_drag,2,0,0,2
OFF_Nasty_Plot_Tornadus-T_Offense_by_Vert_and_Giannis_Antetokommo-o,iron_crown_specs,1,0,0,1
OFF_Nasty_Plot_Tornadus-T_Offense_by_Vert_and_Giannis_Antetokommo-o,manaphy,0,1,1,0
OFF_Nasty_Plot_Tornadus-T_Offense_by_Vert_and_Giannis_Antetokommo-o,mexican_webs,1,0,0,1
OFF_Nasty_Plot_Tornadus-T_Offense_by_Vert_and_Giannis_Antetokommo-o,sand,1,0,0,1
OFF_Nasty_Plot_Tornadus-T_Offense_by_Vert_and_Giannis_Antetokommo-o,scarf_latios,0,1,1,0
OFF_Nasty_Plot_Tornadus-T_Offense_by_Vert_and_Giannis_Antetokommo-o,team_0,1,0,0,1
OFF_Nasty_Plot_Tornadus-T_Offense_by_Vert_and_Giannis_Antetokommo-o,team_11,0,1,1,0
OFF_Nasty_Plot_Tornadus-T_Offense_by_Vert_and_Giannis_Antetokommo-o,team_15,1,0,0,1
OFF_Nasty_Plot_Tornadus-T_Offense_by_Vert_and_Giannis_Antetokommo-o,team_2,1,0,0,1
OFF_Nasty_Plot_Tornadus-T_Offense_by_Vert_and_Giannis_Antetokommo-o,team_3,1,0,0,1
OFF_Nasty_Plot_Tornadus-T_Offense_by_Vert_and_Giannis_Antetokommo-o,team_4,1,0,0,1
OFF_Nasty_Plot_Tornadus-T_Offense_by_Vert_and_Giannis_Antetokommo-o,team_5,1,0,0,1
OFF_Nasty_Plot_Tornadus-T_Offense_by_Vert_and_Giannis_Antetokommo-o,team_6,1,0,0,1
OFF_Nasty_Plot_Tornadus-T_Offense_by_Vert_and_Giannis_Antetokommo-o,team_8,0,1,1,0
OFF_Nasty_Plot_Tornadus-T_Offense_by_Vert_and_Giannis_Antetokommo-o,team_9,1,0,0,1
OFF_Ninetales_Life_Orb_Raging_Bolt_Sun_by_Vert,OFF_PREMO,1,1,1,1
OFF_Ninetales_Life_Orb_Raging_Bolt_Sun_by_Vert,OFF_PREMO_MOLTRES,2,0,0,2
OFF_Ninetales_Life_Orb_Raging_Bolt_Sun_by_Vert,OFF_PREMO_OGER,1,1,1,1
OFF_Ninetales_Life_Orb_Raging_Bolt_Sun_by_Vert,OFF_PREMO_drag,0,2,2,0
OFF_Ninetales_Life_Orb_Raging_Bolt_Sun_by_Vert,iron_crown_specs,0,1,1,0
OFF_Ninetales_Life_Orb_Raging_Bolt_Sun_by_Vert,manaphy,0,1,1,0
OFF_Ninetales_Life_Orb_Raging_Bolt_Sun_by_Vert,mexican_webs,1,0,0,1
OFF_Ninetales_Life_Orb_Raging_Bolt_Sun_by_Vert,sand,1,0,0,1
OFF_Ninetales_Life_Orb_Raging_Bolt_Sun_by_Vert,scarf_latios,0,1,1,0
OFF_Ninetales_Life_Orb_Raging_Bolt_Sun_by_Vert,team_0,0,1,1,0
OFF_Ninetales_Life_Orb_Raging_Bolt_Sun_by_Vert,team_11,1,0,0,1
OFF_Ninetales_Life_Orb_Raging_Bolt_Sun_by_Vert,team_14,1,0,0,1
OFF_Ninetales_Life_Orb_Raging_Bolt_Sun_by_Vert,team_15,1,0,0,1
OFF_Ninetales_Life_Orb_Raging_Bolt_Sun_by_Vert,team_2,1,0,0,1
OFF_Ninetales_Life_Orb_Raging_Bolt_Sun_by_Vert,team_3,1,0,0,1
OFF_Ninetales_Life_Orb_Raging_Bolt_Sun_by_Vert,team_4,0,1,1,0
OFF_Ninetales_Life_Orb_Raging_Bolt_Sun_by_Vert,team_5,1,0,0,1
OFF_Ninetales_Life_Orb_Raging_Bolt_Sun_by_Vert,team_6,0,1,1,0
OFF_Ninetales_Life_Orb_Raging_Bolt_Sun_by_Vert,team_7,0,1,1,0
OFF_Ninetales_Life_Orb_Raging_Bolt_Sun_by_Vert,team_8,1,0,0,1
OFF_Ninetales_Life_Orb_Raging_Bolt_Sun_by_Vert,team_9,1,0,0,1
OFF_PREMO,iron_crown_specs,1,1,1,1
OFF_PREMO,manaphy,2,0,0,2
OFF_PREMO,mexican_webs,0,2,2,0
OFF_PREMO,sand,2,0,0,2
OFF_PREMO,scarf_latios,1,1,1,1
OFF_PREMO,team_11,1,1,1,1
OFF_PREMO,team_14,0,2,2,0
OFF_PREMO,team_15,1,1,1,1
OFF_PREMO,team_2,1,1,1,1
OFF_PREMO,team_3,2,0,0,2
OFF_PREMO,team_5,1,1,1,1
OFF_PREMO,team_6,2,0,0,2
OFF_PREMO,team_7,2,0,0,2
OFF_PREMO,team_8,1,1,1,1
OFF_PREMO,team_9,0,2,2,0
OFF_PREMO_MOLTRES,iron_crown_specs,0,2,2,0
OFF_PREMO_MOLTRES,manaphy,1,1,1,1
OFF_PREMO_MOLTRES,mexican_webs,2,0,0,2
OFF_PREMO_MOLTRES,sand,2,0,0,2
OFF_PREMO_MOLTRES,scarf_latios,1,1,1,1
OFF_PREMO_MOLTRES,team_11,0,2,2,0
OFF_PREMO_MOLTRES,team_14,2,0,0,2
OFF_PREMO_MOLTRES,team_15,1,1,1,1
OFF_PREMO_MOLTRES,team_2,2,0,0,2
OFF_PREMO_MOLTRES,team_3,0,2,2,0
OFF_PREMO_MOLTRES,team_5,0,2,2,0
OFF_PREMO_MOLTRES,team_6,1,1,1,1
OFF_PREMO_MOLTRES,team_7,0,2,2,0
OFF_PREMO_MOLTRES,team_8,1,1,1,1
OFF_PREMO_MOLTRES,team_9,2,0,0,2
OFF_PREMO_OGER,iron_crown_specs,0,2,2,0
OFF_PREMO_OGER,manaphy,0,2,2,0
OFF_PREMO_OGER,mexican_webs,2,0,0,2
OFF_PREMO_OGER,sand,2,0,0,2
OFF_PREMO_OGER,scarf_latios,2,0,0,2
OFF_PREMO_OGER,team_11,0,2,2,0
OFF_PREMO_OGER,team_14,2,0,0,2
OFF_PREMO_OGER,team_15,0,2,2,0
OFF_PREMO_OGER,team_2,1,1,1,1
OFF_PREMO_OGER,team_3,2,0,0,2
OFF_PREMO_OGER,team_5,2,0,0,2
OFF_PREMO_OGER,team_6,2,0,0,2
OFF_PREMO_OGER,team_8,2,0,0,2
OFF_PREMO_OGER,team_9,1,1,1,1
OFF_PREMO_drag,iron_crown_specs,1,1,1,1
OFF_PREMO_drag,manaphy,0,2,2,0
OFF_PREMO_drag,mexican_webs,1,1,1,1
OFF_PREMO_drag,sand,0,2,2,0
OFF_PREMO_drag,scarf_latios,0,2,2,0
OFF_PREMO_drag,team_11,2,0,0,2
OFF_PREMO_drag,team_14,2,0,0,2
OFF_PREMO_drag,team_15,2,0,0,2
OFF_PREMO_drag,team_2,2,0,0,2
OFF_PREMO_drag,team_3,2,0,0,2
OFF_PREMO_drag,team_5,2,0,0,2
OFF_PREMO_drag,team_6,1,1,1,1
OFF_PREMO_drag,team_8,2,0,0,2
OFF_PREMO_drag,team_9,0,2,2,0
OFF_Taunt_Ogerpon-W_Specs_Dragapult_Offense_by_xavgb,scarf_latios,0,1,1,0
OFF_Taunt_Ogerpon-W_Specs_Dragapult_Offense_by_xavgb,team_11,1,0,0,1
OFF_Taunt_Ogerpon-W_Specs_Dragapult_Offense_by_xavgb,team_15,1,0,0,1
OFF_Taunt_Ogerpon-W_Specs_Dragapult_Offense_by_xavgb,team_2,0,1,1,0
OFF_Taunt_Ogerpon-W_Specs_Dragapult_Offense_by_xavgb,team_3,1,0,0,1
OFF_Taunt_Ogerpon-W_Specs_Dragapult_Offense_by_xavgb,team_5,1,0,0,1
OFF_Taunt_Ogerpon-W_Specs_Dragapult_Offense_by_xavgb,team_6,0,1,1,0
OFF_Taunt_Ogerpon-W_Specs_Dragapult_Offense_by_xavgb,team_8,1,0,0,1
OFF_Taunt_Ogerpon-W_Specs_Dragapult_Offense_by_xavgb,team_9,1,0,0,1
BAL_Nasty_Plot_Hydrapple_by_LOOR,OFF_PREMO_analytics_smogon,0,2,2,0
BAL_Substitute_Kyurem_Dondozo_Balance_by_Blimax_and_CTC_edit,OFF_PREMO_analytics_smogon,1,1,1,1
BAL_rillaboom,OFF_PREMO_analytics_smogon,1,1,1,1
BO_Double_Choice_Band_BO_by_Storm_Zone,OFF_PREMO_analytics_smogon,2,0,0,2
BO_Enamorus_Lokix_BO_by_haxrme_and_Pkel_SweeTforU,OFF_PREMO_analytics_smogon,2,0,0,2
HO_UU_standard,OFF_PREMO_analytics_smogon,0,2,2,0
HO_UU_veil,OFF_PREMO_analytics_smogon,0,2,2,0
HO_webs_fairy,OFF_PREMO_analytics_smogon,2,0,0,2
HO_webs_raging,OFF_PREMO_analytics_smogon,1,1,1,1
HO_webs_ribombee,OFF_PREMO_analytics_smogon,1,1,1,1
HO_webs_veil,OFF_PREMO_analytics_smogon,1,1,1,1
OFF_Life_Orb_Deoxys_Offense_by_Shaymin_Sky,OFF_PREMO_analytics_smogon,0,2,2,0
OFF_Nasty_Plot_Tornadus-T_Offense_by_Vert_and_Giannis_Antetokommo-o,OFF_PREMO_analytics_smogon,0,2,2,0
OFF_Ninetales_Life_Orb_Raging_Bolt_Sun_by_Vert,OFF_PREMO_analytics_smogon,2,0,0,2
OFF_PREMO,OFF_PREMO_analytics_smogon,1,1,1,1
OFF_PREMO_MOLTRES,OFF_PREMO_analytics_smogon,1,1,1,1
OFF_PREMO_OGER,OFF_PREMO_analytics_smogon,1,1,1,1
OFF_PREMO_analytics_smogon,OFF_PREMO_drag,0,2,2,0
OFF_PREMO_analytics_smogon,OFF_Taunt_Ogerpon-W_Specs_Dragapult_Offense_by_xavgb,1,1,1,1
OFF_PREMO_analytics_smogon,iron_crown_specs,0,2,2,0
OFF_PREMO_analytics_smogon,manaphy,1,1,1,1
OFF_PREMO_analytics_smogon,mexican_webs,0,2,2,0
OFF_PREMO_analytics_smogon,sand,2,0,0,2
OFF_PREMO_analytics_smogon,scarf_latios,1,1,1,1
OFF_PREMO_analytics_smogon,team_0,0,2,2,0
OFF_PREMO_analytics_smogon,team_11,1,1,1,1
OFF_PREMO_analytics_smogon,team_14,2,0,0,2
OFF_PREMO_analytics_smogon,team_15,0,2,2,0
OFF_PREMO_analytics_smogon,team_2,2,0,0,2
OFF_PREMO_analytics_smogon,team_3,1,1,1,1
OFF_PREMO_analytics_smogon,team_4,1,1,1,1
OFF_PREMO_analytics_smogon,team_5,2,0,0,2
OFF_PREMO_analytics_smogon,team_6,0,2,2,0
OFF_PREMO_analytics_smogon,team_7,2,0,0,2
OFF_PREMO_analytics_smogon,team_8,1,1,1,1
OFF_PREMO_analytics_smogon,team_9,2,0,0,2
BAL_Deoxys-S_Boot_Spam_by_CTC,BAL_UU_mamo,2,0,0,2
BAL_Deoxys-S_Boot_Spam_by_CTC,BAL_UU_rhyp,2,0,0,2
BAL_Deoxys-S_Boot_Spam_by_CTC,BAL_UU_spikes,1,1,1,1
BAL_Deoxys-S_Boot_Spam_by_CTC,BAL_rillaboom,1,1,1,1
BAL_Deoxys-S_Boot_Spam_by_CTC,HO_UU_screens,2,0,0,2
BAL_Deoxys-S_Boot_Spam_by_CTC,HO_UU_standard,1,1,1,1
BAL_Deoxys-S_Boot_Spam_by_CTC,HO_UU_veil,1,1,1,1
BAL_Deoxys-S_Boot_Spam_by_CTC,HO_webs_fairy,0,2,2,0
BAL_Deoxys-S_Boot_Spam_by_CTC,HO_webs_raging,0,2,2,0
BAL_Deoxys-S_Boot_Spam_by_CTC,HO_webs_ribombee,0,2,2,0
BAL_Deoxys-S_Boot_Spam_by_CTC,HO_webs_veil,2,0,0,2
BAL_Deoxys-S_Boot_Spam_by_CTC,OFF_PREMO,1,1,1,1
BAL_Deoxys-S_Boot_Spam_by_CTC,OFF_PREMO_MOLTRES,0,2,2,0
BAL_Deoxys-S_Boot_Spam_by_CTC,OFF_PREMO_OGER,0,2,2,0
BAL_Deoxys-S_Boot_Spam_by_CTC,OFF_PREMO_analytics_smogon,0,2,2,0
BAL_Deoxys-S_Boot_Spam_by_CTC,OFF_PREMO_drag,1,1,1,1
BAL_Deoxys-S_Boot_Spam_by_CTC,OFF_UU_avconk,2,0,0,2
BAL_Deoxys-S_Boot_Spam_by_CTC,OFF_UU_gzap,2,0,0,2
BAL_Deoxys-S_Boot_Spam_by_CTC,iron_crown_specs,0,1,1,0
BAL_Deoxys-S_Boot_Spam_by_CTC,jungle_planet,0,1,1,0
BAL_Deoxys-S_Boot_Spam_by_CTC,lokix_voltturn,0,1,1,0
BAL_Deoxys-S_Boot_Spam_by_CTC,manaphy,1,0,0,1
BAL_Deoxys-S_Boot_Spam_by_CTC,mexican_webs,0,1,1,0
BAL_Deoxys-S_Boot_Spam_by_CTC,mu_fish,0,1,1,0
BAL_Deoxys-S_Boot_Spam_by_CTC,nu_balance,1,0,0,1
BAL_Deoxys-S_Boot_Spam_by_CTC,nu_ho,1,0,0,1
BAL_Deoxys-S_Boot_Spam_by_CTC,nu_offense,1,0,0,1
BAL_Deoxys-S_Boot_Spam_by_CTC,nu_stall,1,0,0,1
BAL_Deoxys-S_Boot_Spam_by_CTC,pu_team,1,0,0,1
BAL_Deoxys-S_Boot_Spam_by_CTC,quagsire_stall,0,1,1,0
BAL_Deoxys-S_Boot_Spam_by_CTC,sand,0,1,1,0
BAL_Deoxys-S_Boot_Spam_by_CTC,scarf_latios,0,1,1,0
BAL_Deoxys-S_Boot_Spam_by_CTC,team_0,0,1,1,0
BAL_Deoxys-S_Boot_Spam_by_CTC,team_1,0,1,1,0
BAL_Deoxys-S_Boot_Spam_by_CTC,team_10,1,0,0,1
BAL_Deoxys-S_Boot_Spam_by_CTC,team_11,1,0,0,1
BAL_Deoxys-S_Boot_Spam_by_CTC,team_12,1,0,0,1
BAL_Deoxys-S_Boot_Spam_by_CTC,team_13,0,1,1,0
BAL_Deoxys-S_Boot_Spam_by_CTC,team_14,1,0,0,1
BAL_Deoxys-S_Boot_Spam_by_CTC,team_15,0,1,1,0
BAL_Deoxys-S_Boot_Spam_by_CTC,team_2,1,0,0,1
BAL_Deoxys-S_Boot_Spam_by_CTC,team_3,1,0,0,1
BAL_Deoxys-S_Boot_Spam_by_CTC,team_4,1,0,0,1
BAL_Deoxys-S_Boot_Spam_by_CTC,team_5,1,0,0,1
BAL_Deoxys-S_Boot_Spam_by_CTC,team_6,0,1,1,0
BAL_Deoxys-S_Boot_Spam_by_CTC,team_7,0,1,1,0
BAL_Deoxys-S_Boot_Spam_by_CTC,team_8,0,1,1,0
BAL_Deoxys-S_Boot_Spam_by_CTC,team_9,0,1,1,0
BAL_Deoxys-S_Boot_Spam_by_CTC,trick_room,1,0,0,1
BAL_Deoxys-S_Boot_Spam_by_CTC,zzzzzzzzzu,1,0,0,1
BAL_Nasty_Plot_Hydrapple_by_LOOR,BAL_UU_mamo,0,2,2,0
BAL_Nasty_Plot_Hydrapple_by_LOOR,BAL_UU_rhyp,2,0,0,2
BAL_Nasty_Plot_Hydrapple_by_LOOR,BAL_UU_spikes,2,0,0,2
BAL_Nasty_Plot_Hydrapple_by_LOOR,HO_UU_screens,1,1,1,1
BAL_Nasty_Plot_Hydrapple_by_LOOR,OFF_UU_avconk,1,1,1,1
BAL_Nasty_Plot_Hydrapple_by_LOOR,OFF_UU_gzap,1,1,1,1
BAL_Nasty_Plot_Hydrapple_by_LOOR,jungle_planet,1,0,0,1
BAL_Nasty_Plot_Hydrapple_by_LOOR,lokix_voltturn,0,1,1,0
BAL_Nasty_Plot_Hydrapple_by_LOOR,mu_fish,1,0,0,1
BAL_Nasty_Plot_Hydrapple_by_LOOR,nu_balance,1,0,0,1
BAL_Nasty_Plot_Hydrapple_by_LOOR,nu_ho,1,0,0,1
BAL_Nasty_Plot_Hydrapple_by_LOOR,nu_offense,1,0,0,1
BAL_Nasty_Plot_Hydrapple_by_LOOR,nu_stall,1,0,0,1
BAL_Nasty_Plot_Hydrapple_by_LOOR,pu_team,0,1,1,0
BAL_Nasty_Plot_Hydrapple_by_LOOR,quagsire_stall,0,1,1,0
BAL_Nasty_Plot_Hydrapple_by_LOOR,team_1,1,0,0,1
BAL_Nasty_Plot_Hydrapple_by_LOOR,team_10,1,0,0,1
BAL_Nasty_Plot_Hydrapple_by_LOOR,team_12,1,0,0,1
BAL_Nasty_Plot_Hydrapple_by_LOOR,team_13,1,0,0,1
BAL_Nasty_Plot_Hydrapple_by_LOOR,trick_room,0,1,1,0
BAL_Nasty_Plot_Hydrapple_by_LOOR,zzzzzzzzzu,1,0,0,1
BAL_Nasty_Plot_Tornadus-T_Assault_Vest_Zamazenta_by_MAVERICK_SHOOTERS,BAL_UU_mamo,1,1,1,1
BAL_Nasty_Plot_Tornadus-T_Assault_Vest_Zamazenta_by_MAVERICK_SHOOTERS,BAL_UU_rhyp,2,0,0,2
BAL_Nasty_Plot_Tornadus-T_Assault_Vest_Zamazenta_by_MAVERICK_SHOOTERS,BAL_UU_spikes,1,1,1,1
BAL_Nasty_Plot_Tornadus-T_Assault_Vest_Zamazenta_by_MAVERICK_SHOOTERS,BAL_rillaboom,1,1,1,1
BAL_Nasty_Plot_Tornadus-T_Assault_Vest_Zamazenta_by_MAVERICK_SHOOTERS,HO_UU_screens,1,1,1,1
BAL_Nasty_Plot_Tornadus-T_Assault_Vest_Zamazenta_by_MAVERICK_SHOOTERS,HO_UU_standard,0,2,2,0
BAL_Nasty_Plot_Tornadus-T_Assault_Vest_Zamazenta_by_MAVERICK_SHOOTERS,HO_UU_veil,2,0,0,2
BAL_Nasty_Plot_Tornadus-T_Assault_Vest_Zamazenta_by_MAVERICK_SHOOTERS,HO_webs_fairy,0,2,2,0
BAL_Nasty_Plot_Tornadus-T_Assault_Vest_Zamazenta_by_MAVERICK_SHOOTERS,HO_webs_raging,1,1,1,1
BAL_Nasty_Plot_Tornadus-T_Assault_Vest_Zamazenta_by_MAVERICK_SHOOTERS,HO_webs_ribombee,0,2,2,0
BAL_Nasty_Plot_Tornadus-T_Assault_Vest_Zamazenta_by_MAVERICK_SHOOTERS,HO_webs_veil,1,1,1,1
BAL_Nasty_Plot_Tornadus-T_Assault_Vest_Zamazenta_by_MAVERICK_SHOOTERS,OFF_PREMO,1,1,1,1
BAL_Nasty_Plot_Tornadus-T_Assault_Vest_Zamazenta_by_MAVERICK_SHOOTERS,OFF_PREMO_MOLTRES,1,1,1,1
BAL_Nasty_Plot_Tornadus-T_Assault_Vest_Zamazenta_by_MAVERICK_SHOOTERS,OFF_PREMO_OGER,1,1,1,1
BAL_Nasty_Plot_Tornadus-T_Assault_Vest_Zamazenta_by_MAVERICK_SHOOTERS,OFF_PREMO_analytics_smogon,0,2,2,0
BAL_Nasty_Plot_Tornadus-T_Assault_Vest_Zamazenta_by_MAVERICK_SHOOTERS,OFF_PREMO_drag,1,1,1,1
BAL_Nasty_Plot_Tornadus-T_Assault_Vest_Zamazenta_by_MAVERICK_SHOOTERS,OFF_UU_avconk,1,1,1,1
BAL_Nasty_Plot_Tornadus-T_Assault_Vest_Zamazenta_by_MAVERICK_SHOOTERS,OFF_UU_gzap,1,1,1,1
BAL_Nasty_Plot_Tornadus-T_Assault_Vest_Zamazenta_by_MAVERICK_SHOOTERS,iron_crown_specs,0,1,1,0
BAL_Nasty_Plot_Tornadus-T_Assault_Vest_Zamazenta_by_MAVERICK_SHOOTERS,jungle_planet,0,1,1,0
BAL_Nasty_Plot_Tornadus-T_Assault_Vest_Zamazenta_by_MAVERICK_SHOOTERS,lokix_voltturn,1,0,0,1
BAL_Nasty_Plot_Tornadus-T_Assault_Vest_Zamazenta_by_MAVERICK_SHOOTERS,manaphy,1,0,0,1
BAL_Nasty_Plot_Tornadus-T_Assault_Vest_Zamazenta_by_MAVERICK_SHOOTERS,mexican_webs,1,0,0,1
BAL_Nasty_Plot_Tornadus-T_Assault_Vest_Zamazenta_by_MAVERICK_SHOOTERS,mu_fish,0,1,1,0
BAL_Nasty_Plot_Tornadus-T_Assault_Vest_Zamazenta_by_MAVERICK_SHOOTERS,nu_balance,1,0,0,1
BAL_Nasty_Plot_Tornadus-T_Assault_Vest_Zamazenta_by_MAVERICK_SHOOTERS,nu_ho,1,0,0,1
BAL_Nasty_Plot_Tornadus-T_Assault_Vest_Zamazenta_by_MAVERICK_SHOOTERS,nu_offense,1,0,0,1
BAL_Nasty_Plot_Tornadus-T_Assault_Vest_Zamazenta_by_MAVERICK_SHOOTERS,nu_stall,1,0,0,1
BAL_Nasty_Plot_Tornadus-T_Assault_Vest_Zamazenta_by_MAVERICK_SHOOTERS,pu_team,1,0,0,1
BAL_Nasty_Plot_Tornadus-T_Assault_Vest_Zamazenta_by_MAVERICK_SHOOTERS,quagsire_stall,1,0,0,1
BAL_Nasty_Plot_Tornadus-T_Assault_Vest_Zamazenta_by_MAVERICK_SHOOTERS,sand,0,1,1,0
BAL_Nasty_Plot_Tornadus-T_Assault_Vest_Zamazenta_by_MAVERICK_SHOOTERS,scarf_latios,0,1,1,0
BAL_Nasty_Plot_Tornadus-T_Assault_Vest_Zamazenta_by_MAVERICK_SHOOTERS,team_0,0,1,1,0
BAL_Nasty_Plot_Tornadus-T_Assault_Vest_Zamazenta_by_MAVERICK_SHOOTERS,team_1,0,1,1,0
BAL_Nasty_Plot_Tornadus-T_Assault_Vest_Zamazenta_by_MAVERICK_SHOOTERS,team_10,0,1,1,0
BAL_Nasty_Plot_Tornadus-T_Assault_Vest_Zamazenta_by_MAVERICK_SHOOTERS,team_11,1,0,0,1
BAL_Nasty_Plot_Tornadus-T_Assault_Vest_Zamazenta_by_MAVERICK_SHOOTERS,team_12,1,0,0,1
BAL_Nasty_Plot_Tornadus-T_Assault_Vest_Zamazenta_by_MAVERICK_SHOOTERS,team_13,1,0,0,1
BAL_Nasty_Plot_Tornadus-T_Assault_Vest_Zamazenta_by_MAVERICK_SHOOTERS,team_14,0,1,1,0
BAL_Nasty_Plot_Tornadus-T_Assault_Vest_Zamazenta_by_MAVERICK_SHOOTERS,team_15,0,1,1,0
BAL_Nasty_Plot_Tornadus-T_Assault_Vest_Zamazenta_by_MAVERICK_SHOOTERS,team_2,0,1,1,0
BAL_Nasty_Plot_Tornadus-T_Assault_Vest_Zamazenta_by_MAVERICK_SHOOTERS,team_3,0,1,1,0
BAL_Nasty_Plot_Tornadus-T_Assault_Vest_Zamazenta_by_MAVERICK_SHOOTERS,team_4,0,1,1,0
BAL_Nasty_Plot_Tornadus-T_Assault_Vest_Zamazenta_by_MAVERICK_SHOOTERS,team_5,1,0,0,1
BAL_Nasty_Plot_Tornadus-T_Assault_Vest_Zamazenta_by_MAVERICK_SHOOTERS,team_6,0,1,1,0
BAL_Nasty_Plot_Tornadus-T_Assault_Vest_Zamazenta_by_MAVERICK_SHOOTERS,team_7,0,1,1,0
BAL_Nasty_Plot_Tornadus-T_Assault_Vest_Zamazenta_by_MAVERICK_SHOOTERS,team_8,0,1,1,0
BAL_Nasty_Plot_Tornadus-T_Assault_Vest_Zamazenta_by_MAVERICK_SHOOTERS,team_9,0,1,1,0
BAL_Nasty_Plot_Tornadus-T_Assault_Vest_Zamazenta_by_MAVERICK_SHOOTERS,trick_room,1,0,0,1
BAL_Nasty_Plot_Tornadus-T_Assault_Vest_Zamazenta_by_MAVERICK_SHOOTERS,zzzzzzzzzu,1,0,0,1
BAL_Offensive_Zapdos_Boots_Rillaboom_Hazard_Stack_by_xavgb,BAL_UU_mamo,2,0,0,2
BAL_Offensive_Zapdos_Boots_Rillaboom_Hazard_Stack_by_xavgb,BAL_UU_rhyp,1,1,1,1
BAL_Offensive_Zapdos_Boots_Rillaboom_Hazard_Stack_by_xavgb,BAL_UU_spikes,0,2,2,0
BAL_Offensive_Zapdos_Boots_Rillaboom_Hazard_Stack_by_xavgb,BAL_rillaboom,1,1,1,1
BAL_Offensive_Zapdos_Boots_Rillaboom_Hazard_Stack_by_xavgb,HO_UU_screens,2,0,0,2
BAL_Offensive_Zapdos_Boots_Rillaboom_Hazard_Stack_by_xavgb,HO_UU_standard,2,0,0,2
BAL_Offensive_Zapdos_Boots_Rillaboom_Hazard_Stack_by_xavgb,HO_UU_veil,2,0,0,2
BAL_Offensive_Zapdos_Boots_Rillaboom_Hazard_Stack_by_xavgb,HO_webs_fairy,0,2,2,0
BAL_Offensive_Zapdos_Boots_Rillaboom_Hazard_Stack_by_xavgb,HO_webs_raging,1,1,1,1
BAL_Offensive_Zapdos_Boots_Rillaboom_Hazard_Stack_by_xavgb,HO_webs_ribombee,1,1,1,1
BAL_Offensive_Zapdos_Boots_Rillaboom_Hazard_Stack_by_xavgb,HO_webs_veil,0,2,2,0
BAL_Offensive_Zapdos_Boots_Rillaboom_Hazard_Stack_by_xavgb,OFF_PREMO,1,1,1,1
BAL_Offensive_Zapdos_Boots_Rillaboom_Hazard_Stack_by_xavgb,OFF_PREMO_MOLTRES,2,0,0,2
BAL_Offensive_Zapdos_Boots_Rillaboom_Hazard_Stack_by_xavgb,OFF_PREMO_OGER,1,1,1,1
BAL_Offensive_Zapdos_Boots_Rillaboom_Hazard_Stack_by_xavgb,OFF_PREMO_analytics_smogon,1,1,1,1
BAL_Offensive_Zapdos_Boots_Rillaboom_Hazard_Stack_by_xavgb,OFF_PREMO_drag,0,2,2,0
BAL_Offensive_Zapdos_Boots_Rillaboom_Hazard_Stack_by_xavgb,OFF_UU_avconk,0,2,2,0
BAL_Offensive_Zapdos_Boots_Rillaboom_Hazard_Stack_by_xavgb,OFF_UU_gzap,2,0,0,2
BAL_Offensive_Zapdos_Boots_Rillaboom_Hazard_Stack_by_xavgb,iron_crown_specs,1,0,0,1
BAL_Offensive_Zapdos_Boots_Rillaboom_Hazard_Stack_by_xavgb,jungle_planet,1,0,0,1
BAL_Offensive_Zapdos_Boots_Rillaboom_Hazard_Stack_by_xavgb,lokix_voltturn,1,0,0,1
BAL_Offensive_Zapdos_Boots_Rillaboom_Hazard_Stack_by_xavgb,manaphy,1,0,0,1
BAL_Offensive_Zapdos_Boots_Rillaboom_Hazard_Stack_by_xavgb,mexican_webs,1,0,0,1
BAL_Offensive_Zapdos_Boots_Rillaboom_Hazard_Stack_by_xavgb,mu_fish,1,0,0,1
BAL_Offensive_Zapdos_Boots_Rillaboom_Hazard_Stack_by_xavgb,nu_balance,1,0,0,1
BAL_Offensive_Zapdos_Boots_Rillaboom_Hazard_Stack_by_xavgb,nu_ho,1,0,0,1
BAL_Offensive_Zapdos_Boots_Rillaboom_Hazard_Stack_by_xavgb,nu_offense,1,0,0,1
BAL_Offensive_Zapdos_Boots_Rillaboom_Hazard_Stack_by_xavgb,nu_stall,1,0,0,1
BAL_Offensive_Zapdos_Boots_Rillaboom_Hazard_Stack_by_xavgb,pu_team,1,0,0,1
BAL_Offensive_Zapdos_Boots_Rillaboom_Hazard_Stack_by_xavgb,quagsire_stall,0,1,1,0
BAL_Offensive_Zapdos_Boots_Rillaboom_Hazard_Stack_by_xavgb,sand,0,1,1,0
BAL_Offensive_Zapdos_Boots_Rillaboom_Hazard_Stack_by_xavgb,scarf_latios,0,1,1,0
BAL_Offensive_Zapdos_Boots_Rillaboom_Hazard_Stack_by_xavgb,team_0,0,1,1,0
BAL_Offensive_Zapdos_Boots_Rillaboom_Hazard_Stack_by_xavgb,team_1,1,0,0,1
BAL_Offensive_Zapdos_Boots_Rillaboom_Hazard_Stack_by_xavgb,team_10,0,1,1,0
BAL_Offensive_Zapdos_Boots_Rillaboom_Hazard_Stack_by_xavgb,team_11,1,0,0,1
BAL_Offensive_Zapdos_Boots_Rillaboom_Hazard_Stack_by_xavgb,team_12,0,1,1,0
BAL_Offensive_Zapdos_Boots_Rillaboom_Hazard_Stack_by_xavgb,team_13,0,1,1,0
BAL_Offensive_Zapdos_Boots_Rillaboom_Hazard_Stack_by_xavgb,team_14,0,1,1,0
BAL_Offensive_Zapdos_Boots_Rillaboom_Hazard_Stack_by_xavgb,team_15,0,1,1,0
BAL_Offensive_Zapdos_Boots_Rillaboom_Hazard_Stack_by_xavgb,team_2,0,1,1,0
BAL_Offensive_Zapdos_Boots_Rillaboom_Hazard_Stack_by_xavgb,team_3,0,1,1,0
BAL_Offensive_Zapdos_Boots_Rillaboom_Hazard_Stack_by_xavgb,team_4,0,1,1,0
BAL_Offensive_Zapdos_Boots_Rillaboom_Hazard_Stack_by_xavgb,team_5,1,0,0,1
BAL_Offensive_Zapdos_Boots_Rillaboom_Hazard_Stack_by_xavgb,team_6,1,0,0,1
BAL_Offensive_Zapdos_Boots_Rillaboom_Hazard_Stack_by_xavgb,team_7,0,1,1,0
BAL_Offensive_Zapdos_Boots_Rillaboom_Hazard_Stack_by_xavgb,team_8,0,1,1,0
BAL_Offensive_Zapdos_Boots_Rillaboom_Hazard_Stack_by_xavgb,team_9,1,0,0,1
BAL_Offensive_Zapdos_Boots_Rillaboom_Hazard_Stack_by_xavgb,trick_room,1,0,0,1
BAL_Offensive_Zapdos_Boots_Rillaboom_Hazard_Stack_by_xavgb,zzzzzzzzzu,0,1,1,0
BAL_Substitute_Kyurem_Dondozo_Balance_by_Blimax_and_CTC_edit,jungle_planet,0,1,1,0
BAL_Substitute_Kyurem_Dondozo_Balance_by_Blimax_and_CTC_edit,lokix_voltturn,1,0,0,1
BAL_Substitute_Kyurem_Dondozo_Balance_by_Blimax_and_CTC_edit,mu_fish,0,1,1,0
BAL_Substitute_Kyurem_Dondozo_Balance_by_Blimax_and_CTC_edit,nu_balance,0,1,1,0
BAL_Substitute_Kyurem_Dondozo_Balance_by_Blimax_and_CTC_edit,nu_ho,1,0,0,1
BAL_Substitute_Kyurem_Dondozo_Balance_by_Blimax_and_CTC_edit,nu_offense,1,0,0,1
BAL_Substitute_Kyurem_Dondozo_Balance_by_Blimax_and_CTC_edit,nu_stall,1,0,0,1
BAL_Substitute_Kyurem_Dondozo_Balance_by_Blimax_and_CTC_edit,pu_team,0,1,1,0
BAL_Substitute_Kyurem_Dondozo_Balance_by_Blimax_and_CTC_edit,quagsire_stall,1,0,0,1
BAL_Substitute_Kyurem_Dondozo_Balance_by_Blimax_and_CTC_edit,team_1,1,0,0,1
BAL_Substitute_Kyurem_Dondozo_Balance_by_Blimax_and_CTC_edit,team_10,0,1,1,0
BAL_Substitute_Kyurem_Dondozo_Balance_by_Blimax_and_CTC_edit,team_12,0,1,1,0
BAL_Substitute_Kyurem_Dondozo_Balance_by_Blimax_and_CTC_edit,team_13,0,1,1,0
BAL_Substitute_Kyurem_Dondozo_Balance_by_Blimax_and_CTC_edit,trick_room,1,0,0,1
BAL_Substitute_Kyurem_Dondozo_Balance_by_Blimax_and_CTC_edit,zzzzzzzzzu,1,0,0,1
BAL_Swords_Dance_Gliscor_Knock_Off_Walking_Wake_Balance_by_Finchinator,BAL_UU_mamo,2,0,0,2
BAL_Swords_Dance_Gliscor_Knock_Off_Walking_Wake_Balance_by_Finchinator,BAL_UU_rhyp,2,0,0,2
BAL_Swords_Dance_Gliscor_Knock_Off_Walking_Wake_Balance_by_Finchinator,BAL_UU_spikes,1,1,1,1
BAL_Swords_Dance_Gliscor_Knock_Off_Walking_Wake_Balance_by_Finchinator,BAL_rillaboom,2,0,0,2
BAL_Swords_Dance_Gliscor_Knock_Off_Walking_Wake_Balance_by_Finchinator,HO_UU_screens,2,0,0,2
BAL_Swords_Dance_Gliscor_Knock_Off_Walking_Wake_Balance_by_Finchinator,HO_UU_standard,1,1,1,1
BAL_Swords_Dance_Gliscor_Knock_Off_Walking_Wake_Balance_by_Finchinator,HO_UU_veil,1,1,1,1
BAL_Swords_Dance_Gliscor_Knock_Off_Walking_Wake_Balance_by_Finchinator,HO_webs_fairy,1,1,1,1
BAL_Swords_Dance_Gliscor_Knock_Off_Walking_Wake_Balance_by_Finchinator,HO_webs_raging,2,0,0,2
BAL_Swords_Dance_Gliscor_Knock_Off_Walking_Wake_Balance_by_Finchinator,HO_webs_ribombee,2,0,0,2
BAL_Swords_Dance_Gliscor_Knock_Off_Walking_Wake_Balance_by_Finchinator,HO_webs_veil,1,1,1,1
BAL_Swords_Dance_Gliscor_Knock_Off_Walking_Wake_Balance_by_Finchinator,OFF_PREMO,0,2,2,0
BAL_Swords_Dance_Gliscor_Knock_Off_Walking_Wake_Balance_by_Finchinator,OFF_PREMO_MOLTRES,1,1,1,1
BAL_Swords_Dance_Gliscor_Knock_Off_Walking_Wake_Balance_by_Finchinator,OFF_PREMO_OGER,2,0,0,2
BAL_Swords_Dance_Gliscor_Knock_Off_Walking_Wake_Balance_by_Finchinator,OFF_PREMO_analytics_smogon,1,1,1,1
BAL_Swords_Dance_Gliscor_Knock_Off_Walking_Wake_Balance_by_Finchinator,OFF_PREMO_drag,1,1,1,1
BAL_Swords_Dance_Gliscor_Knock_Off_Walking_Wake_Balance_by_Finchinator,OFF_UU_avconk,1,1,1,1
BAL_Swords_Dance_Gliscor_Knock_Off_Walking_Wake_Balance_by_Finchinator,OFF_UU_gzap,2,0,0,2
BAL_Swords_Dance_Gliscor_Knock_Off_Walking_Wake_Balance_by_Finchinator,iron_crown_specs,1,0,0,1
BAL_Swords_Dance_Gliscor_Knock_Off_Walking_Wake_Balance_by_Finchinator,jungle_planet,1,0,0,1
BAL_Swords_Dance_Gliscor_Knock_Off_Walking_Wake_Balance_by_Finchinator,lokix_voltturn,0,1,1,0
BAL_Swords_Dance_Gliscor_Knock_Off_Walking_Wake_Balance_by_Finchinator,manaphy,1,0,0,1
BAL_Swords_Dance_Gliscor_Knock_Off_Walking_Wake_Balance_by_Finchinator,mexican_webs,1,0,0,1
BAL_Swords_Dance_Gliscor_Knock_Off_Walking_Wake_Balance_by_Finchinator,mu_fish,1,0,0,1
BAL_Swords_Dance_Gliscor_Knock_Off_Walking_Wake_Balance_by_Finchinator,nu_balance,1,0,0,1
BAL_Swords_Dance_Gliscor_Knock_Off_Walking_Wake_Balance_by_Finchinator,nu_ho,1,0,0,1
BAL_Swords_Dance_Gliscor_Knock_Off_Walking_Wake_Balance_by_Finchinator,nu_offense,1,0,0,1
BAL_Swords_Dance_Gliscor_Knock_Off_Walking_Wake_Balance_by_Finchinator,nu_stall,1,0,0,1
BAL_Swords_Dance_Gliscor_Knock_Off_Walking_Wake_Balance_by_Finchinator,pu_team,1,0,0,1
BAL_Swords_Dance_Gliscor_Knock_Off_Walking_Wake_Balance_by_Finchinator,quagsire_stall,1,0,0,1
BAL_Swords_Dance_Gliscor_Knock_Off_Walking_Wake_Balance_by_Finchinator,sand,1,0,0,1
BAL_Swords_Dance_Gliscor_Knock_Off_Walking_Wake_Balance_by_Finchinator,scarf_latios,1,0,0,1
BAL_Swords_Dance_Gliscor_Knock_Off_Walking_Wake_Balance_by_Finchinator,team_0,1,0,0,1
BAL_Swords_Dance_Gliscor_Knock_Off_Walking_Wake_Balance_by_Finchinator,team_1,1,0,0,1
BAL_Swords_Dance_Gliscor_Knock_Off_Walking_Wake_Balance_by_Finchinator,team_10,0,1,1,0
BAL_Swords_Dance_Gliscor_Knock_Off_Walking_Wake_Balance_by_Finchinator,team_11,1,0,0,1
BAL_Swords_Dance_Gliscor_Knock_Off_Walking_Wake_Balance_by_Finchinator,team_12,1,0,0,1
BAL_Swords_Dance_Gliscor_Knock_Off_Walking_Wake_Balance_by_Finchinator,team_13,1,0,0,1
BAL_Swords_Dance_Gliscor_Knock_Off_Walking_Wake_Balance_by_Finchinator,team_14,1,0,0,1
BAL_Swords_Dance_Gliscor_Knock_Off_Walking_Wake_Balance_by_Finchinator,team_15,1,0,0,1
BAL_Swords_Dance_Gliscor_Knock_Off_Walking_Wake_Balance_by_Finchinator,team_2,0,1,1,0
BAL_Swords_Dance_Gliscor_Knock_Off_Walking_Wake_Balance_by_Finchinator,team_3,0,1,1,0
BAL_Swords_Dance_Gliscor_Knock_Off_Walking_Wake_Balance_by_Finchinator,team_4,0,1,1,0
BAL_Swords_Dance_Gliscor_Knock_Off_Walking_Wake_Balance_by_Finchinator,team_5,1,0,0,1
BAL_Swords_Dance_Gliscor_Knock_Off_Walking_Wake_Balance_by_Finchinator,team_6,0,1,1,0
BAL_Swords_Dance_Gliscor_Knock_Off_Walking_Wake_Balance_by_Finchinator,team_7,0,1,1,0
BAL_Swords_Dance_Gliscor_Knock_Off_Walking_Wake_Balance_by_Finchinator,team_8,1,0,0,1
BAL_Swords_Dance_Gliscor_Knock_Off_Walking_Wake_Balance_by_Finchinator,team_9,1,0,0,1
BAL_Swords_Dance_Gliscor_Knock_Off_Walking_Wake_Balance_by_Finchinator,trick_room,1,0,0,1
BAL_Swords_Dance_Gliscor_Knock_Off_Walking_Wake_Balance_by_Finchinator,zzzzzzzzzu,1,0,0,1
BAL_UU_mamo,BO_Double_Choice_Band_BO_by_Storm_Zone,1,1,1,1
BAL_UU_mamo,BO_Enamorus_Lokix_BO_by_haxrme_and_Pkel_SweeTforU,0,2,2,0
BAL_UU_mamo,BO_Garganacl_Iron_Treads_BO_by_Attribute,1,1,1,1
BAL_UU_mamo,BO_Latios_Tera_Blast_Scizor_Hazard_Stack_by_Pinkacross,0,2,2,0
BAL_UU_mamo,BO_Metal_Coat_Gholdengo_Tera_Blast_Flying_Dragonite_by_xavgb,0,2,2,0
BAL_UU_mamo,BO_Weezing-Galar_Choice_Specs_Iron_Crown_BO_by_ima,1,1,1,1
BAL_UU_mamo,OFF_Ceruledge_Darkrai_Veil_by_oldspicemike,1,1,1,1
BAL_UU_mamo,OFF_Life_Orb_Deoxys_Offense_by_Shaymin_Sky,0,2,2,0
BAL_UU_mamo,OFF_Life_Orb_Raging_Bolt_Offensive_Torkoal_Sun_by_xavgb,1,1,1,1
BAL_UU_mamo,OFF_Ninetales_Life_Orb_Raging_Bolt_Sun_by_Vert,1,1,1,1
BAL_UU_mamo,OFF_PREMO,0,2,2,0
BAL_UU_mamo,OFF_PREMO_MOLTRES,0,2,2,0
BAL_UU_mamo,OFF_PREMO_OGER,0,2,2,0
BAL_UU_mamo,OFF_PREMO_analytics_smogon,0,2,2,0
BAL_UU_mamo,OFF_PREMO_drag,0,2,2,0
BAL_UU_mamo,OFF_Taunt_Ogerpon-W_Specs_Dragapult_Offense_by_xavgb,0,2,2,0
BAL_UU_mamo,STA_Removal_Stall_by_saw_war_newnew_edit_by_Xuwu,1,1,1,1
BAL_UU_mamo,iron_crown_specs,0,2,2,0
BAL_UU_mamo,jungle_planet,1,1,1,1
BAL_UU_mamo,lokix_voltturn,0,2,2,0
BAL_UU_mamo,manaphy,1,1,1,1
BAL_UU_mamo,mexican_webs,0,2,2,0
BAL_UU_mamo,mu_fish,1,1,1,1
BAL_UU_mamo,nu_balance,1,1,1,1
BAL_UU_mamo,nu_ho,1,1,1,1
BAL_UU_mamo,nu_offense,2,0,0,2
BAL_UU_mamo,nu_stall,2,0,0,2
BAL_UU_mamo,pu_team,1,1,1,1
BAL_UU_mamo,quagsire_stall,2,0,0,2
BAL_UU_mamo,sand,1,1,1,1
BAL_UU_mamo,scarf_latios,0,2,2,0
BAL_UU_mamo,team_0,0,2,2,0
BAL_UU_mamo,team_1,1,1,1,1
BAL_UU_mamo,team_10,1,1,1,1
BAL_UU_mamo,team_11,0,2,2,0
BAL_UU_mamo,team_12,1,1,1,1
BAL_UU_mamo,team_13,1,1,1,1
BAL_UU_mamo,team_15,2,0,0,2
BAL_UU_mamo,team_2,1,1,1,1
BAL_UU_mamo,team_3,0,2,2,0
BAL_UU_mamo,team_4,0,2,2,0
BAL_UU_mamo,team_5,2,0,0,2
BAL_UU_mamo,team_6,2,0,0,2
BAL_UU_mamo,team_8,1,1,1,1
BAL_UU_mamo,team_9,0,2,2,0
BAL_UU_mamo,trick_room,2,0,0,2
BAL_UU_mamo,zzzzzzzzzu,2,0,0,2
BAL_UU_rhyp,BO_Double_Choice_Band_BO_by_Storm_Zone,0,2,2,0
BAL_UU_rhyp,BO_Enamorus_Lokix_BO_by_haxrme_and_Pkel_SweeTforU,1,1,1,1
BAL_UU_rhyp,BO_Garganacl_Iron_Treads_BO_by_Attribute,1,1,1,1
BAL_UU_rhyp,BO_Latios_Tera_Blast_Scizor_Hazard_Stack_by_Pinkacross,0,2,2,0
BAL_UU_rhyp,BO_Metal_Coat_Gholdengo_Tera_Blast_Flying_Dragonite_by_xavgb,0,2,2,0
BAL_UU_rhyp,BO_Weezing-Galar_Choice_Specs_Iron_Crown_BO_by_ima,0,2,2,0
BAL_UU_rhyp,OFF_Ceruledge_Darkrai_Veil_by_oldspicemike,0,2,2,0
BAL_UU_rhyp,OFF_Life_Orb_Deoxys_Offense_by_Shaymin_Sky,1,1,1,1
BAL_UU_rhyp,OFF_Life_Orb_Raging_Bolt_Offensive_Torkoal_Sun_by_xavgb,2,0,0,2
BAL_UU_rhyp,OFF_Ninetales_Life_Orb_Raging_Bolt_Sun_by_Vert,2,0,0,2
BAL_UU_rhyp,OFF_PREMO,0,2,2,0
BAL_UU_rhyp,OFF_PREMO_MOLTRES,0,2,2,0
BAL_UU_rhyp,OFF_PREMO_OGER,0,2,2,0
BAL_UU_rhyp,OFF_PREMO_analytics_smogon,2,0,0,2
BAL_UU_rhyp,OFF_PREMO_drag,0,2,2,0
BAL_UU_rhyp,OFF_Taunt_Ogerpon-W_Specs_Dragapult_Offense_by_xavgb,0,2,2,0
BAL_UU_rhyp,STA_Removal_Stall_by_saw_war_newnew_edit_by_Xuwu,1,1,1,1
BAL_UU_rhyp,iron_crown_specs,0,2,2,0
BAL_UU_rhyp,jungle_planet,1,1,1,1
BAL_UU_rhyp,lokix_voltturn,1,1,1,1
BAL_UU_rhyp,manaphy,2,0,0,2
BAL_UU_rhyp,mexican_webs,0,2,2,0
BAL_UU_rhyp,mu_fish,1,1,1,1
BAL_UU_rhyp,nu_balance,1,1,1,1
BAL_UU_rhyp,nu_ho,0,2,2,0
BAL_UU_rhyp,nu_offense,2,0,0,2
BAL_UU_rhyp,nu_stall,2,0,0,2
BAL_UU_rhyp,pu_team,1,1,1,1
BAL_UU_rhyp,quagsire_stall,2,0,0,2
BAL_UU_rhyp,sand,2,0,0,2
BAL_UU_rhyp,scarf_latios,0,2,2,0
BAL_UU_rhyp,team_0,0,2,2,0
BAL_UU_rhyp,team_1,1,1,1,1
BAL_UU_rhyp,team_10,0,2,2,0
BAL_UU_rhyp,team_11,0,2,2,0
BAL_UU_rhyp,team_12,0,2,2,0
BAL_UU_rhyp,team_13,1,1,1,1
BAL_UU_rhyp,team_15,0,2,2,0
BAL_UU_rhyp,team_2,0,2,2,0
BAL_UU_rhyp,team_3,0,2,2,0
BAL_UU_rhyp,team_4,1,1,1,1
BAL_UU_rhyp,team_5,0,2,2,0
BAL_UU_rhyp,team_6,1,1,1,1
BAL_UU_rhyp,team_8,0,2,2,0
BAL_UU_rhyp,team_9,2,0,0,2
BAL_UU_rhyp,trick_room,2,0,0,2
BAL_UU_rhyp,zzzzzzzzzu,2,0,0,2
BAL_UU_spikes,BO_Double_Choice_Band_BO_by_Storm_Zone,2,0,0,2
BAL_UU_spikes,BO_Enamorus_Lokix_BO_by_haxrme_and_Pkel_SweeTforU,1,1,1,1
BAL_UU_spikes,BO_Garganacl_Iron_Treads_BO_by_Attribute,2,0,0,2
BAL_UU_spikes,BO_Latios_Tera_Blast_Scizor_Hazard_Stack_by_Pinkacross,0,2,2,0
BAL_UU_spikes,BO_Metal_Coat_Gholdengo_Tera_Blast_Flying_Dragonite_by_xavgb,1,1,1,1
BAL_UU_spikes,BO_Weezing-Galar_Choice_Specs_Iron_Crown_BO_by_ima,0,2,2,0
BAL_UU_spikes,OFF_Ceruledge_Darkrai_Veil_by_oldspicemike,0,2,2,0
BAL_UU_spikes,OFF_Life_Orb_Deoxys_Offense_by_Shaymin_Sky,2,0,0,2
BAL_UU_spikes,OFF_Life_Orb_Raging_Bolt_Offensive_Torkoal_Sun_by_xavgb,1,1,1,1
BAL_UU_spikes,OFF_Ninetales_Life_Orb_Raging_Bolt_Sun_by_Vert,0,2,2,0
BAL_UU_spikes,OFF_PREMO,0,2,2,0
BAL_UU_spikes,OFF_PREMO_MOLTRES,0,2,2,0
BAL_UU_spikes,OFF_PREMO_OGER,1,1,1,1
BAL_UU_spikes,OFF_PREMO_analytics_smogon,1,1,1,1
BAL_UU_spikes,OFF_PREMO_drag,1,1,1,1
BAL_UU_spikes,OFF_Taunt_Ogerpon-W_Specs_Dragapult_Offense_by_xavgb,0,2,2,0
BAL_UU_spikes,STA_Removal_Stall_by_saw_war_newnew_edit_by_Xuwu,0,2,2,0
BAL_UU_spikes,iron_crown_specs,0,2,2,0
BAL_UU_spikes,jungle_planet,1,1,1,1
BAL_UU_spikes,lokix_voltturn,0,2,2,0
BAL_UU_spikes,manaphy,1,1,1,1
BAL_UU_spikes,mexican_webs,0,2,2,0
BAL_UU_spikes,mu_fish,1,1,1,1
BAL_UU_spikes,nu_balance,2,0,0,2
BAL_UU_spikes,nu_ho,0,2,2,0
BAL_UU_spikes,nu_offense,2,0,0,2
BAL_UU_spikes,nu_stall,2,0,0,2
BAL_UU_spikes,pu_team,0,2,2,0
BAL_UU_spikes,quagsire_stall,1,1,1,1
BAL_UU_spikes,sand,0,2,2,0
BAL_UU_spikes,scarf_latios,0,2,2,0
BAL_UU_spikes,team_0,0,2,2,0
BAL_UU_spikes,team_1,0,2,2,0
BAL_UU_spikes,team_10,2,0,0,2
BAL_UU_spikes,team_11,2,0,0,2
BAL_UU_spikes,team_12,0,2,2,0
BAL_UU_spikes,team_13,1,1,1,1
BAL_UU_spikes,team_15,1,1,1,1
BAL_UU_spikes,team_2,1,1,1,1
BAL_UU_spikes,team_3,2,0,0,2
BAL_UU_spikes,team_4,1,1,1,1
BAL_UU_spikes,team_5,2,0,0,2
BAL_UU_spikes,team_6,0,2,2,0
BAL_UU_spikes,team_8,0,2,2,0
BAL_UU_spikes,team_9,0,2,2,0
BAL_UU_spikes,trick_room,2,0,0,2
BAL_UU_spikes,zzzzzzzzzu,2,0,0,2
BAL_rillaboom,BO_Garganacl_Iron_Treads_BO_by_Attribute,2,0,0,2
BAL_rillaboom,BO_Latios_Tera_Blast_Scizor_Hazard_Stack_by_Pinkacross,1,1,1,1
BAL_rillaboom,BO_Metal_Coat_Gholdengo_Tera_Blast_Flying_Dragonite_by_xavgb,2,0,0,2
BAL_rillaboom,OFF_Ceruledge_Darkrai_Veil_by_oldspicemike,1,1,1,1
BAL_rillaboom,OFF_Life_Orb_Raging_Bolt_Offensive_Torkoal_Sun_by_xavgb,1,1,1,1
BAL_rillaboom,STA_Removal_Stall_by_saw_war_newnew_edit_by_Xuwu,1,1,1,1
BAL_rillaboom,jungle_planet,2,0,0,2
BAL_rillaboom,lokix_voltturn,1,1,1,1
BAL_rillaboom,mu_fish,1,1,1,1
BAL_rillaboom,nu_balance,2,0,0,2
BAL_rillaboom,nu_ho,2,0,0,2
BAL_rillaboom,nu_offense,2,0,0,2
BAL_rillaboom,nu_stall,1,1,1,1
BAL_rillaboom,pu_team,2,0,0,2
BAL_rillaboom,quagsire_stall,2,0,0,2
BAL_rillaboom,team_1,1,1,1,1
BAL_rillaboom,team_10,0,2,2,0
BAL_rillaboom,team_12,2,0,0,2
BAL_rillaboom,team_13,1,1,1,1
BAL_rillaboom,trick_room,2,0,0,2
BAL_rillaboom,zzzzzzzzzu,2,0,0,2
BO_Double_Choice_Band_BO_by_Storm_Zone,HO_UU_screens,2,0,0,2
BO_Double_Choice_Band_BO_by_Storm_Zone,OFF_UU_avconk,2,0,0,2
BO_Double_Choice_Band_BO_by_Storm_Zone,OFF_UU_gzap,1,1,1,1
BO_Double_Choice_Band_BO_by_Storm_Zone,jungle_planet,1,0,0,1
BO_Double_Choice_Band_BO_by_Storm_Zone,lokix_voltturn,1,0,0,1
BO_Double_Choice_Band_BO_by_Storm_Zone,mu_fish,0,1,1,0
BO_Double_Choice_Band_BO_by_Storm_Zone,nu_balance,0,1,1,0
BO_Double_Choice_Band_BO_by_Storm_Zone,nu_ho,1,0,0,1
BO_Double_Choice_Band_BO_by_Storm_Zone,nu_offense,1,0,0,1
BO_Double_Choice_Band_BO_by_Storm_Zone,nu_stall,0,1,1,0
BO_Double_Choice_Band_BO_by_Storm_Zone,pu_team,1,0,0,1
BO_Double_Choice_Band_BO_by_Storm_Zone,quagsire_stall,0,1,1,0
BO_Double_Choice_Band_BO_by_Storm_Zone,team_1,1,0,0,1
BO_Double_Choice_Band_BO_by_Storm_Zone,team_10,0,1,1,0
BO_Double_Choice_Band_BO_by_Storm_Zone,team_12,1,0,0,1
BO_Double_Choice_Band_BO_by_Storm_Zone,team_13,0,1,1,0
BO_Double_Choice_Band_BO_by_Storm_Zone,trick_room,1,0,0,1
BO_Double_Choice_Band_BO_by_Storm_Zone,zzzzzzzzzu,0,1,1,0
BO_Enamorus_Lokix_BO_by_haxrme_and_Pkel_SweeTforU,HO_UU_screens,1,1,1,1
BO_Enamorus_Lokix_BO_by_haxrme_and_Pkel_SweeTforU,OFF_UU_avconk,0,2,2,0
BO_Enamorus_Lokix_BO_by_haxrme_and_Pkel_SweeTforU,OFF_UU_gzap,2,0,0,2
BO_Enamorus_Lokix_BO_by_haxrme_and_Pkel_SweeTforU,jungle_planet,0,1,1,0
BO_Enamorus_Lokix_BO_by_haxrme_and_Pkel_SweeTforU,lokix_voltturn,0,1,1,0
BO_Enamorus_Lokix_BO_by_haxrme_and_Pkel_SweeTforU,mu_fish,1,0,0,1
BO_Enamorus_Lokix_BO_by_haxrme_and_Pkel_SweeTforU,nu_balance,0,1,1,0
BO_Enamorus_Lokix_BO_by_haxrme_and_Pkel_SweeTforU,nu_ho,1,0,0,1
BO_Enamorus_Lokix_BO_by_haxrme_and_Pkel_SweeTforU,nu_offense,1,0,0,1
BO_Enamorus_Lokix_BO_by_haxrme_and_Pkel_SweeTforU,nu_stall,1,0,0,1
BO_Enamorus_Lokix_BO_by_haxrme_and_Pkel_SweeTforU,pu_team,1,0,0,1
BO_Enamorus_Lokix_BO_by_haxrme_and_Pkel_SweeTforU,quagsire_stall,1,0,0,1
BO_Enamorus_Lokix_BO_by_haxrme_and_Pkel_SweeTforU,team_1,1,0,0,1
BO_Enamorus_Lokix_BO_by_haxrme_and_Pkel_SweeTforU,team_10,0,1,1,0
BO_Enamorus_Lokix_BO_by_haxrme_and_Pkel_SweeTforU,team_12,1,0,0,1
BO_Enamorus_Lokix_BO_by_haxrme_and_Pkel_SweeTforU,team_13,1,0,0,1
BO_Enamorus_Lokix_BO_by_haxrme_and_Pkel_SweeTforU,trick_room,1,0,0,1
BO_Enamorus_Lokix_BO_by_haxrme_and_Pkel_SweeTforU,zzzzzzzzzu,1,0,0,1
BO_Garganacl_Iron_Treads_BO_by_Attribute,HO_UU_screens,2,0,0,2
BO_Garganacl_Iron_Treads_BO_by_Attribute,HO_UU_standard,0,2,2,0
BO_Garganacl_Iron_Treads_BO_by_Attribute,HO_UU_veil,2,0,0,2
BO_Garganacl_Iron_Treads_BO_by_Attribute,HO_webs_fairy,2,0,0,2
BO_Garganacl_Iron_Treads_BO_by_Attribute,HO_webs_raging,2,0,0,2
BO_Garganacl_Iron_Treads_BO_by_Attribute,HO_webs_ribombee,1,1,1,1
BO_Garganacl_Iron_Treads_BO_by_Attribute,HO_webs_veil,1,1,1,1
BO_Garganacl_Iron_Treads_BO_by_Attribute,OFF_PREMO,1,1,1,1
BO_Garganacl_Iron_Treads_BO_by_Attribute,OFF_PREMO_MOLTRES,2,0,0,2
BO_Garganacl_Iron_Treads_BO_by_Attribute,OFF_PREMO_OGER,0,2,2,0
BO_Garganacl_Iron_Treads_BO_by_Attribute,OFF_PREMO_analytics_smogon,0,2,2,0
BO_Garganacl_Iron_Treads_BO_by_Attribute,OFF_PREMO_drag,0,2,2,0
BO_Garganacl_Iron_Treads_BO_by_Attribute,OFF_UU_avconk,1,1,1,1
BO_Garganacl_Iron_Treads_BO_by_Attribute,OFF_UU_gzap,1,1,1,1
BO_Garganacl_Iron_Treads_BO_by_Attribute,iron_crown_specs,0,1,1,0
BO_Garganacl_Iron_Treads_BO_by_Attribute,jungle_planet,1,0,0,1
BO_Garganacl_Iron_Treads_BO_by_Attribute,lokix_voltturn,1,0,0,1
BO_Garganacl_Iron_Treads_BO_by_Attribute,manaphy,0,1,1,0
BO_Garganacl_Iron_Treads_BO_by_Attribute,mexican_webs,0,1,1,0
BO_Garganacl_Iron_Treads_BO_by_Attribute,mu_fish,1,0,0,1
BO_Garganacl_Iron_Treads_BO_by_Attribute,nu_balance,1,0,0,1
BO_Garganacl_Iron_Treads_BO_by_Attribute,nu_ho,1,0,0,1
BO_Garganacl_Iron_Treads_BO_by_Attribute,nu_offense,1,0,0,1
BO_Garganacl_Iron_Treads_BO_by_Attribute,nu_stall,1,0,0,1
BO_Garganacl_Iron_Treads_BO_by_Attribute,pu_team,1,0,0,1
BO_Garganacl_Iron_Treads_BO_by_Attribute,quagsire_stall,1,0,0,1
BO_Garganacl_Iron_Treads_BO_by_Attribute,sand,0,1,1,0
BO_Garganacl_Iron_Treads_BO_by_Attribute,scarf_latios,0,1,1,0
BO_Garganacl_Iron_Treads_BO_by_Attribute,team_0,0,1,1,0
BO_Garganacl_Iron_Treads_BO_by_Attribute,team_1,0,1,1,0
BO_Garganacl_Iron_Treads_BO_by_Attribute,team_10,1,0,0,1
BO_Garganacl_Iron_Treads_BO_by_Attribute,team_11,0,1,1,0
BO_Garganacl_Iron_Treads_BO_by_Attribute,team_12,1,0,0,1
BO_Garganacl_Iron_Treads_BO_by_Attribute,team_13,0,1,1,0
BO_Garganacl_Iron_Treads_BO_by_Attribute,team_14,1,0,0,1
BO_Garganacl_Iron_Treads_BO_by_Attribute,team_15,0,1,1,0
BO_Garganacl_Iron_Treads_BO_by_Attribute,team_2,1,0,0,1
BO_Garganacl_Iron_Treads_BO_by_Attribute,team_3,0,1,1,0
BO_Garganacl_Iron_Treads_BO_by_Attribute,team_4,1,0,0,1
BO_Garganacl_Iron_Treads_BO_by_Attribute,team_5,0,1,1,0
BO_Garganacl_Iron_Treads_BO_by_Attribute,team_6,0,1,1,0
BO_Garganacl_Iron_Treads_BO_by_Attribute,team_7,0,1,1,0
BO_Garganacl_Iron_Treads_BO_by_Attribute,team_8,1,0,0,1
BO_Garganacl_Iron_Treads_BO_by_Attribute,team_9,1,0,0,1
BO_Garganacl_Iron_Treads_BO_by_Attribute,trick_room,1,0,0,1
BO_Garganacl_Iron_Treads_BO_by_Attribute,zzzzzzzzzu,1,0,0,1
BO_Latios_Tera_Blast_Scizor_Hazard_Stack_by_Pinkacross,HO_UU_screens,0,2,2,0
BO_Latios_Tera_Blast_Scizor_Hazard_Stack_by_Pinkacross,HO_UU_standard,1,1,1,1
BO_Latios_Tera_Blast_Scizor_Hazard_Stack_by_Pinkacross,HO_UU_veil,2,0,0,2
BO_Latios_Tera_Blast_Scizor_Hazard_Stack_by_Pinkacross,HO_webs_fairy,2,0,0,2
BO_Latios_Tera_Blast_Scizor_Hazard_Stack_by_Pinkacross,HO_webs_raging,1,1,1,1
BO_Latios_Tera_Blast_Scizor_Hazard_Stack_by_Pinkacross,HO_webs_ribombee,2,0,0,2
BO_Latios_Tera_Blast_Scizor_Hazard_Stack_by_Pinkacross,HO_webs_veil,2,0,0,2
BO_Latios_Tera_Blast_Scizor_Hazard_Stack_by_Pinkacross,OFF_PREMO,2,0,0,2
BO_Latios_Tera_Blast_Scizor_Hazard_Stack_by_Pinkacross,OFF_PREMO_MOLTRES,1,1,1,1
BO_Latios_Tera_Blast_Scizor_Hazard_Stack_by_Pinkacross,OFF_PREMO_OGER,1,1,1,1
BO_Latios_Tera_Blast_Scizor_Hazard_Stack_by_Pinkacross,OFF_PREMO_analytics_smogon,2,0,0,2
BO_Latios_Tera_Blast_Scizor_Hazard_Stack_by_Pinkacross,OFF_PREMO_drag,1,1,1,1
BO_Latios_Tera_Blast_Scizor_Hazard_Stack_by_Pinkacross,OFF_UU_avconk,1,1,1,1
BO_Latios_Tera_Blast_Scizor_Hazard_Stack_by_Pinkacross,OFF_UU_gzap,1,1,1,1
BO_Latios_Tera_Blast_Scizor_Hazard_Stack_by_Pinkacross,iron_crown_specs,1,0,0,1
BO_Latios_Tera_Blast_Scizor_Hazard_Stack_by_Pinkacross,jungle_planet,0,1,1,0
BO_Latios_Tera_Blast_Scizor_Hazard_Stack_by_Pinkacross,lokix_voltturn,1,0,0,1
BO_Latios_Tera_Blast_Scizor_Hazard_Stack_by_Pinkacross,manaphy,0,1,1,0
BO_Latios_Tera_Blast_Scizor_Hazard_Stack_by_Pinkacross,mexican_webs,0,1,1,0
BO_Latios_Tera_Blast_Scizor_Hazard_Stack_by_Pinkacross,mu_fish,1,0,0,1
BO_Latios_Tera_Blast_Scizor_Hazard_Stack_by_Pinkacross,nu_balance,1,0,0,1
BO_Latios_Tera_Blast_Scizor_Hazard_Stack_by_Pinkacross,nu_ho,1,0,0,1
BO_Latios_Tera_Blast_Scizor_Hazard_Stack_by_Pinkacross,nu_offense,0,1,1,0
BO_Latios_Tera_Blast_Scizor_Hazard_Stack_by_Pinkacross,nu_stall,1,0,0,1
BO_Latios_Tera_Blast_Scizor_Hazard_Stack_by_Pinkacross,pu_team,1,0,0,1
BO_Latios_Tera_Blast_Scizor_Hazard_Stack_by_Pinkacross,quagsire_stall,0,1,1,0
BO_Latios_Tera_Blast_Scizor_Hazard_Stack_by_Pinkacross,sand,0,1,1,0
BO_Latios_Tera_Blast_Scizor_Hazard_Stack_by_Pinkacross,scarf_latios,0,1,1,0
BO_Latios_Tera_Blast_Scizor_Hazard_Stack_by_Pinkacross,team_0,0,1,1,0
BO_Latios_Tera_Blast_Scizor_Hazard_Stack_by_Pinkacross,team_1,0,1,1,0
BO_Latios_Tera_Blast_Scizor_Hazard_Stack_by_Pinkacross,team_10,0,1,1,0
BO_Latios_Tera_Blast_Scizor_Hazard_Stack_by_Pinkacross,team_11,0,1,1,0
BO_Latios_Tera_Blast_Scizor_Hazard_Stack_by_Pinkacross,team_12,1,0,0,1
BO_Latios_Tera_Blast_Scizor_Hazard_Stack_by_Pinkacross,team_13,1,0,0,1
BO_Latios_Tera_Blast_Scizor_Hazard_Stack_by_Pinkacross,team_14,0,1,1,0
BO_Latios_Tera_Blast_Scizor_Hazard_Stack_by_Pinkacross,team_15,1,0,0,1
BO_Latios_Tera_Blast_Scizor_Hazard_Stack_by_Pinkacross,team_2,1,0,0,1
BO_Latios_Tera_Blast_Scizor_Hazard_Stack_by_Pinkacross,team_3,0,1,1,0
BO_Latios_Tera_Blast_Scizor_Hazard_Stack_by_Pinkacross,team_4,0,1,1,0
BO_Latios_Tera_Blast_Scizor_Hazard_Stack_by_Pinkacross,team_5,0,1,1,0
BO_Latios_Tera_Blast_Scizor_Hazard_Stack_by_Pinkacross,team_6,0,1,1,0
BO_Latios_Tera_Blast_Scizor_Hazard_Stack_by_Pinkacross,team_7,0,1,1,0
BO_Latios_Tera_Blast_Scizor_Hazard_Stack_by_Pinkacross,team_8,0,1,1,0
BO_Latios_Tera_Blast_Scizor_Hazard_Stack_by_Pinkacross,team_9,1,0,0,1
BO_Latios_Tera_Blast_Scizor_Hazard_Stack_by_Pinkacross,trick_room,1,0,0,1
BO_Latios_Tera_Blast_Scizor_Hazard_Stack_by_Pinkacross,zzzzzzzzzu,1,0,0,1
BO_Metal_Coat_Gholdengo_Tera_Blast_Flying_Dragonite_by_xavgb,HO_UU_screens,2,0,0,2
BO_Metal_Coat_Gholdengo_Tera_Blast_Flying_Dragonite_by_xavgb,HO_UU_standard,0,2,2,0
BO_Metal_Coat_Gholdengo_Tera_Blast_Flying_Dragonite_by_xavgb,HO_UU_veil,2,0,0,2
BO_Metal_Coat_Gholdengo_Tera_Blast_Flying_Dragonite_by_xavgb,HO_webs_fairy,0,2,2,0
BO_Metal_Coat_Gholdengo_Tera_Blast_Flying_Dragonite_by_xavgb,HO_webs_raging,0,2,2,0
BO_Metal_Coat_Gholdengo_Tera_Blast_Flying_Dragonite_by_xavgb,HO_webs_ribombee,2,0,0,2
BO_Metal_Coat_Gholdengo_Tera_Blast_Flying_Dragonite_by_xavgb,HO_webs_veil,1,1,1,1
BO_Metal_Coat_Gholdengo_Tera_Blast_Flying_Dragonite_by_xavgb,OFF_PREMO,0,2,2,0
BO_Metal_Coat_Gholdengo_Tera_Blast_Flying_Dragonite_by_xavgb,OFF_PREMO_MOLTRES,1,1,1,1
BO_Metal_Coat_Gholdengo_Tera_Blast_Flying_Dragonite_by_xavgb,OFF_PREMO_OGER,1,1,1,1
BO_Metal_Coat_Gholdengo_Tera_Blast_Flying_Dragonite_by_xavgb,OFF_PREMO_analytics_smogon,0,2,2,0
BO_Metal_Coat_Gholdengo_Tera_Blast_Flying_Dragonite_by_xavgb,OFF_PREMO_drag,1,1,1,1
BO_Metal_Coat_Gholdengo_Tera_Blast_Flying_Dragonite_by_xavgb,OFF_UU_avconk,1,1,1,1
BO_Metal_Coat_Gholdengo_Tera_Blast_Flying_Dragonite_by_xavgb,OFF_UU_gzap,1,1,1,1
BO_Metal_Coat_Gholdengo_Tera_Blast_Flying_Dragonite_by_xavgb,iron_crown_specs,0,1,1,0
BO_Metal_Coat_Gholdengo_Tera_Blast_Flying_Dragonite_by_xavgb,jungle_planet,0,1,1,0
BO_Metal_Coat_Gholdengo_Tera_Blast_Flying_Dragonite_by_xavgb,lokix_voltturn,1,0,0,1
BO_Metal_Coat_Gholdengo_Tera_Blast_Flying_Dragonite_by_xavgb,manaphy,0,1,1,0
BO_Metal_Coat_Gholdengo_Tera_Blast_Flying_Dragonite_by_xavgb,mexican_webs,0,1,1,0
BO_Metal_Coat_Gholdengo_Tera_Blast_Flying_Dragonite_by_xavgb,mu_fish,1,0,0,1
BO_Metal_Coat_Gholdengo_Tera_Blast_Flying_Dragonite_by_xavgb,nu_balance,0,1,1,0
BO_Metal_Coat_Gholdengo_Tera_Blast_Flying_Dragonite_by_xavgb,nu_ho,1,0,0,1
BO_Metal_Coat_Gholdengo_Tera_Blast_Flying_Dragonite_by_xavgb,nu_offense,0,1,1,0
BO_Metal_Coat_Gholdengo_Tera_Blast_Flying_Dragonite_by_xavgb,nu_stall,1,0,0,1
BO_Metal_Coat_Gholdengo_Tera_Blast_Flying_Dragonite_by_xavgb,pu_team,0,1,1,0
BO_Metal_Coat_Gholdengo_Tera_Blast_Flying_Dragonite_by_xavgb,quagsire_stall,1,0,0,1
BO_Metal_Coat_Gholdengo_Tera_Blast_Flying_Dragonite_by_xavgb,sand,0,1,1,0
BO_Metal_Coat_Gholdengo_Tera_Blast_Flying_Dragonite_by_xavgb,scarf_latios,0,1,1,0
BO_Metal_Coat_Gholdengo_Tera_Blast_Flying_Dragonite_by_xavgb,team_0,1,0,0,1
BO_Metal_Coat_Gholdengo_Tera_Blast_Flying_Dragonite_by_xavgb,team_1,0,1,1,0
BO_Metal_Coat_Gholdengo_Tera_Blast_Flying_Dragonite_by_xavgb,team_10,0,1,1,0
BO_Metal_Coat_Gholdengo_Tera_Blast_Flying_Dragonite_by_xavgb,team_11,0,1,1,0
BO_Metal_Coat_Gholdengo_Tera_Blast_Flying_Dragonite_by_xavgb,team_12,1,0,0,1
BO_Metal_Coat_Gholdengo_Tera_Blast_Flying_Dragonite_by_xavgb,team_13,0,1,1,0
BO_Metal_Coat_Gholdengo_Tera_Blast_Flying_Dragonite_by_xavgb,team_14,1,0,0,1
BO_Metal_Coat_Gholdengo_Tera_Blast_Flying_Dragonite_by_xavgb,team_15,1,0,0,1
BO_Metal_Coat_Gholdengo_Tera_Blast_Flying_Dragonite_by_xavgb,team_2,1,0,0,1
BO_Metal_Coat_Gholdengo_Tera_Blast_Flying_Dragonite_by_xavgb,team_3,0,1,1,0
BO_Metal_Coat_Gholdengo_Tera_Blast_Flying_Dragonite_by_xavgb,team_4,0,1,1,0
BO_Metal_Coat_Gholdengo_Tera_Blast_Flying_Dragonite_by_xavgb,team_5,1,0,0,1
BO_Metal_Coat_Gholdengo_Tera_Blast_Flying_Dragonite_by_xavgb,team_6,1,0,0,1
BO_Metal_Coat_Gholdengo_Tera_Blast_Flying_Dragonite_by_xavgb,team_7,0,1,1,0
BO_Metal_Coat_Gholdengo_Tera_Blast_Flying_Dragonite_by_xavgb,team_8,0,1,1,0
BO_Metal_Coat_Gholdengo_Tera_Blast_Flying_Dragonite_by_xavgb,team_9,1,0,0,1
BO_Metal_Coat_Gholdengo_Tera_Blast_Flying_Dragonite_by_xavgb,trick_room,1,0,0,1
BO_Metal_Coat_Gholdengo_Tera_Blast_Flying_Dragonite_by_xavgb,zzzzzzzzzu,1,0,0,1
BO_Weezing-Galar_Choice_Specs_Iron_Crown_BO_by_ima,HO_UU_screens,0,2,2,0
BO_Weezing-Galar_Choice_Specs_Iron_Crown_BO_by_ima,HO_UU_standard,2,0,0,2
BO_Weezing-Galar_Choice_Specs_Iron_Crown_BO_by_ima,HO_UU_veil,2,0,0,2
BO_Weezing-Galar_Choice_Specs_Iron_Crown_BO_by_ima,HO_webs_fairy,0,2,2,0
BO_Weezing-Galar_Choice_Specs_Iron_Crown_BO_by_ima,HO_webs_raging,2,0,0,2
BO_Weezing-Galar_Choice_Specs_Iron_Crown_BO_by_ima,HO_webs_ribombee,1,1,1,1
BO_Weezing-Galar_Choice_Specs_Iron_Crown_BO_by_ima,HO_webs_veil,1,1,1,1
BO_Weezing-Galar_Choice_Specs_Iron_Crown_BO_by_ima,OFF_PREMO,0,2,2,0
BO_Weezing-Galar_Choice_Specs_Iron_Crown_BO_by_ima,OFF_PREMO_MOLTRES,1,1,1,1
BO_Weezing-Galar_Choice_Specs_Iron_Crown_BO_by_ima,OFF_PREMO_analytics_smogon,0,2,2,0
BO_Weezing-Galar_Choice_Specs_Iron_Crown_BO_by_ima,OFF_UU_avconk,2,0,0,2
BO_Weezing-Galar_Choice_Specs_Iron_Crown_BO_by_ima,OFF_UU_gzap,1,1,1,1
BO_Weezing-Galar_Choice_Specs_Iron_Crown_BO_by_ima,iron_crown_specs,0,1,1,0
BO_Weezing-Galar_Choice_Specs_Iron_Crown_BO_by_ima,jungle_planet,1,0,0,1
BO_Weezing-Galar_Choice_Specs_Iron_Crown_BO_by_ima,lokix_voltturn,1,0,0,1
BO_Weezing-Galar_Choice_Specs_Iron_Crown_BO_by_ima,manaphy,1,0,0,1
BO_Weezing-Galar_Choice_Specs_Iron_Crown_BO_by_ima,mexican_webs,0,1,1,0
BO_Weezing-Galar_Choice_Specs_Iron_Crown_BO_by_ima,mu_fish,1,0,0,1
BO_Weezing-Galar_Choice_Specs_Iron_Crown_BO_by_ima,nu_balance,1,0,0,1
BO_Weezing-Galar_Choice_Specs_Iron_Crown_BO_by_ima,nu_ho,1,0,0,1
BO_Weezing-Galar_Choice_Specs_Iron_Crown_BO_by_ima,nu_offense,1,0,0,1
BO_Weezing-Galar_Choice_Specs_Iron_Crown_BO_by_ima,nu_stall,1,0,0,1
BO_Weezing-Galar_Choice_Specs_Iron_Crown_BO_by_ima,pu_team,1,0,0,1
BO_Weezing-Galar_Choice_Specs_Iron_Crown_BO_by_ima,quagsire_stall,1,0,0,1
BO_Weezing-Galar_Choice_Specs_Iron_Crown_BO_by_ima,sand,0,1,1,0
BO_Weezing-Galar_Choice_Specs_Iron_Crown_BO_by_ima,scarf_latios,0,1,1,0
BO_Weezing-Galar_Choice_Specs_Iron_Crown_BO_by_ima,team_1,1,0,0,1
BO_Weezing-Galar_Choice_Specs_Iron_Crown_BO_by_ima,team_10,0,1,1,0
BO_Weezing-Galar_Choice_Specs_Iron_Crown_BO_by_ima,team_11,1,0,0,1
BO_Weezing-Galar_Choice_Specs_Iron_Crown_BO_by_ima,team_12,0,1,1,0
BO_Weezing-Galar_Choice_Specs_Iron_Crown_BO_by_ima,team_13,0,1,1,0
BO_Weezing-Galar_Choice_Specs_Iron_Crown_BO_by_ima,team_14,1,0,0,1
BO_Weezing-Galar_Choice_Specs_Iron_Crown_BO_by_ima,team_15,1,0,0,1
BO_Weezing-Galar_Choice_Specs_Iron_Crown_BO_by_ima,team_2,1,0,0,1
BO_Weezing-Galar_Choice_Specs_Iron_Crown_BO_by_ima,team_3,0,1,1,0
BO_Weezing-Galar_Choice_Specs_Iron_Crown_BO_by_ima,team_5,1,0,0,1
BO_Weezing-Galar_Choice_Specs_Iron_Crown_BO_by_ima,team_6,1,0,0,1
BO_Weezing-Galar_Choice_Specs_Iron_Crown_BO_by_ima,team_8,1,0,0,1
BO_Weezing-Galar_Choice_Specs_Iron_Crown_BO_by_ima,team_9,1,0,0,1
BO_Weezing-Galar_Choice_Specs_Iron_Crown_BO_by_ima,trick_room,1,0,0,1
BO_Weezing-Galar_Choice_Specs_Iron_Crown_BO_by_ima,zzzzzzzzzu,1,0,0,1
HO_UU_screens,OFF_Ceruledge_Darkrai_Veil_by_oldspicemike,0,2,2,0
HO_UU_screens,OFF_Life_Orb_Deoxys_Offense_by_Shaymin_Sky,0,2,2,0
HO_UU_screens,OFF_Life_Orb_Raging_Bolt_Offensive_Torkoal_Sun_by_xavgb,0,2,2,0
HO_UU_screens,OFF_Ninetales_Life_Orb_Raging_Bolt_Sun_by_Vert,1,1,1,1
HO_UU_screens,OFF_PREMO,0,2,2,0
HO_UU_screens,OFF_PREMO_MOLTRES,1,1,1,1
HO_UU_screens,OFF_PREMO_OGER,0,2,2,0
HO_UU_screens,OFF_PREMO_analytics_smogon,0,2,2,0
HO_UU_screens,OFF_PREMO_drag,0,2,2,0
HO_UU_screens,OFF_Taunt_Ogerpon-W_Specs_Dragapult_Offense_by_xavgb,0,2,2,0
HO_UU_screens,STA_Removal_Stall_by_saw_war_newnew_edit_by_Xuwu,1,1,1,1
HO_UU_screens,iron_crown_specs,1,1,1,1
HO_UU_screens,jungle_planet,0,2,2,0
HO_UU_screens,lokix_voltturn,0,2,2,0
HO_UU_screens,manaphy,1,1,1,1
HO_UU_screens,mexican_webs,0,2,2,0
HO_UU_screens,mu_fish,2,0,0,2
HO_UU_screens,nu_balance,2,0,0,2
HO_UU_screens,nu_ho,0,2,2,0
HO_UU_screens,nu_offense,1,1,1,1
HO_UU_screens,nu_stall,1,1,1,1
HO_UU_screens,pu_team,2,0,0,2
HO_UU_screens,quagsire_stall,2,0,0,2
HO_UU_screens,sand,1,1,1,1
HO_UU_screens,scarf_latios,1,1,1,1
HO_UU_screens,team_0,1,1,1,1
HO_UU_screens,team_1,1,1,1,1
HO_UU_screens,team_10,0,2,2,0
HO_UU_screens,team_11,2,0,0,2
HO_UU_screens,team_12,0,2,2,0
HO_UU_screens,team_13,1,1,1,1
HO_UU_screens,team_15,1,1,1,1
HO_UU_screens,team_2,1,1,1,1
HO_UU_screens,team_3,0,2,2,0
HO_UU_screens,team_4,1,1,1,1
HO_UU_screens,team_5,1,1,1,1
HO_UU_screens,team_6,1,1,1,1
HO_UU_screens,team_8,2,0,0,2
HO_UU_screens,team_9,1,1,1,1
HO_UU_screens,trick_room,2,0,0,2
HO_UU_screens,zzzzzzzzzu,2,0,0,2
HO_UU_standard,OFF_Ceruledge_Darkrai_Veil_by_oldspicemike,0,2,2,0
HO_UU_standard,OFF_Life_Orb_Raging_Bolt_Offensive_Torkoal_Sun_by_xavgb,1,1,1,1
HO_UU_standard,STA_Removal_Stall_by_saw_war_newnew_edit_by_Xuwu,0,2,2,0
HO_UU_standard,jungle_planet,0,2,2,0
HO_UU_standard,lokix_voltturn,1,1,1,1
HO_UU_standard,mu_fish,1,1,1,1
HO_UU_standard,nu_balance,1,1,1,1
HO_UU_standard,nu_ho,2,0,0,2
HO_UU_standard,nu_offense,1,1,1,1
HO_UU_standard,nu_stall,2,0,0,2
HO_UU_standard,pu_team,2,0,0,2
HO_UU_standard,quagsire_stall,1,1,1,1
HO_UU_standard,team_1,1,1,1,1
HO_UU_standard,team_10,1,1,1,1
HO_UU_standard,team_12,0,2,2,0
HO_UU_standard,team_13,1,1,1,1
HO_UU_standard,trick_room,2,0,0,2
HO_UU_standard,zzzzzzzzzu,1,1,1,1
HO_UU_veil,OFF_Ceruledge_Darkrai_Veil_by_oldspicemike,0,2,2,0
HO_UU_veil,OFF_Life_Orb_Raging_Bolt_Offensive_Torkoal_Sun_by_xavgb,1,1,1,1
HO_UU_veil,STA_Removal_Stall_by_saw_war_newnew_edit_by_Xuwu,2,0,0,2
HO_UU_veil,jungle_planet,1,1,1,1
HO_UU_veil,lokix_voltturn,1,1,1,1
HO_UU_veil,mu_fish,2,0,0,2
HO_UU_veil,nu_balance,2,0,0,2
HO_UU_veil,nu_ho,1,1,1,1
HO_UU_veil,nu_offense,2,0,0,2
HO_UU_veil,nu_stall,2,0,0,2
HO_UU_veil,pu_team,0,2,2,0
HO_UU_veil,quagsire_stall,2,0,0,2
HO_UU_veil,team_1,1,1,1,1
HO_UU_veil,team_10,0,2,2,0
HO_UU_veil,team_12,2,0,0,2
HO_UU_veil,team_13,2,0,0,2
HO_UU_veil,trick_room,2,0,0,2
HO_UU_veil,zzzzzzzzzu,2,0,0,2
HO_webs_fairy,OFF_Ceruledge_Darkrai_Veil_by_oldspicemike,1,1,1,1
HO_webs_fairy,OFF_Life_Orb_Raging_Bolt_Offensive_Torkoal_Sun_by_xavgb,2,0,0,2
HO_webs_fairy,STA_Removal_Stall_by_saw_war_newnew_edit_by_Xuwu,1,1,1,1
HO_webs_fairy,jungle_planet,1,1,1,1
HO_webs_fairy,lokix_voltturn,2,0,0,2
HO_webs_fairy,mu_fish,1,1,1,1
HO_webs_fairy,nu_balance,2,0,0,2
HO_webs_fairy,nu_ho,2,0,0,2
HO_webs_fairy,nu_offense,2,0,0,2
HO_webs_fairy,nu_stall,2,0,0,2
HO_webs_fairy,pu_team,1,1,1,1
HO_webs_fairy,quagsire_stall,2,0,0,2
HO_webs_fairy,team_1,2,0,0,2
HO_webs_fairy,team_10,1,1,1,1
HO_webs_fairy,team_12,2,0,0,2
HO_webs_fairy,team_13,2,0,0,2
HO_webs_fairy,trick_room,2,0,0,2
HO_webs_fairy,zzzzzzzzzu,2,0,0,2
HO_webs_raging,OFF_Ceruledge_Darkrai_Veil_by_oldspicemike,1,1,1,1
HO_webs_raging,OFF_Life_Orb_Raging_Bolt_Offensive_Torkoal_Sun_by_xavgb,1,1,1,1
HO_webs_raging,STA_Removal_Stall_by_saw_war_newnew_edit_by_Xuwu,2,0,0,2
HO_webs_raging,jungle_planet,0,2,2,0
HO_webs_raging,lokix_voltturn,2,0,0,2
HO_webs_raging,mu_fish,2,0,0,2
HO_webs_raging,nu_balance,2,0,0,2
HO_webs_raging,nu_ho,2,0,0,2
HO_webs_raging,nu_offense,2,0,0,2
HO_webs_raging,nu_stall,2,0,0,2
HO_webs_raging,pu_team,2,0,0,2
HO_webs_raging,quagsire_stall,2,0,0,2
HO_webs_raging,team_1,2,0,0,2
HO_webs_raging,team_10,2,0,0,2
HO_webs_raging,team_12,2,0,0,2
HO_webs_raging,team_13,1,1,1,1
HO_webs_raging,trick_room,2,0,0,2
HO_webs_raging,zzzzzzzzzu,2,0,0,2
HO_webs_ribombee,OFF_Ceruledge_Darkrai_Veil_by_oldspicemike,0,2,2,0
HO_webs_ribombee,OFF_Life_Orb_Raging_Bolt_Offensive_Torkoal_Sun_by_xavgb,0,2,2,0
HO_webs_ribombee,STA_Removal_Stall_by_saw_war_newnew_edit_by_Xuwu,2,0,0,2
HO_webs_ribombee,jungle_planet,0,2,2,0
HO_webs_ribombee,lokix_voltturn,1,1,1,1
HO_webs_ribombee,mu_fish,2,0,0,2
HO_webs_ribombee,nu_balance,1,1,1,1
HO_webs_ribombee,nu_ho,2,0,0,2
HO_webs_ribombee,nu_offense,1,1,1,1
HO_webs_ribombee,nu_stall,2,0,0,2
HO_webs_ribombee,pu_team,0,2,2,0
HO_webs_ribombee,quagsire_stall,1,1,1,1
HO_webs_ribombee,team_1,1,1,1,1
HO_webs_ribombee,team_10,1,1,1,1
HO_webs_ribombee,team_12,2,0,0,2
HO_webs_ribombee,team_13,2,0,0,2
HO_webs_ribombee,trick_room,2,0,0,2
HO_webs_ribombee,zzzzzzzzzu,2,0,0,2
HO_webs_veil,OFF_Ceruledge_Darkrai_Veil_by_oldspicemike,1,1,1,1
HO_webs_veil,OFF_Life_Orb_Raging_Bolt_Offensive_Torkoal_Sun_by_xavgb,2,0,0,2
HO_webs_veil,STA_Removal_Stall_by_saw_war_newnew_edit_by_Xuwu,0,2,2,0
HO_webs_veil,jungle_planet,2,0,0,2
HO_webs_veil,lokix_voltturn,2,0,0,2
HO_webs_veil,mu_fish,0,2,2,0
HO_webs_veil,nu_balance,0,2,2,0
HO_webs_veil,nu_ho,2,0,0,2
HO_webs_veil,nu_offense,2,0,0,2
HO_webs_veil,nu_stall,2,0,0,2
HO_webs_veil,pu_team,1,1,1,1
HO_webs_veil,quagsire_stall,1,1,1,1
HO_webs_veil,team_1,1,1,1,1
HO_webs_veil,team_10,2,0,0,2
HO_webs_veil,team_12,1,1,1,1
HO_webs_veil,team_13,0,2,2,0
HO_webs_veil,trick_room,2,0,0,2
HO_webs_veil,zzzzzzzzzu,2,0,0,2
OFF_Ceruledge_Darkrai_Veil_by_oldspicemike,OFF_PREMO,1,1,1,1
OFF_Ceruledge_Darkrai_Veil_by_oldspicemike,OFF_PREMO_MOLTRES,0,2,2,0
OFF_Ceruledge_Darkrai_Veil_by_oldspicemike,OFF_PREMO_OGER,0,2,2,0
OFF_Ceruledge_Darkrai_Veil_by_oldspicemike,OFF_PREMO_analytics_smogon,2,0,0,2
OFF_Ceruledge_Darkrai_Veil_by_oldspicemike,OFF_PREMO_drag,1,1,1,1
OFF_Ceruledge_Darkrai_Veil_by_oldspicemike,OFF_UU_avconk,2,0,0,2
OFF_Ceruledge_Darkrai_Veil_by_oldspicemike,OFF_UU_gzap,2,0,0,2
OFF_Ceruledge_Darkrai_Veil_by_oldspicemike,iron_crown_specs,0,1,1,0
OFF_Ceruledge_Darkrai_Veil_by_oldspicemike,jungle_planet,0,1,1,0
OFF_Ceruledge_Darkrai_Veil_by_oldspicemike,lokix_voltturn,1,0,0,1
OFF_Ceruledge_Darkrai_Veil_by_oldspicemike,manaphy,0,1,1,0
OFF_Ceruledge_Darkrai_Veil_by_oldspicemike,mexican_webs,1,0,0,1
OFF_Ceruledge_Darkrai_Veil_by_oldspicemike,mu_fish,1,0,0,1
OFF_Ceruledge_Darkrai_Veil_by_oldspicemike,nu_balance,1,0,0,1
OFF_Ceruledge_Darkrai_Veil_by_oldspicemike,nu_ho,1,0,0,1
OFF_Ceruledge_Darkrai_Veil_by_oldspicemike,nu_offense,1,0,0,1
OFF_Ceruledge_Darkrai_Veil_by_oldspicemike,nu_stall,1,0,0,1
OFF_Ceruledge_Darkrai_Veil_by_oldspicemike,pu_team,0,1,1,0
OFF_Ceruledge_Darkrai_Veil_by_oldspicemike,quagsire_stall,1,0,0,1
OFF_Ceruledge_Darkrai_Veil_by_oldspicemike,sand,0,1,1,0
OFF_Ceruledge_Darkrai_Veil_by_oldspicemike,scarf_latios,1,0,0,1
OFF_Ceruledge_Darkrai_Veil_by_oldspicemike,team_0,0,1,1,0
OFF_Ceruledge_Darkrai_Veil_by_oldspicemike,team_1,0,1,1,0
OFF_Ceruledge_Darkrai_Veil_by_oldspicemike,team_10,1,0,0,1
OFF_Ceruledge_Darkrai_Veil_by_oldspicemike,team_11,0,1,1,0
OFF_Ceruledge_Darkrai_Veil_by_oldspicemike,team_12,1,0,0,1
OFF_Ceruledge_Darkrai_Veil_by_oldspicemike,team_13,1,0,0,1
OFF_Ceruledge_Darkrai_Veil_by_oldspicemike,team_14,1,0,0,1
OFF_Ceruledge_Darkrai_Veil_by_oldspicemike,team_15,1,0,0,1
OFF_Ceruledge_Darkrai_Veil_by_oldspicemike,team_2,1,0,0,1
OFF_Ceruledge_Darkrai_Veil_by_oldspicemike,team_3,0,1,1,0
OFF_Ceruledge_Darkrai_Veil_by_oldspicemike,team_4,0,1,1,0
OFF_Ceruledge_Darkrai_Veil_by_oldspicemike,team_5,0,1,1,0
OFF_Ceruledge_Darkrai_Veil_by_oldspicemike,team_6,0,1,1,0
OFF_Ceruledge_Darkrai_Veil_by_oldspicemike,team_7,0,1,1,0
OFF_Ceruledge_Darkrai_Veil_by_oldspicemike,team_8,0,1,1,0
OFF_Ceruledge_Darkrai_Veil_by_oldspicemike,team_9,1,0,0,1
OFF_Ceruledge_Darkrai_Veil_by_oldspicemike,trick_room,1,0,0,1
OFF_Ceruledge_Darkrai_Veil_by_oldspicemike,zzzzzzzzzu,1,0,0,1
OFF_Life_Orb_Deoxys_Offense_by_Shaymin_Sky,OFF_UU_avconk,2,0,0,2
OFF_Life_Orb_Deoxys_Offense_by_Shaymin_Sky,OFF_UU_gzap,2,0,0,2
OFF_Life_Orb_Deoxys_Offense_by_Shaymin_Sky,jungle_planet,1,0,0,1
OFF_Life_Orb_Deoxys_Offense_by_Shaymin_Sky,lokix_voltturn,1,0,0,1
OFF_Life_Orb_Deoxys_Offense_by_Shaymin_Sky,mu_fish,1,0,0,1
OFF_Life_Orb_Deoxys_Offense_by_Shaymin_Sky,nu_balance,1,0,0,1
OFF_Life_Orb_Deoxys_Offense_by_Shaymin_Sky,nu_ho,1,0,0,1
OFF_Life_Orb_Deoxys_Offense_by_Shaymin_Sky,nu_offense,1,0,0,1
OFF_Life_Orb_Deoxys_Offense_by_Shaymin_Sky,nu_stall,1,0,0,1
OFF_Life_Orb_Deoxys_Offense_by_Shaymin_Sky,pu_team,1,0,0,1
OFF_Life_Orb_Deoxys_Offense_by_Shaymin_Sky,quagsire_stall,1,0,0,1
OFF_Life_Orb_Deoxys_Offense_by_Shaymin_Sky,team_1,1,0,0,1
OFF_Life_Orb_Deoxys_Offense_by_Shaymin_Sky,team_10,1,0,0,1
OFF_Life_Orb_Deoxys_Offense_by_Shaymin_Sky,team_12,1,0,0,1
OFF_Life_Orb_Deoxys_Offense_by_Shaymin_Sky,team_13,1,0,0,1
OFF_Life_Orb_Deoxys_Offense_by_Shaymin_Sky,trick_room,1,0,0,1
OFF_Life_Orb_Deoxys_Offense_by_Shaymin_Sky,zzzzzzzzzu,1,0,0,1
OFF_Life_Orb_Raging_Bolt_Offensive_Torkoal_Sun_by_xavgb,OFF_PREMO,0,2,2,0
OFF_Life_Orb_Raging_Bolt_Offensive_Torkoal_Sun_by_xavgb,OFF_PREMO_MOLTRES,1,1,1,1
OFF_Life_Orb_Raging_Bolt_Offensive_Torkoal_Sun_by_xavgb,OFF_PREMO_OGER,2,0,0,2
OFF_Life_Orb_Raging_Bolt_Offensive_Torkoal_Sun_by_xavgb,OFF_PREMO_analytics_smogon,1,1,1,1
OFF_Life_Orb_Raging_Bolt_Offensive_Torkoal_Sun_by_xavgb,OFF_PREMO_drag,0,2,2,0
OFF_Life_Orb_Raging_Bolt_Offensive_Torkoal_Sun_by_xavgb,OFF_UU_avconk,1,1,1,1
OFF_Life_Orb_Raging_Bolt_Offensive_Torkoal_Sun_by_xavgb,OFF_UU_gzap,2,0,0,2
OFF_Life_Orb_Raging_Bolt_Offensive_Torkoal_Sun_by_xavgb,iron_crown_specs,0,1,1,0
OFF_Life_Orb_Raging_Bolt_Offensive_Torkoal_Sun_by_xavgb,jungle_planet,0,1,1,0
OFF_Life_Orb_Raging_Bolt_Offensive_Torkoal_Sun_by_xavgb,lokix_voltturn,0,1,1,0
OFF_Life_Orb_Raging_Bolt_Offensive_Torkoal_Sun_by_xavgb,manaphy,0,1,1,0
OFF_Life_Orb_Raging_Bolt_Offensive_Torkoal_Sun_by_xavgb,mexican_webs,0,1,1,0
OFF_Life_Orb_Raging_Bolt_Offensive_Torkoal_Sun_by_xavgb,mu_fish,0,1,1,0
OFF_Life_Orb_Raging_Bolt_Offensive_Torkoal_Sun_by_xavgb,nu_balance,1,0,0,1
OFF_Life_Orb_Raging_Bolt_Offensive_Torkoal_Sun_by_xavgb,nu_ho,0,1,1,0
OFF_Life_Orb_Raging_Bolt_Offensive_Torkoal_Sun_by_xavgb,nu_offense,1,0,0,1
OFF_Life_Orb_Raging_Bolt_Offensive_Torkoal_Sun_by_xavgb,nu_stall,1,0,0,1
OFF_Life_Orb_Raging_Bolt_Offensive_Torkoal_Sun_by_xavgb,pu_team,0,1,1,0
OFF_Life_Orb_Raging_Bolt_Offensive_Torkoal_Sun_by_xavgb,quagsire_stall,1,0,0,1
OFF_Life_Orb_Raging_Bolt_Offensive_Torkoal_Sun_by_xavgb,sand,1,0,0,1
OFF_Life_Orb_Raging_Bolt_Offensive_Torkoal_Sun_by_xavgb,scarf_latios,0,1,1,0
OFF_Life_Orb_Raging_Bolt_Offensive_Torkoal_Sun_by_xavgb,team_0,1,0,0,1
OFF_Life_Orb_Raging_Bolt_Offensive_Torkoal_Sun_by_xavgb,team_1,1,0,0,1
OFF_Life_Orb_Raging_Bolt_Offensive_Torkoal_Sun_by_xavgb,team_10,0,1,1,0
OFF_Life_Orb_Raging_Bolt_Offensive_Torkoal_Sun_by_xavgb,team_11,0,1,1,0
OFF_Life_Orb_Raging_Bolt_Offensive_Torkoal_Sun_by_xavgb,team_12,0,1,1,0
OFF_Life_Orb_Raging_Bolt_Offensive_Torkoal_Sun_by_xavgb,team_13,1,0,0,1
OFF_Life_Orb_Raging_Bolt_Offensive_Torkoal_Sun_by_xavgb,team_14,0,1,1,0
OFF_Life_Orb_Raging_Bolt_Offensive_Torkoal_Sun_by_xavgb,team_15,1,0,0,1
OFF_Life_Orb_Raging_Bolt_Offensive_Torkoal_Sun_by_xavgb,team_2,0,1,1,0
OFF_Life_Orb_Raging_Bolt_Offensive_Torkoal_Sun_by_xavgb,team_3,0,1,1,0
OFF_Life_Orb_Raging_Bolt_Offensive_Torkoal_Sun_by_xavgb,team_4,1,0,0,1
OFF_Life_Orb_Raging_Bolt_Offensive_Torkoal_Sun_by_xavgb,team_5,0,1,1,0
OFF_Life_Orb_Raging_Bolt_Offensive_Torkoal_Sun_by_xavgb,team_6,0,1,1,0
OFF_Life_Orb_Raging_Bolt_Offensive_Torkoal_Sun_by_xavgb,team_7,0,1,1,0
OFF_Life_Orb_Raging_Bolt_Offensive_Torkoal_Sun_by_xavgb,team_8,0,1,1,0
OFF_Life_Orb_Raging_Bolt_Offensive_Torkoal_Sun_by_xavgb,team_9,0,1,1,0
OFF_Life_Orb_Raging_Bolt_Offensive_Torkoal_Sun_by_xavgb,trick_room,0,1,1,0
OFF_Life_Orb_Raging_Bolt_Offensive_Torkoal_Sun_by_xavgb,zzzzzzzzzu,0,1,1,0
OFF_Nasty_Plot_Tornadus-T_Offense_by_Vert_and_Giannis_Antetokommo-o,jungle_planet,0,1,1,0
OFF_Nasty_Plot_Tornadus-T_Offense_by_Vert_and_Giannis_Antetokommo-o,lokix_voltturn,1,0,0,1
OFF_Nasty_Plot_Tornadus-T_Offense_by_Vert_and_Giannis_Antetokommo-o,mu_fish,1,0,0,1
OFF_Nasty_Plot_Tornadus-T_Offense_by_Vert_and_Giannis_Antetokommo-o,nu_balance,1,0,0,1
OFF_Nasty_Plot_Tornadus-T_Offense_by_Vert_and_Giannis_Antetokommo-o,nu_ho,1,0,0,1
OFF_Nasty_Plot_Tornadus-T_Offense_by_Vert_and_Giannis_Antetokommo-o,nu_offense,1,0,0,1
OFF_Nasty_Plot_Tornadus-T_Offense_by_Vert_and_Giannis_Antetokommo-o,nu_stall,1,0,0,1
OFF_Nasty_Plot_Tornadus-T_Offense_by_Vert_and_Giannis_Antetokommo-o,pu_team,1,0,0,1
OFF_Nasty_Plot_Tornadus-T_Offense_by_Vert_and_Giannis_Antetokommo-o,quagsire_stall,1,0,0,1
OFF_Nasty_Plot_Tornadus-T_Offense_by_Vert_and_Giannis_Antetokommo-o,team_1,0,1,1,0
OFF_Nasty_Plot_Tornadus-T_Offense_by_Vert_and_Giannis_Antetokommo-o,team_10,1,0,0,1
OFF_Nasty_Plot_Tornadus-T_Offense_by_Vert_and_Giannis_Antetokommo-o,team_12,1,0,0,1
OFF_Nasty_Plot_Tornadus-T_Offense_by_Vert_and_Giannis_Antetokommo-o,team_13,1,0,0,1
OFF_Nasty_Plot_Tornadus-T_Offense_by_Vert_and_Giannis_Antetokommo-o,trick_room,0,1,1,0
OFF_Nasty_Plot_Tornadus-T_Offense_by_Vert_and_Giannis_Antetokommo-o,zzzzzzzzzu,1,0,0,1
OFF_Ninetales_Life_Orb_Raging_Bolt_Sun_by_Vert,OFF_UU_avconk,1,1,1,1
OFF_Ninetales_Life_Orb_Raging_Bolt_Sun_by_Vert,OFF_UU_gzap,2,0,0,2
OFF_Ninetales_Life_Orb_Raging_Bolt_Sun_by_Vert,jungle_planet,0,1,1,0
OFF_Ninetales_Life_Orb_Raging_Bolt_Sun_by_Vert,lokix_voltturn,1,0,0,1
OFF_Ninetales_Life_Orb_Raging_Bolt_Sun_by_Vert,mu_fish,1,0,0,1
OFF_Ninetales_Life_Orb_Raging_Bolt_Sun_by_Vert,nu_balance,1,0,0,1
OFF_Ninetales_Life_Orb_Raging_Bolt_Sun_by_Vert,nu_ho,1,0,0,1
OFF_Ninetales_Life_Orb_Raging_Bolt_Sun_by_Vert,nu_offense,1,0,0,1
OFF_Ninetales_Life_Orb_Raging_Bolt_Sun_by_Vert,nu_stall,1,0,0,1
OFF_Ninetales_Life_Orb_Raging_Bolt_Sun_by_Vert,pu_team,0,1,1,0
OFF_Ninetales_Life_Orb_Raging_Bolt_Sun_by_Vert,quagsire_stall,1,0,0,1
OFF_Ninetales_Life_Orb_Raging_Bolt_Sun_by_Vert,team_1,0,1,1,0
OFF_Ninetales_Life_Orb_Raging_Bolt_Sun_by_Vert,team_10,1,0,0,1
OFF_Ninetales_Life_Orb_Raging_Bolt_Sun_by_Vert,team_12,1,0,0,1
OFF_Ninetales_Life_Orb_Raging_Bolt_Sun_by_Vert,team_13,0,1,1,0
OFF_Ninetales_Life_Orb_Raging_Bolt_Sun_by_Vert,trick_room,1,0,0,1
OFF_Ninetales_Life_Orb_Raging_Bolt_Sun_by_Vert,zzzzzzzzzu,0,1,1,0
OFF_PREMO,OFF_UU_avconk,1,1,1,1
OFF_PREMO,OFF_UU_gzap,1,1,1,1
OFF_PREMO,STA_Removal_Stall_by_saw_war_newnew_edit_by_Xuwu,2,0,0,2
OFF_PREMO,jungle_planet,1,1,1,1
OFF_PREMO,lokix_voltturn,2,0,0,2
OFF_PREMO,mu_fish,2,0,0,2
OFF_PREMO,nu_balance,1,1,1,1
OFF_PREMO,nu_ho,2,0,0,2
OFF_PREMO,nu_offense,2,0,0,2
OFF_PREMO,nu_stall,1,1,1,1
OFF_PREMO,pu_team,2,0,0,2
OFF_PREMO,quagsire_stall,2,0,0,2
OFF_PREMO,team_1,1,1,1,1
OFF_PREMO,team_10,0,2,2,0
OFF_PREMO,team_12,0,2,2,0
OFF_PREMO,team_13,1,1,1,1
OFF_PREMO,trick_room,2,0,0,2
OFF_PREMO,zzzzzzzzzu,2,0,0,2
OFF_PREMO_MOLTRES,OFF_UU_avconk,2,0,0,2
OFF_PREMO_MOLTRES,OFF_UU_gzap,2,0,0,2
OFF_PREMO_MOLTRES,STA_Removal_Stall_by_saw_war_newnew_edit_by_Xuwu,2,0,0,2
OFF_PREMO_MOLTRES,jungle_planet,1,1,1,1
OFF_PREMO_MOLTRES,lokix_voltturn,1,1,1,1
OFF_PREMO_MOLTRES,mu_fish,2,0,0,2
OFF_PREMO_MOLTRES,nu_balance,2,0,0,2
OFF_PREMO_MOLTRES,nu_ho,2,0,0,2
OFF_PREMO_MOLTRES,nu_offense,2,0,0,2
OFF_PREMO_MOLTRES,nu_stall,2,0,0,2
OFF_PREMO_MOLTRES,pu_team,2,0,0,2
OFF_PREMO_MOLTRES,quagsire_stall,2,0,0,2
OFF_PREMO_MOLTRES,team_1,1,1,1,1
OFF_PREMO_MOLTRES,team_10,2,0,0,2
OFF_PREMO_MOLTRES,team_12,2,0,0,2
OFF_PREMO_MOLTRES,team_13,0,2,2,0
OFF_PREMO_MOLTRES,trick_room,2,0,0,2
OFF_PREMO_MOLTRES,zzzzzzzzzu,2,0,0,2
OFF_PREMO_OGER,OFF_UU_avconk,2,0,0,2
OFF_PREMO_OGER,OFF_UU_gzap,2,0,0,2
OFF_PREMO_OGER,STA_Removal_Stall_by_saw_war_newnew_edit_by_Xuwu,1,1,1,1
OFF_PREMO_OGER,jungle_planet,1,1,1,1
OFF_PREMO_OGER,lokix_voltturn,2,0,0,2
OFF_PREMO_OGER,mu_fish,2,0,0,2
OFF_PREMO_OGER,nu_balance,1,1,1,1
OFF_PREMO_OGER,nu_ho,1,1,1,1
OFF_PREMO_OGER,nu_offense,2,0,0,2
OFF_PREMO_OGER,nu_stall,2,0,0,2
OFF_PREMO_OGER,pu_team,2,0,0,2
OFF_PREMO_OGER,quagsire_stall,2,0,0,2
OFF_PREMO_OGER,team_1,2,0,0,2
OFF_PREMO_OGER,team_10,2,0,0,2
OFF_PREMO_OGER,team_12,2,0,0,2
OFF_PREMO_OGER,team_13,1,1,1,1
OFF_PREMO_OGER,trick_room,2,0,0,2
OFF_PREMO_OGER,zzzzzzzzzu,2,0,0,2
OFF_PREMO_analytics_smogon,OFF_UU_avconk,2,0,0,2
OFF_PREMO_analytics_smogon,OFF_UU_gzap,2,0,0,2
OFF_PREMO_analytics_smogon,STA_Removal_Stall_by_saw_war_newnew_edit_by_Xuwu,0,2,2,0
OFF_PREMO_analytics_smogon,jungle_planet,2,0,0,2
OFF_PREMO_analytics_smogon,lokix_voltturn,0,2,2,0
OFF_PREMO_analytics_smogon,mu_fish,2,0,0,2
OFF_PREMO_analytics_smogon,nu_balance,1,1,1,1
OFF_PREMO_analytics_smogon,nu_ho,2,0,0,2
OFF_PREMO_analytics_smogon,nu_offense,2,0,0,2
OFF_PREMO_analytics_smogon,nu_stall,2,0,0,2
OFF_PREMO_analytics_smogon,pu_team,2,0,0,2
OFF_PREMO_analytics_smogon,quagsire_stall,2,0,0,2
OFF_PREMO_analytics_smogon,team_1,2,0,0,2
OFF_PREMO_analytics_smogon,team_10,2,0,0,2
OFF_PREMO_analytics_smogon,team_12,2,0,0,2
OFF_PREMO_analytics_smogon,team_13,0,2,2,0
OFF_PREMO_analytics_smogon,trick_room,2,0,0,2
OFF_PREMO_analytics_smogon,zzzzzzzzzu,2,0,0,2
OFF_PREMO_drag,OFF_UU_avconk,2,0,0,2
OFF_PREMO_drag,OFF_UU_gzap,0,2,2,0
OFF_PREMO_drag,STA_Removal_Stall_by_saw_war_newnew_edit_by_Xuwu,1,1,1,1
OFF_PREMO_drag,jungle_planet,0,2,2,0
OFF_PREMO_drag,lokix_voltturn,2,0,0,2
OFF_PREMO_drag,mu_fish,1,1,1,1
OFF_PREMO_drag,nu_balance,2,0,0,2
OFF_PREMO_drag,nu_ho,2,0,0,2
OFF_PREMO_drag,nu_offense,2,0,0,2
OFF_PREMO_drag,nu_stall,2,0,0,2
OFF_PREMO_drag,pu_team,2,0,0,2
OFF_PREMO_drag,quagsire_stall,2,0,0,2
OFF_PREMO_drag,team_1,2,0,0,2
OFF_PREMO_drag,team_10,2,0,0,2
OFF_PREMO_drag,team_12,2,0,0,2
OFF_PREMO_drag,team_13,0,2,2,0
OFF_PREMO_drag,trick_room,2,0,0,2
OFF_PREMO_drag,zzzzzzzzzu,2,0,0,2
OFF_Taunt_Ogerpon-W_Specs_Dragapult_Offense_by_xavgb,OFF_UU_avconk,2,0,0,2
OFF_Taunt_Ogerpon-W_Specs_Dragapult_Offense_by_xavgb,OFF_UU_gzap,2,0,0,2
OFF_Taunt_Ogerpon-W_Specs_Dragapult_Offense_by_xavgb,jungle_planet,0,1,1,0
OFF_Taunt_Ogerpon-W_Specs_Dragapult_Offense_by_xavgb,lokix_voltturn,1,0,0,1
OFF_Taunt_Ogerpon-W_Specs_Dragapult_Offense_by_xavgb,mu_fish,1,0,0,1
OFF_Taunt_Ogerpon-W_Specs_Dragapult_Offense_by_xavgb,nu_balance,1,0,0,1
OFF_Taunt_Ogerpon-W_Specs_Dragapult_Offense_by_xavgb,nu_ho,1,0,0,1
OFF_Taunt_Ogerpon-W_Specs_Dragapult_Offense_by_xavgb,nu_offense,1,0,0,1
OFF_Taunt_Ogerpon-W_Specs_Dragapult_Offense_by_xavgb,nu_stall,1,0,0,1
OFF_Taunt_Ogerpon-W_Specs_Dragapult_Offense_by_xavgb,pu_team,1,0,0,1
OFF_Taunt_Ogerpon-W_Specs_Dragapult_Offense_by_xavgb,quagsire_stall,1,0,0,1
OFF_Taunt_Ogerpon-W_Specs_Dragapult_Offense_by_xavgb,team_1,0,1,1,0
OFF_Taunt_Ogerpon-W_Specs_Dragapult_Offense_by_xavgb,team_10,1,0,0,1
OFF_Taunt_Ogerpon-W_Specs_Dragapult_Offense_by_xavgb,team_12,1,0,0,1
OFF_Taunt_Ogerpon-W_Specs_Dragapult_Offense_by_xavgb,team_13,1,0,0,1
OFF_Taunt_Ogerpon-W_Specs_Dragapult_Offense_by_xavgb,trick_room,1,0,0,1
OFF_Taunt_Ogerpon-W_Specs_Dragapult_Offense_by_xavgb,zzzzzzzzzu,1,0,0,1
OFF_UU_avconk,STA_Removal_Stall_by_saw_war_newnew_edit_by_Xuwu,2,0,0,2
OFF_UU_avconk,iron_crown_specs,0,2,2,0
OFF_UU_avconk,jungle_planet,1,1,1,1
OFF_UU_avconk,lokix_voltturn,0,2,2,0
OFF_UU_avconk,manaphy,1,1,1,1
OFF_UU_avconk,mexican_webs,0,2,2,0
OFF_UU_avconk,mu_fish,0,2,2,0
OFF_UU_avconk,nu_balance,2,0,0,2
OFF_UU_avconk,nu_ho,2,0,0,2
OFF_UU_avconk,nu_offense,1,1,1,1
OFF_UU_avconk,nu_stall,2,0,0,2
OFF_UU_avconk,pu_team,0,2,2,0
OFF_UU_avconk,quagsire_stall,2,0,0,2
OFF_UU_avconk,sand,1,1,1,1
OFF_UU_avconk,scarf_latios,0,2,2,0
OFF_UU_avconk,team_0,0,2,2,0
OFF_UU_avconk,team_1,0,2,2,0
OFF_UU_avconk,team_10,0,2,2,0
OFF_UU_avconk,team_11,1,1,1,1
OFF_UU_avconk,team_12,2,0,0,2
OFF_UU_avconk,team_13,1,1,1,1
OFF_UU_avconk,team_15,2,0,0,2
OFF_UU_avconk,team_2,1,1,1,1
OFF_UU_avconk,team_3,0,2,2,0
OFF_UU_avconk,team_4,0,2,2,0
OFF_UU_avconk,team_5,2,0,0,2
OFF_UU_avconk,team_6,1,1,1,1
OFF_UU_avconk,team_8,1,1,1,1
OFF_UU_avconk,team_9,0,2,2,0
OFF_UU_avconk,trick_room,1,1,1,1
OFF_UU_avconk,zzzzzzzzzu,2,0,0,2
OFF_UU_gzap,STA_Removal_Stall_by_saw_war_newnew_edit_by_Xuwu,2,0,0,2
OFF_UU_gzap,iron_crown_specs,2,0,0,2
OFF_UU_gzap,jungle_planet,1,1,1,1
OFF_UU_gzap,lokix_voltturn,2,0,0,2
OFF_UU_gzap,manaphy,1,1,1,1
OFF_UU_gzap,mexican_webs,0,2,2,0
OFF_UU_gzap,mu_fish,1,1,1,1
OFF_UU_gzap,nu_balance,0,2,2,0
OFF_UU_gzap,nu_ho,2,0,0,2
OFF_UU_gzap,nu_offense,1,1,1,1
OFF_UU_gzap,nu_stall,2,0,0,2
OFF_UU_gzap,pu_team,2,0,0,2
OFF_UU_gzap,quagsire_stall,1,1,1,1
OFF_UU_gzap,sand,0,2,2,0
OFF_UU_gzap,scarf_latios,0,2,2,0
OFF_UU_gzap,team_0,1,1,1,1
OFF_UU_gzap,team_1,0,2,2,0
OFF_UU_gzap,team_10,1,1,1,1
OFF_UU_gzap,team_11,1,1,1,1
OFF_UU_gzap,team_12,1,1,1,1
OFF_UU_gzap,team_13,0,2,2,0
OFF_UU_gzap,team_15,1,1,1,1
OFF_UU_gzap,team_2,2,0,0,2
OFF_UU_gzap,team_3,1,1,1,1
OFF_UU_gzap,team_4,1,1,1,1
OFF_UU_gzap,team_5,1,1,1,1
OFF_UU_gzap,team_6,0,2,2,0
OFF_UU_gzap,team_8,0,2,2,0
OFF_UU_gzap,team_9,2,0,0,2
OFF_UU_gzap,trick_room,1,1,1,1
OFF_UU_gzap,zzzzzzzzzu,2,0,0,2
STA_Removal_Stall_by_saw_war_newnew_edit_by_Xuwu,iron_crown_specs,0,1,1,0
STA_Removal_Stall_by_saw_war_newnew_edit_by_Xuwu,jungle_planet,0,1,1,0
STA_Removal_Stall_by_saw_war_newnew_edit_by_Xuwu,lokix_voltturn,1,0,0,1
STA_Removal_Stall_by_saw_war_newnew_edit_by_Xuwu,manaphy,1,0,0,1
STA_Removal_Stall_by_saw_war_newnew_edit_by_Xuwu,mexican_webs,0,1,1,0
STA_Removal_Stall_by_saw_war_newnew_edit_by_Xuwu,mu_fish,0,1,1,0
STA_Removal_Stall_by_saw_war_newnew_edit_by_Xuwu,nu_balance,0,1,1,0
STA_Removal_Stall_by_saw_war_newnew_edit_by_Xuwu,nu_ho,1,0,0,1
STA_Removal_Stall_by_saw_war_newnew_edit_by_Xuwu,nu_offense,1,0,0,1
STA_Removal_Stall_by_saw_war_newnew_edit_by_Xuwu,nu_stall,1,0,0,1
STA_Removal_Stall_by_saw_war_newnew_edit_by_Xuwu,pu_team,0,1,1,0
STA_Removal_Stall_by_saw_war_newnew_edit_by_Xuwu,quagsire_stall,0,1,1,0
STA_Removal_Stall_by_saw_war_newnew_edit_by_Xuwu,sand,0,1,1,0
STA_Removal_Stall_by_saw_war_newnew_edit_by_Xuwu,scarf_latios,0,1,1,0
STA_Removal_Stall_by_saw_war_newnew_edit_by_Xuwu,team_0,1,0,0,1
STA_Removal_Stall_by_saw_war_newnew_edit_by_Xuwu,team_1,1,0,0,1
STA_Removal_Stall_by_saw_war_newnew_edit_by_Xuwu,team_10,1,0,0,1
STA_Removal_Stall_by_saw_war_newnew_edit_by_Xuwu,team_11,1,0,0,1
STA_Removal_Stall_by_saw_war_newnew_edit_by_Xuwu,team_12,0,1,1,0
STA_Removal_Stall_by_saw_war_newnew_edit_by_Xuwu,team_13,0,1,1,0
STA_Removal_Stall_by_saw_war_newnew_edit_by_Xuwu,team_14,0,1,1,0
STA_Removal_Stall_by_saw_war_newnew_edit_by_Xuwu,team_15,0,1,1,0
STA_Removal_Stall_by_saw_war_newnew_edit_by_Xuwu,team_2,1,0,0,1
STA_Removal_Stall_by_saw_war_newnew_edit_by_Xuwu,team_3,0,1,1,0
STA_Removal_Stall_by_saw_war_newnew_edit_by_Xuwu,team_4,0,1,1,0
STA_Removal_Stall_by_saw_war_newnew_edit_by_Xuwu,team_5,0,1,1,0
STA_Removal_Stall_by_saw_war_newnew_edit_by_Xuwu,team_6,1,0,0,1
STA_Removal_Stall_by_saw_war_newnew_edit_by_Xuwu,team_7,1,0,0,1
STA_Removal_Stall_by_saw_war_newnew_edit_by_Xuwu,team_8,0,1,1,0
STA_Removal_Stall_by_saw_war_newnew_edit_by_Xuwu,team_9,0,1,1,0
STA_Removal_Stall_by_saw_war_newnew_edit_by_Xuwu,trick_room,1,0,0,1
STA_Removal_Stall_by_saw_war_newnew_edit_by_Xuwu,zzzzzzzzzu,1,0,0,1
OFF_PREMO_drag,OFF_PREMO_gliscor,14,11,11,14
OFF_PREMO_gliscor,team_0,15,10,10,15
team_100000,team_10012,1,2,2,1
team_100000,team_10022,2,1,1,2
team_100000,team_10039,0,3,3,0
team_100000,team_100658,1,2,2,1
team_100000,team_100947,1,2,2,1
team_100000,team_100954,1,2,2,1
team_100000,team_100956,0,3,3,0
team_100000,team_10100,0,3,3,0
team_100000,team_101037,1,2,2,1
team_100000,team_101079,1,2,2,1
team_100000,team_101104,2,1,1,2
team_100000,team_101143,0,3,3,0
team_100000,team_101205,0,3,3,0
team_100000,team_101256,0,3,3,0
team_100000,team_101318,1,2,2,1
team_100000,team_101361,1,2,2,1
team_100000,team_101375,0,3,3,0
team_100000,team_10163,0,3,3,0
team_100000,team_101738,2,1,1,2
team_100000,team_101766,1,2,2,1
team_100000,team_101954,1,2,2,1
team_100000,team_102100,2,1,1,2
team_100000,team_102154,2,1,1,2
team_100000,team_102213,2,1,1,2
team_100000,team_102270,3,0,0,3
team_100000,team_102360,0,3,3,0
team_100000,team_102568,2,1,1,2
team_100000,team_102622,1,2,2,1
team_100000,team_10265,1,2,2,1
team_100000,team_102759,0,3,3,0
team_100000,team_102796,2,1,1,2
team_100000,team_102808,0,3,3,0
team_100000,team_102917,2,1,1,2
team_100000,team_102940,1,2,2,1
team_10012,team_10022,2,1,1,2
team_10012,team_10039,2,1,1,2
team_10012,team_100658,2,1,1,2
team_10012,team_100947,3,0,0,3
team_10012,team_100954,1,2,2,1
team_10012,team_100956,1,2,2,1
team_10012,team_10100,2,1,1,2
team_10012,team_101037,3,0,0,3
team_10012,team_101079,1,2,2,1
team_10012,team_101104,1,2,2,1
team_10012,team_101143,3,0,0,3
team_10012,team_101205,2,1,1,2
team_10012,team_101256,1,2,2,1
team_10012,team_101318,3,0,0,3
team_10012,team_101361,2,1,1,2
team_10012,team_101375,0,3,3,0
team_10012,team_10163,3,0,0,3
team_10012,team_101738,2,1,1,2
team_10012,team_101766,2,1,1,2
team_10012,team_101954,3,0,0,3
team_10012,team_102100,1,2,2,1
team_10012,team_102154,3,0,0,3
team_10012,team_102213,3,0,0,3
team_10012,team_102270,1,2,2,1
team_10012,team_102360,3,0,0,3
team_10012,team_102568,3,0,0,3
team_10012,team_102622,3,0,0,3
team_10012,team_10265,0,3,3,0
team_10012,team_102759,3,0,0,3
team_10012,team_102796,2,1,1,2
team_10012,team_102808,2,1,1,2
team_10012,team_102917,2,1,1,2
team_10012,team_102940,2,1,1,2
team_10022,team_10039,1,2,2,1
team_10022,team_100658,1,2,2,1
team_10022,team_100947,1,2,2,1
team_10022,team_100954,1,2,2,1
team_10022,team_100956,1,2,2,1
team_10022,team_10100,1,2,2,1
team_10022,team_101037,1,2,2,1
team_10022,team_101079,2,1,1,2
team_10022,team_101104,3,0,0,3
team_10022,team_101143,1,2,2,1
team_10022,team_101205,2,1,1,2
team_10022,team_101256,0,3,3,0
team_10022,team_101318,3,0,0,3
team_10022,team_101361,1,2,2,1
team_10022,team_101375,1,2,2,1
team_10022,team_10163,0,3,3,0
team_10022,team_101738,2,1,1,2
team_10022,team_101766,0,3,3,0
team_10022,team_101954,2,1,1,2
team_10022,team_102100,1,2,2,1
team_10022,team_102154,2,1,1,2
team_10022,team_102213,2,1,1,2
team_10022,team_102270,1,2,2,1
team_10022,team_102360,0,3,3,0
team_10022,team_102568,2,1,1,2
team_10022,team_102622,2,1,1,2
team_10022,team_10265,2,1,1,2
team_10022,team_102759,1,2,2,1
team_10022,team_102796,0,3,3,0
team_10022,team_102808,3,0,0,3
team_10022,team_102917,1,2,2,1
team_10022,team_102940,1,2,2,1
team_10039,team_100658,2,1,1,2
team_10039,team_100947,1,2,2,1
team_10039,team_100954,3,0,0,3
team_10039,team_100956,1,2,2,1
team_10039,team_10100,2,1,1,2
team_10039,team_101037,1,2,2,1
team_10039,team_101079,1,2,2,1
team_10039,team_101104,1,2,2,1
team_10039,team_101143,0,3,3,0
team_10039,team_101205,1,2,2,1
team_10039,team_101256,3,0,0,3
team_10039,team_101318,0,3,3,0
team_10039,team_101361,2,1,1,2
team_10039,team_101375,1,2,2,1
team_10039,team_10163,2,1,1,2
team_10039,team_101738,3,0,0,3
team_10039,team_101766,1,2,2,1
team_10039,team_101954,2,1,1,2
team_10039,team_102100,3,0,0,3
team_10039,team_102154,2,1,1,2
team_10039,team_102213,2,1,1,2
team_10039,team_102270,2,1,1,2
team_10039,team_102360,1,2,2,1
team_10039,team_102568,3,0,0,3
team_10039,team_102622,3,0,0,3
team_10039,team_10265,3,0,0,3
team_10039,team_102759,3,0,0,3
team_10039,team_102796,0,3,3,0
team_10039,team_102808,2,1,1,2
team_10039,team_102917,1,2,2,1
team_10039,team_102940,3,0,0,3
team_100658,team_100947,1,2,2,1
team_100658,team_100954,3,0,0,3
team_100658,team_100956,2,1,1,2
team_100658,team_10100,0,3,3,0
team_100658,team_101037,3,0,0,3
team_100658,team_101079,1,2,2,1
team_100658,team_101104,1,2,2,1
team_100658,team_101143,3,0,0,3
team_100658,team_101205,2,1,1,2
team_100658,team_101256,2,1,1,2
team_100658,team_101318,0,3,3,0
team_100658,team_101361,2,1,1,2
team_100658,team_101375,0,3,3,0
team_100658,team_10163,0,3,3,0
team_100658,team_101738,1,2,2,1
team_100658,team_101766,1,2,2,1
team_100658,team_101954,1,2,2,1
team_100658,team_102100,1,2,2,1
team_100658,team_102154,3,0,0,3
team_100658,team_102213,1,2,2,1
team_100658,team_102270,2,1,1,2
team_100658,team_102360,1,2,2,1
team_100658,team_102568,3,0,0,3
team_100658,team_102622,1,2,2,1
team_100658,team_10265,2,1,1,2
team_100658,team_102759,1,2,2,1
team_100658,team_102796,2,1,1,2
team_100658,team_102808,1,2,2,1
team_100658,team_102917,1,2,2,1
team_100658,team_102940,3,0,0,3
team_100947,team_100954,2,1,1,2
team_100947,team_100956,0,3,3,0
team_100947,team_10100,0,3,3,0
team_100947,team_101037,1,2,2,1
team_100947,team_101079,0,3,3,0
team_100947,team_101104,0,3,3,0
team_100947,team_101143,0,3,3,0
team_100947,team_101205,1,2,2,1
team_100947,team_101256,2,1,1,2
team_100947,team_101318,2,1,1,2
team_100947,team_101361,1,2,2,1
team_100947,team_101375,1,2,2,1
team_100947,team_10163,2,1,1,2
team_100947,team_101738,1,2,2,1
team_100947,team_101766,2,1,1,2
team_100947,team_101954,1,2,2,1
team_100947,team_102100,2,1,1,2
team_100947,team_102154,3,0,0,3
team_100947,team_102213,1,2,2,1
team_100947,team_102270,1,2,2,1
team_100947,team_102360,1,2,2,1
team_100947,team_102568,2,1,1,2
team_100947,team_102622,1,2,2,1
team_100947,team_10265,2,1,1,2
team_100947,team_102759,1,2,2,1
team_100947,team_102796,1,2,2,1
team_100947,team_102808,3,0,0,3
team_100947,team_102917,0,3,3,0
team_100947,team_102940,0,3,3,0
team_100954,team_100956,0,3,3,0
team_100954,team_10100,2,1,1,2
team_100954,team_101037,2,1,1,2
team_100954,team_101079,0,3,3,0
team_100954,team_101104,1,2,2,1
team_100954,team_101143,2,1,1,2
team_100954,team_101205,1,2,2,1
team_100954,team_101256,2,1,1,2
team_100954,team_101318,2,1,1,2
team_100954,team_101361,0,3,3,0
team_100954,team_101375,3,0,0,3
team_100954,team_10163,2,1,1,2
team_100954,team_101738,3,0,0,3
team_100954,team_101766,1,2,2,1
team_100954,team_101954,3,0,0,3
team_100954,team_102100,1,2,2,1
team_100954,team_102154,2,1,1,2
team_100954,team_102213,1,2,2,1
team_100954,team_102270,3,0,0,3
team_100954,team_102360,1,2,2,1
team_100954,team_102568,2,1,1,2
team_100954,team_102622,2,1,1,2
team_100954,team_10265,2,1,1,2
team_100954,team_102759,1,2,2,1
team_100954,team_102796,1,2,2,1
team_100954,team_102808,0,3,3,0
team_100954,team_102917,1,2,2,1
team_100954,team_102940,2,1,1,2
team_100956,team_10100,1,2,2,1
team_100956,team_101037,2,1,1,2
team_100956,team_101079,1,2,2,1
team_100956,team_101104,1,2,2,1
team_100956,team_101143,0,3,3,0
team_100956,team_101205,2,1,1,2
team_100956,team_101256,1,2,2,1
team_100956,team_101318,2,1,1,2
team_100956,team_101361,2,1,1,2
team_100956,team_101375,3,0,0,3
team_100956,team_10163,2,1,1,2
team_100956,team_101738,2,1,1,2
team_100956,team_101766,2,1,1,2
team_100956,team_101954,3,0,0,3
team_100956,team_102100,2,1,1,2
team_100956,team_102154,3,0,0,3
team_100956,team_102213,1,2,2,1
team_100956,team_102270,3,0,0,3
team_100956,team_102360,2,1,1,2
team_100956,team_102568,3,0,0,3
team_100956,team_102622,1,2,2,1
team_100956,team_10265,1,2,2,1
team_100956,team_102759,0,3,3,0
team_100956,team_102796,0,3,3,0
team_100956,team_102808,3,0,0,3
team_100956,team_102917,1,2,2,1
team_100956,team_102940,1,2,2,1
team_10100,team_101037,1,2,2,1
team_10100,team_101079,2,1,1,2
team_10100,team_101104,3,0,0,3
team_10100,team_101143,2,1,1,2
team_10100,team_101205,2,1,1,2
team_10100,team_101256,2,1,1,2
team_10100,team_101318,2,1,1,2
team_10100,team_101361,3,0,0,3
team_10100,team_101375,2,1,1,2
team_10100,team_10163,2,1,1,2
team_10100,team_101738,3,0,0,3
team_10100,team_101766,2,1,1,2
team_10100,team_101954,2,1,1,2
team_10100,team_102100,3,0,0,3
team_10100,team_102154,2,1,1,2
team_10100,team_102213,3,0,0,3
team_10100,team_102270,3,0,0,3
team_10100,team_102360,0,3,3,0
team_10100,team_102568,1,2,2,1
team_10100,team_102622,2,1,1,2
team_10100,team_10265,3,0,0,3
team_10100,team_102759,2,1,1,2
team_10100,team_102796,1,2,2,1
team_10100,team_102808,3,0,0,3
team_10100,team_102917,2,1,1,2
team_10100,team_102940,1,2,2,1
team_101037,team_101079,3,0,0,3
team_101037,team_101104,3,0,0,3
team_101037,team_101143,1,2,2,1
team_101037,team_101205,1,2,2,1
team_101037,team_101256,2,1,1,2
team_101037,team_101318,2,1,1,2
team_101037,team_101361,1,2,2,1
team_101037,team_101375,1,2,2,1
team_101037,team_10163,2,1,1,2
team_101037,team_101738,1,2,2,1
team_101037,team_101766,0,3,3,0
team_101037,team_101954,2,1,1,2
team_101037,team_102100,2,1,1,2
team_101037,team_102154,3,0,0,3
team_101037,team_102213,2,1,1,2
team_101037,team_102270,2,1,1,2
team_101037,team_102360,1,2,2,1
team_101037,team_102568,3,0,0,3
team_101037,team_102622,1,2,2,1
team_101037,team_10265,3,0,0,3
team_101037,team_102759,1,2,2,1
team_101037,team_102796,3,0,0,3
team_101037,team_102808,1,2,2,1
team_101037,team_102917,2,1,1,2
team_101037,team_102940,2,1,1,2
team_101079,team_101104,2,1,1,2
team_101079,team_101143,2,1,1,2
team_101079,team_101205,3,0,0,3
team_101079,team_101256,0,3,3,0
team_101079,team_101318,2,1,1,2
team_101079,team_101361,3,0,0,3
team_101079,team_101375,2,1,1,2
team_101079,team_10163,2,1,1,2
team_101079,team_101738,3,0,0,3
team_101079,team_101766,2,1,1,2
team_101079,team_101954,2,1,1,2
team_101079,team_102100,2,1,1,2
team_101079,team_102154,2,1,1,2
team_101079,team_102213,1,2,2,1
team_101079,team_102270,1,2,2,1
team_101079,team_102360,1,2,2,1
team_101079,team_102568,2,1,1,2
team_101079,team_102622,3,0,0,3
team_101079,team_10265,3,0,0,3
team_101079,team_102759,0,3,3,0
team_101079,team_102796,1,2,2,1
team_101079,team_102808,2,1,1,2
team_101079,team_102917,3,0,0,3
team_101079,team_102940,2,1,1,2
team_101104,team_101143,1,2,2,1
team_101104,team_101205,2,1,1,2
team_101104,team_101256,0,3,3,0
team_101104,team_101318,2,1,1,2
team_101104,team_101361,2,1,1,2
team_101104,team_101375,0,3,3,0
team_101104,team_10163,2,1,1,2
team_101104,team_101738,2,1,1,2
team_101104,team_101766,2,1,1,2
team_101104,team_101954,1,2,2,1
team_101104,team_102100,2,1,1,2
team_101104,team_102154,2,1,1,2
team_101104,team_102213,3,0,0,3
team_101104,team_102270,1,2,2,1
team_101104,team_102360,1,2,2,1
team_101104,team_102568,2,1,1,2
team_101104,team_102622,2,1,1,2
team_101104,team_10265,1,2,2,1
team_101104,team_102759,1,2,2,1
team_101104,team_102796,0,3,3,0
team_101104,team_102808,1,2,2,1
team_101104,team_102917,2,1,1,2
team_101104,team_102940,2,1,1,2
team_101143,team_101205,1,2,2,1
team_101143,team_101256,1,2,2,1
team_101143,team_101318,3,0,0,3
team_101143,team_101361,2,1,1,2
team_101143,team_101375,1,2,2,1
team_101143,team_10163,2,1,1,2
team_101143,team_101738,3,0,0,3
team_101143,team_101766,1,2,2,1
team_101143,team_101954,2,1,1,2
team_101143,team_102100,3,0,0,3
team_101143,team_102154,3,0,0,3
team_101143,team_102213,1,2,2,1
team_101143,team_102270,2,1,1,2
team_101143,team_102360,2,1,1,2
team_101143,team_102568,3,0,0,3
team_101143,team_102622,3,0,0,3
team_101143,team_10265,2,1,1,2
team_101143,team_102759,1,2,2,1
team_101143,team_102796,1,2,2,1
team_101143,team_102808,2,1,1,2
team_101143,team_102917,3,0,0,3
team_101143,team_102940,3,0,0,3
team_101205,team_101256,2,1,1,2
team_101205,team_101318,2,1,1,2
team_101205,team_101361,2,1,1,2
team_101205,team_101375,1,2,2,1
team_101205,team_10163,1,2,2,1
team_101205,team_101738,2,1,1,2
team_101205,team_101766,2,1,1,2
team_101205,team_101954,1,2,2,1
team_101205,team_102100,3,0,0,3
team_101205,team_102154,2,1,1,2
team_101205,team_102213,2,1,1,2
team_101205,team_102270,0,3,3,0
team_101205,team_102360,0,3,3,0
team_101205,team_102568,2,1,1,2
team_101205,team_102622,1,2,2,1
team_101205,team_10265,2,1,1,2
team_101205,team_102759,0,3,3,0
team_101205,team_102796,1,2,2,1
team_101205,team_102808,1,2,2,1
team_101205,team_102917,1,2,2,1
team_101205,team_102940,3,0,0,3
team_101256,team_101318,3,0,0,3
team_101256,team_101361,2,1,1,2
team_101256,team_101375,1,2,2,1
team_101256,team_10163,3,0,0,3
team_101256,team_101738,2,1,1,2
team_101256,team_101766,2,1,1,2
team_101256,team_101954,1,2,2,1
team_101256,team_102100,3,0,0,3
team_101256,team_102154,3,0,0,3
team_101256,team_102213,1,2,2,1
team_101256,team_102270,3,0,0,3
team_101256,team_102360,1,2,2,1
team_101256,team_102568,2,1,1,2
team_101256,team_102622,1,2,2,1
team_101256,team_10265,1,2,2,1
team_101256,team_102759,0,3,3,0
team_101256,team_102796,1,2,2,1
team_101256,team_102808,2,1,1,2
team_101256,team_102917,3,0,0,3
team_101256,team_102940,3,0,0,3
team_101318,team_101361,2,1,1,2
team_101318,team_101375,0,3,3,0
team_101318,team_10163,0,3,3,0
team_101318,team_101738,3,0,0,3
team_101318,team_101766,1,2,2,1
team_101318,team_101954,3,0,0,3
team_101318,team_102100,2,1,1,2
team_101318,team_102154,1,2,2,1
team_101318,team_102213,2,1,1,2
team_101318,team_102270,3,0,0,3
team_101318,team_102360,0,3,3,0
team_101318,team_102568,2,1,1,2
team_101318,team_102622,2,1,1,2
team_101318,team_10265,2,1,1,2
team_101318,team_102759,1,2,2,1
team_101318,team_102796,2,1,1,2
team_101318,team_102808,2,1,1,2
team_101318,team_102917,1,2,2,1
team_101318,team_102940,3,0,0,3
team_101361,team_101375,3,0,0,3
team_101361,team_10163,3,0,0,3
team_101361,team_101738,3,0,0,3
team_101361,team_101766,1,2,2,1
team_101361,team_101954,0,3,3,0
team_101361,team_102100,2,1,1,2
team_101361,team_102154,2,1,1,2
team_101361,team_102213,2,1,1,2
team_101361,team_102270,2,1,1,2
team_101361,team_102360,1,2,2,1
team_101361,team_102568,3,0,0,3
team_101361,team_102622,3,0,0,3
team_101361,team_10265,2,1,1,2
team_101361,team_102759,2,1,1,2
team_101361,team_102796,2,1,1,2
team_101361,team_102808,1,2,2,1
team_101361,team_102917,2,1,1,2
team_101361,team_102940,2,1,1,2
team_101375,team_10163,2,1,1,2
team_101375,team_101738,3,0,0,3
team_101375,team_101766,2,1,1,2
team_101375,team_101954,3,0,0,3
team_101375,team_102100,3,0,0,3
team_101375,team_102154,3,0,0,3
team_101375,team_102213,2,1,1,2
team_101375,team_102270,3,0,0,3
team_101375,team_102360,2,1,1,2
team_101375,team_102568,3,0,0,3
team_101375,team_102622,3,0,0,3
team_101375,team_10265,3,0,0,3
team_101375,team_102759,2,1,1,2
team_101375,team_102796,2,1,1,2
team_101375,team_102808,1,2,2,1
team_101375,team_102917,3,0,0,3
team_101375,team_102940,3,0,0,3
team_10163,team_101738,3,0,0,3
team_10163,team_101766,2,1,1,2
team_10163,team_101954,3,0,0,3
team_10163,team_102100,3,0,0,3
team_10163,team_102154,3,0,0,3
team_10163,team_102213,1,2,2,1
team_10163,team_102270,2,1,1,2
team_10163,team_102360,0,3,3,0
team_10163,team_102568,3,0,0,3
team_10163,team_102622,3,0,0,3
team_10163,team_10265,2,1,1,2
team_10163,team_102759,0,3,3,0
team_10163,team_102796,2,1,1,2
team_10163,team_102808,3,0,0,3
team_10163,team_102917,3,0,0,3
team_10163,team_102940,2,1,1,2
team_101738,team_101766,1,2,2,1
team_101738,team_101954,1,2,2,1
team_101738,team_102100,1,2,2,1
team_101738,team_102154,2,1,1,2
team_101738,team_102213,2,1,1,2
team_101738,team_102270,2,1,1,2
team_101738,team_102360,1,2,2,1
team_101738,team_102568,1,2,2,1
team_101738,team_102622,1,2,2,1
team_101738,team_10265,0,3,3,0
team_101738,team_102759,0,3,3,0
team_101738,team_102796,1,2,2,1
team_101738,team_102808,2,1,1,2
team_101738,team_102917,0,3,3,0
team_101738,team_102940,1,2,2,1
team_101766,team_101954,1,2,2,1
team_101766,team_102100,1,2,2,1
team_101766,team_102154,3,0,0,3
team_101766,team_102213,2,1,1,2
team_101766,team_102270,3,0,0,3
team_101766,team_102360,0,3,3,0
team_101766,team_102568,2,1,1,2
team_101766,team_102622,1,2,2,1
team_101766,team_10265,1,2,2,1
team_101766,team_102759,2,1,1,2
team_101766,team_102796,1,2,2,1
team_101766,team_102808,0,3,3,0
team_101766,team_102917,3,0,0,3
team_101766,team_102940,3,0,0,3
team_101954,team_102100,2,1,1,2
team_101954,team_102154,3,0,0,3
team_101954,team_102213,1,2,2,1
team_101954,team_102270,0,3,3,0
team_101954,team_102360,2,1,1,2
team_101954,team_102568,1,2,2,1
team_101954,team_102622,2,1,1,2
team_101954,team_10265,2,1,1,2
team_101954,team_102759,1,2,2,1
team_101954,team_102796,0,3,3,0
team_101954,team_102808,1,2,2,1
team_101954,team_102917,0,3,3,0
team_101954,team_102940,2,1,1,2
team_102100,team_102154,2,1,1,2
team_102100,team_102213,2,1,1,2
team_102100,team_102270,3,0,0,3
team_102100,team_102360,1,2,2,1
team_102100,team_102568,2,1,1,2
team_102100,team_102622,1,2,2,1
team_102100,team_10265,1,2,2,1
team_102100,team_102759,0,3,3,0
team_102100,team_102796,1,2,2,1
team_102100,team_102808,3,0,0,3
team_102100,team_102917,2,1,1,2
team_102100,team_102940,3,0,0,3
team_102154,team_102213,0,3,3,0
team_102154,team_102270,1,2,2,1
team_102154,team_102360,0,3,3,0
team_102154,team_102568,1,2,2,1
team_102154,team_102622,1,2,2,1
team_102154,team_10265,2,1,1,2
team_102154,team_102759,0,3,3,0
team_102154,team_102796,1,2,2,1
team_102154,team_102808,0,3,3,0
team_102154,team_102917,3,0,0,3
team_102154,team_102940,0,3,3,0
team_102213,team_102270,2,1,1,2
team_102213,team_102360,2,1,1,2
team_102213,team_102568,2,1,1,2
team_102213,team_102622,2,1,1,2
team_102213,team_10265,2,1,1,2
team_102213,team_102759,1,2,2,1
team_102213,team_102796,1,2,2,1
team_102213,team_102808,1,2,2,1
team_102213,team_102917,1,2,2,1
team_102213,team_102940,2,1,1,2
team_102270,team_102360,0,3,3,0
team_102270,team_102568,1,2,2,1
team_102270,team_102622,1,2,2,1
team_102270,team_10265,0,3,3,0
team_102270,team_102759,2,1,1,2
team_102270,team_102796,0,3,3,0
team_102270,team_102808,1,2,2,1
team_102270,team_102917,2,1,1,2
team_102270,team_102940,0,3,3,0
team_102360,team_102568,3,0,0,3
team_102360,team_102622,2,1,1,2
team_102360,team_10265,2,1,1,2
team_102360,team_102759,0,3,3,0
team_102360,team_102796,1,2,2,1
team_102360,team_102808,1,2,2,1
team_102360,team_102917,1,2,2,1
team_102360,team_102940,3,0,0,3
team_102568,team_102622,3,0,0,3
team_102568,team_10265,1,2,2,1
team_102568,team_102759,0,3,3,0
team_102568,team_102796,0,3,3,0
team_102568,team_102808,1,2,2,1
team_102568,team_102917,2,1,1,2
team_102568,team_102940,1,2,2,1
team_102622,team_10265,1,2,2,1
team_102622,team_102759,0,3,3,0
team_102622,team_102796,0,3,3,0
team_102622,team_102808,1,2,2,1
team_102622,team_102917,2,1,1,2
team_102622,team_102940,0,3,3,0
team_10265,team_102759,1,2,2,1
team_10265,team_102796,0,3,3,0
team_10265,team_102808,2,1,1,2
team_10265,team_102917,3,0,0,3
team_10265,team_102940,3,0,0,3
team_102759,team_102796,3,0,0,3
team_102759,team_102808,1,2,2,1
team_102759,team_102917,2,1,1,2
team_102759,team_102940,2,1,1,2
team_102796,team_102808,1,2,2,1
team_102796,team_102917,2,1,1,2
team_102796,team_102940,2,1,1,2
team_102808,team_102917,3,0,0,3
team_102808,team_102940,1,2,2,1
team_102917,team_102940,1,2,2,1
team_10012,team_10039,0,2,2,0
team_10012,team_100956,2,0,0,2
team_10012,team_10100,0,2,2,0
team_10012,team_101037,1,1,1,1
team_10012,team_101079,1,1,1,1
team_10012,team_101143,1,1,1,1
team_10012,team_101256,1,1,1,1
team_10012,team_101361,2,0,0,2
team_10012,team_101375,2,0,0,2
team_10012,team_10163,1,1,1,1
team_10012,team_102360,1,1,1,1
team_10012,team_102759,2,0,0,2
team_10012,team_102796,1,1,1,1
team_10012,team_10327,4,1,1,4
team_10012,team_103579,1,4,4,1
team_10012,team_103632,1,4,4,1
team_10012,team_103778,3,2,2,3
team_10012,team_103840,2,3,3,2
team_10012,team_104038,2,3,3,2
team_10039,team_100956,0,2,2,0
team_10039,team_10100,1,1,1,1
team_10039,team_101037,2,0,0,2
team_10039,team_101079,0,2,2,0
team_10039,team_101143,2,0,0,2
team_10039,team_101256,2,0,0,2
team_10039,team_101361,1,1,1,1
team_10039,team_101375,2,0,0,2
team_10039,team_10163,0,2,2,0
team_10039,team_102360,0,2,2,0
team_10039,team_102759,1,1,1,1
team_10039,team_102796,1,1,1,1
team_10039,team_10327,4,1,1,4
team_10039,team_103579,4,1,1,4
team_10039,team_103632,0,5,5,0
team_10039,team_103778,3,2,2,3
team_10039,team_103840,4,1,1,4
team_10039,team_104038,5,0,0,5
team_100956,team_10100,1,1,1,1
team_100956,team_101037,2,0,0,2
team_100956,team_101079,1,1,1,1
team_100956,team_101143,2,0,0,2
team_100956,team_101256,0,2,2,0
team_100956,team_101361,0,2,2,0
team_100956,team_101375,1,1,1,1
team_100956,team_10163,0,2,2,0
team_100956,team_102360,1,1,1,1
team_100956,team_102759,1,1,1,1
team_100956,team_102796,0,2,2,0
team_100956,team_10327,4,1,1,4
team_100956,team_103579,1,4,4,1
team_100956,team_103632,3,2,2,3
team_100956,team_103778,3,2,2,3
team_100956,team_103840,3,2,2,3
team_100956,team_104038,4,1,1,4
team_10100,team_101037,2,0,0,2
team_10100,team_101079,0,2,2,0
team_10100,team_101143,1,1,1,1
team_10100,team_101256,1,1,1,1
team_10100,team_101361,0,2,2,0
team_10100,team_101375,0,2,2,0
team_10100,team_10163,2,0,0,2
team_10100,team_102360,1,1,1,1
team_10100,team_102759,1,1,1,1
team_10100,team_102796,1,1,1,1
team_10100,team_10327,5,0,0,5
team_10100,team_103579,4,1,1,4
team_10100,team_103632,2,3,3,2
team_10100,team_103778,4,1,1,4
team_10100,team_103840,1,4,4,1
team_10100,team_104038,3,2,2,3
team_101037,team_101079,0,2,2,0
team_101037,team_101143,1,1,1,1
team_101037,team_101256,0,2,2,0
team_101037,team_101361,2,0,0,2
team_101037,team_101375,2,0,0,2
team_101037,team_10163,1,1,1,1
team_101037,team_102360,0,2,2,0
team_101037,team_102759,0,2,2,0
team_101037,team_102796,0,2,2,0
team_101037,team_10327,2,3,3,2
team_101037,team_103579,1,4,4,1
team_101037,team_103632,4,1,1,4
team_101037,team_103778,2,3,3,2
team_101037,team_103840,2,3,3,2
team_101037,team_104038,3,2,2,3
team_101079,team_101143,2,0,0,2
team_101079,team_101256,2,0,0,2
team_101079,team_101361,2,0,0,2
team_101079,team_101375,1,1,1,1
team_101079,team_10163,2,0,0,2
team_101079,team_102360,0,2,2,0
team_101079,team_102759,2,0,0,2
team_101079,team_102796,2,0,0,2
team_101079,team_10327,3,2,2,3
team_101079,team_103579,1,4,4,1
team_101079,team_103632,2,3,3,2
team_101079,team_103778,4,1,1,4
team_101079,team_103840,1,4,4,1
team_101079,team_104038,3,2,2,3
team_101143,team_101256,0,2,2,0
team_101143,team_101361,1,1,1,1
team_101143,team_101375,0,2,2,0
team_101143,team_10163,1,1,1,1
team_101143,team_102360,1,1,1,1
team_101143,team_102759,2,0,0,2
team_101143,team_102796,1,1,1,1
team_101143,team_10327,1,4,4,1
team_101143,team_103579,1,4,4,1
team_101143,team_103632,1,4,4,1
team_101143,team_103778,3,2,2,3
team_101143,team_103840,2,3,3,2
team_101143,team_104038,2,3,3,2
team_101256,team_101361,2,0,0,2
team_101256,team_101375,1,1,1,1
team_101256,team_10163,2,0,0,2
team_101256,team_102360,0,2,2,0
team_101256,team_102759,0,2,2,0
team_101256,team_102796,2,0,0,2
team_101256,team_10327,3,2,2,3
team_101256,team_103579,3,2,2,3
team_101256,team_103632,4,1,1,4
team_101256,team_103778,4,1,1,4
team_101256,team_103840,3,2,2,3
team_101256,team_104038,4,1,1,4
team_101361,team_101375,1,1,1,1
team_101361,team_10163,0,2,2,0
team_101361,team_102360,1,1,1,1
team_101361,team_102759,0,2,2,0
team_101361,team_102796,2,0,0,2
team_101361,team_10327,2,3,3,2
team_101361,team_103579,2,3,3,2
team_101361,team_103632,4,1,1,4
team_101361,team_103778,3,2,2,3
team_101361,team_103840,2,3,3,2
team_101361,team_104038,5,0,0,5
team_101375,team_10163,1,1,1,1
team_101375,team_102360,1,1,1,1
team_101375,team_102759,0,2,2,0
team_101375,team_102796,0,2,2,0
team_101375,team_10327,4,1,1,4
team_101375,team_103579,4,1,1,4
team_101375,team_103632,2,3,3,2
team_101375,team_103778,5,0,0,5
team_101375,team_103840,4,1,1,4
team_101375,team_104038,4,1,1,4
team_10163,team_102360,0,2,2,0
team_10163,team_102759,0,2,2,0
team_10163,team_102796,0,2,2,0
team_10163,team_10327,3,2,2,3
team_10163,team_103579,1,4,4,1
team_10163,team_103632,2,3,3,2
team_10163,team_103778,4,1,1,4
team_10163,team_103840,1,4,4,1
team_10163,team_104038,4,1,1,4
team_102360,team_102759,0,2,2,0
team_102360,team_102796,2,0,0,2
team_102360,team_10327,4,1,1,4
team_102360,team_103579,2,3,3,2
team_102360,team_103632,0,5,5,0
team_102360,team_103778,4,1,1,4
team_102360,team_103840,2,3,3,2
team_102360,team_104038,5,0,0,5
team_102759,team_102796,1,1,1,1
team_102759,team_10327,4,1,1,4
team_102759,team_103579,3,2,2,3
team_102759,team_103632,4,1,1,4
team_102759,team_103778,5,0,0,5
team_102759,team_103840,1,4,4,1
team_102759,team_104038,0,5,5,0
team_102796,team_10327,3,2,2,3
team_102796,team_103579,1,4,4,1
team_102796,team_103632,4,1,1,4
team_102796,team_103778,2,3,3,2
team_102796,team_103840,1,4,4,1
team_102796,team_104038,3,2,2,3
team_10327,team_103579,4,1,1,4
team_10327,team_103632,4,1,1,4
team_10327,team_103778,4,1,1,4
team_10327,team_103840,1,4,4,1
team_10327,team_104038,5,0,0,5
team_103579,team_103632,3,2,2,3
team_103579,team_103778,5,0,0,5
team_103579,team_103840,1,4,4,1
team_103579,team_104038,2,3,3,2
team_103632,team_103778,3,2,2,3
team_103632,team_103840,3,2,2,3
team_103632,team_104038,4,1,1,4
team_103778,team_103840,3,2,2,3
team_103778,team_104038,3,2,2,3
team_103840,team_104038,3,2,2,3
BAL_rillaboom,OFF_PREMO_gliscor,4,6,6,4
BAL_rillaboom,team_10012,3,7,7,3
BAL_rillaboom,team_10039,5,5,5,5
BAL_rillaboom,team_100956,5,5,5,5
BAL_rillaboom,team_10100,8,2,2,8
BAL_rillaboom,team_101079,6,4,4,6
BAL_rillaboom,team_101143,6,4,4,6
BAL_rillaboom,team_101256,5,5,5,5
BAL_rillaboom,team_101361,6,4,4,6
BAL_rillaboom,team_101375,7,3,3,7
BAL_rillaboom,team_10163,9,1,1,9
BAL_rillaboom,team_102360,2,8,8,2
BAL_rillaboom,team_102759,3,7,7,3
BAL_rillaboom,team_102796,3,7,7,3
BAL_rillaboom,team_10327,7,3,3,7
BAL_rillaboom,team_103579,3,7,7,3
BAL_rillaboom,team_103632,6,4,4,6
BAL_rillaboom,team_103840,6,4,4,6
BAL_rillaboom,team_7,1,4,4,1
HO_webs_fairy,OFF_PREMO_gliscor,5,5,5,5
HO_webs_fairy,team_10012,6,4,4,6
HO_webs_fairy,team_10039,6,4,4,6
HO_webs_fairy,team_100956,6,4,4,6
HO_webs_fairy,team_10100,1,9,9,1
HO_webs_fairy,team_101079,9,1,1,9
HO_webs_fairy,team_101143,5,5,5,5
HO_webs_fairy,team_101256,2,8,8,2
HO_webs_fairy,team_101361,5,5,5,5
HO_webs_fairy,team_101375,2,8,8,2
HO_webs_fairy,team_10163,3,7,7,3
HO_webs_fairy,team_102360,5,5,5,5
HO_webs_fairy,team_102759,5,5,5,5
HO_webs_fairy,team_102796,2,8,8,2
HO_webs_fairy,team_10327,5,5,5,5
HO_webs_fairy,team_103579,4,6,6,4
HO_webs_fairy,team_103632,7,3,3,7
HO_webs_fairy,team_103840,1,9,9,1
HO_webs_fairy,team_7,2,3,3,2
OFF_Life_Orb_Deoxys_Offense_by_Shaymin_Sky,OFF_PREMO_gliscor,7,3,3,7
OFF_Life_Orb_Deoxys_Offense_by_Shaymin_Sky,team_10012,7,3,3,7
OFF_Life_Orb_Deoxys_Offense_by_Shaymin_Sky,team_10039,8,2,2,8
OFF_Life_Orb_Deoxys_Offense_by_Shaymin_Sky,team_100956,8,2,2,8
OFF_Life_Orb_Deoxys_Offense_by_Shaymin_Sky,team_10100,6,4,4,6
OFF_Life_Orb_Deoxys_Offense_by_Shaymin_Sky,team_101079,7,3,3,7
OFF_Life_Orb_Deoxys_Offense_by_Shaymin_Sky,team_101143,5,5,5,5
OFF_Life_Orb_Deoxys_Offense_by_Shaymin_Sky,team_101256,6,4,4,6
OFF_Life_Orb_Deoxys_Offense_by_Shaymin_Sky,team_101361,10,0,0,10
OFF_Life_Orb_Deoxys_Offense_by_Shaymin_Sky,team_101375,4,6,6,4
OFF_Life_Orb_Deoxys_Offense_by_Shaymin_Sky,team_10163,5,5,5,5
OFF_Life_Orb_Deoxys_Offense_by_Shaymin_Sky,team_102360,5,5,5,5
OFF_Life_Orb_Deoxys_Offense_by_Shaymin_Sky,team_102759,10,0,0,10
OFF_Life_Orb_Deoxys_Offense_by_Shaymin_Sky,team_102796,6,4,4,6
OFF_Life_Orb_Deoxys_Offense_by_Shaymin_Sky,team_10327,2,8,8,2
OFF_Life_Orb_Deoxys_Offense_by_Shaymin_Sky,team_103579,7,3,3,7
OFF_Life_Orb_Deoxys_Offense_by_Shaymin_Sky,team_103632,4,6,6,4
OFF_Life_Orb_Deoxys_Offense_by_Shaymin_Sky,team_103840,5,5,5,5
OFF_PREMO_drag,team_10012,7,3,3,7
OFF_PREMO_drag,team_10039,6,4,4,6
OFF_PREMO_drag,team_100956,6,4,4,6
OFF_PREMO_drag,team_10100,5,5,5,5
OFF_PREMO_drag,team_101079,8,2,2,8
OFF_PREMO_drag,team_101143,3,7,7,3
OFF_PREMO_drag,team_101256,5,5,5,5
OFF_PREMO_drag,team_101361,9,1,1,9
OFF_PREMO_drag,team_101375,8,2,2,8
OFF_PREMO_drag,team_10163,8,2,2,8
OFF_PREMO_drag,team_102360,9,1,1,9
OFF_PREMO_drag,team_102759,6,4,4,6
OFF_PREMO_drag,team_102796,6,4,4,6
OFF_PREMO_drag,team_10327,9,1,1,9
OFF_PREMO_drag,team_103579,4,6,6,4
OFF_PREMO_drag,team_103632,8,2,2,8
OFF_PREMO_drag,team_103840,5,5,5,5
OFF_PREMO_drag,team_7,3,2,2,3
OFF_PREMO_gliscor,OFF_Taunt_Ogerpon-W_Specs_Dragapult_Offense_by_xavgb,3,7,7,3
OFF_PREMO_gliscor,team_10012,6,4,4,6
OFF_PREMO_gliscor,team_10039,7,3,3,7
OFF_PREMO_gliscor,team_100956,6,4,4,6
OFF_PREMO_gliscor,team_10100,5,5,5,5
OFF_PREMO_gliscor,team_101079,5,5,5,5
OFF_PREMO_gliscor,team_101143,8,2,2,8
OFF_PREMO_gliscor,team_101256,10,0,0,10
OFF_PREMO_gliscor,team_101361,3,7,7,3
OFF_PREMO_gliscor,team_101375,5,5,5,5
OFF_PREMO_gliscor,team_10163,9,1,1,9
OFF_PREMO_gliscor,team_102360,8,2,2,8
OFF_PREMO_gliscor,team_102759,5,5,5,5
OFF_PREMO_gliscor,team_102796,5,5,5,5
OFF_PREMO_gliscor,team_10327,9,1,1,9
OFF_PREMO_gliscor,team_103579,5,5,5,5
OFF_PREMO_gliscor,team_103632,7,3,3,7
OFF_PREMO_gliscor,team_103840,7,3,3,7
OFF_PREMO_gliscor,team_4,5,5,5,5
OFF_PREMO_gliscor,team_7,5,5,5,5
OFF_Taunt_Ogerpon-W_Specs_Dragapult_Offense_by_xavgb,team_10012,9,1,1,9
OFF_Taunt_Ogerpon-W_Specs_Dragapult_Offense_by_xavgb,team_10039,2,8,8,2
OFF_Taunt_Ogerpon-W_Specs_Dragapult_Offense_by_xavgb,team_100956,6,4,4,6
OFF_Taunt_Ogerpon-W_Specs_Dragapult_Offense_by_xavgb,team_10100,2,8,8,2
OFF_Taunt_Ogerpon-W_Specs_Dragapult_Offense_by_xavgb,team_101079,7,3,3,7
OFF_Taunt_Ogerpon-W_Specs_Dragapult_Offense_by_xavgb,team_101143,8,2,2,8
OFF_Taunt_Ogerpon-W_Specs_Dragapult_Offense_by_xavgb,team_101256,5,5,5,5
OFF_Taunt_Ogerpon-W_Specs_Dragapult_Offense_by_xavgb,team_101361,6,4,4,6
OFF_Taunt_Ogerpon-W_Specs_Dragapult_Offense_by_xavgb,team_101375,5,5,5,5
OFF_Taunt_Ogerpon-W_Specs_Dragapult_Offense_by_xavgb,team_10163,6,4,4,6
OFF_Taunt_Ogerpon-W_Specs_Dragapult_Offense_by_xavgb,team_102360,6,4,4,6
OFF_Taunt_Ogerpon-W_Specs_Dragapult_Offense_by_xavgb,team_102759,1,9,9,1
OFF_Taunt_Ogerpon-W_Specs_Dragapult_Offense_by_xavgb,team_102796,1,9,9,1
OFF_Taunt_Ogerpon-W_Specs_Dragapult_Offense_by_xavgb,team_10327,7,3,3,7
OFF_Taunt_Ogerpon-W_Specs_Dragapult_Offense_by_xavgb,team_103579,8,2,2,8
OFF_Taunt_Ogerpon-W_Specs_Dragapult_Offense_by_xavgb,team_103632,4,6,6,4
OFF_Taunt_Ogerpon-W_Specs_Dragapult_Offense_by_xavgb,team_103840,5,5,5,5
team_0,team_10012,10,0,0,10
team_0,team_10039,6,4,4,6
team_0,team_100956,7,3,3,7
team_0,team_10100,9,1,1,9
team_0,team_101079,9,1,1,9
team_0,team_101143,5,5,5,5
team_0,team_101256,9,1,1,9
team_0,team_101361,7,3,3,7
team_0,team_101375,9,1,1,9
team_0,team_10163,8,2,2,8
team_0,team_102360,7,3,3,7
team_0,team_102759,6,4,4,6
team_0,team_102796,6,4,4,6
team_0,team_10327,8,2,2,8
team_0,team_103579,8,2,2,8
team_0,team_103632,6,4,4,6
team_0,team_103840,8,2,2,8
team_10012,team_10039,2,3,3,2
team_10012,team_100956,3,2,2,3
team_10012,team_10100,3,2,2,3
team_10012,team_101079,4,1,1,4
team_10012,team_101143,2,3,3,2
team_10012,team_101256,3,2,2,3
team_10012,team_101361,4,1,1,4
team_10012,team_101375,5,0,0,5
team_10012,team_10163,3,2,2,3
team_10012,team_102360,1,4,4,1
team_10012,team_102759,4,1,1,4
team_10012,team_102796,3,2,2,3
team_10012,team_10327,1,4,4,1
team_10012,team_103579,2,3,3,2
team_10012,team_103632,2,3,3,2
team_10012,team_103840,2,3,3,2
team_10012,team_4,4,6,6,4
team_10012,team_7,4,6,6,4
team_10039,team_100956,2,3,3,2
team_10039,team_10100,1,4,4,1
team_10039,team_101079,3,2,2,3
team_10039,team_101143,2,3,3,2
team_10039,team_101256,3,2,2,3
team_10039,team_101361,2,3,3,2
team_10039,team_101375,3,2,2,3
team_10039,team_10163,1,4,4,1
team_10039,team_102360,2,3,3,2
team_10039,team_102759,0,5,5,0
team_10039,team_102796,2,3,3,2
team_10039,team_10327,1,4,4,1
team_10039,team_103579,2,3,3,2
team_10039,team_103632,0,5,5,0
team_10039,team_103840,4,1,1,4
team_10039,team_4,10,0,0,10
team_10039,team_7,7,3,3,7
team_100956,team_10100,2,3,3,2
team_100956,team_101079,3,2,2,3
team_100956,team_101143,2,3,3,2
team_100956,team_101256,2,3,3,2
team_100956,team_101361,4,1,1,4
team_100956,team_101375,0,5,5,0
team_100956,team_10163,0,5,5,0
team_100956,team_102360,2,3,3,2
team_100956,team_102759,0,5,5,0
team_100956,team_102796,1,4,4,1
team_100956,team_10327,4,1,1,4
team_100956,team_103579,4,1,1,4
team_100956,team_103632,1,4,4,1
team_100956,team_103840,1,4,4,1
team_100956,team_4,2,8,8,2
team_100956,team_7,7,3,3,7
team_10100,team_101079,0,5,5,0
team_10100,team_101143,5,0,0,5
team_10100,team_101256,3,2,2,3
team_10100,team_101361,3,2,2,3
team_10100,team_101375,2,3,3,2
team_10100,team_10163,3,2,2,3
team_10100,team_102360,2,3,3,2
team_10100,team_102759,2,3,3,2
team_10100,team_102796,1,4,4,1
team_10100,team_10327,2,3,3,2
team_10100,team_103579,2,3,3,2
team_10100,team_103632,2,3,3,2
team_10100,team_103840,2,3,3,2
team_10100,team_4,5,5,5,5
team_10100,team_7,9,1,1,9
team_101079,team_101143,2,3,3,2
team_101079,team_101256,0,5,5,0
team_101079,team_101361,2,3,3,2
team_101079,team_101375,1,4,4,1
team_101079,team_10163,2,3,3,2
team_101079,team_102360,1,4,4,1
team_101079,team_102759,5,0,0,5
team_101079,team_102796,3,2,2,3
team_101079,team_10327,3,2,2,3
team_101079,team_103579,1,4,4,1
team_101079,team_103632,3,2,2,3
team_101079,team_103840,1,4,4,1
team_101079,team_4,6,4,4,6
team_101079,team_7,6,4,4,6
team_101143,team_101256,2,3,3,2
team_101143,team_101361,3,2,2,3
team_101143,team_101375,0,5,5,0
team_101143,team_10163,3,2,2,3
team_101143,team_102360,1,4,4,1
team_101143,team_102759,1,4,4,1
team_101143,team_102796,1,4,4,1
team_101143,team_10327,2,3,3,2
team_101143,team_103579,2,3,3,2
team_101143,team_103632,2,3,3,2
team_101143,team_103840,2,3,3,2
team_101143,team_4,4,6,6,4
team_101143,team_7,5,5,5,5
team_101256,team_101361,2,3,3,2
team_101256,team_101375,3,2,2,3
team_101256,team_10163,2,3,3,2
team_101256,team_102360,3,2,2,3
team_101256,team_102759,3,2,2,3
team_101256,team_102796,1,4,4,1
team_101256,team_10327,4,1,1,4
team_101256,team_103579,1,4,4,1
team_101256,team_103632,3,2,2,3
team_101256,team_103840,2,3,3,2
team_101256,team_4,4,6,6,4
team_101256,team_7,3,7,7,3
team_101361,team_101375,2,3,3,2
team_101361,team_10163,1,4,4,1
team_101361,team_102360,0,5,5,0
team_101361,team_102759,1,4,4,1
team_101361,team_102796,2,3,3,2
team_101361,team_10327,2,3,3,2
team_101361,team_103579,1,4,4,1
team_101361,team_103632,1,4,4,1
team_101361,team_103840,3,2,2,3
team_101361,team_4,4,6,6,4
team_101361,team_7,6,4,4,6
team_101375,team_10163,2,3,3,2
team_101375,team_102360,3,2,2,3
team_101375,team_102759,1,4,4,1
team_101375,team_102796,2,3,3,2
team_101375,team_10327,4,1,1,4
team_101375,team_103579,3,2,2,3
team_101375,team_103632,1,4,4,1
team_101375,team_103840,5,0,0,5
team_101375,team_4,9,1,1,9
team_101375,team_7,4,6,6,4
team_10163,team_102360,0,5,5,0
team_10163,team_102759,2,3,3,2
team_10163,team_102796,4,1,1,4
team_10163,team_10327,2,3,3,2
team_10163,team_103579,2,3,3,2
team_10163,team_103632,2,3,3,2
team_10163,team_103840,2,3,3,2
team_10163,team_4,5,5,5,5
team_10163,team_7,8,2,2,8
team_102360,team_102759,1,4,4,1
team_102360,team_102796,4,1,1,4
team_102360,team_10327,4,1,1,4
team_102360,team_103579,4,1,1,4
team_102360,team_103632,1,4,4,1
team_102360,team_103840,5,0,0,5
team_102360,team_4,5,5,5,5
team_102360,team_7,3,7,7,3
team_102759,team_102796,2,3,3,2
team_102759,team_10327,2,3,3,2
team_102759,team_103579,2,3,3,2
team_102759,team_103632,3,2,2,3
team_102759,team_103840,2,3,3,2
team_102759,team_4,5,5,5,5
team_102759,team_7,4,6,6,4
team_102796,team_10327,3,2,2,3
team_102796,team_103579,2,3,3,2
team_102796,team_103632,3,2,2,3
team_102796,team_103840,3,2,2,3
team_102796,team_4,6,4,4,6
team_102796,team_7,5,5,5,5
team_10327,team_103579,2,3,3,2
team_10327,team_103632,3,2,2,3
team_10327,team_103840,2,3,3,2
team_10327,team_4,2,8,8,2
team_10327,team_7,4,6,6,4
team_103579,team_103632,0,5,5,0
team_103579,team_103840,3,2,2,3
team_103579,team_4,2,8,8,2
team_103579,team_7,6,4,4,6
team_103632,team_103840,3,2,2,3
team_103632,team_4,5,5,5,5
team_103632,team_7,8,2,2,8
team_103840,team_4,7,3,3,7
team_103840,team_7,9,1,1,9
OFF_PREMO_drag,PREMO_modified_gw,1,0,0,1
OFF_PREMO_drag,blaziken_bb,1,0,0,1
OFF_PREMO_drag,ditto_stall,0,1,1,0
OFF_PREMO_drag,grassy_terrain_ursa,1,0,0,1
OFF_PREMO_drag,mimikyu_sudo,0,1,1,0
OFF_PREMO_drag,olt_team_0,1,0,0,1
OFF_PREMO_drag,olt_team_1,0,1,1,0
OFF_PREMO_drag,olt_team_10,1,0,0,1
OFF_PREMO_drag,olt_team_2,1,0,0,1
OFF_PREMO_drag,olt_team_3,0,1,1,0
OFF_PREMO_drag,olt_team_4,0,1,1,0
OFF_PREMO_drag,olt_team_5,0,1,1,0
OFF_PREMO_drag,olt_team_6,0,1,1,0
OFF_PREMO_drag,olt_team_7,1,0,0,1
OFF_PREMO_drag,olt_team_8,0,1,1,0
OFF_PREMO_drag,olt_team_9,0,1,1,0
OFF_PREMO_drag,psyterrain_tr_mimikyu,1,0,0,1
OFF_PREMO_drag,rain_standard,0,1,1,0
OFF_PREMO_drag,sand_skarm,1,0,0,1
OFF_PREMO_drag,sinistcha,1,0,0,1
OFF_PREMO_drag,sun_scovillain,1,0,0,1
OFF_PREMO_drag,sun_venu,1,0,0,1
OFF_PREMO_drag,ttar_veil,0,1,1,0
OFF_PREMO_drag,veil_cheese,1,0,0,1
PREMO_modified_gw,blaziken_bb,0,1,1,0
PREMO_modified_gw,ditto_stall,0,1,1,0
PREMO_modified_gw,grassy_terrain_ursa,1,0,0,1
PREMO_modified_gw,mimikyu_sudo,1,0,0,1
PREMO_modified_gw,olt_team_0,0,1,1,0
PREMO_modified_gw,olt_team_1,0,1,1,0
PREMO_modified_gw,olt_team_10,1,0,0,1
PREMO_modified_gw,olt_team_2,1,0,0,1
PREMO_modified_gw,olt_team_3,1,0,0,1
PREMO_modified_gw,olt_team_4,1,0,0,1
PREMO_modified_gw,olt_team_5,1,0,0,1
PREMO_modified_gw,olt_team_6,1,0,0,1
PREMO_modified_gw,olt_team_7,1,0,0,1
PREMO_modified_gw,olt_team_8,1,0,0,1
PREMO_modified_gw,olt_team_9,1,0,0,1
PREMO_modified_gw,psyterrain_tr_mimikyu,1,0,0,1
PREMO_modified_gw,rain_standard,1,0,0,1
PREMO_modified_gw,sand_skarm,1,0,0,1
PREMO_modified_gw,sinistcha,0,1,1,0
PREMO_modified_gw,sun_scovillain,0,1,1,0
PREMO_modified_gw,sun_venu,0,1,1,0
PREMO_modified_gw,ttar_veil,1,0,0,1
PREMO_modified_gw,veil_cheese,0,1,1,0
blaziken_bb,ditto_stall,1,0,0,1
blaziken_bb,grassy_terrain_ursa,1,0,0,1
blaziken_bb,mimikyu_sudo,1,0,0,1
blaziken_bb,olt_team_0,1,0,0,1
blaziken_bb,olt_team_1,1,0,0,1
blaziken_bb,olt_team_10,1,0,0,1
blaziken_bb,olt_team_2,0,1,1,0
blaziken_bb,olt_team_3,1,0,0,1
blaziken_bb,olt_team_4,1,0,0,1
blaziken_bb,olt_team_5,1,0,0,1
blaziken_bb,olt_team_6,1,0,0,1
blaziken_bb,olt_team_7,0,1,1,0
blaziken_bb,olt_team_8,0,1,1,0
blaziken_bb,olt_team_9,1,0,0,1
blaziken_bb,psyterrain_tr_mimikyu,1,0,0,1
blaziken_bb,rain_standard,0,1,1,0
blaziken_bb,sand_skarm,1,0,0,1
blaziken_bb,sinistcha,1,0,0,1
blaziken_bb,sun_scovillain,0,1,1,0
blaziken_bb,sun_venu,0,1,1,0
blaziken_bb,ttar_veil,0,1,1,0
blaziken_bb,veil_cheese,0,1,1,0
ditto_stall,grassy_terrain_ursa,0,1,1,0
ditto_stall,mimikyu_sudo,0,1,1,0
ditto_stall,olt_team_0,0,1,1,0
ditto_stall,olt_team_1,1,0,0,1
ditto_stall,olt_team_10,1,0,0,1
ditto_stall,olt_team_2,0,1,1,0
ditto_stall,olt_team_3,0,1,1,0
ditto_stall,olt_team_4,0,1,1,0
ditto_stall,olt_team_5,0,1,1,0
ditto_stall,olt_team_6,1,0,0,1
ditto_stall,olt_team_7,0,1,1,0
ditto_stall,olt_team_8,0,1,1,0
ditto_stall,olt_team_9,1,0,0,1
ditto_stall,psyterrain_tr_mimikyu,0,1,1,0
ditto_stall,rain_standard,0,1,1,0
ditto_stall,sand_skarm,0,1,1,0
ditto_stall,sinistcha,0,1,1,0
ditto_stall,sun_scovillain,0,1,1,0
ditto_stall,sun_venu,1,0,0,1
ditto_stall,ttar_veil,0,1,1,0
ditto_stall,veil_cheese,0,1,1,0
grassy_terrain_ursa,mimikyu_sudo,0,1,1,0
grassy_terrain_ursa,olt_team_0,1,0,0,1
grassy_terrain_ursa,olt_team_1,0,1,1,0
grassy_terrain_ursa,olt_team_10,1,0,0,1
grassy_terrain_ursa,olt_team_2,0,1,1,0
grassy_terrain_ursa,olt_team_3,0,1,1,0
grassy_terrain_ursa,olt_team_4,1,0,0,1
grassy_terrain_ursa,olt_team_5,0,1,1,0
grassy_terrain_ursa,olt_team_6,1,0,0,1
grassy_terrain_ursa,olt_team_7,0,1,1,0
grassy_terrain_ursa,olt_team_8,0,1,1,0
grassy_terrain_ursa,olt_team_9,0,1,1,0
grassy_terrain_ursa,psyterrain_tr_mimikyu,1,0,0,1
grassy_terrain_ursa,rain_standard,0,1,1,0
grassy_terrain_ursa,sand_skarm,0,1,1,0
grassy_terrain_ursa,sinistcha,1,0,0,1
grassy_terrain_ursa,sun_scovillain,1,0,0,1
grassy_terrain_ursa,sun_venu,0,1,1,0
grassy_terrain_ursa,ttar_veil,1,0,0,1
grassy_terrain_ursa,veil_cheese,1,0,0,1
mimikyu_sudo,olt_team_0,1,0,0,1
mimikyu_sudo,olt_team_1,0,1,1,0
mimikyu_sudo,olt_team_10,0,1,1,0
mimikyu_sudo,olt_team_2,1,0,0,1
mimikyu_sudo,olt_team_3,1,0,0,1
mimikyu_sudo,olt_team_4,1,0,0,1
mimikyu_sudo,olt_team_5,1,0,0,1
mimikyu_sudo,olt_team_6,1,0,0,1
mimikyu_sudo,olt_team_7,0,1,1,0
mimikyu_sudo,olt_team_8,1,0,0,1
mimikyu_sudo,olt_team_9,1,0,0,1
mimikyu_sudo,psyterrain_tr_mimikyu,1,0,0,1
mimikyu_sudo,rain_standard,0,1,1,0
mimikyu_sudo,sand_skarm,1,0,0,1
mimikyu_sudo,sinistcha,0,1,1,0
mimikyu_sudo,sun_scovillain,1,0,0,1
mimikyu_sudo,sun_venu,0,1,1,0
mimikyu_sudo,ttar_veil,1,0,0,1
mimikyu_sudo,veil_cheese,1,0,0,1
olt_team_0,olt_team_1,0,1,1,0
olt_team_0,olt_team_10,1,0,0,1
olt_team_0,olt_team_2,0,1,1,0
olt_team_0,olt_team_3,1,0,0,1
olt_team_0,olt_team_4,1,0,0,1
olt_team_0,olt_team_5,1,0,0,1
olt_team_0,olt_team_6,1,0,0,1
olt_team_0,olt_team_7,0,1,1,0
olt_team_0,olt_team_8,0,1,1,0
olt_team_0,olt_team_9,1,0,0,1
olt_team_0,psyterrain_tr_mimikyu,1,0,0,1
olt_team_0,rain_standard,0,1,1,0
olt_team_0,sand_skarm,1,0,0,1
olt_team_0,sinistcha,0,1,1,0
olt_team_0,sun_scovillain,0,1,1,0
olt_team_0,sun_venu,0,1,1,0
olt_team_0,ttar_veil,0,1,1,0
olt_team_0,veil_cheese,0,1,1,0
olt_team_1,olt_team_10,1,0,0,1
olt_team_1,olt_team_2,1,0,0,1
olt_team_1,olt_team_3,0,1,1,0
olt_team_1,olt_team_4,1,0,0,1
olt_team_1,olt_team_5,1,0,0,1
olt_team_1,olt_team_6,1,0,0,1
olt_team_1,olt_team_7,1,0,0,1
olt_team_1,olt_team_8,0,1,1,0
olt_team_1,olt_team_9,0,1,1,0
olt_team_1,psyterrain_tr_mimikyu,1,0,0,1
olt_team_1,rain_standard,0,1,1,0
olt_team_1,sand_skarm,1,0,0,1
olt_team_1,sinistcha,1,0,0,1
olt_team_1,sun_scovillain,0,1,1,0
olt_team_1,sun_venu,0,1,1,0
olt_team_1,ttar_veil,1,0,0,1
olt_team_1,veil_cheese,1,0,0,1
olt_team_10,olt_team_2,1,0,0,1
olt_team_10,olt_team_3,1,0,0,1
olt_team_10,olt_team_4,1,0,0,1
olt_team_10,olt_team_5,1,0,0,1
olt_team_10,olt_team_6,0,1,1,0
olt_team_10,olt_team_7,0,1,1,0
olt_team_10,olt_team_8,1,0,0,1
olt_team_10,olt_team_9,0,1,1,0
olt_team_10,psyterrain_tr_mimikyu,1,0,0,1
olt_team_10,rain_standard,0,1,1,0
olt_team_10,sand_skarm,0,1,1,0
olt_team_10,sinistcha,1,0,0,1
olt_team_10,sun_scovillain,1,0,0,1
olt_team_10,sun_venu,0,1,1,0
olt_team_10,ttar_veil,1,0,0,1
olt_team_10,veil_cheese,1,0,0,1
olt_team_2,olt_team_3,0,1,1,0
olt_team_2,olt_team_4,0,1,1,0
olt_team_2,olt_team_5,1,0,0,1
olt_team_2,olt_team_6,0,1,1,0
olt_team_2,olt_team_7,0,1,1,0
olt_team_2,olt_team_8,1,0,0,1
olt_team_2,olt_team_9,1,0,0,1
olt_team_2,psyterrain_tr_mimikyu,1,0,0,1
olt_team_2,rain_standard,0,1,1,0
olt_team_2,sand_skarm,0,1,1,0
olt_team_2,sinistcha,0,1,1,0
olt_team_2,sun_scovillain,1,0,0,1
olt_team_2,sun_venu,1,0,0,1
olt_team_2,ttar_veil,0,1,1,0
olt_team_2,veil_cheese,0,1,1,0
olt_team_3,olt_team_4,1,0,0,1
olt_team_3,olt_team_5,0,1,1,0
olt_team_3,olt_team_6,1,0,0,1
olt_team_3,olt_team_7,1,0,0,1
olt_team_3,olt_team_8,1,0,0,1
olt_team_3,olt_team_9,1,0,0,1
olt_team_3,psyterrain_tr_mimikyu,1,0,0,1
olt_team_3,rain_standard,0,1,1,0
olt_team_3,sand_skarm,1,0,0,1
olt_team_3,sinistcha,1,0,0,1
olt_team_3,sun_scovillain,1,0,0,1
olt_team_3,sun_venu,1,0,0,1
olt_team_3,ttar_veil,1,0,0,1
olt_team_3,veil_cheese,1,0,0,1
olt_team_4,olt_team_5,0,1,1,0
olt_team_4,olt_team_6,1,0,0,1
olt_team_4,olt_team_7,1,0,0,1
olt_team_4,olt_team_8,1,0,0,1
olt_team_4,olt_team_9,1,0,0,1
olt_team_4,psyterrain_tr_mimikyu,1,0,0,1
olt_team_4,rain_standard,1,0,0,1
olt_team_4,sand_skarm,1,0,0,1
olt_team_4,sinistcha,0,1,1,0
olt_team_4,sun_scovillain,0,1,1,0
olt_team_4,sun_venu,0,1,1,0
olt_team_4,ttar_veil,0,1,1,0
olt_team_4,veil_cheese,1,0,0,1
olt_team_5,olt_team_6,1,0,0,1
olt_team_5,olt_team_7,0,1,1,0
olt_team_5,olt_team_8,0,1,1,0
olt_team_5,olt_team_9,0,1,1,0
olt_team_5,psyterrain_tr_mimikyu,1,0,0,1
olt_team_5,rain_standard,0,1,1,0
olt_team_5,sand_skarm,1,0,0,1
olt_team_5,sinistcha,1,0,0,1
olt_team_5,sun_scovillain,0,1,1,0
olt_team_5,sun_venu,1,0,0,1
olt_team_5,ttar_veil,1,0,0,1
olt_team_5,veil_cheese,1,0,0,1
olt_team_6,olt_team_7,0,1,1,0
olt_team_6,olt_team_8,0,1,1,0
olt_team_6,olt_team_9,0,1,1,0
olt_team_6,psyterrain_tr_mimikyu,0,1,1,0
olt_team_6,rain_standard,0,1,1,0
olt_team_6,sand_skarm,0,1,1,0
olt_team_6,sinistcha,0,1,1,0
olt_team_6,sun_scovillain,0,1,1,0
olt_team_6,sun_venu,0,1,1,0
olt_team_6,ttar_veil,1,0,0,1
olt_team_6,veil_cheese,0,1,1,0
olt_team_7,olt_team_8,1,0,0,1
olt_team_7,olt_team_9,1,0,0,1
olt_team_7,psyterrain_tr_mimikyu,0,1,1,0
olt_team_7,rain_standard,1,0,0,1
olt_team_7,sand_skarm,1,0,0,1
olt_team_7,sinistcha,1,0,0,1
olt_team_7,sun_scovillain,1,0,0,1
olt_team_7,sun_venu,0,1,1,0
olt_team_7,ttar_veil,1,0,0,1
olt_team_7,veil_cheese,0,1,1,0
olt_team_8,olt_team_9,1,0,0,1
olt_team_8,psyterrain_tr_mimikyu,1,0,0,1
olt_team_8,rain_standard,1,0,0,1
olt_team_8,sand_skarm,0,1,1,0
olt_team_8,sinistcha,0,1,1,0
olt_team_8,sun_scovillain,1,0,0,1
olt_team_8,sun_venu,1,0,0,1
olt_team_8,ttar_veil,1,0,0,1
olt_team_8,veil_cheese,0,1,1,0
olt_team_9,psyterrain_tr_mimikyu,1,0,0,1
olt_team_9,rain_standard,1,0,0,1
olt_team_9,sand_skarm,0,1,1,0
olt_team_9,sinistcha,1,0,0,1
olt_team_9,sun_scovillain,0,1,1,0
olt_team_9,sun_venu,1,0,0,1
olt_team_9,ttar_veil,0,1,1,0
olt_team_9,veil_cheese,1,0,0,1
psyterrain_tr_mimikyu,rain_standard,0,1,1,0
psyterrain_tr_mimikyu,sand_skarm,0,1,1,0
psyterrain_tr_mimikyu,sinistcha,0,1,1,0
psyterrain_tr_mimikyu,sun_scovillain,1,0,0,1
psyterrain_tr_mimikyu,sun_venu,0,1,1,0
psyterrain_tr_mimikyu,ttar_veil,0,1,1,0
psyterrain_tr_mimikyu,veil_cheese,0,1,1,0
rain_standard,sand_skarm,0,1,1,0
rain_standard,sinistcha,1,0,0,1
rain_standard,sun_scovillain,1,0,0,1
rain_standard,sun_venu,1,0,0,1
rain_standard,ttar_veil,1,0,0,1
rain_standard,veil_cheese,1,0,0,1
sand_skarm,sinistcha,0,1,1,0
sand_skarm,sun_scovillain,0,1,1,0
sand_skarm,sun_venu,1,0,0,1
sand_skarm,ttar_veil,0,1,1,0
sand_skarm,veil_cheese,1,0,0,1
sinistcha,sun_scovillain,1,0,0,1
sinistcha,sun_venu,0,1,1,0
sinistcha,ttar_veil,0,1,1,0
sinistcha,veil_cheese,1,0,0,1
sun_scovillain,sun_venu,0,1,1,0
sun_scovillain,ttar_veil,1,0,0,1
sun_scovillain,veil_cheese,1,0,0,1
sun_venu,ttar_veil,1,0,0,1
sun_venu,veil_cheese,1,0,0,1
ttar_veil,veil_cheese,1,0,0,1
OFF_PREMO_drag,PREMO_modified_gw,1,1,1,1
OFF_PREMO_drag,blaziken_bb,0,2,2,0
OFF_PREMO_drag,ditto_stall,2,0,0,2
OFF_PREMO_drag,grassy_terrain_ursa,1,1,1,1
OFF_PREMO_drag,mimikyu_sudo,1,1,1,1
OFF_PREMO_drag,olt_team_0,1,1,1,1
OFF_PREMO_drag,olt_team_1,1,1,1,1
OFF_PREMO_drag,olt_team_10,2,0,0,2
OFF_PREMO_drag,olt_team_2,2,0,0,2
OFF_PREMO_drag,olt_team_3,1,1,1,1
OFF_PREMO_drag,olt_team_4,1,1,1,1
OFF_PREMO_drag,olt_team_5,0,2,2,0
OFF_PREMO_drag,olt_team_7,0,2,2,0
OFF_PREMO_drag,olt_team_8,2,0,0,2
OFF_PREMO_drag,olt_team_9,2,0,0,2
OFF_PREMO_drag,rain_standard,2,0,0,2
OFF_PREMO_drag,sand_skarm,2,0,0,2
OFF_PREMO_drag,sinistcha,1,1,1,1
OFF_PREMO_drag,sun_scovillain,2,0,0,2
OFF_PREMO_drag,sun_venu,1,1,1,1
OFF_PREMO_drag,ttar_veil,2,0,0,2
OFF_PREMO_drag,veil_cheese,2,0,0,2
PREMO_modified_gw,blaziken_bb,2,0,0,2
PREMO_modified_gw,ditto_stall,1,1,1,1
PREMO_modified_gw,grassy_terrain_ursa,2,0,0,2
PREMO_modified_gw,mimikyu_sudo,1,1,1,1
PREMO_modified_gw,olt_team_0,2,0,0,2
PREMO_modified_gw,olt_team_1,1,1,1,1
PREMO_modified_gw,olt_team_10,2,0,0,2
PREMO_modified_gw,olt_team_2,2,0,0,2
PREMO_modified_gw,olt_team_3,0,2,2,0
PREMO_modified_gw,olt_team_4,2,0,0,2
PREMO_modified_gw,olt_team_5,1,1,1,1
PREMO_modified_gw,olt_team_7,1,1,1,1
PREMO_modified_gw,olt_team_8,1,1,1,1
PREMO_modified_gw,olt_team_9,1,1,1,1
PREMO_modified_gw,rain_standard,2,0,0,2
PREMO_modified_gw,sand_skarm,2,0,0,2
PREMO_modified_gw,sinistcha,0,2,2,0
PREMO_modified_gw,sun_scovillain,0,2,2,0
PREMO_modified_gw,sun_venu,1,1,1,1
PREMO_modified_gw,ttar_veil,1,1,1,1
PREMO_modified_gw,veil_cheese,1,1,1,1
blaziken_bb,ditto_stall,1,1,1,1
blaziken_bb,grassy_terrain_ursa,2,0,0,2
blaziken_bb,mimikyu_sudo,1,1,1,1
blaziken_bb,olt_team_0,1,1,1,1
blaziken_bb,olt_team_1,1,1,1,1
blaziken_bb,olt_team_10,2,0,0,2
blaziken_bb,olt_team_2,1,1,1,1
blaziken_bb,olt_team_3,1,1,1,1
blaziken_bb,olt_team_4,0,2,2,0
blaziken_bb,olt_team_5,1,1,1,1
blaziken_bb,olt_team_7,0,2,2,0
blaziken_bb,olt_team_8,1,1,1,1
blaziken_bb,olt_team_9,2,0,0,2
blaziken_bb,rain_standard,2,0,0,2
blaziken_bb,sand_skarm,0,2,2,0
blaziken_bb,sinistcha,1,1,1,1
blaziken_bb,sun_scovillain,2,0,0,2
blaziken_bb,sun_venu,2,0,0,2
blaziken_bb,ttar_veil,1,1,1,1
blaziken_bb,veil_cheese,1,1,1,1
ditto_stall,grassy_terrain_ursa,1,1,1,1
ditto_stall,mimikyu_sudo,0,2,2,0
ditto_stall,olt_team_0,0,2,2,0
ditto_stall,olt_team_1,1,1,1,1
ditto_stall,olt_team_10,0,2,2,0
ditto_stall,olt_team_2,0,2,2,0
ditto_stall,olt_team_3,0,2,2,0
ditto_stall,olt_team_4,1,1,1,1
ditto_stall,olt_team_5,2,0,0,2
ditto_stall,olt_team_7,1,1,1,1
ditto_stall,olt_team_8,1,1,1,1
ditto_stall,olt_team_9,1,1,1,1
ditto_stall,rain_standard,0,2,2,0
ditto_stall,sand_skarm,0,2,2,0
ditto_stall,sinistcha,0,2,2,0
ditto_stall,sun_scovillain,0,2,2,0
ditto_stall,sun_venu,2,0,0,2
ditto_stall,ttar_veil,1,1,1,1
ditto_stall,veil_cheese,0,2,2,0
grassy_terrain_ursa,mimikyu_sudo,0,2,2,0
grassy_terrain_ursa,olt_team_0,2,0,0,2
grassy_terrain_ursa,olt_team_1,0,2,2,0
grassy_terrain_ursa,olt_team_10,2,0,0,2
grassy_terrain_ursa,olt_team_2,1,1,1,1
grassy_terrain_ursa,olt_team_3,0,2,2,0
grassy_terrain_ursa,olt_team_4,1,1,1,1
grassy_terrain_ursa,olt_team_5,0,2,2,0
grassy_terrain_ursa,olt_team_7,0,2,2,0
grassy_terrain_ursa,olt_team_8,0,2,2,0
grassy_terrain_ursa,olt_team_9,2,0,0,2
grassy_terrain_ursa,rain_standard,2,0,0,2
grassy_terrain_ursa,sand_skarm,2,0,0,2
grassy_terrain_ursa,sinistcha,1,1,1,1
grassy_terrain_ursa,sun_scovillain,2,0,0,2
grassy_terrain_ursa,sun_venu,2,0,0,2
grassy_terrain_ursa,ttar_veil,1,1,1,1
grassy_terrain_ursa,veil_cheese,2,0,0,2
mimikyu_sudo,olt_team_0,1,1,1,1
mimikyu_sudo,olt_team_1,1,1,1,1
mimikyu_sudo,olt_team_10,1,1,1,1
mimikyu_sudo,olt_team_2,1,1,1,1
mimikyu_sudo,olt_team_3,1,1,1,1
mimikyu_sudo,olt_team_4,1,1,1,1
mimikyu_sudo,olt_team_5,1,1,1,1
mimikyu_sudo,olt_team_7,0,2,2,0
mimikyu_sudo,olt_team_8,0,2,2,0
mimikyu_sudo,olt_team_9,2,0,0,2
mimikyu_sudo,rain_standard,0,2,2,0
mimikyu_sudo,sand_skarm,1,1,1,1
mimikyu_sudo,sinistcha,2,0,0,2
mimikyu_sudo,sun_scovillain,2,0,0,2
mimikyu_sudo,sun_venu,2,0,0,2
mimikyu_sudo,ttar_veil,2,0,0,2
mimikyu_sudo,veil_cheese,1,1,1,1
olt_team_0,olt_team_1,0,2,2,0
olt_team_0,olt_team_10,1,1,1,1
olt_team_0,olt_team_2,2,0,0,2
olt_team_0,olt_team_3,1,1,1,1
olt_team_0,olt_team_4,0,2,2,0
olt_team_0,olt_team_5,2,0,0,2
olt_team_0,olt_team_7,1,1,1,1
olt_team_0,olt_team_8,1,1,1,1
olt_team_0,olt_team_9,2,0,0,2
olt_team_0,rain_standard,1,1,1,1
olt_team_0,sand_skarm,2,0,0,2
olt_team_0,sinistcha,2,0,0,2
olt_team_0,sun_scovillain,2,0,0,2
olt_team_0,sun_venu,1,1,1,1
olt_team_0,ttar_veil,2,0,0,2
olt_team_0,veil_cheese,1,1,1,1
olt_team_1,olt_team_10,1,1,1,1
olt_team_1,olt_team_2,1,1,1,1
olt_team_1,olt_team_3,1,1,1,1
olt_team_1,olt_team_4,1,1,1,1
olt_team_1,olt_team_5,2,0,0,2
olt_team_1,olt_team_7,0,2,2,0
olt_team_1,olt_team_8,0,2,2,0
olt_team_1,olt_team_9,2,0,0,2
olt_team_1,rain_standard,2,0,0,2
olt_team_1,sand_skarm,0,2,2,0
olt_team_1,sinistcha,1,1,1,1
olt_team_1,sun_scovillain,2,0,0,2
olt_team_1,sun_venu,2,0,0,2
olt_team_1,ttar_veil,2,0,0,2
olt_team_1,veil_cheese,1,1,1,1
olt_team_10,olt_team_2,1,1,1,1
olt_team_10,olt_team_3,0,2,2,0
olt_team_10,olt_team_4,1,1,1,1
olt_team_10,olt_team_5,0,2,2,0
olt_team_10,olt_team_7,1,1,1,1
olt_team_10,olt_team_8,1,1,1,1
olt_team_10,olt_team_9,2,0,0,2
olt_team_10,rain_standard,2,0,0,2
olt_team_10,sand_skarm,1,1,1,1
olt_team_10,sinistcha,1,1,1,1
olt_team_10,sun_scovillain,2,0,0,2
olt_team_10,sun_venu,1,1,1,1
olt_team_10,ttar_veil,1,1,1,1
olt_team_10,veil_cheese,2,0,0,2
olt_team_2,olt_team_3,1,1,1,1
olt_team_2,olt_team_4,1,1,1,1
olt_team_2,olt_team_5,2,0,0,2
olt_team_2,olt_team_7,0,2,2,0
olt_team_2,olt_team_8,1,1,1,1
olt_team_2,olt_team_9,2,0,0,2
olt_team_2,rain_standard,1,1,1,1
olt_team_2,sand_skarm,2,0,0,2
olt_team_2,sinistcha,2,0,0,2
olt_team_2,sun_scovillain,2,0,0,2
olt_team_2,sun_venu,1,1,1,1
olt_team_2,ttar_veil,2,0,0,2
olt_team_2,veil_cheese,2,0,0,2
olt_team_3,olt_team_4,2,0,0,2
olt_team_3,olt_team_5,2,0,0,2
olt_team_3,olt_team_7,0,2,2,0
olt_team_3,olt_team_8,0,2,2,0
olt_team_3,olt_team_9,2,0,0,2
olt_team_3,rain_standard,1,1,1,1
olt_team_3,sand_skarm,2,0,0,2
olt_team_3,sinistcha,1,1,1,1
olt_team_3,sun_scovillain,2,0,0,2
olt_team_3,sun_venu,2,0,0,2
olt_team_3,ttar_veil,2,0,0,2
olt_team_3,veil_cheese,1,1,1,1
olt_team_4,olt_team_5,1,1,1,1
olt_team_4,olt_team_7,2,0,0,2
olt_team_4,olt_team_8,1,1,1,1
olt_team_4,olt_team_9,1,1,1,1
olt_team_4,rain_standard,1,1,1,1
olt_team_4,sand_skarm,2,0,0,2
olt_team_4,sinistcha,0,2,2,0
olt_team_4,sun_scovillain,1,1,1,1
olt_team_4,sun_venu,0,2,2,0
olt_team_4,ttar_veil,0,2,2,0
olt_team_4,veil_cheese,2,0,0,2
olt_team_5,olt_team_7,0,2,2,0
olt_team_5,olt_team_8,1,1,1,1
olt_team_5,olt_team_9,2,0,0,2
olt_team_5,rain_standard,0,2,2,0
olt_team_5,sand_skarm,2,0,0,2
olt_team_5,sinistcha,0,2,2,0
olt_team_5,sun_scovillain,0,2,2,0
olt_team_5,sun_venu,2,0,0,2
olt_team_5,ttar_veil,2,0,0,2
olt_team_5,veil_cheese,1,1,1,1
olt_team_7,olt_team_8,1,1,1,1
olt_team_7,olt_team_9,1,1,1,1
olt_team_7,rain_standard,0,2,2,0
olt_team_7,sand_skarm,2,0,0,2
olt_team_7,sinistcha,2,0,0,2
olt_team_7,sun_scovillain,0,2,2,0
olt_team_7,sun_venu,0,2,2,0
olt_team_7,ttar_veil,2,0,0,2
olt_team_7,veil_cheese,1,1,1,1
olt_team_8,olt_team_9,2,0,0,2
olt_team_8,rain_standard,1,1,1,1
olt_team_8,sand_skarm,2,0,0,2
olt_team_8,sinistcha,1,1,1,1
olt_team_8,sun_scovillain,0,2,2,0
olt_team_8,sun_venu,2,0,0,2
olt_team_8,ttar_veil,1,1,1,1
olt_team_8,veil_cheese,0,2,2,0
olt_team_9,rain_standard,2,0,0,2
olt_team_9,sand_skarm,0,2,2,0
olt_team_9,sinistcha,2,0,0,2
olt_team_9,sun_scovillain,1,1,1,1
olt_team_9,sun_venu,1,1,1,1
olt_team_9,ttar_veil,1,1,1,1
olt_team_9,veil_cheese,1,1,1,1
rain_standard,sand_skarm,1,1,1,1
rain_standard,sinistcha,1,1,1,1
rain_standard,sun_scovillain,1,1,1,1
rain_standard,sun_venu,0,2,2,0
rain_standard,ttar_veil,1,1,1,1
rain_standard,veil_cheese,2,0,0,2
sand_skarm,sinistcha,1,1,1,1
sand_skarm,sun_scovillain,1,1,1,1
sand_skarm,sun_venu,2,0,0,2
sand_skarm,ttar_veil,2,0,0,2
sand_skarm,veil_cheese,1,1,1,1
sinistcha,sun_scovillain,1,1,1,1
sinistcha,sun_venu,2,0,0,2
sinistcha,ttar_veil,2,0,0,2
sinistcha,veil_cheese,0,2,2,0
sun_scovillain,sun_venu,1,1,1,1
sun_scovillain,ttar_veil,1,1,1,1
sun_scovillain,veil_cheese,1,1,1,1
sun_venu,ttar_veil,1,1,1,1
sun_venu,veil_cheese,2,0,0,2
ttar_veil,veil_cheese,2,0,0,2
OFF_PREMO_drag,PREMO_modified_gw,0,3,3,0
OFF_PREMO_drag,blaziken_bb,1,2,2,1
OFF_PREMO_drag,mimikyu_sudo,2,1,1,2
OFF_PREMO_drag,olt_team_0,2,1,1,2
OFF_PREMO_drag,olt_team_1,2,1,1,2
OFF_PREMO_drag,olt_team_10,2,1,1,2
OFF_PREMO_drag,olt_team_2,3,0,0,3
OFF_PREMO_drag,olt_team_3,1,2,2,1
OFF_PREMO_drag,olt_team_4,3,0,0,3
OFF_PREMO_drag,olt_team_5,1,2,2,1
OFF_PREMO_drag,olt_team_7,2,1,1,2
OFF_PREMO_drag,olt_team_8,1,2,2,1
OFF_PREMO_drag,rain_standard,2,1,1,2
OFF_PREMO_drag,sand_skarm,2,1,1,2
OFF_PREMO_drag,sinistcha,3,0,0,3
OFF_PREMO_drag,sun_scovillain,2,1,1,2
OFF_PREMO_drag,sun_venu,0,3,3,0
OFF_PREMO_drag,ursa_av_gt,5,1,1,5
PREMO_modified_gw,blaziken_bb,2,1,1,2
PREMO_modified_gw,mimikyu_sudo,2,1,1,2
PREMO_modified_gw,olt_team_0,2,1,1,2
PREMO_modified_gw,olt_team_1,1,2,2,1
PREMO_modified_gw,olt_team_10,1,2,2,1
PREMO_modified_gw,olt_team_2,3,0,0,3
PREMO_modified_gw,olt_team_3,3,0,0,3
PREMO_modified_gw,olt_team_4,2,1,1,2
PREMO_modified_gw,olt_team_5,1,2,2,1
PREMO_modified_gw,olt_team_7,2,1,1,2
PREMO_modified_gw,olt_team_8,2,1,1,2
PREMO_modified_gw,rain_standard,3,0,0,3
PREMO_modified_gw,sand_skarm,3,0,0,3
PREMO_modified_gw,sinistcha,3,0,0,3
PREMO_modified_gw,sun_scovillain,1,2,2,1
PREMO_modified_gw,sun_venu,3,0,0,3
PREMO_modified_gw,ursa_av_gt,6,0,0,6
blaziken_bb,mimikyu_sudo,2,1,1,2
blaziken_bb,olt_team_0,2,1,1,2
blaziken_bb,olt_team_1,1,2,2,1
blaziken_bb,olt_team_10,3,0,0,3
blaziken_bb,olt_team_2,3,0,0,3
blaziken_bb,olt_team_3,0,3,3,0
blaziken_bb,olt_team_4,3,0,0,3
blaziken_bb,olt_team_5,2,1,1,2
blaziken_bb,olt_team_7,1,2,2,1
blaziken_bb,olt_team_8,0,3,3,0
blaziken_bb,rain_standard,3,0,0,3
blaziken_bb,sand_skarm,2,1,1,2
blaziken_bb,sinistcha,3,0,0,3
blaziken_bb,sun_scovillain,2,1,1,2
blaziken_bb,sun_venu,1,2,2,1
blaziken_bb,ursa_av_gt,4,2,2,4
mimikyu_sudo,olt_team_0,1,2,2,1
mimikyu_sudo,olt_team_1,2,1,1,2
mimikyu_sudo,olt_team_10,2,1,1,2
mimikyu_sudo,olt_team_2,2,1,1,2
mimikyu_sudo,olt_team_3,3,0,0,3
mimikyu_sudo,olt_team_4,3,0,0,3
mimikyu_sudo,olt_team_5,3,0,0,3
mimikyu_sudo,olt_team_7,1,2,2,1
mimikyu_sudo,olt_team_8,2,1,1,2
mimikyu_sudo,rain_standard,1,2,2,1
mimikyu_sudo,sand_skarm,2,1,1,2
mimikyu_sudo,sinistcha,2,1,1,2
mimikyu_sudo,sun_scovillain,3,0,0,3
mimikyu_sudo,sun_venu,1,2,2,1
mimikyu_sudo,ursa_av_gt,5,1,1,5
olt_team_0,olt_team_1,1,2,2,1
olt_team_0,olt_team_10,1,2,2,1
olt_team_0,olt_team_2,2,1,1,2
olt_team_0,olt_team_3,1,2,2,1
olt_team_0,olt_team_4,1,2,2,1
olt_team_0,olt_team_5,3,0,0,3
olt_team_0,olt_team_7,1,2,2,1
olt_team_0,olt_team_8,1,2,2,1
olt_team_0,rain_standard,1,2,2,1
olt_team_0,sand_skarm,3,0,0,3
olt_team_0,sinistcha,1,2,2,1
olt_team_0,sun_scovillain,2,1,1,2
olt_team_0,sun_venu,2,1,1,2
olt_team_0,ursa_av_gt,5,1,1,5
olt_team_1,olt_team_10,0,3,3,0
olt_team_1,olt_team_2,3,0,0,3
olt_team_1,olt_team_3,2,1,1,2
olt_team_1,olt_team_4,3,0,0,3
olt_team_1,olt_team_5,2,1,1,2
olt_team_1,olt_team_7,1,2,2,1
olt_team_1,olt_team_8,0,3,3,0
olt_team_1,rain_standard,2,1,1,2
olt_team_1,sand_skarm,3,0,0,3
olt_team_1,sinistcha,2,1,1,2
olt_team_1,sun_scovillain,2,1,1,2
olt_team_1,sun_venu,2,1,1,2
olt_team_1,ursa_av_gt,3,3,3,3
olt_team_10,olt_team_2,2,1,1,2
olt_team_10,olt_team_3,2,1,1,2
olt_team_10,olt_team_4,3,0,0,3
olt_team_10,olt_team_5,0,3,3,0
olt_team_10,olt_team_7,0,3,3,0
olt_team_10,olt_team_8,3,0,0,3
olt_team_10,rain_standard,1,2,2,1
olt_team_10,sand_skarm,2,1,1,2
olt_team_10,sinistcha,1,2,2,1
olt_team_10,sun_scovillain,3,0,0,3
olt_team_10,sun_venu,2,1,1,2
olt_team_10,ursa_av_gt,4,2,2,4
olt_team_2,olt_team_3,0,3,3,0
olt_team_2,olt_team_4,3,0,0,3
olt_team_2,olt_team_5,2,1,1,2
olt_team_2,olt_team_7,3,0,0,3
olt_team_2,olt_team_8,0,3,3,0
olt_team_2,rain_standard,1,2,2,1
olt_team_2,sand_skarm,1,2,2,1
olt_team_2,sinistcha,2,1,1,2
olt_team_2,sun_scovillain,2,1,1,2
olt_team_2,sun_venu,1,2,2,1
olt_team_2,ursa_av_gt,1,5,5,1
olt_team_3,olt_team_4,3,0,0,3
olt_team_3,olt_team_5,3,0,0,3
olt_team_3,olt_team_7,0,3,3,0
olt_team_3,olt_team_8,1,2,2,1
olt_team_3,rain_standard,3,0,0,3
olt_team_3,sand_skarm,1,2,2,1
olt_team_3,sinistcha,2,1,1,2
olt_team_3,sun_scovillain,3,0,0,3
olt_team_3,sun_venu,1,2,2,1
olt_team_3,ursa_av_gt,4,2,2,4
olt_team_4,olt_team_5,3,0,0,3
olt_team_4,olt_team_7,0,3,3,0
olt_team_4,olt_team_8,2,1,1,2
olt_team_4,rain_standard,1,2,2,1
olt_team_4,sand_skarm,2,1,1,2
olt_team_4,sinistcha,0,3,3,0
olt_team_4,sun_scovillain,2,1,1,2
olt_team_4,sun_venu,0,3,3,0
olt_team_4,ursa_av_gt,6,0,0,6
olt_team_5,olt_team_7,3,0,0,3
olt_team_5,olt_team_8,1,2,2,1
olt_team_5,rain_standard,1,2,2,1
olt_team_5,sand_skarm,3,0,0,3
olt_team_5,sinistcha,1,2,2,1
olt_team_5,sun_scovillain,2,1,1,2
olt_team_5,sun_venu,1,2,2,1
olt_team_5,ursa_av_gt,3,3,3,3
olt_team_7,olt_team_8,3,0,0,3
olt_team_7,rain_standard,1,2,2,1
olt_team_7,sand_skarm,3,0,0,3
olt_team_7,sinistcha,1,2,2,1
olt_team_7,sun_scovillain,2,1,1,2
olt_team_7,sun_venu,0,3,3,0
olt_team_7,ursa_av_gt,4,2,2,4
olt_team_8,rain_standard,1,2,2,1
olt_team_8,sand_skarm,2,1,1,2
olt_team_8,sinistcha,2,1,1,2
olt_team_8,sun_scovillain,2,1,1,2
olt_team_8,sun_venu,3,0,0,3
olt_team_8,ursa_av_gt,4,2,2,4
rain_standard,sand_skarm,2,1,1,2
rain_standard,sinistcha,1,2,2,1
rain_standard,sun_scovillain,2,1,1,2
rain_standard,sun_venu,2,1,1,2
rain_standard,ursa_av_gt,2,4,4,2
sand_skarm,sinistcha,0,3,3,0
sand_skarm,sun_scovillain,1,2,2,1
sand_skarm,sun_venu,2,1,1,2
sand_skarm,ursa_av_gt,1,5,5,1
sinistcha,sun_scovillain,2,1,1,2
sinistcha,sun_venu,1,2,2,1
sinistcha,ursa_av_gt,1,5,5,1
sun_scovillain,sun_venu,1,2,2,1
sun_scovillain,ursa_av_gt,3,3,3,3
sun_venu,ursa_av_gt,3,3,3,3
OFF_PREMO_drag,PREMO_modified_gw,3,1,1,3
OFF_PREMO_drag,ash_gren_rain_floatzel,5,5,5,5
OFF_PREMO_drag,blaziken_bb,3,1,1,3
OFF_PREMO_drag,mimikyu_sudo,3,1,1,3
OFF_PREMO_drag,olt_team_0,3,1,1,3
OFF_PREMO_drag,olt_team_1,3,1,1,3
OFF_PREMO_drag,olt_team_10,4,0,0,4
OFF_PREMO_drag,olt_team_3,1,3,3,1
OFF_PREMO_drag,olt_team_5,1,3,3,1
OFF_PREMO_drag,olt_team_7,2,2,2,2
OFF_PREMO_drag,olt_team_8,0,4,4,0
OFF_PREMO_drag,rain_standard,3,1,1,3
OFF_PREMO_drag,sinistcha,4,0,0,4
OFF_PREMO_drag,sun_venu,4,0,0,4
PREMO_modified_gw,ash_gren_rain_floatzel,9,1,1,9
PREMO_modified_gw,blaziken_bb,3,1,1,3
PREMO_modified_gw,mimikyu_sudo,3,1,1,3
PREMO_modified_gw,olt_team_0,3,1,1,3
PREMO_modified_gw,olt_team_1,4,0,0,4
PREMO_modified_gw,olt_team_10,2,2,2,2
PREMO_modified_gw,olt_team_3,2,2,2,2
PREMO_modified_gw,olt_team_5,0,4,4,0
PREMO_modified_gw,olt_team_7,1,3,3,1
PREMO_modified_gw,olt_team_8,4,0,0,4
PREMO_modified_gw,rain_standard,4,0,0,4
PREMO_modified_gw,sinistcha,3,1,1,3
PREMO_modified_gw,sun_venu,1,3,3,1
ash_gren_rain_floatzel,blaziken_bb,7,3,3,7
ash_gren_rain_floatzel,mimikyu_sudo,7,3,3,7
ash_gren_rain_floatzel,olt_team_0,3,7,7,3
ash_gren_rain_floatzel,olt_team_1,2,8,8,2
ash_gren_rain_floatzel,olt_team_10,0,10,10,0
ash_gren_rain_floatzel,olt_team_3,4,6,6,4
ash_gren_rain_floatzel,olt_team_5,6,4,4,6
ash_gren_rain_floatzel,olt_team_7,4,6,6,4
ash_gren_rain_floatzel,olt_team_8,4,6,6,4
ash_gren_rain_floatzel,rain_standard,2,8,8,2
ash_gren_rain_floatzel,sinistcha,7,3,3,7
ash_gren_rain_floatzel,sun_venu,7,3,3,7
blaziken_bb,mimikyu_sudo,2,2,2,2
blaziken_bb,olt_team_0,3,1,1,3
blaziken_bb,olt_team_1,1,3,3,1
blaziken_bb,olt_team_10,3,1,1,3
blaziken_bb,olt_team_3,0,4,4,0
blaziken_bb,olt_team_5,2,2,2,2
blaziken_bb,olt_team_7,0,4,4,0
blaziken_bb,olt_team_8,2,2,2,2
blaziken_bb,rain_standard,3,1,1,3
blaziken_bb,sinistcha,3,1,1,3
blaziken_bb,sun_venu,3,1,1,3
mimikyu_sudo,olt_team_0,3,1,1,3
mimikyu_sudo,olt_team_1,3,1,1,3
mimikyu_sudo,olt_team_10,3,1,1,3
mimikyu_sudo,olt_team_3,1,3,3,1
mimikyu_sudo,olt_team_5,3,1,1,3
mimikyu_sudo,olt_team_7,0,4,4,0
mimikyu_sudo,olt_team_8,4,0,0,4
mimikyu_sudo,rain_standard,2,2,2,2
mimikyu_sudo,sinistcha,3,1,1,3
mimikyu_sudo,sun_venu,2,2,2,2
olt_team_0,olt_team_1,0,4,4,0
olt_team_0,olt_team_10,3,1,1,3
olt_team_0,olt_team_3,0,4,4,0
olt_team_0,olt_team_5,3,1,1,3
olt_team_0,olt_team_7,2,2,2,2
olt_team_0,olt_team_8,1,3,3,1
olt_team_0,rain_standard,2,2,2,2
olt_team_0,sinistcha,2,2,2,2
olt_team_0,sun_venu,4,0,0,4
olt_team_1,olt_team_10,1,3,3,1
olt_team_1,olt_team_3,2,2,2,2
olt_team_1,olt_team_5,3,1,1,3
olt_team_1,olt_team_7,1,3,3,1
olt_team_1,olt_team_8,1,3,3,1
olt_team_1,rain_standard,2,2,2,2
olt_team_1,sinistcha,4,0,0,4
olt_team_1,sun_venu,3,1,1,3
olt_team_10,olt_team_3,3,1,1,3
olt_team_10,olt_team_5,1,3,3,1
olt_team_10,olt_team_7,1,3,3,1
olt_team_10,olt_team_8,3,1,1,3
olt_team_10,rain_standard,1,3,3,1
olt_team_10,sinistcha,0,4,4,0
olt_team_10,sun_venu,1,3,3,1
olt_team_3,olt_team_5,3,1,1,3
olt_team_3,olt_team_7,1,3,3,1
olt_team_3,olt_team_8,4,0,0,4
olt_team_3,rain_standard,1,3,3,1
olt_team_3,sinistcha,4,0,0,4
olt_team_3,sun_venu,4,0,0,4
olt_team_5,olt_team_7,1,3,3,1
olt_team_5,olt_team_8,1,3,3,1
olt_team_5,rain_standard,1,3,3,1
olt_team_5,sinistcha,1,3,3,1
olt_team_5,sun_venu,3,1,1,3
olt_team_7,olt_team_8,1,3,3,1
olt_team_7,rain_standard,3,1,1,3
olt_team_7,sinistcha,4,0,0,4
olt_team_7,sun_venu,2,2,2,2
olt_team_8,rain_standard,3,1,1,3
olt_team_8,sinistcha,2,2,2,2
olt_team_8,sun_venu,3,1,1,3
rain_standard,sinistcha,1,3,3,1
rain_standard,sun_venu,3,1,1,3
sinistcha,sun_venu,2,2,2,2
OFF_PREMO_drag,PREMO_modified_gw_rilla_heatran,3,7,7,3
OFF_PREMO_drag,encore_val,3,7,7,3
OFF_PREMO_gliscor,PREMO_modified_gw,6,4,4,6
OFF_PREMO_gliscor,PREMO_modified_gw_rilla_heatran,6,4,4,6
OFF_PREMO_gliscor,ash_gren_rain_floatzel,2,8,8,2
OFF_PREMO_gliscor,blaziken_bb,5,5,5,5
OFF_PREMO_gliscor,encore_val,7,3,3,7
OFF_PREMO_gliscor,mimikyu_sudo,9,1,1,9
OFF_PREMO_gliscor,olt_team_0,4,6,6,4
OFF_PREMO_gliscor,olt_team_1,1,9,9,1
OFF_PREMO_gliscor,olt_team_10,3,7,7,3
OFF_PREMO_gliscor,olt_team_3,6,4,4,6
OFF_PREMO_gliscor,olt_team_7,5,5,5,5
OFF_PREMO_gliscor,olt_team_8,3,7,7,3
OFF_PREMO_gliscor,rain_standard,3,7,7,3
PREMO_modified_gw,PREMO_modified_gw_rilla_heatran,6,4,4,6
PREMO_modified_gw,encore_val,5,5,5,5
PREMO_modified_gw,team_0,1,9,9,1
PREMO_modified_gw_rilla_heatran,ash_gren_rain_floatzel,9,1,1,9
PREMO_modified_gw_rilla_heatran,blaziken_bb,4,6,6,4
PREMO_modified_gw_rilla_heatran,encore_val,6,4,4,6
PREMO_modified_gw_rilla_heatran,mimikyu_sudo,3,7,7,3
PREMO_modified_gw_rilla_heatran,olt_team_0,7,3,3,7
PREMO_modified_gw_rilla_heatran,olt_team_1,3,7,7,3
PREMO_modified_gw_rilla_heatran,olt_team_10,7,3,3,7
PREMO_modified_gw_rilla_heatran,olt_team_3,1,9,9,1
PREMO_modified_gw_rilla_heatran,olt_team_7,5,5,5,5
PREMO_modified_gw_rilla_heatran,olt_team_8,5,5,5,5
PREMO_modified_gw_rilla_heatran,rain_standard,4,6,6,4
PREMO_modified_gw_rilla_heatran,team_0,5,5,5,5
ash_gren_rain_floatzel,encore_val,8,2,2,8
ash_gren_rain_floatzel,team_0,5,5,5,5
blaziken_bb,encore_val,3,7,7,3
blaziken_bb,team_0,5,5,5,5
encore_val,mimikyu_sudo,2,8,8,2
encore_val,olt_team_0,8,2,2,8
encore_val,olt_team_1,8,2,2,8
encore_val,olt_team_10,6,4,4,6
encore_val,olt_team_3,9,1,1,9
encore_val,olt_team_7,6,4,4,6
encore_val,olt_team_8,5,5,5,5
encore_val,rain_standard,3,7,7,3
encore_val,team_0,7,3,3,7
mimikyu_sudo,team_0,4,6,6,4
olt_team_0,team_0,2,8,8,2
olt_team_1,team_0,3,7,7,3
olt_team_10,team_0,4,6,6,4
olt_team_3,team_0,3,7,7,3
olt_team_7,team_0,5,5,5,5
olt_team_8,team_0,5,5,5,5
rain_standard,team_0,5,5,5,5
OFF_PREMO_MOLTRES,OFF_PREMO_gliscor,6,19,19,6
OFF_PREMO_MOLTRES,PREMO_modified_gw,15,10,10,15
OFF_PREMO_MOLTRES,PREMO_modified_gw_rilla_heatran,12,13,13,12
OFF_PREMO_MOLTRES,ash_gren_rain_floatzel,7,18,18,7
OFF_PREMO_MOLTRES,blaziken_bb,10,15,15,10
OFF_PREMO_MOLTRES,encore_val,13,12,12,13
OFF_PREMO_MOLTRES,mimikyu_sudo,21,4,4,21
OFF_PREMO_MOLTRES,olt_team_0,22,3,3,22
OFF_PREMO_MOLTRES,olt_team_1,13,12,12,13
OFF_PREMO_MOLTRES,olt_team_10,16,9,9,16
OFF_PREMO_MOLTRES,olt_team_3,16,9,9,16
OFF_PREMO_MOLTRES,olt_team_7,14,11,11,14
OFF_PREMO_MOLTRES,olt_team_8,13,12,12,13
OFF_PREMO_MOLTRES,rain_standard,13,12,12,13
OFF_PREMO_OGER,OFF_PREMO_gliscor,7,18,18,7
OFF_PREMO_OGER,PREMO_modified_gw,16,9,9,16
OFF_PREMO_OGER,PREMO_modified_gw_rilla_heatran,9,16,16,9
OFF_PREMO_OGER,ash_gren_rain_floatzel,15,10,10,15
OFF_PREMO_OGER,blaziken_bb,16,9,9,16
OFF_PREMO_OGER,encore_val,10,15,15,10
OFF_PREMO_OGER,mimikyu_sudo,20,5,5,20
OFF_PREMO_OGER,olt_team_0,17,8,8,17
OFF_PREMO_OGER,olt_team_1,13,12,12,13
OFF_PREMO_OGER,olt_team_10,12,13,13,12
OFF_PREMO_OGER,olt_team_3,14,11,11,14
OFF_PREMO_OGER,olt_team_7,15,10,10,15
OFF_PREMO_OGER,olt_team_8,9,16,16,9
OFF_PREMO_OGER,rain_standard,17,8,8,17
OFF_PREMO_drag,PREMO_modified_gw,9,6,6,9
OFF_PREMO_drag,PREMO_modified_gw_rilla_heatran,5,10,10,5
OFF_PREMO_drag,ash_gren_rain_floatzel,11,4,4,11
OFF_PREMO_drag,blaziken_bb,10,5,5,10
OFF_PREMO_drag,encore_val,8,7,7,8
OFF_PREMO_drag,mimikyu_sudo,11,4,4,11
OFF_PREMO_drag,olt_team_0,12,3,3,12
OFF_PREMO_drag,olt_team_1,9,6,6,9
OFF_PREMO_drag,olt_team_10,13,2,2,13
OFF_PREMO_drag,olt_team_3,9,6,6,9
OFF_PREMO_drag,olt_team_7,11,4,4,11
OFF_PREMO_drag,olt_team_8,5,10,10,5
OFF_PREMO_drag,rain_standard,7,8,8,7
OFF_PREMO_gliscor,PREMO_modified_gw,4,11,11,4
OFF_PREMO_gliscor,PREMO_modified_gw_rilla_heatran,8,7,7,8
OFF_PREMO_gliscor,ash_gren_rain_floatzel,1,14,14,1
OFF_PREMO_gliscor,blaziken_bb,9,6,6,9
OFF_PREMO_gliscor,encore_val,11,4,4,11
OFF_PREMO_gliscor,mimikyu_sudo,12,3,3,12
OFF_PREMO_gliscor,olt_team_0,6,9,9,6
OFF_PREMO_gliscor,olt_team_1,6,9,9,6
OFF_PREMO_gliscor,olt_team_10,11,4,4,11
OFF_PREMO_gliscor,olt_team_3,9,6,6,9
OFF_PREMO_gliscor,olt_team_7,12,3,3,12
OFF_PREMO_gliscor,olt_team_8,7,8,8,7
OFF_PREMO_gliscor,rain_standard,8,7,7,8
PREMO_modified_gw,PREMO_modified_gw_rilla_heatran,9,6,6,9
PREMO_modified_gw,ash_gren_rain_floatzel,14,1,1,14
PREMO_modified_gw,blaziken_bb,10,5,5,10
PREMO_modified_gw,encore_val,3,12,12,3
PREMO_modified_gw,mimikyu_sudo,7,8,8,7
PREMO_modified_gw,olt_team_0,11,4,4,11
PREMO_modified_gw,olt_team_1,10,5,5,10
PREMO_modified_gw,olt_team_10,9,6,6,9
PREMO_modified_gw,olt_team_3,11,4,4,11
PREMO_modified_gw,olt_team_7,9,6,6,9
PREMO_modified_gw,olt_team_8,7,8,8,7
PREMO_modified_gw,rain_standard,11,4,4,11
PREMO_modified_gw,team_0,7,8,8,7
PREMO_modified_gw_rilla_heatran,ash_gren_rain_floatzel,8,7,7,8
PREMO_modified_gw_rilla_heatran,blaziken_bb,7,8,8,7
PREMO_modified_gw_rilla_heatran,encore_val,9,6,6,9
PREMO_modified_gw_rilla_heatran,mimikyu_sudo,4,11,11,4
PREMO_modified_gw_rilla_heatran,olt_team_0,7,8,8,7
PREMO_modified_gw_rilla_heatran,olt_team_1,2,13,13,2
PREMO_modified_gw_rilla_heatran,olt_team_10,11,4,4,11
PREMO_modified_gw_rilla_heatran,olt_team_3,4,11,11,4
PREMO_modified_gw_rilla_heatran,olt_team_7,9,6,6,9
PREMO_modified_gw_rilla_heatran,olt_team_8,2,13,13,2
PREMO_modified_gw_rilla_heatran,rain_standard,10,5,5,10
PREMO_modified_gw_rilla_heatran,team_0,3,12,12,3
ash_gren_rain_floatzel,blaziken_bb,9,6,6,9
ash_gren_rain_floatzel,encore_val,6,9,9,6
ash_gren_rain_floatzel,mimikyu_sudo,10,5,5,10
ash_gren_rain_floatzel,olt_team_0,5,10,10,5
ash_gren_rain_floatzel,olt_team_1,6,9,9,6
ash_gren_rain_floatzel,olt_team_10,5,10,10,5
ash_gren_rain_floatzel,olt_team_3,4,11,11,4
ash_gren_rain_floatzel,olt_team_7,5,10,10,5
ash_gren_rain_floatzel,olt_team_8,4,11,11,4
ash_gren_rain_floatzel,rain_standard,4,11,11,4
ash_gren_rain_floatzel,team_0,5,10,10,5
blaziken_bb,encore_val,7,8,8,7
blaziken_bb,mimikyu_sudo,9,6,6,9
blaziken_bb,olt_team_0,8,7,7,8
blaziken_bb,olt_team_1,4,11,11,4
blaziken_bb,olt_team_10,11,4,4,11
blaziken_bb,olt_team_3,7,8,8,7
blaziken_bb,olt_team_7,4,11,11,4
blaziken_bb,olt_team_8,1,14,14,1
blaziken_bb,rain_standard,9,6,6,9
blaziken_bb,team_0,3,12,12,3
encore_val,mimikyu_sudo,3,12,12,3
encore_val,olt_team_0,8,7,7,8
encore_val,olt_team_1,11,4,4,11
encore_val,olt_team_10,4,11,11,4
encore_val,olt_team_3,13,2,2,13
encore_val,olt_team_7,5,10,10,5
encore_val,olt_team_8,5,10,10,5
encore_val,rain_standard,8,7,7,8
encore_val,team_0,10,5,5,10
mimikyu_sudo,olt_team_0,13,2,2,13
mimikyu_sudo,olt_team_1,6,9,9,6
mimikyu_sudo,olt_team_10,6,9,9,6
mimikyu_sudo,olt_team_3,12,3,3,12
mimikyu_sudo,olt_team_7,2,13,13,2
mimikyu_sudo,olt_team_8,9,6,6,9
mimikyu_sudo,rain_standard,5,10,10,5
mimikyu_sudo,team_0,4,11,11,4
olt_team_0,olt_team_1,3,12,12,3
olt_team_0,olt_team_10,8,7,7,8
olt_team_0,olt_team_3,3,12,12,3
olt_team_0,olt_team_7,7,8,8,7
olt_team_0,olt_team_8,3,12,12,3
olt_team_0,rain_standard,12,3,3,12
olt_team_0,team_0,3,12,12,3
olt_team_1,olt_team_10,10,5,5,10
olt_team_1,olt_team_3,9,6,6,9
olt_team_1,olt_team_7,8,7,7,8
olt_team_1,olt_team_8,4,11,11,4
olt_team_1,rain_standard,10,5,5,10
olt_team_1,team_0,7,8,8,7
olt_team_10,olt_team_3,5,10,10,5
olt_team_10,olt_team_7,4,11,11,4
olt_team_10,olt_team_8,9,6,6,9
olt_team_10,rain_standard,8,7,7,8
olt_team_10,team_0,7,8,8,7
olt_team_3,olt_team_7,2,13,13,2
olt_team_3,olt_team_8,5,10,10,5
olt_team_3,rain_standard,9,6,6,9
olt_team_3,team_0,3,12,12,3
olt_team_7,olt_team_8,8,7,7,8
olt_team_7,rain_standard,9,6,6,9
olt_team_7,team_0,8,7,7,8
olt_team_8,rain_standard,11,4,4,11
olt_team_8,team_0,10,5,5,10
rain_standard,team_0,6,9,9,6
OFF_PREMO_MOLTRES,OFF_PREMO_OGER,16,9,9,16
OFF_PREMO_MOLTRES,OFF_PREMO_drag,14,11,11,14
OFF_PREMO_MOLTRES,OFF_PREMO_gliscor,7,18,18,7
OFF_PREMO_MOLTRES,PREMO_modified_gw,15,10,10,15
OFF_PREMO_MOLTRES,encore_val,14,11,11,14
OFF_PREMO_MOLTRES,olt_team_1,14,11,11,14
OFF_PREMO_MOLTRES,olt_team_7,17,8,8,17
OFF_PREMO_MOLTRES,olt_team_8,14,11,11,14
OFF_PREMO_MOLTRES,team_0,9,16,16,9
OFF_PREMO_OGER,OFF_PREMO_drag,11,14,14,11
OFF_PREMO_OGER,OFF_PREMO_gliscor,9,16,16,9
OFF_PREMO_OGER,PREMO_modified_gw,16,9,9,16
OFF_PREMO_OGER,encore_val,12,13,13,12
OFF_PREMO_OGER,olt_team_1,14,11,11,14
OFF_PREMO_OGER,olt_team_7,17,8,8,17
OFF_PREMO_OGER,olt_team_8,8,17,17,8
OFF_PREMO_OGER,team_0,10,15,15,10
OFF_PREMO_drag,OFF_PREMO_gliscor,8,17,17,8
OFF_PREMO_drag,PREMO_modified_gw,15,10,10,15
OFF_PREMO_drag,encore_val,16,9,9,16
OFF_PREMO_drag,olt_team_1,13,12,12,13
OFF_PREMO_drag,olt_team_7,19,6,6,19
OFF_PREMO_drag,olt_team_8,16,9,9,16
OFF_PREMO_drag,team_0,10,15,15,10
OFF_PREMO_gliscor,PREMO_modified_gw,10,15,15,10
OFF_PREMO_gliscor,encore_val,14,11,11,14
OFF_PREMO_gliscor,olt_team_1,8,17,17,8
OFF_PREMO_gliscor,olt_team_7,17,8,8,17
OFF_PREMO_gliscor,olt_team_8,11,14,14,11
OFF_PREMO_gliscor,team_0,12,13,13,12
PREMO_modified_gw,encore_val,10,15,15,10
PREMO_modified_gw,olt_team_1,15,10,10,15
PREMO_modified_gw,olt_team_7,8,17,17,8
PREMO_modified_gw,olt_team_8,14,11,11,14
PREMO_modified_gw,team_0,5,20,20,5
encore_val,olt_team_1,10,15,15,10
encore_val,olt_team_7,13,12,12,13
encore_val,olt_team_8,8,17,17,8
encore_val,team_0,16,9,9,16
olt_team_1,olt_team_7,12,13,13,12
olt_team_1,olt_team_8,10,15,15,10
olt_team_1,team_0,10,15,15,10
olt_team_7,olt_team_8,15,10,10,15
olt_team_7,team_0,9,16,16,9
olt_team_8,team_0,15,10,10,15
arcanine_hisui_latio,haxorus,6,4,4,6
arcanine_hisui_latio,infernape_ursa,6,4,4,6
arcanine_hisui_latio,jolteon,5,5,5,5
arcanine_hisui_latio,lokix_indigo_dis,4,6,6,4
arcanine_hisui_latio,ogerpon_weavile,9,1,1,9
arcanine_hisui_latio,rainbow,1,9,9,1
arcanine_hisui_latio,sand_rotomw,6,4,4,6
haxorus,infernape_ursa,8,2,2,8
haxorus,jolteon,3,7,7,3
haxorus,lokix_indigo_dis,5,5,5,5
haxorus,ogerpon_weavile,8,2,2,8
haxorus,rainbow,0,10,10,0
haxorus,sand_rotomw,4,6,6,4
infernape_ursa,jolteon,2,8,8,2
infernape_ursa,lokix_indigo_dis,4,6,6,4
infernape_ursa,ogerpon_weavile,3,7,7,3
infernape_ursa,rainbow,3,7,7,3
infernape_ursa,sand_rotomw,1,9,9,1
jolteon,lokix_indigo_dis,9,1,1,9
jolteon,ogerpon_weavile,7,3,3,7
jolteon,rainbow,6,4,4,6
jolteon,sand_rotomw,3,7,7,3
lokix_indigo_dis,ogerpon_weavile,7,3,3,7
lokix_indigo_dis,rainbow,2,8,8,2
lokix_indigo_dis,sand_rotomw,6,4,4,6
ogerpon_weavile,rainbow,1,9,9,1
ogerpon_weavile,sand_rotomw,3,7,7,3
rainbow,sand_rotomw,4,6,6,4
BAL_rillaboom,OFF_PREMO_analytics_smogon,2,1,1,2
BAL_rillaboom,PREMO_modified_gw,2,3,3,2
BAL_rillaboom,PREMO_modified_gw_rilla_heatran,2,3,3,2
BAL_rillaboom,arcanine_hisui_latio,2,3,3,2
BAL_rillaboom,blaziken_bb,2,3,3,2
BAL_rillaboom,encore_val,1,4,4,1
BAL_rillaboom,jolteon,2,3,3,2
BAL_rillaboom,mimikyu_sudo,2,3,3,2
BAL_rillaboom,olt_team_1,3,2,2,3
BAL_rillaboom,olt_team_3,3,2,2,3
BAL_rillaboom,olt_team_7,0,5,5,0
BAL_rillaboom,olt_team_8,0,5,5,0
BAL_rillaboom,rainbow,4,1,1,4
BAL_rillaboom,sand_rotomw,2,3,3,2
OFF_Life_Orb_Deoxys_Offense_by_Shaymin_Sky,OFF_PREMO_analytics_smogon,1,2,2,1
OFF_Life_Orb_Deoxys_Offense_by_Shaymin_Sky,PREMO_modified_gw,1,4,4,1
OFF_Life_Orb_Deoxys_Offense_by_Shaymin_Sky,PREMO_modified_gw_rilla_heatran,3,2,2,3
OFF_Life_Orb_Deoxys_Offense_by_Shaymin_Sky,arcanine_hisui_latio,5,0,0,5
OFF_Life_Orb_Deoxys_Offense_by_Shaymin_Sky,blaziken_bb,5,0,0,5
OFF_Life_Orb_Deoxys_Offense_by_Shaymin_Sky,encore_val,2,3,3,2
OFF_Life_Orb_Deoxys_Offense_by_Shaymin_Sky,jolteon,4,1,1,4
OFF_Life_Orb_Deoxys_Offense_by_Shaymin_Sky,mimikyu_sudo,3,2,2,3
OFF_Life_Orb_Deoxys_Offense_by_Shaymin_Sky,olt_team_1,0,5,5,0
OFF_Life_Orb_Deoxys_Offense_by_Shaymin_Sky,olt_team_3,4,1,1,4
OFF_Life_Orb_Deoxys_Offense_by_Shaymin_Sky,olt_team_7,0,5,5,0
OFF_Life_Orb_Deoxys_Offense_by_Shaymin_Sky,olt_team_8,3,2,2,3
OFF_Life_Orb_Deoxys_Offense_by_Shaymin_Sky,rainbow,4,1,1,4
OFF_Life_Orb_Deoxys_Offense_by_Shaymin_Sky,sand_rotomw,2,3,3,2
OFF_PREMO,OFF_PREMO_analytics_smogon,3,0,0,3
OFF_PREMO,OFF_PREMO_gliscor,2,3,3,2
OFF_PREMO,PREMO_modified_gw,1,4,4,1
OFF_PREMO,PREMO_modified_gw_rilla_heatran,3,2,2,3
OFF_PREMO,arcanine_hisui_latio,2,3,3,2
OFF_PREMO,blaziken_bb,1,4,4,1
OFF_PREMO,encore_val,1,4,4,1
OFF_PREMO,jolteon,1,4,4,1
OFF_PREMO,mimikyu_sudo,2,3,3,2
OFF_PREMO,olt_team_1,4,1,1,4
OFF_PREMO,olt_team_3,5,0,0,5
OFF_PREMO,olt_team_7,3,2,2,3
OFF_PREMO,olt_team_8,3,2,2,3
OFF_PREMO,rainbow,2,3,3,2
OFF_PREMO,sand_rotomw,3,2,2,3
OFF_PREMO_MOLTRES,OFF_PREMO_analytics_smogon,2,1,1,2
OFF_PREMO_MOLTRES,arcanine_hisui_latio,1,4,4,1
OFF_PREMO_MOLTRES,jolteon,2,3,3,2
OFF_PREMO_MOLTRES,rainbow,4,1,1,4
OFF_PREMO_MOLTRES,sand_rotomw,4,1,1,4
OFF_PREMO_OGER,OFF_PREMO_analytics_smogon,1,2,2,1
OFF_PREMO_OGER,arcanine_hisui_latio,2,3,3,2
OFF_PREMO_OGER,jolteon,3,2,2,3
OFF_PREMO_OGER,rainbow,3,2,2,3
OFF_PREMO_OGER,sand_rotomw,3,2,2,3
OFF_PREMO_analytics_smogon,OFF_PREMO_drag,1,2,2,1
OFF_PREMO_analytics_smogon,OFF_PREMO_gliscor,3,2,2,3
OFF_PREMO_analytics_smogon,OFF_Taunt_Ogerpon-W_Specs_Dragapult_Offense_by_xavgb,0,3,3,0
OFF_PREMO_analytics_smogon,PREMO_modified_gw,3,2,2,3
OFF_PREMO_analytics_smogon,PREMO_modified_gw_rilla_heatran,0,5,5,0
OFF_PREMO_analytics_smogon,arcanine_hisui_latio,1,4,4,1
OFF_PREMO_analytics_smogon,blaziken_bb,1,4,4,1
OFF_PREMO_analytics_smogon,encore_val,1,4,4,1
OFF_PREMO_analytics_smogon,jolteon,1,4,4,1
OFF_PREMO_analytics_smogon,mimikyu_sudo,3,2,2,3
OFF_PREMO_analytics_smogon,olt_team_1,0,5,5,0
OFF_PREMO_analytics_smogon,olt_team_3,1,4,4,1
OFF_PREMO_analytics_smogon,olt_team_7,2,3,3,2
OFF_PREMO_analytics_smogon,olt_team_8,2,3,3,2
OFF_PREMO_analytics_smogon,rainbow,3,2,2,3
OFF_PREMO_analytics_smogon,sand_rotomw,1,4,4,1
OFF_PREMO_analytics_smogon,team_0,3,0,0,3
OFF_PREMO_drag,arcanine_hisui_latio,4,1,1,4
OFF_PREMO_drag,jolteon,3,2,2,3
OFF_PREMO_drag,rainbow,4,1,1,4
OFF_PREMO_drag,sand_rotomw,3,2,2,3
OFF_PREMO_gliscor,arcanine_hisui_latio,4,1,1,4
OFF_PREMO_gliscor,jolteon,4,1,1,4
OFF_PREMO_gliscor,rainbow,3,2,2,3
OFF_PREMO_gliscor,sand_rotomw,4,1,1,4
OFF_Taunt_Ogerpon-W_Specs_Dragapult_Offense_by_xavgb,PREMO_modified_gw,1,4,4,1
OFF_Taunt_Ogerpon-W_Specs_Dragapult_Offense_by_xavgb,PREMO_modified_gw_rilla_heatran,5,0,0,5
OFF_Taunt_Ogerpon-W_Specs_Dragapult_Offense_by_xavgb,arcanine_hisui_latio,5,0,0,5
OFF_Taunt_Ogerpon-W_Specs_Dragapult_Offense_by_xavgb,blaziken_bb,1,4,4,1
OFF_Taunt_Ogerpon-W_Specs_Dragapult_Offense_by_xavgb,encore_val,2,3,3,2
OFF_Taunt_Ogerpon-W_Specs_Dragapult_Offense_by_xavgb,jolteon,3,2,2,3
OFF_Taunt_Ogerpon-W_Specs_Dragapult_Offense_by_xavgb,mimikyu_sudo,1,4,4,1
OFF_Taunt_Ogerpon-W_Specs_Dragapult_Offense_by_xavgb,olt_team_1,3,2,2,3
OFF_Taunt_Ogerpon-W_Specs_Dragapult_Offense_by_xavgb,olt_team_3,1,4,4,1
OFF_Taunt_Ogerpon-W_Specs_Dragapult_Offense_by_xavgb,olt_team_7,1,4,4,1
OFF_Taunt_Ogerpon-W_Specs_Dragapult_Offense_by_xavgb,olt_team_8,1,4,4,1
OFF_Taunt_Ogerpon-W_Specs_Dragapult_Offense_by_xavgb,rainbow,2,3,3,2
OFF_Taunt_Ogerpon-W_Specs_Dragapult_Offense_by_xavgb,sand_rotomw,3,2,2,3
PREMO_modified_gw,arcanine_hisui_latio,2,3,3,2
PREMO_modified_gw,jolteon,2,3,3,2
PREMO_modified_gw,rainbow,2,3,3,2
PREMO_modified_gw,sand_rotomw,2,3,3,2
PREMO_modified_gw_rilla_heatran,arcanine_hisui_latio,4,1,1,4
PREMO_modified_gw_rilla_heatran,jolteon,2,3,3,2
PREMO_modified_gw_rilla_heatran,rainbow,1,4,4,1
PREMO_modified_gw_rilla_heatran,sand_rotomw,2,3,3,2
arcanine_hisui_latio,blaziken_bb,4,1,1,4
arcanine_hisui_latio,encore_val,0,5,5,0
arcanine_hisui_latio,mimikyu_sudo,3,2,2,3
arcanine_hisui_latio,olt_team_1,0,5,5,0
arcanine_hisui_latio,olt_team_3,1,4,4,1
arcanine_hisui_latio,olt_team_7,1,4,4,1
arcanine_hisui_latio,olt_team_8,3,2,2,3
arcanine_hisui_latio,team_0,3,2,2,3
blaziken_bb,jolteon,2,3,3,2
blaziken_bb,rainbow,2,3,3,2
blaziken_bb,sand_rotomw,1,4,4,1
encore_val,jolteon,2,3,3,2
encore_val,rainbow,4,1,1,4
encore_val,sand_rotomw,2,3,3,2
jolteon,mimikyu_sudo,3,2,2,3
jolteon,olt_team_1,2,3,3,2
jolteon,olt_team_3,5,0,0,5
jolteon,olt_team_7,1,4,4,1
jolteon,olt_team_8,3,2,2,3
jolteon,team_0,0,5,5,0
mimikyu_sudo,rainbow,2,3,3,2
mimikyu_sudo,sand_rotomw,4,1,1,4
olt_team_1,rainbow,1,4,4,1
olt_team_1,sand_rotomw,1,4,4,1
olt_team_3,rainbow,3,2,2,3
olt_team_3,sand_rotomw,1,4,4,1
olt_team_7,rainbow,2,3,3,2
olt_team_7,sand_rotomw,4,1,1,4
olt_team_8,rainbow,3,2,2,3
olt_team_8,sand_rotomw,4,1,1,4
rainbow,team_0,2,3,3,2
sand_rotomw,team_0,2,3,3,2
OFF_PREMO_MOLTRES,jolteon,4,11,11,4
OFF_PREMO_MOLTRES,rainbow,9,6,6,9
OFF_PREMO_drag,jolteon,10,5,5,10
OFF_PREMO_drag,rainbow,10,5,5,10
OFF_PREMO_gliscor,jolteon,12,3,3,12
OFF_PREMO_gliscor,rainbow,11,4,4,11
PREMO_modified_gw,jolteon,5,10,10,5
PREMO_modified_gw,rainbow,10,5,5,10
encore_val,jolteon,5,10,10,5
encore_val,rainbow,12,3,3,12
jolteon,olt_team_1,5,10,10,5
jolteon,olt_team_7,8,7,7,8
jolteon,olt_team_8,6,9,9,6
jolteon,rainbow,7,3,3,7
jolteon,team_0,7,8,8,7
olt_team_1,rainbow,6,9,9,6
olt_team_7,rainbow,11,4,4,11
olt_team_8,rainbow,8,7,7,8
rainbow,team_0,6,9,9,6
OFF_PREMO_MOLTRES,jolteon,8,22,22,8
OFF_PREMO_drag,jolteon,21,9,9,21
OFF_PREMO_gliscor,jolteon,21,9,9,21
PREMO_modified_gw,jolteon,11,19,19,11
encore_val,jolteon,8,22,22,8
jolteon,olt_team_1,19,11,11,19
jolteon,olt_team_7,11,19,19,11
jolteon,olt_team_8,17,13,13,17
jolteon,team_0,7,23,23,7
OFF_PREMO_MOLTRES,OFF_PREMO_drag,14,36,36,14
OFF_PREMO_MOLTRES,OFF_PREMO_gliscor,10,40,40,10
OFF_PREMO_MOLTRES,PREMO_modified_gw,23,27,27,23
OFF_PREMO_MOLTRES,jolteon,19,31,31,19
OFF_PREMO_MOLTRES,olt_team_7,23,27,27,23
OFF_PREMO_MOLTRES,olt_team_8,30,20,20,30
OFF_PREMO_MOLTRES,team_0,20,30,30,20
OFF_PREMO_drag,OFF_PREMO_gliscor,31,19,19,31
OFF_PREMO_drag,PREMO_modified_gw,31,19,19,31
OFF_PREMO_drag,jolteon,30,20,20,30
OFF_PREMO_drag,olt_team_7,38,12,12,38
OFF_PREMO_drag,olt_team_8,20,30,30,20
OFF_PREMO_drag,team_0,14,36,36,14
OFF_PREMO_gliscor,PREMO_modified_gw,19,31,31,19
OFF_PREMO_gliscor,jolteon,36,14,14,36
OFF_PREMO_gliscor,olt_team_7,32,18,18,32
OFF_PREMO_gliscor,olt_team_8,21,29,29,21
OFF_PREMO_gliscor,team_0,26,24,24,26
PREMO_modified_gw,jolteon,17,33,33,17
PREMO_modified_gw,olt_team_7,18,32,32,18
PREMO_modified_gw,olt_team_8,31,19,19,31
PREMO_modified_gw,team_0,20,30,30,20
jolteon,olt_team_7,16,34,34,16
jolteon,olt_team_8,18,32,32,18
jolteon,team_0,12,38,38,12
olt_team_7,olt_team_8,30,20,20,30
olt_team_7,team_0,23,27,27,23
olt_team_8,team_0,37,13,13,37
OFF_PREMO_MOLTRES,OPPONENT_agent,1,0,0,1
OFF_PREMO_OGER,OPPONENT_agent,1,0,0,1
OFF_PREMO_drag,OPPONENT_agent,1,0,0,1
OFF_PREMO_gliscor,OPPONENT_agent,0,1,1,0
OPPONENT_agent,PREMO_modified_gw,0,1,1,0
OPPONENT_agent,encore_val,0,1,1,0
OPPONENT_agent,jolteon,0,1,1,0
OPPONENT_agent,olt_team_1,1,0,0,1
OPPONENT_agent,olt_team_7,0,1,1,0
OPPONENT_agent,olt_team_8,0,1,1,0
OPPONENT_agent,sand_rotomw,1,0,0,1
OPPONENT_agent,team_0,1,0,0,1
OFF_PREMO_MOLTRES,OPPONENT_agent,6,3,3,6
OFF_PREMO_MOLTRES,sand_rotomw,2,3,3,2
OFF_PREMO_OGER,OPPONENT_agent,3,6,6,3
OFF_PREMO_OGER,jolteon,3,2,2,3
OFF_PREMO_OGER,sand_rotomw,3,2,2,3
OFF_PREMO_drag,OPPONENT_agent,5,4,4,5
OFF_PREMO_drag,sand_rotomw,3,2,2,3
OFF_PREMO_gliscor,OPPONENT_agent,2,7,7,2
OFF_PREMO_gliscor,sand_rotomw,5,0,0,5
OPPONENT_agent,PREMO_modified_gw,4,5,5,4
OPPONENT_agent,encore_val,6,3,3,6
OPPONENT_agent,jolteon,5,4,4,5
OPPONENT_agent,olt_team_1,5,4,4,5
OPPONENT_agent,olt_team_7,6,3,3,6
OPPONENT_agent,olt_team_8,1,8,8,1
OPPONENT_agent,sand_rotomw,5,4,4,5
OPPONENT_agent,team_0,1,8,8,1
PREMO_modified_gw,sand_rotomw,4,1,1,4
encore_val,sand_rotomw,1,4,4,1
olt_team_1,sand_rotomw,2,3,3,2
olt_team_7,sand_rotomw,3,2,2,3
olt_team_8,sand_rotomw,5,0,0,5
sand_rotomw,team_0,2,3,3,2
OFF_PREMO_MOLTRES,OPPONENT_agent,9,6,6,9
OFF_PREMO_OGER,OPPONENT_agent,8,7,7,8
OFF_PREMO_drag,OPPONENT_agent,7,8,8,7
OFF_PREMO_gliscor,OPPONENT_agent,5,10,10,5
OPPONENT_agent,PREMO_modified_gw,3,12,12,3
OPPONENT_agent,encore_val,4,11,11,4
OPPONENT_agent,jolteon,3,12,12,3
OPPONENT_agent,olt_team_1,5,10,10,5
OPPONENT_agent,olt_team_7,7,8,8,7
OPPONENT_agent,olt_team_8,3,12,12,3
OPPONENT_agent,sand_rotomw,10,5,5,10
OPPONENT_agent,team_0,5,10,10,5
OFF_PREMO_MOLTRES,OPPONENT_agent,17,8,8,17
OFF_PREMO_OGER,OPPONENT_agent,15,10,10,15
OFF_PREMO_drag,OPPONENT_agent,11,14,14,11
OFF_PREMO_gliscor,OPPONENT_agent,10,15,15,10
OPPONENT_agent,PREMO_modified_gw,7,18,18,7
OPPONENT_agent,encore_val,12,13,13,12
OPPONENT_agent,jolteon,10,15,15,10
OPPONENT_agent,olt_team_1,2,23,23,2
OPPONENT_agent,olt_team_7,9,16,16,9
OPPONENT_agent,olt_team_8,5,20,20,5
OPPONENT_agent,sand_rotomw,9,16,16,9
OPPONENT_agent,team_0,6,19,19,6
OFF_PREMO_MOLTRES,OPPONENT_agent,34,16,16,34
OFF_PREMO_OGER,OPPONENT_agent,35,15,15,35
OFF_PREMO_drag,OPPONENT_agent,20,30,30,20
OFF_PREMO_gliscor,OPPONENT_agent,12,38,38,12
OPPONENT_agent,PREMO_modified_gw,9,41,41,9
OPPONENT_agent,encore_val,23,27,27,23
OPPONENT_agent,jolteon,16,34,34,16
OPPONENT_agent,olt_team_1,16,34,34,16
OPPONENT_agent,olt_team_7,19,31,31,19
OPPONENT_agent,olt_team_8,10,40,40,10
OPPONENT_agent,sand_rotomw,15,35,35,15
OPPONENT_agent,team_0,16,34,34,16
OPPONENT_agent,olt_team_8,2,3,3,2
OPPONENT_agent,olt_team_8,1,0,0,1
OPPONENT_agent,olt_team_8,0,1,1,0
OFF_PREMO_MOLTRES,olt_xii_sun_ctc,20,5,5,20
OFF_PREMO_MOLTRES,olt_xii_volcanion_stack,15,10,10,15
OFF_PREMO_MOLTRES,sand_rotomw,10,5,5,10
OFF_PREMO_OGER,jolteon,10,5,5,10
OFF_PREMO_OGER,olt_xii_sun_ctc,18,7,7,18
OFF_PREMO_OGER,olt_xii_volcanion_stack,16,9,9,16
OFF_PREMO_OGER,sand_rotomw,8,7,7,8
OFF_PREMO_drag,olt_xii_sun_ctc,21,4,4,21
OFF_PREMO_drag,olt_xii_volcanion_stack,18,7,7,18
OFF_PREMO_drag,sand_rotomw,2,13,13,2
OFF_PREMO_gliscor,olt_xii_sun_ctc,11,14,14,11
OFF_PREMO_gliscor,olt_xii_volcanion_stack,17,8,8,17
OFF_PREMO_gliscor,sand_rotomw,9,6,6,9
OPPONENT_agent,olt_xii_sun_ctc,15,10,10,15
OPPONENT_agent,olt_xii_volcanion_stack,16,9,9,16
PREMO_modified_gw,olt_xii_sun_ctc,20,5,5,20
PREMO_modified_gw,olt_xii_volcanion_stack,16,9,9,16
PREMO_modified_gw,sand_rotomw,12,3,3,12
encore_val,olt_xii_sun_ctc,21,4,4,21
encore_val,olt_xii_volcanion_stack,16,9,9,16
encore_val,sand_rotomw,6,9,9,6
jolteon,olt_xii_sun_ctc,16,9,9,16
jolteon,olt_xii_volcanion_stack,13,12,12,13
jolteon,sand_rotomw,6,9,9,6
olt_team_1,olt_xii_sun_ctc,20,5,5,20
olt_team_1,olt_xii_volcanion_stack,18,7,7,18
olt_team_1,sand_rotomw,7,8,8,7
olt_team_7,olt_xii_sun_ctc,18,7,7,18
olt_team_7,olt_xii_volcanion_stack,9,16,16,9
olt_team_7,sand_rotomw,13,2,2,13
olt_team_8,olt_xii_sun_ctc,15,10,10,15
olt_team_8,olt_xii_volcanion_stack,15,10,10,15
olt_team_8,sand_rotomw,9,6,6,9
olt_xii_sun_ctc,olt_xii_volcanion_stack,15,10,10,15
olt_xii_sun_ctc,sand_rotomw,4,21,21,4
olt_xii_sun_ctc,team_0,2,23,23,2
olt_xii_volcanion_stack,sand_rotomw,19,6,6,19
olt_xii_volcanion_stack,team_0,15,10,10,15
sand_rotomw,team_0,6,9,9,6
OFF_PREMO_drag,olt_reconstructed_blaziken,1,4,4,1
OFF_PREMO_drag,olt_reconstructed_mimikyu,4,1,1,4
OFF_PREMO_drag,olt_reconstructed_veil,4,1,1,4
OFF_PREMO_drag,olt_reconstructed_volcanion_deoxys,4,1,1,4
OFF_PREMO_gliscor,olt_reconstructed_blaziken,2,3,3,2
OFF_PREMO_gliscor,olt_reconstructed_mimikyu,3,2,2,3
OFF_PREMO_gliscor,olt_reconstructed_veil,4,1,1,4
OFF_PREMO_gliscor,olt_reconstructed_volcanion_deoxys,3,2,2,3
OPPONENT_agent,olt_reconstructed_blaziken,1,4,4,1
OPPONENT_agent,olt_reconstructed_mimikyu,3,2,2,3
OPPONENT_agent,olt_reconstructed_veil,4,1,1,4
OPPONENT_agent,olt_reconstructed_volcanion_deoxys,2,3,3,2
PREMO_modified_gw,olt_reconstructed_blaziken,3,2,2,3
PREMO_modified_gw,olt_reconstructed_mimikyu,4,1,1,4
PREMO_modified_gw,olt_reconstructed_veil,4,1,1,4
PREMO_modified_gw,olt_reconstructed_volcanion_deoxys,4,1,1,4
encore_val,olt_reconstructed_blaziken,2,3,3,2
encore_val,olt_reconstructed_mimikyu,5,0,0,5
encore_val,olt_reconstructed_veil,3,2,2,3
encore_val,olt_reconstructed_volcanion_deoxys,3,2,2,3
olt_reconstructed_blaziken,olt_reconstructed_mimikyu,4,1,1,4
olt_reconstructed_blaziken,olt_reconstructed_veil,0,5,5,0
olt_reconstructed_blaziken,olt_reconstructed_volcanion_deoxys,3,2,2,3
olt_reconstructed_blaziken,olt_team_1,3,2,2,3
olt_reconstructed_blaziken,olt_team_7,3,2,2,3
olt_reconstructed_blaziken,olt_team_8,3,2,2,3
olt_reconstructed_blaziken,team_0,1,4,4,1
olt_reconstructed_mimikyu,olt_reconstructed_veil,3,2,2,3
olt_reconstructed_mimikyu,olt_reconstructed_volcanion_deoxys,1,4,4,1
olt_reconstructed_mimikyu,olt_team_1,3,2,2,3
olt_reconstructed_mimikyu,olt_team_7,1,4,4,1
olt_reconstructed_mimikyu,olt_team_8,4,1,1,4
olt_reconstructed_mimikyu,team_0,1,4,4,1
olt_reconstructed_veil,olt_reconstructed_volcanion_deoxys,2,3,3,2
olt_reconstructed_veil,olt_team_1,1,4,4,1
olt_reconstructed_veil,olt_team_7,3,2,2,3
olt_reconstructed_veil,olt_team_8,2,3,3,2
olt_reconstructed_veil,team_0,1,4,4,1
olt_reconstructed_volcanion_deoxys,olt_team_1,2,3,3,2
olt_reconstructed_volcanion_deoxys,olt_team_7,1,4,4,1
olt_reconstructed_volcanion_deoxys,olt_team_8,4,1,1,4
olt_reconstructed_volcanion_deoxys,team_0,3,2,2,3
OFF_PREMO_drag,olt_reconstructed_rilla_hoopa,3,2,2,3
OFF_PREMO_drag,olt_reconstructed_blaziken,4,1,1,4
OFF_PREMO_drag,olt_reconstructed_mimikyu,5,0,0,5
OFF_PREMO_drag,olt_reconstructed_rilla_hoopa,2,3,3,2
OFF_PREMO_drag,olt_reconstructed_veil,1,4,4,1
OFF_PREMO_drag,olt_reconstructed_volcanion_deoxys,3,2,2,3
OFF_PREMO_drag,olt_reconstructed_zarude,6,4,4,6
OFF_PREMO_gliscor,olt_reconstructed_blaziken,3,2,2,3
OFF_PREMO_gliscor,olt_reconstructed_mimikyu,5,0,0,5
OFF_PREMO_gliscor,olt_reconstructed_rilla_hoopa,10,0,0,10
OFF_PREMO_gliscor,olt_reconstructed_veil,2,3,3,2
OFF_PREMO_gliscor,olt_reconstructed_volcanion_deoxys,5,0,0,5
OFF_PREMO_gliscor,olt_reconstructed_zarude,7,3,3,7
OPPONENT_agent,olt_reconstructed_blaziken,5,0,0,5
OPPONENT_agent,olt_reconstructed_mimikyu,4,1,1,4
OPPONENT_agent,olt_reconstructed_rilla_hoopa,4,6,6,4
OPPONENT_agent,olt_reconstructed_veil,2,3,3,2
OPPONENT_agent,olt_reconstructed_volcanion_deoxys,1,4,4,1
OPPONENT_agent,olt_reconstructed_zarude,7,3,3,7
PREMO_modified_gw,olt_reconstructed_blaziken,2,3,3,2
PREMO_modified_gw,olt_reconstructed_mimikyu,5,0,0,5
PREMO_modified_gw,olt_reconstructed_rilla_hoopa,5,5,5,5
PREMO_modified_gw,olt_reconstructed_veil,2,3,3,2
PREMO_modified_gw,olt_reconstructed_volcanion_deoxys,5,0,0,5
PREMO_modified_gw,olt_reconstructed_zarude,7,3,3,7
encore_val,olt_reconstructed_blaziken,3,2,2,3
encore_val,olt_reconstructed_mimikyu,5,0,0,5
encore_val,olt_reconstructed_rilla_hoopa,5,5,5,5
encore_val,olt_reconstructed_veil,3,2,2,3
encore_val,olt_reconstructed_volcanion_deoxys,5,0,0,5
encore_val,olt_reconstructed_zarude,8,2,2,8
olt_reconstructed_blaziken,olt_reconstructed_mimikyu,1,4,4,1
olt_reconstructed_blaziken,olt_reconstructed_rilla_hoopa,8,2,2,8
olt_reconstructed_blaziken,olt_reconstructed_veil,2,3,3,2
olt_reconstructed_blaziken,olt_reconstructed_volcanion_deoxys,2,3,3,2
olt_reconstructed_blaziken,olt_reconstructed_zarude,6,4,4,6
olt_reconstructed_blaziken,olt_team_1,3,2,2,3
olt_reconstructed_blaziken,olt_team_7,3,2,2,3
olt_reconstructed_blaziken,olt_team_8,5,0,0,5
olt_reconstructed_blaziken,team_0,0,5,5,0
olt_reconstructed_mimikyu,olt_reconstructed_rilla_hoopa,4,6,6,4
olt_reconstructed_mimikyu,olt_reconstructed_veil,2,3,3,2
olt_reconstructed_mimikyu,olt_reconstructed_volcanion_deoxys,0,5,5,0
olt_reconstructed_mimikyu,olt_reconstructed_zarude,7,3,3,7
olt_reconstructed_mimikyu,olt_team_1,2,3,3,2
olt_reconstructed_mimikyu,olt_team_7,2,3,3,2
olt_reconstructed_mimikyu,olt_team_8,2,3,3,2
olt_reconstructed_mimikyu,team_0,2,3,3,2
olt_reconstructed_rilla_hoopa,olt_reconstructed_veil,4,6,6,4
olt_reconstructed_rilla_hoopa,olt_reconstructed_volcanion_deoxys,1,9,9,1
olt_reconstructed_rilla_hoopa,olt_reconstructed_zarude,6,4,4,6
olt_reconstructed_rilla_hoopa,olt_team_1,3,7,7,3
olt_reconstructed_rilla_hoopa,olt_team_7,8,2,2,8
olt_reconstructed_rilla_hoopa,olt_team_8,4,6,6,4
olt_reconstructed_rilla_hoopa,team_0,4,6,6,4
olt_reconstructed_veil,olt_reconstructed_volcanion_deoxys,3,2,2,3
olt_reconstructed_veil,olt_reconstructed_zarude,9,1,1,9
olt_reconstructed_veil,olt_team_1,1,4,4,1
olt_reconstructed_veil,olt_team_7,2,3,3,2
olt_reconstructed_veil,olt_team_8,2,3,3,2
olt_reconstructed_veil,team_0,2,3,3,2
olt_reconstructed_volcanion_deoxys,olt_reconstructed_zarude,9,1,1,9
olt_reconstructed_volcanion_deoxys,olt_team_1,3,2,2,3
olt_reconstructed_volcanion_deoxys,olt_team_7,1,4,4,1
olt_reconstructed_volcanion_deoxys,olt_team_8,4,1,1,4
olt_reconstructed_volcanion_deoxys,team_0,2,3,3,2
olt_reconstructed_zarude,olt_team_1,2,8,8,2
olt_reconstructed_zarude,olt_team_7,6,4,4,6
olt_reconstructed_zarude,olt_team_8,3,7,7,3
olt_reconstructed_zarude,team_0,5,5,5,5
OFF_PREMO_drag,olt_reconstructed_blaziken,4,6,6,4
OFF_PREMO_drag,olt_reconstructed_mimikyu,7,3,3,7
OFF_PREMO_drag,olt_reconstructed_rilla_hoopa,7,3,3,7
OFF_PREMO_drag,olt_reconstructed_veil,1,9,9,1
OFF_PREMO_drag,olt_reconstructed_volcanion_deoxys,7,3,3,7
OFF_PREMO_drag,olt_reconstructed_zarude,7,3,3,7
OFF_PREMO_gliscor,olt_reconstructed_blaziken,4,6,6,4
OFF_PREMO_gliscor,olt_reconstructed_mimikyu,7,3,3,7
OFF_PREMO_gliscor,olt_reconstructed_rilla_hoopa,9,1,1,9
OFF_PREMO_gliscor,olt_reconstructed_veil,7,3,3,7
OFF_PREMO_gliscor,olt_reconstructed_volcanion_deoxys,8,2,2,8
OFF_PREMO_gliscor,olt_reconstructed_zarude,5,5,5,5
OPPONENT_agent,olt_reconstructed_blaziken,8,2,2,8
OPPONENT_agent,olt_reconstructed_mimikyu,5,5,5,5
OPPONENT_agent,olt_reconstructed_rilla_hoopa,6,4,4,6
OPPONENT_agent,olt_reconstructed_veil,6,4,4,6
OPPONENT_agent,olt_reconstructed_volcanion_deoxys,2,8,8,2
OPPONENT_agent,olt_reconstructed_zarude,6,4,4,6
PREMO_modified_gw,olt_reconstructed_blaziken,5,5,5,5
PREMO_modified_gw,olt_reconstructed_mimikyu,8,2,2,8
PREMO_modified_gw,olt_reconstructed_rilla_hoopa,3,7,7,3
PREMO_modified_gw,olt_reconstructed_veil,6,4,4,6
PREMO_modified_gw,olt_reconstructed_volcanion_deoxys,5,5,5,5
PREMO_modified_gw,olt_reconstructed_zarude,7,3,3,7
encore_val,olt_reconstructed_blaziken,8,2,2,8
encore_val,olt_reconstructed_mimikyu,6,4,4,6
encore_val,olt_reconstructed_rilla_hoopa,8,2,2,8
encore_val,olt_reconstructed_veil,8,2,2,8
encore_val,olt_reconstructed_volcanion_deoxys,8,2,2,8
encore_val,olt_reconstructed_zarude,7,3,3,7
olt_reconstructed_blaziken,olt_reconstructed_mimikyu,2,8,8,2
olt_reconstructed_blaziken,olt_reconstructed_rilla_hoopa,7,3,3,7
olt_reconstructed_blaziken,olt_reconstructed_veil,2,8,8,2
olt_reconstructed_blaziken,olt_reconstructed_volcanion_deoxys,3,7,7,3
olt_reconstructed_blaziken,olt_reconstructed_zarude,8,2,2,8
olt_reconstructed_blaziken,olt_team_1,5,5,5,5
olt_reconstructed_blaziken,olt_team_7,7,3,3,7
olt_reconstructed_blaziken,olt_team_8,9,1,1,9
olt_reconstructed_blaziken,team_0,4,6,6,4
olt_reconstructed_mimikyu,olt_reconstructed_rilla_hoopa,6,4,4,6
olt_reconstructed_mimikyu,olt_reconstructed_veil,3,7,7,3
olt_reconstructed_mimikyu,olt_reconstructed_volcanion_deoxys,4,6,6,4
olt_reconstructed_mimikyu,olt_reconstructed_zarude,9,1,1,9
olt_reconstructed_mimikyu,olt_team_1,0,10,10,0
olt_reconstructed_mimikyu,olt_team_7,5,5,5,5
olt_reconstructed_mimikyu,olt_team_8,5,5,5,5
olt_reconstructed_mimikyu,team_0,6,4,4,6
olt_reconstructed_rilla_hoopa,olt_reconstructed_veil,8,2,2,8
olt_reconstructed_rilla_hoopa,olt_reconstructed_volcanion_deoxys,3,7,7,3
olt_reconstructed_rilla_hoopa,olt_reconstructed_zarude,3,7,7,3
olt_reconstructed_rilla_hoopa,olt_team_1,4,6,6,4
olt_reconstructed_rilla_hoopa,olt_team_7,8,2,2,8
olt_reconstructed_rilla_hoopa,olt_team_8,4,6,6,4
olt_reconstructed_rilla_hoopa,team_0,2,8,8,2
olt_reconstructed_veil,olt_reconstructed_volcanion_deoxys,3,7,7,3
olt_reconstructed_veil,olt_reconstructed_zarude,5,5,5,5
olt_reconstructed_veil,olt_team_1,3,7,7,3
olt_reconstructed_veil,olt_team_7,5,5,5,5
olt_reconstructed_veil,olt_team_8,5,5,5,5
olt_reconstructed_veil,team_0,5,5,5,5
olt_reconstructed_volcanion_deoxys,olt_reconstructed_zarude,8,2,2,8
olt_reconstructed_volcanion_deoxys,olt_team_1,6,4,4,6
olt_reconstructed_volcanion_deoxys,olt_team_7,3,7,7,3
olt_reconstructed_volcanion_deoxys,olt_team_8,6,4,4,6
olt_reconstructed_volcanion_deoxys,team_0,5,5,5,5
olt_reconstructed_zarude,olt_team_1,5,5,5,5
olt_reconstructed_zarude,olt_team_7,5,5,5,5
olt_reconstructed_zarude,olt_team_8,1,9,9,1
olt_reconstructed_zarude,team_0,4,6,6,4
OFF_PREMO_drag,olt_reconstructed_blaziken,7,3,3,7
OFF_PREMO_drag,olt_reconstructed_mimikyu,7,3,3,7
OFF_PREMO_drag,olt_reconstructed_rilla_hoopa,7,3,3,7
OFF_PREMO_drag,olt_reconstructed_veil,5,5,5,5
OFF_PREMO_drag,olt_reconstructed_volcanion_deoxys,7,3,3,7
OFF_PREMO_drag,olt_reconstructed_zarude,9,1,1,9
OFF_PREMO_gliscor,olt_reconstructed_blaziken,7,3,3,7
OFF_PREMO_gliscor,olt_reconstructed_mimikyu,6,4,4,6
OFF_PREMO_gliscor,olt_reconstructed_rilla_hoopa,10,0,0,10
OFF_PREMO_gliscor,olt_reconstructed_veil,7,3,3,7
OFF_PREMO_gliscor,olt_reconstructed_volcanion_deoxys,7,3,3,7
OFF_PREMO_gliscor,olt_reconstructed_zarude,8,2,2,8
OPPONENT_agent,olt_reconstructed_blaziken,6,4,4,6
OPPONENT_agent,olt_reconstructed_mimikyu,6,4,4,6
OPPONENT_agent,olt_reconstructed_rilla_hoopa,10,0,0,10
OPPONENT_agent,olt_reconstructed_veil,6,4,4,6
OPPONENT_agent,olt_reconstructed_volcanion_deoxys,8,2,2,8
OPPONENT_agent,olt_reconstructed_zarude,7,3,3,7
PREMO_modified_gw,olt_reconstructed_blaziken,9,1,1,9
PREMO_modified_gw,olt_reconstructed_mimikyu,9,1,1,9
PREMO_modified_gw,olt_reconstructed_rilla_hoopa,4,6,6,4
PREMO_modified_gw,olt_reconstructed_veil,7,3,3,7
PREMO_modified_gw,olt_reconstructed_volcanion_deoxys,5,5,5,5
PREMO_modified_gw,olt_reconstructed_zarude,6,4,4,6
encore_val,olt_reconstructed_blaziken,8,2,2,8
encore_val,olt_reconstructed_mimikyu,3,7,7,3
encore_val,olt_reconstructed_rilla_hoopa,7,3,3,7
encore_val,olt_reconstructed_veil,6,4,4,6
encore_val,olt_reconstructed_volcanion_deoxys,8,2,2,8
encore_val,olt_reconstructed_zarude,8,2,2,8
olt_reconstructed_blaziken,olt_reconstructed_mimikyu,3,7,7,3
olt_reconstructed_blaziken,olt_reconstructed_rilla_hoopa,7,3,3,7
olt_reconstructed_blaziken,olt_reconstructed_veil,0,10,10,0
olt_reconstructed_blaziken,olt_reconstructed_volcanion_deoxys,2,8,8,2
olt_reconstructed_blaziken,olt_reconstructed_zarude,6,4,4,6
olt_reconstructed_blaziken,olt_team_1,5,5,5,5
olt_reconstructed_blaziken,olt_team_7,5,5,5,5
olt_reconstructed_blaziken,olt_team_8,7,3,3,7
olt_reconstructed_blaziken,team_0,3,7,7,3
olt_reconstructed_mimikyu,olt_reconstructed_rilla_hoopa,6,4,4,6
olt_reconstructed_mimikyu,olt_reconstructed_veil,4,6,6,4
olt_reconstructed_mimikyu,olt_reconstructed_volcanion_deoxys,4,6,6,4
olt_reconstructed_mimikyu,olt_reconstructed_zarude,10,0,0,10
olt_reconstructed_mimikyu,olt_team_1,5,5,5,5
olt_reconstructed_mimikyu,olt_team_7,5,5,5,5
olt_reconstructed_mimikyu,olt_team_8,6,4,4,6
olt_reconstructed_mimikyu,team_0,4,6,6,4
olt_reconstructed_rilla_hoopa,olt_reconstructed_veil,5,5,5,5
olt_reconstructed_rilla_hoopa,olt_reconstructed_volcanion_deoxys,1,9,9,1
olt_reconstructed_rilla_hoopa,olt_reconstructed_zarude,7,3,3,7
olt_reconstructed_rilla_hoopa,olt_team_1,0,10,10,0
olt_reconstructed_rilla_hoopa,olt_team_7,5,5,5,5
olt_reconstructed_rilla_hoopa,olt_team_8,5,5,5,5
olt_reconstructed_rilla_hoopa,team_0,2,8,8,2
olt_reconstructed_veil,olt_reconstructed_volcanion_deoxys,5,5,5,5
olt_reconstructed_veil,olt_reconstructed_zarude,7,3,3,7
olt_reconstructed_veil,olt_team_1,1,9,9,1
olt_reconstructed_veil,olt_team_7,3,7,7,3
olt_reconstructed_veil,olt_team_8,3,7,7,3
olt_reconstructed_veil,team_0,4,6,6,4
olt_reconstructed_volcanion_deoxys,olt_reconstructed_zarude,7,3,3,7
olt_reconstructed_volcanion_deoxys,olt_team_1,6,4,4,6
olt_reconstructed_volcanion_deoxys,olt_team_7,6,4,4,6
olt_reconstructed_volcanion_deoxys,olt_team_8,6,4,4,6
olt_reconstructed_volcanion_deoxys,team_0,4,6,6,4
olt_reconstructed_zarude,olt_team_1,3,7,7,3
olt_reconstructed_zarude,olt_team_7,4,6,6,4
olt_reconstructed_zarude,olt_team_8,2,8,8,2
olt_reconstructed_zarude,team_0,4,6,6,4
OFF_PREMO_drag,olt_reconstructed_finals_bo,2,8,8,2
OFF_PREMO_drag,olt_reconstructed_finals_hoopaunbound,6,4,4,6
OFF_PREMO_drag,olt_reconstructed_finals_latias,9,1,1,9
OFF_PREMO_gliscor,olt_reconstructed_finals_bo,4,6,6,4
OFF_PREMO_gliscor,olt_reconstructed_finals_hoopaunbound,9,1,1,9
OFF_PREMO_gliscor,olt_reconstructed_finals_latias,5,5,5,5
OPPONENT_agent,olt_reconstructed_finals_bo,8,2,2,8
OPPONENT_agent,olt_reconstructed_finals_hoopaunbound,4,6,6,4
OPPONENT_agent,olt_reconstructed_finals_latias,3,7,7,3
PREMO_modified_gw,olt_reconstructed_finals_bo,6,4,4,6
PREMO_modified_gw,olt_reconstructed_finals_hoopaunbound,7,3,3,7
PREMO_modified_gw,olt_reconstructed_finals_latias,4,6,6,4
encore_val,olt_reconstructed_finals_bo,8,2,2,8
encore_val,olt_reconstructed_finals_hoopaunbound,6,4,4,6
encore_val,olt_reconstructed_finals_latias,5,5,5,5
olt_reconstructed_blaziken,olt_reconstructed_finals_bo,4,6,6,4
olt_reconstructed_blaziken,olt_reconstructed_finals_hoopaunbound,5,5,5,5
olt_reconstructed_blaziken,olt_reconstructed_finals_latias,1,9,9,1
olt_reconstructed_finals_bo,olt_reconstructed_finals_hoopaunbound,2,8,8,2
olt_reconstructed_finals_bo,olt_reconstructed_finals_latias,3,7,7,3
olt_reconstructed_finals_bo,olt_reconstructed_veil,1,9,9,1
olt_reconstructed_finals_bo,olt_reconstructed_volcanion_deoxys,7,3,3,7
olt_reconstructed_finals_bo,olt_reconstructed_zarude,8,2,2,8
olt_reconstructed_finals_bo,olt_team_1,3,7,7,3
olt_reconstructed_finals_bo,olt_team_7,4,6,6,4
olt_reconstructed_finals_bo,olt_team_8,7,3,3,7
olt_reconstructed_finals_bo,team_0,3,7,7,3
olt_reconstructed_finals_hoopaunbound,olt_reconstructed_finals_latias,3,7,7,3
olt_reconstructed_finals_hoopaunbound,olt_reconstructed_veil,2,8,8,2
olt_reconstructed_finals_hoopaunbound,olt_reconstructed_volcanion_deoxys,2,8,8,2
olt_reconstructed_finals_hoopaunbound,olt_reconstructed_zarude,4,6,6,4
olt_reconstructed_finals_hoopaunbound,olt_team_1,3,7,7,3
olt_reconstructed_finals_hoopaunbound,olt_team_7,2,8,8,2
olt_reconstructed_finals_hoopaunbound,olt_team_8,3,7,7,3
olt_reconstructed_finals_hoopaunbound,team_0,3,7,7,3
olt_reconstructed_finals_latias,olt_reconstructed_veil,6,4,4,6
olt_reconstructed_finals_latias,olt_reconstructed_volcanion_deoxys,6,4,4,6
olt_reconstructed_finals_latias,olt_reconstructed_zarude,7,3,3,7
olt_reconstructed_finals_latias,olt_team_1,8,2,2,8
olt_reconstructed_finals_latias,olt_team_7,7,3,3,7
olt_reconstructed_finals_latias,olt_team_8,8,2,2,8
olt_reconstructed_finals_latias,team_0,6,4,4,6
OFF_PREMO_drag,olt_reconstructed_finals_bo,10,5,5,10
OFF_PREMO_drag,olt_reconstructed_finals_latias,10,5,5,10
OFF_PREMO_gliscor,olt_reconstructed_finals_bo,5,10,10,5
OFF_PREMO_gliscor,olt_reconstructed_finals_latias,13,2,2,13
OPPONENT_agent,olt_reconstructed_finals_bo,12,3,3,12
OPPONENT_agent,olt_reconstructed_finals_latias,4,11,11,4
PREMO_modified_gw,olt_reconstructed_finals_bo,10,5,5,10
PREMO_modified_gw,olt_reconstructed_finals_latias,9,6,6,9
encore_val,olt_reconstructed_finals_bo,4,11,11,4
encore_val,olt_reconstructed_finals_latias,9,6,6,9
olt_reconstructed_blaziken,olt_reconstructed_finals_bo,11,4,4,11
olt_reconstructed_blaziken,olt_reconstructed_finals_latias,6,9,9,6
olt_reconstructed_finals_bo,olt_reconstructed_finals_latias,6,9,9,6
olt_reconstructed_finals_bo,olt_reconstructed_veil,1,14,14,1
olt_reconstructed_finals_bo,olt_reconstructed_volcanion_deoxys,14,1,1,14
olt_reconstructed_finals_bo,olt_reconstructed_zarude,14,1,1,14
olt_reconstructed_finals_bo,olt_team_1,3,12,12,3
olt_reconstructed_finals_bo,olt_team_7,3,12,12,3
olt_reconstructed_finals_bo,olt_team_8,8,7,7,8
olt_reconstructed_finals_bo,team_0,4,11,11,4
olt_reconstructed_finals_latias,olt_reconstructed_veil,5,10,10,5
olt_reconstructed_finals_latias,olt_reconstructed_volcanion_deoxys,9,6,6,9
olt_reconstructed_finals_latias,olt_reconstructed_zarude,12,3,3,12
olt_reconstructed_finals_latias,olt_team_1,8,7,7,8
olt_reconstructed_finals_latias,olt_team_7,7,8,8,7
olt_reconstructed_finals_latias,olt_team_8,8,7,7,8
olt_reconstructed_finals_latias,team_0,10,5,5,10
OFF_PREMO_drag,olt_reconstructed_blaziken,4,1,1,4
OFF_PREMO_drag,olt_reconstructed_finals_bo,7,3,3,7
OFF_PREMO_drag,olt_reconstructed_finals_latias,9,1,1,9
OFF_PREMO_drag,olt_reconstructed_veil,2,3,3,2
OFF_PREMO_drag,olt_reconstructed_volcanion_deoxys,3,2,2,3
OFF_PREMO_drag,olt_reconstructed_zarude,5,0,0,5
OFF_PREMO_gliscor,olt_reconstructed_blaziken,3,2,2,3
OFF_PREMO_gliscor,olt_reconstructed_finals_bo,3,7,7,3
OFF_PREMO_gliscor,olt_reconstructed_finals_latias,6,4,4,6
OFF_PREMO_gliscor,olt_reconstructed_veil,4,1,1,4
OFF_PREMO_gliscor,olt_reconstructed_volcanion_deoxys,4,1,1,4
OFF_PREMO_gliscor,olt_reconstructed_zarude,3,2,2,3
OPPONENT_agent,olt_reconstructed_blaziken,2,3,3,2
OPPONENT_agent,olt_reconstructed_finals_bo,3,7,7,3
OPPONENT_agent,olt_reconstructed_finals_latias,5,5,5,5
OPPONENT_agent,olt_reconstructed_veil,3,2,2,3
OPPONENT_agent,olt_reconstructed_volcanion_deoxys,1,4,4,1
OPPONENT_agent,olt_reconstructed_zarude,3,2,2,3
PREMO_modified_gw,olt_reconstructed_blaziken,4,1,1,4
PREMO_modified_gw,olt_reconstructed_finals_bo,7,3,3,7
PREMO_modified_gw,olt_reconstructed_finals_latias,5,5,5,5
PREMO_modified_gw,olt_reconstructed_veil,3,2,2,3
PREMO_modified_gw,olt_reconstructed_volcanion_deoxys,3,2,2,3
PREMO_modified_gw,olt_reconstructed_zarude,4,1,1,4
encore_val,olt_reconstructed_blaziken,2,3,3,2
encore_val,olt_reconstructed_finals_bo,3,7,7,3
encore_val,olt_reconstructed_finals_latias,5,5,5,5
encore_val,olt_reconstructed_veil,0,5,5,0
encore_val,olt_reconstructed_volcanion_deoxys,4,1,1,4
encore_val,olt_reconstructed_zarude,4,1,1,4
olt_reconstructed_blaziken,olt_reconstructed_finals_bo,7,3,3,7
olt_reconstructed_blaziken,olt_reconstructed_finals_latias,3,7,7,3
olt_reconstructed_blaziken,olt_reconstructed_veil,1,4,4,1
olt_reconstructed_blaziken,olt_reconstructed_volcanion_deoxys,2,3,3,2
olt_reconstructed_blaziken,olt_reconstructed_zarude,4,1,1,4
olt_reconstructed_blaziken,olt_team_1,3,2,2,3
olt_reconstructed_blaziken,olt_team_7,3,2,2,3
olt_reconstructed_blaziken,olt_team_8,4,1,1,4
olt_reconstructed_blaziken,team_0,1,4,4,1
olt_reconstructed_finals_bo,olt_reconstructed_finals_latias,5,5,5,5
olt_reconstructed_finals_bo,olt_reconstructed_veil,5,5,5,5
olt_reconstructed_finals_bo,olt_reconstructed_volcanion_deoxys,5,5,5,5
olt_reconstructed_finals_bo,olt_reconstructed_zarude,9,1,1,9
olt_reconstructed_finals_bo,olt_team_1,4,6,6,4
olt_reconstructed_finals_bo,olt_team_7,4,6,6,4
olt_reconstructed_finals_bo,olt_team_8,4,6,6,4
olt_reconstructed_finals_bo,team_0,2,8,8,2
olt_reconstructed_finals_latias,olt_reconstructed_veil,5,5,5,5
olt_reconstructed_finals_latias,olt_reconstructed_volcanion_deoxys,6,4,4,6
olt_reconstructed_finals_latias,olt_reconstructed_zarude,9,1,1,9
olt_reconstructed_finals_latias,olt_team_1,6,4,4,6
olt_reconstructed_finals_latias,olt_team_7,5,5,5,5
olt_reconstructed_finals_latias,olt_team_8,7,3,3,7
olt_reconstructed_finals_latias,team_0,6,4,4,6
olt_reconstructed_veil,olt_reconstructed_volcanion_deoxys,2,3,3,2
olt_reconstructed_veil,olt_reconstructed_zarude,5,0,0,5
olt_reconstructed_veil,olt_team_1,2,3,3,2
olt_reconstructed_veil,olt_team_7,4,1,1,4
olt_reconstructed_veil,olt_team_8,2,3,3,2
olt_reconstructed_veil,team_0,3,2,2,3
olt_reconstructed_volcanion_deoxys,olt_reconstructed_zarude,5,0,0,5
olt_reconstructed_volcanion_deoxys,olt_team_1,2,3,3,2
olt_reconstructed_volcanion_deoxys,olt_team_7,4,1,1,4
olt_reconstructed_volcanion_deoxys,olt_team_8,5,0,0,5
olt_reconstructed_volcanion_deoxys,team_0,4,1,1,4
olt_reconstructed_zarude,olt_team_1,2,3,3,2
olt_reconstructed_zarude,olt_team_7,3,2,2,3
olt_reconstructed_zarude,olt_team_8,1,4,4,1
olt_reconstructed_zarude,team_0,3,2,2,3
